queryId,query,shape,span,intent,mode,strategy,ndcg,recall,jaccard,kendallTau,rbo,judgedNdcg,judgedCoverage,queries,computeUnits,latencyMs,stripeMix
q001,dragons and ancient magic,Torso,StripeLocal,Lexical,Keyword,single-index,1,1,1,1,1,0.9552009891550426,1,1,0.000366667,64.2999,books-oracle2=10
q001,dragons and ancient magic,Torso,StripeLocal,Lexical,Keyword,naive-score,0.9629085021362713,0.9,0.8181818181818182,0.9444444444444444,0.8116712146622653,0.9552009891550426,1,2,0.000633333,60.754799999999996,books-genre-a=9 | books-genre-b=1
q001,dragons and ancient magic,Torso,StripeLocal,Lexical,Keyword,interleave,0.7084407197431325,0.5,0.3333333333333333,0.8,0.5062118724963371,0.7681678616449638,1,2,0.000633333,58.7131,books-genre-a=5 | books-genre-b=5
q001,dragons and ancient magic,Torso,StripeLocal,Lexical,Keyword,quota-merge,0.6909096678105691,0.5,0.3333333333333333,0.8,0.4790719996927523,0.7550899884054014,1,2,0.000633333,59.4785,books-genre-a=5 | books-genre-b=5
q001,dragons and ancient magic,Torso,StripeLocal,Lexical,Keyword,global-rrf,0.6909096678105691,0.5,0.3333333333333333,0.8,0.4790719996927523,0.7550899884054014,1,2,0.000633333,58.4917,books-genre-a=5 | books-genre-b=5
q001,dragons and ancient magic,Torso,StripeLocal,Lexical,Keyword,minmax-norm,0.7925325678431774,0.7,0.5384615384615384,0.9047619047619048,0.565706061685704,0.8360942634357769,1,2,0.000633333,60.0092,books-genre-a=7 | books-genre-b=3
q001,dragons and ancient magic,Torso,StripeLocal,Lexical,Keyword,zscore-norm,0.5281219527531784,0.6,0.42857142857142855,0.8666666666666667,0.35047891572584206,0.7297128784593798,1,2,0.000633333,60.065599999999996,books-genre-a=6 | books-genre-b=4
q001,dragons and ancient magic,Torso,StripeLocal,Lexical,Keyword,idf-correct-probe,0.9991728380361162,1,1,0.9111111111111111,0.8360095938284696,0.9552009891550426,1,10,0.00185,438.9356,books-genre-a=10
q001,dragons and ancient magic,Torso,StripeLocal,Lexical,Keyword,idf-correct-sidecar,0.9991728380361162,1,1,0.9111111111111111,0.8360095938284696,0.9552009891550426,1,2,0.000633333,58.9443,books-genre-a=10
q001,dragons and ancient magic,Torso,StripeLocal,Lexical,Keyword,global-bm25,0.8771243541894308,0.9,0.8181818181818182,0.5111111111111111,0.6328215507060201,0.9552009891550426,1,2,0.000633333,61.1581,books-genre-a=10
q002,a young wizard learning to control his powers at a school of magic,Torso,StripeLocal,Conceptual,Keyword,single-index,1,1,1,1,1,0.570030958498182,1,1,0.000433333,67.8499,books-oracle2=10
q002,a young wizard learning to control his powers at a school of magic,Torso,StripeLocal,Conceptual,Keyword,naive-score,0.9980574769566493,0.9,0.8181818181818182,0.9555555555555556,0.8369230657675014,0.5113651771585391,1,2,0.0008,63.8183,books-genre-a=10
q002,a young wizard learning to control his powers at a school of magic,Torso,StripeLocal,Conceptual,Keyword,interleave,0.7966314553710461,0.5,0.3333333333333333,0.23809523809523808,0.5151909214844783,0.37069561916209,1,2,0.0008,63.801,books-genre-a=5 | books-genre-b=5
q002,a young wizard learning to control his powers at a school of magic,Torso,StripeLocal,Conceptual,Keyword,quota-merge,0.7945659946822806,0.5,0.3333333333333333,0.23809523809523808,0.5103831744369417,0.36956700405261683,1,2,0.0008,63.8572,books-genre-a=5 | books-genre-b=5
q002,a young wizard learning to control his powers at a school of magic,Torso,StripeLocal,Conceptual,Keyword,global-rrf,0.7945659946822806,0.5,0.3333333333333333,0.23809523809523808,0.5103831744369417,0.36956700405261683,1,2,0.0008,63.817299999999996,books-genre-a=5 | books-genre-b=5
q002,a young wizard learning to control his powers at a school of magic,Torso,StripeLocal,Conceptual,Keyword,minmax-norm,0.6631586307193901,0.3,0.17647058823529413,-0.06666666666666667,0.3292653401917185,0.3270063394580173,1,2,0.0008,63.8583,books-genre-a=3 | books-genre-b=7
q002,a young wizard learning to control his powers at a school of magic,Torso,StripeLocal,Conceptual,Keyword,zscore-norm,0.7667171231977694,0.5,0.3333333333333333,0.047619047619047616,0.4517339093083947,0.3437006887362055,1,2,0.0008,63.8512,books-genre-a=5 | books-genre-b=5
q002,a young wizard learning to control his powers at a school of magic,Torso,StripeLocal,Conceptual,Keyword,idf-correct-probe,0.9980574769566493,0.9,0.8181818181818182,0.9555555555555556,0.8369230657675014,0.5113651771585391,1,14,0.0033833319999999997,593.0956,books-genre-a=10
q002,a young wizard learning to control his powers at a school of magic,Torso,StripeLocal,Conceptual,Keyword,idf-correct-sidecar,0.9980574769566493,0.9,0.8181818181818182,0.9555555555555556,0.8369230657675014,0.5113651771585391,1,2,0.0008,63.8705,books-genre-a=10
q002,a young wizard learning to control his powers at a school of magic,Torso,StripeLocal,Conceptual,Keyword,global-bm25,0.8213933596031457,0.7,0.5384615384615384,0.28888888888888886,0.47644263417770416,0.6186077453878425,1,2,0.0008,65.72579999999999,books-genre-a=10
q003,epic fantasy quest to destroy an artifact,Torso,StripeLocal,Mixed,Keyword,single-index,1,1,1,1,1,0.5432039763902979,1,1,0.000416667,70.1994,books-oracle2=10
q003,epic fantasy quest to destroy an artifact,Torso,StripeLocal,Mixed,Keyword,naive-score,0.7665187889687616,0.4,0.25,0.28888888888888886,0.41381367421001364,0.3481728954382533,1,2,0.000583334,68.8089,books-genre-a=4 | books-genre-b=6
q003,epic fantasy quest to destroy an artifact,Torso,StripeLocal,Mixed,Keyword,interleave,0.8075427686373078,0.5,0.3333333333333333,0.3333333333333333,0.46433271858770836,0.34832948246758877,1,2,0.000583334,68.9075,books-genre-a=5 | books-genre-b=5
q003,epic fantasy quest to destroy an artifact,Torso,StripeLocal,Mixed,Keyword,quota-merge,0.8060840015994168,0.5,0.3333333333333333,0.24444444444444444,0.45670137406780875,0.34971275731307544,1,2,0.000583334,68.7738,books-genre-a=5 | books-genre-b=5
q003,epic fantasy quest to destroy an artifact,Torso,StripeLocal,Mixed,Keyword,global-rrf,0.8060840015994168,0.5,0.3333333333333333,0.24444444444444444,0.45670137406780875,0.34971275731307544,1,2,0.000583334,68.8048,books-genre-a=5 | books-genre-b=5
q003,epic fantasy quest to destroy an artifact,Torso,StripeLocal,Mixed,Keyword,minmax-norm,0.7834321414757199,0.4,0.25,0.3333333333333333,0.4409535470135987,0.34886956348765324,1,2,0.000583334,68.8442,books-genre-a=4 | books-genre-b=6
q003,epic fantasy quest to destroy an artifact,Torso,StripeLocal,Mixed,Keyword,zscore-norm,0.8028005633286321,0.4,0.25,0.37777777777777777,0.4409535470135987,0.34886956348765324,1,2,0.000583334,68.8356,books-genre-a=4 | books-genre-b=6
q003,epic fantasy quest to destroy an artifact,Torso,StripeLocal,Mixed,Keyword,idf-correct-probe,0.8140902395613044,0.6,0.42857142857142855,0.37777777777777777,0.48520393667980755,0.37550413127258575,1,12,0.0025333329999999996,518.1913,books-genre-a=10
q003,epic fantasy quest to destroy an artifact,Torso,StripeLocal,Mixed,Keyword,idf-correct-sidecar,0.8140902395613044,0.6,0.42857142857142855,0.37777777777777777,0.48520393667980755,0.37550413127258575,1,2,0.000583334,68.8858,books-genre-a=10
q003,epic fantasy quest to destroy an artifact,Torso,StripeLocal,Mixed,Keyword,global-bm25,0.5424882870533627,0.5,0.3333333333333333,-0.07142857142857142,0.19705329012204018,0.3906836520535738,1,2,0.000583334,71.0873,books-genre-a=8 | books-genre-b=2
q004,vampires,Head,StripeLocal,Lexical,Keyword,single-index,1,1,1,1,1,1,1,1,0.000316667,77.8844,books-oracle2=10
q004,vampires,Head,StripeLocal,Lexical,Keyword,naive-score,0.6217500680296282,0.8,0.6666666666666666,0.9285714285714286,0.445494658302094,1,1,2,0.00030000000000000003,55.490399999999994,books-genre-a=8 | books-genre-b=2
q004,vampires,Head,StripeLocal,Lexical,Keyword,interleave,0.7003946037998063,0.5,0.3333333333333333,1,0.5062118724963371,1,1,2,0.00030000000000000003,55.482099999999996,books-genre-a=5 | books-genre-b=5
q004,vampires,Head,StripeLocal,Lexical,Keyword,quota-merge,0.6957971787073703,0.5,0.3333333333333333,1,0.49377278092890103,1,1,2,0.00030000000000000003,55.4632,books-genre-a=5 | books-genre-b=5
q004,vampires,Head,StripeLocal,Lexical,Keyword,global-rrf,0.6957971787073703,0.5,0.3333333333333333,1,0.49377278092890103,1,1,2,0.00030000000000000003,55.503,books-genre-a=5 | books-genre-b=5
q004,vampires,Head,StripeLocal,Lexical,Keyword,minmax-norm,0.8221588990043313,0.8,0.6666666666666666,0.9285714285714286,0.5912458270620873,1,1,2,0.00030000000000000003,55.573499999999996,books-genre-a=8 | books-genre-b=2
q004,vampires,Head,StripeLocal,Lexical,Keyword,zscore-norm,0.6217500680296282,0.8,0.6666666666666666,0.9285714285714286,0.445494658302094,1,1,2,0.00030000000000000003,55.5729,books-genre-a=8 | books-genre-b=2
q004,vampires,Head,StripeLocal,Lexical,Keyword,idf-correct-probe,0.999872026239713,1,1,0.9555555555555556,0.8515054104985265,1,1,4,0.000716667,146.7163,books-genre-a=10
q004,vampires,Head,StripeLocal,Lexical,Keyword,idf-correct-sidecar,0.999872026239713,1,1,0.9555555555555556,0.8515054104985265,1,1,2,0.00030000000000000003,55.5286,books-genre-a=10
q004,vampires,Head,StripeLocal,Lexical,Keyword,global-bm25,0.6711809046339259,0.6,0.42857142857142855,-0.06666666666666667,0.36148659853820764,1,1,2,0.00030000000000000003,57.585499999999996,books-genre-a=10
q005,haunted house that torments the family living in it,Torso,StripeLocal,Conceptual,Keyword,single-index,1,1,1,1,1,0.4040286019657557,1,1,0.000416667,68.1046,books-oracle2=10
q005,haunted house that torments the family living in it,Torso,StripeLocal,Conceptual,Keyword,naive-score,0.9889142500674626,0.8,0.6666666666666666,0.9111111111111111,0.8096612841564756,0.3579017305281834,1,2,0.000783333,64.4516,books-genre-a=7 | books-genre-b=3
q005,haunted house that torments the family living in it,Torso,StripeLocal,Conceptual,Keyword,interleave,0.9356799155679614,0.7,0.5384615384615384,0.5111111111111111,0.6028484184014076,0.4539956247887569,1,2,0.000783333,64.41390000000001,books-genre-a=5 | books-genre-b=5
q005,haunted house that torments the family living in it,Torso,StripeLocal,Conceptual,Keyword,quota-merge,0.9303187313638291,0.7,0.5384615384615384,0.37777777777777777,0.5772193486514291,0.45357334531673665,1,2,0.000783333,64.3987,books-genre-a=5 | books-genre-b=5
q005,haunted house that torments the family living in it,Torso,StripeLocal,Conceptual,Keyword,global-rrf,0.9303187313638291,0.7,0.5384615384615384,0.37777777777777777,0.5772193486514291,0.45357334531673665,1,2,0.000783333,64.42320000000001,books-genre-a=5 | books-genre-b=5
q005,haunted house that torments the family living in it,Torso,StripeLocal,Conceptual,Keyword,minmax-norm,0.9423594391688827,0.7,0.5384615384615384,0.6888888888888889,0.6502599781726972,0.4576591234202763,1,2,0.000783333,64.45800000000001,books-genre-a=5 | books-genre-b=5
q005,haunted house that torments the family living in it,Torso,StripeLocal,Conceptual,Keyword,zscore-norm,0.8352674609735625,0.7,0.5384615384615384,0.5111111111111111,0.5083400547901434,0.5013200943120254,1,2,0.000783333,64.4625,books-genre-a=5 | books-genre-b=5
q005,haunted house that torments the family living in it,Torso,StripeLocal,Conceptual,Keyword,idf-correct-probe,0.9900883909042084,0.9,0.8181818181818182,0.9111111111111111,0.8287950540890472,0.4073994878193981,1,12,0.002833334,520.2891,books-genre-a=9 | books-genre-b=1
q005,haunted house that torments the family living in it,Torso,StripeLocal,Conceptual,Keyword,idf-correct-sidecar,0.9894520758445774,0.9,0.8181818181818182,0.7777777777777778,0.8179776232320896,0.40130546040942294,1,2,0.000783333,64.4642,books-genre-a=9 | books-genre-b=1
q005,haunted house that torments the family living in it,Torso,StripeLocal,Conceptual,Keyword,global-bm25,0.5532349855625655,0.3,0.17647058823529413,-0.2,0.15836673972531534,0.4538657650286335,0.9,2,0.000783333,65.7042,books-genre-a=8 | books-genre-b=2
q006,generation starship colonists who forget they are on a ship,Tail,StripeLocal,Conceptual,Keyword,single-index,1,1,1,1,1,0.551890858532358,1,1,0.000383333,67.7906,books-oracle2=10
q006,generation starship colonists who forget they are on a ship,Tail,StripeLocal,Conceptual,Keyword,naive-score,0.9975182814016397,0.9,0.8181818181818182,0.9111111111111111,0.8412388239641873,0.504614984700117,1,2,0.00055,67.1714,books-genre-a=6 | books-genre-b=4
q006,generation starship colonists who forget they are on a ship,Tail,StripeLocal,Conceptual,Keyword,interleave,0.9728614358480029,0.8,0.6666666666666666,0.6,0.7057988555063832,0.47213800041165754,1,2,0.00055,67.15570000000001,books-genre-a=5 | books-genre-b=5
q006,generation starship colonists who forget they are on a ship,Tail,StripeLocal,Conceptual,Keyword,quota-merge,0.8983171686673751,0.8,0.6666666666666666,0.5111111111111111,0.6004730610381618,0.33129666458454726,1,2,0.00055,67.14620000000001,books-genre-a=5 | books-genre-b=5
q006,generation starship colonists who forget they are on a ship,Tail,StripeLocal,Conceptual,Keyword,global-rrf,0.8983171686673751,0.8,0.6666666666666666,0.5111111111111111,0.6004730610381618,0.33129666458454726,1,2,0.00055,67.16550000000001,books-genre-a=5 | books-genre-b=5
q006,generation starship colonists who forget they are on a ship,Tail,StripeLocal,Conceptual,Keyword,minmax-norm,0.9022429359596815,0.8,0.6666666666666666,0.6444444444444445,0.6334927058650249,0.33846393616823944,1,2,0.00055,67.2074,books-genre-a=5 | books-genre-b=5
q006,generation starship colonists who forget they are on a ship,Tail,StripeLocal,Conceptual,Keyword,zscore-norm,0.8947788859619364,0.8,0.6666666666666666,0.37777777777777777,0.5697592546988132,0.3225436802524481,1,2,0.00055,67.1974,books-genre-a=5 | books-genre-b=5
q006,generation starship colonists who forget they are on a ship,Tail,StripeLocal,Conceptual,Keyword,idf-correct-probe,0.9909363563750079,0.8,0.6666666666666666,1,0.8299081661099053,0.6198953150484586,1,12,0.002683332,526.9253,books-genre-a=9 | books-genre-b=1
q006,generation starship colonists who forget they are on a ship,Tail,StripeLocal,Conceptual,Keyword,idf-correct-sidecar,0.9955583580987839,0.9,0.8181818181818182,1,0.8444250490529637,0.5696063585042228,1,2,0.00055,67.2111,books-genre-a=8 | books-genre-b=2
q006,generation starship colonists who forget they are on a ship,Tail,StripeLocal,Conceptual,Keyword,global-bm25,0.8444486567104017,0.7,0.5384615384615384,0.28888888888888886,0.5091113947494365,0.8266804786190809,1,2,0.00055,68.43650000000001,books-genre-a=9 | books-genre-b=1
q007,artificial intelligence becomes self aware,Torso,StripeLocal,Mixed,Keyword,single-index,1,1,1,1,1,0.34081662086437614,1,1,0.0004,68.3375,books-oracle2=10
q007,artificial intelligence becomes self aware,Torso,StripeLocal,Mixed,Keyword,naive-score,0.9486126941124706,0.7,0.5384615384615384,0.37777777777777777,0.6220579385927515,0.41573656790700364,1,2,0.000733334,66.923,books-genre-a=6 | books-genre-b=4
q007,artificial intelligence becomes self aware,Torso,StripeLocal,Mixed,Keyword,interleave,0.8435934822264373,0.8,0.6666666666666666,0.2,0.5180590488850461,0.43949662818284796,1,2,0.000733334,66.9099,books-genre-a=5 | books-genre-b=5
q007,artificial intelligence becomes self aware,Torso,StripeLocal,Mixed,Keyword,quota-merge,0.8483382679080298,0.8,0.6666666666666666,0.24444444444444444,0.5312490270675884,0.4404601779918402,1,2,0.000733334,66.9018,books-genre-a=5 | books-genre-b=5
q007,artificial intelligence becomes self aware,Torso,StripeLocal,Mixed,Keyword,global-rrf,0.8483382679080298,0.8,0.6666666666666666,0.24444444444444444,0.5312490270675884,0.4404601779918402,1,2,0.000733334,66.9521,books-genre-a=5 | books-genre-b=5
q007,artificial intelligence becomes self aware,Torso,StripeLocal,Mixed,Keyword,minmax-norm,0.8149280665167223,0.7,0.5384615384615384,0.06666666666666667,0.48763999849566,0.5251786418126592,1,2,0.000733334,66.9617,books-genre-a=7 | books-genre-b=3
q007,artificial intelligence becomes self aware,Torso,StripeLocal,Mixed,Keyword,zscore-norm,0.9335526052007131,0.7,0.5384615384615384,0.28888888888888886,0.5817280876066242,0.43378367459937045,1,2,0.000733334,66.9442,books-genre-a=6 | books-genre-b=4
q007,artificial intelligence becomes self aware,Torso,StripeLocal,Mixed,Keyword,idf-correct-probe,0.9329569447884372,0.7,0.5384615384615384,0.24444444444444444,0.5769203405590876,0.4364171098548078,1,12,0.002883333,529.1736999999999,books-genre-a=6 | books-genre-b=4
q007,artificial intelligence becomes self aware,Torso,StripeLocal,Mixed,Keyword,idf-correct-sidecar,0.9329569447884372,0.7,0.5384615384615384,0.24444444444444444,0.5769203405590876,0.4364171098548078,1,2,0.000733334,66.9713,books-genre-a=6 | books-genre-b=4
q007,artificial intelligence becomes self aware,Torso,StripeLocal,Mixed,Keyword,global-bm25,0.6469720348028789,0.5,0.3333333333333333,0.6,0.39258427410433133,0.5340464003850138,1,2,0.000733334,68.2811,books-genre-a=7 | books-genre-b=3
q008,hard science fiction about terraforming Mars,Tail,StripeLocal,Mixed,Keyword,single-index,1,1,1,1,1,0.8948283072527992,1,1,0.000383333,71.3311,books-oracle2=10
q008,hard science fiction about terraforming Mars,Tail,StripeLocal,Mixed,Keyword,naive-score,0.939987157168564,0.9,0.8181818181818182,0.9111111111111111,0.7385599904451187,0.877456987450028,1,2,0.00055,64.9793,books-genre-a=8 | books-genre-b=2
q008,hard science fiction about terraforming Mars,Tail,StripeLocal,Mixed,Keyword,interleave,0.8196386598067033,0.6,0.42857142857142855,0.3333333333333333,0.4707762281794886,0.7621827327888693,1,2,0.00055,64.9623,books-genre-a=5 | books-genre-b=5
q008,hard science fiction about terraforming Mars,Tail,StripeLocal,Mixed,Keyword,quota-merge,0.8181601900168001,0.6,0.42857142857142855,0.28888888888888886,0.4631448836595891,0.7621827327888693,1,2,0.00055,64.9557,books-genre-a=5 | books-genre-b=5
q008,hard science fiction about terraforming Mars,Tail,StripeLocal,Mixed,Keyword,global-rrf,0.8181601900168001,0.6,0.42857142857142855,0.28888888888888886,0.4631448836595891,0.7621827327888693,1,2,0.00055,64.9709,books-genre-a=5 | books-genre-b=5
q008,hard science fiction about terraforming Mars,Tail,StripeLocal,Mixed,Keyword,minmax-norm,0.9194066954361231,0.7,0.5384615384615384,0.5555555555555556,0.6303121912068884,0.8607761330035307,1,2,0.00055,65.00609999999999,books-genre-a=6 | books-genre-b=4
q008,hard science fiction about terraforming Mars,Tail,StripeLocal,Mixed,Keyword,zscore-norm,0.8349450382428886,0.6,0.42857142857142855,0.3333333333333333,0.5218896720937805,0.630801386089185,1,2,0.00055,65.0141,books-genre-a=5 | books-genre-b=5
q008,hard science fiction about terraforming Mars,Tail,StripeLocal,Mixed,Keyword,idf-correct-probe,0.9423429491369721,0.9,0.8181818181818182,0.9555555555555556,0.7489095717022191,0.8781474528063019,1,14,0.003066665,614.5718999999999,books-genre-a=9 | books-genre-b=1
q008,hard science fiction about terraforming Mars,Tail,StripeLocal,Mixed,Keyword,idf-correct-sidecar,0.9423429491369721,0.9,0.8181818181818182,0.9555555555555556,0.7489095717022191,0.8781474528063019,1,2,0.00055,65.0208,books-genre-a=9 | books-genre-b=1
q008,hard science fiction about terraforming Mars,Tail,StripeLocal,Mixed,Keyword,global-bm25,0.9351320580919565,0.6,0.42857142857142855,0.8666666666666667,0.6524170048397888,0.9633932550978626,1,2,0.00055,66.369,books-genre-a=10
q009,cyberpunk hacker corporate dystopia,Torso,StripeLocal,Lexical,Keyword,single-index,1,1,1,1,1,0.6634805947499554,1,1,0.000283333,96.4382,books-oracle2=10
q009,cyberpunk hacker corporate dystopia,Torso,StripeLocal,Lexical,Keyword,naive-score,0.9442307409673631,0.9,0.8181818181818182,0.9555555555555556,0.7547244324892363,0.5938554612432191,1,2,0.000516667,62.669999999999995,books-genre-a=7 | books-genre-b=3
q009,cyberpunk hacker corporate dystopia,Torso,StripeLocal,Lexical,Keyword,interleave,0.9725820648509785,0.8,0.6666666666666666,0.7777777777777778,0.7436916135629673,0.5765625410653573,1,2,0.000516667,62.65,books-genre-a=5 | books-genre-b=5
q009,cyberpunk hacker corporate dystopia,Torso,StripeLocal,Lexical,Keyword,quota-merge,0.9168639356076707,0.8,0.6666666666666666,0.6444444444444445,0.635542221622383,0.5035565487217941,1,2,0.000516667,62.644,books-genre-a=5 | books-genre-b=5
q009,cyberpunk hacker corporate dystopia,Torso,StripeLocal,Lexical,Keyword,global-rrf,0.9168639356076707,0.8,0.6666666666666666,0.6444444444444445,0.635542221622383,0.5035565487217941,1,2,0.000516667,62.660799999999995,books-genre-a=5 | books-genre-b=5
q009,cyberpunk hacker corporate dystopia,Torso,StripeLocal,Lexical,Keyword,minmax-norm,0.9442307409673631,0.9,0.8181818181818182,0.9555555555555556,0.7547244324892363,0.5938554612432191,1,2,0.000516667,62.6943,books-genre-a=7 | books-genre-b=3
q009,cyberpunk hacker corporate dystopia,Torso,StripeLocal,Lexical,Keyword,zscore-norm,0.9330085913228031,0.9,0.8181818181818182,0.7333333333333333,0.697043056796713,0.5231229033575913,1,2,0.000516667,62.7136,books-genre-a=6 | books-genre-b=4
q009,cyberpunk hacker corporate dystopia,Torso,StripeLocal,Lexical,Keyword,idf-correct-probe,0.9377947660770964,0.8,0.6666666666666666,0.9555555555555556,0.7013208042316035,0.8323218380274555,1,10,0.002216666,414.8024,books-genre-a=9 | books-genre-b=1
q009,cyberpunk hacker corporate dystopia,Torso,StripeLocal,Lexical,Keyword,idf-correct-sidecar,0.9698229798116819,0.9,0.8181818181818182,0.8222222222222222,0.7367425634426484,0.7651233217600195,1,2,0.000516667,62.7149,books-genre-a=8 | books-genre-b=2
q009,cyberpunk hacker corporate dystopia,Torso,StripeLocal,Lexical,Keyword,global-bm25,0.6981676349316245,0.6,0.42857142857142855,0.4666666666666667,0.34955147707244516,0.9206500320722545,1,2,0.000516667,64.11869999999999,books-genre-a=10
q010,a locked room murder that seems impossible to have committed,Tail,StripeLocal,Conceptual,Keyword,single-index,1,1,1,1,1,0.6112837265210515,1,1,0.000383333,66.5264,books-oracle2=10
q010,a locked room murder that seems impossible to have committed,Tail,StripeLocal,Conceptual,Keyword,naive-score,0.984976797260741,0.9,0.8181818181818182,0.7333333333333333,0.7545282267532644,0.5450029056008572,1,2,0.0007,85.9913,books-genre-a=5 | books-genre-b=5
q010,a locked room murder that seems impossible to have committed,Tail,StripeLocal,Conceptual,Keyword,interleave,0.9378022618740759,0.9,0.8181818181818182,0.6,0.6677339083469256,0.526229769819898,1,2,0.0007,85.9793,books-genre-a=5 | books-genre-b=5
q010,a locked room murder that seems impossible to have committed,Tail,StripeLocal,Conceptual,Keyword,quota-merge,0.9421418731488821,0.9,0.8181818181818182,0.6888888888888889,0.7080637593330528,0.5051909521864552,1,2,0.0007,85.9731,books-genre-a=5 | books-genre-b=5
q010,a locked room murder that seems impossible to have committed,Tail,StripeLocal,Conceptual,Keyword,global-rrf,0.9421418731488821,0.9,0.8181818181818182,0.6888888888888889,0.7080637593330528,0.5051909521864552,1,2,0.0007,85.9916,books-genre-a=5 | books-genre-b=5
q010,a locked room murder that seems impossible to have committed,Tail,StripeLocal,Conceptual,Keyword,minmax-norm,0.9272717720842787,0.9,0.8181818181818182,0.7777777777777778,0.6494144942045057,0.6044761765220584,1,2,0.0007,86.0258,books-genre-a=6 | books-genre-b=4
q010,a locked room murder that seems impossible to have committed,Tail,StripeLocal,Conceptual,Keyword,zscore-norm,0.9938590948531995,0.9,0.8181818181818182,0.7333333333333333,0.7814419339501527,0.5874401692172434,1,2,0.0007,86.0301,books-genre-a=5 | books-genre-b=5
q010,a locked room murder that seems impossible to have committed,Tail,StripeLocal,Conceptual,Keyword,idf-correct-probe,0.9890869106650795,0.9,0.8181818181818182,0.9111111111111111,0.8085818067537378,0.6411600154484759,1,14,0.003116667,638.2174,books-genre-a=6 | books-genre-b=4
q010,a locked room murder that seems impossible to have committed,Tail,StripeLocal,Conceptual,Keyword,idf-correct-sidecar,0.9975081667223514,0.9,0.8181818181818182,0.7777777777777778,0.8269012208961576,0.566548731354966,1,2,0.0007,86.0853,books-genre-a=5 | books-genre-b=5
q010,a locked room murder that seems impossible to have committed,Tail,StripeLocal,Conceptual,Keyword,global-bm25,0.7386618919039348,0.6,0.42857142857142855,0.3333333333333333,0.4023836563824352,0.672115876025867,1,2,0.0007,87.3336,books-genre-a=6 | books-genre-b=4
q011,detective investigating a serial killer,Torso,StripeLocal,Mixed,Keyword,single-index,1,1,1,1,1,1,1,1,0.000716667,66.9136,books-oracle2=10
q011,detective investigating a serial killer,Torso,StripeLocal,Mixed,Keyword,naive-score,0.9399155744596093,0.8,0.6666666666666666,0.3333333333333333,0.6333000948274874,0.9458352203602566,1,2,0.000616667,61.1933,books-genre-a=8 | books-genre-b=2
q011,detective investigating a serial killer,Torso,StripeLocal,Mixed,Keyword,interleave,0.807945074535647,0.5,0.3333333333333333,0.14285714285714285,0.5211262674581525,0.9458352203602566,1,2,0.000616667,61.174,books-genre-a=5 | books-genre-b=5
q011,detective investigating a serial killer,Torso,StripeLocal,Mixed,Keyword,quota-merge,0.7966448749375341,0.5,0.3333333333333333,0.047619047619047616,0.49398639465456773,0.9371166382005486,1,2,0.000616667,61.1697,books-genre-a=5 | books-genre-b=5
q011,detective investigating a serial killer,Torso,StripeLocal,Mixed,Keyword,global-rrf,0.7966448749375341,0.5,0.3333333333333333,0.047619047619047616,0.49398639465456773,0.9371166382005486,1,2,0.000616667,61.1847,books-genre-a=5 | books-genre-b=5
q011,detective investigating a serial killer,Torso,StripeLocal,Mixed,Keyword,minmax-norm,0.8538001764726753,0.6,0.42857142857142855,0.21428571428571427,0.5553571302612637,0.9458352203602566,1,2,0.000616667,61.217,books-genre-a=6 | books-genre-b=4
q011,detective investigating a serial killer,Torso,StripeLocal,Mixed,Keyword,zscore-norm,0.7346876527383409,0.6,0.42857142857142855,0.14285714285714285,0.4373152546837725,0.9458352203602566,1,2,0.000616667,61.2091,books-genre-a=6 | books-genre-b=4
q011,detective investigating a serial killer,Torso,StripeLocal,Mixed,Keyword,idf-correct-probe,0.9920343182996518,0.9,0.8181818181818182,0.8666666666666667,0.7969767954723627,0.9432106656105237,1,10,0.002366666,420.0688,books-genre-a=10
q011,detective investigating a serial killer,Torso,StripeLocal,Mixed,Keyword,idf-correct-sidecar,0.9857145286953469,0.8,0.6666666666666666,0.8222222222222222,0.7772491618970699,0.94546789582947,1,2,0.000616667,61.262299999999996,books-genre-a=9 | books-genre-b=1
q011,detective investigating a serial killer,Torso,StripeLocal,Mixed,Keyword,global-bm25,0.5677610662265373,0.5,0.3333333333333333,0.1111111111111111,0.2920668083268932,0.9552009891550426,1,2,0.000616667,62.7159,books-genre-a=9 | books-genre-b=1
q012,espionage thriller cold war spy,Torso,StripeLocal,Lexical,Keyword,single-index,1,1,1,1,1,0.5617515023454048,1,1,0.000766667,91.2492,books-oracle2=10
q012,espionage thriller cold war spy,Torso,StripeLocal,Lexical,Keyword,naive-score,0.9807696767633975,0.8,0.6666666666666666,0.6,0.7496081594948284,0.5393229354219964,1,2,0.0007,62.6441,books-genre-a=6 | books-genre-b=4
q012,espionage thriller cold war spy,Torso,StripeLocal,Lexical,Keyword,interleave,0.946048439092496,0.7,0.5384615384615384,0.5111111111111111,0.6309782010612914,0.4882646879964014,1,2,0.0007,62.6291,books-genre-a=5 | books-genre-b=5
q012,espionage thriller cold war spy,Torso,StripeLocal,Lexical,Keyword,quota-merge,0.9430937194919026,0.7,0.5384615384615384,0.4222222222222222,0.6129804758312126,0.4869249331509181,1,2,0.0007,62.6238,books-genre-a=5 | books-genre-b=5
q012,espionage thriller cold war spy,Torso,StripeLocal,Lexical,Keyword,global-rrf,0.9430937194919026,0.7,0.5384615384615384,0.4222222222222222,0.6129804758312126,0.4869249331509181,1,2,0.0007,62.6415,books-genre-a=5 | books-genre-b=5
q012,espionage thriller cold war spy,Torso,StripeLocal,Lexical,Keyword,minmax-norm,0.8908041015206257,0.5,0.3333333333333333,0.6888888888888889,0.5463103333651234,0.42471134304329194,1,2,0.0007,62.677400000000006,books-genre-a=3 | books-genre-b=7
q012,espionage thriller cold war spy,Torso,StripeLocal,Lexical,Keyword,zscore-norm,0.9250821797566999,0.6,0.42857142857142855,0.5555555555555556,0.6018522202584622,0.48020699702281416,1,2,0.0007,62.6698,books-genre-a=4 | books-genre-b=6
q012,espionage thriller cold war spy,Torso,StripeLocal,Lexical,Keyword,idf-correct-probe,0.99469124894805,0.9,0.8181818181818182,0.9111111111111111,0.8213425872335146,0.5740163470111453,1,12,0.002616665,519.1467,books-genre-a=8 | books-genre-b=2
q012,espionage thriller cold war spy,Torso,StripeLocal,Lexical,Keyword,idf-correct-sidecar,0.99469124894805,0.9,0.8181818181818182,0.9111111111111111,0.8213425872335146,0.5740163470111453,1,2,0.0007,62.6942,books-genre-a=8 | books-genre-b=2
q012,espionage thriller cold war spy,Torso,StripeLocal,Lexical,Keyword,global-bm25,0.9372750760526952,0.6,0.42857142857142855,0.7333333333333333,0.6353871271025144,0.7469750214453318,1,2,0.0007,63.9754,books-genre-a=10
q013,teenagers forced to compete in a deadly televised game,Tail,StripeLocal,Conceptual,Keyword,single-index,1,1,1,1,1,0.6848420400615197,1,1,0.000783333,69.1048,books-oracle2=10
q013,teenagers forced to compete in a deadly televised game,Tail,StripeLocal,Conceptual,Keyword,naive-score,0.9974773690073312,1,1,0.7777777777777778,0.8135481068379841,0.680909339898937,1,2,0.0007,65.9727,books-genre-a=8 | books-genre-b=2
q013,teenagers forced to compete in a deadly televised game,Tail,StripeLocal,Conceptual,Keyword,interleave,0.9145988036771272,0.7,0.5384615384615384,0.4666666666666667,0.566978399855092,0.5170393563828395,1,2,0.0007,65.9657,books-genre-a=5 | books-genre-b=5
q013,teenagers forced to compete in a deadly televised game,Tail,StripeLocal,Conceptual,Keyword,quota-merge,0.8073729427853621,0.7,0.5384615384615384,0.37777777777777777,0.4588290079145074,0.43187733379573107,1,2,0.0007,65.956,books-genre-a=5 | books-genre-b=5
q013,teenagers forced to compete in a deadly televised game,Tail,StripeLocal,Conceptual,Keyword,global-rrf,0.8073729427853621,0.7,0.5384615384615384,0.37777777777777777,0.4588290079145074,0.43187733379573107,1,2,0.0007,65.97189999999999,books-genre-a=5 | books-genre-b=5
q013,teenagers forced to compete in a deadly televised game,Tail,StripeLocal,Conceptual,Keyword,minmax-norm,0.8365891308852192,0.8,0.6666666666666666,0.5111111111111111,0.548559588796247,0.4697463789984048,1,2,0.0007,66.00789999999999,books-genre-a=6 | books-genre-b=4
q013,teenagers forced to compete in a deadly televised game,Tail,StripeLocal,Conceptual,Keyword,zscore-norm,0.7841036005596332,0.8,0.6666666666666666,0.24444444444444444,0.43223811076095564,0.40722055614021346,1,2,0.0007,65.9966,books-genre-a=6 | books-genre-b=4
q013,teenagers forced to compete in a deadly televised game,Tail,StripeLocal,Conceptual,Keyword,idf-correct-probe,0.993227491060375,0.8,0.6666666666666666,0.9555555555555556,0.8162143598615184,0.7601849475443304,1,14,0.0033166660000000002,623.2701,books-genre-a=10
q013,teenagers forced to compete in a deadly televised game,Tail,StripeLocal,Conceptual,Keyword,idf-correct-sidecar,0.9954573353715277,0.9,0.8181818181818182,0.9555555555555556,0.8232948600587997,0.7484628282604714,1,2,0.0007,66.0129,books-genre-a=9 | books-genre-b=1
q013,teenagers forced to compete in a deadly televised game,Tail,StripeLocal,Conceptual,Keyword,global-bm25,0.5922227279569032,0.4,0.25,-0.16666666666666666,0.25636012537532854,0.45369542933379287,1,2,0.0007,67.3475,books-genre-a=9 | books-genre-b=1
q014,picture book about a bear,Torso,StripeLocal,Mixed,Keyword,single-index,1,1,1,1,1,0.8322318205090597,1,1,0.000383333,65.0349,books-oracle2=10
q014,picture book about a bear,Torso,StripeLocal,Mixed,Keyword,naive-score,0.9899328594827169,0.9,0.8181818181818182,0.8222222222222222,0.7789329246148508,0.7717588959086241,1,2,0.000716667,62.0417,books-genre-a=10
q014,picture book about a bear,Torso,StripeLocal,Mixed,Keyword,interleave,0.8737300438166508,0.5,0.3333333333333333,0.5111111111111111,0.5166600666607791,0.5062759381643054,1,2,0.000716667,62.0315,books-genre-a=5 | books-genre-b=5
q014,picture book about a bear,Torso,StripeLocal,Mixed,Keyword,quota-merge,0.7410757488260483,0.5,0.3333333333333333,0.28888888888888886,0.36337307668653074,0.4035540083908267,1,2,0.000716667,62.0116,books-genre-a=5 | books-genre-b=5
q014,picture book about a bear,Torso,StripeLocal,Mixed,Keyword,global-rrf,0.7410757488260483,0.5,0.3333333333333333,0.28888888888888886,0.36337307668653074,0.4035540083908267,1,2,0.000716667,62.0337,books-genre-a=5 | books-genre-b=5
q014,picture book about a bear,Torso,StripeLocal,Mixed,Keyword,minmax-norm,0.7754299547112751,0.7,0.5384615384615384,0.022222222222222223,0.4146042042050787,0.4741827650542913,1,2,0.000716667,62.1404,books-genre-a=7 | books-genre-b=3
q014,picture book about a bear,Torso,StripeLocal,Mixed,Keyword,zscore-norm,0.756677277277789,0.6,0.42857142857142855,0.06666666666666667,0.38126064330973763,0.40700877333646035,1,2,0.000716667,62.0604,books-genre-a=6 | books-genre-b=4
q014,picture book about a bear,Torso,StripeLocal,Mixed,Keyword,idf-correct-probe,0.9899328594827169,0.9,0.8181818181818182,0.8222222222222222,0.7789329246148508,0.7717588959086241,1,8,0.0020833329999999997,333.1658,books-genre-a=10
q014,picture book about a bear,Torso,StripeLocal,Mixed,Keyword,idf-correct-sidecar,0.9899328594827169,0.9,0.8181818181818182,0.8222222222222222,0.7789329246148508,0.7717588959086241,1,2,0.000716667,62.0537,books-genre-a=10
q014,picture book about a bear,Torso,StripeLocal,Mixed,Keyword,global-bm25,0.9665901821709879,0.9,0.8181818181818182,0.6,0.6959772891277886,0.9363792118010483,1,2,0.000716667,63.337,books-genre-a=10
q015,graphic novel superhero origin,Torso,StripeLocal,Lexical,Keyword,single-index,1,1,1,1,1,0.11670333437350464,1,1,0.0004,65.1665,books-oracle2=10
q015,graphic novel superhero origin,Torso,StripeLocal,Lexical,Keyword,naive-score,0.8256459947297558,0.9,0.8181818181818182,0.4666666666666667,0.5147356007122762,0.054111905525133626,1,2,0.000416667,59.0015,books-genre-a=8 | books-genre-b=2
q015,graphic novel superhero origin,Torso,StripeLocal,Lexical,Keyword,interleave,0.8807953129276782,0.7,0.5384615384615384,0.35714285714285715,0.5899217917021926,0.07224892789492658,1,2,0.000416667,58.9912,books-genre-a=5 | books-genre-b=5
q015,graphic novel superhero origin,Torso,StripeLocal,Lexical,Keyword,quota-merge,0.8668749349062964,0.7,0.5384615384615384,0.21428571428571427,0.5447841936685287,0.07555718854432678,1,2,0.000416667,58.9837,books-genre-a=5 | books-genre-b=5
q015,graphic novel superhero origin,Torso,StripeLocal,Lexical,Keyword,global-rrf,0.8668749349062964,0.7,0.5384615384615384,0.21428571428571427,0.5447841936685287,0.07555718854432678,1,2,0.000416667,59.0066,books-genre-a=5 | books-genre-b=5
q015,graphic novel superhero origin,Torso,StripeLocal,Lexical,Keyword,minmax-norm,0.9546786412948763,0.9,0.8181818181818182,0.5555555555555556,0.6458096200542013,0.056627410414501325,1,2,0.000416667,59.040699999999994,books-genre-a=7 | books-genre-b=3
q015,graphic novel superhero origin,Torso,StripeLocal,Lexical,Keyword,zscore-norm,0.8058776062169137,0.9,0.8181818181818182,0.2,0.4450155470030189,0.04464701646022091,1,2,0.000416667,59.0274,books-genre-a=7 | books-genre-b=3
q015,graphic novel superhero origin,Torso,StripeLocal,Lexical,Keyword,idf-correct-probe,0.987138517272135,0.8,0.6666666666666666,0.8666666666666667,0.8140880264312891,0.1154617753895542,1,10,0.001949999,425.4042,books-genre-a=10
q015,graphic novel superhero origin,Torso,StripeLocal,Lexical,Keyword,idf-correct-sidecar,0.987138517272135,0.8,0.6666666666666666,0.8666666666666667,0.8140880264312891,0.1154617753895542,1,2,0.000416667,59.0282,books-genre-a=10
q015,graphic novel superhero origin,Torso,StripeLocal,Lexical,Keyword,global-bm25,0.4291361966110593,0.1,0.05263157894736842,0.1111111111111111,0.06565631902921165,0.5753104985198066,1,2,0.000416667,60.4056,books-genre-a=10
q016,zombie apocalypse survival,Torso,StripeLocal,Lexical,Keyword,single-index,1,1,1,1,1,0.7948833326720564,0.9,1,0.00035,67.6335,books-oracle2=10
q016,zombie apocalypse survival,Torso,StripeLocal,Lexical,Keyword,naive-score,0.9859897004294192,0.9,0.8181818181818182,0.9111111111111111,0.8203569976195971,0.8611375561264454,0.9,2,0.000633333,55.235499999999995,books-genre-a=9 | books-genre-b=1
q016,zombie apocalypse survival,Torso,StripeLocal,Lexical,Keyword,interleave,0.8894543856682573,0.6,0.42857142857142855,0.37777777777777777,0.5456155940087939,0.613922656097634,0.9,2,0.000633333,55.2198,books-genre-a=5 | books-genre-b=5
q016,zombie apocalypse survival,Torso,StripeLocal,Lexical,Keyword,quota-merge,0.8785780757508201,0.6,0.42857142857142855,0.28888888888888886,0.5108443766853097,0.6105517702439915,0.9,2,0.000633333,55.212599999999995,books-genre-a=5 | books-genre-b=5
q016,zombie apocalypse survival,Torso,StripeLocal,Lexical,Keyword,global-rrf,0.8785780757508201,0.6,0.42857142857142855,0.28888888888888886,0.5108443766853097,0.6105517702439915,0.9,2,0.000633333,55.2266,books-genre-a=5 | books-genre-b=5
q016,zombie apocalypse survival,Torso,StripeLocal,Lexical,Keyword,minmax-norm,0.6633509371406627,0.2,0.1111111111111111,0.42857142857142855,0.3045836013287001,0.44250814745418743,1,2,0.000633333,55.2617,books-genre-a=1 | books-genre-b=9
q016,zombie apocalypse survival,Torso,StripeLocal,Lexical,Keyword,zscore-norm,0.8749714975667436,0.5,0.3333333333333333,0.4666666666666667,0.5425828050873795,0.5576898844076658,0.9,2,0.000633333,55.2615,books-genre-a=4 | books-genre-b=6
q016,zombie apocalypse survival,Torso,StripeLocal,Lexical,Keyword,idf-correct-probe,0.9938204516961735,0.9,0.8181818181818182,0.9555555555555556,0.8307185745681109,0.8066054519559154,0.9,8,0.0017833319999999999,326.2356,books-genre-a=10
q016,zombie apocalypse survival,Torso,StripeLocal,Lexical,Keyword,idf-correct-sidecar,0.9938204516961735,0.9,0.8181818181818182,0.9555555555555556,0.8307185745681109,0.8066054519559154,0.9,2,0.000633333,55.2615,books-genre-a=10
q016,zombie apocalypse survival,Torso,StripeLocal,Lexical,Keyword,global-bm25,0.9142663896074125,0.7,0.5384615384615384,0.5555555555555556,0.6116357778741339,0.9216017310213247,0.9,2,0.000633333,56.618199999999995,books-genre-a=10
q017,time travel paradox,Torso,StripeLocal,Lexical,Keyword,single-index,1,1,1,1,1,0.710866920603977,1,1,0.000366667,62.8522,books-oracle2=10
q017,time travel paradox,Torso,StripeLocal,Lexical,Keyword,naive-score,0.9987213295433853,0.9,0.8181818181818182,0.9555555555555556,0.8504347328623846,0.6756407995997635,1,2,0.000666666,58.1406,books-genre-a=7 | books-genre-b=3
q017,time travel paradox,Torso,StripeLocal,Lexical,Keyword,interleave,0.9557358413686933,0.8,0.6666666666666666,0.4666666666666667,0.643440549514284,0.6253891932565705,1,2,0.000666666,58.1295,books-genre-a=5 | books-genre-b=5
q017,time travel paradox,Torso,StripeLocal,Lexical,Keyword,quota-merge,0.9442849669075785,0.8,0.6666666666666666,0.3333333333333333,0.6038615851432629,0.614413380877916,1,2,0.000666666,58.1222,books-genre-a=5 | books-genre-b=5
q017,time travel paradox,Torso,StripeLocal,Lexical,Keyword,global-rrf,0.9442849669075785,0.8,0.6666666666666666,0.3333333333333333,0.6038615851432629,0.614413380877916,1,2,0.000666666,58.1385,books-genre-a=5 | books-genre-b=5
q017,time travel paradox,Torso,StripeLocal,Lexical,Keyword,minmax-norm,0.91682725918893,0.6,0.42857142857142855,0.6444444444444445,0.5902044128145447,0.487643160400974,1,2,0.000666666,58.1837,books-genre-a=3 | books-genre-b=7
q017,time travel paradox,Torso,StripeLocal,Lexical,Keyword,zscore-norm,0.9589624565174066,0.8,0.6666666666666666,0.4666666666666667,0.656952216609167,0.6231319630376242,1,2,0.000666666,58.167,books-genre-a=5 | books-genre-b=5
q017,time travel paradox,Torso,StripeLocal,Lexical,Keyword,idf-correct-probe,0.9987213295433853,0.9,0.8181818181818182,0.9555555555555556,0.8504347328623846,0.6756407995997635,1,8,0.0018166649999999999,319.77779999999996,books-genre-a=7 | books-genre-b=3
q017,time travel paradox,Torso,StripeLocal,Lexical,Keyword,idf-correct-sidecar,0.9984407950447133,0.9,0.8181818181818182,0.8666666666666667,0.8444250490529637,0.6745121844902905,1,2,0.000666666,58.1725,books-genre-a=7 | books-genre-b=3
q017,time travel paradox,Torso,StripeLocal,Lexical,Keyword,global-bm25,0.8550866153427683,0.7,0.5384615384615384,0.1111111111111111,0.5057542062060388,0.6184559392770701,1,2,0.000666666,59.5925,books-genre-a=5 | books-genre-b=5
q018,a girl who discovers she is the last of a magical bloodline,Tail,StripeLocal,Conceptual,Keyword,single-index,1,1,1,1,1,0.1474747185289789,1,1,0.0004,65.1369,books-oracle2=10
q018,a girl who discovers she is the last of a magical bloodline,Tail,StripeLocal,Conceptual,Keyword,naive-score,0.9639862628161299,0.7,0.5384615384615384,0.6888888888888889,0.7028343227600515,0.08891507256116751,1,2,0.00075,83.86580000000001,books-genre-a=3 | books-genre-b=7
q018,a girl who discovers she is the last of a magical bloodline,Tail,StripeLocal,Conceptual,Keyword,interleave,0.9774450214535924,0.7,0.5384615384615384,0.5111111111111111,0.7334284675732318,0.12726949277803018,1,2,0.00075,83.8116,books-genre-a=5 | books-genre-b=5
q018,a girl who discovers she is the last of a magical bloodline,Tail,StripeLocal,Conceptual,Keyword,quota-merge,0.9720528174187777,0.7,0.5384615384615384,0.5555555555555556,0.7062885947696469,0.11891000132272934,1,2,0.00075,83.8045,books-genre-a=5 | books-genre-b=5
q018,a girl who discovers she is the last of a magical bloodline,Tail,StripeLocal,Conceptual,Keyword,global-rrf,0.9720528174187777,0.7,0.5384615384615384,0.5555555555555556,0.7062885947696469,0.11891000132272934,1,2,0.00075,83.8214,books-genre-a=5 | books-genre-b=5
q018,a girl who discovers she is the last of a magical bloodline,Tail,StripeLocal,Conceptual,Keyword,minmax-norm,0.9489885885163234,0.7,0.5384615384615384,0.37777777777777777,0.6374250377586829,0.07783024017547861,1,2,0.00075,83.8592,books-genre-a=3 | books-genre-b=7
q018,a girl who discovers she is the last of a magical bloodline,Tail,StripeLocal,Conceptual,Keyword,zscore-norm,0.9695505101036699,0.7,0.5384615384615384,0.7333333333333333,0.7299741955636363,0.09579431006238402,1,2,0.00075,83.8495,books-genre-a=3 | books-genre-b=7
q018,a girl who discovers she is the last of a magical bloodline,Tail,StripeLocal,Conceptual,Keyword,idf-correct-probe,0.9737202307603907,0.8,0.6666666666666666,0.6,0.7238921040421065,0.16137144281217403,1,12,0.0027166660000000004,616.3589000000001,books-genre-a=8 | books-genre-b=2
q018,a girl who discovers she is the last of a magical bloodline,Tail,StripeLocal,Conceptual,Keyword,idf-correct-sidecar,0.9669705831214912,0.8,0.6666666666666666,0.4666666666666667,0.6923827117171444,0.16506638694073697,1,2,0.00075,83.8681,books-genre-a=8 | books-genre-b=2
q018,a girl who discovers she is the last of a magical bloodline,Tail,StripeLocal,Conceptual,Keyword,global-bm25,0.7475616660866713,0.4,0.25,0.42857142857142855,0.4632016323248409,0.20235643441374335,1,2,0.00075,85.2643,books-genre-a=5 | books-genre-b=5
q019,dystopian society divided into rigid factions,Torso,StripeLocal,Conceptual,Keyword,single-index,1,1,1,1,1,0.9202182025407148,1,1,0.000416667,66.4318,books-oracle2=10
q019,dystopian society divided into rigid factions,Torso,StripeLocal,Conceptual,Keyword,naive-score,0.9986175426626245,0.9,0.8181818181818182,0.9555555555555556,0.8453499962730144,0.9173414328953917,1,2,0.00075,69.6595,books-genre-a=10
q019,dystopian society divided into rigid factions,Torso,StripeLocal,Conceptual,Keyword,interleave,0.8251219508287946,0.5,0.3333333333333333,0.2857142857142857,0.5188820738311742,0.6594756915255859,1,2,0.00075,69.648,books-genre-a=5 | books-genre-b=5
q019,dystopian society divided into rigid factions,Torso,StripeLocal,Conceptual,Keyword,quota-merge,0.8163184726529362,0.5,0.3333333333333333,0.21428571428571427,0.4917422010275895,0.6442181727460966,1,2,0.00075,69.6429,books-genre-a=5 | books-genre-b=5
q019,dystopian society divided into rigid factions,Torso,StripeLocal,Conceptual,Keyword,global-rrf,0.8163184726529362,0.5,0.3333333333333333,0.21428571428571427,0.4917422010275895,0.6442181727460966,1,2,0.00075,69.65809999999999,books-genre-a=5 | books-genre-b=5
q019,dystopian society divided into rigid factions,Torso,StripeLocal,Conceptual,Keyword,minmax-norm,0.840107931525282,0.5,0.3333333333333333,0.5714285714285714,0.5554762027455065,0.6801809413844458,1,2,0.00075,69.69369999999999,books-genre-a=5 | books-genre-b=5
q019,dystopian society divided into rigid factions,Torso,StripeLocal,Conceptual,Keyword,zscore-norm,0.6675706877314813,0.5,0.3333333333333333,0.07142857142857142,0.3006596959288299,0.5399619710123384,1,2,0.00075,69.685,books-genre-a=5 | books-genre-b=5
q019,dystopian society divided into rigid factions,Torso,StripeLocal,Conceptual,Keyword,idf-correct-probe,0.9986175426626245,0.9,0.8181818181818182,0.9555555555555556,0.8453499962730144,0.9173414328953917,1,14,0.0031333330000000003,648.0912999999999,books-genre-a=10
q019,dystopian society divided into rigid factions,Torso,StripeLocal,Conceptual,Keyword,idf-correct-sidecar,0.9986175426626245,0.9,0.8181818181818182,0.9555555555555556,0.8453499962730144,0.9173414328953917,1,2,0.00075,69.70559999999999,books-genre-a=10
q019,dystopian society divided into rigid factions,Torso,StripeLocal,Conceptual,Keyword,global-bm25,0.9545836528926764,0.9,0.8181818181818182,0.4666666666666667,0.6643695692997552,0.9206500320722545,1,2,0.00075,70.9793,books-genre-a=10
q020,supernatural creatures hidden among ordinary people,Torso,StripeLocal,Conceptual,Keyword,single-index,1,1,1,1,1,0.439438913677779,1,1,0.000883333,66.9457,books-oracle2=10
q020,supernatural creatures hidden among ordinary people,Torso,StripeLocal,Conceptual,Keyword,naive-score,0.8157286430785342,0.6,0.42857142857142855,0.5238095238095238,0.5699642776097714,0.49618736412466186,1,2,0.0008,64.4655,books-genre-a=3 | books-genre-b=7
q020,supernatural creatures hidden among ordinary people,Torso,StripeLocal,Conceptual,Keyword,interleave,0.8459013016670919,0.5,0.3333333333333333,0.7142857142857143,0.6042327577381765,0.5043351842591801,1,2,0.0008,64.4551,books-genre-a=5 | books-genre-b=5
q020,supernatural creatures hidden among ordinary people,Torso,StripeLocal,Conceptual,Keyword,quota-merge,0.8435518839413816,0.5,0.3333333333333333,0.7142857142857143,0.6042327577381765,0.4930103656422737,1,2,0.0008,64.4491,books-genre-a=5 | books-genre-b=5
q020,supernatural creatures hidden among ordinary people,Torso,StripeLocal,Conceptual,Keyword,global-rrf,0.8435518839413816,0.5,0.3333333333333333,0.7142857142857143,0.6042327577381765,0.4930103656422737,1,2,0.0008,64.46470000000001,books-genre-a=5 | books-genre-b=5
q020,supernatural creatures hidden among ordinary people,Torso,StripeLocal,Conceptual,Keyword,minmax-norm,0.7895402087848707,0.4,0.25,0.7142857142857143,0.529184078295327,0.4267561421878846,1,2,0.0008,64.4971,books-genre-a=1 | books-genre-b=9
q020,supernatural creatures hidden among ordinary people,Torso,StripeLocal,Conceptual,Keyword,zscore-norm,0.8091731891130219,0.5,0.3333333333333333,0.7142857142857143,0.5837886536804766,0.4890776654796909,1,2,0.0008,64.49680000000001,books-genre-a=4 | books-genre-b=6
q020,supernatural creatures hidden among ordinary people,Torso,StripeLocal,Conceptual,Keyword,idf-correct-probe,0.829132261054563,0.6,0.42857142857142855,0.5111111111111111,0.4899355954764591,0.5456499838367149,1,14,0.0033666660000000004,610.6167,books-genre-a=10
q020,supernatural creatures hidden among ordinary people,Torso,StripeLocal,Conceptual,Keyword,idf-correct-sidecar,0.829132261054563,0.6,0.42857142857142855,0.5111111111111111,0.4899355954764591,0.5456499838367149,1,2,0.0008,64.4989,books-genre-a=10
q020,supernatural creatures hidden among ordinary people,Torso,StripeLocal,Conceptual,Keyword,global-bm25,0.5037829957516203,0.2,0.1111111111111111,0.5555555555555556,0.16581865946430147,0.9636452638863133,1,2,0.0008,65.83200000000001,books-genre-a=8 | books-genre-b=2
q021,Victorian England social class and marriage,Torso,StripeLocal,Mixed,Keyword,single-index,1,1,1,1,1,0.6007583535520957,1,1,0.000416667,92.7547,books-oracle2=10
q021,Victorian England social class and marriage,Torso,StripeLocal,Mixed,Keyword,naive-score,0.9437842729344204,0.8,0.6666666666666666,0.6111111111111112,0.7459657374914979,0.6591219060770006,1,2,0.00075,62.293800000000005,books-genre-a=3 | books-genre-b=7
q021,Victorian England social class and marriage,Torso,StripeLocal,Mixed,Keyword,interleave,0.8723219537767186,0.6,0.42857142857142855,0.5555555555555556,0.604762521171534,0.6402244943608075,1,2,0.00075,62.2819,books-genre-a=5 | books-genre-b=5
q021,Victorian England social class and marriage,Torso,StripeLocal,Mixed,Keyword,quota-merge,0.8238604840746687,0.6,0.42857142857142855,0.5555555555555556,0.5222421989809282,0.6939273690318826,1,2,0.00075,62.275,books-genre-a=5 | books-genre-b=5
q021,Victorian England social class and marriage,Torso,StripeLocal,Mixed,Keyword,global-rrf,0.8238604840746687,0.6,0.42857142857142855,0.5555555555555556,0.5222421989809282,0.6939273690318826,1,2,0.00075,62.292,books-genre-a=5 | books-genre-b=5
q021,Victorian England social class and marriage,Torso,StripeLocal,Mixed,Keyword,minmax-norm,0.9365815544069295,0.9,0.8181818181818182,0.7333333333333333,0.7131931952929303,0.7205390313226133,1,2,0.00075,62.3264,books-genre-a=1 | books-genre-b=9
q021,Victorian England social class and marriage,Torso,StripeLocal,Mixed,Keyword,zscore-norm,0.9268179887051892,0.7,0.5384615384615384,0.7222222222222222,0.7169411306242952,0.6867641631987568,1,2,0.00075,62.3187,books-genre-a=4 | books-genre-b=6
q021,Victorian England social class and marriage,Torso,StripeLocal,Mixed,Keyword,idf-correct-probe,0.9911780691883071,0.9,0.8181818181818182,0.7777777777777778,0.8137112427136154,0.6741222756514558,1,12,0.002866665,496.32300000000004,books-genre-a=1 | books-genre-b=9
q021,Victorian England social class and marriage,Torso,StripeLocal,Mixed,Keyword,idf-correct-sidecar,0.9911780691883071,0.9,0.8181818181818182,0.7777777777777778,0.8137112427136154,0.6741222756514558,1,2,0.00075,62.331900000000005,books-genre-a=1 | books-genre-b=9
q021,Victorian England social class and marriage,Torso,StripeLocal,Mixed,Keyword,global-bm25,0.6915359504824589,0.4,0.25,0.6444444444444445,0.38830501265891254,1,1,2,0.00075,63.6796,books-genre-b=10
q022,memoir of growing up in poverty,Torso,StripeLocal,Conceptual,Keyword,single-index,1,1,1,1,1,0.47436279060137065,1,1,0.000383333,71.6526,books-oracle2=10
q022,memoir of growing up in poverty,Torso,StripeLocal,Conceptual,Keyword,naive-score,0.9317493933857186,0.9,0.8181818181818182,0.8222222222222222,0.707473886425739,0.4263546096377192,1,2,0.000716667,62.9313,books-genre-a=2 | books-genre-b=8
q022,memoir of growing up in poverty,Torso,StripeLocal,Conceptual,Keyword,interleave,0.6554590093558837,0.6,0.42857142857142855,0.047619047619047616,0.3820955732418952,0.27849947524573787,1,2,0.000716667,62.920899999999996,books-genre-a=5 | books-genre-b=5
q022,memoir of growing up in poverty,Torso,StripeLocal,Conceptual,Keyword,quota-merge,0.7073455412183451,0.6,0.42857142857142855,0.14285714285714285,0.3897269177617947,0.28187036109938024,1,2,0.000716667,62.9127,books-genre-a=5 | books-genre-b=5
q022,memoir of growing up in poverty,Torso,StripeLocal,Conceptual,Keyword,global-rrf,0.7073455412183451,0.6,0.42857142857142855,0.14285714285714285,0.3897269177617947,0.28187036109938024,1,2,0.000716667,62.930299999999995,books-genre-a=5 | books-genre-b=5
q022,memoir of growing up in poverty,Torso,StripeLocal,Conceptual,Keyword,minmax-norm,0.8043182375887785,0.7,0.5384615384615384,0.35714285714285715,0.5250632301098102,0.306661002730461,1,2,0.000716667,62.9666,books-genre-a=4 | books-genre-b=6
q022,memoir of growing up in poverty,Torso,StripeLocal,Conceptual,Keyword,zscore-norm,0.7426385813990992,0.7,0.5384615384615384,0.14285714285714285,0.4827364069278905,0.29615868193489353,1,2,0.000716667,62.9554,books-genre-a=4 | books-genre-b=6
q022,memoir of growing up in poverty,Torso,StripeLocal,Conceptual,Keyword,idf-correct-probe,0.9382512333520892,0.8,0.6666666666666666,0.9111111111111111,0.7238313462748589,0.5510433319319006,1,10,0.0027,418.5257,books-genre-b=10
q022,memoir of growing up in poverty,Torso,StripeLocal,Conceptual,Keyword,idf-correct-sidecar,0.94284575441734,0.9,0.8181818181818182,0.9111111111111111,0.7383482292179173,0.4942539975424243,1,2,0.000716667,62.983799999999995,books-genre-a=1 | books-genre-b=9
q022,memoir of growing up in poverty,Torso,StripeLocal,Conceptual,Keyword,global-bm25,0.6225935191116608,0.4,0.25,-0.022222222222222223,0.21381073925427407,0.9636452638863133,1,2,0.000716667,64.3468,books-genre-b=10
q023,biography of a president,Torso,StripeLocal,Mixed,Keyword,single-index,1,1,1,1,1,0.4193979998881982,1,1,0.000266667,65.906,books-oracle2=10
q023,biography of a president,Torso,StripeLocal,Mixed,Keyword,naive-score,0.9804076930758296,0.9,0.8181818181818182,0.7333333333333333,0.7378303345696047,0.43154204541248453,1,2,0.00035,58.958,books-genre-a=1 | books-genre-b=9
q023,biography of a president,Torso,StripeLocal,Mixed,Keyword,interleave,0.7577582474601017,0.6,0.42857142857142855,0.35714285714285715,0.43611319278063626,0.2182040725223691,1,2,0.00035,58.9494,books-genre-a=5 | books-genre-b=5
q023,biography of a president,Torso,StripeLocal,Mixed,Keyword,quota-merge,0.8576871893688053,0.6,0.42857142857142855,0.42857142857142855,0.557452562903763,0.29943339494689475,1,2,0.00035,58.942,books-genre-a=5 | books-genre-b=5
q023,biography of a president,Torso,StripeLocal,Mixed,Keyword,global-rrf,0.8576871893688053,0.6,0.42857142857142855,0.42857142857142855,0.557452562903763,0.29943339494689475,1,2,0.00035,58.9567,books-genre-a=5 | books-genre-b=5
q023,biography of a president,Torso,StripeLocal,Mixed,Keyword,minmax-norm,0.9804076930758296,0.9,0.8181818181818182,0.7333333333333333,0.7378303345696047,0.43154204541248453,1,2,0.00035,58.989999999999995,books-genre-a=1 | books-genre-b=9
q023,biography of a president,Torso,StripeLocal,Mixed,Keyword,zscore-norm,0.8873600676815113,0.9,0.8181818181818182,0.6888888888888889,0.6306748375803293,0.29578061881742884,1,2,0.00035,58.9813,books-genre-a=2 | books-genre-b=8
q023,biography of a president,Torso,StripeLocal,Mixed,Keyword,idf-correct-probe,0.9953577815934653,0.9,0.8181818181818182,0.7333333333333333,0.807701420152476,0.44221959423801294,1,6,0.00115,239.97310000000002,books-genre-a=1 | books-genre-b=9
q023,biography of a president,Torso,StripeLocal,Mixed,Keyword,idf-correct-sidecar,0.9959724439671189,0.9,0.8181818181818182,0.7777777777777778,0.8153327646723755,0.4382868940754301,1,2,0.00035,58.9809,books-genre-a=1 | books-genre-b=9
q023,biography of a president,Torso,StripeLocal,Mixed,Keyword,global-bm25,0.6316457525231998,0.5,0.3333333333333333,0.28888888888888886,0.23312446328562364,0.7477291506013987,1,2,0.00035,60.3268,books-genre-a=3 | books-genre-b=7
q024,behavioral economics and irrational decision making,Tail,StripeLocal,Mixed,Keyword,single-index,1,1,1,1,1,0.9404875240541909,1,1,0.000366667,66.6191,books-oracle2=10
q024,behavioral economics and irrational decision making,Tail,StripeLocal,Mixed,Keyword,naive-score,1,1,1,1,0.8591367550184259,0.9404875240541909,1,2,0.0005,64.3213,books-genre-b=10
q024,behavioral economics and irrational decision making,Tail,StripeLocal,Mixed,Keyword,interleave,0.6642777536383239,0.5,0.3333333333333333,0.14285714285714285,0.3593536896220193,0.546349152426964,1,2,0.0005,64.3106,books-genre-a=5 | books-genre-b=5
q024,behavioral economics and irrational decision making,Tail,StripeLocal,Mixed,Keyword,quota-merge,0.8011752299155895,0.5,0.3333333333333333,0.3333333333333333,0.5126406795962678,0.6364784880564417,1,2,0.0005,64.3043,books-genre-a=5 | books-genre-b=5
q024,behavioral economics and irrational decision making,Tail,StripeLocal,Mixed,Keyword,global-rrf,0.8011752299155895,0.5,0.3333333333333333,0.3333333333333333,0.5126406795962678,0.6364784880564417,1,2,0.0005,64.3206,books-genre-a=5 | books-genre-b=5
q024,behavioral economics and irrational decision making,Tail,StripeLocal,Mixed,Keyword,minmax-norm,0.8463947575812316,0.6,0.42857142857142855,0.35714285714285715,0.5468715423993792,0.704414430723378,1,2,0.0005,64.3628,books-genre-a=4 | books-genre-b=6
q024,behavioral economics and irrational decision making,Tail,StripeLocal,Mixed,Keyword,zscore-norm,0.7326926340624855,0.6,0.42857142857142855,0.2857142857142857,0.44635349497869414,0.6347892972166416,1,2,0.0005,64.35,books-genre-a=4 | books-genre-b=6
q024,behavioral economics and irrational decision making,Tail,StripeLocal,Mixed,Keyword,idf-correct-probe,1,1,1,1,0.8591367550184259,0.9404875240541909,1,12,0.003033333,495.9609,books-genre-b=10
q024,behavioral economics and irrational decision making,Tail,StripeLocal,Mixed,Keyword,idf-correct-sidecar,1,1,1,1,0.8591367550184259,0.9404875240541909,1,2,0.0005,64.3583,books-genre-b=10
q024,behavioral economics and irrational decision making,Tail,StripeLocal,Mixed,Keyword,global-bm25,0.9356609386513043,0.9,0.8181818181818182,0.6888888888888889,0.6817950724248272,1,1,2,0.0005,65.8351,books-genre-b=10
q025,habits productivity and personal effectiveness,Torso,StripeLocal,Mixed,Keyword,single-index,1,1,1,1,1,0.9552009891550426,1,1,0.000366667,65.1026,books-oracle2=10
q025,habits productivity and personal effectiveness,Torso,StripeLocal,Mixed,Keyword,naive-score,0.999623570476307,1,1,0.9555555555555556,0.8459467768358835,0.9513467899190737,1,2,0.00035,59.341300000000004,books-genre-b=10
q025,habits productivity and personal effectiveness,Torso,StripeLocal,Mixed,Keyword,interleave,0.6122910225799093,0.5,0.3333333333333333,0.3333333333333333,0.3547371316499096,0.42446719169368585,1,2,0.00035,59.328700000000005,books-genre-a=5 | books-genre-b=5
q025,habits productivity and personal effectiveness,Torso,StripeLocal,Mixed,Keyword,quota-merge,0.7355909756802387,0.5,0.3333333333333333,0.4666666666666667,0.4684451572531371,0.5124413627811572,1,2,0.00035,59.3202,books-genre-a=5 | books-genre-b=5
q025,habits productivity and personal effectiveness,Torso,StripeLocal,Mixed,Keyword,global-rrf,0.7355909756802387,0.5,0.3333333333333333,0.4666666666666667,0.4684451572531371,0.5124413627811572,1,2,0.00035,59.3397,books-genre-a=5 | books-genre-b=5
q025,habits productivity and personal effectiveness,Torso,StripeLocal,Mixed,Keyword,minmax-norm,0.8741206441214631,0.7,0.5384615384615384,0.5,0.6400850432615203,0.6905718458812898,1,2,0.00035,59.3814,books-genre-a=3 | books-genre-b=7
q025,habits productivity and personal effectiveness,Torso,StripeLocal,Mixed,Keyword,zscore-norm,0.7569623439251841,0.7,0.5384615384615384,0.42857142857142855,0.5395669958408353,0.6093425234567643,1,2,0.00035,59.3691,books-genre-a=3 | books-genre-b=7
q025,habits productivity and personal effectiveness,Torso,StripeLocal,Mixed,Keyword,idf-correct-probe,0.999623570476307,1,1,0.9555555555555556,0.8459467768358835,0.9513467899190737,1,10,0.0019500000000000001,406.57,books-genre-b=10
q025,habits productivity and personal effectiveness,Torso,StripeLocal,Mixed,Keyword,idf-correct-sidecar,0.999623570476307,1,1,0.9555555555555556,0.8459467768358835,0.9513467899190737,1,2,0.00035,59.3679,books-genre-b=10
q025,habits productivity and personal effectiveness,Torso,StripeLocal,Mixed,Keyword,global-bm25,0.8857188494011144,0.6,0.42857142857142855,0.5111111111111111,0.5558190173232062,0.9458352203602566,1,2,0.00035,60.7524,books-genre-b=10
q026,poetry collection about grief,Torso,StripeLocal,Conceptual,Keyword,single-index,1,1,1,1,1,0.40271893787020396,1,1,0.000383333,66.5129,books-oracle2=10
q026,poetry collection about grief,Torso,StripeLocal,Conceptual,Keyword,naive-score,0.9673071695723757,0.6,0.42857142857142855,0.7777777777777778,0.7237365862072029,0.22267765229922462,1,2,0.0004,57.3918,books-genre-a=5 | books-genre-b=5
q026,poetry collection about grief,Torso,StripeLocal,Conceptual,Keyword,interleave,0.8253175671777802,0.6,0.42857142857142855,0.3333333333333333,0.4506650423187719,0.173513798206767,1,2,0.0004,57.3802,books-genre-a=5 | books-genre-b=5
q026,poetry collection about grief,Torso,StripeLocal,Conceptual,Keyword,quota-merge,0.8294843484306337,0.6,0.42857142857142855,0.4222222222222222,0.47148636502121377,0.17503916232469963,1,2,0.0004,57.3752,books-genre-a=5 | books-genre-b=5
q026,poetry collection about grief,Torso,StripeLocal,Conceptual,Keyword,global-rrf,0.8294843484306337,0.6,0.42857142857142855,0.4222222222222222,0.47148636502121377,0.17503916232469963,1,2,0.0004,57.3899,books-genre-a=5 | books-genre-b=5
q026,poetry collection about grief,Torso,StripeLocal,Conceptual,Keyword,minmax-norm,0.7283660683352751,0.3,0.17647058823529413,0.6888888888888889,0.3271259187050455,0.0973153649068717,1,2,0.0004,57.4253,books-genre-a=8 | books-genre-b=2
q026,poetry collection about grief,Torso,StripeLocal,Conceptual,Keyword,zscore-norm,0.9044487011112328,0.4,0.25,0.9111111111111111,0.5967584502763421,0.1493319211761937,1,2,0.0004,57.4158,books-genre-a=7 | books-genre-b=3
q026,poetry collection about grief,Torso,StripeLocal,Conceptual,Keyword,idf-correct-probe,0.9931710271067654,0.9,0.8181818181818182,1,0.8367937045330642,0.47457803982359975,1,8,0.0015499989999999998,318.85979999999995,books-genre-b=10
q026,poetry collection about grief,Torso,StripeLocal,Conceptual,Keyword,idf-correct-sidecar,0.9931710271067654,0.9,0.8181818181818182,1,0.8367937045330642,0.47457803982359975,1,2,0.0004,57.4218,books-genre-b=10
q026,poetry collection about grief,Torso,StripeLocal,Conceptual,Keyword,global-bm25,0.7234677352203921,0.7,0.5384615384615384,0.37777777777777777,0.33179459303798936,0.7186445824419031,1,2,0.0004,58.8656,books-genre-b=10
q027,existentialist philosophy and the meaning of life,Torso,StripeLocal,Mixed,Keyword,single-index,1,1,1,1,1,0.49262214818033634,1,1,0.0004,95.1523,books-oracle2=10
q027,existentialist philosophy and the meaning of life,Torso,StripeLocal,Mixed,Keyword,naive-score,0.9653622778803491,0.7,0.5384615384615384,0.6444444444444445,0.7110367809025578,0.6058121963694502,1,2,0.0004,58.136700000000005,books-genre-a=4 | books-genre-b=6
q027,existentialist philosophy and the meaning of life,Torso,StripeLocal,Mixed,Keyword,interleave,0.9495252482517683,0.6,0.42857142857142855,0.4222222222222222,0.6549886607631932,0.5940568653257798,1,2,0.0004,58.127500000000005,books-genre-a=5 | books-genre-b=5
q027,existentialist philosophy and the meaning of life,Torso,StripeLocal,Mixed,Keyword,quota-merge,0.9553985917561777,0.6,0.42857142857142855,0.5555555555555556,0.6674277523306293,0.60352785755847,1,2,0.0004,58.149100000000004,books-genre-a=5 | books-genre-b=5
q027,existentialist philosophy and the meaning of life,Torso,StripeLocal,Mixed,Keyword,global-rrf,0.9553985917561777,0.6,0.42857142857142855,0.5555555555555556,0.6674277523306293,0.60352785755847,1,2,0.0004,58.1373,books-genre-a=5 | books-genre-b=5
q027,existentialist philosophy and the meaning of life,Torso,StripeLocal,Mixed,Keyword,minmax-norm,0.9865573776829807,0.8,0.6666666666666666,0.7777777777777778,0.7689312552395298,0.5536787591996987,1,2,0.0004,58.1721,books-genre-a=3 | books-genre-b=7
q027,existentialist philosophy and the meaning of life,Torso,StripeLocal,Mixed,Keyword,zscore-norm,0.9682267062315649,0.7,0.5384615384615384,0.6,0.7002193500456003,0.6178510263793444,1,2,0.0004,58.1616,books-genre-a=4 | books-genre-b=6
q027,existentialist philosophy and the meaning of life,Torso,StripeLocal,Mixed,Keyword,idf-correct-probe,0.8985339848711072,0.9,0.8181818181818182,0.8222222222222222,0.6823514383463432,0.5178073364683385,1,10,0.002149999,407.1639,books-genre-a=2 | books-genre-b=8
q027,existentialist philosophy and the meaning of life,Torso,StripeLocal,Mixed,Keyword,idf-correct-sidecar,0.8985339848711072,0.9,0.8181818181818182,0.8222222222222222,0.6823514383463432,0.5178073364683385,1,2,0.0004,58.1826,books-genre-a=2 | books-genre-b=8
q027,existentialist philosophy and the meaning of life,Torso,StripeLocal,Mixed,Keyword,global-bm25,0.5804596606298756,0.3,0.17647058823529413,0.4666666666666667,0.21749583733681624,0.7441517013640303,1,2,0.0004,59.5718,books-genre-a=2 | books-genre-b=8
q028,evolutionary biology explained for general readers,Torso,StripeLocal,Conceptual,Keyword,single-index,1,1,1,1,1,0.5958684424088357,1,1,0.000333333,64.6252,books-oracle2=10
q028,evolutionary biology explained for general readers,Torso,StripeLocal,Conceptual,Keyword,naive-score,0.9647555476745505,1,1,0.3333333333333333,0.6718702052456178,0.5014584146138571,1,2,0.000466667,87.1741,books-genre-a=1 | books-genre-b=9
q028,evolutionary biology explained for general readers,Torso,StripeLocal,Conceptual,Keyword,interleave,0.7545016602482842,0.6,0.42857142857142855,0.1111111111111111,0.36236176989765045,0.23832093480518834,1,2,0.000466667,87.1582,books-genre-a=5 | books-genre-b=5
q028,evolutionary biology explained for general readers,Torso,StripeLocal,Conceptual,Keyword,quota-merge,0.7558535901184407,0.6,0.42857142857142855,0.15555555555555556,0.36716951694518707,0.24095437006062564,1,2,0.000466667,87.14489999999999,books-genre-a=5 | books-genre-b=5
q028,evolutionary biology explained for general readers,Torso,StripeLocal,Conceptual,Keyword,global-rrf,0.7558535901184407,0.6,0.42857142857142855,0.15555555555555556,0.36716951694518707,0.24095437006062564,1,2,0.000466667,87.17269999999999,books-genre-a=5 | books-genre-b=5
q028,evolutionary biology explained for general readers,Torso,StripeLocal,Conceptual,Keyword,minmax-norm,0.8379534447801716,0.9,0.8181818181818182,0.15555555555555556,0.509776507023905,0.41919206661755914,1,2,0.000466667,87.2056,books-genre-a=2 | books-genre-b=8
q028,evolutionary biology explained for general readers,Torso,StripeLocal,Conceptual,Keyword,zscore-norm,0.7704456793638451,0.6,0.42857142857142855,0.15555555555555556,0.38349195889181453,0.21404671898860272,1,2,0.000466667,87.1979,books-genre-a=5 | books-genre-b=5
q028,evolutionary biology explained for general readers,Torso,StripeLocal,Conceptual,Keyword,idf-correct-probe,0.9902158011412405,1,1,0.6888888888888889,0.7769539779236516,0.5575883522730016,1,12,0.002466667,544.525,books-genre-a=1 | books-genre-b=9
q028,evolutionary biology explained for general readers,Torso,StripeLocal,Conceptual,Keyword,idf-correct-sidecar,0.9826962627330977,1,1,0.37777777777777777,0.7171033265849261,0.5302749753383716,1,2,0.000466667,87.2135,books-genre-a=1 | books-genre-b=9
q028,evolutionary biology explained for general readers,Torso,StripeLocal,Conceptual,Keyword,global-bm25,0.6628908822488954,0.6,0.42857142857142855,0.06666666666666667,0.3576346588797886,0.8739538196954277,1,2,0.000466667,89.00789999999999,books-genre-b=10
q029,the history of the Roman empire,Torso,StripeLocal,Lexical,Keyword,single-index,1,1,1,1,1,0.5992495378485835,1,1,0.000366667,64.6131,books-oracle2=10
q029,the history of the Roman empire,Torso,StripeLocal,Lexical,Keyword,naive-score,0.9941255877161582,0.9,0.8181818181818182,0.7333333333333333,0.8142539487664278,0.5992495378485835,1,2,0.000516666,58.268,books-genre-a=3 | books-genre-b=7
q029,the history of the Roman empire,Torso,StripeLocal,Lexical,Keyword,interleave,0.832174923967468,0.7,0.5384615384615384,0.15555555555555556,0.47337539872825124,0.4238403968747207,1,2,0.000516666,58.2578,books-genre-a=5 | books-genre-b=5
q029,the history of the Roman empire,Torso,StripeLocal,Lexical,Keyword,quota-merge,0.8358050169423444,0.7,0.5384615384615384,0.24444444444444444,0.49137312395833016,0.42443407225628343,1,2,0.000516666,58.2363,books-genre-a=5 | books-genre-b=5
q029,the history of the Roman empire,Torso,StripeLocal,Lexical,Keyword,global-rrf,0.8358050169423444,0.7,0.5384615384615384,0.24444444444444444,0.49137312395833016,0.42443407225628343,1,2,0.000516666,58.26,books-genre-a=5 | books-genre-b=5
q029,the history of the Roman empire,Torso,StripeLocal,Lexical,Keyword,minmax-norm,0.7258456982955375,0.4,0.25,0.4666666666666667,0.31707985620267654,0.3280489079800425,1,2,0.000516666,58.2979,books-genre-a=8 | books-genre-b=2
q029,the history of the Roman empire,Torso,StripeLocal,Lexical,Keyword,zscore-norm,0.8862497894537569,0.5,0.3333333333333333,0.5111111111111111,0.5076152738889542,0.5159659557936521,1,2,0.000516666,58.2872,books-genre-a=7 | books-genre-b=3
q029,the history of the Roman empire,Torso,StripeLocal,Lexical,Keyword,idf-correct-probe,0.992233868623331,0.9,0.8181818181818182,0.8222222222222222,0.8160837900392001,0.6181154035219086,1,8,0.0016833319999999998,316.91769999999997,books-genre-a=1 | books-genre-b=9
q029,the history of the Roman empire,Torso,StripeLocal,Lexical,Keyword,idf-correct-sidecar,0.992233868623331,0.9,0.8181818181818182,0.8222222222222222,0.8160837900392001,0.6181154035219086,1,2,0.000516666,58.2963,books-genre-a=1 | books-genre-b=9
q029,the history of the Roman empire,Torso,StripeLocal,Lexical,Keyword,global-bm25,0.9022609947532398,0.6,0.42857142857142855,0.3333333333333333,0.5245803343834147,0.75218122772115,1,2,0.000516666,60.875,books-genre-a=1 | books-genre-b=9
q030,a novel narrated by an unreliable narrator in a decaying southern town,Tail,StripeLocal,Conceptual,Keyword,single-index,1,1,1,1,1,0.26893605240922214,1,1,0.000433333,95.1254,books-oracle2=10
q030,a novel narrated by an unreliable narrator in a decaying southern town,Tail,StripeLocal,Conceptual,Keyword,naive-score,0.9960289233591388,1,1,0.8666666666666667,0.8088697210248845,0.26659366532598877,1,2,0.0008166670000000001,85.0723,books-genre-a=6 | books-genre-b=4
q030,a novel narrated by an unreliable narrator in a decaying southern town,Tail,StripeLocal,Conceptual,Keyword,interleave,0.9693299441920851,0.9,0.8181818181818182,0.6888888888888889,0.7036632991971347,0.19202878761018263,1,2,0.0008166670000000001,85.0555,books-genre-a=5 | books-genre-b=5
q030,a novel narrated by an unreliable narrator in a decaying southern town,Tail,StripeLocal,Conceptual,Keyword,quota-merge,0.9690532877790238,0.9,0.8181818181818182,0.6444444444444445,0.7036632991971347,0.19163838976297706,1,2,0.0008166670000000001,85.0493,books-genre-a=5 | books-genre-b=5
q030,a novel narrated by an unreliable narrator in a decaying southern town,Tail,StripeLocal,Conceptual,Keyword,global-rrf,0.9690532877790238,0.9,0.8181818181818182,0.6444444444444445,0.7036632991971347,0.19163838976297706,1,2,0.0008166670000000001,85.0646,books-genre-a=5 | books-genre-b=5
q030,a novel narrated by an unreliable narrator in a decaying southern town,Tail,StripeLocal,Conceptual,Keyword,minmax-norm,0.942183474789132,0.8,0.6666666666666666,0.28888888888888886,0.5915898713197596,0.17662061408136923,1,2,0.0008166670000000001,85.1073,books-genre-a=4 | books-genre-b=6
q030,a novel narrated by an unreliable narrator in a decaying southern town,Tail,StripeLocal,Conceptual,Keyword,zscore-norm,0.944908043716591,0.8,0.6666666666666666,0.37777777777777777,0.6024073021767171,0.17748199118106972,1,2,0.0008166670000000001,85.0926,books-genre-a=4 | books-genre-b=6
q030,a novel narrated by an unreliable narrator in a decaying southern town,Tail,StripeLocal,Conceptual,Keyword,idf-correct-probe,0.9942626722653797,1,1,0.8222222222222222,0.7956797428423422,0.26659366532598877,1,14,0.003183333,641.4875,books-genre-a=6 | books-genre-b=4
q030,a novel narrated by an unreliable narrator in a decaying southern town,Tail,StripeLocal,Conceptual,Keyword,idf-correct-sidecar,0.9942626722653797,1,1,0.8222222222222222,0.7956797428423422,0.26659366532598877,1,2,0.0008166670000000001,85.1071,books-genre-a=6 | books-genre-b=4
q030,a novel narrated by an unreliable narrator in a decaying southern town,Tail,StripeLocal,Conceptual,Keyword,global-bm25,0.7856020817752031,0.4,0.25,0.8333333333333334,0.4484155878798347,0.27754632964009107,1,2,0.0008166670000000001,86.48,books-genre-a=6 | books-genre-b=4
q031,Regency romance with a reluctant duke,Tail,StripeLocal,Mixed,Keyword,single-index,1,1,1,1,1,0.6268426825810502,1,1,0.000366667,63.9409,books-oracle2=10
q031,Regency romance with a reluctant duke,Tail,StripeLocal,Mixed,Keyword,naive-score,0.991225716430368,0.9,0.8181818181818182,0.7333333333333333,0.7751281471646868,0.6288905867471574,1,2,0.000366666,58.718799999999995,books-genre-a=3 | books-genre-b=7
q031,Regency romance with a reluctant duke,Tail,StripeLocal,Mixed,Keyword,interleave,0.8244996648698988,0.7,0.5384615384615384,0.3333333333333333,0.44980704565601465,0.4575885758866515,1,2,0.000366666,58.7078,books-genre-a=5 | books-genre-b=5
q031,Regency romance with a reluctant duke,Tail,StripeLocal,Mixed,Keyword,quota-merge,0.9239421385385255,0.7,0.5384615384615384,0.4222222222222222,0.5551328401242364,0.5610695168074527,1,2,0.000366666,58.7052,books-genre-a=5 | books-genre-b=5
q031,Regency romance with a reluctant duke,Tail,StripeLocal,Mixed,Keyword,global-rrf,0.9239421385385255,0.7,0.5384615384615384,0.4222222222222222,0.5551328401242364,0.5610695168074527,1,2,0.000366666,58.7148,books-genre-a=5 | books-genre-b=5
q031,Regency romance with a reluctant duke,Tail,StripeLocal,Mixed,Keyword,minmax-norm,0.8502138437028337,0.5,0.3333333333333333,0.6666666666666666,0.49600897483927825,0.5554821130088852,1,2,0.000366666,58.7528,books-genre-a=7 | books-genre-b=3
q031,Regency romance with a reluctant duke,Tail,StripeLocal,Mixed,Keyword,zscore-norm,0.8845061082613421,0.6,0.42857142857142855,0.5,0.5432341030771733,0.563305725977926,1,2,0.000366666,58.7454,books-genre-a=6 | books-genre-b=4
q031,Regency romance with a reluctant duke,Tail,StripeLocal,Mixed,Keyword,idf-correct-probe,0.9987437390587608,0.9,0.8181818181818182,0.9555555555555556,0.8492327961005004,0.6410253644232191,1,10,0.002083331,407.7919,books-genre-a=2 | books-genre-b=8
q031,Regency romance with a reluctant duke,Tail,StripeLocal,Mixed,Keyword,idf-correct-sidecar,0.9987437390587608,0.9,0.8181818181818182,0.9555555555555556,0.8492327961005004,0.6410253644232191,1,2,0.000366666,58.7478,books-genre-a=2 | books-genre-b=8
q031,Regency romance with a reluctant duke,Tail,StripeLocal,Mixed,Keyword,global-bm25,0.9276210033668219,0.6,0.42857142857142855,0.6888888888888889,0.6347728351345625,0.7704226948871319,1,2,0.000366666,60.195699999999995,books-genre-a=2 | books-genre-b=8
q032,cookbook,Head,StripeLocal,Lexical,Keyword,single-index,1,1,1,1,1,1,1,1,0.000216667,56.8709,books-oracle2=10
q032,cookbook,Head,StripeLocal,Lexical,Keyword,naive-score,0.796827932063258,1,1,0.15555555555555556,0.4436069624454439,1,1,2,0.00019999999999999998,54.624100000000006,books-genre-a=4 | books-genre-b=6
q032,cookbook,Head,StripeLocal,Lexical,Keyword,interleave,0.862327417862011,0.9,0.8181818181818182,0.37777777777777777,0.5525043395003225,1,1,2,0.00019999999999999998,54.6146,books-genre-a=5 | books-genre-b=5
q032,cookbook,Head,StripeLocal,Lexical,Keyword,quota-merge,0.9674037447041779,0.9,0.8181818181818182,0.6,0.7081572731170096,1,1,2,0.00019999999999999998,54.614700000000006,books-genre-a=5 | books-genre-b=5
q032,cookbook,Head,StripeLocal,Lexical,Keyword,global-rrf,0.9674037447041779,0.9,0.8181818181818182,0.6,0.7081572731170096,1,1,2,0.00019999999999999998,54.6212,books-genre-a=5 | books-genre-b=5
q032,cookbook,Head,StripeLocal,Lexical,Keyword,minmax-norm,0.997697345165676,1,1,0.9111111111111111,0.827794301263253,1,1,2,0.00019999999999999998,54.638000000000005,books-genre-a=4 | books-genre-b=6
q032,cookbook,Head,StripeLocal,Lexical,Keyword,zscore-norm,0.9932810048681056,0.9,0.8181818181818182,0.6888888888888889,0.7901792669681926,1,1,2,0.00019999999999999998,54.634100000000004,books-genre-a=3 | books-genre-b=7
q032,cookbook,Head,StripeLocal,Lexical,Keyword,idf-correct-probe,0.9950809058478347,0.9,0.8181818181818182,0.9111111111111111,0.8189579657254962,1,1,4,0.000583333,140.4564,books-genre-a=3 | books-genre-b=7
q032,cookbook,Head,StripeLocal,Lexical,Keyword,idf-correct-sidecar,0.9950809058478347,0.9,0.8181818181818182,0.9111111111111111,0.8189579657254962,1,1,2,0.00019999999999999998,54.6413,books-genre-a=3 | books-genre-b=7
q032,cookbook,Head,StripeLocal,Lexical,Keyword,global-bm25,0.7854456878154121,0.9,0.8181818181818182,0.022222222222222223,0.4317720900740028,1,1,2,0.00019999999999999998,55.590500000000006,books-genre-a=3 | books-genre-b=7
q033,travel writing about walking across a country,Tail,StripeLocal,Conceptual,Keyword,single-index,1,1,1,1,1,0.4863980161909535,0.9,1,0.000833333,68.5986,books-oracle2=10
q033,travel writing about walking across a country,Tail,StripeLocal,Conceptual,Keyword,naive-score,0.9973835606821587,0.9,0.8181818181818182,1,0.8504347328623846,0.5526522396453425,0.9,2,0.000766666,64.19359999999999,books-genre-a=3 | books-genre-b=7
q033,travel writing about walking across a country,Tail,StripeLocal,Conceptual,Keyword,interleave,0.9210956694455787,0.8,0.6666666666666666,0.5555555555555556,0.6133145552575426,0.32612149209381464,0.9,2,0.000766666,64.1719,books-genre-a=5 | books-genre-b=5
q033,travel writing about walking across a country,Tail,StripeLocal,Conceptual,Keyword,quota-merge,0.9273958284364132,0.8,0.6666666666666666,0.6888888888888889,0.6612757507635691,0.338520228494163,0.9,2,0.000766666,64.1635,books-genre-a=5 | books-genre-b=5
q033,travel writing about walking across a country,Tail,StripeLocal,Conceptual,Keyword,global-rrf,0.9273958284364132,0.8,0.6666666666666666,0.6888888888888889,0.6612757507635691,0.338520228494163,0.9,2,0.000766666,64.1806,books-genre-a=5 | books-genre-b=5
q033,travel writing about walking across a country,Tail,StripeLocal,Conceptual,Keyword,minmax-norm,0.9079082498709139,0.7,0.5384615384615384,0.6444444444444445,0.5860820296187246,0.32729840747698885,1,2,0.000766666,64.21079999999999,books-genre-a=6 | books-genre-b=4
q033,travel writing about walking across a country,Tail,StripeLocal,Conceptual,Keyword,zscore-norm,0.9671613659200858,0.7,0.5384615384615384,0.7777777777777778,0.7181094693643715,0.4016064253811182,1,2,0.000766666,64.2038,books-genre-a=6 | books-genre-b=4
q033,travel writing about walking across a country,Tail,StripeLocal,Conceptual,Keyword,idf-correct-probe,0.9963650765003711,0.9,0.8181818181818182,0.8222222222222222,0.8220934738486209,0.5615653115832043,0.9,10,0.002366666,409.70239999999995,books-genre-a=3 | books-genre-b=7
q033,travel writing about walking across a country,Tail,StripeLocal,Conceptual,Keyword,idf-correct-sidecar,0.9970211033640818,0.9,0.8181818181818182,0.9111111111111111,0.834532565416057,0.5553753812016753,0.9,2,0.000766666,64.2204,books-genre-a=3 | books-genre-b=7
q033,travel writing about walking across a country,Tail,StripeLocal,Conceptual,Keyword,global-bm25,0.6363875850567288,0.5,0.3333333333333333,0.3333333333333333,0.35704475865045154,0.40137348950818863,1,2,0.000766666,65.5645,books-genre-a=3 | books-genre-b=7
q034,startup founder building a company from nothing,Torso,StripeLocal,Conceptual,Keyword,single-index,1,1,1,1,1,0.852498607085996,1,1,0.000366667,65.1219,books-oracle2=10
q034,startup founder building a company from nothing,Torso,StripeLocal,Conceptual,Keyword,naive-score,0.998827255748741,0.9,0.8181818181818182,1,0.8552424799099213,0.852498607085996,1,2,0.000366666,60.7445,books-genre-a=1 | books-genre-b=9
q034,startup founder building a company from nothing,Torso,StripeLocal,Conceptual,Keyword,interleave,0.7868858402619191,0.6,0.42857142857142855,0.3333333333333333,0.397088661787563,0.38558861141170053,1,2,0.000366666,60.734500000000004,books-genre-a=5 | books-genre-b=5
q034,startup founder building a company from nothing,Torso,StripeLocal,Conceptual,Keyword,quota-merge,0.907043910571968,0.6,0.42857142857142855,0.5555555555555556,0.5503756517618114,0.4920155508430389,1,2,0.000366666,60.7252,books-genre-a=5 | books-genre-b=5
q034,startup founder building a company from nothing,Torso,StripeLocal,Conceptual,Keyword,global-rrf,0.907043910571968,0.6,0.42857142857142855,0.5555555555555556,0.5503756517618114,0.4920155508430389,1,2,0.000366666,60.7445,books-genre-a=5 | books-genre-b=5
q034,startup founder building a company from nothing,Torso,StripeLocal,Conceptual,Keyword,minmax-norm,0.8770353927439921,0.5,0.3333333333333333,0.6,0.4948192397757976,0.41800080749070834,1,2,0.000366666,60.775200000000005,books-genre-a=6 | books-genre-b=4
q034,startup founder building a company from nothing,Torso,StripeLocal,Conceptual,Keyword,zscore-norm,0.8997793214519255,0.6,0.42857142857142855,0.37777777777777777,0.5187368982024121,0.48162159568966,1,2,0.000366666,60.768,books-genre-a=5 | books-genre-b=5
q034,startup founder building a company from nothing,Torso,StripeLocal,Conceptual,Keyword,idf-correct-probe,0.998827255748741,0.9,0.8181818181818182,1,0.8552424799099213,0.852498607085996,1,12,0.0025499990000000003,499.4072,books-genre-a=1 | books-genre-b=9
q034,startup founder building a company from nothing,Torso,StripeLocal,Conceptual,Keyword,idf-correct-sidecar,0.998827255748741,0.9,0.8181818181818182,1,0.8552424799099213,0.852498607085996,1,2,0.000366666,60.78210000000001,books-genre-a=1 | books-genre-b=9
q034,startup founder building a company from nothing,Torso,StripeLocal,Conceptual,Keyword,global-bm25,0.7087136973251336,0.5,0.3333333333333333,0.4666666666666667,0.3391708164104607,0.7793066084142207,1,2,0.000366666,62.2182,books-genre-a=1 | books-genre-b=9
q035,a marriage falling apart told from both perspectives,Tail,StripeLocal,Conceptual,Keyword,single-index,1,1,1,1,1,0.42386640074713194,1,1,0.0004,66.7644,books-oracle2=10
q035,a marriage falling apart told from both perspectives,Tail,StripeLocal,Conceptual,Keyword,naive-score,0.7587813352756421,0.6,0.42857142857142855,0.4222222222222222,0.45268596483486634,0.4402193466807935,1,2,0.000733334,62.645900000000005,books-genre-a=6 | books-genre-b=4
q035,a marriage falling apart told from both perspectives,Tail,StripeLocal,Conceptual,Keyword,interleave,0.8033841533767149,0.7,0.5384615384615384,0.3333333333333333,0.5076282220696965,0.41237029073714165,1,2,0.000733334,62.635200000000005,books-genre-a=5 | books-genre-b=5
q035,a marriage falling apart told from both perspectives,Tail,StripeLocal,Conceptual,Keyword,quota-merge,0.8986203425990477,0.7,0.5384615384615384,0.37777777777777777,0.6081462694903814,0.3891619129015629,1,2,0.000733334,62.6259,books-genre-a=5 | books-genre-b=5
q035,a marriage falling apart told from both perspectives,Tail,StripeLocal,Conceptual,Keyword,global-rrf,0.8986203425990477,0.7,0.5384615384615384,0.37777777777777777,0.6081462694903814,0.3891619129015629,1,2,0.000733334,62.644800000000004,books-genre-a=5 | books-genre-b=5
q035,a marriage falling apart told from both perspectives,Tail,StripeLocal,Conceptual,Keyword,minmax-norm,0.9013506930109274,0.7,0.5384615384615384,0.4666666666666667,0.6352861422939665,0.3920991962073177,1,2,0.000733334,62.674400000000006,books-genre-a=5 | books-genre-b=5
q035,a marriage falling apart told from both perspectives,Tail,StripeLocal,Conceptual,Keyword,zscore-norm,0.7591161772731737,0.6,0.42857142857142855,0.4666666666666667,0.45268596483486634,0.438780961858132,1,2,0.000733334,62.674,books-genre-a=6 | books-genre-b=4
q035,a marriage falling apart told from both perspectives,Tail,StripeLocal,Conceptual,Keyword,idf-correct-probe,0.9153951903439643,0.7,0.5384615384615384,0.5555555555555556,0.6606891472688433,0.4074421737177308,1,12,0.0029333340000000005,501.8532,books-genre-a=4 | books-genre-b=6
q035,a marriage falling apart told from both perspectives,Tail,StripeLocal,Conceptual,Keyword,idf-correct-sidecar,0.9153951903439643,0.7,0.5384615384615384,0.5555555555555556,0.6606891472688433,0.4074421737177308,1,2,0.000733334,62.688300000000005,books-genre-a=4 | books-genre-b=6
q035,a marriage falling apart told from both perspectives,Tail,StripeLocal,Conceptual,Keyword,global-bm25,0.4871150788789177,0.3,0.17647058823529413,0.1111111111111111,0.14949550459723335,0.3443367484913645,1,2,0.000733334,63.9714,books-genre-a=5 | books-genre-b=5
q036,essays on race in America,Torso,StripeLocal,Mixed,Keyword,single-index,1,1,1,1,1,0.19524922642148676,1,1,0.00035,64.1454,books-oracle2=10
q036,essays on race in America,Torso,StripeLocal,Mixed,Keyword,naive-score,0.9934956614158656,0.9,0.8181818181818182,0.8222222222222222,0.7957795370181823,0.19677226811519513,1,2,0.000616667,58.3759,books-genre-a=1 | books-genre-b=9
q036,essays on race in America,Torso,StripeLocal,Mixed,Keyword,interleave,0.7619896686333985,0.5,0.3333333333333333,0.3333333333333333,0.3742353280318929,0.17366344511038947,1,2,0.000616667,58.365,books-genre-a=5 | books-genre-b=5
q036,essays on race in America,Torso,StripeLocal,Mixed,Keyword,quota-merge,0.7684411202125628,0.5,0.3333333333333333,0.4666666666666667,0.3998643977818713,0.16955215359492287,1,2,0.000616667,58.3568,books-genre-a=5 | books-genre-b=5
q036,essays on race in America,Torso,StripeLocal,Mixed,Keyword,global-rrf,0.7684411202125628,0.5,0.3333333333333333,0.4666666666666667,0.3998643977818713,0.16955215359492287,1,2,0.000616667,58.3751,books-genre-a=5 | books-genre-b=5
q036,essays on race in America,Torso,StripeLocal,Mixed,Keyword,minmax-norm,0.8314081369599444,0.7,0.5384615384615384,0.6,0.5507829704509803,0.16133554502199998,1,2,0.000616667,58.4025,books-genre-a=3 | books-genre-b=7
q036,essays on race in America,Torso,StripeLocal,Mixed,Keyword,zscore-norm,0.789934009864049,0.6,0.42857142857142855,0.1111111111111111,0.42026932566552677,0.17425998077255153,1,2,0.000616667,58.396300000000004,books-genre-a=4 | books-genre-b=6
q036,essays on race in America,Torso,StripeLocal,Mixed,Keyword,idf-correct-probe,0.996086306530931,1,1,0.9111111111111111,0.8136774680724213,0.19770901556715623,1,8,0.0018,334.9065,books-genre-b=10
q036,essays on race in America,Torso,StripeLocal,Mixed,Keyword,idf-correct-sidecar,0.996086306530931,1,1,0.9111111111111111,0.8136774680724213,0.19770901556715623,1,2,0.000616667,58.4026,books-genre-b=10
q036,essays on race in America,Torso,StripeLocal,Mixed,Keyword,global-bm25,0.5196586116017642,0.1,0.05263157894736842,0.4444444444444444,0.1273053421058968,0.5646946495259807,1,2,0.000616667,59.7853,books-genre-a=2 | books-genre-b=8
q037,spiritual awakening and mindfulness practice,Torso,StripeLocal,Conceptual,Keyword,single-index,1,1,1,1,1,1,1,1,0.0007,67.719,books-oracle2=10
q037,spiritual awakening and mindfulness practice,Torso,StripeLocal,Conceptual,Keyword,naive-score,0.9993086975088357,1,1,0.8666666666666667,0.8323057485065634,1,1,2,0.000616666,58.863299999999995,books-genre-b=10
q037,spiritual awakening and mindfulness practice,Torso,StripeLocal,Conceptual,Keyword,interleave,0.6468429423326555,0.5,0.3333333333333333,0.42857142857142855,0.3530824785395967,0.8603818544462509,1,2,0.000616666,58.854299999999995,books-genre-a=5 | books-genre-b=5
q037,spiritual awakening and mindfulness practice,Torso,StripeLocal,Conceptual,Keyword,quota-merge,0.6529845952367062,0.5,0.3333333333333333,0.42857142857142855,0.36627245672213893,0.8603818544462509,1,2,0.000616666,58.844199999999994,books-genre-a=5 | books-genre-b=5
q037,spiritual awakening and mindfulness practice,Torso,StripeLocal,Conceptual,Keyword,global-rrf,0.6529845952367062,0.5,0.3333333333333333,0.42857142857142855,0.36627245672213893,0.8603818544462509,1,2,0.000616666,58.8831,books-genre-a=5 | books-genre-b=5
q037,spiritual awakening and mindfulness practice,Torso,StripeLocal,Conceptual,Keyword,minmax-norm,0.6163449667665083,0.4,0.25,0.14285714285714285,0.33235046021075004,0.7937057047514345,1,2,0.000616666,58.905199999999994,books-genre-a=6 | books-genre-b=4
q037,spiritual awakening and mindfulness practice,Torso,StripeLocal,Conceptual,Keyword,zscore-norm,0.6163449667665083,0.4,0.25,0.14285714285714285,0.33235046021075004,0.7937057047514345,1,2,0.000616666,58.899899999999995,books-genre-a=6 | books-genre-b=4
q037,spiritual awakening and mindfulness practice,Torso,StripeLocal,Conceptual,Keyword,idf-correct-probe,0.9993086975088357,1,1,0.8666666666666667,0.8323057485065634,1,1,10,0.002416665,445.15590000000003,books-genre-b=10
q037,spiritual awakening and mindfulness practice,Torso,StripeLocal,Conceptual,Keyword,idf-correct-sidecar,0.9993086975088357,1,1,0.8666666666666667,0.8323057485065634,1,1,2,0.000616666,58.916799999999995,books-genre-b=10
q037,spiritual awakening and mindfulness practice,Torso,StripeLocal,Conceptual,Keyword,global-bm25,0.7904526547669265,0.5,0.3333333333333333,0.4666666666666667,0.4147274042823224,0.9603250160361273,1,2,0.000616666,61.3964,books-genre-b=10
q038,immigrant family adjusting to a new country,Torso,StripeLocal,Conceptual,Keyword,single-index,1,1,1,1,1,0.6865693957706224,1,1,0.00085,68.6503,books-oracle2=10
q038,immigrant family adjusting to a new country,Torso,StripeLocal,Conceptual,Keyword,naive-score,0.972676073590523,0.8,0.6666666666666666,0.6444444444444445,0.7096724232972259,0.5263517620183904,1,2,0.0006000000000000001,69.126,books-genre-a=5 | books-genre-b=5
q038,immigrant family adjusting to a new country,Torso,StripeLocal,Conceptual,Keyword,interleave,0.9831752743799999,0.8,0.6666666666666666,0.6,0.736907819406455,0.512856826567934,1,2,0.0006000000000000001,69.11460000000001,books-genre-a=5 | books-genre-b=5
q038,immigrant family adjusting to a new country,Torso,StripeLocal,Conceptual,Keyword,quota-merge,0.9305494735739704,0.8,0.6666666666666666,0.6,0.6495797501683125,0.438372352806354,1,2,0.0006000000000000001,69.1059,books-genre-a=5 | books-genre-b=5
q038,immigrant family adjusting to a new country,Torso,StripeLocal,Conceptual,Keyword,global-rrf,0.9305494735739704,0.8,0.6666666666666666,0.6,0.6495797501683125,0.438372352806354,1,2,0.0006000000000000001,69.14,books-genre-a=5 | books-genre-b=5
q038,immigrant family adjusting to a new country,Torso,StripeLocal,Conceptual,Keyword,minmax-norm,0.9367660213158251,0.8,0.6666666666666666,0.7333333333333333,0.6964925226928718,0.6054883242207952,1,2,0.0006000000000000001,69.1571,books-genre-a=2 | books-genre-b=8
q038,immigrant family adjusting to a new country,Torso,StripeLocal,Conceptual,Keyword,zscore-norm,0.9922832716400174,0.8,0.6666666666666666,0.8666666666666667,0.814217387665726,0.6143050481969541,1,2,0.0006000000000000001,69.1486,books-genre-a=4 | books-genre-b=6
q038,immigrant family adjusting to a new country,Torso,StripeLocal,Conceptual,Keyword,idf-correct-probe,0.9838487299257814,0.7,0.5384615384615384,0.8666666666666667,0.7751845893096192,0.5921384909289702,1,8,0.0019833330000000003,331.7056,books-genre-a=3 | books-genre-b=7
q038,immigrant family adjusting to a new country,Torso,StripeLocal,Conceptual,Keyword,idf-correct-sidecar,0.9930024949186442,0.8,0.6666666666666666,0.9111111111111111,0.8277243764529054,0.6771045067057097,1,2,0.0006000000000000001,69.1596,books-genre-a=2 | books-genre-b=8
q038,immigrant family adjusting to a new country,Torso,StripeLocal,Conceptual,Keyword,global-bm25,0.6406460965335922,0.2,0.1111111111111111,0.6888888888888889,0.26057603531519036,0.5500535576295718,1,2,0.0006000000000000001,70.4959,books-genre-a=2 | books-genre-b=8
q039,art history and the Renaissance painters,Torso,StripeLocal,Mixed,Keyword,single-index,1,1,1,1,1,0.6786701761498797,1,1,0.000366667,64.7738,books-oracle2=10
q039,art history and the Renaissance painters,Torso,StripeLocal,Mixed,Keyword,naive-score,0.9985933557830984,0.9,0.8181818181818182,0.9111111111111111,0.842803388342485,0.6149812511240096,1,2,0.0006833329999999999,66.2324,books-genre-a=1 | books-genre-b=9
q039,art history and the Renaissance painters,Torso,StripeLocal,Mixed,Keyword,interleave,0.769566624908829,0.5,0.3333333333333333,0.24444444444444444,0.3799403951299199,0.3556770356830962,1,2,0.0006833329999999999,66.2204,books-genre-a=5 | books-genre-b=5
q039,art history and the Renaissance painters,Torso,StripeLocal,Mixed,Keyword,quota-merge,0.8778107679074585,0.5,0.3333333333333333,0.3333333333333333,0.48808978707050427,0.4411368559392378,1,2,0.0006833329999999999,66.21079999999999,books-genre-a=5 | books-genre-b=5
q039,art history and the Renaissance painters,Torso,StripeLocal,Mixed,Keyword,global-rrf,0.8778107679074585,0.5,0.3333333333333333,0.3333333333333333,0.48808978707050427,0.4411368559392378,1,2,0.0006833329999999999,66.2294,books-genre-a=5 | books-genre-b=5
q039,art history and the Renaissance painters,Torso,StripeLocal,Mixed,Keyword,minmax-norm,0.8611603517243476,0.4,0.25,0.37777777777777777,0.4635737610675825,0.37718073692824944,1,2,0.0006833329999999999,66.26989999999999,books-genre-a=6 | books-genre-b=4
q039,art history and the Renaissance painters,Torso,StripeLocal,Mixed,Keyword,zscore-norm,0.863816301252656,0.4,0.25,0.4222222222222222,0.4734662447044892,0.38165868605507003,1,2,0.0006833329999999999,66.2542,books-genre-a=6 | books-genre-b=4
q039,art history and the Renaissance painters,Torso,StripeLocal,Mixed,Keyword,idf-correct-probe,0.999872026239713,1,1,0.9555555555555556,0.8515054104985265,0.6810022140065267,1,8,0.001883333,356.5373,books-genre-b=10
q039,art history and the Renaissance painters,Torso,StripeLocal,Mixed,Keyword,idf-correct-sidecar,0.999872026239713,1,1,0.9555555555555556,0.8515054104985265,0.6810022140065267,1,2,0.0006833329999999999,66.2633,books-genre-b=10
q039,art history and the Renaissance painters,Torso,StripeLocal,Mixed,Keyword,global-bm25,0.7597300178535161,0.6,0.42857142857142855,0.3333333333333333,0.4207491494530952,0.5988474095692559,0.9,2,0.0006833329999999999,67.59519999999999,books-genre-a=2 | books-genre-b=8
q040,investing personal finance wealth,Torso,StripeLocal,Lexical,Keyword,single-index,1,1,1,1,1,0.8043482217369691,1,1,0.000366667,66.0439,books-oracle2=10
q040,investing personal finance wealth,Torso,StripeLocal,Lexical,Keyword,naive-score,0.9818094133495059,0.8,0.6666666666666666,1,0.8121459945924998,0.7407274335380174,1,2,0.00065,59.8685,books-genre-a=2 | books-genre-b=8
q040,investing personal finance wealth,Torso,StripeLocal,Lexical,Keyword,interleave,0.7190800297838648,0.5,0.3333333333333333,0.2222222222222222,0.3602618239851657,0.46833278524309946,1,2,0.00065,59.8592,books-genre-a=5 | books-genre-b=5
q040,investing personal finance wealth,Torso,StripeLocal,Lexical,Keyword,quota-merge,0.7226999454397848,0.5,0.3333333333333333,0.2777777777777778,0.3727009155526019,0.4745227156246286,1,2,0.00065,59.8503,books-genre-a=5 | books-genre-b=5
q040,investing personal finance wealth,Torso,StripeLocal,Lexical,Keyword,global-rrf,0.7226999454397848,0.5,0.3333333333333333,0.2777777777777778,0.3727009155526019,0.4745227156246286,1,2,0.00065,59.867399999999996,books-genre-a=5 | books-genre-b=5
q040,investing personal finance wealth,Torso,StripeLocal,Lexical,Keyword,minmax-norm,0.7238719310267927,0.5,0.3333333333333333,0.3333333333333333,0.37871059936202267,0.4776997141070168,1,2,0.00065,59.894999999999996,books-genre-a=5 | books-genre-b=5
q040,investing personal finance wealth,Torso,StripeLocal,Lexical,Keyword,zscore-norm,0.842846638500652,0.5,0.3333333333333333,0.4444444444444444,0.49241862496525,0.5511790468497221,1,2,0.00065,59.8902,books-genre-a=5 | books-genre-b=5
q040,investing personal finance wealth,Torso,StripeLocal,Lexical,Keyword,idf-correct-probe,0.9973835606821587,0.9,0.8181818181818182,1,0.8504347328623846,0.8611375561264454,1,8,0.001833333,319.8981,books-genre-b=10
q040,investing personal finance wealth,Torso,StripeLocal,Lexical,Keyword,idf-correct-sidecar,0.9973835606821587,0.9,0.8181818181818182,1,0.8504347328623846,0.8611375561264454,1,2,0.00065,59.9077,books-genre-b=10
q040,investing personal finance wealth,Torso,StripeLocal,Lexical,Keyword,global-bm25,0.8974180729304542,0.7,0.5384615384615384,0.8666666666666667,0.6444737749109233,0.8992570819408976,1,2,0.00065,61.3411,books-genre-b=10
q041,love,Head,CrossStripe,Lexical,Keyword,single-index,1,1,1,1,1,1,1,1,0.000383333,91.3151,books-oracle2=10
q041,love,Head,CrossStripe,Lexical,Keyword,naive-score,0.42261926920887743,0.1,0.05263157894736842,0.9285714285714286,0.10496261422055186,1,1,2,0.000533333,82.08699999999999,books-genre-a=10
q041,love,Head,CrossStripe,Lexical,Keyword,interleave,0.8246721115448995,0.6,0.42857142857142855,0.3333333333333333,0.44913202197955804,1,1,2,0.000533333,82.07639999999999,books-genre-a=5 | books-genre-b=5
q041,love,Head,CrossStripe,Lexical,Keyword,quota-merge,0.9239740079613894,0.6,0.42857142857142855,0.4222222222222222,0.5544578164477796,1,1,2,0.000533333,82.0668,books-genre-a=5 | books-genre-b=5
q041,love,Head,CrossStripe,Lexical,Keyword,global-rrf,0.9239740079613894,0.6,0.42857142857142855,0.4222222222222222,0.5544578164477796,1,1,2,0.000533333,82.0846,books-genre-a=5 | books-genre-b=5
q041,love,Head,CrossStripe,Lexical,Keyword,minmax-norm,0.8209217464022265,0.3,0.17647058823529413,0.7333333333333333,0.40482984083212165,1,1,2,0.000533333,82.11,books-genre-a=8 | books-genre-b=2
q041,love,Head,CrossStripe,Lexical,Keyword,zscore-norm,0.9640049121407268,0.6,0.42857142857142855,0.8222222222222222,0.7125875212212102,1,1,2,0.000533333,82.10549999999999,books-genre-a=5 | books-genre-b=5
q041,love,Head,CrossStripe,Lexical,Keyword,idf-correct-probe,0.9931710271067654,0.9,0.8181818181818182,1,0.8367937045330642,1,1,4,0.00095,170.7844,books-genre-b=10
q041,love,Head,CrossStripe,Lexical,Keyword,idf-correct-sidecar,0.9931710271067654,0.9,0.8181818181818182,1,0.8367937045330642,1,1,2,0.000533333,82.1047,books-genre-b=10
q041,love,Head,CrossStripe,Lexical,Keyword,global-bm25,0.8829875990245476,0.7,0.5384615384615384,0.24444444444444444,0.5221169274007244,1,1,2,0.000533333,83.42689999999999,books-genre-a=1 | books-genre-b=9
q042,war,Head,CrossStripe,Lexical,Keyword,single-index,1,1,1,1,1,0.9636452638863133,1,1,0.00035,90.0912,books-oracle2=10
q042,war,Head,CrossStripe,Lexical,Keyword,naive-score,0.998827255748741,0.9,0.8181818181818182,1,0.8552424799099213,1,1,2,0.0005,81.3804,books-genre-a=1 | books-genre-b=9
q042,war,Head,CrossStripe,Lexical,Keyword,interleave,0.903341804525742,0.7,0.5384615384615384,0.24444444444444444,0.5715204126208151,0.9621404437403491,1,2,0.0005,81.3467,books-genre-a=5 | books-genre-b=5
q042,war,Head,CrossStripe,Lexical,Keyword,quota-merge,0.9604712232209309,0.7,0.5384615384615384,0.37777777777777777,0.690036185271579,0.9636452638863133,1,2,0.0005,81.3376,books-genre-a=5 | books-genre-b=5
q042,war,Head,CrossStripe,Lexical,Keyword,global-rrf,0.9604712232209309,0.7,0.5384615384615384,0.37777777777777777,0.690036185271579,0.9636452638863133,1,2,0.0005,81.355,books-genre-a=5 | books-genre-b=5
q042,war,Head,CrossStripe,Lexical,Keyword,minmax-norm,0.998827255748741,0.9,0.8181818181818182,1,0.8552424799099213,1,1,2,0.0005,81.3814,books-genre-a=1 | books-genre-b=9
q042,war,Head,CrossStripe,Lexical,Keyword,zscore-norm,0.9152230439442433,0.7,0.5384615384615384,0.3333333333333333,0.6241599939399415,0.9603250160361273,1,2,0.0005,81.3759,books-genre-a=5 | books-genre-b=5
q042,war,Head,CrossStripe,Lexical,Keyword,idf-correct-probe,0.9900069859223566,0.8,0.6666666666666666,0.9555555555555556,0.8287181326524957,1,1,2,0.0005,81.3777,books-genre-a=3 | books-genre-b=7
q042,war,Head,CrossStripe,Lexical,Keyword,idf-correct-sidecar,0.9900069859223566,0.8,0.6666666666666666,0.9555555555555556,0.8287181326524957,1,1,2,0.0005,81.3695,books-genre-a=3 | books-genre-b=7
q042,war,Head,CrossStripe,Lexical,Keyword,global-bm25,0.8505296837421233,0.5,0.3333333333333333,0.15555555555555556,0.5202126972447342,1,1,2,0.0005,82.6387,books-genre-a=2 | books-genre-b=8
q043,family,Head,CrossStripe,Lexical,Keyword,single-index,1,1,1,1,1,1,1,1,0.000383333,62.1506,books-oracle2=10
q043,family,Head,CrossStripe,Lexical,Keyword,naive-score,0.6923096253887145,0.5,0.3333333333333333,0.06666666666666667,0.2289862807088649,1,1,2,0.000733334,55.641,books-genre-a=7 | books-genre-b=3
q043,family,Head,CrossStripe,Lexical,Keyword,interleave,0.8543830060592988,0.7,0.5384615384615384,0.4222222222222222,0.49033618109944116,1,1,2,0.000733334,55.6325,books-genre-a=5 | books-genre-b=5
q043,family,Head,CrossStripe,Lexical,Keyword,quota-merge,0.8543830060592988,0.7,0.5384615384615384,0.4222222222222222,0.49033618109944116,1,1,2,0.000733334,55.622,books-genre-a=5 | books-genre-b=5
q043,family,Head,CrossStripe,Lexical,Keyword,global-rrf,0.8543830060592988,0.7,0.5384615384615384,0.4222222222222222,0.49033618109944116,1,1,2,0.000733334,55.6398,books-genre-a=5 | books-genre-b=5
q043,family,Head,CrossStripe,Lexical,Keyword,minmax-norm,0.8511290561524014,0.6,0.42857142857142855,0.6888888888888889,0.5202090933669503,1,1,2,0.000733334,55.6665,books-genre-a=6 | books-genre-b=4
q043,family,Head,CrossStripe,Lexical,Keyword,zscore-norm,0.9498741506206065,0.6,0.42857142857142855,0.9111111111111111,0.7067411632598487,1,1,2,0.000733334,55.6601,books-genre-a=6 | books-genre-b=4
q043,family,Head,CrossStripe,Lexical,Keyword,idf-correct-probe,0.8871679543319066,0.8,0.6666666666666666,0.6444444444444445,0.6032607371069837,1,1,2,0.000733334,55.6593,books-genre-a=4 | books-genre-b=6
q043,family,Head,CrossStripe,Lexical,Keyword,idf-correct-sidecar,0.8859567628484274,0.8,0.6666666666666666,0.5555555555555556,0.5924433062500262,1,1,2,0.000733334,55.6549,books-genre-a=4 | books-genre-b=6
q043,family,Head,CrossStripe,Lexical,Keyword,global-bm25,0.3406301790270975,0.3,0.17647058823529413,0.06666666666666667,0.13547891655488967,1,1,2,0.000733334,56.9424,books-genre-a=5 | books-genre-b=5
q044,death,Head,CrossStripe,Lexical,Keyword,single-index,1,1,1,1,1,0.9305687780632227,0.9,1,0.000333333,61.8679,books-oracle2=10
q044,death,Head,CrossStripe,Lexical,Keyword,naive-score,0.5954226307404488,0.3,0.17647058823529413,0.06666666666666667,0.12289926255236217,1,1,2,0.000616667,57.0294,books-genre-a=3 | books-genre-b=7
q044,death,Head,CrossStripe,Lexical,Keyword,interleave,0.8852590214348012,0.5,0.3333333333333333,0.5111111111111111,0.5208359819594444,1,1,2,0.000616667,57.0188,books-genre-a=5 | books-genre-b=5
q044,death,Head,CrossStripe,Lexical,Keyword,quota-merge,0.7575097794970432,0.5,0.3333333333333333,0.3333333333333333,0.3751803365050955,1,1,2,0.000616667,57.0082,books-genre-a=5 | books-genre-b=5
q044,death,Head,CrossStripe,Lexical,Keyword,global-rrf,0.7575097794970432,0.5,0.3333333333333333,0.3333333333333333,0.3751803365050955,1,1,2,0.000616667,57.0284,books-genre-a=5 | books-genre-b=5
q044,death,Head,CrossStripe,Lexical,Keyword,minmax-norm,0.6847165515178519,0.3,0.17647058823529413,0.7333333333333333,0.2956464973252105,1,1,2,0.000616667,57.0556,books-genre-a=3 | books-genre-b=7
q044,death,Head,CrossStripe,Lexical,Keyword,zscore-norm,0.5954226307404488,0.3,0.17647058823529413,0.06666666666666667,0.12289926255236217,1,1,2,0.000616667,57.0488,books-genre-a=3 | books-genre-b=7
q044,death,Head,CrossStripe,Lexical,Keyword,idf-correct-probe,0.9541389253732487,0.8,0.6666666666666666,0.4222222222222222,0.7051215204197392,0.9363792118010483,0.9,4,0.001,143.7939,books-genre-a=8 | books-genre-b=2
q044,death,Head,CrossStripe,Lexical,Keyword,idf-correct-sidecar,0.7581669262394999,0.8,0.6666666666666666,0.15555555555555556,0.4415380705708482,0.9363792118010483,0.9,2,0.000616667,57.0455,books-genre-a=8 | books-genre-b=2
q044,death,Head,CrossStripe,Lexical,Keyword,global-bm25,0.5854838510283431,0.3,0.17647058823529413,-0.28888888888888886,0.13360173149108215,1,1,2,0.000616667,58.3773,books-genre-a=8 | books-genre-b=2
q045,friendship,Head,CrossStripe,Lexical,Keyword,single-index,1,1,1,1,1,0.9206500320722545,1,1,0.00035,63.0799,books-oracle2=10
q045,friendship,Head,CrossStripe,Lexical,Keyword,naive-score,0.9647152067873057,0.6,0.42857142857142855,0.9555555555555556,0.7535850914962622,0.9206500320722545,1,2,0.00065,53.7614,books-genre-a=6 | books-genre-b=4
q045,friendship,Head,CrossStripe,Lexical,Keyword,interleave,0.8297110497854364,0.5,0.3333333333333333,0.3333333333333333,0.46162183133601364,0.9458352203602566,1,2,0.00065,53.751900000000006,books-genre-a=5 | books-genre-b=5
q045,friendship,Head,CrossStripe,Lexical,Keyword,quota-merge,0.8295610771788183,0.5,0.3333333333333333,0.28888888888888886,0.46162183133601364,0.9458352203602566,1,2,0.00065,53.742700000000006,books-genre-a=5 | books-genre-b=5
q045,friendship,Head,CrossStripe,Lexical,Keyword,global-rrf,0.8295610771788183,0.5,0.3333333333333333,0.28888888888888886,0.46162183133601364,0.9458352203602566,1,2,0.00065,53.762,books-genre-a=5 | books-genre-b=5
q045,friendship,Head,CrossStripe,Lexical,Keyword,minmax-norm,0.8552047730876811,0.6,0.42857142857142855,0.6,0.5391628127363782,0.9371166382005486,1,2,0.00065,53.785000000000004,books-genre-a=7 | books-genre-b=3
q045,friendship,Head,CrossStripe,Lexical,Keyword,zscore-norm,0.9394247177007155,0.6,0.42857142857142855,0.6444444444444445,0.639680860157063,0.9371166382005486,1,2,0.00065,53.781000000000006,books-genre-a=7 | books-genre-b=3
q045,friendship,Head,CrossStripe,Lexical,Keyword,idf-correct-probe,0.9734528662111055,0.7,0.5384615384615384,0.7777777777777778,0.7593329090306961,0.9206500320722545,1,4,0.001033333,140.0583,books-genre-a=1 | books-genre-b=9
q045,friendship,Head,CrossStripe,Lexical,Keyword,idf-correct-sidecar,0.9647152067873057,0.6,0.42857142857142855,0.9555555555555556,0.7535850914962622,0.9206500320722545,1,2,0.00065,53.778600000000004,books-genre-a=6 | books-genre-b=4
q045,friendship,Head,CrossStripe,Lexical,Keyword,global-bm25,0.5415449195002734,0.3,0.17647058823529413,0.1111111111111111,0.23166029834734359,1,1,2,0.00065,56.239200000000004,books-genre-a=5 | books-genre-b=5
q046,coming of age story about a teenager finding their identity,Torso,CrossStripe,Conceptual,Keyword,single-index,1,1,1,1,1,0.6154012448773543,1,1,0.000433333,66.4983,books-oracle2=10
q046,coming of age story about a teenager finding their identity,Torso,CrossStripe,Conceptual,Keyword,naive-score,0.9960350135150619,1,1,0.7333333333333333,0.7952733920660715,0.6115132425079163,1,2,0.0008166670000000001,64.2555,books-genre-a=5 | books-genre-b=5
q046,coming of age story about a teenager finding their identity,Torso,CrossStripe,Conceptual,Keyword,interleave,0.851053346482849,1,1,0.1111111111111111,0.5370319906482266,0.5217806417423988,1,2,0.0008166670000000001,64.22019999999999,books-genre-a=5 | books-genre-b=5
q046,coming of age story about a teenager finding their identity,Torso,CrossStripe,Conceptual,Keyword,quota-merge,0.8620277243640098,1,1,0.28888888888888886,0.5898009332017898,0.517306671242844,1,2,0.0008166670000000001,64.20949999999999,books-genre-a=5 | books-genre-b=5
q046,coming of age story about a teenager finding their identity,Torso,CrossStripe,Conceptual,Keyword,global-rrf,0.8620277243640098,1,1,0.28888888888888886,0.5898009332017898,0.517306671242844,1,2,0.0008166670000000001,64.23089999999999,books-genre-a=5 | books-genre-b=5
q046,coming of age story about a teenager finding their identity,Torso,CrossStripe,Conceptual,Keyword,minmax-norm,0.8675161689664421,1,1,0.4666666666666667,0.6213103255267519,0.5004790405374511,1,2,0.0008166670000000001,64.3183,books-genre-a=5 | books-genre-b=5
q046,coming of age story about a teenager finding their identity,Torso,CrossStripe,Conceptual,Keyword,zscore-norm,0.8654689513317587,1,1,0.4222222222222222,0.6081203473442097,0.5072238892003967,1,2,0.0008166670000000001,64.2585,books-genre-a=5 | books-genre-b=5
q046,coming of age story about a teenager finding their identity,Torso,CrossStripe,Conceptual,Keyword,idf-correct-probe,0.9882275085688949,1,1,0.5555555555555556,0.767061494286745,0.6105249236864911,1,14,0.0036166680000000004,592.1922,books-genre-a=5 | books-genre-b=5
q046,coming of age story about a teenager finding their identity,Torso,CrossStripe,Conceptual,Keyword,idf-correct-sidecar,0.9882275085688949,1,1,0.5555555555555556,0.767061494286745,0.6105249236864911,1,2,0.0008166670000000001,64.2629,books-genre-a=5 | books-genre-b=5
q046,coming of age story about a teenager finding their identity,Torso,CrossStripe,Conceptual,Keyword,global-bm25,0.4940941799291964,0.1,0.05263157894736842,0.2777777777777778,0.09283564275772092,1,1,2,0.0008166670000000001,65.6071,books-genre-a=8 | books-genre-b=2
q047,a story about losing someone you love and learning to go on,Torso,CrossStripe,Conceptual,Keyword,single-index,1,1,1,1,1,0.44405404575916974,1,1,0.000433333,66.5927,books-oracle2=10
q047,a story about losing someone you love and learning to go on,Torso,CrossStripe,Conceptual,Keyword,naive-score,0.8976038481326203,0.8,0.6666666666666666,0.7333333333333333,0.6201437848416931,0.5156294300057669,1,2,0.001233333,67.2556,books-genre-a=4 | books-genre-b=6
q047,a story about losing someone you love and learning to go on,Torso,CrossStripe,Conceptual,Keyword,interleave,0.9172888730627947,0.8,0.6666666666666666,0.6,0.6148657586784899,0.548842483820683,1,2,0.001233333,67.2444,books-genre-a=5 | books-genre-b=5
q047,a story about losing someone you love and learning to go on,Torso,CrossStripe,Conceptual,Keyword,quota-merge,0.9179002793512614,0.8,0.6666666666666666,0.6444444444444445,0.6196735057260265,0.5473376636747188,1,2,0.001233333,67.23679999999999,books-genre-a=5 | books-genre-b=5
q047,a story about losing someone you love and learning to go on,Torso,CrossStripe,Conceptual,Keyword,global-rrf,0.9179002793512614,0.8,0.6666666666666666,0.6444444444444445,0.6196735057260265,0.5473376636747188,1,2,0.001233333,67.2543,books-genre-a=5 | books-genre-b=5
q047,a story about losing someone you love and learning to go on,Torso,CrossStripe,Conceptual,Keyword,minmax-norm,0.9301547091955732,0.8,0.6666666666666666,0.8222222222222222,0.675269389817908,0.4909295208133259,1,2,0.001233333,67.2819,books-genre-a=4 | books-genre-b=6
q047,a story about losing someone you love and learning to go on,Torso,CrossStripe,Conceptual,Keyword,zscore-norm,0.8979773835988063,0.8,0.6666666666666666,0.7777777777777778,0.6300362684785997,0.5156294300057669,1,2,0.001233333,67.276,books-genre-a=4 | books-genre-b=6
q047,a story about losing someone you love and learning to go on,Torso,CrossStripe,Conceptual,Keyword,idf-correct-probe,0.8638584946972804,0.8,0.6666666666666666,0.5111111111111111,0.5318046949130762,0.5696629796158347,1,8,0.002566666,329.27349999999996,books-genre-a=5 | books-genre-b=5
q047,a story about losing someone you love and learning to go on,Torso,CrossStripe,Conceptual,Keyword,idf-correct-sidecar,0.8952009387908791,0.8,0.6666666666666666,0.6,0.60094412284973,0.5163818400787489,1,2,0.001233333,67.29679999999999,books-genre-a=4 | books-genre-b=6
q047,a story about losing someone you love and learning to go on,Torso,CrossStripe,Conceptual,Keyword,global-bm25,0.7024304087491001,0.5,0.3333333333333333,-0.1111111111111111,0.30334670876457676,0.35852869901631546,1,2,0.001233333,68.61019999999999,books-genre-a=4 | books-genre-b=6
q048,World War II,Head,CrossStripe,Lexical,Keyword,single-index,1,1,1,1,1,0.8701249883466593,1,1,0.0004,63.1844,books-oracle2=10
q048,World War II,Head,CrossStripe,Lexical,Keyword,naive-score,0.9963750036558285,0.9,0.8181818181818182,1,0.8472485077736082,0.8701249883466593,1,2,0.00075,57.2442,books-genre-a=1 | books-genre-b=9
q048,World War II,Head,CrossStripe,Lexical,Keyword,interleave,0.7834803719606728,0.5,0.3333333333333333,0.28888888888888886,0.39684071435247315,0.6698623505528797,1,2,0.00075,57.2354,books-genre-a=5 | books-genre-b=5
q048,World War II,Head,CrossStripe,Lexical,Keyword,quota-merge,0.786551198412698,0.5,0.3333333333333333,0.3333333333333333,0.41003069253501556,0.6698623505528797,1,2,0.00075,57.2253,books-genre-a=5 | books-genre-b=5
q048,World War II,Head,CrossStripe,Lexical,Keyword,global-rrf,0.786551198412698,0.5,0.3333333333333333,0.3333333333333333,0.41003069253501556,0.6698623505528797,1,2,0.00075,57.2443,books-genre-a=5 | books-genre-b=5
q048,World War II,Head,CrossStripe,Lexical,Keyword,minmax-norm,0.8373971803378912,0.7,0.5384615384615384,0.3333333333333333,0.5238311903903775,0.6947651160602988,1,2,0.00075,57.2697,books-genre-a=3 | books-genre-b=7
q048,World War II,Head,CrossStripe,Lexical,Keyword,zscore-norm,0.7530434379349308,0.7,0.5384615384615384,0.06666666666666667,0.37448951697651756,0.6410457898283652,1,2,0.00075,57.2644,books-genre-a=3 | books-genre-b=7
q048,World War II,Head,CrossStripe,Lexical,Keyword,idf-correct-probe,0.9999426168282078,1,1,0.9555555555555556,0.8543290079708894,0.8701249883466593,1,6,0.00155,231.5088,books-genre-b=10
q048,World War II,Head,CrossStripe,Lexical,Keyword,idf-correct-sidecar,0.9999426168282078,1,1,0.9555555555555556,0.8543290079708894,0.8701249883466593,1,2,0.00075,57.2768,books-genre-b=10
q048,World War II,Head,CrossStripe,Lexical,Keyword,global-bm25,0.9801914560564534,0.8,0.6666666666666666,0.8222222222222222,0.7713314219637453,0.9621404437403491,1,2,0.00075,58.6636,books-genre-a=1 | books-genre-b=9
q049,survival against impossible odds in a hostile environment,Torso,CrossStripe,Conceptual,Keyword,single-index,1,1,1,1,1,0.47337043941638596,1,1,0.000783333,66.4354,books-oracle2=10
q049,survival against impossible odds in a hostile environment,Torso,CrossStripe,Conceptual,Keyword,naive-score,0.9908641250322809,0.9,0.8181818181818182,0.9111111111111111,0.8008134496724155,0.47337043941638596,1,2,0.0005499999999999999,60.0669,books-genre-a=8 | books-genre-b=2
q049,survival against impossible odds in a hostile environment,Torso,CrossStripe,Conceptual,Keyword,interleave,0.9623353600447123,0.6,0.42857142857142855,0.6444444444444445,0.6767756215062772,0.4788399167096872,1,2,0.0005499999999999999,60.0571,books-genre-a=5 | books-genre-b=5
q049,survival against impossible odds in a hostile environment,Torso,CrossStripe,Conceptual,Keyword,quota-merge,0.9623353600447123,0.6,0.42857142857142855,0.6444444444444445,0.6767756215062772,0.4788399167096872,1,2,0.0005499999999999999,60.047399999999996,books-genre-a=5 | books-genre-b=5
q049,survival against impossible odds in a hostile environment,Torso,CrossStripe,Conceptual,Keyword,global-rrf,0.9623353600447123,0.6,0.42857142857142855,0.6444444444444445,0.6767756215062772,0.4788399167096872,1,2,0.0005499999999999999,60.0661,books-genre-a=5 | books-genre-b=5
q049,survival against impossible odds in a hostile environment,Torso,CrossStripe,Conceptual,Keyword,minmax-norm,0.985365052937942,0.8,0.6666666666666666,0.7333333333333333,0.7736626521395171,0.47337043941638596,1,2,0.0005499999999999999,60.093399999999995,books-genre-a=7 | books-genre-b=3
q049,survival against impossible odds in a hostile environment,Torso,CrossStripe,Conceptual,Keyword,zscore-norm,0.8883704234104225,0.6,0.42857142857142855,0.6,0.5762575740855924,0.4788399167096872,1,2,0.0005499999999999999,60.0873,books-genre-a=5 | books-genre-b=5
q049,survival against impossible odds in a hostile environment,Torso,CrossStripe,Conceptual,Keyword,idf-correct-probe,0.9977351820324306,0.9,0.8181818181818182,0.9555555555555556,0.8460465710117238,0.47337043941638596,1,10,0.002283333,409.6428,books-genre-a=8 | books-genre-b=2
q049,survival against impossible odds in a hostile environment,Torso,CrossStripe,Conceptual,Keyword,idf-correct-sidecar,0.9977351820324306,0.9,0.8181818181818182,0.9555555555555556,0.8460465710117238,0.47337043941638596,1,2,0.0005499999999999999,60.0997,books-genre-a=8 | books-genre-b=2
q049,survival against impossible odds in a hostile environment,Torso,CrossStripe,Conceptual,Keyword,global-bm25,0.46675055813617256,0.1,0.05263157894736842,0.37777777777777777,0.15204056946820513,0.8142491357462847,1,2,0.0005499999999999999,61.36879999999999,books-genre-a=6 | books-genre-b=4
q050,revenge,Head,CrossStripe,Lexical,Keyword,single-index,1,1,1,1,1,1,1,1,0.0003,62.5241,books-oracle2=10
q050,revenge,Head,CrossStripe,Lexical,Keyword,naive-score,0.995013238607719,0.9,0.8181818181818182,0.9555555555555556,0.8222877463193192,1,1,2,0.00039999999999999996,55.352,books-genre-a=6 | books-genre-b=4
q050,revenge,Head,CrossStripe,Lexical,Keyword,interleave,0.9804310228695455,0.9,0.8181818181818182,0.7333333333333333,0.7380252963437268,1,1,2,0.00039999999999999996,55.3414,books-genre-a=5 | books-genre-b=5
q050,revenge,Head,CrossStripe,Lexical,Keyword,quota-merge,0.9729790269686712,0.9,0.8181818181818182,0.6444444444444445,0.7032540790202424,1,1,2,0.00039999999999999996,55.332899999999995,books-genre-a=5 | books-genre-b=5
q050,revenge,Head,CrossStripe,Lexical,Keyword,global-rrf,0.9729790269686712,0.9,0.8181818181818182,0.6444444444444445,0.7032540790202424,1,1,2,0.00039999999999999996,55.350899999999996,books-genre-a=5 | books-genre-b=5
q050,revenge,Head,CrossStripe,Lexical,Keyword,minmax-norm,0.995013238607719,0.9,0.8181818181818182,0.9555555555555556,0.8222877463193192,1,1,2,0.00039999999999999996,55.373799999999996,books-genre-a=6 | books-genre-b=4
q050,revenge,Head,CrossStripe,Lexical,Keyword,zscore-norm,0.8591277715224175,0.9,0.8181818181818182,0.6888888888888889,0.5759516856371062,1,1,2,0.00039999999999999996,55.3694,books-genre-a=6 | books-genre-b=4
q050,revenge,Head,CrossStripe,Lexical,Keyword,idf-correct-probe,0.9962481614271856,0.9,0.8181818181818182,0.8666666666666667,0.8225966126110416,1,1,4,0.000783333,141.10070000000002,books-genre-a=6 | books-genre-b=4
q050,revenge,Head,CrossStripe,Lexical,Keyword,idf-correct-sidecar,0.9962481614271856,0.9,0.8181818181818182,0.8666666666666667,0.8225966126110416,1,1,2,0.00039999999999999996,55.3743,books-genre-a=6 | books-genre-b=4
q050,revenge,Head,CrossStripe,Lexical,Keyword,global-bm25,0.765950473736695,0.5,0.3333333333333333,0.2777777777777778,0.47312214424349763,1,1,2,0.00039999999999999996,56.6526,books-genre-a=7 | books-genre-b=3
q051,betrayal by someone you trusted completely,Torso,CrossStripe,Conceptual,Keyword,single-index,1,1,1,1,1,0.6149482192930058,1,1,0.000366667,65.2272,books-oracle2=10
q051,betrayal by someone you trusted completely,Torso,CrossStripe,Conceptual,Keyword,naive-score,0.9049345198378662,0.9,0.8181818181818182,0.37777777777777777,0.6207433372047362,0.673832741122194,1,2,0.000666666,58.246199999999995,books-genre-a=6 | books-genre-b=4
q051,betrayal by someone you trusted completely,Torso,CrossStripe,Conceptual,Keyword,interleave,0.9091214693015106,0.9,0.8181818181818182,0.5111111111111111,0.6306358208416428,0.6276839242047816,1,2,0.000666666,58.232699999999994,books-genre-a=5 | books-genre-b=5
q051,betrayal by someone you trusted completely,Torso,CrossStripe,Conceptual,Keyword,quota-merge,0.9830171783938203,0.9,0.8181818181818182,0.5111111111111111,0.7311538682623278,0.5797623483876598,1,2,0.000666666,58.223299999999995,books-genre-a=5 | books-genre-b=5
q051,betrayal by someone you trusted completely,Torso,CrossStripe,Conceptual,Keyword,global-rrf,0.9830171783938203,0.9,0.8181818181818182,0.5111111111111111,0.7311538682623278,0.5797623483876598,1,2,0.000666666,58.24209999999999,books-genre-a=5 | books-genre-b=5
q051,betrayal by someone you trusted completely,Torso,CrossStripe,Conceptual,Keyword,minmax-norm,0.9807538941868839,0.9,0.8181818181818182,0.5555555555555556,0.7311538682623278,0.6170068035730769,1,2,0.000666666,58.267799999999994,books-genre-a=6 | books-genre-b=4
q051,betrayal by someone you trusted completely,Torso,CrossStripe,Conceptual,Keyword,zscore-norm,0.9867804895053244,0.9,0.8181818181818182,0.6444444444444445,0.7542363300817767,0.5730259780933715,1,2,0.000666666,58.261599999999994,books-genre-a=5 | books-genre-b=5
q051,betrayal by someone you trusted completely,Torso,CrossStripe,Conceptual,Keyword,idf-correct-probe,0.8650576668820408,0.8,0.6666666666666666,0.28888888888888886,0.583700056034931,0.7655363925908236,1,8,0.001849999,315.7221,books-genre-a=7 | books-genre-b=3
q051,betrayal by someone you trusted completely,Torso,CrossStripe,Conceptual,Keyword,idf-correct-sidecar,0.8180079401849765,0.7,0.5384615384615384,0.28888888888888886,0.5127114935147881,0.8339313239490922,1,2,0.000666666,58.2752,books-genre-a=8 | books-genre-b=2
q051,betrayal by someone you trusted completely,Torso,CrossStripe,Conceptual,Keyword,global-bm25,0.43325480093472474,0.1,0.05263157894736842,0.1111111111111111,0.08095394229369897,0.8771324975457362,1,2,0.000666666,59.6707,books-genre-a=7 | books-genre-b=3
q052,an orphan raised by strangers who discovers the truth about their parents,Tail,CrossStripe,Conceptual,Keyword,single-index,1,1,1,1,1,0.20843952029644502,1,1,0.000433333,68.5507,books-oracle2=10
q052,an orphan raised by strangers who discovers the truth about their parents,Tail,CrossStripe,Conceptual,Keyword,naive-score,0.984741832662841,0.8,0.6666666666666666,0.7777777777777778,0.7837147920018732,0.22776043455990094,1,2,0.0008166670000000001,66.0613,books-genre-a=5 | books-genre-b=5
q052,an orphan raised by strangers who discovers the truth about their parents,Tail,CrossStripe,Conceptual,Keyword,interleave,0.8742258417391684,0.8,0.6666666666666666,0.6444444444444445,0.5976337722557529,0.22524295068487887,1,2,0.0008166670000000001,66.06,books-genre-a=5 | books-genre-b=5
q052,an orphan raised by strangers who discovers the truth about their parents,Tail,CrossStripe,Conceptual,Keyword,quota-merge,0.9668593406184146,0.8,0.6666666666666666,0.7777777777777778,0.7113417978589801,0.21916284644950357,1,2,0.0008166670000000001,66.0419,books-genre-a=5 | books-genre-b=5
q052,an orphan raised by strangers who discovers the truth about their parents,Tail,CrossStripe,Conceptual,Keyword,global-rrf,0.9668593406184146,0.8,0.6666666666666666,0.7777777777777778,0.7113417978589801,0.21916284644950357,1,2,0.0008166670000000001,66.0593,books-genre-a=5 | books-genre-b=5
q052,an orphan raised by strangers who discovers the truth about their parents,Tail,CrossStripe,Conceptual,Keyword,minmax-norm,0.9582755616154298,0.8,0.6666666666666666,0.6888888888888889,0.6885004595811448,0.15041843710747504,1,2,0.0008166670000000001,66.0894,books-genre-a=6 | books-genre-b=4
q052,an orphan raised by strangers who discovers the truth about their parents,Tail,CrossStripe,Conceptual,Keyword,zscore-norm,0.9770721092967247,0.8,0.6666666666666666,0.8222222222222222,0.7656812007715745,0.16413964636094922,1,2,0.0008166670000000001,66.0815,books-genre-a=6 | books-genre-b=4
q052,an orphan raised by strangers who discovers the truth about their parents,Tail,CrossStripe,Conceptual,Keyword,idf-correct-probe,0.8376952742646792,0.8,0.6666666666666666,0.6,0.5427492908211516,0.1661392775573379,1,12,0.0028333340000000003,525.6156,books-genre-a=6 | books-genre-b=4
q052,an orphan raised by strangers who discovers the truth about their parents,Tail,CrossStripe,Conceptual,Keyword,idf-correct-sidecar,0.8376952742646792,0.8,0.6666666666666666,0.6,0.5427492908211516,0.1661392775573379,1,2,0.0008166670000000001,66.0998,books-genre-a=6 | books-genre-b=4
q052,an orphan raised by strangers who discovers the truth about their parents,Tail,CrossStripe,Conceptual,Keyword,global-bm25,0.6116595905901749,0.3,0.17647058823529413,0.7222222222222222,0.3152484087109951,0.4128773648482375,1,2,0.0008166670000000001,67.4374,books-genre-a=5 | books-genre-b=5
q053,political corruption and the abuse of power,Torso,CrossStripe,Mixed,Keyword,single-index,1,1,1,1,1,0.7381213878760788,0.9,1,0.0004,64.5507,books-oracle2=10
q053,political corruption and the abuse of power,Torso,CrossStripe,Mixed,Keyword,naive-score,0.948573520695884,0.7,0.5384615384615384,0.4222222222222222,0.6411563949175684,0.8333948286418801,1,2,0.00075,58.096000000000004,books-genre-a=3 | books-genre-b=7
q053,political corruption and the abuse of power,Torso,CrossStripe,Mixed,Keyword,interleave,0.9351880414620994,0.7,0.5384615384615384,0.5555555555555556,0.6080267958644351,0.8974416542366758,1,2,0.00075,58.0843,books-genre-a=5 | books-genre-b=5
q053,political corruption and the abuse of power,Torso,CrossStripe,Mixed,Keyword,quota-merge,0.9441880142847243,0.7,0.5384615384615384,0.6444444444444445,0.63516666866802,0.9061602363963839,1,2,0.00075,58.0751,books-genre-a=5 | books-genre-b=5
q053,political corruption and the abuse of power,Torso,CrossStripe,Mixed,Keyword,global-rrf,0.9441880142847243,0.7,0.5384615384615384,0.6444444444444445,0.63516666866802,0.9061602363963839,1,2,0.00075,58.0934,books-genre-a=5 | books-genre-b=5
q053,political corruption and the abuse of power,Torso,CrossStripe,Mixed,Keyword,minmax-norm,0.9491866432821523,0.7,0.5384615384615384,0.5111111111111111,0.645964141965105,0.8318900084959158,1,2,0.00075,58.1205,books-genre-a=3 | books-genre-b=7
q053,political corruption and the abuse of power,Torso,CrossStripe,Mixed,Keyword,zscore-norm,0.9494939451164974,0.7,0.5384615384615384,0.5111111111111111,0.6487877394374678,0.8352102563461019,1,2,0.00075,58.114000000000004,books-genre-a=3 | books-genre-b=7
q053,political corruption and the abuse of power,Torso,CrossStripe,Mixed,Keyword,idf-correct-probe,0.9001749981619394,0.7,0.5384615384615384,0.5555555555555556,0.5887136255224249,0.8512188101354772,0.9,10,0.002316666,408.68870000000004,books-genre-a=7 | books-genre-b=3
q053,political corruption and the abuse of power,Torso,CrossStripe,Mixed,Keyword,idf-correct-sidecar,0.9052834691360507,0.7,0.5384615384615384,0.6,0.5887136255224249,0.8676854162637713,0.9,2,0.00075,58.125,books-genre-a=7 | books-genre-b=3
q053,political corruption and the abuse of power,Torso,CrossStripe,Mixed,Keyword,global-bm25,0.48529348398194083,0.3,0.17647058823529413,0.6444444444444445,0.15073254427289562,0.8406425899850414,0.9,2,0.00075,60.7965,books-genre-a=7 | books-genre-b=3
q054,isolation and loneliness,Torso,CrossStripe,Conceptual,Keyword,single-index,1,1,1,1,1,1,1,1,0.000333333,63.368,books-oracle2=10
q054,isolation and loneliness,Torso,CrossStripe,Conceptual,Keyword,naive-score,0.914591217711029,0.6,0.42857142857142855,0.5555555555555556,0.6242996181365977,1,1,2,0.000616667,55.769499999999994,books-genre-a=8 | books-genre-b=2
q054,isolation and loneliness,Torso,CrossStripe,Conceptual,Keyword,interleave,0.7891044919798416,0.5,0.3333333333333333,0.24444444444444444,0.4674627286782718,1,1,2,0.000616667,55.7587,books-genre-a=5 | books-genre-b=5
q054,isolation and loneliness,Torso,CrossStripe,Conceptual,Keyword,quota-merge,0.899020930690023,0.5,0.3333333333333333,0.3333333333333333,0.587489304382642,1,1,2,0.000616667,55.748799999999996,books-genre-a=5 | books-genre-b=5
q054,isolation and loneliness,Torso,CrossStripe,Conceptual,Keyword,global-rrf,0.899020930690023,0.5,0.3333333333333333,0.3333333333333333,0.587489304382642,1,1,2,0.000616667,55.767999999999994,books-genre-a=5 | books-genre-b=5
q054,isolation and loneliness,Torso,CrossStripe,Conceptual,Keyword,minmax-norm,0.6821537088849222,0.5,0.3333333333333333,0.4222222222222222,0.33282986359718963,1,1,2,0.000616667,55.791,books-genre-a=9 | books-genre-b=1
q054,isolation and loneliness,Torso,CrossStripe,Conceptual,Keyword,zscore-norm,0.8745744200450344,0.6,0.42857142857142855,0.28888888888888886,0.510524748031836,1,1,2,0.000616667,55.78639999999999,books-genre-a=8 | books-genre-b=2
q054,isolation and loneliness,Torso,CrossStripe,Conceptual,Keyword,idf-correct-probe,0.928856296564347,0.6,0.42857142857142855,0.4222222222222222,0.6546371961458161,1,1,6,0.001383333,252.38299999999998,books-genre-a=6 | books-genre-b=4
q054,isolation and loneliness,Torso,CrossStripe,Conceptual,Keyword,idf-correct-sidecar,0.928856296564347,0.6,0.42857142857142855,0.4222222222222222,0.6546371961458161,1,1,2,0.000616667,55.791999999999994,books-genre-a=6 | books-genre-b=4
q054,isolation and loneliness,Torso,CrossStripe,Conceptual,Keyword,global-bm25,0.7000051728219332,0.6,0.42857142857142855,-0.06666666666666667,0.42189550324351227,1,1,2,0.000616667,57.086299999999994,books-genre-a=4 | books-genre-b=6
q055,mother and daughter relationship across generations,Torso,CrossStripe,Conceptual,Keyword,single-index,1,1,1,1,1,0.8078921390121362,1,1,0.0004,65.37,books-oracle2=10
q055,mother and daughter relationship across generations,Torso,CrossStripe,Conceptual,Keyword,naive-score,0.938702073460309,0.8,0.6666666666666666,0.8222222222222222,0.7142567908838584,0.8134037085709533,1,2,0.00075,62.4773,books-genre-a=2 | books-genre-b=8
q055,mother and daughter relationship across generations,Torso,CrossStripe,Conceptual,Keyword,interleave,0.8947562070715817,0.6,0.42857142857142855,0.4666666666666667,0.5499637484629277,0.728902319164161,1,2,0.00075,62.4668,books-genre-a=5 | books-genre-b=5
q055,mother and daughter relationship across generations,Torso,CrossStripe,Conceptual,Keyword,quota-merge,0.9500283081750759,0.6,0.42857142857142855,0.5555555555555556,0.6552895429311492,0.728902319164161,1,2,0.00075,62.4575,books-genre-a=5 | books-genre-b=5
q055,mother and daughter relationship across generations,Torso,CrossStripe,Conceptual,Keyword,global-rrf,0.9500283081750759,0.6,0.42857142857142855,0.5555555555555556,0.6552895429311492,0.728902319164161,1,2,0.00075,62.4761,books-genre-a=5 | books-genre-b=5
q055,mother and daughter relationship across generations,Torso,CrossStripe,Conceptual,Keyword,minmax-norm,0.9932985882416868,0.8,0.6666666666666666,0.8666666666666667,0.8147748383045436,0.8134037085709533,1,2,0.00075,62.5281,books-genre-a=2 | books-genre-b=8
q055,mother and daughter relationship across generations,Torso,CrossStripe,Conceptual,Keyword,zscore-norm,0.9336786336903883,0.8,0.6666666666666666,0.6444444444444445,0.6795385421365562,0.8422260324520034,1,2,0.00075,62.4991,books-genre-a=3 | books-genre-b=7
q055,mother and daughter relationship across generations,Torso,CrossStripe,Conceptual,Keyword,idf-correct-probe,0.9978235769910067,0.9,0.8181818181818182,0.8666666666666667,0.8244839742000655,0.8141561186439353,1,10,0.002333333,406.15130000000005,books-genre-a=1 | books-genre-b=9
q055,mother and daughter relationship across generations,Torso,CrossStripe,Conceptual,Keyword,idf-correct-sidecar,0.9978235769910067,0.9,0.8181818181818182,0.8666666666666667,0.8244839742000655,0.8141561186439353,1,2,0.00075,62.5112,books-genre-a=1 | books-genre-b=9
q055,mother and daughter relationship across generations,Torso,CrossStripe,Conceptual,Keyword,global-bm25,0.7524310129663243,0.7,0.5384615384615384,0.2222222222222222,0.4571510369727235,0.7707685054439714,1,2,0.00075,63.8437,books-genre-a=3 | books-genre-b=7
q056,murder,Head,CrossStripe,Lexical,Keyword,single-index,1,1,1,1,1,1,1,1,0.000333333,90.531,books-oracle2=10
q056,murder,Head,CrossStripe,Lexical,Keyword,naive-score,0.7665391425840339,0.7,0.5384615384615384,0.15555555555555556,0.38002480857996485,1,1,2,0.00045,80.8436,books-genre-a=6 | books-genre-b=4
q056,murder,Head,CrossStripe,Lexical,Keyword,interleave,0.9095987711562039,0.6,0.42857142857142855,0.6444444444444445,0.5908252341477143,1,1,2,0.00045,80.8309,books-genre-a=5 | books-genre-b=5
q056,murder,Head,CrossStripe,Lexical,Keyword,quota-merge,0.8909507875324925,0.6,0.42857142857142855,0.4666666666666667,0.5380562915941509,1,1,2,0.00045,80.8218,books-genre-a=5 | books-genre-b=5
q056,murder,Head,CrossStripe,Lexical,Keyword,global-rrf,0.8909507875324925,0.6,0.42857142857142855,0.4666666666666667,0.5380562915941509,1,1,2,0.00045,80.8407,books-genre-a=5 | books-genre-b=5
q056,murder,Head,CrossStripe,Lexical,Keyword,minmax-norm,0.9373740182013099,0.7,0.5384615384615384,0.6888888888888889,0.6569919749165006,1,1,2,0.00045,80.8638,books-genre-a=6 | books-genre-b=4
q056,murder,Head,CrossStripe,Lexical,Keyword,zscore-norm,0.7912549745659783,0.6,0.42857142857142855,0.3333333333333333,0.40094411525913376,1,1,2,0.00045,80.8597,books-genre-a=5 | books-genre-b=5
q056,murder,Head,CrossStripe,Lexical,Keyword,idf-correct-probe,0.9702404228892004,0.8,0.6666666666666666,1,0.7736752283613064,1,1,2,0.00045,80.8624,books-genre-a=10
q056,murder,Head,CrossStripe,Lexical,Keyword,idf-correct-sidecar,0.9702404228892004,0.8,0.6666666666666666,1,0.7736752283613064,1,1,2,0.00045,80.8558,books-genre-a=10
q056,murder,Head,CrossStripe,Lexical,Keyword,global-bm25,0.48732710746650815,0.2,0.1111111111111111,0.16666666666666666,0.2101258190317974,1,1,2,0.00045,82.1918,books-genre-a=9 | books-genre-b=1
q057,a journey across a ruined landscape,Torso,CrossStripe,Conceptual,Keyword,single-index,1,1,1,1,1,0.7839394265030695,0.9,1,0.000383333,91.5509,books-oracle2=10
q057,a journey across a ruined landscape,Torso,CrossStripe,Conceptual,Keyword,naive-score,0.8987183479581622,1,1,0.6888888888888889,0.6794856935820263,0.7772084576217774,0.9,2,0.000716667,60.0404,books-genre-a=7 | books-genre-b=3
q057,a journey across a ruined landscape,Torso,CrossStripe,Conceptual,Keyword,interleave,0.8948615179543323,0.8,0.6666666666666666,0.7777777777777778,0.6453176387710399,0.7346459011865889,0.9,2,0.000716667,60.03,books-genre-a=5 | books-genre-b=5
q057,a journey across a ruined landscape,Torso,CrossStripe,Conceptual,Keyword,quota-merge,0.8775695045488252,0.8,0.6666666666666666,0.6444444444444445,0.6105464214475556,0.7193883824070996,0.9,2,0.000716667,60.0205,books-genre-a=5 | books-genre-b=5
q057,a journey across a ruined landscape,Torso,CrossStripe,Conceptual,Keyword,global-rrf,0.8775695045488252,0.8,0.6666666666666666,0.6444444444444445,0.6105464214475556,0.7193883824070996,0.9,2,0.000716667,60.0392,books-genre-a=5 | books-genre-b=5
q057,a journey across a ruined landscape,Torso,CrossStripe,Conceptual,Keyword,minmax-norm,0.8942041218897151,0.8,0.6666666666666666,0.7333333333333333,0.6321276605884977,0.7307917019506199,0.9,2,0.000716667,60.0677,books-genre-a=5 | books-genre-b=5
q057,a journey across a ruined landscape,Torso,CrossStripe,Conceptual,Keyword,zscore-norm,0.8745590436237417,0.8,0.6666666666666666,0.6444444444444445,0.6321276605884977,0.7772084576217774,0.9,2,0.000716667,60.0631,books-genre-a=5 | books-genre-b=5
q057,a journey across a ruined landscape,Torso,CrossStripe,Conceptual,Keyword,idf-correct-probe,0.9400599141801042,1,1,0.5111111111111111,0.6851270279296949,0.7716243168330214,0.9,8,0.0019,352.2183,books-genre-a=7 | books-genre-b=3
q057,a journey across a ruined landscape,Torso,CrossStripe,Conceptual,Keyword,idf-correct-sidecar,0.9287141668476961,0.9,0.8181818181818182,0.6444444444444445,0.6674869132591945,0.7716243168330214,0.9,2,0.000716667,60.075,books-genre-a=8 | books-genre-b=2
q057,a journey across a ruined landscape,Torso,CrossStripe,Conceptual,Keyword,global-bm25,0.5063395592560338,0.2,0.1111111111111111,0.28888888888888886,0.1475433123186292,0.9552009891550426,1,2,0.000716667,61.3812,books-genre-a=10
q058,religion faith and doubt,Torso,CrossStripe,Mixed,Keyword,single-index,1,1,1,1,1,0.9148568823583789,0.9,1,0.0007,62.5368,books-oracle2=10
q058,religion faith and doubt,Torso,CrossStripe,Mixed,Keyword,naive-score,0.9744089656114895,0.7,0.5384615384615384,0.8666666666666667,0.758810870827502,0.8785021462446923,0.9,2,0.000633333,58.6857,books-genre-a=3 | books-genre-b=7
q058,religion faith and doubt,Torso,CrossStripe,Mixed,Keyword,interleave,0.7400929974072369,0.5,0.3333333333333333,0.1111111111111111,0.3784210438851586,0.8877260017201221,0.9,2,0.000633333,58.6753,books-genre-a=5 | books-genre-b=5
q058,religion faith and doubt,Torso,CrossStripe,Mixed,Keyword,quota-merge,0.863783396909932,0.5,0.3333333333333333,0.2222222222222222,0.5060789641094287,0.8877260017201221,0.9,2,0.000633333,58.6661,books-genre-a=5 | books-genre-b=5
q058,religion faith and doubt,Torso,CrossStripe,Mixed,Keyword,global-rrf,0.863783396909932,0.5,0.3333333333333333,0.2222222222222222,0.5060789641094287,0.8877260017201221,0.9,2,0.000633333,58.6845,books-genre-a=5 | books-genre-b=5
q058,religion faith and doubt,Torso,CrossStripe,Mixed,Keyword,minmax-norm,0.8923715219204786,0.6,0.42857142857142855,0.2,0.5034068317064855,0.8764039984234793,0.9,2,0.000633333,58.7117,books-genre-a=4 | books-genre-b=6
q058,religion faith and doubt,Torso,CrossStripe,Mixed,Keyword,zscore-norm,0.7297070728326618,0.6,0.42857142857142855,-0.06666666666666667,0.32093217279772296,0.8795809969058676,0.9,2,0.000633333,58.733799999999995,books-genre-a=4 | books-genre-b=6
q058,religion faith and doubt,Torso,CrossStripe,Mixed,Keyword,idf-correct-probe,0.9980737746893691,1,1,0.9555555555555556,0.831996882214841,0.9148568823583789,0.9,8,0.0017833319999999999,326.8904,books-genre-b=10
q058,religion faith and doubt,Torso,CrossStripe,Mixed,Keyword,idf-correct-sidecar,0.9980737746893691,1,1,0.9555555555555556,0.831996882214841,0.9148568823583789,0.9,2,0.000633333,58.710699999999996,books-genre-b=10
q058,religion faith and doubt,Torso,CrossStripe,Mixed,Keyword,global-bm25,0.8799535383274733,0.6,0.42857142857142855,0.3333333333333333,0.4994528338578392,1,1,2,0.000633333,59.9799,books-genre-a=1 | books-genre-b=9
q059,London,Head,CrossStripe,Lexical,Keyword,single-index,1,1,1,1,1,0.9513467899190737,1,1,0.000633333,62.1866,books-oracle2=10
q059,London,Head,CrossStripe,Lexical,Keyword,naive-score,0.9889024037765931,0.9,0.8181818181818182,0.8666666666666667,0.8085818067537378,0.9458352203602566,1,2,0.0003,54.222899999999996,books-genre-a=3 | books-genre-b=7
q059,London,Head,CrossStripe,Lexical,Keyword,interleave,0.9224261263643044,0.8,0.6666666666666666,0.6888888888888889,0.6767585203774144,0.9513467899190737,1,2,0.0003,54.206599999999995,books-genre-a=5 | books-genre-b=5
q059,London,Head,CrossStripe,Lexical,Keyword,quota-merge,0.9755652748227689,0.8,0.6666666666666666,0.7333333333333333,0.7501366949945143,0.9513467899190737,1,2,0.0003,54.1941,books-genre-a=5 | books-genre-b=5
q059,London,Head,CrossStripe,Lexical,Keyword,global-rrf,0.9755652748227689,0.8,0.6666666666666666,0.7333333333333333,0.7501366949945143,0.9513467899190737,1,2,0.0003,54.2115,books-genre-a=5 | books-genre-b=5
q059,London,Head,CrossStripe,Lexical,Keyword,minmax-norm,0.9889024037765931,0.9,0.8181818181818182,0.8666666666666667,0.8085818067537378,0.9458352203602566,1,2,0.0003,54.236799999999995,books-genre-a=3 | books-genre-b=7
q059,London,Head,CrossStripe,Lexical,Keyword,zscore-norm,0.9889024037765931,0.9,0.8181818181818182,0.8666666666666667,0.8085818067537378,0.9458352203602566,1,2,0.0003,54.23,books-genre-a=3 | books-genre-b=7
q059,London,Head,CrossStripe,Lexical,Keyword,idf-correct-probe,0.9896721825686846,0.9,0.8181818181818182,0.9111111111111111,0.8269012208961576,0.9513467899190737,1,4,0.0006833329999999999,145.7293,books-genre-a=3 | books-genre-b=7
q059,London,Head,CrossStripe,Lexical,Keyword,idf-correct-sidecar,0.9896721825686846,0.9,0.8181818181818182,0.9111111111111111,0.8269012208961576,0.9513467899190737,1,2,0.0003,54.2576,books-genre-a=3 | books-genre-b=7
q059,London,Head,CrossStripe,Lexical,Keyword,global-bm25,0.7376911145929327,0.3,0.17647058823529413,0.5555555555555556,0.3496412576848927,1,1,2,0.0003,55.515899999999995,books-genre-a=8 | books-genre-b=2
q060,Paris,Head,CrossStripe,Lexical,Keyword,single-index,1,1,1,1,1,1,1,1,0.000266667,62.4305,books-oracle2=10
q060,Paris,Head,CrossStripe,Lexical,Keyword,naive-score,0.832293904565024,1,1,0.4222222222222222,0.5489373313838589,1,1,2,0.000266667,54.0548,books-genre-a=1 | books-genre-b=9
q060,Paris,Head,CrossStripe,Lexical,Keyword,interleave,0.7365665611130506,0.6,0.42857142857142855,0.15555555555555556,0.33791636667791347,0.8899541168509599,1,2,0.000266667,54.0437,books-genre-a=5 | books-genre-b=5
q060,Paris,Head,CrossStripe,Lexical,Keyword,quota-merge,0.756346170669031,0.6,0.42857142857142855,0.24444444444444444,0.34272411372545014,0.8899541168509599,1,2,0.000266667,54.0321,books-genre-a=5 | books-genre-b=5
q060,Paris,Head,CrossStripe,Lexical,Keyword,global-rrf,0.756346170669031,0.6,0.42857142857142855,0.24444444444444444,0.34272411372545014,0.8899541168509599,1,2,0.000266667,54.0528,books-genre-a=5 | books-genre-b=5
q060,Paris,Head,CrossStripe,Lexical,Keyword,minmax-norm,0.8514725041119552,1,1,0.4666666666666667,0.5489373313838589,1,1,2,0.000266667,54.0869,books-genre-a=1 | books-genre-b=9
q060,Paris,Head,CrossStripe,Lexical,Keyword,zscore-norm,0.8250951565833274,0.9,0.8181818181818182,0.24444444444444444,0.5167706062411301,0.9216017310213247,1,2,0.000266667,54.0775,books-genre-a=2 | books-genre-b=8
q060,Paris,Head,CrossStripe,Lexical,Keyword,idf-correct-probe,0.9008153102979278,1,1,0.6,0.6396297396691717,1,1,4,0.00065,152.9872,books-genre-a=1 | books-genre-b=9
q060,Paris,Head,CrossStripe,Lexical,Keyword,idf-correct-sidecar,0.9008153102979278,1,1,0.6,0.6396297396691717,1,1,2,0.000266667,54.067299999999996,books-genre-a=1 | books-genre-b=9
q060,Paris,Head,CrossStripe,Lexical,Keyword,global-bm25,0.7906541003645615,0.7,0.5384615384615384,0.24444444444444444,0.44889988959288896,1,1,2,0.000266667,55.3662,books-genre-a=2 | books-genre-b=8
q061,the sea and the people who make their living on it,Torso,CrossStripe,Conceptual,Keyword,single-index,1,1,1,1,1,0.3997321831932371,1,1,0.000416667,64.9485,books-oracle2=10
q061,the sea and the people who make their living on it,Torso,CrossStripe,Conceptual,Keyword,naive-score,0.9913347726833175,0.9,0.8181818181818182,0.7333333333333333,0.7710755532399732,0.42812685038797527,1,2,0.000783333,61.958,books-genre-a=4 | books-genre-b=6
q061,the sea and the people who make their living on it,Torso,CrossStripe,Conceptual,Keyword,interleave,0.9230140622512087,0.8,0.6666666666666666,0.5111111111111111,0.6268372712520316,0.36058829312358015,1,2,0.000783333,61.9442,books-genre-a=5 | books-genre-b=5
q061,the sea and the people who make their living on it,Torso,CrossStripe,Conceptual,Keyword,quota-merge,0.9243400803943579,0.8,0.6666666666666666,0.6,0.6392763628194678,0.3598408695421904,1,2,0.000783333,61.9367,books-genre-a=5 | books-genre-b=5
q061,the sea and the people who make their living on it,Torso,CrossStripe,Conceptual,Keyword,global-rrf,0.9243400803943579,0.8,0.6666666666666666,0.6,0.6392763628194678,0.3598408695421904,1,2,0.000783333,61.9549,books-genre-a=5 | books-genre-b=5
q061,the sea and the people who make their living on it,Torso,CrossStripe,Conceptual,Keyword,minmax-norm,0.9367382579019397,0.9,0.8181818181818182,0.6888888888888889,0.6705575058192884,0.3817100947168177,1,2,0.000783333,61.9805,books-genre-a=4 | books-genre-b=6
q061,the sea and the people who make their living on it,Torso,CrossStripe,Conceptual,Keyword,zscore-norm,0.9367382579019397,0.9,0.8181818181818182,0.6888888888888889,0.6705575058192884,0.3817100947168177,1,2,0.000783333,61.9769,books-genre-a=4 | books-genre-b=6
q061,the sea and the people who make their living on it,Torso,CrossStripe,Conceptual,Keyword,idf-correct-probe,0.9916626706626139,0.9,0.8181818181818182,0.8222222222222222,0.7818929840969308,0.42812685038797527,1,6,0.001549999,239.8784,books-genre-a=4 | books-genre-b=6
q061,the sea and the people who make their living on it,Torso,CrossStripe,Conceptual,Keyword,idf-correct-sidecar,0.9913347726833175,0.9,0.8181818181818182,0.7333333333333333,0.7710755532399732,0.42812685038797527,1,2,0.000783333,61.9838,books-genre-a=4 | books-genre-b=6
q061,the sea and the people who make their living on it,Torso,CrossStripe,Conceptual,Keyword,global-bm25,0.6405491093485776,0.5,0.3333333333333333,0.5,0.420414030349455,0.2462798195601506,1,2,0.000783333,63.2717,books-genre-a=5 | books-genre-b=5
q062,a small town where everyone is hiding something,Torso,CrossStripe,Conceptual,Keyword,single-index,1,1,1,1,1,0.5995961692316646,0.9,1,0.000866667,66.1203,books-oracle2=10
q062,a small town where everyone is hiding something,Torso,CrossStripe,Conceptual,Keyword,naive-score,0.9648422505307591,0.8,0.6666666666666666,0.8222222222222222,0.7037661748683888,0.6580758629381686,1,2,0.000783333,63.6325,books-genre-a=4 | books-genre-b=6
q062,a small town where everyone is hiding something,Torso,CrossStripe,Conceptual,Keyword,interleave,0.965942616450955,0.9,0.8181818181818182,0.6888888888888889,0.719307787499521,0.6101335246360703,1,2,0.000783333,63.6194,books-genre-a=5 | books-genre-b=5
q062,a small town where everyone is hiding something,Torso,CrossStripe,Conceptual,Keyword,quota-merge,0.9623612191793591,0.9,0.8181818181818182,0.6,0.6873601676483995,0.6057742335562162,1,2,0.000783333,63.6163,books-genre-a=5 | books-genre-b=5
q062,a small town where everyone is hiding something,Torso,CrossStripe,Conceptual,Keyword,global-rrf,0.9623612191793591,0.9,0.8181818181818182,0.6,0.6873601676483995,0.6057742335562162,1,2,0.000783333,63.629,books-genre-a=5 | books-genre-b=5
q062,a small town where everyone is hiding something,Torso,CrossStripe,Conceptual,Keyword,minmax-norm,0.942902652892931,0.8,0.6666666666666666,0.4666666666666667,0.6177005979461289,0.5876240099832428,1,2,0.000783333,63.657199999999996,books-genre-a=4 | books-genre-b=6
q062,a small town where everyone is hiding something,Torso,CrossStripe,Conceptual,Keyword,zscore-norm,0.9541522389075789,0.8,0.6666666666666666,0.7333333333333333,0.676626302064804,0.6100893880242007,1,2,0.000783333,63.6511,books-genre-a=4 | books-genre-b=6
q062,a small town where everyone is hiding something,Torso,CrossStripe,Conceptual,Keyword,idf-correct-probe,0.9734877079734977,0.8,0.6666666666666666,0.6444444444444445,0.6945778861406744,0.6974240835022041,1,10,0.0027166660000000004,415.31550000000004,books-genre-a=7 | books-genre-b=3
q062,a small town where everyone is hiding something,Torso,CrossStripe,Conceptual,Keyword,idf-correct-sidecar,0.9824043322432112,0.9,0.8181818181818182,0.7333333333333333,0.7389210018746298,0.66642712056709,1,2,0.000783333,63.6646,books-genre-a=6 | books-genre-b=4
q062,a small town where everyone is hiding something,Torso,CrossStripe,Conceptual,Keyword,global-bm25,0.6707960135074701,0.3,0.17647058823529413,-0.1111111111111111,0.25582528267015053,0.9363792118010483,0.9,2,0.000783333,65.0609,books-genre-a=7 | books-genre-b=3
q063,identity and what makes someone who they are,Torso,CrossStripe,Conceptual,Keyword,single-index,1,1,1,1,1,1,1,1,0.00085,64.4356,books-oracle2=10
q063,identity and what makes someone who they are,Torso,CrossStripe,Conceptual,Keyword,naive-score,0.9644914458840156,0.7,0.5384615384615384,0.7333333333333333,0.6929440516528105,1,1,2,0.0006000000000000001,60.4328,books-genre-a=8 | books-genre-b=2
q063,identity and what makes someone who they are,Torso,CrossStripe,Conceptual,Keyword,interleave,0.946700540683575,0.7,0.5384615384615384,0.6444444444444445,0.6606862384907803,0.9057929118655972,1,2,0.0006000000000000001,60.422000000000004,books-genre-a=5 | books-genre-b=5
q063,identity and what makes someone who they are,Torso,CrossStripe,Conceptual,Keyword,quota-merge,0.9463762121138354,0.7,0.5384615384615384,0.6444444444444445,0.6530548939708811,0.9035456546298357,1,2,0.0006000000000000001,60.4127,books-genre-a=5 | books-genre-b=5
q063,identity and what makes someone who they are,Torso,CrossStripe,Conceptual,Keyword,global-rrf,0.9463762121138354,0.7,0.5384615384615384,0.6444444444444445,0.6530548939708811,0.9035456546298357,1,2,0.0006000000000000001,60.4311,books-genre-a=5 | books-genre-b=5
q063,identity and what makes someone who they are,Torso,CrossStripe,Conceptual,Keyword,minmax-norm,0.9609236791308045,0.8,0.6666666666666666,0.4222222222222222,0.6772306945070778,0.9603250160361273,1,2,0.0006000000000000001,60.46,books-genre-a=6 | books-genre-b=4
q063,identity and what makes someone who they are,Torso,CrossStripe,Conceptual,Keyword,zscore-norm,0.9609740429227782,0.8,0.6666666666666666,0.4666666666666667,0.6772306945070778,0.9621404437403491,1,2,0.0006000000000000001,60.453700000000005,books-genre-a=6 | books-genre-b=4
q063,identity and what makes someone who they are,Torso,CrossStripe,Conceptual,Keyword,idf-correct-probe,0.9553568467563818,0.7,0.5384615384615384,0.4666666666666667,0.67930302332349,1,1,4,0.0012000000000000001,147.871,books-genre-a=8 | books-genre-b=2
q063,identity and what makes someone who they are,Torso,CrossStripe,Conceptual,Keyword,idf-correct-sidecar,0.9284100371946444,0.7,0.5384615384615384,0.5111111111111111,0.6684855924665326,1,1,2,0.0006000000000000001,60.4579,books-genre-a=10
q063,identity and what makes someone who they are,Torso,CrossStripe,Conceptual,Keyword,global-bm25,0.8546261208959474,0.4,0.25,0.4666666666666667,0.5025279131320436,1,1,2,0.0006000000000000001,61.7685,books-genre-a=5 | books-genre-b=5
q064,father and son,Head,CrossStripe,Lexical,Keyword,single-index,1,1,1,1,1,0.8859554198836609,1,1,0.00035,63.9296,books-oracle2=10
q064,father and son,Head,CrossStripe,Lexical,Keyword,naive-score,0.9905551960129668,0.8,0.6666666666666666,0.9555555555555556,0.8293458984116654,0.9432106656105237,1,2,0.000633334,55.6326,books-genre-a=4 | books-genre-b=6
q064,father and son,Head,CrossStripe,Lexical,Keyword,interleave,0.8119036797999093,0.7,0.5384615384615384,0.24444444444444444,0.47507440889873725,0.8702308504891342,1,2,0.000633334,55.6184,books-genre-a=5 | books-genre-b=5
q064,father and son,Head,CrossStripe,Lexical,Keyword,quota-merge,0.8761116775888288,0.7,0.5384615384615384,0.4222222222222222,0.5230356044047638,0.8760121493430877,1,2,0.000633334,55.6103,books-genre-a=5 | books-genre-b=5
q064,father and son,Head,CrossStripe,Lexical,Keyword,global-rrf,0.8761116775888288,0.7,0.5384615384615384,0.4222222222222222,0.5230356044047638,0.8760121493430877,1,2,0.000633334,55.6272,books-genre-a=5 | books-genre-b=5
q064,father and son,Head,CrossStripe,Lexical,Keyword,minmax-norm,0.9674960096021892,0.7,0.5384615384615384,0.5555555555555556,0.6842825898348139,0.878269379562034,1,2,0.000633334,55.6553,books-genre-a=5 | books-genre-b=5
q064,father and son,Head,CrossStripe,Lexical,Keyword,zscore-norm,0.8578426664335042,0.7,0.5384615384615384,0.4666666666666667,0.5385314210748209,0.878269379562034,1,2,0.000633334,55.6503,books-genre-a=5 | books-genre-b=5
q064,father and son,Head,CrossStripe,Lexical,Keyword,idf-correct-probe,0.9997898725962474,1,1,0.9111111111111111,0.8483193241614684,0.8886785614399936,1,6,0.0015500000000000002,231.2481,books-genre-a=2 | books-genre-b=8
q064,father and son,Head,CrossStripe,Lexical,Keyword,idf-correct-sidecar,0.992736497290556,0.9,0.8181818181818182,0.9555555555555556,0.8364263986089467,0.8886785614399936,1,2,0.000633334,55.6542,books-genre-a=3 | books-genre-b=7
q064,father and son,Head,CrossStripe,Lexical,Keyword,global-bm25,0.5259048382830049,0.4,0.25,0.28888888888888886,0.2790625540608916,1,1,2,0.000633334,56.9725,books-genre-a=3 | books-genre-b=7
q065,escape from captivity,Torso,CrossStripe,Conceptual,Keyword,single-index,1,1,1,1,1,1,1,1,0.000316667,63.9656,books-oracle2=10
q065,escape from captivity,Torso,CrossStripe,Conceptual,Keyword,naive-score,0.9694484557402342,0.7,0.5384615384615384,0.8222222222222222,0.7312718092308467,1,1,2,0.0005833329999999999,55.8085,books-genre-a=4 | books-genre-b=6
q065,escape from captivity,Torso,CrossStripe,Conceptual,Keyword,interleave,0.8990886433322932,0.8,0.6666666666666666,0.6,0.6136531372991857,0.933745776545611,0.9,2,0.0005833329999999999,55.7947,books-genre-a=5 | books-genre-b=5
q065,escape from captivity,Torso,CrossStripe,Conceptual,Keyword,quota-merge,0.9063279718336426,0.8,0.6666666666666666,0.7777777777777778,0.6664220798527491,0.9363792118010483,0.9,2,0.0005833329999999999,55.7855,books-genre-a=5 | books-genre-b=5
q065,escape from captivity,Torso,CrossStripe,Conceptual,Keyword,global-rrf,0.9063279718336426,0.8,0.6666666666666666,0.7777777777777778,0.6664220798527491,0.9363792118010483,0.9,2,0.0005833329999999999,55.8049,books-genre-a=5 | books-genre-b=5
q065,escape from captivity,Torso,CrossStripe,Conceptual,Keyword,minmax-norm,0.8533333245967331,0.7,0.5384615384615384,0.7777777777777778,0.5560036422392989,1,1,2,0.0005833329999999999,55.83,books-genre-a=2 | books-genre-b=8
q065,escape from captivity,Torso,CrossStripe,Conceptual,Keyword,zscore-norm,0.8533333245967331,0.7,0.5384615384615384,0.7777777777777778,0.5560036422392989,1,1,2,0.0005833329999999999,55.823100000000004,books-genre-a=2 | books-genre-b=8
q065,escape from captivity,Torso,CrossStripe,Conceptual,Keyword,idf-correct-probe,0.8656060182759734,0.7,0.5384615384615384,0.7333333333333333,0.5855206404708535,1,1,6,0.001349999,233.7205,books-genre-a=4 | books-genre-b=6
q065,escape from captivity,Torso,CrossStripe,Conceptual,Keyword,idf-correct-sidecar,0.9694484557402342,0.7,0.5384615384615384,0.8222222222222222,0.7312718092308467,1,1,2,0.0005833329999999999,55.832,books-genre-a=4 | books-genre-b=6
q065,escape from captivity,Torso,CrossStripe,Conceptual,Keyword,global-bm25,0.5917326552783447,0.2,0.1111111111111111,0.4222222222222222,0.296719987348097,0.8899541168509599,0.9,2,0.0005833329999999999,57.3277,books-genre-a=6 | books-genre-b=4
q066,a secret that destroys a community when it comes out,Torso,CrossStripe,Conceptual,Keyword,single-index,1,1,1,1,1,0.44841842845314217,1,1,0.00085,66.5362,books-oracle2=10
q066,a secret that destroys a community when it comes out,Torso,CrossStripe,Conceptual,Keyword,naive-score,0.9489137807845756,0.8,0.6666666666666666,0.4222222222222222,0.6332882535465627,0.4553652976864179,1,2,0.000766667,63.935,books-genre-a=5 | books-genre-b=5
q066,a secret that destroys a community when it comes out,Torso,CrossStripe,Conceptual,Keyword,interleave,0.947792757850186,0.8,0.6666666666666666,0.4222222222222222,0.6233957699096561,0.4540037269082515,1,2,0.000766667,63.924200000000006,books-genre-a=5 | books-genre-b=5
q066,a secret that destroys a community when it comes out,Torso,CrossStripe,Conceptual,Keyword,quota-merge,0.9452017766061639,0.8,0.6666666666666666,0.37777777777777777,0.6102057917271138,0.45496727671724374,1,2,0.000766667,63.914100000000005,books-genre-a=5 | books-genre-b=5
q066,a secret that destroys a community when it comes out,Torso,CrossStripe,Conceptual,Keyword,global-rrf,0.9452017766061639,0.8,0.6666666666666666,0.37777777777777777,0.6102057917271138,0.45496727671724374,1,2,0.000766667,63.935300000000005,books-genre-a=5 | books-genre-b=5
q066,a secret that destroys a community when it comes out,Torso,CrossStripe,Conceptual,Keyword,minmax-norm,0.9300207761550694,0.8,0.6666666666666666,0.1111111111111111,0.5646171435466718,0.458206833193329,1,2,0.000766667,63.9641,books-genre-a=5 | books-genre-b=5
q066,a secret that destroys a community when it comes out,Torso,CrossStripe,Conceptual,Keyword,zscore-norm,0.9344078830834828,0.8,0.6666666666666666,0.24444444444444444,0.5782581718759923,0.45155099147441347,1,2,0.000766667,63.979200000000006,books-genre-a=5 | books-genre-b=5
q066,a secret that destroys a community when it comes out,Torso,CrossStripe,Conceptual,Keyword,idf-correct-probe,0.96198304214133,0.7,0.5384615384615384,0.7333333333333333,0.7455514313980313,0.46516880423289586,1,12,0.002766667,499.4633,books-genre-a=8 | books-genre-b=2
q066,a secret that destroys a community when it comes out,Torso,CrossStripe,Conceptual,Keyword,idf-correct-sidecar,0.9620208006059694,0.7,0.5384615384615384,0.7333333333333333,0.7455514313980313,0.4657306185418363,1,2,0.000766667,63.96810000000001,books-genre-a=8 | books-genre-b=2
q066,a secret that destroys a community when it comes out,Torso,CrossStripe,Conceptual,Keyword,global-bm25,0.459975274152714,0.2,0.1111111111111111,0.2777777777777778,0.13756205535855068,0.41771800827068195,1,2,0.000766667,65.2622,books-genre-a=8 | books-genre-b=2
q067,the American South,Torso,CrossStripe,Lexical,Keyword,single-index,1,1,1,1,1,0.5271064966405454,1,1,0.00035,66.2869,books-oracle2=10
q067,the American South,Torso,CrossStripe,Lexical,Keyword,naive-score,0.8589304210927075,0.7,0.5384615384615384,0.5555555555555556,0.5525753864237559,0.40309068672045323,1,2,0.00048333299999999996,56.7784,books-genre-a=4 | books-genre-b=6
q067,the American South,Torso,CrossStripe,Lexical,Keyword,interleave,0.8206094647647377,0.6,0.42857142857142855,0.3333333333333333,0.4351868487099286,0.3850570940841345,1,2,0.00048333299999999996,56.7671,books-genre-a=5 | books-genre-b=5
q067,the American South,Torso,CrossStripe,Lexical,Keyword,quota-merge,0.9167137317087832,0.6,0.42857142857142855,0.4222222222222222,0.5405126431781504,0.46365298125322274,1,2,0.00048333299999999996,56.7591,books-genre-a=5 | books-genre-b=5
q067,the American South,Torso,CrossStripe,Lexical,Keyword,global-rrf,0.9167137317087832,0.6,0.42857142857142855,0.4222222222222222,0.5405126431781504,0.46365298125322274,1,2,0.00048333299999999996,56.7755,books-genre-a=5 | books-genre-b=5
q067,the American South,Torso,CrossStripe,Lexical,Keyword,minmax-norm,0.95416661031504,0.7,0.5384615384615384,0.6,0.6530934338444409,0.4843200091449788,1,2,0.00048333299999999996,56.8038,books-genre-a=4 | books-genre-b=6
q067,the American South,Torso,CrossStripe,Lexical,Keyword,zscore-norm,0.8418042412004589,0.7,0.5384615384615384,0.37777777777777777,0.4895922713209449,0.38635635899127996,1,2,0.00048333299999999996,56.7971,books-genre-a=4 | books-genre-b=6
q067,the American South,Torso,CrossStripe,Lexical,Keyword,idf-correct-probe,0.99693946391835,0.9,0.8181818181818182,1,0.849427619122904,0.5361951806689671,1,6,0.001249999,232.2133,books-genre-a=2 | books-genre-b=8
q067,the American South,Torso,CrossStripe,Lexical,Keyword,idf-correct-sidecar,0.99693946391835,0.9,0.8181818181818182,1,0.849427619122904,0.5361951806689671,1,2,0.00048333299999999996,56.8079,books-genre-a=2 | books-genre-b=8
q067,the American South,Torso,CrossStripe,Lexical,Keyword,global-bm25,0.4285822383469382,0.3,0.17647058823529413,0.05555555555555555,0.1368080266110394,0.7314381323649597,1,2,0.00048333299999999996,58.1401,books-genre-a=4 | books-genre-b=6
q068,grief after the death of a child,Torso,CrossStripe,Conceptual,Keyword,single-index,1,1,1,1,1,0.17461357996164928,1,1,0.000416667,64.8442,books-oracle2=10
q068,grief after the death of a child,Torso,CrossStripe,Conceptual,Keyword,naive-score,0.9733263455285164,0.8,0.6666666666666666,0.6444444444444445,0.7326712122179608,0.15055395061407761,1,2,0.0006000000000000001,84.1281,books-genre-a=3 | books-genre-b=7
q068,grief after the death of a child,Torso,CrossStripe,Conceptual,Keyword,interleave,0.8742878026771823,0.9,0.8181818181818182,0.37777777777777777,0.5605312572481527,0.16627603404549507,1,2,0.0006000000000000001,84.1114,books-genre-a=5 | books-genre-b=5
q068,grief after the death of a child,Torso,CrossStripe,Conceptual,Keyword,quota-merge,0.8785997714857672,0.9,0.8181818181818182,0.4666666666666667,0.5813525799505945,0.16434893442751058,1,2,0.0006000000000000001,84.1031,books-genre-a=5 | books-genre-b=5
q068,grief after the death of a child,Torso,CrossStripe,Conceptual,Keyword,global-rrf,0.8785997714857672,0.9,0.8181818181818182,0.4666666666666667,0.5813525799505945,0.16434893442751058,1,2,0.0006000000000000001,84.1201,books-genre-a=5 | books-genre-b=5
q068,grief after the death of a child,Torso,CrossStripe,Conceptual,Keyword,minmax-norm,0.8902041297071516,0.9,0.8181818181818182,0.6,0.6268118668965992,0.16291054960484908,1,2,0.0006000000000000001,84.1477,books-genre-a=5 | books-genre-b=5
q068,grief after the death of a child,Torso,CrossStripe,Conceptual,Keyword,zscore-norm,0.8889856956538991,0.9,0.8181818181818182,0.5111111111111111,0.6191805223766997,0.16434893442751058,1,2,0.0006000000000000001,84.1428,books-genre-a=5 | books-genre-b=5
q068,grief after the death of a child,Torso,CrossStripe,Conceptual,Keyword,idf-correct-probe,0.9836263435846356,0.9,0.8181818181818182,0.7333333333333333,0.7544697871208691,0.15130636068705972,1,6,0.0016,256.5098,books-genre-a=5 | books-genre-b=5
q068,grief after the death of a child,Torso,CrossStripe,Conceptual,Keyword,idf-correct-sidecar,0.9836263435846356,0.9,0.8181818181818182,0.7333333333333333,0.7544697871208691,0.15130636068705972,1,2,0.0006000000000000001,84.1589,books-genre-a=5 | books-genre-b=5
q068,grief after the death of a child,Torso,CrossStripe,Conceptual,Keyword,global-bm25,0.6404631210371868,0.6,0.42857142857142855,-0.1111111111111111,0.3365199362079106,0.27225469766578464,1,2,0.0006000000000000001,85.6227,books-genre-a=5 | books-genre-b=5
q069,an outsider who does not fit in anywhere,Torso,CrossStripe,Conceptual,Keyword,single-index,1,1,1,1,1,0.8547819866375412,1,1,0.000416667,66.4199,books-oracle2=10
q069,an outsider who does not fit in anywhere,Torso,CrossStripe,Conceptual,Keyword,naive-score,0.9649982276225196,0.8,0.6666666666666666,0.4666666666666667,0.6637436304711113,0.9603250160361273,1,2,0.000783333,63.122099999999996,books-genre-a=5 | books-genre-b=5
q069,an outsider who does not fit in anywhere,Torso,CrossStripe,Conceptual,Keyword,interleave,0.9012419754066356,0.8,0.6666666666666666,0.6,0.6210792621933597,0.9580777588003657,1,2,0.000783333,63.110699999999994,books-genre-a=5 | books-genre-b=5
q069,an outsider who does not fit in anywhere,Torso,CrossStripe,Conceptual,Keyword,quota-merge,0.8992141995139403,0.8,0.6666666666666666,0.5111111111111111,0.6030815369632807,0.9580777588003657,1,2,0.000783333,63.1035,books-genre-a=5 | books-genre-b=5
q069,an outsider who does not fit in anywhere,Torso,CrossStripe,Conceptual,Keyword,global-rrf,0.8992141995139403,0.8,0.6666666666666666,0.5111111111111111,0.6030815369632807,0.9580777588003657,1,2,0.000783333,63.120599999999996,books-genre-a=5 | books-genre-b=5
q069,an outsider who does not fit in anywhere,Torso,CrossStripe,Conceptual,Keyword,minmax-norm,0.8651622561621949,0.7,0.5384615384615384,0.6,0.5317818029729665,0.9621404437403491,1,2,0.000783333,63.148999999999994,books-genre-a=4 | books-genre-b=6
q069,an outsider who does not fit in anywhere,Torso,CrossStripe,Conceptual,Keyword,zscore-norm,0.8792983268260589,0.8,0.6666666666666666,0.4222222222222222,0.5903654558540112,0.9603250160361273,1,2,0.000783333,63.144099999999995,books-genre-a=5 | books-genre-b=5
q069,an outsider who does not fit in anywhere,Torso,CrossStripe,Conceptual,Keyword,idf-correct-probe,0.8911398197923045,0.9,0.8181818181818182,0.6444444444444445,0.6540857792423251,0.8915802009560909,1,12,0.0026166669999999996,547.4711,books-genre-a=6 | books-genre-b=4
q069,an outsider who does not fit in anywhere,Torso,CrossStripe,Conceptual,Keyword,idf-correct-sidecar,0.8899151271221409,0.9,0.8181818181818182,0.5555555555555556,0.6464544347224257,0.894456970601414,1,2,0.000783333,63.1562,books-genre-a=6 | books-genre-b=4
q069,an outsider who does not fit in anywhere,Torso,CrossStripe,Conceptual,Keyword,global-bm25,0.5869244676866697,0.3,0.17647058823529413,0.4222222222222222,0.2719861982062409,0.9270201848786105,1,2,0.000783333,64.5051,books-genre-a=8 | books-genre-b=2
q070,school,Head,CrossStripe,Lexical,Keyword,single-index,1,1,1,1,1,1,1,1,0.00035,63.5436,books-oracle2=10
q070,school,Head,CrossStripe,Lexical,Keyword,naive-score,0.9475838351788763,0.8,0.6666666666666666,0.4222222222222222,0.6582379766828934,1,1,2,0.000633333,56.1186,books-genre-a=8 | books-genre-b=2
q070,school,Head,CrossStripe,Lexical,Keyword,interleave,0.893045183117708,0.5,0.3333333333333333,0.5555555555555556,0.5308363168588248,1,1,2,0.000633333,56.11,books-genre-a=5 | books-genre-b=5
q070,school,Head,CrossStripe,Lexical,Keyword,quota-merge,0.893045183117708,0.5,0.3333333333333333,0.5555555555555556,0.5308363168588248,1,1,2,0.000633333,56.1001,books-genre-a=5 | books-genre-b=5
q070,school,Head,CrossStripe,Lexical,Keyword,global-rrf,0.893045183117708,0.5,0.3333333333333333,0.5555555555555556,0.5308363168588248,1,1,2,0.000633333,56.1186,books-genre-a=5 | books-genre-b=5
q070,school,Head,CrossStripe,Lexical,Keyword,minmax-norm,0.933703556728857,0.8,0.6666666666666666,0.3333333333333333,0.6127786897368888,1,1,2,0.000633333,56.143899999999995,books-genre-a=8 | books-genre-b=2
q070,school,Head,CrossStripe,Lexical,Keyword,zscore-norm,0.7032343571066973,0.4,0.25,0.4222222222222222,0.31111681622345505,1,1,2,0.000633333,56.138799999999996,books-genre-a=4 | books-genre-b=6
q070,school,Head,CrossStripe,Lexical,Keyword,idf-correct-probe,0.9931289429998503,1,1,0.9555555555555556,0.8139036336791178,1,1,2,0.000633333,56.138,books-genre-a=10
q070,school,Head,CrossStripe,Lexical,Keyword,idf-correct-sidecar,0.9931289429998503,1,1,0.9555555555555556,0.8139036336791178,1,1,2,0.000633333,56.131099999999996,books-genre-a=10
q070,school,Head,CrossStripe,Lexical,Keyword,global-bm25,0.6838446871471818,0.7,0.5384615384615384,0.5111111111111111,0.4591088588702245,1,1,2,0.000633333,57.4463,books-genre-a=8 | books-genre-b=2
q071,obsession that ruins a life,Torso,CrossStripe,Conceptual,Keyword,single-index,1,1,1,1,1,0.45469697393461733,1,1,0.0004,93.2326,books-oracle2=10
q071,obsession that ruins a life,Torso,CrossStripe,Conceptual,Keyword,naive-score,0.9916768883038259,0.9,0.8181818181818182,0.7777777777777778,0.7865713699100302,0.39648750211359896,1,2,0.0004,87.9138,books-genre-a=4 | books-genre-b=6
q071,obsession that ruins a life,Torso,CrossStripe,Conceptual,Keyword,interleave,0.9876454636826589,0.9,0.8181818181818182,0.6888888888888889,0.7668552116157564,0.4539628112527547,1,2,0.0004,87.9015,books-genre-a=5 | books-genre-b=5
q071,obsession that ruins a life,Torso,CrossStripe,Conceptual,Keyword,quota-merge,0.9336330897707539,0.9,0.8181818181818182,0.7333333333333333,0.6663371641950716,0.4718121697064003,1,2,0.0004,87.8925,books-genre-a=5 | books-genre-b=5
q071,obsession that ruins a life,Torso,CrossStripe,Conceptual,Keyword,global-rrf,0.9336330897707539,0.9,0.8181818181818182,0.7333333333333333,0.6663371641950716,0.4718121697064003,1,2,0.0004,87.91159999999999,books-genre-a=5 | books-genre-b=5
q071,obsession that ruins a life,Torso,CrossStripe,Conceptual,Keyword,minmax-norm,0.9390065988330791,0.9,0.8181818181818182,0.7777777777777778,0.7131931952929303,0.43277375318873995,1,2,0.0004,87.94179999999999,books-genre-a=4 | books-genre-b=6
q071,obsession that ruins a life,Torso,CrossStripe,Conceptual,Keyword,zscore-norm,0.9916768883038259,0.9,0.8181818181818182,0.7777777777777778,0.7865713699100302,0.39648750211359896,1,2,0.0004,87.9344,books-genre-a=4 | books-genre-b=6
q071,obsession that ruins a life,Torso,CrossStripe,Conceptual,Keyword,idf-correct-probe,0.9804555572135208,0.8,0.6666666666666666,0.6,0.7453380971035414,0.4303811872235183,1,6,0.001366667,263.8864,books-genre-a=6 | books-genre-b=4
q071,obsession that ruins a life,Torso,CrossStripe,Conceptual,Keyword,idf-correct-sidecar,0.9832513472870028,0.9,0.8181818181818182,0.6444444444444445,0.7584282811102434,0.44674312757613976,1,2,0.0004,87.93679999999999,books-genre-a=5 | books-genre-b=5
q071,obsession that ruins a life,Torso,CrossStripe,Conceptual,Keyword,global-bm25,0.48153998181210167,0.2,0.1111111111111111,-0.14285714285714285,0.11039749499042405,0.5433053506385715,1,2,0.0004,89.279,books-genre-a=7 | books-genre-b=3
q072,slavery and its aftermath,Torso,CrossStripe,Mixed,Keyword,single-index,1,1,1,1,1,0.6505546881889419,0.9,1,0.000283333,62.1791,books-oracle2=10
q072,slavery and its aftermath,Torso,CrossStripe,Mixed,Keyword,naive-score,0.9983257465222679,0.9,0.8181818181818182,0.9111111111111111,0.837718651753115,0.6192342989545706,0.9,2,0.000283333,57.379,books-genre-a=3 | books-genre-b=7
q072,slavery and its aftermath,Torso,CrossStripe,Mixed,Keyword,interleave,0.866382846846322,0.7,0.5384615384615384,0.4222222222222222,0.5200504603338096,0.5623653107525824,0.9,2,0.000283333,57.3701,books-genre-a=5 | books-genre-b=5
q072,slavery and its aftermath,Torso,CrossStripe,Mixed,Keyword,quota-merge,0.8697278912002686,0.7,0.5384615384615384,0.5111111111111111,0.5408717830362514,0.568466767224313,0.9,2,0.000283333,57.3608,books-genre-a=5 | books-genre-b=5
q072,slavery and its aftermath,Torso,CrossStripe,Mixed,Keyword,global-rrf,0.8697278912002686,0.7,0.5384615384615384,0.5111111111111111,0.5408717830362514,0.568466767224313,0.9,2,0.000283333,57.379599999999996,books-genre-a=5 | books-genre-b=5
q072,slavery and its aftermath,Torso,CrossStripe,Mixed,Keyword,minmax-norm,0.9141685258403407,0.9,0.8181818181818182,0.6444444444444445,0.6496406598112023,0.5519103892756859,0.9,2,0.000283333,57.4052,books-genre-a=3 | books-genre-b=7
q072,slavery and its aftermath,Torso,CrossStripe,Mixed,Keyword,zscore-norm,0.9048496339194445,0.9,0.8181818181818182,0.5555555555555556,0.6148694424877179,0.5688533509819965,0.9,2,0.000283333,57.398399999999995,books-genre-a=3 | books-genre-b=7
q072,slavery and its aftermath,Torso,CrossStripe,Mixed,Keyword,idf-correct-probe,0.996773056677823,0.9,0.8181818181818182,0.9111111111111111,0.8204712625864368,0.6272778253148177,0.9,6,0.001233332,232.6123,books-genre-a=3 | books-genre-b=7
q072,slavery and its aftermath,Torso,CrossStripe,Mixed,Keyword,idf-correct-sidecar,0.996773056677823,0.9,0.8181818181818182,0.9111111111111111,0.8204712625864368,0.6272778253148177,0.9,2,0.000283333,57.4013,books-genre-a=3 | books-genre-b=7
q072,slavery and its aftermath,Torso,CrossStripe,Mixed,Keyword,global-bm25,0.6187985251054204,0.7,0.5384615384615384,0.8222222222222222,0.37985953172229403,0.7676205657824788,0.9,2,0.000283333,58.697599999999994,books-genre-a=2 | books-genre-b=8
q073,the Holocaust,Torso,CrossStripe,Lexical,Keyword,single-index,1,1,1,1,1,0.8066054519559154,1,1,0.000216667,60.1108,books-oracle2=10
q073,the Holocaust,Torso,CrossStripe,Lexical,Keyword,naive-score,0.7928177732670554,0.3,0.17647058823529413,0.7333333333333333,0.37596524219551575,0.7179734938958775,1,2,0.00019999999999999998,55.0736,books-genre-a=9 | books-genre-b=1
q073,the Holocaust,Torso,CrossStripe,Lexical,Keyword,interleave,0.8684575241567251,0.4,0.25,0.4666666666666667,0.5436865048188431,0.798254194326994,1,2,0.00019999999999999998,55.0653,books-genre-a=5 | books-genre-b=5
q073,the Holocaust,Torso,CrossStripe,Lexical,Keyword,quota-merge,0.8158666564729761,0.4,0.25,0.5111111111111111,0.4427072343816117,0.7203957577561106,1,2,0.00019999999999999998,55.0618,books-genre-a=5 | books-genre-b=5
q073,the Holocaust,Torso,CrossStripe,Lexical,Keyword,global-rrf,0.8158666564729761,0.4,0.25,0.5111111111111111,0.4427072343816117,0.7203957577561106,1,2,0.00019999999999999998,55.0721,books-genre-a=5 | books-genre-b=5
q073,the Holocaust,Torso,CrossStripe,Lexical,Keyword,minmax-norm,0.846719010593706,0.5,0.3333333333333333,0.4666666666666667,0.484571623798215,0.7799082337019198,1,2,0.00019999999999999998,55.089099999999995,books-genre-a=1 | books-genre-b=9
q073,the Holocaust,Torso,CrossStripe,Lexical,Keyword,zscore-norm,0.846719010593706,0.5,0.3333333333333333,0.4666666666666667,0.484571623798215,0.7799082337019198,1,2,0.00019999999999999998,55.0854,books-genre-a=1 | books-genre-b=9
q073,the Holocaust,Torso,CrossStripe,Lexical,Keyword,idf-correct-probe,0.9013155253750839,0.5,0.3333333333333333,0.5111111111111111,0.5855508942354464,0.8611375561264454,1,4,0.000583333,168.6856,books-genre-a=1 | books-genre-b=9
q073,the Holocaust,Torso,CrossStripe,Lexical,Keyword,idf-correct-sidecar,0.9013155253750839,0.5,0.3333333333333333,0.5111111111111111,0.5855508942354464,0.8611375561264454,1,2,0.00019999999999999998,55.0868,books-genre-a=1 | books-genre-b=9
q073,the Holocaust,Torso,CrossStripe,Lexical,Keyword,global-bm25,0.8427853021204675,0.5,0.3333333333333333,0.6444444444444445,0.5169082686628376,1,1,2,0.00019999999999999998,56.0027,books-genre-a=3 | books-genre-b=7
q074,a woman who defies the expectations of her time,Torso,CrossStripe,Conceptual,Keyword,single-index,1,1,1,1,1,0.8214119341591164,1,1,0.000416667,94.0699,books-oracle2=10
q074,a woman who defies the expectations of her time,Torso,CrossStripe,Conceptual,Keyword,naive-score,0.8165253715272051,0.8,0.6666666666666666,0.37777777777777777,0.5144330025346932,0.828419754390275,1,2,0.000583333,63.3033,books-genre-a=4 | books-genre-b=6
q074,a woman who defies the expectations of her time,Torso,CrossStripe,Conceptual,Keyword,interleave,0.8038695680655398,0.7,0.5384615384615384,0.24444444444444444,0.4562010927383287,0.7373476671786707,1,2,0.000583333,63.2874,books-genre-a=5 | books-genre-b=5
q074,a woman who defies the expectations of her time,Torso,CrossStripe,Conceptual,Keyword,quota-merge,0.8236624573586885,0.7,0.5384615384615384,0.37777777777777777,0.47419881796840757,0.6935643467629505,1,2,0.000583333,63.2778,books-genre-a=5 | books-genre-b=5
q074,a woman who defies the expectations of her time,Torso,CrossStripe,Conceptual,Keyword,global-rrf,0.8236624573586885,0.7,0.5384615384615384,0.37777777777777777,0.47419881796840757,0.6935643467629505,1,2,0.000583333,63.2969,books-genre-a=5 | books-genre-b=5
q074,a woman who defies the expectations of her time,Torso,CrossStripe,Conceptual,Keyword,minmax-norm,0.8371346496793933,0.8,0.6666666666666666,0.5111111111111111,0.5220643470545926,0.7655363925908236,1,2,0.000583333,63.3472,books-genre-a=4 | books-genre-b=6
q074,a woman who defies the expectations of her time,Torso,CrossStripe,Conceptual,Keyword,zscore-norm,0.8069704892646102,0.7,0.5384615384615384,0.4222222222222222,0.4977323299346347,0.7625417359723771,1,2,0.000583333,63.3198,books-genre-a=5 | books-genre-b=5
q074,a woman who defies the expectations of her time,Torso,CrossStripe,Conceptual,Keyword,idf-correct-probe,0.8612215098642361,0.8,0.6666666666666666,0.6888888888888889,0.5896063922960296,0.8113499146016455,1,8,0.002183333,328.16110000000003,books-genre-a=3 | books-genre-b=7
q074,a woman who defies the expectations of her time,Torso,CrossStripe,Conceptual,Keyword,idf-correct-sidecar,0.8869503500763861,0.8,0.6666666666666666,0.6888888888888889,0.642991113449108,0.7948833084733515,1,2,0.000583333,63.3364,books-genre-a=2 | books-genre-b=8
q074,a woman who defies the expectations of her time,Torso,CrossStripe,Conceptual,Keyword,global-bm25,0.42300353126258616,0.4,0.25,-0.42857142857142855,0.14728261420559774,0.7314889024499573,1,2,0.000583333,64.6476,books-genre-a=4 | books-genre-b=6
q075,addiction and recovery,Torso,CrossStripe,Mixed,Keyword,single-index,1,1,1,1,1,0.8611375561264454,1,1,0.0003,61.8732,books-oracle2=10
q075,addiction and recovery,Torso,CrossStripe,Mixed,Keyword,naive-score,0.901401195299506,0.6,0.42857142857142855,0.37777777777777777,0.5453542556984659,0.8899541168509599,1,2,0.000283333,56.1065,books-genre-a=5 | books-genre-b=5
q075,addiction and recovery,Torso,CrossStripe,Mixed,Keyword,interleave,0.7932656473785129,0.6,0.42857142857142855,0.37777777777777777,0.42370601928361656,0.9052116356304492,1,2,0.000283333,56.0966,books-genre-a=5 | books-genre-b=5
q075,addiction and recovery,Torso,CrossStripe,Mixed,Keyword,quota-merge,0.8960021065815622,0.6,0.42857142857142855,0.5111111111111111,0.5450453894067434,0.9052116356304492,1,2,0.000283333,56.0958,books-genre-a=5 | books-genre-b=5
q075,addiction and recovery,Torso,CrossStripe,Mixed,Keyword,global-rrf,0.8960021065815622,0.6,0.42857142857142855,0.5111111111111111,0.5450453894067434,0.9052116356304492,1,2,0.000283333,56.108200000000004,books-genre-a=5 | books-genre-b=5
q075,addiction and recovery,Torso,CrossStripe,Mixed,Keyword,minmax-norm,0.8707498118583757,0.6,0.42857142857142855,0.1111111111111111,0.4592886787762057,0.92663607790064,1,2,0.000283333,56.1316,books-genre-a=5 | books-genre-b=5
q075,addiction and recovery,Torso,CrossStripe,Mixed,Keyword,zscore-norm,0.8795518308051541,0.6,0.42857142857142855,0.2,0.4823711405956548,0.9148568823583789,1,2,0.000283333,56.1246,books-genre-a=5 | books-genre-b=5
q075,addiction and recovery,Torso,CrossStripe,Mixed,Keyword,idf-correct-probe,0.9930996088853128,0.9,0.8181818181818182,0.7333333333333333,0.788211534198074,0.8611375561264454,1,6,0.001199999,228.6658,books-genre-a=1 | books-genre-b=9
q075,addiction and recovery,Torso,CrossStripe,Mixed,Keyword,idf-correct-sidecar,0.9930996088853128,0.9,0.8181818181818182,0.7333333333333333,0.788211534198074,0.8611375561264454,1,2,0.000283333,56.1282,books-genre-a=1 | books-genre-b=9
q075,addiction and recovery,Torso,CrossStripe,Mixed,Keyword,global-bm25,0.8518843961162047,0.8,0.6666666666666666,0.8222222222222222,0.6127916511120954,1,1,2,0.000283333,57.4432,books-genre-a=1 | books-genre-b=9
q076,New York City,Head,CrossStripe,Lexical,Keyword,single-index,1,1,1,1,1,0.9363792118010483,1,1,0.0004,63.0168,books-oracle2=10
q076,New York City,Head,CrossStripe,Lexical,Keyword,naive-score,0.9760017204697853,0.9,0.8181818181818182,0.7777777777777778,0.7414676098051591,1,1,2,0.00075,57.778400000000005,books-genre-a=3 | books-genre-b=7
q076,New York City,Head,CrossStripe,Lexical,Keyword,interleave,0.9754030539454024,0.7,0.5384615384615384,0.5555555555555556,0.7029395457739649,1,1,2,0.00075,57.7688,books-genre-a=5 | books-genre-b=5
q076,New York City,Head,CrossStripe,Lexical,Keyword,quota-merge,0.9781020376324632,0.7,0.5384615384615384,0.6444444444444445,0.7237608684764066,1,1,2,0.00075,57.7601,books-genre-a=5 | books-genre-b=5
q076,New York City,Head,CrossStripe,Lexical,Keyword,global-rrf,0.9781020376324632,0.7,0.5384615384615384,0.6444444444444445,0.7237608684764066,1,1,2,0.00075,57.7772,books-genre-a=5 | books-genre-b=5
q076,New York City,Head,CrossStripe,Lexical,Keyword,minmax-norm,0.99693946391835,0.9,0.8181818181818182,1,0.849427619122904,1,1,2,0.00075,57.8059,books-genre-a=2 | books-genre-b=8
q076,New York City,Head,CrossStripe,Lexical,Keyword,zscore-norm,0.9723281810920503,0.8,0.6666666666666666,0.7777777777777778,0.7295793625603413,1,1,2,0.00075,57.7991,books-genre-a=4 | books-genre-b=6
q076,New York City,Head,CrossStripe,Lexical,Keyword,idf-correct-probe,0.9760017204697853,0.9,0.8181818181818182,0.7777777777777778,0.7414676098051591,1,1,6,0.0015500000000000002,230.8251,books-genre-a=3 | books-genre-b=7
q076,New York City,Head,CrossStripe,Lexical,Keyword,idf-correct-sidecar,0.9760017204697853,0.9,0.8181818181818182,0.7777777777777778,0.7414676098051591,1,1,2,0.00075,57.8023,books-genre-a=3 | books-genre-b=7
q076,New York City,Head,CrossStripe,Lexical,Keyword,global-bm25,0.715929144936194,0.4,0.25,0.37777777777777777,0.3427941696283111,0.9636452638863133,1,2,0.00075,59.1374,books-genre-a=4 | books-genre-b=6
q077,an unlikely friendship between two very different people,Torso,CrossStripe,Conceptual,Keyword,single-index,1,1,1,1,1,0.5553183137057951,1,1,0.0009,65.9781,books-oracle2=10
q077,an unlikely friendship between two very different people,Torso,CrossStripe,Conceptual,Keyword,naive-score,0.9856824942045787,0.9,0.8181818181818182,0.8222222222222222,0.8034365179094701,0.5631654821432125,1,2,0.000833334,61.6632,books-genre-a=6 | books-genre-b=4
q077,an unlikely friendship between two very different people,Torso,CrossStripe,Conceptual,Keyword,interleave,0.9968276364460505,1,1,0.7333333333333333,0.8036556232010772,0.5572013531058516,1,2,0.000833334,61.6489,books-genre-a=5 | books-genre-b=5
q077,an unlikely friendship between two very different people,Torso,CrossStripe,Conceptual,Keyword,quota-merge,0.9439253381995997,1,1,0.7777777777777778,0.7218952174489716,0.5579372124101206,1,2,0.000833334,61.636900000000004,books-genre-a=5 | books-genre-b=5
q077,an unlikely friendship between two very different people,Torso,CrossStripe,Conceptual,Keyword,global-rrf,0.9439253381995997,1,1,0.7777777777777778,0.7218952174489716,0.5579372124101206,1,2,0.000833334,61.6606,books-genre-a=5 | books-genre-b=5
q077,an unlikely friendship between two very different people,Torso,CrossStripe,Conceptual,Keyword,minmax-norm,0.9442607294925078,1,1,0.7777777777777778,0.7302774485839771,0.5560101127921362,1,2,0.000833334,61.694,books-genre-a=5 | books-genre-b=5
q077,an unlikely friendship between two very different people,Torso,CrossStripe,Conceptual,Keyword,zscore-norm,0.9988572442738854,1,1,0.8222222222222222,0.8307954960046622,0.5560101127921362,1,2,0.000833334,61.719,books-genre-a=5 | books-genre-b=5
q077,an unlikely friendship between two very different people,Torso,CrossStripe,Conceptual,Keyword,idf-correct-probe,0.9183432554111551,1,1,0.7777777777777778,0.6898520742922056,0.5313102035996952,1,12,0.0031166660000000006,504.4303,books-genre-a=5 | books-genre-b=5
q077,an unlikely friendship between two very different people,Torso,CrossStripe,Conceptual,Keyword,idf-correct-sidecar,0.9988572442738854,1,1,0.8222222222222222,0.8307954960046622,0.5560101127921362,1,2,0.000833334,61.6903,books-genre-a=5 | books-genre-b=5
q077,an unlikely friendship between two very different people,Torso,CrossStripe,Conceptual,Keyword,global-bm25,0.6475172768953025,0.6,0.42857142857142855,0.37777777777777777,0.3154702539374736,0.5097251755300727,1,2,0.000833334,62.987500000000004,books-genre-a=5 | books-genre-b=5
q078,climate change and environmental collapse,Torso,CrossStripe,Mixed,Keyword,single-index,1,1,1,1,1,0.827258454333978,1,1,0.00035,62.849,books-oracle2=10
q078,climate change and environmental collapse,Torso,CrossStripe,Mixed,Keyword,naive-score,0.9857472962650347,0.8,0.6666666666666666,0.8222222222222222,0.7987433096237787,0.9636452638863133,1,2,0.000666666,59.0415,books-genre-a=6 | books-genre-b=4
q078,climate change and environmental collapse,Torso,CrossStripe,Mixed,Keyword,interleave,0.9096540070489423,0.9,0.8181818181818182,0.5111111111111111,0.6331888566301377,0.9057929118655972,1,2,0.000666666,59.031,books-genre-a=5 | books-genre-b=5
q078,climate change and environmental collapse,Torso,CrossStripe,Mixed,Keyword,quota-merge,0.9162724421763146,0.9,0.8181818181818182,0.6,0.673518707616265,0.9057929118655972,1,2,0.000666666,59.0212,books-genre-a=5 | books-genre-b=5
q078,climate change and environmental collapse,Torso,CrossStripe,Mixed,Keyword,global-rrf,0.9162724421763146,0.9,0.8181818181818182,0.6,0.673518707616265,0.9057929118655972,1,2,0.000666666,59.0383,books-genre-a=5 | books-genre-b=5
q078,climate change and environmental collapse,Torso,CrossStripe,Mixed,Keyword,minmax-norm,0.8681984693632778,0.6,0.42857142857142855,0.8666666666666667,0.5525256047425113,1,1,2,0.000666666,59.1141,books-genre-a=8 | books-genre-b=2
q078,climate change and environmental collapse,Torso,CrossStripe,Mixed,Keyword,zscore-norm,0.9545987102852577,0.6,0.42857142857142855,1,0.7254166463060894,1,1,2,0.000666666,59.0609,books-genre-a=8 | books-genre-b=2
q078,climate change and environmental collapse,Torso,CrossStripe,Mixed,Keyword,idf-correct-probe,0.9976113261367748,0.9,0.8181818181818182,0.7777777777777778,0.8240776234237948,0.9035356816466509,1,10,0.002383331,412.68170000000003,books-genre-a=5 | books-genre-b=5
q078,climate change and environmental collapse,Torso,CrossStripe,Mixed,Keyword,idf-correct-sidecar,0.997847763870533,0.9,0.8181818181818182,0.9111111111111111,0.8270305821305949,0.8923176273555912,1,2,0.000666666,59.0734,books-genre-a=5 | books-genre-b=5
q078,climate change and environmental collapse,Torso,CrossStripe,Mixed,Keyword,global-bm25,0.9208634530060839,0.7,0.5384615384615384,0.8666666666666667,0.667283513653829,1,1,2,0.000666666,60.4232,books-genre-a=6 | books-genre-b=4
q079,memory and how unreliable it can be,Torso,CrossStripe,Conceptual,Keyword,single-index,1,1,1,1,1,0.6416597909240088,1,1,0.000416667,65.2784,books-oracle2=10
q079,memory and how unreliable it can be,Torso,CrossStripe,Conceptual,Keyword,naive-score,0.931134004201523,0.5,0.3333333333333333,0.6,0.6673418573182411,0.6613685821333373,1,2,0.0006000000000000001,58.7916,books-genre-a=8 | books-genre-b=2
q079,memory and how unreliable it can be,Torso,CrossStripe,Conceptual,Keyword,interleave,0.9239266517598255,0.7,0.5384615384615384,0.3333333333333333,0.5882318176095717,0.6106771237417689,1,2,0.0006000000000000001,58.781,books-genre-a=5 | books-genre-b=5
q079,memory and how unreliable it can be,Torso,CrossStripe,Conceptual,Keyword,quota-merge,0.9117080898796012,0.7,0.5384615384615384,0.3333333333333333,0.5527097136709811,0.6265690550176254,1,2,0.0006000000000000001,58.771499999999996,books-genre-a=5 | books-genre-b=5
q079,memory and how unreliable it can be,Torso,CrossStripe,Conceptual,Keyword,global-rrf,0.9117080898796012,0.7,0.5384615384615384,0.3333333333333333,0.5527097136709811,0.6265690550176254,1,2,0.0006000000000000001,58.7901,books-genre-a=5 | books-genre-b=5
q079,memory and how unreliable it can be,Torso,CrossStripe,Conceptual,Keyword,minmax-norm,0.8804588285706123,0.8,0.6666666666666666,-0.1111111111111111,0.5085732037294941,0.6752936747703808,1,2,0.0006000000000000001,58.8663,books-genre-a=2 | books-genre-b=8
q079,memory and how unreliable it can be,Torso,CrossStripe,Conceptual,Keyword,zscore-norm,0.939968698357506,0.7,0.5384615384615384,0.4666666666666667,0.6310923916232951,0.6066194494920826,1,2,0.0006000000000000001,58.8139,books-genre-a=5 | books-genre-b=5
q079,memory and how unreliable it can be,Torso,CrossStripe,Conceptual,Keyword,idf-correct-probe,0.944332801216834,0.7,0.5384615384615384,0.4222222222222222,0.6837319729424215,0.6227804685655428,1,8,0.0019833330000000003,320.3107,books-genre-a=6 | books-genre-b=4
q079,memory and how unreliable it can be,Torso,CrossStripe,Conceptual,Keyword,idf-correct-sidecar,0.9448293510038884,0.7,0.5384615384615384,0.4666666666666667,0.6897416567518423,0.6227804685655428,1,2,0.0006000000000000001,58.8258,books-genre-a=6 | books-genre-b=4
q079,memory and how unreliable it can be,Torso,CrossStripe,Conceptual,Keyword,global-bm25,0.39188772760055324,0.1,0.05263157894736842,0.5,0.04557045452840777,1,1,2,0.0006000000000000001,60.1043,books-genre-a=6 | books-genre-b=4
q080,a doctor confronting the limits of medicine,Tail,CrossStripe,Conceptual,Keyword,single-index,1,1,1,1,1,0.7485079721535892,1,1,0.000366667,65.6842,books-oracle2=10
q080,a doctor confronting the limits of medicine,Tail,CrossStripe,Conceptual,Keyword,naive-score,0.9669306681330991,0.7,0.5384615384615384,0.6,0.7009704011411846,0.5997887901347303,1,2,0.00105,61.497600000000006,books-genre-a=7 | books-genre-b=3
q080,a doctor confronting the limits of medicine,Tail,CrossStripe,Conceptual,Keyword,interleave,0.8797879003174649,0.8,0.6666666666666666,0.4666666666666667,0.5732126867410744,0.6711002047908712,1,2,0.00105,61.4868,books-genre-a=5 | books-genre-b=5
q080,a doctor confronting the limits of medicine,Tail,CrossStripe,Conceptual,Keyword,quota-merge,0.964113771135855,0.8,0.6666666666666666,0.5555555555555556,0.678538481209296,0.719774190680975,1,2,0.00105,61.476600000000005,books-genre-a=5 | books-genre-b=5
q080,a doctor confronting the limits of medicine,Tail,CrossStripe,Conceptual,Keyword,global-rrf,0.964113771135855,0.8,0.6666666666666666,0.5555555555555556,0.678538481209296,0.719774190680975,1,2,0.00105,61.4966,books-genre-a=5 | books-genre-b=5
q080,a doctor confronting the limits of medicine,Tail,CrossStripe,Conceptual,Keyword,minmax-norm,0.9539582109187984,0.7,0.5384615384615384,0.4222222222222222,0.6431167219982512,0.5856022585478192,1,2,0.00105,61.5264,books-genre-a=7 | books-genre-b=3
q080,a doctor confronting the limits of medicine,Tail,CrossStripe,Conceptual,Keyword,zscore-norm,0.9875100155187619,0.8,0.6666666666666666,0.5555555555555556,0.7532840226777738,0.6734209356889918,1,2,0.00105,61.519800000000004,books-genre-a=6 | books-genre-b=4
q080,a doctor confronting the limits of medicine,Tail,CrossStripe,Conceptual,Keyword,idf-correct-probe,0.9907738140069943,0.9,0.8181818181818182,0.8666666666666667,0.8201614128890896,0.7659126218260195,1,10,0.002833333,436.1956,books-genre-a=4 | books-genre-b=6
q080,a doctor confronting the limits of medicine,Tail,CrossStripe,Conceptual,Keyword,idf-correct-sidecar,0.9907738140069943,0.9,0.8181818181818182,0.8666666666666667,0.8201614128890896,0.7659126218260195,1,2,0.00105,61.5324,books-genre-a=4 | books-genre-b=6
q080,a doctor confronting the limits of medicine,Tail,CrossStripe,Conceptual,Keyword,global-bm25,0.5243687205397447,0.3,0.17647058823529413,0.35714285714285715,0.19575073688983555,0.6865318129961517,0.9,2,0.00105,62.8284,books-genre-a=5 | books-genre-b=5
q081,immortality and the cost of living forever,Tail,CrossStripe,Conceptual,Keyword,single-index,1,1,1,1,1,0.7406339372041696,1,1,0.0004,64.465,books-oracle2=10
q081,immortality and the cost of living forever,Tail,CrossStripe,Conceptual,Keyword,naive-score,0.9893118135096269,0.8,0.6666666666666666,0.8222222222222222,0.787576525868563,0.7305388462297994,1,2,0.0004,57.508,books-genre-a=5 | books-genre-b=5
q081,immortality and the cost of living forever,Tail,CrossStripe,Conceptual,Keyword,interleave,0.9800870625419567,0.8,0.6666666666666666,0.6888888888888889,0.7324509208923481,0.7307917261493247,1,2,0.0004,57.495200000000004,books-genre-a=5 | books-genre-b=5
q081,immortality and the cost of living forever,Tail,CrossStripe,Conceptual,Keyword,quota-merge,0.9036139416334611,0.8,0.6666666666666666,0.5111111111111111,0.6139351482415842,0.7339084747870888,1,2,0.0004,57.4872,books-genre-a=5 | books-genre-b=5
q081,immortality and the cost of living forever,Tail,CrossStripe,Conceptual,Keyword,global-rrf,0.9036139416334611,0.8,0.6666666666666666,0.5111111111111111,0.6139351482415842,0.7339084747870888,1,2,0.0004,57.504400000000004,books-genre-a=5 | books-genre-b=5
q081,immortality and the cost of living forever,Tail,CrossStripe,Conceptual,Keyword,minmax-norm,0.9021123833262791,0.8,0.6666666666666666,0.4222222222222222,0.5980329807952568,0.7324700899644272,1,2,0.0004,57.530800000000006,books-genre-a=5 | books-genre-b=5
q081,immortality and the cost of living forever,Tail,CrossStripe,Conceptual,Keyword,zscore-norm,0.9760773199605688,0.8,0.6666666666666666,0.4666666666666667,0.6985510282159417,0.7324700899644272,1,2,0.0004,57.52610000000001,books-genre-a=5 | books-genre-b=5
q081,immortality and the cost of living forever,Tail,CrossStripe,Conceptual,Keyword,idf-correct-probe,0.9918513795482129,0.9,0.8181818181818182,0.8222222222222222,0.8085818067537378,0.7543980453183485,1,8,0.0015499989999999998,314.4025,books-genre-a=8 | books-genre-b=2
q081,immortality and the cost of living forever,Tail,CrossStripe,Conceptual,Keyword,idf-correct-sidecar,0.9912980135935981,0.9,0.8181818181818182,0.7777777777777778,0.8009504622338383,0.7560834882451697,1,2,0.0004,57.537800000000004,books-genre-a=8 | books-genre-b=2
q081,immortality and the cost of living forever,Tail,CrossStripe,Conceptual,Keyword,global-bm25,0.6897249731310916,0.5,0.3333333333333333,0.6444444444444445,0.4316481509158521,0.8007618210236523,1,2,0.0004,58.8521,books-genre-a=7 | books-genre-b=3
q082,twins separated at birth,Tail,CrossStripe,Lexical,Keyword,single-index,1,1,1,1,1,0.31817510539681393,1,1,0.000316667,64.7048,books-oracle2=10
q082,twins separated at birth,Tail,CrossStripe,Lexical,Keyword,naive-score,0.9902956548492533,0.9,0.8181818181818182,0.7333333333333333,0.7818929840969308,0.4196474693819651,1,2,0.0005833329999999999,58.7398,books-genre-a=6 | books-genre-b=4
q082,twins separated at birth,Tail,CrossStripe,Lexical,Keyword,interleave,0.9576543480855403,0.9,0.8181818181818182,0.4222222222222222,0.6580834465002064,0.4513784013393645,1,2,0.0005833329999999999,58.7296,books-genre-a=5 | books-genre-b=5
q082,twins separated at birth,Tail,CrossStripe,Lexical,Keyword,quota-merge,0.8571404341938207,0.9,0.8181818181818182,0.28888888888888886,0.5451263075120855,0.5370706794102633,1,2,0.0005833329999999999,58.7233,books-genre-a=5 | books-genre-b=5
q082,twins separated at birth,Tail,CrossStripe,Lexical,Keyword,global-rrf,0.8571404341938207,0.9,0.8181818181818182,0.28888888888888886,0.5451263075120855,0.5370706794102633,1,2,0.0005833329999999999,58.7403,books-genre-a=5 | books-genre-b=5
q082,twins separated at birth,Tail,CrossStripe,Lexical,Keyword,minmax-norm,0.8760581893856966,0.9,0.8181818181818182,0.6444444444444445,0.6361418153369376,0.5376438229094087,1,2,0.0005833329999999999,58.7678,books-genre-a=6 | books-genre-b=4
q082,twins separated at birth,Tail,CrossStripe,Lexical,Keyword,zscore-norm,0.8721335362928924,0.9,0.8181818181818182,0.4222222222222222,0.5994183251881683,0.5358317968040575,1,2,0.0005833329999999999,58.7608,books-genre-a=6 | books-genre-b=4
q082,twins separated at birth,Tail,CrossStripe,Lexical,Keyword,idf-correct-probe,0.9965853911466381,0.9,0.8181818181818182,0.8666666666666667,0.8134023764218931,0.3946140516513443,1,8,0.0018166669999999999,317.00329999999997,books-genre-a=6 | books-genre-b=4
q082,twins separated at birth,Tail,CrossStripe,Lexical,Keyword,idf-correct-sidecar,0.9965853911466381,0.9,0.8181818181818182,0.8666666666666667,0.8134023764218931,0.3946140516513443,1,2,0.0005833329999999999,58.7752,books-genre-a=6 | books-genre-b=4
q082,twins separated at birth,Tail,CrossStripe,Lexical,Keyword,global-bm25,0.5261202406722196,0.3,0.17647058823529413,0.3333333333333333,0.19015236028350174,0.5546947014328911,1,2,0.0005833329999999999,60.089600000000004,books-genre-a=6 | books-genre-b=4
q083,a letter that arrives decades too late,Tail,CrossStripe,Conceptual,Keyword,single-index,1,1,1,1,1,0.3046869090488086,1,1,0.000366667,70.9504,books-oracle2=10
q083,a letter that arrives decades too late,Tail,CrossStripe,Conceptual,Keyword,naive-score,0.9599294500780013,0.7,0.5384615384615384,0.6444444444444445,0.6821543198402098,0.2733982315777435,1,2,0.000516666,88.09660000000001,books-genre-a=6 | books-genre-b=4
q083,a letter that arrives decades too late,Tail,CrossStripe,Conceptual,Keyword,interleave,0.8482709090778379,0.7,0.5384615384615384,0.3333333333333333,0.4922732009516294,0.2560269401604521,1,2,0.000516666,88.086,books-genre-a=5 | books-genre-b=5
q083,a letter that arrives decades too late,Tail,CrossStripe,Conceptual,Keyword,quota-merge,0.8499550975021309,0.7,0.5384615384615384,0.4222222222222222,0.5047122925190655,0.2593978260140945,1,2,0.000516666,88.0764,books-genre-a=5 | books-genre-b=5
q083,a letter that arrives decades too late,Tail,CrossStripe,Conceptual,Keyword,global-rrf,0.8499550975021309,0.7,0.5384615384615384,0.4222222222222222,0.5047122925190655,0.2593978260140945,1,2,0.000516666,88.0954,books-genre-a=5 | books-genre-b=5
q083,a letter that arrives decades too late,Tail,CrossStripe,Conceptual,Keyword,minmax-norm,0.8632888168135165,0.7,0.5384615384615384,0.5555555555555556,0.5816362724195249,0.2617940426599541,1,2,0.000516666,88.12400000000001,books-genre-a=6 | books-genre-b=4
q083,a letter that arrives decades too late,Tail,CrossStripe,Conceptual,Keyword,zscore-norm,0.8601294714437794,0.7,0.5384615384615384,0.4666666666666667,0.5585538106000758,0.2531359741606777,1,2,0.000516666,88.11760000000001,books-genre-a=6 | books-genre-b=4
q083,a letter that arrives decades too late,Tail,CrossStripe,Conceptual,Keyword,idf-correct-probe,0.9825276138032971,0.8,0.6666666666666666,0.7333333333333333,0.7551317102432304,0.2979247920486715,1,12,0.0026999990000000007,517.2265,books-genre-a=4 | books-genre-b=6
q083,a letter that arrives decades too late,Tail,CrossStripe,Conceptual,Keyword,idf-correct-sidecar,0.9825276138032971,0.8,0.6666666666666666,0.7333333333333333,0.7551317102432304,0.2979247920486715,1,2,0.000516666,88.1318,books-genre-a=4 | books-genre-b=6
q083,a letter that arrives decades too late,Tail,CrossStripe,Conceptual,Keyword,global-bm25,0.7483259398446919,0.3,0.17647058823529413,0.7222222222222222,0.39176701176541906,0.2909434100051611,1,2,0.000516666,89.4016,books-genre-a=5 | books-genre-b=5
q084,music and the people who devote their lives to it,Torso,CrossStripe,Conceptual,Keyword,single-index,1,1,1,1,1,0.3311964280203346,1,1,0.000433333,65.8371,books-oracle2=10
q084,music and the people who devote their lives to it,Torso,CrossStripe,Conceptual,Keyword,naive-score,0.7704878810034179,0.7,0.5384615384615384,0.06666666666666667,0.358376620084423,0.20472678268781386,1,2,0.001216667,62.6894,books-genre-a=5 | books-genre-b=5
q084,music and the people who devote their lives to it,Torso,CrossStripe,Conceptual,Keyword,interleave,0.8196320173514458,0.7,0.5384615384615384,0.28888888888888886,0.44546266753237795,0.2015801316846309,1,2,0.001216667,62.6774,books-genre-a=5 | books-genre-b=5
q084,music and the people who devote their lives to it,Torso,CrossStripe,Conceptual,Keyword,quota-merge,0.9239660378284495,0.7,0.5384615384615384,0.37777777777777777,0.5591706931356053,0.2044707811116076,1,2,0.001216667,62.6689,books-genre-a=5 | books-genre-b=5
q084,music and the people who devote their lives to it,Torso,CrossStripe,Conceptual,Keyword,global-rrf,0.9239660378284495,0.7,0.5384615384615384,0.37777777777777777,0.5591706931356053,0.2044707811116076,1,2,0.001216667,62.6864,books-genre-a=5 | books-genre-b=5
q084,music and the people who devote their lives to it,Torso,CrossStripe,Conceptual,Keyword,minmax-norm,0.9465072510344426,0.8,0.6666666666666666,0.3333333333333333,0.6081138191498023,0.25037938679635463,1,2,0.001216667,62.714,books-genre-a=4 | books-genre-b=6
q084,music and the people who devote their lives to it,Torso,CrossStripe,Conceptual,Keyword,zscore-norm,0.8411459517938138,0.8,0.6666666666666666,0.15555555555555556,0.4840622597628904,0.2564331549240659,1,2,0.001216667,62.7078,books-genre-a=4 | books-genre-b=6
q084,music and the people who devote their lives to it,Torso,CrossStripe,Conceptual,Keyword,idf-correct-probe,0.9897484036649165,0.9,0.8181818181818182,0.9555555555555556,0.8269700298756975,0.25866256788352104,1,8,0.00245,320.2874,books-genre-a=3 | books-genre-b=7
q084,music and the people who devote their lives to it,Torso,CrossStripe,Conceptual,Keyword,idf-correct-sidecar,0.9766551725986318,0.8,0.6666666666666666,0.7777777777777778,0.7439113981671848,0.27267015866070843,1,2,0.001216667,62.7408,books-genre-a=4 | books-genre-b=6
q084,music and the people who devote their lives to it,Torso,CrossStripe,Conceptual,Keyword,global-bm25,0.4172028906103901,0.2,0.1111111111111111,-0.3333333333333333,0.14252736680532022,0.3788801199548952,1,2,0.001216667,63.9978,books-genre-a=4 | books-genre-b=6
q085,a trial that divides a town,Torso,CrossStripe,Conceptual,Keyword,single-index,1,1,1,1,1,0.2742632854996827,1,1,0.000733333,91.312,books-oracle2=10
q085,a trial that divides a town,Torso,CrossStripe,Conceptual,Keyword,naive-score,0.999872026239713,1,1,0.9555555555555556,0.8515054104985265,0.2708923996460403,1,2,0.00065,84.46459999999999,books-genre-a=6 | books-genre-b=4
q085,a trial that divides a town,Torso,CrossStripe,Conceptual,Keyword,interleave,0.9889850889142798,0.9,0.8181818181818182,0.7777777777777778,0.7633486854144295,0.3065840836231903,1,2,0.00065,84.45429999999999,books-genre-a=5 | books-genre-b=5
q085,a trial that divides a town,Torso,CrossStripe,Conceptual,Keyword,quota-merge,0.988504215797905,0.9,0.8181818181818182,0.7333333333333333,0.75571734089453,0.30265138346060755,1,2,0.00065,84.4457,books-genre-a=5 | books-genre-b=5
q085,a trial that divides a town,Torso,CrossStripe,Conceptual,Keyword,global-rrf,0.988504215797905,0.9,0.8181818181818182,0.7333333333333333,0.75571734089453,0.30265138346060755,1,2,0.00065,84.46419999999999,books-genre-a=5 | books-genre-b=5
q085,a trial that divides a town,Torso,CrossStripe,Conceptual,Keyword,minmax-norm,0.9875699086003582,0.9,0.8181818181818182,0.7333333333333333,0.7501587072318873,0.3075476334321825,1,2,0.00065,84.4911,books-genre-a=5 | books-genre-b=5
q085,a trial that divides a town,Torso,CrossStripe,Conceptual,Keyword,zscore-norm,0.9128632506435432,0.9,0.8181818181818182,0.6,0.6372015682437662,0.29201074435181035,1,2,0.00065,84.4844,books-genre-a=5 | books-genre-b=5
q085,a trial that divides a town,Torso,CrossStripe,Conceptual,Keyword,idf-correct-probe,0.9924160788794163,0.9,0.8181818181818182,0.7777777777777778,0.7775048222462699,0.3030936695779721,1,6,0.00145,291.6862,books-genre-a=7 | books-genre-b=3
q085,a trial that divides a town,Torso,CrossStripe,Conceptual,Keyword,idf-correct-sidecar,0.999872026239713,1,1,0.9555555555555556,0.8515054104985265,0.2708923996460403,1,2,0.00065,84.48949999999999,books-genre-a=6 | books-genre-b=4
q085,a trial that divides a town,Torso,CrossStripe,Conceptual,Keyword,global-bm25,0.5647549886704784,0.2,0.1111111111111111,0.06666666666666667,0.14431367282843519,0.792591540600616,1,2,0.00065,85.76129999999999,books-genre-a=5 | books-genre-b=5
q086,forbidden love across a social divide,Torso,CrossStripe,Conceptual,Keyword,single-index,1,1,1,1,1,0.37657441916240975,0.9,1,0.000416667,81.6767,books-oracle2=10
q086,forbidden love across a social divide,Torso,CrossStripe,Conceptual,Keyword,naive-score,0.9622089730683614,0.7,0.5384615384615384,0.5555555555555556,0.6979442212928633,0.4704539494448522,0.9,2,0.000783333,62.23500000000001,books-genre-a=3 | books-genre-b=7
q086,forbidden love across a social divide,Torso,CrossStripe,Conceptual,Keyword,interleave,0.8561517147661302,0.5,0.3333333333333333,0.5111111111111111,0.5509479282645087,0.4969152585692988,0.9,2,0.000783333,62.2229,books-genre-a=5 | books-genre-b=5
q086,forbidden love across a social divide,Torso,CrossStripe,Conceptual,Keyword,quota-merge,0.9250481796938899,0.5,0.3333333333333333,0.5555555555555556,0.6243261028816086,0.4654735776695731,0.9,2,0.000783333,62.2136,books-genre-a=5 | books-genre-b=5
q086,forbidden love across a social divide,Torso,CrossStripe,Conceptual,Keyword,global-rrf,0.9250481796938899,0.5,0.3333333333333333,0.5555555555555556,0.6243261028816086,0.4654735776695731,0.9,2,0.000783333,62.2319,books-genre-a=5 | books-genre-b=5
q086,forbidden love across a social divide,Torso,CrossStripe,Conceptual,Keyword,minmax-norm,0.9330818007869085,0.5,0.3333333333333333,0.8222222222222222,0.6514659756851935,0.46819671922590583,0.9,2,0.000783333,62.260000000000005,books-genre-a=5 | books-genre-b=5
q086,forbidden love across a social divide,Torso,CrossStripe,Conceptual,Keyword,zscore-norm,0.9433488190772973,0.6,0.42857142857142855,0.7777777777777778,0.6741763320946729,0.4704539494448522,0.9,2,0.000783333,62.253600000000006,books-genre-a=4 | books-genre-b=6
q086,forbidden love across a social divide,Torso,CrossStripe,Conceptual,Keyword,idf-correct-probe,0.9433488190772973,0.6,0.42857142857142855,0.7777777777777778,0.6741763320946729,0.4704539494448522,0.9,6,0.001583333,245.8375,books-genre-a=4 | books-genre-b=6
q086,forbidden love across a social divide,Torso,CrossStripe,Conceptual,Keyword,idf-correct-sidecar,0.9703521593241163,0.8,0.6666666666666666,0.5111111111111111,0.722796381945122,0.46819671922590583,0.9,2,0.000783333,62.273500000000006,books-genre-a=2 | books-genre-b=8
q086,forbidden love across a social divide,Torso,CrossStripe,Conceptual,Keyword,global-bm25,0.6105106605421218,0.4,0.25,-0.35714285714285715,0.26180123037509484,0.651760557961918,0.9,2,0.000783333,63.649100000000004,books-genre-a=4 | books-genre-b=6
q087,an old man looking back on his life,Torso,CrossStripe,Conceptual,Keyword,single-index,1,1,1,1,1,0.12197518053493839,1,1,0.000433333,93.9099,books-oracle2=10
q087,an old man looking back on his life,Torso,CrossStripe,Conceptual,Keyword,naive-score,0.9646680325927465,0.9,0.8181818181818182,0.6444444444444445,0.735523387783705,0.12870076923070842,1,2,0.000833334,63.9446,books-genre-a=6 | books-genre-b=4
q087,an old man looking back on his life,Torso,CrossStripe,Conceptual,Keyword,interleave,0.8741157954439251,0.8,0.6666666666666666,0.5555555555555556,0.6005774761032839,0.21873931356420917,1,2,0.000833334,63.9341,books-genre-a=5 | books-genre-b=5
q087,an old man looking back on his life,Torso,CrossStripe,Conceptual,Keyword,quota-merge,0.9623611196276439,0.8,0.6666666666666666,0.6444444444444445,0.6934641790040694,0.19817992846444385,1,2,0.000833334,63.9252,books-genre-a=5 | books-genre-b=5
q087,an old man looking back on his life,Torso,CrossStripe,Conceptual,Keyword,global-rrf,0.9623611196276439,0.8,0.6666666666666666,0.6444444444444445,0.6934641790040694,0.19817992846444385,1,2,0.000833334,63.9433,books-genre-a=5 | books-genre-b=5
q087,an old man looking back on his life,Torso,CrossStripe,Conceptual,Keyword,minmax-norm,0.9417303537347743,0.7,0.5384615384615384,0.6,0.6640308303028808,0.09095415684553482,1,2,0.000833334,63.972,books-genre-a=8 | books-genre-b=2
q087,an old man looking back on his life,Torso,CrossStripe,Conceptual,Keyword,zscore-norm,0.964457905188994,0.9,0.8181818181818182,0.5555555555555556,0.7247059569267474,0.13119095511834794,1,2,0.000833334,63.9661,books-genre-a=6 | books-genre-b=4
q087,an old man looking back on his life,Torso,CrossStripe,Conceptual,Keyword,idf-correct-probe,0.9417303537347743,0.7,0.5384615384615384,0.6,0.6640308303028808,0.09095415684553482,1,10,0.002583333,478.659,books-genre-a=8 | books-genre-b=2
q087,an old man looking back on his life,Torso,CrossStripe,Conceptual,Keyword,idf-correct-sidecar,0.9643531596252752,0.9,0.8181818181818182,0.5555555555555556,0.7218823594543847,0.12768509799571257,1,2,0.000833334,63.9764,books-genre-a=6 | books-genre-b=4
q087,an old man looking back on his life,Torso,CrossStripe,Conceptual,Keyword,global-bm25,0.5895092946007584,0.3,0.17647058823529413,-0.1111111111111111,0.17818972615214412,0.009918745990968182,1,2,0.000833334,65.257,books-genre-a=6 | books-genre-b=4
q088,letters and diaries as a way of telling a story,Tail,CrossStripe,Conceptual,Keyword,single-index,1,1,1,1,1,1,1,1,0.0004,65.2232,books-oracle2=10
q088,letters and diaries as a way of telling a story,Tail,CrossStripe,Conceptual,Keyword,naive-score,0.9571943775189308,0.8,0.6666666666666666,0.5555555555555556,0.6864263894220763,0.9432106656105237,1,2,0.000583333,60.3727,books-genre-a=7 | books-genre-b=3
q088,letters and diaries as a way of telling a story,Tail,CrossStripe,Conceptual,Keyword,interleave,0.8480149133103293,0.9,0.8181818181818182,0.28888888888888886,0.5498478659333362,0.9404875240541909,1,2,0.000583333,60.3626,books-genre-a=5 | books-genre-b=5
q088,letters and diaries as a way of telling a story,Tail,CrossStripe,Conceptual,Keyword,quota-merge,0.9533383854560941,0.9,0.8181818181818182,0.37777777777777777,0.6503659133540213,0.9404875240541909,1,2,0.000583333,60.3539,books-genre-a=5 | books-genre-b=5
q088,letters and diaries as a way of telling a story,Tail,CrossStripe,Conceptual,Keyword,global-rrf,0.9533383854560941,0.9,0.8181818181818182,0.37777777777777777,0.6503659133540213,0.9404875240541909,1,2,0.000583333,60.370000000000005,books-genre-a=5 | books-genre-b=5
q088,letters and diaries as a way of telling a story,Tail,CrossStripe,Conceptual,Keyword,minmax-norm,0.9316202047696426,0.8,0.6666666666666666,0.4666666666666667,0.6140533952791832,0.9432106656105237,1,2,0.000583333,60.4001,books-genre-a=7 | books-genre-b=3
q088,letters and diaries as a way of telling a story,Tail,CrossStripe,Conceptual,Keyword,zscore-norm,0.9571943775189308,0.8,0.6666666666666666,0.5555555555555556,0.6864263894220763,0.9432106656105237,1,2,0.000583333,60.394,books-genre-a=7 | books-genre-b=3
q088,letters and diaries as a way of telling a story,Tail,CrossStripe,Conceptual,Keyword,idf-correct-probe,0.9787576362045881,0.9,0.8181818181818182,0.4222222222222222,0.7227389074969144,0.9404875240541909,1,10,0.0024000000000000002,417.0314,books-genre-a=5 | books-genre-b=5
q088,letters and diaries as a way of telling a story,Tail,CrossStripe,Conceptual,Keyword,idf-correct-sidecar,0.9571943775189308,0.8,0.6666666666666666,0.5555555555555556,0.6864263894220763,0.9432106656105237,1,2,0.000583333,60.4093,books-genre-a=7 | books-genre-b=3
q088,letters and diaries as a way of telling a story,Tail,CrossStripe,Conceptual,Keyword,global-bm25,0.49129749495560815,0.2,0.1111111111111111,-0.15555555555555556,0.10351071739111005,0.9404875240541909,1,2,0.000583333,61.771300000000004,books-genre-a=4 | books-genre-b=6
q089,the price of ambition,Torso,CrossStripe,Conceptual,Keyword,single-index,1,1,1,1,1,0.24620450087046178,1,1,0.00035,61.7804,books-oracle2=10
q089,the price of ambition,Torso,CrossStripe,Conceptual,Keyword,naive-score,0.9920446866324779,0.8,0.6666666666666666,0.7777777777777778,0.7917559006752405,0.29991936061010194,1,2,0.000633333,57.3955,books-genre-a=4 | books-genre-b=6
q089,the price of ambition,Torso,CrossStripe,Conceptual,Keyword,interleave,0.9823480201780205,0.9,0.8181818181818182,0.37777777777777777,0.737538149428262,0.256242854926222,1,2,0.000633333,57.3848,books-genre-a=5 | books-genre-b=5
q089,the price of ambition,Torso,CrossStripe,Conceptual,Keyword,quota-merge,0.9873400008797111,0.9,0.8181818181818182,0.5111111111111111,0.7451694939481615,0.24895150823345877,1,2,0.000633333,57.3767,books-genre-a=5 | books-genre-b=5
q089,the price of ambition,Torso,CrossStripe,Conceptual,Keyword,global-rrf,0.9873400008797111,0.9,0.8181818181818182,0.5111111111111111,0.7451694939481615,0.24895150823345877,1,2,0.000633333,57.3949,books-genre-a=5 | books-genre-b=5
q089,the price of ambition,Torso,CrossStripe,Conceptual,Keyword,minmax-norm,0.9847790061542001,0.7,0.5384615384615384,0.8222222222222222,0.7750552280751821,0.30067177068308404,1,2,0.000633333,57.4207,books-genre-a=3 | books-genre-b=7
q089,the price of ambition,Torso,CrossStripe,Conceptual,Keyword,zscore-norm,0.9954858762378,0.9,0.8181818181818182,0.7777777777777778,0.7997613480925726,0.2607750476167798,1,2,0.000633333,57.4141,books-genre-a=5 | books-genre-b=5
q089,the price of ambition,Torso,CrossStripe,Conceptual,Keyword,idf-correct-probe,0.9219929047892544,0.6,0.42857142857142855,0.8666666666666667,0.6648280447589752,0.30318727557245173,1,6,0.001416666,237.76239999999999,books-genre-a=2 | books-genre-b=8
q089,the price of ambition,Torso,CrossStripe,Conceptual,Keyword,idf-correct-sidecar,0.9847790061542001,0.7,0.5384615384615384,0.8222222222222222,0.7750552280751821,0.30067177068308404,1,2,0.000633333,57.4187,books-genre-a=3 | books-genre-b=7
q089,the price of ambition,Torso,CrossStripe,Conceptual,Keyword,global-bm25,0.5254950004976867,0.1,0.05263157894736842,-0.28888888888888886,0.0991936552993421,0.6963283964605816,0.9,2,0.000633333,58.7688,books-genre-a=4 | books-genre-b=6
q090,a con artist whose scheme goes wrong,Tail,CrossStripe,Conceptual,Keyword,single-index,1,1,1,1,1,0.3834030975255239,1,1,0.000383333,65.2597,books-oracle2=10
q090,a con artist whose scheme goes wrong,Tail,CrossStripe,Conceptual,Keyword,naive-score,0.9347398214381087,0.9,0.8181818181818182,0.7333333333333333,0.6994473557309346,0.37984989400664465,1,2,0.0007,60.829499999999996,books-genre-a=5 | books-genre-b=5
q090,a con artist whose scheme goes wrong,Tail,CrossStripe,Conceptual,Keyword,interleave,0.8959883238943974,0.9,0.8181818181818182,0.6,0.6040765616325222,0.3365922685553115,1,2,0.0007,60.779999999999994,books-genre-a=5 | books-genre-b=5
q090,a con artist whose scheme goes wrong,Tail,CrossStripe,Conceptual,Keyword,quota-merge,0.8536161407651798,0.9,0.8181818181818182,0.5555555555555556,0.5956943304975164,0.29541105817548874,1,2,0.0007,60.7698,books-genre-a=5 | books-genre-b=5
q090,a con artist whose scheme goes wrong,Tail,CrossStripe,Conceptual,Keyword,global-rrf,0.8536161407651798,0.9,0.8181818181818182,0.5555555555555556,0.5956943304975164,0.29541105817548874,1,2,0.0007,60.788799999999995,books-genre-a=5 | books-genre-b=5
q090,a con artist whose scheme goes wrong,Tail,CrossStripe,Conceptual,Keyword,minmax-norm,0.80417968442686,0.9,0.8181818181818182,0.5111111111111111,0.4838625626737654,0.3123503807491463,1,2,0.0007,60.8174,books-genre-a=3 | books-genre-b=7
q090,a con artist whose scheme goes wrong,Tail,CrossStripe,Conceptual,Keyword,zscore-norm,0.9318325961705086,0.9,0.8181818181818182,0.7777777777777778,0.6640099136562737,0.35147600542201535,1,2,0.0007,60.810199999999995,books-genre-a=5 | books-genre-b=5
q090,a con artist whose scheme goes wrong,Tail,CrossStripe,Conceptual,Keyword,idf-correct-probe,0.8769759471887705,0.4,0.25,0.4666666666666667,0.5699167061005208,0.5520221588108647,1,14,0.003066666,585.6167,books-genre-a=10
q090,a con artist whose scheme goes wrong,Tail,CrossStripe,Conceptual,Keyword,idf-correct-sidecar,0.8769759471887705,0.4,0.25,0.4666666666666667,0.5699167061005208,0.5520221588108647,1,2,0.0007,60.832,books-genre-a=10
q090,a con artist whose scheme goes wrong,Tail,CrossStripe,Conceptual,Keyword,global-bm25,0.5676326057013935,0.3,0.17647058823529413,0.05555555555555555,0.20777941185749327,0.5721826262390494,1,2,0.0007,62.131099999999996,books-genre-a=9 | books-genre-b=1
q091,prison,Head,CrossStripe,Lexical,Keyword,single-index,1,1,1,1,1,0.9371166382005486,1,1,0.000283333,63.7374,books-oracle2=10
q091,prison,Head,CrossStripe,Lexical,Keyword,naive-score,0.9439135078053158,0.9,0.8181818181818182,0.8666666666666667,0.7439070016322787,0.9371166382005486,1,2,0.000283333,54.2453,books-genre-a=7 | books-genre-b=3
q091,prison,Head,CrossStripe,Lexical,Keyword,interleave,0.9246091713498171,0.7,0.5384615384615384,0.7333333333333333,0.6570678053785579,0.9458352203602566,1,2,0.000283333,54.233799999999995,books-genre-a=5 | books-genre-b=5
q091,prison,Head,CrossStripe,Lexical,Keyword,quota-merge,0.9246130740829045,0.7,0.5384615384615384,0.6888888888888889,0.6633863554797012,0.9371166382005486,1,2,0.000283333,54.2245,books-genre-a=5 | books-genre-b=5
q091,prison,Head,CrossStripe,Lexical,Keyword,global-rrf,0.9246130740829045,0.7,0.5384615384615384,0.6888888888888889,0.6633863554797012,0.9371166382005486,1,2,0.000283333,54.2439,books-genre-a=5 | books-genre-b=5
q091,prison,Head,CrossStripe,Lexical,Keyword,minmax-norm,0.8993289860149806,0.6,0.42857142857142855,0.4222222222222222,0.5558289564075665,0.9371166382005486,1,2,0.000283333,54.2701,books-genre-a=4 | books-genre-b=6
q091,prison,Head,CrossStripe,Lexical,Keyword,zscore-norm,0.9273137078364104,0.7,0.5384615384615384,0.8666666666666667,0.6902173619915637,0.9371166382005486,1,2,0.000283333,54.2671,books-genre-a=5 | books-genre-b=5
q091,prison,Head,CrossStripe,Lexical,Keyword,idf-correct-probe,0.9439135078053158,0.9,0.8181818181818182,0.8666666666666667,0.7439070016322787,0.9371166382005486,1,4,0.0006833329999999999,145.0725,books-genre-a=7 | books-genre-b=3
q091,prison,Head,CrossStripe,Lexical,Keyword,idf-correct-sidecar,0.943222183941033,0.9,0.8181818181818182,0.9555555555555556,0.7515382074004597,0.9371166382005486,1,2,0.000283333,54.2626,books-genre-a=8 | books-genre-b=2
q091,prison,Head,CrossStripe,Lexical,Keyword,global-bm25,0.763199722354503,0.8,0.6666666666666666,0.37777777777777777,0.43252325655890517,1,1,2,0.000283333,55.683499999999995,books-genre-a=8 | books-genre-b=2
q092,language and the way words shape thought,Tail,CrossStripe,Conceptual,Keyword,single-index,1,1,1,1,1,0.5438024796229877,1,1,0.0004,64.6885,books-oracle2=10
q092,language and the way words shape thought,Tail,CrossStripe,Conceptual,Keyword,naive-score,0.9762062678788416,0.8,0.6666666666666666,0.6444444444444445,0.7417087361463441,0.585164576711294,1,2,0.00075,61.036100000000005,books-genre-a=5 | books-genre-b=5
q092,language and the way words shape thought,Tail,CrossStripe,Conceptual,Keyword,interleave,0.8666865866019293,0.8,0.6666666666666666,0.37777777777777777,0.5325005552102674,0.6192367919819438,1,2,0.00075,61.0249,books-genre-a=5 | books-genre-b=5
q092,language and the way words shape thought,Tail,CrossStripe,Conceptual,Keyword,quota-merge,0.9509065312149637,0.8,0.6666666666666666,0.4222222222222222,0.6330186026309524,0.6192367919819438,1,2,0.00075,61.01540000000001,books-genre-a=5 | books-genre-b=5
q092,language and the way words shape thought,Tail,CrossStripe,Conceptual,Keyword,global-rrf,0.9509065312149637,0.8,0.6666666666666666,0.4222222222222222,0.6330186026309524,0.6192367919819438,1,2,0.00075,61.034200000000006,books-genre-a=5 | books-genre-b=5
q092,language and the way words shape thought,Tail,CrossStripe,Conceptual,Keyword,minmax-norm,0.9242367134192764,0.6,0.42857142857142855,0.5111111111111111,0.5893229137938639,0.6174295413594473,1,2,0.00075,61.064600000000006,books-genre-a=7 | books-genre-b=3
q092,language and the way words shape thought,Tail,CrossStripe,Conceptual,Keyword,zscore-norm,0.9590274588580782,0.7,0.5384615384615384,0.4222222222222222,0.6709637325141095,0.5893587463133639,1,2,0.00075,61.0566,books-genre-a=6 | books-genre-b=4
q092,language and the way words shape thought,Tail,CrossStripe,Conceptual,Keyword,idf-correct-probe,0.9882233000857676,0.9,0.8181818181818182,0.7777777777777778,0.7901330313768807,0.6014995278645748,1,10,0.0023833340000000004,409.8655,books-genre-a=2 | books-genre-b=8
q092,language and the way words shape thought,Tail,CrossStripe,Conceptual,Keyword,idf-correct-sidecar,0.9882233000857676,0.9,0.8181818181818182,0.7777777777777778,0.7901330313768807,0.6014995278645748,1,2,0.00075,61.069,books-genre-a=2 | books-genre-b=8
q092,language and the way words shape thought,Tail,CrossStripe,Conceptual,Keyword,global-bm25,0.47812373930333685,0.3,0.17647058823529413,-0.1111111111111111,0.1765494736080164,0.7875120243565054,1,2,0.00075,62.425700000000006,books-genre-a=4 | books-genre-b=6
q093,a house that holds a family's history,Torso,CrossStripe,Conceptual,Keyword,single-index,1,1,1,1,1,0.6374258790526239,1,1,0.000416667,64.398,books-oracle2=10
q093,a house that holds a family's history,Torso,CrossStripe,Conceptual,Keyword,naive-score,0.9700138896446927,0.8,0.6666666666666666,0.6888888888888889,0.7419226583954424,0.732951669821675,1,2,0.000766666,62.7476,books-genre-a=4 | books-genre-b=6
q093,a house that holds a family's history,Torso,CrossStripe,Conceptual,Keyword,interleave,0.7986150306850857,0.7,0.5384615384615384,0.2,0.4426940731737032,0.5558140414918767,1,2,0.000766666,62.733399999999996,books-genre-a=5 | books-genre-b=5
q093,a house that holds a family's history,Torso,CrossStripe,Conceptual,Keyword,quota-merge,0.9067668436457579,0.7,0.5384615384615384,0.3333333333333333,0.5640334432968299,0.6428246627703559,1,2,0.000766666,62.7256,books-genre-a=5 | books-genre-b=5
q093,a house that holds a family's history,Torso,CrossStripe,Conceptual,Keyword,global-rrf,0.9067668436457579,0.7,0.5384615384615384,0.3333333333333333,0.5640334432968299,0.6428246627703559,1,2,0.000766666,62.755399999999995,books-genre-a=5 | books-genre-b=5
q093,a house that holds a family's history,Torso,CrossStripe,Conceptual,Keyword,minmax-norm,0.8687670188524783,0.5,0.3333333333333333,0.4666666666666667,0.4866248867749359,0.5797881181895396,1,2,0.000766666,62.771899999999995,books-genre-a=7 | books-genre-b=3
q093,a house that holds a family's history,Torso,CrossStripe,Conceptual,Keyword,zscore-norm,0.9365594440223647,0.7,0.5384615384615384,0.6,0.6647476964534866,0.6946623672750057,1,2,0.000766666,62.764199999999995,books-genre-a=5 | books-genre-b=5
q093,a house that holds a family's history,Torso,CrossStripe,Conceptual,Keyword,idf-correct-probe,0.9937404584664921,0.9,0.8181818181818182,0.6888888888888889,0.7871208668930487,0.6861163734080798,1,4,0.001183333,157.6069,books-genre-a=2 | books-genre-b=8
q093,a house that holds a family's history,Torso,CrossStripe,Conceptual,Keyword,idf-correct-sidecar,0.9894897293028719,0.8,0.6666666666666666,0.7777777777777778,0.7911349258462769,0.6786878133047511,1,2,0.000766666,62.777899999999995,books-genre-b=10
q093,a house that holds a family's history,Torso,CrossStripe,Conceptual,Keyword,global-bm25,0.8355564052802177,0.5,0.3333333333333333,0.15555555555555556,0.495342780188031,0.8115611101955545,1,2,0.000766666,64.1073,books-genre-a=5 | books-genre-b=5
q094,surveillance and the loss of privacy,Torso,CrossStripe,Mixed,Keyword,single-index,1,1,1,1,1,0.64387768589974,1,1,0.00035,62.471,books-oracle2=10
q094,surveillance and the loss of privacy,Torso,CrossStripe,Mixed,Keyword,naive-score,0.9328781824554147,0.5,0.3333333333333333,0.4666666666666667,0.6443215364524578,0.7668125134272682,1,2,0.00048333400000000003,82.0887,books-genre-a=6 | books-genre-b=4
q094,surveillance and the loss of privacy,Torso,CrossStripe,Mixed,Keyword,interleave,0.8501096668023819,0.5,0.3333333333333333,0.5111111111111111,0.5079255142525037,0.6623063281286182,1,2,0.00048333400000000003,82.0758,books-genre-a=5 | books-genre-b=5
q094,surveillance and the loss of privacy,Torso,CrossStripe,Mixed,Keyword,quota-merge,0.8556739140899221,0.5,0.3333333333333333,0.5555555555555556,0.5350653870560886,0.6492284548890559,1,2,0.00048333400000000003,82.0674,books-genre-a=5 | books-genre-b=5
q094,surveillance and the loss of privacy,Torso,CrossStripe,Mixed,Keyword,global-rrf,0.8556739140899221,0.5,0.3333333333333333,0.5555555555555556,0.5350653870560886,0.6492284548890559,1,2,0.00048333400000000003,82.0856,books-genre-a=5 | books-genre-b=5
q094,surveillance and the loss of privacy,Torso,CrossStripe,Mixed,Keyword,minmax-norm,0.8586311695669161,0.5,0.3333333333333333,0.3333333333333333,0.5438034890317731,0.6855831910027426,1,2,0.00048333400000000003,82.1127,books-genre-a=6 | books-genre-b=4
q094,surveillance and the loss of privacy,Torso,CrossStripe,Mixed,Keyword,zscore-norm,0.9328781824554147,0.5,0.3333333333333333,0.4666666666666667,0.6443215364524578,0.7668125134272682,1,2,0.00048333400000000003,82.1045,books-genre-a=6 | books-genre-b=4
q094,surveillance and the loss of privacy,Torso,CrossStripe,Mixed,Keyword,idf-correct-probe,0.9328781824554147,0.5,0.3333333333333333,0.4666666666666667,0.6443215364524578,0.7668125134272682,1,8,0.0016499999999999998,339.07280000000003,books-genre-a=6 | books-genre-b=4
q094,surveillance and the loss of privacy,Torso,CrossStripe,Mixed,Keyword,idf-correct-sidecar,0.9328781824554147,0.5,0.3333333333333333,0.4666666666666667,0.6443215364524578,0.7668125134272682,1,2,0.00048333400000000003,82.1246,books-genre-a=6 | books-genre-b=4
q094,surveillance and the loss of privacy,Torso,CrossStripe,Mixed,Keyword,global-bm25,0.8120389299371275,0.5,0.3333333333333333,0.24444444444444444,0.4744957135904316,1,1,2,0.00048333400000000003,83.4312,books-genre-a=8 | books-genre-b=2
q095,sisters,Head,CrossStripe,Lexical,Keyword,single-index,1,1,1,1,1,0.9552009891550426,1,1,0.000316667,63.9886,books-oracle2=10
q095,sisters,Head,CrossStripe,Lexical,Keyword,naive-score,0.9983154911510037,1,1,0.9111111111111111,0.8276273626934639,0.9458352203602566,1,2,0.00043333299999999994,80.8138,books-genre-a=5 | books-genre-b=5
q095,sisters,Head,CrossStripe,Lexical,Keyword,interleave,0.933037730143667,1,1,0.4222222222222222,0.6409143771160818,0.9552009891550426,1,2,0.00043333299999999994,80.7984,books-genre-a=5 | books-genre-b=5
q095,sisters,Head,CrossStripe,Lexical,Keyword,quota-merge,0.9349356847758631,1,1,0.5555555555555556,0.653353468683518,0.9513467899190737,1,2,0.00043333299999999994,80.788,books-genre-a=5 | books-genre-b=5
q095,sisters,Head,CrossStripe,Lexical,Keyword,global-rrf,0.9349356847758631,1,1,0.5555555555555556,0.653353468683518,0.9513467899190737,1,2,0.00043333299999999994,80.8098,books-genre-a=5 | books-genre-b=5
q095,sisters,Head,CrossStripe,Lexical,Keyword,minmax-norm,0.9395627942911182,1,1,0.6,0.6865030252965236,0.9552009891550426,1,2,0.00043333299999999994,80.84429999999999,books-genre-a=5 | books-genre-b=5
q095,sisters,Head,CrossStripe,Lexical,Keyword,zscore-norm,0.9983154911510037,1,1,0.9111111111111111,0.8276273626934639,0.9458352203602566,1,2,0.00043333299999999994,80.83789999999999,books-genre-a=5 | books-genre-b=5
q095,sisters,Head,CrossStripe,Lexical,Keyword,idf-correct-probe,0.8844719611877842,0.7,0.5384615384615384,0.8666666666666667,0.562752361901633,1,1,4,0.00105,167.30180000000001,books-genre-a=8 | books-genre-b=2
q095,sisters,Head,CrossStripe,Lexical,Keyword,idf-correct-sidecar,0.9983154911510037,1,1,0.9111111111111111,0.8276273626934639,0.9458352203602566,1,2,0.00043333299999999994,80.82589999999999,books-genre-a=5 | books-genre-b=5
q095,sisters,Head,CrossStripe,Lexical,Keyword,global-bm25,0.6099161306272353,0.5,0.3333333333333333,0.1111111111111111,0.2343011810373665,1,1,2,0.00043333299999999994,82.1601,books-genre-a=8 | books-genre-b=2
q096,a mentor who turns out to be wrong about everything,Tail,CrossStripe,Conceptual,Keyword,single-index,1,1,1,1,1,0.039744676783395515,1,1,0.000416667,66.4633,books-oracle2=10
q096,a mentor who turns out to be wrong about everything,Tail,CrossStripe,Conceptual,Keyword,naive-score,0.9845364096169265,0.9,0.8181818181818182,0.6888888888888889,0.7511524634314777,0.14663864809619423,1,2,0.0012000000000000001,65.4076,books-genre-a=5 | books-genre-b=5
q096,a mentor who turns out to be wrong about everything,Tail,CrossStripe,Conceptual,Keyword,interleave,0.9091408147487344,0.9,0.8181818181818182,0.5555555555555556,0.6227442071438071,0.16851284566611288,1,2,0.0012000000000000001,65.3977,books-genre-a=5 | books-genre-b=5
q096,a mentor who turns out to be wrong about everything,Tail,CrossStripe,Conceptual,Keyword,quota-merge,0.9001558050663597,0.9,0.8181818181818182,0.4666666666666667,0.5956043343402221,0.16851284566611288,1,2,0.0012000000000000001,65.3941,books-genre-a=5 | books-genre-b=5
q096,a mentor who turns out to be wrong about everything,Tail,CrossStripe,Conceptual,Keyword,global-rrf,0.9001558050663597,0.9,0.8181818181818182,0.4666666666666667,0.5956043343402221,0.16851284566611288,1,2,0.0012000000000000001,65.4081,books-genre-a=5 | books-genre-b=5
q096,a mentor who turns out to be wrong about everything,Tail,CrossStripe,Conceptual,Keyword,minmax-norm,0.9105812436126131,0.9,0.8181818181818182,0.6444444444444445,0.640741932373886,0.164950793376736,1,2,0.0012000000000000001,65.4342,books-genre-a=5 | books-genre-b=5
q096,a mentor who turns out to be wrong about everything,Tail,CrossStripe,Conceptual,Keyword,zscore-norm,0.9890625497680542,1,1,0.6888888888888889,0.7648704131973494,0.046241013706101834,1,2,0.0012000000000000001,65.4285,books-genre-a=4 | books-genre-b=6
q096,a mentor who turns out to be wrong about everything,Tail,CrossStripe,Conceptual,Keyword,idf-correct-probe,0.8824913363328617,0.8,0.6666666666666666,0.6,0.6173627607997764,0.16851284566611288,1,8,0.002383333,327.3215,books-genre-a=6 | books-genre-b=4
q096,a mentor who turns out to be wrong about everything,Tail,CrossStripe,Conceptual,Keyword,idf-correct-sidecar,0.8799841821123391,0.8,0.6666666666666666,0.4666666666666667,0.5989139854229195,0.18032607593513458,1,2,0.0012000000000000001,65.4426,books-genre-a=6 | books-genre-b=4
q096,a mentor who turns out to be wrong about everything,Tail,CrossStripe,Conceptual,Keyword,global-bm25,0.5548125159471319,0.3,0.17647058823529413,0.6,0.24008323454006864,0.08982064608458823,1,2,0.0012000000000000001,66.75019999999999,books-genre-a=9 | books-genre-b=1
q097,winter cold and isolation in a remote place,Torso,CrossStripe,Conceptual,Keyword,single-index,1,1,1,1,1,0.9007619020868619,1,1,0.000366667,64.5167,books-oracle2=10
q097,winter cold and isolation in a remote place,Torso,CrossStripe,Conceptual,Keyword,naive-score,0.9910692713425484,0.9,0.8181818181818182,0.5555555555555556,0.766299544190607,0.9371166382005486,1,2,0.000533333,58.1154,books-genre-a=6 | books-genre-b=4
q097,winter cold and isolation in a remote place,Torso,CrossStripe,Conceptual,Keyword,interleave,0.9852140601243975,0.9,0.8181818181818182,0.6444444444444445,0.7491515934924066,0.8842952959585678,1,2,0.000533333,58.1043,books-genre-a=5 | books-genre-b=5
q097,winter cold and isolation in a remote place,Torso,CrossStripe,Conceptual,Keyword,quota-merge,0.9844082275239792,0.9,0.8181818181818182,0.6,0.7443438464448701,0.8827904758126036,1,2,0.000533333,58.096700000000006,books-genre-a=5 | books-genre-b=5
q097,winter cold and isolation in a remote place,Torso,CrossStripe,Conceptual,Keyword,global-rrf,0.9844082275239792,0.9,0.8181818181818182,0.6,0.7443438464448701,0.8827904758126036,1,2,0.000533333,58.1143,books-genre-a=5 | books-genre-b=5
q097,winter cold and isolation in a remote place,Torso,CrossStripe,Conceptual,Keyword,minmax-norm,0.9108263227775584,0.6,0.42857142857142855,0.6444444444444445,0.5698494000996089,0.7975740439139761,1,2,0.000533333,58.144200000000005,books-genre-a=2 | books-genre-b=8
q097,winter cold and isolation in a remote place,Torso,CrossStripe,Conceptual,Keyword,zscore-norm,0.9472970212764277,0.8,0.6666666666666666,0.5111111111111111,0.645076816059049,0.8446203119946951,1,2,0.000533333,58.1361,books-genre-a=4 | books-genre-b=6
q097,winter cold and isolation in a remote place,Torso,CrossStripe,Conceptual,Keyword,idf-correct-probe,0.9949607568389192,0.9,0.8181818181818182,0.8222222222222222,0.8106543788592759,0.9371166382005486,1,8,0.0016999989999999998,315.566,books-genre-a=6 | books-genre-b=4
q097,winter cold and isolation in a remote place,Torso,CrossStripe,Conceptual,Keyword,idf-correct-sidecar,0.9949607568389192,0.9,0.8181818181818182,0.8222222222222222,0.8106543788592759,0.9371166382005486,1,2,0.000533333,58.153000000000006,books-genre-a=6 | books-genre-b=4
q097,winter cold and isolation in a remote place,Torso,CrossStripe,Conceptual,Keyword,global-bm25,0.8358454327117837,0.5,0.3333333333333333,0.6888888888888889,0.4507314868008502,0.7964504152960954,1,2,0.000533333,59.442,books-genre-a=8 | books-genre-b=2
q098,money and what people will do for it,Torso,CrossStripe,Conceptual,Keyword,single-index,1,1,1,1,1,0.3172044828794248,0.9,1,0.0004,91.9538,books-oracle2=10
q098,money and what people will do for it,Torso,CrossStripe,Conceptual,Keyword,naive-score,0.9678583268134162,0.8,0.6666666666666666,0.4666666666666667,0.7000522508944484,0.23088308593685175,0.9,2,0.000566667,84.6181,books-genre-a=5 | books-genre-b=5
q098,money and what people will do for it,Torso,CrossStripe,Conceptual,Keyword,interleave,0.8752853049078453,0.8,0.6666666666666666,0.4666666666666667,0.5863442252912213,0.2163882475920857,0.9,2,0.000566667,84.6074,books-genre-a=5 | books-genre-b=5
q098,money and what people will do for it,Torso,CrossStripe,Conceptual,Keyword,quota-merge,0.9659023969698108,0.8,0.6666666666666666,0.4666666666666667,0.6868622727119063,0.22648761636391088,0.9,2,0.000566667,84.59719999999999,books-genre-a=5 | books-genre-b=5
q098,money and what people will do for it,Torso,CrossStripe,Conceptual,Keyword,global-rrf,0.9659023969698108,0.8,0.6666666666666666,0.4666666666666667,0.6868622727119063,0.22648761636391088,0.9,2,0.000566667,84.6164,books-genre-a=5 | books-genre-b=5
q098,money and what people will do for it,Torso,CrossStripe,Conceptual,Keyword,minmax-norm,0.9374523884541507,0.7,0.5384615384615384,0.28888888888888886,0.6133193280900164,0.2694711995046463,0.9,2,0.000566667,84.64569999999999,books-genre-a=6 | books-genre-b=4
q098,money and what people will do for it,Torso,CrossStripe,Conceptual,Keyword,zscore-norm,0.9678583268134162,0.8,0.6666666666666666,0.4666666666666667,0.7000522508944484,0.23088308593685175,0.9,2,0.000566667,84.63829999999999,books-genre-a=5 | books-genre-b=5
q098,money and what people will do for it,Torso,CrossStripe,Conceptual,Keyword,idf-correct-probe,0.9860267631417826,0.8,0.6666666666666666,0.6888888888888889,0.7628092003905629,0.23985013297874982,0.9,6,0.00135,284.264,books-genre-a=5 | books-genre-b=5
q098,money and what people will do for it,Torso,CrossStripe,Conceptual,Keyword,idf-correct-sidecar,0.9714963487903254,0.8,0.6666666666666666,0.5111111111111111,0.7000522508944484,0.23088308593685175,0.9,2,0.000566667,84.64439999999999,books-genre-a=5 | books-genre-b=5
q098,money and what people will do for it,Torso,CrossStripe,Conceptual,Keyword,global-bm25,0.48503960310160177,0.3,0.17647058823529413,0.2,0.12498794223896703,0.62288908906251,0.9,2,0.000566667,86.0307,books-genre-a=5 | books-genre-b=5
q099,a rebellion against an unjust authority,Torso,CrossStripe,Conceptual,Keyword,single-index,1,1,1,1,1,0.785860571719324,1,1,0.0004,65.4508,books-oracle2=10
q099,a rebellion against an unjust authority,Torso,CrossStripe,Conceptual,Keyword,naive-score,0.9960595788720793,1,1,0.7777777777777778,0.8101035345366576,0.7952263405141099,1,2,0.000416667,60.760400000000004,books-genre-a=5 | books-genre-b=5
q099,a rebellion against an unjust authority,Torso,CrossStripe,Conceptual,Keyword,interleave,0.990710869330845,1,1,0.6444444444444445,0.778155914685536,0.7952263405141099,1,2,0.000416667,60.75,books-genre-a=5 | books-genre-b=5
q099,a rebellion against an unjust authority,Torso,CrossStripe,Conceptual,Keyword,quota-merge,0.9912491698640564,1,1,0.6888888888888889,0.778155914685536,0.7952263405141099,1,2,0.000416667,60.7404,books-genre-a=5 | books-genre-b=5
q099,a rebellion against an unjust authority,Torso,CrossStripe,Conceptual,Keyword,global-rrf,0.9912491698640564,1,1,0.6888888888888889,0.778155914685536,0.7952263405141099,1,2,0.000416667,60.7597,books-genre-a=5 | books-genre-b=5
q099,a rebellion against an unjust authority,Torso,CrossStripe,Conceptual,Keyword,minmax-norm,0.9928935925480762,0.9,0.8181818181818182,0.7777777777777778,0.7995309502446715,0.8069221384832457,1,2,0.000416667,60.7868,books-genre-a=4 | books-genre-b=6
q099,a rebellion against an unjust authority,Torso,CrossStripe,Conceptual,Keyword,zscore-norm,0.9988410947089096,1,1,0.8666666666666667,0.8284229486790775,0.792591540600616,1,2,0.000416667,60.780300000000004,books-genre-a=5 | books-genre-b=5
q099,a rebellion against an unjust authority,Torso,CrossStripe,Conceptual,Keyword,idf-correct-probe,0.9963169128643664,1,1,0.7777777777777778,0.8101035345366576,0.798103110159433,1,8,0.001566666,326.7798,books-genre-a=5 | books-genre-b=5
q099,a rebellion against an unjust authority,Torso,CrossStripe,Conceptual,Keyword,idf-correct-sidecar,0.991170972284371,0.9,0.8181818181818182,0.7777777777777778,0.7948525644315719,0.8162804782162765,1,2,0.000416667,60.7939,books-genre-a=4 | books-genre-b=6
q099,a rebellion against an unjust authority,Torso,CrossStripe,Conceptual,Keyword,global-bm25,0.7207925527608193,0.4,0.25,0.7333333333333333,0.4651037058498567,0.8613612255514265,1,2,0.000416667,62.0565,books-genre-a=3 | books-genre-b=7
q100,the moment everything changed,Torso,CrossStripe,Conceptual,Keyword,single-index,1,1,1,1,1,0.5191468798519893,1,1,0.00035,90.7574,books-oracle2=10
q100,the moment everything changed,Torso,CrossStripe,Conceptual,Keyword,naive-score,0.9142619035926668,0.6,0.42857142857142855,0.6111111111111112,0.6492375146023472,0.5516474167297071,1,2,0.000633334,62.5642,books-genre-a=4 | books-genre-b=6
q100,the moment everything changed,Torso,CrossStripe,Conceptual,Keyword,interleave,0.733763924086216,0.5,0.3333333333333333,0.3333333333333333,0.397578818358161,0.4994148592898286,0.9,2,0.000633334,62.5485,books-genre-a=5 | books-genre-b=5
q100,the moment everything changed,Torso,CrossStripe,Conceptual,Keyword,quota-merge,0.737924192231893,0.5,0.3333333333333333,0.5,0.41840014106060275,0.5020482945452659,0.9,2,0.000633334,62.537499999999994,books-genre-a=5 | books-genre-b=5
q100,the moment everything changed,Torso,CrossStripe,Conceptual,Keyword,global-rrf,0.737924192231893,0.5,0.3333333333333333,0.5,0.41840014106060275,0.5020482945452659,0.9,2,0.000633334,62.559,books-genre-a=5 | books-genre-b=5
q100,the moment everything changed,Torso,CrossStripe,Conceptual,Keyword,minmax-norm,0.7532453997847828,0.5,0.3333333333333333,0.3888888888888889,0.4323500356816455,0.4906962771301204,0.9,2,0.000633334,62.5924,books-genre-a=5 | books-genre-b=5
q100,the moment everything changed,Torso,CrossStripe,Conceptual,Keyword,zscore-norm,0.8585598670014483,0.5,0.3333333333333333,0.5,0.5328680831023305,0.49332971238555773,0.9,2,0.000633334,62.5845,books-genre-a=5 | books-genre-b=5
q100,the moment everything changed,Torso,CrossStripe,Conceptual,Keyword,idf-correct-probe,0.9517463315285111,0.8,0.6666666666666666,0.6111111111111112,0.7258977595937488,0.5895069729893578,1,6,0.001450001,236.43869999999998,books-genre-a=2 | books-genre-b=8
q100,the moment everything changed,Torso,CrossStripe,Conceptual,Keyword,idf-correct-sidecar,0.9299179032131991,0.7,0.5384615384615384,0.5,0.6734107503695292,0.5531522368756712,1,2,0.000633334,62.581599999999995,books-genre-a=3 | books-genre-b=7
q100,the moment everything changed,Torso,CrossStripe,Conceptual,Keyword,global-bm25,0.484811174247422,0.2,0.1111111111111111,0.4222222222222222,0.13005703145828384,0.47818383313344665,0.9,2,0.000633334,63.8687,books-genre-a=5 | books-genre-b=5
q001,dragons and ancient magic,Torso,StripeLocal,Lexical,Vector,single-index,1,1,1,1,1,1,1,1,0.000583333,84.7849,books-oracle2=10
q001,dragons and ancient magic,Torso,StripeLocal,Lexical,Vector,naive-score,1,1,1,1,0.8591367550184259,1,1,2,0.0008500000000000001,64.0729,books-genre-a=10
q001,dragons and ancient magic,Torso,StripeLocal,Lexical,Vector,interleave,0.7708772732334263,0.5,0.3333333333333333,0.4666666666666667,0.515299281557456,0.6856832985324276,1,2,0.0008500000000000001,64.0745,books-genre-a=5 | books-genre-b=5
q001,dragons and ancient magic,Torso,StripeLocal,Lexical,Vector,quota-merge,0.7677927707495528,0.5,0.3333333333333333,0.4666666666666667,0.5076679370375566,0.6834360412966661,1,2,0.0008500000000000001,64.0542,books-genre-a=5 | books-genre-b=5
q001,dragons and ancient magic,Torso,StripeLocal,Lexical,Vector,global-rrf,0.7677927707495528,0.5,0.3333333333333333,0.4666666666666667,0.5076679370375566,0.6834360412966661,1,2,0.0008500000000000001,64.0863,books-genre-a=5 | books-genre-b=5
q001,dragons and ancient magic,Torso,StripeLocal,Lexical,Vector,minmax-norm,0.8871935958064424,0.7,0.5384615384615384,0.5714285714285714,0.6581776340517755,0.8043482217369691,1,2,0.0008500000000000001,64.1001,books-genre-a=7 | books-genre-b=3
q001,dragons and ancient magic,Torso,StripeLocal,Lexical,Vector,zscore-norm,0.7223774022098121,0.6,0.42857142857142855,0.42857142857142855,0.4913389201218021,0.6763549813207972,1,2,0.0008500000000000001,64.09049999999999,books-genre-a=6 | books-genre-b=4
q001,dragons and ancient magic,Torso,StripeLocal,Lexical,Vector,vector-similarity,1,1,1,1,0.8591367550184259,1,1,2,0.0008500000000000001,64.6002,books-genre-a=10
q002,a young wizard learning to control his powers at a school of magic,Torso,StripeLocal,Conceptual,Vector,single-index,1,1,1,1,1,0.7817369501952437,1,1,0.000583333,75.0951,books-oracle2=10
q002,a young wizard learning to control his powers at a school of magic,Torso,StripeLocal,Conceptual,Vector,naive-score,1,1,1,1,0.8591367550184259,0.7817369501952437,1,2,0.0008500000000000001,63.1559,books-genre-a=10
q002,a young wizard learning to control his powers at a school of magic,Torso,StripeLocal,Conceptual,Vector,interleave,0.7600533077905745,0.5,0.3333333333333333,0.4666666666666667,0.5073934295163813,0.5492415186142366,1,2,0.0008500000000000001,63.1472,books-genre-a=5 | books-genre-b=5
q002,a young wizard learning to control his powers at a school of magic,Torso,StripeLocal,Conceptual,Vector,quota-merge,0.7345253144533375,0.5,0.3333333333333333,0.4666666666666667,0.4622558314827175,0.5492053401211499,1,2,0.0008500000000000001,63.1385,books-genre-a=5 | books-genre-b=5
q002,a young wizard learning to control his powers at a school of magic,Torso,StripeLocal,Conceptual,Vector,global-rrf,0.7345253144533375,0.5,0.3333333333333333,0.4666666666666667,0.4622558314827175,0.5492053401211499,1,2,0.0008500000000000001,63.1555,books-genre-a=5 | books-genre-b=5
q002,a young wizard learning to control his powers at a school of magic,Torso,StripeLocal,Conceptual,Vector,minmax-norm,0.792098132044807,0.6,0.42857142857142855,0.5238095238095238,0.5109104859801443,0.5793347194473042,1,2,0.0008500000000000001,63.1796,books-genre-a=6 | books-genre-b=4
q002,a young wizard learning to control his powers at a school of magic,Torso,StripeLocal,Conceptual,Vector,zscore-norm,0.6281726666366678,0.5,0.3333333333333333,0.3333333333333333,0.3761615757563478,0.4951248428397986,1,2,0.0008500000000000001,63.1759,books-genre-a=5 | books-genre-b=5
q002,a young wizard learning to control his powers at a school of magic,Torso,StripeLocal,Conceptual,Vector,vector-similarity,1,1,1,1,0.8591367550184259,0.7817369501952437,1,2,0.0008500000000000001,63.1621,books-genre-a=10
q003,epic fantasy quest to destroy an artifact,Torso,StripeLocal,Mixed,Vector,single-index,1,1,1,1,1,0.4066965161612845,1,1,0.000583333,73.0305,books-oracle2=10
q003,epic fantasy quest to destroy an artifact,Torso,StripeLocal,Mixed,Vector,naive-score,1,1,1,1,0.8591367550184259,0.4066965161612845,1,2,0.0006,63.6845,books-genre-a=9 | books-genre-b=1
q003,epic fantasy quest to destroy an artifact,Torso,StripeLocal,Mixed,Vector,interleave,0.8220212200889563,0.6,0.42857142857142855,1,0.6627738971441607,0.34447966732140095,1,2,0.0006,63.675599999999996,books-genre-a=5 | books-genre-b=5
q003,epic fantasy quest to destroy an artifact,Torso,StripeLocal,Mixed,Vector,quota-merge,0.7674247053075786,0.6,0.42857142857142855,0.8666666666666667,0.5622558497234759,0.34447966732140095,1,2,0.0006,63.6663,books-genre-a=5 | books-genre-b=5
q003,epic fantasy quest to destroy an artifact,Torso,StripeLocal,Mixed,Vector,global-rrf,0.7674247053075786,0.6,0.42857142857142855,0.8666666666666667,0.5622558497234759,0.34447966732140095,1,2,0.0006,63.685,books-genre-a=5 | books-genre-b=5
q003,epic fantasy quest to destroy an artifact,Torso,StripeLocal,Mixed,Vector,minmax-norm,0.9454034852186222,1,1,0.9555555555555556,0.7586187075977409,0.4066965161612845,1,2,0.0006,63.7084,books-genre-a=9 | books-genre-b=1
q003,epic fantasy quest to destroy an artifact,Torso,StripeLocal,Mixed,Vector,zscore-norm,0.8281197357796862,0.7,0.5384615384615384,0.9047619047619048,0.6464448802284064,0.3476740470321472,1,2,0.0006,63.7038,books-genre-a=6 | books-genre-b=4
q003,epic fantasy quest to destroy an artifact,Torso,StripeLocal,Mixed,Vector,vector-similarity,1,1,1,1,0.8591367550184259,0.4066965161612845,1,2,0.0006,63.68,books-genre-a=9 | books-genre-b=1
q004,vampires,Head,StripeLocal,Lexical,Vector,single-index,1,1,1,1,1,1,1,1,0.000583333,73.3403,books-oracle2=10
q004,vampires,Head,StripeLocal,Lexical,Vector,naive-score,1,1,1,1,0.8591367550184259,1,1,2,0.0011,63.056400000000004,books-genre-a=10
q004,vampires,Head,StripeLocal,Lexical,Vector,interleave,0.8124576171608144,0.5,0.3333333333333333,0.35714285714285715,0.506557478188865,1,1,2,0.0011,63.0492,books-genre-a=5 | books-genre-b=5
q004,vampires,Head,StripeLocal,Lexical,Vector,quota-merge,0.6796105207279183,0.5,0.3333333333333333,0.21428571428571427,0.37889955796459496,1,1,2,0.0011,63.0388,books-genre-a=5 | books-genre-b=5
q004,vampires,Head,StripeLocal,Lexical,Vector,global-rrf,0.6796105207279183,0.5,0.3333333333333333,0.21428571428571427,0.37889955796459496,1,1,2,0.0011,63.0586,books-genre-a=5 | books-genre-b=5
q004,vampires,Head,StripeLocal,Lexical,Vector,minmax-norm,0.5916302034503164,0.4,0.25,0.047619047619047616,0.2591889740727794,0.9621404437403491,1,2,0.0011,63.0811,books-genre-a=4 | books-genre-b=6
q004,vampires,Head,StripeLocal,Lexical,Vector,zscore-norm,0.7802982167440898,0.5,0.3333333333333333,0.14285714285714285,0.43038438490351166,1,1,2,0.0011,63.079,books-genre-a=5 | books-genre-b=5
q004,vampires,Head,StripeLocal,Lexical,Vector,vector-similarity,1,1,1,1,0.8591367550184259,1,1,2,0.0011,63.0534,books-genre-a=10
q005,haunted house that torments the family living in it,Torso,StripeLocal,Conceptual,Vector,single-index,1,1,1,1,1,0.8664852524325113,1,1,0.000583333,73.8635,books-oracle2=10
q005,haunted house that torments the family living in it,Torso,StripeLocal,Conceptual,Vector,naive-score,1,1,1,1,0.8591367550184259,0.8664852524325113,1,2,0.0006,67.04820000000001,books-genre-a=8 | books-genre-b=2
q005,haunted house that torments the family living in it,Torso,StripeLocal,Conceptual,Vector,interleave,0.9468109855005902,0.7,0.5384615384615384,0.6,0.6244055279912203,0.8279958807334783,1,2,0.0006,67.04010000000001,books-genre-a=5 | books-genre-b=5
q005,haunted house that torments the family living in it,Torso,StripeLocal,Conceptual,Vector,quota-merge,0.9447080258320627,0.7,0.5384615384615384,0.5111111111111111,0.6119664364237843,0.8302431379692398,1,2,0.0006,67.0291,books-genre-a=5 | books-genre-b=5
q005,haunted house that torments the family living in it,Torso,StripeLocal,Conceptual,Vector,global-rrf,0.9447080258320627,0.7,0.5384615384615384,0.5111111111111111,0.6119664364237843,0.8302431379692398,1,2,0.0006,67.0492,books-genre-a=5 | books-genre-b=5
q005,haunted house that torments the family living in it,Torso,StripeLocal,Conceptual,Vector,minmax-norm,0.9534389611711469,0.7,0.5384615384615384,0.7333333333333333,0.6658074039530891,0.8255800663201708,1,2,0.0006,67.0716,books-genre-a=5 | books-genre-b=5
q005,haunted house that torments the family living in it,Torso,StripeLocal,Conceptual,Vector,zscore-norm,0.8589275871103245,0.7,0.5384615384615384,0.5555555555555556,0.5373991476654186,0.8279958807334783,1,2,0.0006,67.0677,books-genre-a=5 | books-genre-b=5
q005,haunted house that torments the family living in it,Torso,StripeLocal,Conceptual,Vector,vector-similarity,1,1,1,1,0.8591367550184259,0.8664852524325113,1,2,0.0006,67.04350000000001,books-genre-a=8 | books-genre-b=2
q006,generation starship colonists who forget they are on a ship,Tail,StripeLocal,Conceptual,Vector,single-index,1,1,1,1,1,0.40596319837399014,1,1,0.000583333,73.5126,books-oracle2=10
q006,generation starship colonists who forget they are on a ship,Tail,StripeLocal,Conceptual,Vector,naive-score,1,1,1,1,0.8591367550184259,0.40596319837399014,1,2,0.0011,64.63419999999999,books-genre-a=10
q006,generation starship colonists who forget they are on a ship,Tail,StripeLocal,Conceptual,Vector,interleave,0.7540483625675651,0.5,0.3333333333333333,0.4666666666666667,0.5062512417412194,0.37349464103160857,1,2,0.0011,64.62509999999999,books-genre-a=5 | books-genre-b=5
q006,generation starship colonists who forget they are on a ship,Tail,StripeLocal,Conceptual,Vector,quota-merge,0.6118497769056722,0.5,0.3333333333333333,0.3333333333333333,0.3709619769970499,0.3226562276697491,1,2,0.0011,64.6146,books-genre-a=5 | books-genre-b=5
q006,generation starship colonists who forget they are on a ship,Tail,StripeLocal,Conceptual,Vector,global-rrf,0.6118497769056722,0.5,0.3333333333333333,0.3333333333333333,0.3709619769970499,0.3226562276697491,1,2,0.0011,64.63419999999999,books-genre-a=5 | books-genre-b=5
q006,generation starship colonists who forget they are on a ship,Tail,StripeLocal,Conceptual,Vector,minmax-norm,0.6211210630934801,0.5,0.3333333333333333,0.3333333333333333,0.3944954889632769,0.3382039491834785,1,2,0.0011,64.65679999999999,books-genre-a=5 | books-genre-b=5
q006,generation starship colonists who forget they are on a ship,Tail,StripeLocal,Conceptual,Vector,zscore-norm,0.5646935573638711,0.5,0.3333333333333333,0.3333333333333333,0.339369883987062,0.30806177676156005,1,2,0.0011,64.6527,books-genre-a=5 | books-genre-b=5
q006,generation starship colonists who forget they are on a ship,Tail,StripeLocal,Conceptual,Vector,vector-similarity,1,1,1,1,0.8591367550184259,0.40596319837399014,1,2,0.0011,64.62859999999999,books-genre-a=10
q007,artificial intelligence becomes self aware,Torso,StripeLocal,Mixed,Vector,single-index,1,1,1,1,1,0.4100676878374473,1,1,0.000583333,80.1163,books-oracle2=10
q007,artificial intelligence becomes self aware,Torso,StripeLocal,Mixed,Vector,naive-score,1,1,1,1,0.8591367550184259,0.4100676878374473,1,2,0.0006,63.5166,books-genre-a=7 | books-genre-b=3
q007,artificial intelligence becomes self aware,Torso,StripeLocal,Mixed,Vector,interleave,0.9774328337717695,0.8,0.6666666666666666,0.7333333333333333,0.7415080751951219,0.3131147477954309,1,2,0.0006,63.504099999999994,books-genre-a=5 | books-genre-b=5
q007,artificial intelligence becomes self aware,Torso,StripeLocal,Mixed,Vector,quota-merge,0.9760339369427222,0.8,0.6666666666666666,0.6444444444444445,0.7290689836276858,0.308053432523375,1,2,0.0006,63.495599999999996,books-genre-a=5 | books-genre-b=5
q007,artificial intelligence becomes self aware,Torso,StripeLocal,Mixed,Vector,global-rrf,0.9760339369427222,0.8,0.6666666666666666,0.6444444444444445,0.7290689836276858,0.308053432523375,1,2,0.0006,63.512699999999995,books-genre-a=5 | books-genre-b=5
q007,artificial intelligence becomes self aware,Torso,StripeLocal,Mixed,Vector,minmax-norm,0.9993023895695917,1,1,0.8222222222222222,0.8346782958321483,0.40425725409962165,1,2,0.0006,63.536199999999994,books-genre-a=7 | books-genre-b=3
q007,artificial intelligence becomes self aware,Torso,StripeLocal,Mixed,Vector,zscore-norm,0.9353100964112077,0.9,0.8181818181818182,0.6444444444444445,0.6790370754921494,0.3031124095458488,1,2,0.0006,63.532799999999995,books-genre-a=6 | books-genre-b=4
q007,artificial intelligence becomes self aware,Torso,StripeLocal,Mixed,Vector,vector-similarity,1,1,1,1,0.8591367550184259,0.4100676878374473,1,2,0.0006,63.5087,books-genre-a=7 | books-genre-b=3
q008,hard science fiction about terraforming Mars,Tail,StripeLocal,Mixed,Vector,single-index,1,1,1,1,1,0.9420048818715387,1,1,0.001183333,80.0094,books-oracle2=10
q008,hard science fiction about terraforming Mars,Tail,StripeLocal,Mixed,Vector,naive-score,1,1,1,1,0.8591367550184259,0.9420048818715387,1,2,0.0006,65.6413,books-genre-a=9 | books-genre-b=1
q008,hard science fiction about terraforming Mars,Tail,StripeLocal,Mixed,Vector,interleave,0.8926869551750402,0.6,0.42857142857142855,0.4444444444444444,0.5689267063049893,0.7987894776910067,1,2,0.0006,65.6294,books-genre-a=5 | books-genre-b=5
q008,hard science fiction about terraforming Mars,Tail,StripeLocal,Mixed,Vector,quota-merge,0.7956861387974108,0.6,0.42857142857142855,0.3333333333333333,0.46077731436440483,0.64867467090512,1,2,0.0006,65.62180000000001,books-genre-a=5 | books-genre-b=5
q008,hard science fiction about terraforming Mars,Tail,StripeLocal,Mixed,Vector,global-rrf,0.7956861387974108,0.6,0.42857142857142855,0.3333333333333333,0.46077731436440483,0.64867467090512,1,2,0.0006,65.6384,books-genre-a=5 | books-genre-b=5
q008,hard science fiction about terraforming Mars,Tail,StripeLocal,Mixed,Vector,minmax-norm,0.8089023512911399,0.6,0.42857142857142855,0.6666666666666666,0.5234515631754936,0.6723606457826702,1,2,0.0006,65.66120000000001,books-genre-a=5 | books-genre-b=5
q008,hard science fiction about terraforming Mars,Tail,StripeLocal,Mixed,Vector,zscore-norm,0.8075394872323721,0.6,0.42857142857142855,0.6111111111111112,0.515820218655594,0.671329523709982,1,2,0.0006,65.6566,books-genre-a=5 | books-genre-b=5
q008,hard science fiction about terraforming Mars,Tail,StripeLocal,Mixed,Vector,vector-similarity,1,1,1,1,0.8591367550184259,0.9420048818715387,1,2,0.0006,65.6331,books-genre-a=9 | books-genre-b=1
q009,cyberpunk hacker corporate dystopia,Torso,StripeLocal,Lexical,Vector,single-index,1,1,1,1,1,0.8992570819408976,1,1,0.000583333,73.6385,books-oracle2=10
q009,cyberpunk hacker corporate dystopia,Torso,StripeLocal,Lexical,Vector,naive-score,1,1,1,1,0.8591367550184259,0.8992570819408976,1,2,0.0006,65.6408,books-genre-a=10
q009,cyberpunk hacker corporate dystopia,Torso,StripeLocal,Lexical,Vector,interleave,0.8711604967629255,0.5,0.3333333333333333,0.5555555555555556,0.5113236435326391,0.5880089402409089,1,2,0.0006,65.6271,books-genre-a=5 | books-genre-b=5
q009,cyberpunk hacker corporate dystopia,Torso,StripeLocal,Lexical,Vector,quota-merge,0.8592380356431751,0.5,0.3333333333333333,0.5111111111111111,0.48418377072905433,0.5749310670013466,1,2,0.0006,65.6145,books-genre-a=5 | books-genre-b=5
q009,cyberpunk hacker corporate dystopia,Torso,StripeLocal,Lexical,Vector,global-rrf,0.8592380356431751,0.5,0.3333333333333333,0.5111111111111111,0.48418377072905433,0.5749310670013466,1,2,0.0006,65.6332,books-genre-a=5 | books-genre-b=5
q009,cyberpunk hacker corporate dystopia,Torso,StripeLocal,Lexical,Vector,minmax-norm,0.6846452762514661,0.2,0.1111111111111111,0.5714285714285714,0.2913625338246172,0.41069606806745235,1,2,0.0006,65.6571,books-genre-a=2 | books-genre-b=8
q009,cyberpunk hacker corporate dystopia,Torso,StripeLocal,Lexical,Vector,zscore-norm,0.8098519047762771,0.3,0.17647058823529413,0.8333333333333334,0.47145807043866783,0.49276917755153055,1,2,0.0006,65.65270000000001,books-genre-a=3 | books-genre-b=7
q009,cyberpunk hacker corporate dystopia,Torso,StripeLocal,Lexical,Vector,vector-similarity,1,1,1,1,0.8591367550184259,0.8992570819408976,1,2,0.0006,65.6276,books-genre-a=10
q010,a locked room murder that seems impossible to have committed,Tail,StripeLocal,Conceptual,Vector,single-index,1,1,1,1,1,0.7522720797479413,1,1,0.000583333,73.489,books-oracle2=10
q010,a locked room murder that seems impossible to have committed,Tail,StripeLocal,Conceptual,Vector,naive-score,1,1,1,1,0.8591367550184259,0.7522720797479413,1,2,0.0006,66.94030000000001,books-genre-a=8 | books-genre-b=2
q010,a locked room murder that seems impossible to have committed,Tail,StripeLocal,Conceptual,Vector,interleave,0.9369771150697221,0.7,0.5384615384615384,0.6111111111111112,0.6749273552434971,0.6419900576152587,1,2,0.0006,66.9311,books-genre-a=5 | books-genre-b=5
q010,a locked room murder that seems impossible to have committed,Tail,StripeLocal,Conceptual,Vector,quota-merge,0.9341287340370664,0.7,0.5384615384615384,0.5555555555555556,0.662488263676061,0.635985736506179,1,2,0.0006,66.92160000000001,books-genre-a=5 | books-genre-b=5
q010,a locked room murder that seems impossible to have committed,Tail,StripeLocal,Conceptual,Vector,global-rrf,0.9341287340370664,0.7,0.5384615384615384,0.5555555555555556,0.662488263676061,0.635985736506179,1,2,0.0006,66.94030000000001,books-genre-a=5 | books-genre-b=5
q010,a locked room murder that seems impossible to have committed,Tail,StripeLocal,Conceptual,Vector,minmax-norm,0.9656922873494661,0.8,0.6666666666666666,0.4666666666666667,0.6644945170862174,0.647707855790038,1,2,0.0006,66.96440000000001,books-genre-a=6 | books-genre-b=4
q010,a locked room murder that seems impossible to have committed,Tail,StripeLocal,Conceptual,Vector,zscore-norm,0.889756636739828,0.8,0.6666666666666666,0.37777777777777777,0.5507864914829902,0.5761556226653172,1,2,0.0006,66.96010000000001,books-genre-a=6 | books-genre-b=4
q010,a locked room murder that seems impossible to have committed,Tail,StripeLocal,Conceptual,Vector,vector-similarity,1,1,1,1,0.8591367550184259,0.7522720797479413,1,2,0.0006,66.93530000000001,books-genre-a=8 | books-genre-b=2
q011,detective investigating a serial killer,Torso,StripeLocal,Mixed,Vector,single-index,1,1,1,1,1,0.8739538196954277,1,1,0.001183333,77.7857,books-oracle2=10
q011,detective investigating a serial killer,Torso,StripeLocal,Mixed,Vector,naive-score,1,1,1,1,0.8591367550184259,0.8739538196954277,1,2,0.0011,63.185,books-genre-a=10
q011,detective investigating a serial killer,Torso,StripeLocal,Mixed,Vector,interleave,0.758716175152435,0.5,0.3333333333333333,0.4666666666666667,0.5069783150151438,0.837785523185061,1,2,0.0011,63.1742,books-genre-a=5 | books-genre-b=5
q011,detective investigating a serial killer,Torso,StripeLocal,Mixed,Vector,quota-merge,0.7525745222483844,0.5,0.3333333333333333,0.4666666666666667,0.4937883368326015,0.8339313239490922,1,2,0.0011,63.1643,books-genre-a=5 | books-genre-b=5
q011,detective investigating a serial killer,Torso,StripeLocal,Mixed,Vector,global-rrf,0.7525745222483844,0.5,0.3333333333333333,0.4666666666666667,0.4937883368326015,0.8339313239490922,1,2,0.0011,63.1841,books-genre-a=5 | books-genre-b=5
q011,detective investigating a serial killer,Torso,StripeLocal,Mixed,Vector,minmax-norm,0.7674988418269758,0.5,0.3333333333333333,0.4666666666666667,0.5252977291575637,0.837785523185061,1,2,0.0011,63.211999999999996,books-genre-a=5 | books-genre-b=5
q011,detective investigating a serial killer,Torso,StripeLocal,Mixed,Vector,zscore-norm,0.5768846325647118,0.4,0.25,0.2,0.34059065123194837,0.7986902434701016,1,2,0.0011,63.2083,books-genre-a=4 | books-genre-b=6
q011,detective investigating a serial killer,Torso,StripeLocal,Mixed,Vector,vector-similarity,1,1,1,1,0.8591367550184259,0.8739538196954277,1,2,0.0011,63.178399999999996,books-genre-a=10
q012,espionage thriller cold war spy,Torso,StripeLocal,Lexical,Vector,single-index,1,1,1,1,1,1,1,1,0.000583333,76.1337,books-oracle2=10
q012,espionage thriller cold war spy,Torso,StripeLocal,Lexical,Vector,naive-score,1,1,1,1,0.8591367550184259,1,1,2,0.0008500000000000001,90.8191,books-genre-a=10
q012,espionage thriller cold war spy,Torso,StripeLocal,Lexical,Vector,interleave,0.8017415778282054,0.5,0.3333333333333333,0.3333333333333333,0.5128651124301491,0.6630981404445536,1,2,0.0008500000000000001,90.8075,books-genre-a=5 | books-genre-b=5
q012,espionage thriller cold war spy,Torso,StripeLocal,Lexical,Vector,quota-merge,0.796801786843709,0.5,0.3333333333333333,0.3333333333333333,0.500426020862713,0.6591654402819708,1,2,0.0008500000000000001,90.7971,books-genre-a=5 | books-genre-b=5
q012,espionage thriller cold war spy,Torso,StripeLocal,Lexical,Vector,global-rrf,0.796801786843709,0.5,0.3333333333333333,0.3333333333333333,0.500426020862713,0.6591654402819708,1,2,0.0008500000000000001,90.8173,books-genre-a=5 | books-genre-b=5
q012,espionage thriller cold war spy,Torso,StripeLocal,Lexical,Vector,minmax-norm,0.7786373867219617,0.5,0.3333333333333333,0.23809523809523808,0.4600961698765859,0.6403062681884552,1,2,0.0008500000000000001,90.8414,books-genre-a=5 | books-genre-b=5
q012,espionage thriller cold war spy,Torso,StripeLocal,Lexical,Vector,zscore-norm,0.7786373867219617,0.5,0.3333333333333333,0.23809523809523808,0.4600961698765859,0.6403062681884552,1,2,0.0008500000000000001,90.838,books-genre-a=5 | books-genre-b=5
q012,espionage thriller cold war spy,Torso,StripeLocal,Lexical,Vector,vector-similarity,1,1,1,1,0.8591367550184259,1,1,2,0.0008500000000000001,90.8109,books-genre-a=10
q013,teenagers forced to compete in a deadly televised game,Tail,StripeLocal,Conceptual,Vector,single-index,1,1,1,1,1,0.5101463984164486,1,1,0.000583333,83.3893,books-oracle2=10
q013,teenagers forced to compete in a deadly televised game,Tail,StripeLocal,Conceptual,Vector,naive-score,0.9632393902397784,0.9,0.8181818181818182,1,0.8239809449952643,0.5196112874813613,1,2,0.0011,63.9371,books-genre-a=9 | books-genre-b=1
q013,teenagers forced to compete in a deadly televised game,Tail,StripeLocal,Conceptual,Vector,interleave,0.8575550707228989,0.6,0.42857142857142855,0.7142857142857143,0.6643456072587481,0.5007462610742763,1,2,0.0011,63.9253,books-genre-a=5 | books-genre-b=5
q013,teenagers forced to compete in a deadly televised game,Tail,StripeLocal,Conceptual,Vector,quota-merge,0.8558467540563998,0.6,0.42857142857142855,0.7142857142857143,0.6595378602112114,0.49999385100129423,1,2,0.0011,63.9146,books-genre-a=5 | books-genre-b=5
q013,teenagers forced to compete in a deadly televised game,Tail,StripeLocal,Conceptual,Vector,global-rrf,0.8558467540563998,0.6,0.42857142857142855,0.7142857142857143,0.6595378602112114,0.49999385100129423,1,2,0.0011,63.93620000000001,books-genre-a=5 | books-genre-b=5
q013,teenagers forced to compete in a deadly televised game,Tail,StripeLocal,Conceptual,Vector,minmax-norm,0.9505849208282939,0.8,0.6666666666666666,0.8333333333333334,0.7788827007393038,0.5272615866871215,1,2,0.0011,63.964600000000004,books-genre-a=8 | books-genre-b=2
q013,teenagers forced to compete in a deadly televised game,Tail,StripeLocal,Conceptual,Vector,zscore-norm,0.8125154537969773,0.6,0.42857142857142855,0.7142857142857143,0.5980491414268106,0.504265409086435,1,2,0.0011,63.961200000000005,books-genre-a=5 | books-genre-b=5
q013,teenagers forced to compete in a deadly televised game,Tail,StripeLocal,Conceptual,Vector,vector-similarity,0.9632393902397784,0.9,0.8181818181818182,1,0.8239809449952643,0.5196112874813613,1,2,0.0011,63.925000000000004,books-genre-a=9 | books-genre-b=1
q014,picture book about a bear,Torso,StripeLocal,Mixed,Vector,single-index,1,1,1,1,1,1,1,1,0.000583333,77.7742,books-oracle2=10
q014,picture book about a bear,Torso,StripeLocal,Mixed,Vector,naive-score,1,1,1,1,0.8591367550184259,1,1,2,0.0011,66.5102,books-genre-a=10
q014,picture book about a bear,Torso,StripeLocal,Mixed,Vector,interleave,0.7090081386375826,0.5,0.3333333333333333,1,0.5062118724963371,0.5684401075524262,1,2,0.0011,66.4986,books-genre-a=5 | books-genre-b=5
q014,picture book about a bear,Torso,StripeLocal,Mixed,Vector,quota-merge,0.535550272031766,0.5,0.3333333333333333,1,0.36055622704198825,0.4647546279699553,1,2,0.0011,66.4876,books-genre-a=5 | books-genre-b=5
q014,picture book about a bear,Torso,StripeLocal,Mixed,Vector,global-rrf,0.535550272031766,0.5,0.3333333333333333,1,0.36055622704198825,0.4647546279699553,1,2,0.0011,66.5083,books-genre-a=5 | books-genre-b=5
q014,picture book about a bear,Torso,StripeLocal,Mixed,Vector,minmax-norm,0.6023492450111593,0.6,0.42857142857142855,1,0.43003220424185684,0.5508315733268523,1,2,0.0011,66.5371,books-genre-a=6 | books-genre-b=4
q014,picture book about a bear,Torso,StripeLocal,Mixed,Vector,zscore-norm,0.538607422451943,0.5,0.3333333333333333,1,0.36611486070463106,0.4675667764703181,1,2,0.0011,66.5326,books-genre-a=5 | books-genre-b=5
q014,picture book about a bear,Torso,StripeLocal,Mixed,Vector,vector-similarity,1,1,1,1,0.8591367550184259,1,1,2,0.0011,66.5029,books-genre-a=10
q015,graphic novel superhero origin,Torso,StripeLocal,Lexical,Vector,single-index,1,1,1,1,1,0.7882594913308413,1,1,0.000583333,75.0378,books-oracle2=10
q015,graphic novel superhero origin,Torso,StripeLocal,Lexical,Vector,naive-score,1,1,1,1,0.8591367550184259,0.7882594913308413,1,2,0.0011,64.67760000000001,books-genre-a=10
q015,graphic novel superhero origin,Torso,StripeLocal,Lexical,Vector,interleave,0.7090081386375826,0.5,0.3333333333333333,1,0.5062118724963371,0.5522989202238129,1,2,0.0011,64.66770000000001,books-genre-a=5 | books-genre-b=5
q015,graphic novel superhero origin,Torso,StripeLocal,Lexical,Vector,quota-merge,0.5374055605323891,0.5,0.3333333333333333,1,0.3653639740895249,0.4729916547483763,1,2,0.0011,64.6586,books-genre-a=5 | books-genre-b=5
q015,graphic novel superhero origin,Torso,StripeLocal,Lexical,Vector,global-rrf,0.5374055605323891,0.5,0.3333333333333333,1,0.3653639740895249,0.4729916547483763,1,2,0.0011,64.6774,books-genre-a=5 | books-genre-b=5
q015,graphic novel superhero origin,Torso,StripeLocal,Lexical,Vector,minmax-norm,0.5645095462493355,0.6,0.42857142857142855,1,0.36375159459341017,0.5235963103657558,1,2,0.0011,64.70540000000001,books-genre-a=6 | books-genre-b=4
q015,graphic novel superhero origin,Torso,StripeLocal,Lexical,Vector,zscore-norm,0.712439419517915,0.6,0.42857142857142855,1,0.4642696420140953,0.5932214438724921,1,2,0.0011,64.7108,books-genre-a=6 | books-genre-b=4
q015,graphic novel superhero origin,Torso,StripeLocal,Lexical,Vector,vector-similarity,1,1,1,1,0.8591367550184259,0.7882594913308413,1,2,0.0011,64.6722,books-genre-a=10
q016,zombie apocalypse survival,Torso,StripeLocal,Lexical,Vector,single-index,1,1,1,1,1,0.8887765216409891,0.9,1,0.000583333,75.9151,books-oracle2=10
q016,zombie apocalypse survival,Torso,StripeLocal,Lexical,Vector,naive-score,1,1,1,1,0.8591367550184259,0.8887765216409891,0.9,2,0.0011,64.9431,books-genre-a=10
q016,zombie apocalypse survival,Torso,StripeLocal,Lexical,Vector,interleave,0.7090081386375826,0.5,0.3333333333333333,1,0.5062118724963371,0.5958549033266343,1,2,0.0011,64.9304,books-genre-a=5 | books-genre-b=5
q016,zombie apocalypse survival,Torso,StripeLocal,Lexical,Vector,quota-merge,0.6997819832496587,0.5,0.3333333333333333,1,0.4853905497938954,0.5867027186190383,1,2,0.0011,64.922,books-genre-a=5 | books-genre-b=5
q016,zombie apocalypse survival,Torso,StripeLocal,Lexical,Vector,global-rrf,0.6997819832496587,0.5,0.3333333333333333,1,0.4853905497938954,0.5867027186190383,1,2,0.0011,64.9391,books-genre-a=5 | books-genre-b=5
q016,zombie apocalypse survival,Torso,StripeLocal,Lexical,Vector,minmax-norm,0.4008176619494063,0.1,0.05263157894736842,0,0.25708007206850847,0.29466788910342695,1,2,0.0011,64.9622,books-genre-a=1 | books-genre-b=9
q016,zombie apocalypse survival,Torso,StripeLocal,Lexical,Vector,zscore-norm,0.619907377778079,0.4,0.25,1,0.4008926529972427,0.5016971516073718,1,2,0.0011,64.9594,books-genre-a=4 | books-genre-b=6
q016,zombie apocalypse survival,Torso,StripeLocal,Lexical,Vector,vector-similarity,1,1,1,1,0.8591367550184259,0.8887765216409891,0.9,2,0.0011,64.9346,books-genre-a=10
q017,time travel paradox,Torso,StripeLocal,Lexical,Vector,single-index,1,1,1,1,1,0.7275162350283697,1,1,0.000583333,75.56,books-oracle2=10
q017,time travel paradox,Torso,StripeLocal,Lexical,Vector,naive-score,1,1,1,1,0.8591367550184259,0.7275162350283697,1,2,0.0006,96.5158,books-genre-a=7 | books-genre-b=3
q017,time travel paradox,Torso,StripeLocal,Lexical,Vector,interleave,0.9813701374962597,0.8,0.6666666666666666,0.8222222222222222,0.758018301076928,0.7315789199683531,1,2,0.0006,96.5033,books-genre-a=5 | books-genre-b=5
q017,time travel paradox,Torso,StripeLocal,Lexical,Vector,quota-merge,0.9797625837018127,0.8,0.6666666666666666,0.7333333333333333,0.7371969783744864,0.7331858619685605,1,2,0.0006,96.49249999999999,books-genre-a=5 | books-genre-b=5
q017,time travel paradox,Torso,StripeLocal,Lexical,Vector,global-rrf,0.9797625837018127,0.8,0.6666666666666666,0.7333333333333333,0.7371969783744864,0.7331858619685605,1,2,0.0006,96.5153,books-genre-a=5 | books-genre-b=5
q017,time travel paradox,Torso,StripeLocal,Lexical,Vector,minmax-norm,0.9732089924096303,0.8,0.6666666666666666,0.6444444444444445,0.7001646219339948,0.7419044441282687,1,2,0.0006,96.54159999999999,books-genre-a=5 | books-genre-b=5
q017,time travel paradox,Torso,StripeLocal,Lexical,Vector,zscore-norm,0.9727393614624151,0.8,0.6666666666666666,0.6,0.695356874886458,0.743409264274233,1,2,0.0006,96.53099999999999,books-genre-a=5 | books-genre-b=5
q017,time travel paradox,Torso,StripeLocal,Lexical,Vector,vector-similarity,1,1,1,1,0.8591367550184259,0.7275162350283697,1,2,0.0006,96.5056,books-genre-a=7 | books-genre-b=3
q018,a girl who discovers she is the last of a magical bloodline,Tail,StripeLocal,Conceptual,Vector,single-index,1,1,1,1,1,0.6410176858967194,1,1,0.000583333,75.345,books-oracle2=10
q018,a girl who discovers she is the last of a magical bloodline,Tail,StripeLocal,Conceptual,Vector,naive-score,0.9103914319844957,0.8,0.6666666666666666,1,0.7506093453472911,0.6081042114503594,1,2,0.0008500000000000001,91.4512,books-genre-a=9 | books-genre-b=1
q018,a girl who discovers she is the last of a magical bloodline,Tail,StripeLocal,Conceptual,Vector,interleave,0.7545852581382079,0.5,0.3333333333333333,0.4,0.5292943343157862,0.6981068033004746,1,2,0.0008500000000000001,91.4406,books-genre-a=5 | books-genre-b=5
q018,a girl who discovers she is the last of a magical bloodline,Tail,StripeLocal,Conceptual,Vector,quota-merge,0.7288470926128287,0.5,0.3333333333333333,0.4,0.48415673628212236,0.697627692458035,1,2,0.0008500000000000001,91.4313,books-genre-a=5 | books-genre-b=5
q018,a girl who discovers she is the last of a magical bloodline,Tail,StripeLocal,Conceptual,Vector,global-rrf,0.7288470926128287,0.5,0.3333333333333333,0.4,0.48415673628212236,0.697627692458035,1,2,0.0008500000000000001,91.4507,books-genre-a=5 | books-genre-b=5
q018,a girl who discovers she is the last of a magical bloodline,Tail,StripeLocal,Conceptual,Vector,minmax-norm,0.7856097941773805,0.6,0.42857142857142855,0.6,0.5449416160552629,0.6593193459017127,1,2,0.0008500000000000001,91.473,books-genre-a=6 | books-genre-b=4
q018,a girl who discovers she is the last of a magical bloodline,Tail,StripeLocal,Conceptual,Vector,zscore-norm,0.6876223993270214,0.6,0.42857142857142855,0.4666666666666667,0.4259747932577208,0.5927335650305301,1,2,0.0008500000000000001,91.4712,books-genre-a=6 | books-genre-b=4
q018,a girl who discovers she is the last of a magical bloodline,Tail,StripeLocal,Conceptual,Vector,vector-similarity,0.9103914319844957,0.8,0.6666666666666666,1,0.7506093453472911,0.6081042114503594,1,2,0.0008500000000000001,91.4452,books-genre-a=9 | books-genre-b=1
q019,dystopian society divided into rigid factions,Torso,StripeLocal,Conceptual,Vector,single-index,1,1,1,1,1,0.7308871208820121,1,1,0.000583333,104.0789,books-oracle2=10
q019,dystopian society divided into rigid factions,Torso,StripeLocal,Conceptual,Vector,naive-score,1,1,1,1,0.8591367550184259,0.7308871208820121,1,2,0.0006,103.0916,books-genre-a=10
q019,dystopian society divided into rigid factions,Torso,StripeLocal,Conceptual,Vector,interleave,0.7553294054554549,0.5,0.3333333333333333,0.4666666666666667,0.5063613791416864,0.743666422268469,1,2,0.0006,103.0822,books-genre-a=5 | books-genre-b=5
q019,dystopian society divided into rigid factions,Torso,StripeLocal,Conceptual,Vector,quota-merge,0.7491877525514044,0.5,0.3333333333333333,0.4666666666666667,0.4931714009591442,0.7398122230325002,1,2,0.0006,103.0728,books-genre-a=5 | books-genre-b=5
q019,dystopian society divided into rigid factions,Torso,StripeLocal,Conceptual,Vector,global-rrf,0.7491877525514044,0.5,0.3333333333333333,0.4666666666666667,0.4931714009591442,0.7398122230325002,1,2,0.0006,103.0904,books-genre-a=5 | books-genre-b=5
q019,dystopian society divided into rigid factions,Torso,StripeLocal,Conceptual,Vector,minmax-norm,0.7733507520206774,0.5,0.3333333333333333,0.4666666666666667,0.5477632551035554,0.7465431919137921,1,2,0.0006,103.1142,books-genre-a=5 | books-genre-b=5
q019,dystopian society divided into rigid factions,Torso,StripeLocal,Conceptual,Vector,zscore-norm,0.6472269509592562,0.5,0.3333333333333333,0.3333333333333333,0.4340552295003281,0.7001264362426346,1,2,0.0006,103.1115,books-genre-a=5 | books-genre-b=5
q019,dystopian society divided into rigid factions,Torso,StripeLocal,Conceptual,Vector,vector-similarity,1,1,1,1,0.8591367550184259,0.7308871208820121,1,2,0.0006,103.08630000000001,books-genre-a=10
q020,supernatural creatures hidden among ordinary people,Torso,StripeLocal,Conceptual,Vector,single-index,1,1,1,1,1,0.8230163901962145,1,1,0.000583333,103.7045,books-oracle2=10
q020,supernatural creatures hidden among ordinary people,Torso,StripeLocal,Conceptual,Vector,naive-score,0.9244611126341428,0.8,0.6666666666666666,1,0.7872034742616232,0.8189537052562311,1,2,0.0008500000000000001,92.6238,books-genre-a=8 | books-genre-b=2
q020,supernatural creatures hidden among ordinary people,Torso,StripeLocal,Conceptual,Vector,interleave,0.8413019938799119,0.6,0.42857142857142855,0.7142857142857143,0.6176902824502019,0.7889507122089876,1,2,0.0008500000000000001,92.6152,books-genre-a=5 | books-genre-b=5
q020,supernatural creatures hidden among ordinary people,Torso,StripeLocal,Conceptual,Vector,quota-merge,0.8413019938799119,0.6,0.42857142857142855,0.7142857142857143,0.6176902824502019,0.7889507122089876,1,2,0.0008500000000000001,92.6042,books-genre-a=5 | books-genre-b=5
q020,supernatural creatures hidden among ordinary people,Torso,StripeLocal,Conceptual,Vector,global-rrf,0.8413019938799119,0.6,0.42857142857142855,0.7142857142857143,0.6176902824502019,0.7889507122089876,1,2,0.0008500000000000001,92.62480000000001,books-genre-a=5 | books-genre-b=5
q020,supernatural creatures hidden among ordinary people,Torso,StripeLocal,Conceptual,Vector,minmax-norm,0.8227916616250924,0.6,0.42857142857142855,0.6190476190476191,0.5833701152734956,0.7784167023450576,1,2,0.0008500000000000001,92.6487,books-genre-a=5 | books-genre-b=5
q020,supernatural creatures hidden among ordinary people,Torso,StripeLocal,Conceptual,Vector,zscore-norm,0.8289385867155495,0.6,0.42857142857142855,0.9047619047619048,0.614083921612844,0.776169445109296,1,2,0.0008500000000000001,92.6443,books-genre-a=5 | books-genre-b=5
q020,supernatural creatures hidden among ordinary people,Torso,StripeLocal,Conceptual,Vector,vector-similarity,0.9244611126341428,0.8,0.6666666666666666,1,0.7872034742616232,0.8189537052562311,1,2,0.0008500000000000001,92.619,books-genre-a=8 | books-genre-b=2
q021,Victorian England social class and marriage,Torso,StripeLocal,Mixed,Vector,single-index,1,1,1,1,1,0.5363967792667177,1,1,0.000583333,74.9858,books-oracle2=10
q021,Victorian England social class and marriage,Torso,StripeLocal,Mixed,Vector,naive-score,1,1,1,1,0.8591367550184259,0.5363967792667177,1,2,0.0011,70.4085,books-genre-b=10
q021,Victorian England social class and marriage,Torso,StripeLocal,Mixed,Vector,interleave,0.6563778451904824,0.5,0.3333333333333333,0.14285714285714285,0.35625849621713673,0.47456145309422204,1,2,0.0011,70.38300000000001,books-genre-a=5 | books-genre-b=5
q021,Victorian England social class and marriage,Torso,StripeLocal,Mixed,Vector,quota-merge,0.6719338942953371,0.5,0.3333333333333333,0.23809523809523808,0.39102971354062116,0.4832800352539302,1,2,0.0011,70.3739,books-genre-a=5 | books-genre-b=5
q021,Victorian England social class and marriage,Torso,StripeLocal,Mixed,Vector,global-rrf,0.6719338942953371,0.5,0.3333333333333333,0.23809523809523808,0.39102971354062116,0.4832800352539302,1,2,0.0011,70.39150000000001,books-genre-a=5 | books-genre-b=5
q021,Victorian England social class and marriage,Torso,StripeLocal,Mixed,Vector,minmax-norm,0.7109685044016347,0.6,0.42857142857142855,0.21428571428571427,0.4122356289427406,0.47546916694633296,1,2,0.0011,70.4131,books-genre-a=4 | books-genre-b=6
q021,Victorian England social class and marriage,Torso,StripeLocal,Mixed,Vector,zscore-norm,0.6643747865951561,0.5,0.3333333333333333,0.14285714285714285,0.3742562214472157,0.47456145309422204,1,2,0.0011,70.40990000000001,books-genre-a=5 | books-genre-b=5
q021,Victorian England social class and marriage,Torso,StripeLocal,Mixed,Vector,vector-similarity,1,1,1,1,0.8591367550184259,0.5363967792667177,1,2,0.0011,70.3863,books-genre-b=10
q022,memoir of growing up in poverty,Torso,StripeLocal,Conceptual,Vector,single-index,1,1,1,1,1,0.9458352203602566,1,1,0.000583333,91.1239,books-oracle2=10
q022,memoir of growing up in poverty,Torso,StripeLocal,Conceptual,Vector,naive-score,1,1,1,1,0.8591367550184259,0.9458352203602566,1,2,0.0006,62.5904,books-genre-b=10
q022,memoir of growing up in poverty,Torso,StripeLocal,Conceptual,Vector,interleave,0.6731105488782942,0.5,0.3333333333333333,0.14285714285714285,0.3535384594753415,0.5590769699626342,0.9,2,0.0006,62.5771,books-genre-a=5 | books-genre-b=5
q022,memoir of growing up in poverty,Torso,StripeLocal,Conceptual,Vector,quota-merge,0.7928521758554324,0.5,0.3333333333333333,0.21428571428571427,0.45405650689602667,0.6287021034693705,0.9,2,0.0006,62.5668,books-genre-a=5 | books-genre-b=5
q022,memoir of growing up in poverty,Torso,StripeLocal,Conceptual,Vector,global-rrf,0.7928521758554324,0.5,0.3333333333333333,0.21428571428571427,0.45405650689602667,0.6287021034693705,0.9,2,0.0006,62.5893,books-genre-a=5 | books-genre-b=5
q022,memoir of growing up in poverty,Torso,StripeLocal,Conceptual,Vector,minmax-norm,0.735460528628668,0.4,0.25,0.14285714285714285,0.40150622995049534,0.5790456661381431,0.9,2,0.0006,62.6154,books-genre-a=6 | books-genre-b=4
q022,memoir of growing up in poverty,Torso,StripeLocal,Conceptual,Vector,zscore-norm,0.7959366783393058,0.5,0.3333333333333333,0.21428571428571427,0.46168785141592605,0.6303875463961918,0.9,2,0.0006,62.612500000000004,books-genre-a=5 | books-genre-b=5
q022,memoir of growing up in poverty,Torso,StripeLocal,Conceptual,Vector,vector-similarity,1,1,1,1,0.8591367550184259,0.9458352203602566,1,2,0.0006,62.582300000000004,books-genre-b=10
q023,biography of a president,Torso,StripeLocal,Mixed,Vector,single-index,1,1,1,1,1,0.918752830540385,1,1,0.001183333,75.9246,books-oracle2=10
q023,biography of a president,Torso,StripeLocal,Mixed,Vector,naive-score,1,1,1,1,0.8591367550184259,0.918752830540385,1,2,0.0008500000000000001,63.676899999999996,books-genre-b=10
q023,biography of a president,Torso,StripeLocal,Mixed,Vector,interleave,0.5324657695478926,0.5,0.3333333333333333,1,0.3529248825220888,0.39505350047661325,1,2,0.0008500000000000001,63.6687,books-genre-a=5 | books-genre-b=5
q023,biography of a president,Torso,StripeLocal,Mixed,Vector,quota-merge,0.6883925842211459,0.5,0.3333333333333333,1,0.4714406551728528,0.48528490178303085,1,2,0.0008500000000000001,63.6599,books-genre-a=5 | books-genre-b=5
q023,biography of a president,Torso,StripeLocal,Mixed,Vector,global-rrf,0.6883925842211459,0.5,0.3333333333333333,1,0.4714406551728528,0.48528490178303085,1,2,0.0008500000000000001,63.6777,books-genre-a=5 | books-genre-b=5
q023,biography of a president,Torso,StripeLocal,Mixed,Vector,minmax-norm,0.6199587452125477,0.4,0.25,1,0.39475360795338477,0.40070359845035025,1,2,0.0008500000000000001,63.7012,books-genre-a=6 | books-genre-b=4
q023,biography of a president,Torso,StripeLocal,Mixed,Vector,zscore-norm,0.637489797145111,0.4,0.25,1,0.4218934807569694,0.4159611172298396,1,2,0.0008500000000000001,63.6959,books-genre-a=6 | books-genre-b=4
q023,biography of a president,Torso,StripeLocal,Mixed,Vector,vector-similarity,1,1,1,1,0.8591367550184259,0.918752830540385,1,2,0.0008500000000000001,63.6738,books-genre-b=10
q024,behavioral economics and irrational decision making,Tail,StripeLocal,Mixed,Vector,single-index,1,1,1,1,1,0.921723022686679,1,1,0.000583333,76.9234,books-oracle2=10
q024,behavioral economics and irrational decision making,Tail,StripeLocal,Mixed,Vector,naive-score,1,1,1,1,0.8591367550184259,0.921723022686679,1,2,0.0006,64.0255,books-genre-b=10
q024,behavioral economics and irrational decision making,Tail,StripeLocal,Mixed,Vector,interleave,0.5324657695478926,0.5,0.3333333333333333,1,0.3529248825220888,0.6115823274320656,1,2,0.0006,64.0158,books-genre-a=5 | books-genre-b=5
q024,behavioral economics and irrational decision making,Tail,StripeLocal,Mixed,Vector,quota-merge,0.7071528501369595,0.5,0.3333333333333333,1,0.5014041254488005,0.6783020414323968,1,2,0.0006,64.006,books-genre-a=5 | books-genre-b=5
q024,behavioral economics and irrational decision making,Tail,StripeLocal,Mixed,Vector,global-rrf,0.7071528501369595,0.5,0.3333333333333333,1,0.5014041254488005,0.6783020414323968,1,2,0.0006,64.02329999999999,books-genre-a=5 | books-genre-b=5
q024,behavioral economics and irrational decision making,Tail,StripeLocal,Mixed,Vector,minmax-norm,0.726606413443125,0.6,0.42857142857142855,1,0.49022040067641465,0.7181593033463419,1,2,0.0006,64.0467,books-genre-a=4 | books-genre-b=6
q024,behavioral economics and irrational decision making,Tail,StripeLocal,Mixed,Vector,zscore-norm,0.726606413443125,0.6,0.42857142857142855,1,0.49022040067641465,0.7181593033463419,1,2,0.0006,64.0432,books-genre-a=4 | books-genre-b=6
q024,behavioral economics and irrational decision making,Tail,StripeLocal,Mixed,Vector,vector-similarity,1,1,1,1,0.8591367550184259,0.921723022686679,1,2,0.0006,64.0191,books-genre-b=10
q025,habits productivity and personal effectiveness,Torso,StripeLocal,Mixed,Vector,single-index,1,1,1,1,1,1,1,1,0.000583333,73.6626,books-oracle2=10
q025,habits productivity and personal effectiveness,Torso,StripeLocal,Mixed,Vector,naive-score,1,1,1,1,0.8591367550184259,1,1,2,0.0008500000000000001,70.8247,books-genre-b=10
q025,habits productivity and personal effectiveness,Torso,StripeLocal,Mixed,Vector,interleave,0.5324657695478926,0.5,0.3333333333333333,1,0.3529248825220888,0.6011017671321571,1,2,0.0008500000000000001,70.8144,books-genre-a=5 | books-genre-b=5
q025,habits productivity and personal effectiveness,Torso,StripeLocal,Mixed,Vector,quota-merge,0.7040683476530861,0.5,0.3333333333333333,1,0.49377278092890103,0.6644505952788459,1,2,0.0008500000000000001,70.8048,books-genre-a=5 | books-genre-b=5
q025,habits productivity and personal effectiveness,Torso,StripeLocal,Mixed,Vector,global-rrf,0.7040683476530861,0.5,0.3333333333333333,1,0.49377278092890103,0.6644505952788459,1,2,0.0008500000000000001,70.8233,books-genre-a=5 | books-genre-b=5
q025,habits productivity and personal effectiveness,Torso,StripeLocal,Mixed,Vector,minmax-norm,0.7705387005254104,0.6,0.42857142857142855,1,0.5779618114338314,0.7452750511507952,1,2,0.0008500000000000001,70.8463,books-genre-a=4 | books-genre-b=6
q025,habits productivity and personal effectiveness,Torso,StripeLocal,Mixed,Vector,zscore-norm,0.5271325402642216,0.4,0.25,1,0.40475959664123734,0.5785785595832895,1,2,0.0008500000000000001,70.845,books-genre-a=6 | books-genre-b=4
q025,habits productivity and personal effectiveness,Torso,StripeLocal,Mixed,Vector,vector-similarity,1,1,1,1,0.8591367550184259,1,1,2,0.0008500000000000001,70.8189,books-genre-b=10
q026,poetry collection about grief,Torso,StripeLocal,Conceptual,Vector,single-index,1,1,1,1,1,0.7237666436097531,1,1,0.000583333,75.0236,books-oracle2=10
q026,poetry collection about grief,Torso,StripeLocal,Conceptual,Vector,naive-score,1,1,1,1,0.8591367550184259,0.7237666436097531,1,2,0.0011,66.92869999999999,books-genre-b=10
q026,poetry collection about grief,Torso,StripeLocal,Conceptual,Vector,interleave,0.6588386781451933,0.5,0.3333333333333333,0.14285714285714285,0.35734036743010983,0.32453954460055306,1,2,0.0011,66.8934,books-genre-a=5 | books-genre-b=5
q026,poetry collection about grief,Torso,StripeLocal,Conceptual,Vector,quota-merge,0.7879230260376098,0.5,0.3333333333333333,0.3333333333333333,0.4898060347019165,0.4084023022805161,1,2,0.0011,66.8848,books-genre-a=5 | books-genre-b=5
q026,poetry collection about grief,Torso,StripeLocal,Conceptual,Vector,global-rrf,0.7879230260376098,0.5,0.3333333333333333,0.3333333333333333,0.4898060347019165,0.4084023022805161,1,2,0.0011,66.9028,books-genre-a=5 | books-genre-b=5
q026,poetry collection about grief,Torso,StripeLocal,Conceptual,Vector,minmax-norm,0.8578926391141404,0.6,0.42857142857142855,0.5714285714285714,0.5999011244986587,0.4969152827680036,1,2,0.0011,66.9238,books-genre-a=4 | books-genre-b=6
q026,poetry collection about grief,Torso,StripeLocal,Conceptual,Vector,zscore-norm,0.6805443204949703,0.5,0.3333333333333333,0.3333333333333333,0.40997994874923616,0.32136254611816484,1,2,0.0011,66.9258,books-genre-a=5 | books-genre-b=5
q026,poetry collection about grief,Torso,StripeLocal,Conceptual,Vector,vector-similarity,1,1,1,1,0.8591367550184259,0.7237666436097531,1,2,0.0011,66.89789999999999,books-genre-b=10
q027,existentialist philosophy and the meaning of life,Torso,StripeLocal,Mixed,Vector,single-index,1,1,1,1,1,0.8487884441557495,1,1,0.001183333,110.0613,books-oracle2=10
q027,existentialist philosophy and the meaning of life,Torso,StripeLocal,Mixed,Vector,naive-score,1,1,1,1,0.8591367550184259,0.8487884441557495,1,2,0.0008500000000000001,97.6195,books-genre-b=10
q027,existentialist philosophy and the meaning of life,Torso,StripeLocal,Mixed,Vector,interleave,0.7038989235463231,0.5,0.3333333333333333,0.14285714285714285,0.366744612763446,0.8629023458272109,1,2,0.0008500000000000001,97.6088,books-genre-a=5 | books-genre-b=5
q027,existentialist philosophy and the meaning of life,Torso,StripeLocal,Mixed,Vector,quota-merge,0.834388778807645,0.5,0.3333333333333333,0.35714285714285715,0.515223855690158,0.871620927986919,1,2,0.0008500000000000001,97.6005,books-genre-a=5 | books-genre-b=5
q027,existentialist philosophy and the meaning of life,Torso,StripeLocal,Mixed,Vector,global-rrf,0.834388778807645,0.5,0.3333333333333333,0.35714285714285715,0.515223855690158,0.871620927986919,1,2,0.0008500000000000001,97.6297,books-genre-a=5 | books-genre-b=5
q027,existentialist philosophy and the meaning of life,Torso,StripeLocal,Mixed,Vector,minmax-norm,0.7668123405914274,0.4,0.25,0.14285714285714285,0.4322362113954063,0.8629023458272109,1,2,0.0008500000000000001,97.6435,books-genre-a=6 | books-genre-b=4
q027,existentialist philosophy and the meaning of life,Torso,StripeLocal,Mixed,Vector,zscore-norm,0.780702437529907,0.4,0.25,0.42857142857142855,0.4736380873572752,0.8629023458272109,1,2,0.0008500000000000001,97.6381,books-genre-a=6 | books-genre-b=4
q027,existentialist philosophy and the meaning of life,Torso,StripeLocal,Mixed,Vector,vector-similarity,1,1,1,1,0.8591367550184259,0.8487884441557495,1,2,0.0008500000000000001,97.6137,books-genre-b=10
q028,evolutionary biology explained for general readers,Torso,StripeLocal,Conceptual,Vector,single-index,1,1,1,1,1,1,1,1,0.000583333,75.1522,books-oracle2=10
q028,evolutionary biology explained for general readers,Torso,StripeLocal,Conceptual,Vector,naive-score,1,1,1,1,0.8591367550184259,1,1,2,0.0011,64.0103,books-genre-b=10
q028,evolutionary biology explained for general readers,Torso,StripeLocal,Conceptual,Vector,interleave,0.6987660918112069,0.5,0.3333333333333333,0.14285714285714285,0.36244128003259835,0.49918663107737543,1,2,0.0011,63.999199999999995,books-genre-a=5 | books-genre-b=5
q028,evolutionary biology explained for general readers,Torso,StripeLocal,Conceptual,Vector,quota-merge,0.713718984839559,0.5,0.3333333333333333,0.21428571428571427,0.39721249735608277,0.5178150357105072,1,2,0.0011,63.990899999999996,books-genre-a=5 | books-genre-b=5
q028,evolutionary biology explained for general readers,Torso,StripeLocal,Conceptual,Vector,global-rrf,0.713718984839559,0.5,0.3333333333333333,0.21428571428571427,0.39721249735608277,0.5178150357105072,1,2,0.0011,64.00869999999999,books-genre-a=5 | books-genre-b=5
q028,evolutionary biology explained for general readers,Torso,StripeLocal,Conceptual,Vector,minmax-norm,0.8346556735818865,0.8,0.6666666666666666,0.6,0.5820674364999004,0.7450956911472564,1,2,0.0011,64.03179999999999,books-genre-a=2 | books-genre-b=8
q028,evolutionary biology explained for general readers,Torso,StripeLocal,Conceptual,Vector,zscore-norm,0.7949913227193142,0.7,0.5384615384615384,0.3333333333333333,0.4650883671287496,0.6417915555067962,1,2,0.0011,64.0279,books-genre-a=3 | books-genre-b=7
q028,evolutionary biology explained for general readers,Torso,StripeLocal,Conceptual,Vector,vector-similarity,1,1,1,1,0.8591367550184259,1,1,2,0.0011,64.0034,books-genre-b=10
q029,the history of the Roman empire,Torso,StripeLocal,Lexical,Vector,single-index,1,1,1,1,1,0.7999482531482869,1,1,0.000583333,73.7608,books-oracle2=10
q029,the history of the Roman empire,Torso,StripeLocal,Lexical,Vector,naive-score,1,1,1,1,0.8591367550184259,0.7999482531482869,1,2,0.0011,89.6584,books-genre-b=10
q029,the history of the Roman empire,Torso,StripeLocal,Lexical,Vector,interleave,0.5324657695478926,0.5,0.3333333333333333,1,0.3529248825220888,0.48700690999186325,1,2,0.0011,89.6481,books-genre-a=5 | books-genre-b=5
q029,the history of the Roman empire,Torso,StripeLocal,Lexical,Vector,quota-merge,0.5324657695478926,0.5,0.3333333333333333,1,0.3529248825220888,0.48700690999186325,1,2,0.0011,89.6386,books-genre-a=5 | books-genre-b=5
q029,the history of the Roman empire,Torso,StripeLocal,Lexical,Vector,global-rrf,0.5324657695478926,0.5,0.3333333333333333,1,0.3529248825220888,0.48700690999186325,1,2,0.0011,89.6853,books-genre-a=5 | books-genre-b=5
q029,the history of the Roman empire,Torso,StripeLocal,Lexical,Vector,minmax-norm,0.4221052056004462,0.3,0.17647058823529413,1,0.2751112791903023,0.48541240380890505,1,2,0.0011,89.68159999999999,books-genre-a=7 | books-genre-b=3
q029,the history of the Roman empire,Torso,StripeLocal,Lexical,Vector,zscore-norm,0.6310167416463153,0.4,0.25,1,0.4182871199196116,0.6105060858908687,1,2,0.0011,89.6781,books-genre-a=6 | books-genre-b=4
q029,the history of the Roman empire,Torso,StripeLocal,Lexical,Vector,vector-similarity,1,1,1,1,0.8591367550184259,0.7999482531482869,1,2,0.0011,89.65289999999999,books-genre-b=10
q030,a novel narrated by an unreliable narrator in a decaying southern town,Tail,StripeLocal,Conceptual,Vector,single-index,1,1,1,1,1,0.4753977460908175,1,1,0.000583333,76.6118,books-oracle2=10
q030,a novel narrated by an unreliable narrator in a decaying southern town,Tail,StripeLocal,Conceptual,Vector,naive-score,1,1,1,1,0.8591367550184259,0.4753977460908175,1,2,0.0011,64.0533,books-genre-a=4 | books-genre-b=6
q030,a novel narrated by an unreliable narrator in a decaying southern town,Tail,StripeLocal,Conceptual,Vector,interleave,0.9914738430195427,0.9,0.8181818181818182,0.8666666666666667,0.792011633340534,0.4282877697989662,1,2,0.0011,64.04169999999999,books-genre-a=5 | books-genre-b=5
q030,a novel narrated by an unreliable narrator in a decaying southern town,Tail,StripeLocal,Conceptual,Vector,quota-merge,0.9915797692248982,0.9,0.8181818181818182,0.9111111111111111,0.7968193803880707,0.4282877697989662,1,2,0.0011,64.0315,books-genre-a=5 | books-genre-b=5
q030,a novel narrated by an unreliable narrator in a decaying southern town,Tail,StripeLocal,Conceptual,Vector,global-rrf,0.9915797692248982,0.9,0.8181818181818182,0.9111111111111111,0.7968193803880707,0.4282877697989662,1,2,0.0011,64.0505,books-genre-a=5 | books-genre-b=5
q030,a novel narrated by an unreliable narrator in a decaying southern town,Tail,StripeLocal,Conceptual,Vector,minmax-norm,0.9738703947851246,0.9,0.8181818181818182,0.6888888888888889,0.7145738121452111,0.5016262674250754,1,2,0.0011,64.0722,books-genre-a=3 | books-genre-b=7
q030,a novel narrated by an unreliable narrator in a decaying southern town,Tail,StripeLocal,Conceptual,Vector,zscore-norm,0.9864811086210921,1,1,0.7333333333333333,0.7555989043894061,0.4548961568427299,1,2,0.0011,64.0693,books-genre-a=4 | books-genre-b=6
q030,a novel narrated by an unreliable narrator in a decaying southern town,Tail,StripeLocal,Conceptual,Vector,vector-similarity,1,1,1,1,0.8591367550184259,0.4753977460908175,1,2,0.0011,64.0461,books-genre-a=4 | books-genre-b=6
q031,Regency romance with a reluctant duke,Tail,StripeLocal,Mixed,Vector,single-index,1,1,1,1,1,0.4691772611686149,1,1,0.000583333,75.7985,books-oracle2=10
q031,Regency romance with a reluctant duke,Tail,StripeLocal,Mixed,Vector,naive-score,1,1,1,1,0.8591367550184259,0.4691772611686149,1,2,0.0011,227.4754,books-genre-b=10
q031,Regency romance with a reluctant duke,Tail,StripeLocal,Mixed,Vector,interleave,0.6544706880561432,0.5,0.3333333333333333,0.14285714285714285,0.3557459667752882,0.27422660281704964,1,2,0.0011,227.4732,books-genre-a=5 | books-genre-b=5
q031,Regency romance with a reluctant duke,Tail,StripeLocal,Mixed,Vector,quota-merge,0.673194595771846,0.5,0.3333333333333333,0.23809523809523808,0.39607581776141537,0.29833530258872787,1,2,0.0011,227.4599,books-genre-a=5 | books-genre-b=5
q031,Regency romance with a reluctant duke,Tail,StripeLocal,Mixed,Vector,global-rrf,0.673194595771846,0.5,0.3333333333333333,0.23809523809523808,0.39607581776141537,0.29833530258872787,1,2,0.0011,227.4766,books-genre-a=5 | books-genre-b=5
q031,Regency romance with a reluctant duke,Tail,StripeLocal,Mixed,Vector,minmax-norm,0.6151553800915324,0.4,0.25,0.2,0.34264529296634105,0.29515976411717243,1,2,0.0011,227.5017,books-genre-a=6 | books-genre-b=4
q031,Regency romance with a reluctant duke,Tail,StripeLocal,Mixed,Vector,zscore-norm,0.7312302890323394,0.4,0.25,0.3333333333333333,0.44316334038702604,0.3469002345775731,1,2,0.0011,227.4973,books-genre-a=6 | books-genre-b=4
q031,Regency romance with a reluctant duke,Tail,StripeLocal,Mixed,Vector,vector-similarity,1,1,1,1,0.8591367550184259,0.4691772611686149,1,2,0.0011,227.4698,books-genre-b=10
q032,cookbook,Head,StripeLocal,Lexical,Vector,single-index,1,1,1,1,1,1,1,1,0.000583333,74.9191,books-oracle2=10
q032,cookbook,Head,StripeLocal,Lexical,Vector,naive-score,1,1,1,1,0.8591367550184259,1,1,2,0.0011,95.8734,books-genre-a=1 | books-genre-b=9
q032,cookbook,Head,StripeLocal,Lexical,Vector,interleave,0.9408902579012112,0.6,0.42857142857142855,0.5555555555555556,0.6382408223620448,1,1,2,0.0011,95.8573,books-genre-a=5 | books-genre-b=5
q032,cookbook,Head,StripeLocal,Lexical,Vector,quota-merge,0.8969684707927587,0.6,0.42857142857142855,0.6888888888888889,0.5904917174949234,1,1,2,0.0011,95.8486,books-genre-a=5 | books-genre-b=5
q032,cookbook,Head,StripeLocal,Lexical,Vector,global-rrf,0.8969684707927587,0.6,0.42857142857142855,0.6888888888888889,0.5904917174949234,1,1,2,0.0011,95.8682,books-genre-a=5 | books-genre-b=5
q032,cookbook,Head,StripeLocal,Lexical,Vector,minmax-norm,0.9303515634553905,0.8,0.6666666666666666,0.6888888888888889,0.6714946095764008,1,1,2,0.0011,95.8922,books-genre-a=3 | books-genre-b=7
q032,cookbook,Head,StripeLocal,Lexical,Vector,zscore-norm,0.9605100684947064,0.7,0.5384615384615384,0.6,0.6851738714923442,1,1,2,0.0011,95.8877,books-genre-a=4 | books-genre-b=6
q032,cookbook,Head,StripeLocal,Lexical,Vector,vector-similarity,1,1,1,1,0.8591367550184259,1,1,2,0.0011,95.8624,books-genre-a=1 | books-genre-b=9
q033,travel writing about walking across a country,Tail,StripeLocal,Conceptual,Vector,single-index,1,1,1,1,1,0.6287253715747206,1,1,0.000583333,83.0123,books-oracle2=10
q033,travel writing about walking across a country,Tail,StripeLocal,Conceptual,Vector,naive-score,1,1,1,1,0.8591367550184259,0.6287253715747206,1,2,0.0011,94.9685,books-genre-b=10
q033,travel writing about walking across a country,Tail,StripeLocal,Conceptual,Vector,interleave,0.686755048647702,0.5,0.3333333333333333,0.14285714285714285,0.3569632744125822,0.37501750555876584,1,2,0.0011,94.95580000000001,books-genre-a=5 | books-genre-b=5
q033,travel writing about walking across a country,Tail,StripeLocal,Conceptual,Vector,quota-merge,0.7055932302306696,0.5,0.3333333333333333,0.2857142857142857,0.404924469918609,0.38962074291626075,1,2,0.0011,94.9473,books-genre-a=5 | books-genre-b=5
q033,travel writing about walking across a country,Tail,StripeLocal,Conceptual,Vector,global-rrf,0.7055932302306696,0.5,0.3333333333333333,0.2857142857142857,0.404924469918609,0.38962074291626075,1,2,0.0011,94.96560000000001,books-genre-a=5 | books-genre-b=5
q033,travel writing about walking across a country,Tail,StripeLocal,Conceptual,Vector,minmax-norm,0.548030538933326,0.3,0.17647058823529413,0.06666666666666667,0.22009460572768347,0.3734405282536962,1,2,0.0011,94.9898,books-genre-a=7 | books-genre-b=3
q033,travel writing about walking across a country,Tail,StripeLocal,Conceptual,Vector,zscore-norm,0.6928773562358647,0.3,0.17647058823529413,0.3333333333333333,0.37445362067767335,0.46376093863610773,1,2,0.0011,94.98530000000001,books-genre-a=7 | books-genre-b=3
q033,travel writing about walking across a country,Tail,StripeLocal,Conceptual,Vector,vector-similarity,1,1,1,1,0.8591367550184259,0.6287253715747206,1,2,0.0011,94.9603,books-genre-b=10
q034,startup founder building a company from nothing,Torso,StripeLocal,Conceptual,Vector,single-index,1,1,1,1,1,0.9636452638863133,1,1,0.000583333,107.1632,books-oracle2=10
q034,startup founder building a company from nothing,Torso,StripeLocal,Conceptual,Vector,naive-score,1,1,1,1,0.8591367550184259,0.9636452638863133,1,2,0.0008500000000000001,90.619,books-genre-b=10
q034,startup founder building a company from nothing,Torso,StripeLocal,Conceptual,Vector,interleave,0.5324657695478926,0.5,0.3333333333333333,1,0.3529248825220888,0.5750924198713709,1,2,0.0008500000000000001,90.608,books-genre-a=5 | books-genre-b=5
q034,startup founder building a company from nothing,Torso,StripeLocal,Conceptual,Vector,quota-merge,0.6896217982043962,0.5,0.3333333333333333,1,0.47426425264521566,0.6514624020410529,1,2,0.0008500000000000001,90.59830000000001,books-genre-a=5 | books-genre-b=5
q034,startup founder building a company from nothing,Torso,StripeLocal,Conceptual,Vector,global-rrf,0.6896217982043962,0.5,0.3333333333333333,1,0.47426425264521566,0.6514624020410529,1,2,0.0008500000000000001,90.6166,books-genre-a=5 | books-genre-b=5
q034,startup founder building a company from nothing,Torso,StripeLocal,Conceptual,Vector,minmax-norm,0.6896217982043962,0.5,0.3333333333333333,1,0.47426425264521566,0.6514624020410529,1,2,0.0008500000000000001,90.64,books-genre-a=5 | books-genre-b=5
q034,startup founder building a company from nothing,Torso,StripeLocal,Conceptual,Vector,zscore-norm,0.7090081386375826,0.5,0.3333333333333333,1,0.5062118724963371,0.6667975054995615,1,2,0.0008500000000000001,90.6376,books-genre-a=5 | books-genre-b=5
q034,startup founder building a company from nothing,Torso,StripeLocal,Conceptual,Vector,vector-similarity,1,1,1,1,0.8591367550184259,0.9636452638863133,1,2,0.0008500000000000001,90.61110000000001,books-genre-b=10
q035,a marriage falling apart told from both perspectives,Tail,StripeLocal,Conceptual,Vector,single-index,1,1,1,1,1,0.3463795830771775,1,1,0.000583333,102.2133,books-oracle2=10
q035,a marriage falling apart told from both perspectives,Tail,StripeLocal,Conceptual,Vector,naive-score,1,1,1,1,0.8591367550184259,0.3463795830771775,1,2,0.0008500000000000001,91.3828,books-genre-b=10
q035,a marriage falling apart told from both perspectives,Tail,StripeLocal,Conceptual,Vector,interleave,0.744961133384929,0.5,0.3333333333333333,0.2222222222222222,0.3775627917392118,0.20776184994469654,1,2,0.0008500000000000001,91.3744,books-genre-a=5 | books-genre-b=5
q035,a marriage falling apart told from both perspectives,Tail,StripeLocal,Conceptual,Vector,quota-merge,0.7580143774767806,0.5,0.3333333333333333,0.3333333333333333,0.412334009062696,0.2088854785625773,1,2,0.0008500000000000001,91.3643,books-genre-a=5 | books-genre-b=5
q035,a marriage falling apart told from both perspectives,Tail,StripeLocal,Conceptual,Vector,global-rrf,0.7580143774767806,0.5,0.3333333333333333,0.3333333333333333,0.412334009062696,0.2088854785625773,1,2,0.0008500000000000001,91.3836,books-genre-a=5 | books-genre-b=5
q035,a marriage falling apart told from both perspectives,Tail,StripeLocal,Conceptual,Vector,minmax-norm,0.8106280919410022,0.6,0.42857142857142855,0.4222222222222222,0.47899921141082086,0.24150810745961243,1,2,0.0008500000000000001,91.4083,books-genre-a=4 | books-genre-b=6
q035,a marriage falling apart told from both perspectives,Tail,StripeLocal,Conceptual,Vector,zscore-norm,0.7780207879985822,0.6,0.42857142857142855,0.1111111111111111,0.3784970201736265,0.23766133728539893,1,2,0.0008500000000000001,91.404,books-genre-a=4 | books-genre-b=6
q035,a marriage falling apart told from both perspectives,Tail,StripeLocal,Conceptual,Vector,vector-similarity,1,1,1,1,0.8591367550184259,0.3463795830771775,1,2,0.0008500000000000001,91.3787,books-genre-b=10
q036,essays on race in America,Torso,StripeLocal,Mixed,Vector,single-index,1,1,1,1,1,0.8776840276138409,1,1,0.000583333,74.3621,books-oracle2=10
q036,essays on race in America,Torso,StripeLocal,Mixed,Vector,naive-score,1,1,1,1,0.8591367550184259,0.8776840276138409,1,2,0.0006,63.562000000000005,books-genre-b=10
q036,essays on race in America,Torso,StripeLocal,Mixed,Vector,interleave,0.6187771550795901,0.5,0.3333333333333333,0.3333333333333333,0.35570659753040595,0.576932417882114,1,2,0.0006,63.5531,books-genre-a=5 | books-genre-b=5
q036,essays on race in America,Torso,StripeLocal,Mixed,Vector,quota-merge,0.758524768857011,0.5,0.3333333333333333,0.4666666666666667,0.4965544959372183,0.6505980739017722,1,2,0.0006,63.541900000000005,books-genre-a=5 | books-genre-b=5
q036,essays on race in America,Torso,StripeLocal,Mixed,Vector,global-rrf,0.758524768857011,0.5,0.3333333333333333,0.4666666666666667,0.4965544959372183,0.6505980739017722,1,2,0.0006,63.562000000000005,books-genre-a=5 | books-genre-b=5
q036,essays on race in America,Torso,StripeLocal,Mixed,Vector,minmax-norm,0.8197049898621394,0.6,0.42857142857142855,0.5238095238095238,0.5675535482596065,0.7262337637593028,1,2,0.0006,63.587700000000005,books-genre-a=4 | books-genre-b=6
q036,essays on race in America,Torso,StripeLocal,Mixed,Vector,zscore-norm,0.6473896509007006,0.5,0.3333333333333333,0.3333333333333333,0.4084755400839694,0.600332665989561,1,2,0.0006,63.583000000000006,books-genre-a=5 | books-genre-b=5
q036,essays on race in America,Torso,StripeLocal,Mixed,Vector,vector-similarity,1,1,1,1,0.8591367550184259,0.8776840276138409,1,2,0.0006,63.556900000000006,books-genre-b=10
q037,spiritual awakening and mindfulness practice,Torso,StripeLocal,Conceptual,Vector,single-index,1,1,1,1,1,1,1,1,0.000583333,75.9487,books-oracle2=10
q037,spiritual awakening and mindfulness practice,Torso,StripeLocal,Conceptual,Vector,naive-score,1,1,1,1,0.8591367550184259,1,1,2,0.0008500000000000001,63.9201,books-genre-b=10
q037,spiritual awakening and mindfulness practice,Torso,StripeLocal,Conceptual,Vector,interleave,0.5324657695478926,0.5,0.3333333333333333,1,0.3529248825220888,0.49293067969242527,1,2,0.0008500000000000001,63.9101,books-genre-a=5 | books-genre-b=5
q037,spiritual awakening and mindfulness practice,Torso,StripeLocal,Conceptual,Vector,quota-merge,0.535550272031766,0.5,0.3333333333333333,1,0.36055622704198825,0.4963015655460677,1,2,0.0008500000000000001,63.9009,books-genre-a=5 | books-genre-b=5
q037,spiritual awakening and mindfulness practice,Torso,StripeLocal,Conceptual,Vector,global-rrf,0.535550272031766,0.5,0.3333333333333333,1,0.36055622704198825,0.4963015655460677,1,2,0.0008500000000000001,63.9201,books-genre-a=5 | books-genre-b=5
q037,spiritual awakening and mindfulness practice,Torso,StripeLocal,Conceptual,Vector,minmax-norm,0.4980992587041927,0.4,0.25,1,0.33982420871314173,0.4353494687087187,1,2,0.0008500000000000001,63.943099999999994,books-genre-a=6 | books-genre-b=4
q037,spiritual awakening and mindfulness practice,Torso,StripeLocal,Conceptual,Vector,zscore-norm,0.7341217330861204,0.5,0.3333333333333333,1,0.5334472686055665,0.61942532193467,1,2,0.0008500000000000001,63.939,books-genre-a=5 | books-genre-b=5
q037,spiritual awakening and mindfulness practice,Torso,StripeLocal,Conceptual,Vector,vector-similarity,1,1,1,1,0.8591367550184259,1,1,2,0.0008500000000000001,63.9139,books-genre-b=10
q038,immigrant family adjusting to a new country,Torso,StripeLocal,Conceptual,Vector,single-index,1,1,1,1,1,0.9404875240541909,1,1,0.000583333,75.1499,books-oracle2=10
q038,immigrant family adjusting to a new country,Torso,StripeLocal,Conceptual,Vector,naive-score,0.9650645928231532,0.9,0.8181818181818182,1,0.8299906288046852,0.90262796779454,1,2,0.0006,63.7283,books-genre-a=2 | books-genre-b=8
q038,immigrant family adjusting to a new country,Torso,StripeLocal,Conceptual,Vector,interleave,0.8487439471885139,0.7,0.5384615384615384,0.37777777777777777,0.4841027310438249,1,1,2,0.0006,63.716699999999996,books-genre-a=5 | books-genre-b=5
q038,immigrant family adjusting to a new country,Torso,StripeLocal,Conceptual,Vector,quota-merge,0.8521944046033267,0.7,0.5384615384615384,0.4666666666666667,0.5021004562739038,1,1,2,0.0006,63.7074,books-genre-a=5 | books-genre-b=5
q038,immigrant family adjusting to a new country,Torso,StripeLocal,Conceptual,Vector,global-rrf,0.8521944046033267,0.7,0.5384615384615384,0.4666666666666667,0.5021004562739038,1,1,2,0.0006,63.7261,books-genre-a=5 | books-genre-b=5
q038,immigrant family adjusting to a new country,Torso,StripeLocal,Conceptual,Vector,minmax-norm,0.863244683415847,0.7,0.5384615384615384,0.4666666666666667,0.5367423123629511,1,1,2,0.0006,63.7489,books-genre-a=5 | books-genre-b=5
q038,immigrant family adjusting to a new country,Torso,StripeLocal,Conceptual,Vector,zscore-norm,0.9539474699366266,0.7,0.5384615384615384,0.5111111111111111,0.6372603597836362,1,1,2,0.0006,63.7454,books-genre-a=5 | books-genre-b=5
q038,immigrant family adjusting to a new country,Torso,StripeLocal,Conceptual,Vector,vector-similarity,0.9650645928231532,0.9,0.8181818181818182,1,0.8299906288046852,0.90262796779454,1,2,0.0006,63.7207,books-genre-a=2 | books-genre-b=8
q039,art history and the Renaissance painters,Torso,StripeLocal,Mixed,Vector,single-index,1,1,1,1,1,0.7544297070606548,1,1,0.000583333,74.4417,books-oracle2=10
q039,art history and the Renaissance painters,Torso,StripeLocal,Mixed,Vector,naive-score,1,1,1,1,0.8591367550184259,0.7544297070606548,1,2,0.0008500000000000001,96.6096,books-genre-b=10
q039,art history and the Renaissance painters,Torso,StripeLocal,Mixed,Vector,interleave,0.6672618975290422,0.5,0.3333333333333333,0.14285714285714285,0.35303193288037954,0.5262867994421628,1,2,0.0008500000000000001,96.5947,books-genre-a=5 | books-genre-b=5
q039,art history and the Renaissance painters,Torso,StripeLocal,Mixed,Vector,quota-merge,0.6887601546292943,0.5,0.3333333333333333,0.2857142857142857,0.40580087543394294,0.5465913915071444,1,2,0.0008500000000000001,96.5864,books-genre-a=5 | books-genre-b=5
q039,art history and the Renaissance painters,Torso,StripeLocal,Mixed,Vector,global-rrf,0.6887601546292943,0.5,0.3333333333333333,0.2857142857142857,0.40580087543394294,0.5465913915071444,1,2,0.0008500000000000001,96.6049,books-genre-a=5 | books-genre-b=5
q039,art history and the Renaissance painters,Torso,StripeLocal,Mixed,Vector,minmax-norm,0.7174192205026434,0.6,0.42857142857142855,0.16666666666666666,0.4006268344709777,0.5410512067642752,1,2,0.0008500000000000001,96.6275,books-genre-a=4 | books-genre-b=6
q039,art history and the Renaissance painters,Torso,StripeLocal,Mixed,Vector,zscore-norm,0.5963406440769854,0.5,0.3333333333333333,-0.07142857142857142,0.2699708691149661,0.5004641637747839,1,2,0.0008500000000000001,96.624,books-genre-a=5 | books-genre-b=5
q039,art history and the Renaissance painters,Torso,StripeLocal,Mixed,Vector,vector-similarity,1,1,1,1,0.8591367550184259,0.7544297070606548,1,2,0.0008500000000000001,96.59909999999999,books-genre-b=10
q040,investing personal finance wealth,Torso,StripeLocal,Lexical,Vector,single-index,1,1,1,1,1,0.9173414328953917,1,1,0.000583333,75.1768,books-oracle2=10
q040,investing personal finance wealth,Torso,StripeLocal,Lexical,Vector,naive-score,1,1,1,1,0.8591367550184259,0.9173414328953917,1,2,0.0006,63.7018,books-genre-b=10
q040,investing personal finance wealth,Torso,StripeLocal,Lexical,Vector,interleave,0.5324657695478926,0.5,0.3333333333333333,1,0.3529248825220888,0.5382184053327056,1,2,0.0006,63.691599999999994,books-genre-a=5 | books-genre-b=5
q040,investing personal finance wealth,Torso,StripeLocal,Lexical,Vector,quota-merge,0.5435472134364396,0.5,0.3333333333333333,1,0.3785539522720672,0.5482625349502036,1,2,0.0006,63.6813,books-genre-a=5 | books-genre-b=5
q040,investing personal finance wealth,Torso,StripeLocal,Lexical,Vector,global-rrf,0.5435472134364396,0.5,0.3333333333333333,1,0.3785539522720672,0.5482625349502036,1,2,0.0006,63.699799999999996,books-genre-a=5 | books-genre-b=5
q040,investing personal finance wealth,Torso,StripeLocal,Lexical,Vector,minmax-norm,0.6361656207707201,0.7,0.5384615384615384,1,0.4615816534276611,0.6394903316789446,1,2,0.0006,63.724799999999995,books-genre-a=3 | books-genre-b=7
q040,investing personal finance wealth,Torso,StripeLocal,Lexical,Vector,zscore-norm,0.5435472134364396,0.5,0.3333333333333333,1,0.3785539522720672,0.5482625349502036,1,2,0.0006,63.721799999999995,books-genre-a=5 | books-genre-b=5
q040,investing personal finance wealth,Torso,StripeLocal,Lexical,Vector,vector-similarity,1,1,1,1,0.8591367550184259,0.9173414328953917,1,2,0.0006,63.6947,books-genre-b=10
q041,love,Head,CrossStripe,Lexical,Vector,single-index,1,1,1,1,1,1,1,1,0.000583333,74.3027,books-oracle2=10
q041,love,Head,CrossStripe,Lexical,Vector,naive-score,1,1,1,1,0.8591367550184259,1,1,2,0.0006,62.910900000000005,books-genre-b=10
q041,love,Head,CrossStripe,Lexical,Vector,interleave,0.7504496453623092,0.5,0.3333333333333333,0.3333333333333333,0.3648703523468982,1,1,2,0.0006,62.9011,books-genre-a=5 | books-genre-b=5
q041,love,Head,CrossStripe,Lexical,Vector,quota-merge,0.8766408507713754,0.5,0.3333333333333333,0.4666666666666667,0.4973360196187046,1,1,2,0.0006,62.8911,books-genre-a=5 | books-genre-b=5
q041,love,Head,CrossStripe,Lexical,Vector,global-rrf,0.8766408507713754,0.5,0.3333333333333333,0.4666666666666667,0.4973360196187046,1,1,2,0.0006,62.9102,books-genre-a=5 | books-genre-b=5
q041,love,Head,CrossStripe,Lexical,Vector,minmax-norm,0.7879056145643271,0.3,0.17647058823529413,0.5111111111111111,0.34628107223675364,1,1,2,0.0006,62.9339,books-genre-a=7 | books-genre-b=3
q041,love,Head,CrossStripe,Lexical,Vector,zscore-norm,0.8693272338040653,0.5,0.3333333333333333,0.28888888888888886,0.46899476060494094,1,1,2,0.0006,62.9302,books-genre-a=5 | books-genre-b=5
q041,love,Head,CrossStripe,Lexical,Vector,vector-similarity,1,1,1,1,0.8591367550184259,1,1,2,0.0006,62.9054,books-genre-b=10
q042,war,Head,CrossStripe,Lexical,Vector,single-index,1,1,1,1,1,1,1,1,0.000583333,74.456,books-oracle2=10
q042,war,Head,CrossStripe,Lexical,Vector,naive-score,1,1,1,1,0.8591367550184259,1,1,2,0.0011,64.28869999999999,books-genre-a=1 | books-genre-b=9
q042,war,Head,CrossStripe,Lexical,Vector,interleave,0.8081087175255843,0.6,0.42857142857142855,0.3333333333333333,0.4281503735626291,1,1,2,0.0011,64.2766,books-genre-a=5 | books-genre-b=5
q042,war,Head,CrossStripe,Lexical,Vector,quota-merge,0.8229807524557381,0.6,0.42857142857142855,0.5111111111111111,0.4809193161161923,1,1,2,0.0011,64.2668,books-genre-a=5 | books-genre-b=5
q042,war,Head,CrossStripe,Lexical,Vector,global-rrf,0.8229807524557381,0.6,0.42857142857142855,0.5111111111111111,0.4809193161161923,1,1,2,0.0011,64.2861,books-genre-a=5 | books-genre-b=5
q042,war,Head,CrossStripe,Lexical,Vector,minmax-norm,0.8398324092720605,0.7,0.5384615384615384,0.37777777777777777,0.5080552847433084,1,1,2,0.0011,64.3383,books-genre-a=4 | books-genre-b=6
q042,war,Head,CrossStripe,Lexical,Vector,zscore-norm,0.8249189276810414,0.7,0.5384615384615384,0.2,0.45408440542786094,1,1,2,0.0011,64.3085,books-genre-a=4 | books-genre-b=6
q042,war,Head,CrossStripe,Lexical,Vector,vector-similarity,1,1,1,1,0.8591367550184259,1,1,2,0.0011,64.2897,books-genre-a=1 | books-genre-b=9
q043,family,Head,CrossStripe,Lexical,Vector,single-index,1,1,1,1,1,0.8984116547655663,1,1,0.000583333,75.0569,books-oracle2=10
q043,family,Head,CrossStripe,Lexical,Vector,naive-score,0.9632393902397784,0.9,0.8181818181818182,1,0.8239809449952643,0.9006688849845126,1,2,0.0006,63.6911,books-genre-a=1 | books-genre-b=9
q043,family,Head,CrossStripe,Lexical,Vector,interleave,0.920981990089558,0.6,0.42857142857142855,0.5,0.6419550117439065,0.9636452638863133,1,2,0.0006,63.6811,books-genre-a=5 | books-genre-b=5
q043,family,Head,CrossStripe,Lexical,Vector,quota-merge,0.8680937919746792,0.6,0.42857142857142855,0.4444444444444444,0.5462447113707583,0.9621404437403491,1,2,0.0006,63.6725,books-genre-a=5 | books-genre-b=5
q043,family,Head,CrossStripe,Lexical,Vector,global-rrf,0.8680937919746792,0.6,0.42857142857142855,0.4444444444444444,0.5462447113707583,0.9621404437403491,1,2,0.0006,63.6918,books-genre-a=5 | books-genre-b=5
q043,family,Head,CrossStripe,Lexical,Vector,minmax-norm,0.881398438036218,0.6,0.42857142857142855,0.7777777777777778,0.6308000357911171,0.9636452638863133,1,2,0.0006,63.714,books-genre-a=5 | books-genre-b=5
q043,family,Head,CrossStripe,Lexical,Vector,zscore-norm,0.9143453922691054,0.5,0.3333333333333333,0.8888888888888888,0.6768332683344522,0.9636452638863133,1,2,0.0006,63.7112,books-genre-a=6 | books-genre-b=4
q043,family,Head,CrossStripe,Lexical,Vector,vector-similarity,0.9632393902397784,0.9,0.8181818181818182,1,0.8239809449952643,0.9006688849845126,1,2,0.0006,63.686,books-genre-a=1 | books-genre-b=9
q044,death,Head,CrossStripe,Lexical,Vector,single-index,1,1,1,1,1,0.9621404437403491,1,1,0.000583333,74.6689,books-oracle2=10
q044,death,Head,CrossStripe,Lexical,Vector,naive-score,1,1,1,1,0.8591367550184259,0.9621404437403491,1,2,0.0006,95.443,books-genre-a=7 | books-genre-b=3
q044,death,Head,CrossStripe,Lexical,Vector,interleave,0.9673056464773241,0.8,0.6666666666666666,0.6444444444444445,0.6789587557095959,0.9458352203602566,1,2,0.0006,95.43339999999999,books-genre-a=5 | books-genre-b=5
q044,death,Head,CrossStripe,Lexical,Vector,quota-merge,0.9673056464773241,0.8,0.6666666666666666,0.6444444444444445,0.6789587557095959,0.9458352203602566,1,2,0.0006,95.4236,books-genre-a=5 | books-genre-b=5
q044,death,Head,CrossStripe,Lexical,Vector,global-rrf,0.9673056464773241,0.8,0.6666666666666666,0.6444444444444445,0.6789587557095959,0.9458352203602566,1,2,0.0006,95.4426,books-genre-a=5 | books-genre-b=5
q044,death,Head,CrossStripe,Lexical,Vector,minmax-norm,0.9759422650555357,0.9,0.8181818181818182,0.5555555555555556,0.6946775754145387,0.9458352203602566,1,2,0.0006,95.4722,books-genre-a=6 | books-genre-b=4
q044,death,Head,CrossStripe,Lexical,Vector,zscore-norm,0.8825557060045582,0.9,0.8181818181818182,0.4666666666666667,0.5670196551902689,0.9371166382005486,1,2,0.0006,95.4632,books-genre-a=6 | books-genre-b=4
q044,death,Head,CrossStripe,Lexical,Vector,vector-similarity,1,1,1,1,0.8591367550184259,0.9621404437403491,1,2,0.0006,95.43809999999999,books-genre-a=7 | books-genre-b=3
q045,friendship,Head,CrossStripe,Lexical,Vector,single-index,1,1,1,1,1,1,1,1,0.000583333,74.3464,books-oracle2=10
q045,friendship,Head,CrossStripe,Lexical,Vector,naive-score,0.9544582668435443,0.9,0.8181818181818182,1,0.8064571168384576,1,1,2,0.0008500000000000001,63.2085,books-genre-a=2 | books-genre-b=8
q045,friendship,Head,CrossStripe,Lexical,Vector,interleave,0.939799137714147,0.7,0.5384615384615384,0.5555555555555556,0.690494092160282,1,1,2,0.0008500000000000001,63.1957,books-genre-a=5 | books-genre-b=5
q045,friendship,Head,CrossStripe,Lexical,Vector,quota-merge,0.9467782636322379,0.7,0.5384615384615384,0.6666666666666666,0.7300730565313032,1,1,2,0.0008500000000000001,63.1869,books-genre-a=5 | books-genre-b=5
q045,friendship,Head,CrossStripe,Lexical,Vector,global-rrf,0.9467782636322379,0.7,0.5384615384615384,0.6666666666666666,0.7300730565313032,1,1,2,0.0008500000000000001,63.205200000000005,books-genre-a=5 | books-genre-b=5
q045,friendship,Head,CrossStripe,Lexical,Vector,minmax-norm,0.9532855225922852,0.8,0.6666666666666666,1,0.8025628417299528,1,1,2,0.0008500000000000001,63.228500000000004,books-genre-a=3 | books-genre-b=7
q045,friendship,Head,CrossStripe,Lexical,Vector,zscore-norm,0.9519986602560816,0.7,0.5384615384615384,0.8888888888888888,0.7846649106757142,1,1,2,0.0008500000000000001,63.225300000000004,books-genre-a=5 | books-genre-b=5
q045,friendship,Head,CrossStripe,Lexical,Vector,vector-similarity,0.9544582668435443,0.9,0.8181818181818182,1,0.8064571168384576,1,1,2,0.0008500000000000001,63.200700000000005,books-genre-a=2 | books-genre-b=8
q046,coming of age story about a teenager finding their identity,Torso,CrossStripe,Conceptual,Vector,single-index,1,1,1,1,1,0.9621404437403491,1,1,0.000583333,83.5195,books-oracle2=10
q046,coming of age story about a teenager finding their identity,Torso,CrossStripe,Conceptual,Vector,naive-score,1,1,1,1,0.8591367550184259,0.9621404437403491,1,2,0.0008500000000000001,88.9767,books-genre-a=9 | books-genre-b=1
q046,coming of age story about a teenager finding their identity,Torso,CrossStripe,Conceptual,Vector,interleave,0.9431339408394569,0.6,0.42857142857142855,0.6444444444444445,0.6242477499435555,1,1,2,0.0008500000000000001,88.96549999999999,books-genre-a=5 | books-genre-b=5
q046,coming of age story about a teenager finding their identity,Torso,CrossStripe,Conceptual,Vector,quota-merge,0.8484456514437413,0.6,0.42857142857142855,0.5111111111111111,0.4917820826717489,1,1,2,0.0008500000000000001,88.95519999999999,books-genre-a=5 | books-genre-b=5
q046,coming of age story about a teenager finding their identity,Torso,CrossStripe,Conceptual,Vector,global-rrf,0.8484456514437413,0.6,0.42857142857142855,0.5111111111111111,0.4917820826717489,1,1,2,0.0008500000000000001,88.97449999999999,books-genre-a=5 | books-genre-b=5
q046,coming of age story about a teenager finding their identity,Torso,CrossStripe,Conceptual,Vector,minmax-norm,0.8491336696935582,0.6,0.42857142857142855,0.5555555555555556,0.49658982971928556,1,1,2,0.0008500000000000001,88.9996,books-genre-a=5 | books-genre-b=5
q046,coming of age story about a teenager finding their identity,Torso,CrossStripe,Conceptual,Vector,zscore-norm,0.8451955982125259,0.6,0.42857142857142855,0.4666666666666667,0.47859210448920664,1,1,2,0.0008500000000000001,88.9953,books-genre-a=5 | books-genre-b=5
q046,coming of age story about a teenager finding their identity,Torso,CrossStripe,Conceptual,Vector,vector-similarity,1,1,1,1,0.8591367550184259,0.9621404437403491,1,2,0.0008500000000000001,88.96849999999999,books-genre-a=9 | books-genre-b=1
q047,a story about losing someone you love and learning to go on,Torso,CrossStripe,Conceptual,Vector,single-index,1,1,1,1,1,0.8822211740336531,1,1,0.000583333,75.105,books-oracle2=10
q047,a story about losing someone you love and learning to go on,Torso,CrossStripe,Conceptual,Vector,naive-score,1,1,1,1,0.8591367550184259,0.8822211740336531,1,2,0.0006,62.5704,books-genre-b=10
q047,a story about losing someone you love and learning to go on,Torso,CrossStripe,Conceptual,Vector,interleave,0.7908823078014483,0.5,0.3333333333333333,0.3333333333333333,0.40494538321732915,0.8825845340300185,1,2,0.0006,62.5582,books-genre-a=5 | books-genre-b=5
q047,a story about losing someone you love and learning to go on,Torso,CrossStripe,Conceptual,Vector,quota-merge,0.9088248548334054,0.5,0.3333333333333333,0.4666666666666667,0.5374110504891358,0.8890458859707803,1,2,0.0006,62.5463,books-genre-a=5 | books-genre-b=5
q047,a story about losing someone you love and learning to go on,Torso,CrossStripe,Conceptual,Vector,global-rrf,0.9088248548334054,0.5,0.3333333333333333,0.4666666666666667,0.5374110504891358,0.8890458859707803,1,2,0.0006,62.5677,books-genre-a=5 | books-genre-b=5
q047,a story about losing someone you love and learning to go on,Torso,CrossStripe,Conceptual,Vector,minmax-norm,0.8817206931374305,0.4,0.25,0.5111111111111111,0.48873656680157457,0.9458352203602566,1,2,0.0006,62.597699999999996,books-genre-a=6 | books-genre-b=4
q047,a story about losing someone you love and learning to go on,Torso,CrossStripe,Conceptual,Vector,zscore-norm,0.9067866786981729,0.4,0.25,0.6888888888888889,0.5618598970078685,0.9458352203602566,1,2,0.0006,62.586999999999996,books-genre-a=6 | books-genre-b=4
q047,a story about losing someone you love and learning to go on,Torso,CrossStripe,Conceptual,Vector,vector-similarity,1,1,1,1,0.8591367550184259,0.8822211740336531,1,2,0.0006,62.5591,books-genre-b=10
q048,World War II,Head,CrossStripe,Lexical,Vector,single-index,1,1,1,1,1,0.9148568823583789,1,1,0.000583333,76.0187,books-oracle2=10
q048,World War II,Head,CrossStripe,Lexical,Vector,naive-score,1,1,1,1,0.8591367550184259,0.9148568823583789,1,2,0.0008500000000000001,90.93079999999999,books-genre-b=10
q048,World War II,Head,CrossStripe,Lexical,Vector,interleave,0.6326701850352442,0.5,0.3333333333333333,0.3333333333333333,0.3635453119224215,0.7001217170707738,1,2,0.0008500000000000001,90.9199,books-genre-a=5 | books-genre-b=5
q048,World War II,Head,CrossStripe,Lexical,Vector,quota-merge,0.754699033875226,0.5,0.3333333333333333,0.4666666666666667,0.48969242909308514,0.7064903606972284,1,2,0.0008500000000000001,90.9082,books-genre-a=5 | books-genre-b=5
q048,World War II,Head,CrossStripe,Lexical,Vector,global-rrf,0.754699033875226,0.5,0.3333333333333333,0.4666666666666667,0.48969242909308514,0.7064903606972284,1,2,0.0008500000000000001,90.92999999999999,books-genre-a=5 | books-genre-b=5
q048,World War II,Head,CrossStripe,Lexical,Vector,minmax-norm,0.8885464083808055,0.7,0.5384615384615384,0.5714285714285714,0.6597106543909895,0.8011916084328966,1,2,0.0008500000000000001,90.94789999999999,books-genre-a=3 | books-genre-b=7
q048,World War II,Head,CrossStripe,Lexical,Vector,zscore-norm,0.7308389576558177,0.6,0.42857142857142855,0.42857142857142855,0.5103957686178223,0.7892871472850959,1,2,0.0008500000000000001,90.9446,books-genre-a=4 | books-genre-b=6
q048,World War II,Head,CrossStripe,Lexical,Vector,vector-similarity,1,1,1,1,0.8591367550184259,0.9148568823583789,1,2,0.0008500000000000001,90.92009999999999,books-genre-b=10
q049,survival against impossible odds in a hostile environment,Torso,CrossStripe,Conceptual,Vector,single-index,1,1,1,1,1,1,1,1,0.000583333,76.8286,books-oracle2=10
q049,survival against impossible odds in a hostile environment,Torso,CrossStripe,Conceptual,Vector,naive-score,1,1,1,1,0.8591367550184259,1,1,2,0.0011,71.58239999999999,books-genre-a=4 | books-genre-b=6
q049,survival against impossible odds in a hostile environment,Torso,CrossStripe,Conceptual,Vector,interleave,0.8574162877595337,0.9,0.8181818181818182,0.3333333333333333,0.5146889401628648,1,1,2,0.0011,71.5685,books-genre-a=5 | books-genre-b=5
q049,survival against impossible odds in a hostile environment,Torso,CrossStripe,Conceptual,Vector,quota-merge,0.9648762345862065,0.9,0.8181818181818182,0.5111111111111111,0.6631681830895765,1,1,2,0.0011,71.55919999999999,books-genre-a=5 | books-genre-b=5
q049,survival against impossible odds in a hostile environment,Torso,CrossStripe,Conceptual,Vector,global-rrf,0.9648762345862065,0.9,0.8181818181818182,0.5111111111111111,0.6631681830895765,1,1,2,0.0011,71.57469999999999,books-genre-a=5 | books-genre-b=5
q049,survival against impossible odds in a hostile environment,Torso,CrossStripe,Conceptual,Vector,minmax-norm,0.9665823856199918,0.9,0.8181818181818182,0.6,0.6778684137740199,1,1,2,0.0011,71.598,books-genre-a=5 | books-genre-b=5
q049,survival against impossible odds in a hostile environment,Torso,CrossStripe,Conceptual,Vector,zscore-norm,0.8631464477604122,0.9,0.8181818181818182,0.5555555555555556,0.5562201773591708,1,1,2,0.0011,71.5949,books-genre-a=5 | books-genre-b=5
q049,survival against impossible odds in a hostile environment,Torso,CrossStripe,Conceptual,Vector,vector-similarity,1,1,1,1,0.8591367550184259,1,1,2,0.0011,71.5707,books-genre-a=4 | books-genre-b=6
q050,revenge,Head,CrossStripe,Lexical,Vector,single-index,1,1,1,1,1,1,1,1,0.000583333,74.3259,books-oracle2=10
q050,revenge,Head,CrossStripe,Lexical,Vector,naive-score,1,1,1,1,0.8591367550184259,1,1,2,0.0011,65.04119999999999,books-genre-a=6 | books-genre-b=4
q050,revenge,Head,CrossStripe,Lexical,Vector,interleave,0.9866392294105969,0.9,0.8181818181818182,0.7333333333333333,0.7469678038354067,0.94546789582947,1,2,0.0011,65.03469999999999,books-genre-a=5 | books-genre-b=5
q050,revenge,Head,CrossStripe,Lexical,Vector,quota-merge,0.9862681489441992,0.9,0.8181818181818182,0.6888888888888889,0.74216005678787,0.9432106656105237,1,2,0.0011,65.02149999999999,books-genre-a=5 | books-genre-b=5
q050,revenge,Head,CrossStripe,Lexical,Vector,global-rrf,0.9862681489441992,0.9,0.8181818181818182,0.6888888888888889,0.74216005678787,0.9432106656105237,1,2,0.0011,65.04369999999999,books-genre-a=5 | books-genre-b=5
q050,revenge,Head,CrossStripe,Lexical,Vector,minmax-norm,0.9796231274035669,1,1,0.5555555555555556,0.7010070502449951,1,1,2,0.0011,65.0722,books-genre-a=6 | books-genre-b=4
q050,revenge,Head,CrossStripe,Lexical,Vector,zscore-norm,0.8960646854362125,1,1,0.4222222222222222,0.5689796104993482,1,1,2,0.0011,65.0992,books-genre-a=6 | books-genre-b=4
q050,revenge,Head,CrossStripe,Lexical,Vector,vector-similarity,1,1,1,1,0.8591367550184259,1,1,2,0.0011,65.04029999999999,books-genre-a=6 | books-genre-b=4
q051,betrayal by someone you trusted completely,Torso,CrossStripe,Conceptual,Vector,single-index,1,1,1,1,1,0.894456970601414,0.9,1,0.000583333,102.2651,books-oracle2=10
q051,betrayal by someone you trusted completely,Torso,CrossStripe,Conceptual,Vector,naive-score,0.7680192057463955,0.6,0.42857142857142855,1,0.5724031777711887,1,1,2,0.0008500000000000001,94.6703,books-genre-a=9 | books-genre-b=1
q051,betrayal by someone you trusted completely,Torso,CrossStripe,Conceptual,Vector,interleave,0.6864226535348955,0.6,0.42857142857142855,0.8666666666666667,0.46801818670650897,0.8915802009560909,0.9,2,0.0008500000000000001,94.65610000000001,books-genre-a=5 | books-genre-b=5
q051,betrayal by someone you trusted completely,Torso,CrossStripe,Conceptual,Vector,quota-merge,0.5398790921611061,0.6,0.42857142857142855,0.8666666666666667,0.36750013928582376,0.8889467657006536,0.9,2,0.0008500000000000001,94.646,books-genre-a=5 | books-genre-b=5
q051,betrayal by someone you trusted completely,Torso,CrossStripe,Conceptual,Vector,global-rrf,0.5398790921611061,0.6,0.42857142857142855,0.8666666666666667,0.36750013928582376,0.8889467657006536,0.9,2,0.0008500000000000001,94.6643,books-genre-a=5 | books-genre-b=5
q051,betrayal by someone you trusted completely,Torso,CrossStripe,Conceptual,Vector,minmax-norm,0.5417397885874188,0.6,0.42857142857142855,0.4666666666666667,0.33678633294647525,0.8795809969058676,0.9,2,0.0008500000000000001,94.6884,books-genre-a=5 | books-genre-b=5
q051,betrayal by someone you trusted completely,Torso,CrossStripe,Conceptual,Vector,zscore-norm,0.6873006575577791,0.6,0.42857142857142855,0.6,0.4471968640040671,0.8822144321613049,0.9,2,0.0008500000000000001,94.6846,books-genre-a=5 | books-genre-b=5
q051,betrayal by someone you trusted completely,Torso,CrossStripe,Conceptual,Vector,vector-similarity,0.7680192057463955,0.6,0.42857142857142855,1,0.5724031777711887,1,1,2,0.0008500000000000001,94.6596,books-genre-a=9 | books-genre-b=1
q052,an orphan raised by strangers who discovers the truth about their parents,Tail,CrossStripe,Conceptual,Vector,single-index,1,1,1,1,1,0.6523450981983494,1,1,0.000583333,76.6138,books-oracle2=10
q052,an orphan raised by strangers who discovers the truth about their parents,Tail,CrossStripe,Conceptual,Vector,naive-score,1,1,1,1,0.8591367550184259,0.6523450981983494,1,2,0.0011,65.2052,books-genre-a=4 | books-genre-b=6
q052,an orphan raised by strangers who discovers the truth about their parents,Tail,CrossStripe,Conceptual,Vector,interleave,0.9090347898966115,0.9,0.8181818181818182,0.6444444444444445,0.632393270644524,0.6034099029936956,1,2,0.0011,65.1918,books-genre-a=5 | books-genre-b=5
q052,an orphan raised by strangers who discovers the truth about their parents,Tail,CrossStripe,Conceptual,Vector,quota-merge,0.9911029032665196,0.9,0.8181818181818182,0.8666666666666667,0.7856802606187723,0.6495893134189409,1,2,0.0011,65.1832,books-genre-a=5 | books-genre-b=5
q052,an orphan raised by strangers who discovers the truth about their parents,Tail,CrossStripe,Conceptual,Vector,global-rrf,0.9911029032665196,0.9,0.8181818181818182,0.8666666666666667,0.7856802606187723,0.6495893134189409,1,2,0.0011,65.2018,books-genre-a=5 | books-genre-b=5
q052,an orphan raised by strangers who discovers the truth about their parents,Tail,CrossStripe,Conceptual,Vector,minmax-norm,0.9913609174608741,1,1,0.8222222222222222,0.7763845575447347,0.6534435126549099,1,2,0.0011,65.225,books-genre-a=4 | books-genre-b=6
q052,an orphan raised by strangers who discovers the truth about their parents,Tail,CrossStripe,Conceptual,Vector,zscore-norm,0.917164624549093,1,1,0.7333333333333333,0.6682351656041502,0.6092740142195139,1,2,0.0011,65.2218,books-genre-a=4 | books-genre-b=6
q052,an orphan raised by strangers who discovers the truth about their parents,Tail,CrossStripe,Conceptual,Vector,vector-similarity,1,1,1,1,0.8591367550184259,0.6523450981983494,1,2,0.0011,65.197,books-genre-a=4 | books-genre-b=6
q053,political corruption and the abuse of power,Torso,CrossStripe,Mixed,Vector,single-index,1,1,1,1,1,0.8787277908726202,1,1,0.000583333,80.8061,books-oracle2=10
q053,political corruption and the abuse of power,Torso,CrossStripe,Mixed,Vector,naive-score,1,1,1,1,0.8591367550184259,0.8787277908726202,1,2,0.0011,97.3728,books-genre-a=1 | books-genre-b=9
q053,political corruption and the abuse of power,Torso,CrossStripe,Mixed,Vector,interleave,0.7993492302906984,0.6,0.42857142857142855,0.3333333333333333,0.41010385178070596,0.9079756641006057,1,2,0.0011,97.35539999999999,books-genre-a=5 | books-genre-b=5
q053,political corruption and the abuse of power,Torso,CrossStripe,Mixed,Vector,quota-merge,0.8140234923684372,0.6,0.42857142857142855,0.4666666666666667,0.4552414498143698,0.9007619020868619,1,2,0.0011,97.3479,books-genre-a=5 | books-genre-b=5
q053,political corruption and the abuse of power,Torso,CrossStripe,Mixed,Vector,global-rrf,0.8140234923684372,0.6,0.42857142857142855,0.4666666666666667,0.4552414498143698,0.9007619020868619,1,2,0.0011,97.3641,books-genre-a=5 | books-genre-b=5
q053,political corruption and the abuse of power,Torso,CrossStripe,Mixed,Vector,minmax-norm,0.8578143929030925,0.8,0.6666666666666666,0.5111111111111111,0.5721261477545352,0.9007619020868619,1,2,0.0011,97.41019999999999,books-genre-a=3 | books-genre-b=7
q053,political corruption and the abuse of power,Torso,CrossStripe,Mixed,Vector,zscore-norm,0.834838451297386,0.7,0.5384615384615384,0.37777777777777777,0.4955319470227932,0.9371166382005486,1,2,0.0011,97.3831,books-genre-a=4 | books-genre-b=6
q053,political corruption and the abuse of power,Torso,CrossStripe,Mixed,Vector,vector-similarity,1,1,1,1,0.8591367550184259,0.8787277908726202,1,2,0.0011,97.3604,books-genre-a=1 | books-genre-b=9
q054,isolation and loneliness,Torso,CrossStripe,Conceptual,Vector,single-index,1,1,1,1,1,0.9636452638863133,1,1,0.000583333,104.7819,books-oracle2=10
q054,isolation and loneliness,Torso,CrossStripe,Conceptual,Vector,naive-score,0.9575862646317291,0.9,0.8181818181818182,1,0.8064571168384576,1,1,2,0.0008500000000000001,91.6635,books-genre-a=3 | books-genre-b=7
q054,isolation and loneliness,Torso,CrossStripe,Conceptual,Vector,interleave,0.8482480431697903,0.9,0.8181818181818182,0.3333333333333333,0.5047964565259582,0.9580777588003657,1,2,0.0008500000000000001,91.6508,books-genre-a=5 | books-genre-b=5
q054,isolation and loneliness,Torso,CrossStripe,Conceptual,Vector,quota-merge,0.8609893204135268,0.9,0.8181818181818182,0.5111111111111111,0.5575653990795215,0.9603250160361273,1,2,0.0008500000000000001,91.6411,books-genre-a=5 | books-genre-b=5
q054,isolation and loneliness,Torso,CrossStripe,Conceptual,Vector,global-rrf,0.8609893204135268,0.9,0.8181818181818182,0.5111111111111111,0.5575653990795215,0.9603250160361273,1,2,0.0008500000000000001,91.6593,books-genre-a=5 | books-genre-b=5
q054,isolation and loneliness,Torso,CrossStripe,Conceptual,Vector,minmax-norm,0.7601161633372677,0.6,0.42857142857142855,0.6444444444444445,0.37855425616615895,0.9513467899190737,1,2,0.0008500000000000001,91.683,books-genre-a=8 | books-genre-b=2
q054,isolation and loneliness,Torso,CrossStripe,Conceptual,Vector,zscore-norm,0.9401883389140513,0.8,0.6666666666666666,0.6,0.61548139291604,0.9552009891550426,1,2,0.0008500000000000001,91.6791,books-genre-a=6 | books-genre-b=4
q054,isolation and loneliness,Torso,CrossStripe,Conceptual,Vector,vector-similarity,0.9575862646317291,0.9,0.8181818181818182,1,0.8064571168384576,1,1,2,0.0008500000000000001,91.6548,books-genre-a=3 | books-genre-b=7
q055,mother and daughter relationship across generations,Torso,CrossStripe,Conceptual,Vector,single-index,1,1,1,1,1,0.9057929118655972,1,1,0.000583333,75.5264,books-oracle2=10
q055,mother and daughter relationship across generations,Torso,CrossStripe,Conceptual,Vector,naive-score,1,1,1,1,0.8591367550184259,0.9057929118655972,1,2,0.0008500000000000001,64.898,books-genre-a=2 | books-genre-b=8
q055,mother and daughter relationship across generations,Torso,CrossStripe,Conceptual,Vector,interleave,0.8777936684669528,0.7,0.5384615384615384,0.4444444444444444,0.5635286189187231,0.8191621909602457,1,2,0.0008500000000000001,64.8866,books-genre-a=5 | books-genre-b=5
q055,mother and daughter relationship across generations,Torso,CrossStripe,Conceptual,Vector,quota-merge,0.8824101666211286,0.7,0.5384615384615384,0.5555555555555556,0.5891576886687014,0.8245212103421787,1,2,0.0008500000000000001,64.8774,books-genre-a=5 | books-genre-b=5
q055,mother and daughter relationship across generations,Torso,CrossStripe,Conceptual,Vector,global-rrf,0.8824101666211286,0.7,0.5384615384615384,0.5555555555555556,0.5891576886687014,0.8245212103421787,1,2,0.0008500000000000001,64.8958,books-genre-a=5 | books-genre-b=5
q055,mother and daughter relationship across generations,Torso,CrossStripe,Conceptual,Vector,minmax-norm,0.934197193263514,0.8,0.6666666666666666,0.9111111111111111,0.7163887594235442,0.8992570819408976,1,2,0.0008500000000000001,64.9189,books-genre-a=4 | books-genre-b=6
q055,mother and daughter relationship across generations,Torso,CrossStripe,Conceptual,Vector,zscore-norm,0.9291568649968077,0.8,0.6666666666666666,0.6888888888888889,0.664169452604718,0.8790778465765123,1,2,0.0008500000000000001,64.9149,books-genre-a=4 | books-genre-b=6
q055,mother and daughter relationship across generations,Torso,CrossStripe,Conceptual,Vector,vector-similarity,1,1,1,1,0.8591367550184259,0.9057929118655972,1,2,0.0008500000000000001,64.89099999999999,books-genre-a=2 | books-genre-b=8
q056,murder,Head,CrossStripe,Lexical,Vector,single-index,1,1,1,1,1,1,1,1,0.000583333,80.8838,books-oracle2=10
q056,murder,Head,CrossStripe,Lexical,Vector,naive-score,1,1,1,1,0.8591367550184259,1,1,2,0.0008500000000000001,63.8375,books-genre-a=10
q056,murder,Head,CrossStripe,Lexical,Vector,interleave,0.8890955283331933,0.5,0.3333333333333333,0.5555555555555556,0.5267908688798361,1,1,2,0.0008500000000000001,63.8284,books-genre-a=5 | books-genre-b=5
q056,murder,Head,CrossStripe,Lexical,Vector,quota-merge,0.8864419628502976,0.5,0.3333333333333333,0.4666666666666667,0.5143517773123999,1,1,2,0.0008500000000000001,63.8188,books-genre-a=5 | books-genre-b=5
q056,murder,Head,CrossStripe,Lexical,Vector,global-rrf,0.8864419628502976,0.5,0.3333333333333333,0.4666666666666667,0.5143517773123999,1,1,2,0.0008500000000000001,63.8376,books-genre-a=5 | books-genre-b=5
q056,murder,Head,CrossStripe,Lexical,Vector,minmax-norm,0.9033457654930568,0.6,0.42857142857142855,0.5111111111111111,0.5521811276108705,1,1,2,0.0008500000000000001,63.8887,books-genre-a=6 | books-genre-b=4
q056,murder,Head,CrossStripe,Lexical,Vector,zscore-norm,0.7276962991451759,0.5,0.3333333333333333,0.4666666666666667,0.3599095111256788,1,1,2,0.0008500000000000001,63.8576,books-genre-a=5 | books-genre-b=5
q056,murder,Head,CrossStripe,Lexical,Vector,vector-similarity,1,1,1,1,0.8591367550184259,1,1,2,0.0008500000000000001,63.8337,books-genre-a=10
q057,a journey across a ruined landscape,Torso,CrossStripe,Conceptual,Vector,single-index,1,1,1,1,1,0.8030481264989529,1,1,0.000583333,74.8663,books-oracle2=10
q057,a journey across a ruined landscape,Torso,CrossStripe,Conceptual,Vector,naive-score,1,1,1,1,0.8591367550184259,0.8030481264989529,1,2,0.0006,63.152,books-genre-a=6 | books-genre-b=4
q057,a journey across a ruined landscape,Torso,CrossStripe,Conceptual,Vector,interleave,0.9976907249621239,0.9,0.8181818181818182,0.9555555555555556,0.8444249103012451,0.8030481264989529,1,2,0.0006,63.1394,books-genre-a=5 | books-genre-b=5
q057,a journey across a ruined landscape,Torso,CrossStripe,Conceptual,Vector,quota-merge,0.9971666223496202,0.9,0.8181818181818182,0.8666666666666667,0.8264271850711665,0.8015433063529886,1,2,0.0006,63.1306,books-genre-a=5 | books-genre-b=5
q057,a journey across a ruined landscape,Torso,CrossStripe,Conceptual,Vector,global-rrf,0.9971666223496202,0.9,0.8181818181818182,0.8666666666666667,0.8264271850711665,0.8015433063529886,1,2,0.0006,63.1485,books-genre-a=5 | books-genre-b=5
q057,a journey across a ruined landscape,Torso,CrossStripe,Conceptual,Vector,minmax-norm,1,1,1,1,0.8591367550184259,0.8030481264989529,1,2,0.0006,63.1697,books-genre-a=6 | books-genre-b=4
q057,a journey across a ruined landscape,Torso,CrossStripe,Conceptual,Vector,zscore-norm,0.9434772599079913,1,1,0.9111111111111111,0.7314788347941559,0.7435534975882331,1,2,0.0006,63.1667,books-genre-a=6 | books-genre-b=4
q057,a journey across a ruined landscape,Torso,CrossStripe,Conceptual,Vector,vector-similarity,1,1,1,1,0.8591367550184259,0.8030481264989529,1,2,0.0006,63.1437,books-genre-a=6 | books-genre-b=4
q058,religion faith and doubt,Torso,CrossStripe,Mixed,Vector,single-index,1,1,1,1,1,0.9305687780632227,0.9,1,0.000583333,77.6766,books-oracle2=10
q058,religion faith and doubt,Torso,CrossStripe,Mixed,Vector,naive-score,1,1,1,1,0.8591367550184259,0.9305687780632227,0.9,2,0.0011,63.752900000000004,books-genre-b=10
q058,religion faith and doubt,Torso,CrossStripe,Mixed,Vector,interleave,0.7048284944451692,0.5,0.3333333333333333,0.2222222222222222,0.3549075320800803,0.874233276401097,1,2,0.0011,63.7413,books-genre-a=5 | books-genre-b=5
q058,religion faith and doubt,Torso,CrossStripe,Mixed,Vector,quota-merge,0.8228988579162803,0.5,0.3333333333333333,0.2777777777777778,0.45542557950076523,0.9206500320722545,1,2,0.0011,63.7334,books-genre-a=5 | books-genre-b=5
q058,religion faith and doubt,Torso,CrossStripe,Mixed,Vector,global-rrf,0.8228988579162803,0.5,0.3333333333333333,0.2777777777777778,0.45542557950076523,0.9206500320722545,1,2,0.0011,63.7511,books-genre-a=5 | books-genre-b=5
q058,religion faith and doubt,Torso,CrossStripe,Mixed,Vector,minmax-norm,0.8497932888138936,0.6,0.42857142857142855,0.1111111111111111,0.44316982975263775,0.9206500320722545,1,2,0.0011,63.7725,books-genre-a=4 | books-genre-b=6
q058,religion faith and doubt,Torso,CrossStripe,Mixed,Vector,zscore-norm,0.8497932888138936,0.6,0.42857142857142855,0.1111111111111111,0.44316982975263775,0.9206500320722545,1,2,0.0011,63.7697,books-genre-a=4 | books-genre-b=6
q058,religion faith and doubt,Torso,CrossStripe,Mixed,Vector,vector-similarity,1,1,1,1,0.8591367550184259,0.9305687780632227,0.9,2,0.0011,63.7457,books-genre-b=10
q059,London,Head,CrossStripe,Lexical,Vector,single-index,1,1,1,1,1,0.8768305893407508,1,1,0.000583333,74.9106,books-oracle2=10
q059,London,Head,CrossStripe,Lexical,Vector,naive-score,0.9636953938929018,0.9,0.8181818181818182,1,0.7682519557676104,0.8245212103421787,1,2,0.0011,64.7321,books-genre-a=3 | books-genre-b=7
q059,London,Head,CrossStripe,Lexical,Vector,interleave,0.8294121371544221,0.8,0.6666666666666666,0.4222222222222222,0.49108812708078714,0.8964467476188773,1,2,0.0011,64.7201,books-genre-a=5 | books-genre-b=5
q059,London,Head,CrossStripe,Lexical,Vector,quota-merge,0.8299505606732813,0.8,0.6666666666666666,0.4666666666666667,0.49589587412832387,0.8949419274729131,1,2,0.0011,64.7108,books-genre-a=5 | books-genre-b=5
q059,London,Head,CrossStripe,Lexical,Vector,global-rrf,0.8299505606732813,0.8,0.6666666666666666,0.4666666666666667,0.49589587412832387,0.8949419274729131,1,2,0.0011,64.7296,books-genre-a=5 | books-genre-b=5
q059,London,Head,CrossStripe,Lexical,Vector,minmax-norm,0.7431873483997301,0.5,0.3333333333333333,0.6,0.32502900985586747,0.8918235353459767,1,2,0.0011,64.75280000000001,books-genre-a=8 | books-genre-b=2
q059,London,Head,CrossStripe,Lexical,Vector,zscore-norm,0.8834191866836701,0.7,0.5384615384615384,0.24444444444444444,0.48709572637882415,0.9012884244108894,1,2,0.0011,64.7681,books-genre-a=6 | books-genre-b=4
q059,London,Head,CrossStripe,Lexical,Vector,vector-similarity,0.9636953938929018,0.9,0.8181818181818182,1,0.7682519557676104,0.8245212103421787,1,2,0.0011,64.7265,books-genre-a=3 | books-genre-b=7
q060,Paris,Head,CrossStripe,Lexical,Vector,single-index,1,1,1,1,1,1,1,1,0.001183333,75.1755,books-oracle2=10
q060,Paris,Head,CrossStripe,Lexical,Vector,naive-score,1,1,1,1,0.8591367550184259,1,1,2,0.0008500000000000001,63.4807,books-genre-b=10
q060,Paris,Head,CrossStripe,Lexical,Vector,interleave,0.6007817658483888,0.5,0.3333333333333333,0.3333333333333333,0.354312403641971,0.9056749573008228,1,2,0.0008500000000000001,63.4696,books-genre-a=5 | books-genre-b=5
q060,Paris,Head,CrossStripe,Lexical,Vector,quota-merge,0.7517961416008418,0.5,0.3333333333333333,0.3333333333333333,0.4624617955825557,0.9056749573008228,1,2,0.0008500000000000001,63.4605,books-genre-a=5 | books-genre-b=5
q060,Paris,Head,CrossStripe,Lexical,Vector,global-rrf,0.7517961416008418,0.5,0.3333333333333333,0.3333333333333333,0.4624617955825557,0.9056749573008228,1,2,0.0008500000000000001,63.4791,books-genre-a=5 | books-genre-b=5
q060,Paris,Head,CrossStripe,Lexical,Vector,minmax-norm,0.817026685915264,0.6,0.42857142857142855,0.5714285714285714,0.5526476872762883,0.918752830540385,1,2,0.0008500000000000001,63.506099999999996,books-genre-a=4 | books-genre-b=6
q060,Paris,Head,CrossStripe,Lexical,Vector,zscore-norm,0.621555197234442,0.5,0.3333333333333333,0.5238095238095238,0.40708134619553443,0.918752830540385,1,2,0.0008500000000000001,63.499,books-genre-a=5 | books-genre-b=5
q060,Paris,Head,CrossStripe,Lexical,Vector,vector-similarity,1,1,1,1,0.8591367550184259,1,1,2,0.0008500000000000001,63.4738,books-genre-b=10
q061,the sea and the people who make their living on it,Torso,CrossStripe,Conceptual,Vector,single-index,1,1,1,1,1,0.7117729887559456,1,1,0.001183333,75.1782,books-oracle2=10
q061,the sea and the people who make their living on it,Torso,CrossStripe,Conceptual,Vector,naive-score,1,1,1,1,0.8591367550184259,0.7117729887559456,1,2,0.0008500000000000001,65.5382,books-genre-b=10
q061,the sea and the people who make their living on it,Torso,CrossStripe,Conceptual,Vector,interleave,0.7290260878226408,0.5,0.3333333333333333,0.3333333333333333,0.3713992931096887,0.42697374660764464,1,2,0.0008500000000000001,65.52640000000001,books-genre-a=5 | books-genre-b=5
q061,the sea and the people who make their living on it,Torso,CrossStripe,Conceptual,Vector,quota-merge,0.8423486110252842,0.5,0.3333333333333333,0.4444444444444444,0.4767250875779104,0.4733905022788022,1,2,0.0008500000000000001,65.5177,books-genre-a=5 | books-genre-b=5
q061,the sea and the people who make their living on it,Torso,CrossStripe,Conceptual,Vector,global-rrf,0.8423486110252842,0.5,0.3333333333333333,0.4444444444444444,0.4767250875779104,0.4733905022788022,1,2,0.0008500000000000001,65.5347,books-genre-a=5 | books-genre-b=5
q061,the sea and the people who make their living on it,Torso,CrossStripe,Conceptual,Vector,minmax-norm,0.8868766835581243,0.6,0.42857142857142855,0.5,0.575794211149318,0.540473957364867,1,2,0.0008500000000000001,65.5571,books-genre-a=4 | books-genre-b=6
q061,the sea and the people who make their living on it,Torso,CrossStripe,Conceptual,Vector,zscore-norm,0.7097584727516464,0.6,0.42857142857142855,0.2777777777777778,0.3673816161988547,0.454774599115742,1,2,0.0008500000000000001,65.55460000000001,books-genre-a=4 | books-genre-b=6
q061,the sea and the people who make their living on it,Torso,CrossStripe,Conceptual,Vector,vector-similarity,1,1,1,1,0.8591367550184259,0.7117729887559456,1,2,0.0008500000000000001,65.5326,books-genre-b=10
q062,a small town where everyone is hiding something,Torso,CrossStripe,Conceptual,Vector,single-index,1,1,1,1,1,0.7740379675072816,0.9,1,0.000583333,73.9394,books-oracle2=10
q062,a small town where everyone is hiding something,Torso,CrossStripe,Conceptual,Vector,naive-score,1,1,1,1,0.8591367550184259,0.7740379675072816,0.9,2,0.0011,89.8604,books-genre-a=9 | books-genre-b=1
q062,a small town where everyone is hiding something,Torso,CrossStripe,Conceptual,Vector,interleave,0.901600242702698,0.6,0.42857142857142855,0.5555555555555556,0.5491813262179834,0.9035456546298357,1,2,0.0011,89.8442,books-genre-a=5 | books-genre-b=5
q062,a small town where everyone is hiding something,Torso,CrossStripe,Conceptual,Vector,quota-merge,0.7966304366363488,0.6,0.42857142857142855,0.4666666666666667,0.43547330061475614,0.9035456546298357,1,2,0.0011,89.8351,books-genre-a=5 | books-genre-b=5
q062,a small town where everyone is hiding something,Torso,CrossStripe,Conceptual,Vector,global-rrf,0.7966304366363488,0.6,0.42857142857142855,0.4666666666666667,0.43547330061475614,0.9035456546298357,1,2,0.0011,89.85379999999999,books-genre-a=5 | books-genre-b=5
q062,a small town where everyone is hiding something,Torso,CrossStripe,Conceptual,Vector,minmax-norm,0.812323570113992,0.7,0.5384615384615384,0.3333333333333333,0.4557427566319205,0.9552009891550426,1,2,0.0011,89.8785,books-genre-a=6 | books-genre-b=4
q062,a small town where everyone is hiding something,Torso,CrossStripe,Conceptual,Vector,zscore-norm,0.790468298373034,0.6,0.42857142857142855,0.4666666666666667,0.42660814258308344,0.8984116547655663,1,2,0.0011,89.876,books-genre-a=5 | books-genre-b=5
q062,a small town where everyone is hiding something,Torso,CrossStripe,Conceptual,Vector,vector-similarity,1,1,1,1,0.8591367550184259,0.7740379675072816,0.9,2,0.0011,89.84819999999999,books-genre-a=9 | books-genre-b=1
q063,identity and what makes someone who they are,Torso,CrossStripe,Conceptual,Vector,single-index,1,1,1,1,1,0.9270201848786105,1,1,0.000583333,109.5523,books-oracle2=10
q063,identity and what makes someone who they are,Torso,CrossStripe,Conceptual,Vector,naive-score,0.9636953938929018,0.9,0.8181818181818182,1,0.7682519557676104,0.918752830540385,1,2,0.0008500000000000001,98.3873,books-genre-b=10
q063,identity and what makes someone who they are,Torso,CrossStripe,Conceptual,Vector,interleave,0.5134762579253738,0.5,0.3333333333333333,1,0.3529248825220888,0.9404875240541909,1,2,0.0008500000000000001,98.3749,books-genre-a=5 | books-genre-b=5
q063,identity and what makes someone who they are,Torso,CrossStripe,Conceptual,Vector,quota-merge,0.6834161368811973,0.5,0.3333333333333333,1,0.4930218943137949,0.9371166382005486,1,2,0.0008500000000000001,98.36619999999999,books-genre-a=5 | books-genre-b=5
q063,identity and what makes someone who they are,Torso,CrossStripe,Conceptual,Vector,global-rrf,0.6834161368811973,0.5,0.3333333333333333,1,0.4930218943137949,0.9371166382005486,1,2,0.0008500000000000001,98.3843,books-genre-a=5 | books-genre-b=5
q063,identity and what makes someone who they are,Torso,CrossStripe,Conceptual,Vector,minmax-norm,0.5272615562898197,0.2,0.1111111111111111,1,0.36840897537702355,1,1,2,0.0008500000000000001,98.4072,books-genre-a=8 | books-genre-b=2
q063,identity and what makes someone who they are,Torso,CrossStripe,Conceptual,Vector,zscore-norm,0.6148285133469562,0.3,0.17647058823529413,1,0.448797906739494,1,1,2,0.0008500000000000001,98.4038,books-genre-a=7 | books-genre-b=3
q063,identity and what makes someone who they are,Torso,CrossStripe,Conceptual,Vector,vector-similarity,0.9636953938929018,0.9,0.8181818181818182,1,0.7682519557676104,0.918752830540385,1,2,0.0008500000000000001,98.3795,books-genre-b=10
q064,father and son,Head,CrossStripe,Lexical,Vector,single-index,1,1,1,1,1,0.8992570819408976,1,1,0.000583333,75.5127,books-oracle2=10
q064,father and son,Head,CrossStripe,Lexical,Vector,naive-score,0.8785664801215991,0.7,0.5384615384615384,1,0.7345238360816552,0.8886785614399936,1,2,0.0006,65.3505,books-genre-a=4 | books-genre-b=6
q064,father and son,Head,CrossStripe,Lexical,Vector,interleave,0.9074974487138295,0.7,0.5384615384615384,0.7857142857142857,0.7173661633199462,0.8803273038110722,1,2,0.0006,65.33999999999999,books-genre-a=5 | books-genre-b=5
q064,father and son,Head,CrossStripe,Lexical,Vector,quota-merge,0.8232164334580152,0.7,0.5384615384615384,0.6428571428571429,0.5765182649131341,0.8803273038110722,1,2,0.0006,65.3303,books-genre-a=5 | books-genre-b=5
q064,father and son,Head,CrossStripe,Lexical,Vector,global-rrf,0.8232164334580152,0.7,0.5384615384615384,0.6428571428571429,0.5765182649131341,0.8803273038110722,1,2,0.0006,65.3497,books-genre-a=5 | books-genre-b=5
q064,father and son,Head,CrossStripe,Lexical,Vector,minmax-norm,0.7921662391996196,0.7,0.5384615384615384,0.7142857142857143,0.5616327945180771,0.8886785614399936,1,2,0.0006,65.3744,books-genre-a=4 | books-genre-b=6
q064,father and son,Head,CrossStripe,Lexical,Vector,zscore-norm,0.876251403719907,0.7,0.5384615384615384,0.8095238095238095,0.6938722961831869,0.8886785614399936,1,2,0.0006,65.36999999999999,books-genre-a=4 | books-genre-b=6
q064,father and son,Head,CrossStripe,Lexical,Vector,vector-similarity,0.8785664801215991,0.7,0.5384615384615384,1,0.7345238360816552,0.8886785614399936,1,2,0.0006,65.34339999999999,books-genre-a=4 | books-genre-b=6
q065,escape from captivity,Torso,CrossStripe,Conceptual,Vector,single-index,1,1,1,1,1,0.8555194130370415,1,1,0.000583333,74.2375,books-oracle2=10
q065,escape from captivity,Torso,CrossStripe,Conceptual,Vector,naive-score,1,1,1,1,0.8591367550184259,0.8555194130370415,1,2,0.0011,67.86670000000001,books-genre-a=5 | books-genre-b=5
q065,escape from captivity,Torso,CrossStripe,Conceptual,Vector,interleave,0.9397352027534592,1,1,0.6888888888888889,0.6776378672648511,0.855259769079696,1,2,0.0011,67.8567,books-genre-a=5 | books-genre-b=5
q065,escape from captivity,Torso,CrossStripe,Conceptual,Vector,quota-merge,0.9943317175348371,1,1,0.7333333333333333,0.778155914685536,0.855259769079696,1,2,0.0011,67.84660000000001,books-genre-a=5 | books-genre-b=5
q065,escape from captivity,Torso,CrossStripe,Conceptual,Vector,global-rrf,0.9943317175348371,1,1,0.7333333333333333,0.778155914685536,0.855259769079696,1,2,0.0011,67.8657,books-genre-a=5 | books-genre-b=5
q065,escape from captivity,Torso,CrossStripe,Conceptual,Vector,minmax-norm,0.9955274141326659,1,1,0.7777777777777778,0.7913458928680782,0.8591139683156649,1,2,0.0011,67.8884,books-genre-a=5 | books-genre-b=5
q065,escape from captivity,Torso,CrossStripe,Conceptual,Vector,zscore-norm,0.9955274141326659,1,1,0.7777777777777778,0.7913458928680782,0.8591139683156649,1,2,0.0011,67.8845,books-genre-a=5 | books-genre-b=5
q065,escape from captivity,Torso,CrossStripe,Conceptual,Vector,vector-similarity,1,1,1,1,0.8591367550184259,0.8555194130370415,1,2,0.0011,67.86110000000001,books-genre-a=5 | books-genre-b=5
q066,a secret that destroys a community when it comes out,Torso,CrossStripe,Conceptual,Vector,single-index,1,1,1,1,1,0.4828457163858874,0.9,1,0.000583333,76.9975,books-oracle2=10
q066,a secret that destroys a community when it comes out,Torso,CrossStripe,Conceptual,Vector,naive-score,0.9528344332977449,0.9,0.8181818181818182,1,0.7932671386559154,0.5076572782978498,1,2,0.0011,66.9773,books-genre-a=7 | books-genre-b=3
q066,a secret that destroys a community when it comes out,Torso,CrossStripe,Conceptual,Vector,interleave,0.9392688921343597,0.8,0.6666666666666666,0.9444444444444444,0.7602360185480332,0.4779010403249451,0.9,2,0.0011,66.96719999999999,books-genre-a=5 | books-genre-b=5
q066,a secret that destroys a community when it comes out,Torso,CrossStripe,Conceptual,Vector,quota-merge,0.8707793473973281,0.8,0.6666666666666666,0.8888888888888888,0.6325780983237634,0.4459740803296582,0.9,2,0.0011,66.95609999999999,books-genre-a=5 | books-genre-b=5
q066,a secret that destroys a community when it comes out,Torso,CrossStripe,Conceptual,Vector,global-rrf,0.8707793473973281,0.8,0.6666666666666666,0.8888888888888888,0.6325780983237634,0.4459740803296582,0.9,2,0.0011,66.9746,books-genre-a=5 | books-genre-b=5
q066,a secret that destroys a community when it comes out,Torso,CrossStripe,Conceptual,Vector,minmax-norm,0.8381505391075608,0.6,0.42857142857142855,0.5,0.5177814177015714,0.42294450031392744,0.9,2,0.0011,66.997,books-genre-a=3 | books-genre-b=7
q066,a secret that destroys a community when it comes out,Torso,CrossStripe,Conceptual,Vector,zscore-norm,0.9139386937016529,0.7,0.5384615384615384,0.7222222222222222,0.6844397089803537,0.45505530404644406,0.9,2,0.0011,66.9931,books-genre-a=4 | books-genre-b=6
q066,a secret that destroys a community when it comes out,Torso,CrossStripe,Conceptual,Vector,vector-similarity,0.9528344332977449,0.9,0.8181818181818182,1,0.7932671386559154,0.5076572782978498,1,2,0.0011,66.969,books-genre-a=7 | books-genre-b=3
q067,the American South,Torso,CrossStripe,Lexical,Vector,single-index,1,1,1,1,1,0.8036385906689755,1,1,0.000583333,103.6223,books-oracle2=10
q067,the American South,Torso,CrossStripe,Lexical,Vector,naive-score,1,1,1,1,0.8591367550184259,0.8036385906689755,1,2,0.0011,95.08460000000001,books-genre-a=1 | books-genre-b=9
q067,the American South,Torso,CrossStripe,Lexical,Vector,interleave,0.6839725356021776,0.6,0.42857142857142855,0.4666666666666667,0.41879449888459935,0.7641873932520569,1,2,0.0011,95.075,books-genre-a=5 | books-genre-b=5
q067,the American South,Torso,CrossStripe,Lexical,Vector,quota-merge,0.8031408461099439,0.6,0.42857142857142855,0.6,0.5720814888588478,0.8258616677027038,1,2,0.0011,95.06460000000001,books-genre-a=5 | books-genre-b=5
q067,the American South,Torso,CrossStripe,Lexical,Vector,global-rrf,0.8031408461099439,0.6,0.42857142857142855,0.6,0.5720814888588478,0.8258616677027038,1,2,0.0011,95.08510000000001,books-genre-a=5 | books-genre-b=5
q067,the American South,Torso,CrossStripe,Lexical,Vector,minmax-norm,0.7658597139919555,0.5,0.3333333333333333,0.4,0.5536234322676268,0.8355069144306335,1,2,0.0011,95.1098,books-genre-a=6 | books-genre-b=4
q067,the American South,Torso,CrossStripe,Lexical,Vector,zscore-norm,0.6011920643937878,0.4,0.25,0,0.376547698861911,0.7158241238325945,1,2,0.0011,95.1042,books-genre-a=7 | books-genre-b=3
q067,the American South,Torso,CrossStripe,Lexical,Vector,vector-similarity,1,1,1,1,0.8591367550184259,0.8036385906689755,1,2,0.0011,95.0794,books-genre-a=1 | books-genre-b=9
q068,grief after the death of a child,Torso,CrossStripe,Conceptual,Vector,single-index,1,1,1,1,1,0.41109095798410195,1,1,0.000583333,75.5138,books-oracle2=10
q068,grief after the death of a child,Torso,CrossStripe,Conceptual,Vector,naive-score,1,1,1,1,0.8591367550184259,0.41109095798410195,1,2,0.0011,90.698,books-genre-a=3 | books-genre-b=7
q068,grief after the death of a child,Torso,CrossStripe,Conceptual,Vector,interleave,0.8500389213582151,0.8,0.6666666666666666,0.3333333333333333,0.49392518549882425,0.3405087028206366,1,2,0.0011,90.6853,books-genre-a=5 | books-genre-b=5
q068,grief after the death of a child,Torso,CrossStripe,Conceptual,Vector,quota-merge,0.9567337849714675,0.8,0.6666666666666666,0.5111111111111111,0.6395808309531732,0.3356959964445709,1,2,0.0011,90.67439999999999,books-genre-a=5 | books-genre-b=5
q068,grief after the death of a child,Torso,CrossStripe,Conceptual,Vector,global-rrf,0.9567337849714675,0.8,0.6666666666666666,0.5111111111111111,0.6395808309531732,0.3356959964445709,1,2,0.0011,90.6965,books-genre-a=5 | books-genre-b=5
q068,grief after the death of a child,Torso,CrossStripe,Conceptual,Vector,minmax-norm,0.9732929086168117,0.9,0.8181818181818182,0.6444444444444445,0.7076365261082924,0.3905650002467853,1,2,0.0011,90.72659999999999,books-genre-a=4 | books-genre-b=6
q068,grief after the death of a child,Torso,CrossStripe,Conceptual,Vector,zscore-norm,0.8221316868458423,0.8,0.6666666666666666,0.5555555555555556,0.4978546458757214,0.35402424220996553,1,2,0.0011,90.70939999999999,books-genre-a=5 | books-genre-b=5
q068,grief after the death of a child,Torso,CrossStripe,Conceptual,Vector,vector-similarity,1,1,1,1,0.8591367550184259,0.41109095798410195,1,2,0.0011,90.68589999999999,books-genre-a=3 | books-genre-b=7
q069,an outsider who does not fit in anywhere,Torso,CrossStripe,Conceptual,Vector,single-index,1,1,1,1,1,0.9580777588003657,1,1,0.000583333,103.3387,books-oracle2=10
q069,an outsider who does not fit in anywhere,Torso,CrossStripe,Conceptual,Vector,naive-score,0.7753153813063062,0.7,0.5384615384615384,1,0.5385661888821192,0.9007619020868619,1,2,0.0008500000000000001,92.38289999999999,books-genre-a=7 | books-genre-b=3
q069,an outsider who does not fit in anywhere,Torso,CrossStripe,Conceptual,Vector,interleave,0.7495071690175372,0.6,0.42857142857142855,0.8666666666666667,0.5404427352994485,0.9458352203602566,1,2,0.0008500000000000001,92.34609999999999,books-genre-a=5 | books-genre-b=5
q069,an outsider who does not fit in anywhere,Torso,CrossStripe,Conceptual,Vector,quota-merge,0.585265003035253,0.6,0.42857142857142855,0.7333333333333333,0.4127848150751786,0.9371166382005486,1,2,0.0008500000000000001,92.33569999999999,books-genre-a=5 | books-genre-b=5
q069,an outsider who does not fit in anywhere,Torso,CrossStripe,Conceptual,Vector,global-rrf,0.585265003035253,0.6,0.42857142857142855,0.7333333333333333,0.4127848150751786,0.9371166382005486,1,2,0.0008500000000000001,92.35619999999999,books-genre-a=5 | books-genre-b=5
q069,an outsider who does not fit in anywhere,Torso,CrossStripe,Conceptual,Vector,minmax-norm,0.5802429859754319,0.6,0.42857142857142855,0.7333333333333333,0.41879449888459935,0.9371166382005486,1,2,0.0008500000000000001,92.38069999999999,books-genre-a=5 | books-genre-b=5
q069,an outsider who does not fit in anywhere,Torso,CrossStripe,Conceptual,Vector,zscore-norm,0.7281728592440114,0.6,0.42857142857142855,0.7333333333333333,0.5193125463052846,0.9371166382005486,1,2,0.0008500000000000001,92.3771,books-genre-a=5 | books-genre-b=5
q069,an outsider who does not fit in anywhere,Torso,CrossStripe,Conceptual,Vector,vector-similarity,0.7753153813063062,0.7,0.5384615384615384,1,0.5385661888821192,0.9007619020868619,1,2,0.0008500000000000001,92.35119999999999,books-genre-a=7 | books-genre-b=3
q070,school,Head,CrossStripe,Lexical,Vector,single-index,1,1,1,1,1,1,1,1,0.000583333,75.9239,books-oracle2=10
q070,school,Head,CrossStripe,Lexical,Vector,naive-score,0.96085205924776,0.9,0.8181818181818182,1,0.8163496004753649,1,1,2,0.0011,68.0012,books-genre-a=7 | books-genre-b=3
q070,school,Head,CrossStripe,Lexical,Vector,interleave,0.9161091542099329,0.7,0.5384615384615384,0.7222222222222222,0.6534274343079186,0.9363792118010483,0.9,2,0.0011,67.9892,books-genre-a=5 | books-genre-b=5
q070,school,Head,CrossStripe,Lexical,Vector,quota-merge,0.9161091542099329,0.7,0.5384615384615384,0.7222222222222222,0.6534274343079186,0.9363792118010483,0.9,2,0.0011,67.9806,books-genre-a=5 | books-genre-b=5
q070,school,Head,CrossStripe,Lexical,Vector,global-rrf,0.9161091542099329,0.7,0.5384615384615384,0.7222222222222222,0.6534274343079186,0.9363792118010483,0.9,2,0.0011,67.99929999999999,books-genre-a=5 | books-genre-b=5
q070,school,Head,CrossStripe,Lexical,Vector,minmax-norm,0.8889570856143794,0.7,0.5384615384615384,0.4444444444444444,0.5763293938025147,0.9305687780632227,0.9,2,0.0011,68.0219,books-genre-a=5 | books-genre-b=5
q070,school,Head,CrossStripe,Lexical,Vector,zscore-norm,0.8918835214399715,0.7,0.5384615384615384,0.6666666666666666,0.6007878529887926,0.9363792118010483,0.9,2,0.0011,68.0192,books-genre-a=5 | books-genre-b=5
q070,school,Head,CrossStripe,Lexical,Vector,vector-similarity,0.96085205924776,0.9,0.8181818181818182,1,0.8163496004753649,1,1,2,0.0011,67.994,books-genre-a=7 | books-genre-b=3
q071,obsession that ruins a life,Torso,CrossStripe,Conceptual,Vector,single-index,1,1,1,1,1,0.7737765051189698,1,1,0.000583333,110.7066,books-oracle2=10
q071,obsession that ruins a life,Torso,CrossStripe,Conceptual,Vector,naive-score,0.7472080191239205,0.9,0.8181818181818182,1,0.6020566829499175,0.7818050612086849,1,2,0.0011,65.6632,books-genre-a=1 | books-genre-b=9
q071,obsession that ruins a life,Torso,CrossStripe,Conceptual,Vector,interleave,0.6796177219633486,0.5,0.3333333333333333,0.4444444444444444,0.3846756859283659,0.94546789582947,1,2,0.0011,65.65150000000001,books-genre-a=5 | books-genre-b=5
q071,obsession that ruins a life,Torso,CrossStripe,Conceptual,Vector,quota-merge,0.8306184216839536,0.5,0.3333333333333333,0.5,0.4983837115315931,0.94546789582947,1,2,0.0011,65.6418,books-genre-a=5 | books-genre-b=5
q071,obsession that ruins a life,Torso,CrossStripe,Conceptual,Vector,global-rrf,0.8306184216839536,0.5,0.3333333333333333,0.5,0.4983837115315931,0.94546789582947,1,2,0.0011,65.6611,books-genre-a=5 | books-genre-b=5
q071,obsession that ruins a life,Torso,CrossStripe,Conceptual,Vector,minmax-norm,0.8851734521153033,0.7,0.5384615384615384,1,0.6721561080046721,0.8931264997686913,1,2,0.0011,65.6867,books-genre-a=3 | books-genre-b=7
q071,obsession that ruins a life,Torso,CrossStripe,Conceptual,Vector,zscore-norm,0.7200247524048451,0.6,0.42857142857142855,0.7222222222222222,0.5054825374737213,0.9404875240541909,1,2,0.0011,65.68130000000001,books-genre-a=4 | books-genre-b=6
q071,obsession that ruins a life,Torso,CrossStripe,Conceptual,Vector,vector-similarity,0.7472080191239205,0.9,0.8181818181818182,1,0.6020566829499175,0.7818050612086849,1,2,0.0011,65.6559,books-genre-a=1 | books-genre-b=9
q072,slavery and its aftermath,Torso,CrossStripe,Mixed,Vector,single-index,1,1,1,1,1,0.8577666702728031,1,1,0.000583333,76.2025,books-oracle2=10
q072,slavery and its aftermath,Torso,CrossStripe,Mixed,Vector,naive-score,1,1,1,1,0.8591367550184259,0.8577666702728031,1,2,0.0011,65.62719999999999,books-genre-a=1 | books-genre-b=9
q072,slavery and its aftermath,Torso,CrossStripe,Mixed,Vector,interleave,0.7864411738394018,0.6,0.42857142857142855,0.3333333333333333,0.39641858549713016,0.8002932914561969,1,2,0.0011,65.6167,books-genre-a=5 | books-genre-b=5
q072,slavery and its aftermath,Torso,CrossStripe,Mixed,Vector,quota-merge,0.9039991425400391,0.6,0.42857142857142855,0.4666666666666667,0.5372664839039425,0.796439092220228,1,2,0.0011,65.6073,books-genre-a=5 | books-genre-b=5
q072,slavery and its aftermath,Torso,CrossStripe,Mixed,Vector,global-rrf,0.9039991425400391,0.6,0.42857142857142855,0.4666666666666667,0.5372664839039425,0.796439092220228,1,2,0.0011,65.6257,books-genre-a=5 | books-genre-b=5
q072,slavery and its aftermath,Torso,CrossStripe,Mixed,Vector,minmax-norm,0.9552713507450691,0.8,0.6666666666666666,0.6444444444444445,0.6773947618818986,0.8410296173611709,1,2,0.0011,65.6489,books-genre-a=3 | books-genre-b=7
q072,slavery and its aftermath,Torso,CrossStripe,Mixed,Vector,zscore-norm,0.7538139513045453,0.6,0.42857142857142855,0.4222222222222222,0.3818992704971705,0.779972486091934,1,2,0.0011,65.64529999999999,books-genre-a=5 | books-genre-b=5
q072,slavery and its aftermath,Torso,CrossStripe,Mixed,Vector,vector-similarity,1,1,1,1,0.8591367550184259,0.8577666702728031,1,2,0.0011,65.62079999999999,books-genre-a=1 | books-genre-b=9
q073,the Holocaust,Torso,CrossStripe,Lexical,Vector,single-index,1,1,1,1,1,0.9224654597764764,1,1,0.000583333,77.677,books-oracle2=10
q073,the Holocaust,Torso,CrossStripe,Lexical,Vector,naive-score,1,1,1,1,0.8591367550184259,0.9224654597764764,1,2,0.0011,64.8916,books-genre-b=10
q073,the Holocaust,Torso,CrossStripe,Lexical,Vector,interleave,0.7335136870551106,0.5,0.3333333333333333,0.2222222222222222,0.36934762048248754,1,1,2,0.0011,64.8817,books-genre-a=5 | books-genre-b=5
q073,the Holocaust,Torso,CrossStripe,Lexical,Vector,quota-merge,0.8471662681397392,0.5,0.3333333333333333,0.3333333333333333,0.48305564608571483,1,1,2,0.0011,64.872,books-genre-a=5 | books-genre-b=5
q073,the Holocaust,Torso,CrossStripe,Lexical,Vector,global-rrf,0.8471662681397392,0.5,0.3333333333333333,0.3333333333333333,0.48305564608571483,1,1,2,0.0011,64.89009999999999,books-genre-a=5 | books-genre-b=5
q073,the Holocaust,Torso,CrossStripe,Lexical,Vector,minmax-norm,0.9286669793985981,0.7,0.5384615384615384,0.37777777777777777,0.6003729727127175,1,1,2,0.0011,64.9148,books-genre-a=3 | books-genre-b=7
q073,the Holocaust,Torso,CrossStripe,Lexical,Vector,zscore-norm,0.7087547811113092,0.6,0.42857142857142855,0.15555555555555556,0.32144236674023596,1,1,2,0.0011,64.9092,books-genre-a=4 | books-genre-b=6
q073,the Holocaust,Torso,CrossStripe,Lexical,Vector,vector-similarity,1,1,1,1,0.8591367550184259,0.9224654597764764,1,2,0.0011,64.88499999999999,books-genre-b=10
q074,a woman who defies the expectations of her time,Torso,CrossStripe,Conceptual,Vector,single-index,1,1,1,1,1,0.8967042278371755,0.9,1,0.000583333,75.9918,books-oracle2=10
q074,a woman who defies the expectations of her time,Torso,CrossStripe,Conceptual,Vector,naive-score,1,1,1,1,0.8591367550184259,0.8967042278371755,0.9,2,0.0006,63.0197,books-genre-a=3 | books-genre-b=7
q074,a woman who defies the expectations of her time,Torso,CrossStripe,Conceptual,Vector,interleave,0.9491687478348194,0.8,0.6666666666666666,0.5,0.7025771624275033,0.9513467899190737,1,2,0.0006,63.0077,books-genre-a=5 | books-genre-b=5
q074,a woman who defies the expectations of her time,Torso,CrossStripe,Conceptual,Vector,quota-merge,0.9032162829821611,0.8,0.6666666666666666,0.6111111111111112,0.6548280575603819,0.9552009891550426,1,2,0.0006,62.9997,books-genre-a=5 | books-genre-b=5
q074,a woman who defies the expectations of her time,Torso,CrossStripe,Conceptual,Vector,global-rrf,0.9032162829821611,0.8,0.6666666666666666,0.6111111111111112,0.6548280575603819,0.9552009891550426,1,2,0.0006,63.017199999999995,books-genre-a=5 | books-genre-b=5
q074,a woman who defies the expectations of her time,Torso,CrossStripe,Conceptual,Vector,minmax-norm,0.9072808581536821,0.8,0.6666666666666666,0.9444444444444444,0.7197634454884777,0.9603250160361273,1,2,0.0006,63.0391,books-genre-a=5 | books-genre-b=5
q074,a woman who defies the expectations of her time,Torso,CrossStripe,Conceptual,Vector,zscore-norm,0.9613758637085867,0.8,0.6666666666666666,0.8888888888888888,0.8027576647523565,0.9580777588003657,1,2,0.0006,63.035799999999995,books-genre-a=5 | books-genre-b=5
q074,a woman who defies the expectations of her time,Torso,CrossStripe,Conceptual,Vector,vector-similarity,1,1,1,1,0.8591367550184259,0.8967042278371755,0.9,2,0.0006,63.0119,books-genre-a=3 | books-genre-b=7
q075,addiction and recovery,Torso,CrossStripe,Mixed,Vector,single-index,1,1,1,1,1,1,1,1,0.000583333,75.6158,books-oracle2=10
q075,addiction and recovery,Torso,CrossStripe,Mixed,Vector,naive-score,1,1,1,1,0.8591367550184259,1,1,2,0.0006,64.4984,books-genre-b=10
q075,addiction and recovery,Torso,CrossStripe,Mixed,Vector,interleave,0.7776109813175748,0.5,0.3333333333333333,0.3333333333333333,0.3903800630888227,0.8918235353459767,0.9,2,0.0006,64.4867,books-genre-a=5 | books-genre-b=5
q075,addiction and recovery,Torso,CrossStripe,Mixed,Vector,quota-merge,0.7897179593489365,0.5,0.3333333333333333,0.4222222222222222,0.42515128041230704,0.8940707925817382,0.9,2,0.0006,64.4832,books-genre-a=5 | books-genre-b=5
q075,addiction and recovery,Torso,CrossStripe,Mixed,Vector,global-rrf,0.7897179593489365,0.5,0.3333333333333333,0.4222222222222222,0.42515128041230704,0.8940707925817382,0.9,2,0.0006,64.4968,books-genre-a=5 | books-genre-b=5
q075,addiction and recovery,Torso,CrossStripe,Mixed,Vector,minmax-norm,0.7475008544863535,0.4,0.25,0.4222222222222222,0.33847654903782826,0.8507869806039375,0.9,2,0.0006,64.5417,books-genre-a=6 | books-genre-b=4
q075,addiction and recovery,Torso,CrossStripe,Mixed,Vector,zscore-norm,0.8599201269495536,0.4,0.25,0.5555555555555556,0.4498120273154709,0.85546879923229,0.9,2,0.0006,64.5151,books-genre-a=6 | books-genre-b=4
q075,addiction and recovery,Torso,CrossStripe,Mixed,Vector,vector-similarity,1,1,1,1,0.8591367550184259,1,1,2,0.0006,64.4905,books-genre-b=10
q076,New York City,Head,CrossStripe,Lexical,Vector,single-index,1,1,1,1,1,1,1,1,0.000583333,74.9592,books-oracle2=10
q076,New York City,Head,CrossStripe,Lexical,Vector,naive-score,1,1,1,1,0.8591367550184259,1,1,2,0.0011,64.7745,books-genre-a=2 | books-genre-b=8
q076,New York City,Head,CrossStripe,Lexical,Vector,interleave,0.7796307471664191,0.7,0.5384615384615384,0.2777777777777778,0.4273792968166603,1,1,2,0.0011,64.7637,books-genre-a=5 | books-genre-b=5
q076,New York City,Head,CrossStripe,Lexical,Vector,quota-merge,0.8933234656287333,0.7,0.5384615384615384,0.4444444444444444,0.5598449640884667,1,1,2,0.0011,64.75540000000001,books-genre-a=5 | books-genre-b=5
q076,New York City,Head,CrossStripe,Lexical,Vector,global-rrf,0.8933234656287333,0.7,0.5384615384615384,0.4444444444444444,0.5598449640884667,1,1,2,0.0011,64.7743,books-genre-a=5 | books-genre-b=5
q076,New York City,Head,CrossStripe,Lexical,Vector,minmax-norm,0.8573913597628064,0.7,0.5384615384615384,0.1111111111111111,0.46296195630924936,1,1,2,0.0011,64.7992,books-genre-a=5 | books-genre-b=5
q076,New York City,Head,CrossStripe,Lexical,Vector,zscore-norm,0.8721095008563331,0.7,0.5384615384615384,0.2777777777777778,0.4996854464580187,1,1,2,0.0011,64.7943,books-genre-a=5 | books-genre-b=5
q076,New York City,Head,CrossStripe,Lexical,Vector,vector-similarity,1,1,1,1,0.8591367550184259,1,1,2,0.0011,64.769,books-genre-a=2 | books-genre-b=8
q077,an unlikely friendship between two very different people,Torso,CrossStripe,Conceptual,Vector,single-index,1,1,1,1,1,0.7152538838399368,1,1,0.000583333,74.7147,books-oracle2=10
q077,an unlikely friendship between two very different people,Torso,CrossStripe,Conceptual,Vector,naive-score,0.852630017810393,0.8,0.6666666666666666,1,0.6819382353474002,0.7199460811894817,1,2,0.0008500000000000001,90.0579,books-genre-a=6 | books-genre-b=4
q077,an unlikely friendship between two very different people,Torso,CrossStripe,Conceptual,Vector,interleave,0.8234524321197363,0.8,0.6666666666666666,0.8571428571428571,0.6354584778757003,0.787896131334476,1,2,0.0008500000000000001,90.04450000000001,books-genre-a=5 | books-genre-b=5
q077,an unlikely friendship between two very different people,Torso,CrossStripe,Conceptual,Vector,quota-merge,0.6685283170246835,0.8,0.6666666666666666,0.7142857142857143,0.5029928106038938,0.8009740045740382,1,2,0.0008500000000000001,90.03550000000001,books-genre-a=5 | books-genre-b=5
q077,an unlikely friendship between two very different people,Torso,CrossStripe,Conceptual,Vector,global-rrf,0.6685283170246835,0.8,0.6666666666666666,0.7142857142857143,0.5029928106038938,0.8009740045740382,1,2,0.0008500000000000001,90.0527,books-genre-a=5 | books-genre-b=5
q077,an unlikely friendship between two very different people,Torso,CrossStripe,Conceptual,Vector,minmax-norm,0.6715896086886021,0.8,0.6666666666666666,1,0.5361870665874071,0.7446459903819227,1,2,0.0008500000000000001,90.0771,books-genre-a=6 | books-genre-b=4
q077,an unlikely friendship between two very different people,Torso,CrossStripe,Conceptual,Vector,zscore-norm,0.6753102536785702,0.8,0.6666666666666666,0.7857142857142857,0.5301326834074788,0.787896131334476,1,2,0.0008500000000000001,90.0741,books-genre-a=5 | books-genre-b=5
q077,an unlikely friendship between two very different people,Torso,CrossStripe,Conceptual,Vector,vector-similarity,0.852630017810393,0.8,0.6666666666666666,1,0.6819382353474002,0.7199460811894817,1,2,0.0008500000000000001,90.049,books-genre-a=6 | books-genre-b=4
q078,climate change and environmental collapse,Torso,CrossStripe,Mixed,Vector,single-index,1,1,1,1,1,0.9224654597764764,1,1,0.000583333,76.1099,books-oracle2=10
q078,climate change and environmental collapse,Torso,CrossStripe,Mixed,Vector,naive-score,1,1,1,1,0.8591367550184259,0.9224654597764764,1,2,0.0011,63.040099999999995,books-genre-a=2 | books-genre-b=8
q078,climate change and environmental collapse,Torso,CrossStripe,Mixed,Vector,interleave,0.85041191688317,0.7,0.5384615384615384,0.37777777777777777,0.4888266547795193,0.8891606286189596,1,2,0.0011,63.0304,books-genre-a=5 | books-genre-b=5
q078,climate change and environmental collapse,Torso,CrossStripe,Mixed,Vector,quota-merge,0.8521246791079095,0.7,0.5384615384615384,0.4666666666666667,0.5012657463469555,0.8906654487649238,1,2,0.0011,63.020199999999996,books-genre-a=5 | books-genre-b=5
q078,climate change and environmental collapse,Torso,CrossStripe,Mixed,Vector,global-rrf,0.8521246791079095,0.7,0.5384615384615384,0.4666666666666667,0.5012657463469555,0.8906654487649238,1,2,0.0011,63.0387,books-genre-a=5 | books-genre-b=5
q078,climate change and environmental collapse,Torso,CrossStripe,Mixed,Vector,minmax-norm,0.8893132282328536,0.9,0.8181818181818182,0.6888888888888889,0.6407755017795296,0.906855929496837,1,2,0.0011,63.0619,books-genre-a=3 | books-genre-b=7
q078,climate change and environmental collapse,Torso,CrossStripe,Mixed,Vector,zscore-norm,0.8728850527990283,0.7,0.5384615384615384,0.8222222222222222,0.6065309852611784,0.9041327879405042,1,2,0.0011,63.059599999999996,books-genre-a=5 | books-genre-b=5
q078,climate change and environmental collapse,Torso,CrossStripe,Mixed,Vector,vector-similarity,1,1,1,1,0.8591367550184259,0.9224654597764764,1,2,0.0011,63.035199999999996,books-genre-a=2 | books-genre-b=8
q079,memory and how unreliable it can be,Torso,CrossStripe,Conceptual,Vector,single-index,1,1,1,1,1,0.6703050440905383,1,1,0.000583333,75.273,books-oracle2=10
q079,memory and how unreliable it can be,Torso,CrossStripe,Conceptual,Vector,naive-score,1,1,1,1,0.8591367550184259,0.6703050440905383,1,2,0.0006,63.725899999999996,books-genre-a=3 | books-genre-b=7
q079,memory and how unreliable it can be,Torso,CrossStripe,Conceptual,Vector,interleave,0.8329755476373681,0.8,0.6666666666666666,0.3888888888888889,0.5044020253662929,0.7660729917873581,1,2,0.0006,63.713,books-genre-a=5 | books-genre-b=5
q079,memory and how unreliable it can be,Torso,CrossStripe,Conceptual,Vector,quota-merge,0.929289867065288,0.8,0.6666666666666666,0.5555555555555556,0.6444990371579988,0.7196562361162004,1,2,0.0006,63.704299999999996,books-genre-a=5 | books-genre-b=5
q079,memory and how unreliable it can be,Torso,CrossStripe,Conceptual,Vector,global-rrf,0.929289867065288,0.8,0.6666666666666666,0.5555555555555556,0.6444990371579988,0.7196562361162004,1,2,0.0006,63.722,books-genre-a=5 | books-genre-b=5
q079,memory and how unreliable it can be,Torso,CrossStripe,Conceptual,Vector,minmax-norm,0.896893828660051,0.6,0.42857142857142855,0.8888888888888888,0.6141360689272723,0.7272529626743759,1,2,0.0006,63.7463,books-genre-a=7 | books-genre-b=3
q079,memory and how unreliable it can be,Torso,CrossStripe,Conceptual,Vector,zscore-norm,0.896893828660051,0.6,0.42857142857142855,0.8888888888888888,0.6141360689272723,0.7272529626743759,1,2,0.0006,63.7417,books-genre-a=7 | books-genre-b=3
q079,memory and how unreliable it can be,Torso,CrossStripe,Conceptual,Vector,vector-similarity,1,1,1,1,0.8591367550184259,0.6703050440905383,1,2,0.0006,63.7175,books-genre-a=3 | books-genre-b=7
q080,a doctor confronting the limits of medicine,Tail,CrossStripe,Conceptual,Vector,single-index,1,1,1,1,1,1,1,1,0.000583333,75.1093,books-oracle2=10
q080,a doctor confronting the limits of medicine,Tail,CrossStripe,Conceptual,Vector,naive-score,1,1,1,1,0.8591367550184259,1,1,2,0.0006,63.806200000000004,books-genre-b=10
q080,a doctor confronting the limits of medicine,Tail,CrossStripe,Conceptual,Vector,interleave,0.7678554892682629,0.5,0.3333333333333333,0.3333333333333333,0.3785306573261544,0.8174439420116207,1,2,0.0006,63.7966,books-genre-a=5 | books-genre-b=5
q080,a doctor confronting the limits of medicine,Tail,CrossStripe,Conceptual,Vector,quota-merge,0.7822717022591037,0.5,0.3333333333333333,0.4222222222222222,0.4188605083122816,0.8174439420116207,1,2,0.0006,63.7871,books-genre-a=5 | books-genre-b=5
q080,a doctor confronting the limits of medicine,Tail,CrossStripe,Conceptual,Vector,global-rrf,0.7822717022591037,0.5,0.3333333333333333,0.4222222222222222,0.4188605083122816,0.8174439420116207,1,2,0.0006,63.8065,books-genre-a=5 | books-genre-b=5
q080,a doctor confronting the limits of medicine,Tail,CrossStripe,Conceptual,Vector,minmax-norm,0.7877972506760604,0.5,0.3333333333333333,0.5111111111111111,0.44198766950223833,0.819701172230567,1,2,0.0006,63.8317,books-genre-a=5 | books-genre-b=5
q080,a doctor confronting the limits of medicine,Tail,CrossStripe,Conceptual,Vector,zscore-norm,0.7822717022591037,0.5,0.3333333333333333,0.4222222222222222,0.4188605083122816,0.8174439420116207,1,2,0.0006,63.827,books-genre-a=5 | books-genre-b=5
q080,a doctor confronting the limits of medicine,Tail,CrossStripe,Conceptual,Vector,vector-similarity,1,1,1,1,0.8591367550184259,1,1,2,0.0006,63.8044,books-genre-b=10
q081,immortality and the cost of living forever,Tail,CrossStripe,Conceptual,Vector,single-index,1,1,1,1,1,0.7460847806032058,1,1,0.000583333,102.6583,books-oracle2=10
q081,immortality and the cost of living forever,Tail,CrossStripe,Conceptual,Vector,naive-score,0.9164434866841276,0.8,0.6666666666666666,1,0.7641210124421742,0.786002261111895,1,2,0.0008500000000000001,93.2577,books-genre-a=7 | books-genre-b=3
q081,immortality and the cost of living forever,Tail,CrossStripe,Conceptual,Vector,interleave,0.8895242848226872,0.8,0.6666666666666666,0.7222222222222222,0.6410050288292766,0.766096284091413,1,2,0.0008500000000000001,93.2466,books-genre-a=5 | books-genre-b=5
q081,immortality and the cost of living forever,Tail,CrossStripe,Conceptual,Vector,quota-merge,0.9437502517987922,0.8,0.6666666666666666,0.7222222222222222,0.7367153292024248,0.7668486941643949,1,2,0.0008500000000000001,93.23660000000001,books-genre-a=5 | books-genre-b=5
q081,immortality and the cost of living forever,Tail,CrossStripe,Conceptual,Vector,global-rrf,0.9437502517987922,0.8,0.6666666666666666,0.7222222222222222,0.7367153292024248,0.7668486941643949,1,2,0.0008500000000000001,93.2562,books-genre-a=5 | books-genre-b=5
q081,immortality and the cost of living forever,Tail,CrossStripe,Conceptual,Vector,minmax-norm,0.897269427283528,0.8,0.6666666666666666,0.7857142857142857,0.7126520416867486,0.7740509098736168,1,2,0.0008500000000000001,93.2792,books-genre-a=8 | books-genre-b=2
q081,immortality and the cost of living forever,Tail,CrossStripe,Conceptual,Vector,zscore-norm,0.9145172613734966,0.8,0.6666666666666666,0.9285714285714286,0.7369811396385892,0.7990801343514572,1,2,0.0008500000000000001,93.27510000000001,books-genre-a=7 | books-genre-b=3
q081,immortality and the cost of living forever,Tail,CrossStripe,Conceptual,Vector,vector-similarity,0.9164434866841276,0.8,0.6666666666666666,1,0.7641210124421742,0.786002261111895,1,2,0.0008500000000000001,93.2513,books-genre-a=7 | books-genre-b=3
q082,twins separated at birth,Tail,CrossStripe,Lexical,Vector,single-index,1,1,1,1,1,0.2146049597130029,0.9,1,0.000583333,75.9941,books-oracle2=10
q082,twins separated at birth,Tail,CrossStripe,Lexical,Vector,naive-score,0.9851534011567502,0.9,0.8181818181818182,1,0.8137112427136154,0.20705175066168305,0.9,2,0.0011,96.9115,books-genre-a=8 | books-genre-b=2
q082,twins separated at birth,Tail,CrossStripe,Lexical,Vector,interleave,0.9253928248675279,0.6,0.42857142857142855,0.5555555555555556,0.5886894820049398,0.22654478657295832,0.9,2,0.0011,96.90050000000001,books-genre-a=5 | books-genre-b=5
q082,twins separated at birth,Tail,CrossStripe,Lexical,Vector,quota-merge,0.8104439481896931,0.6,0.42857142857142855,0.4666666666666667,0.4610315617806699,0.22381814878585463,0.9,2,0.0011,96.8914,books-genre-a=5 | books-genre-b=5
q082,twins separated at birth,Tail,CrossStripe,Lexical,Vector,global-rrf,0.8104439481896931,0.6,0.42857142857142855,0.4666666666666667,0.4610315617806699,0.22381814878585463,0.9,2,0.0011,96.91,books-genre-a=5 | books-genre-b=5
q082,twins separated at birth,Tail,CrossStripe,Lexical,Vector,minmax-norm,0.8308176622161022,0.8,0.6666666666666666,0.4222222222222222,0.5258011269697846,0.18356354393837515,0.9,2,0.0011,96.9334,books-genre-a=7 | books-genre-b=3
q082,twins separated at birth,Tail,CrossStripe,Lexical,Vector,zscore-norm,0.7916450266292839,0.8,0.6666666666666666,0.24444444444444444,0.4621192302536195,0.17432578592853448,0.9,2,0.0011,96.92920000000001,books-genre-a=7 | books-genre-b=3
q082,twins separated at birth,Tail,CrossStripe,Lexical,Vector,vector-similarity,0.9851534011567502,0.9,0.8181818181818182,1,0.8137112427136154,0.20705175066168305,0.9,2,0.0011,96.90520000000001,books-genre-a=8 | books-genre-b=2
q083,a letter that arrives decades too late,Tail,CrossStripe,Conceptual,Vector,single-index,1,1,1,1,1,0.5461909573966528,1,1,0.000583333,76.0417,books-oracle2=10
q083,a letter that arrives decades too late,Tail,CrossStripe,Conceptual,Vector,naive-score,0.7025817713751363,0.8,0.6666666666666666,1,0.5729105567361764,0.733625636834526,1,2,0.0011,91.4204,books-genre-a=2 | books-genre-b=8
q083,a letter that arrives decades too late,Tail,CrossStripe,Conceptual,Vector,interleave,0.6676055355000626,0.6,0.42857142857142855,0.7142857142857143,0.5026934366841621,0.6954981882532832,1,2,0.0011,91.40390000000001,books-genre-a=5 | books-genre-b=5
q083,a letter that arrives decades too late,Tail,CrossStripe,Conceptual,Vector,quota-merge,0.6829297176942549,0.6,0.42857142857142855,0.7857142857142857,0.5075011837316987,0.7399878443064564,1,2,0.0011,91.3943,books-genre-a=5 | books-genre-b=5
q083,a letter that arrives decades too late,Tail,CrossStripe,Conceptual,Vector,global-rrf,0.6829297176942549,0.6,0.42857142857142855,0.7857142857142857,0.5075011837316987,0.7399878443064564,1,2,0.0011,91.413,books-genre-a=5 | books-genre-b=5
q083,a letter that arrives decades too late,Tail,CrossStripe,Conceptual,Vector,minmax-norm,0.6990889748435085,0.7,0.5384615384615384,0.9285714285714286,0.5571917370312336,0.696673794426986,1,2,0.0011,91.4352,books-genre-a=4 | books-genre-b=6
q083,a letter that arrives decades too late,Tail,CrossStripe,Conceptual,Vector,zscore-norm,0.6782076303820339,0.7,0.5384615384615384,0.8571428571428571,0.552383989983697,0.6502570387558284,1,2,0.0011,91.4331,books-genre-a=4 | books-genre-b=6
q083,a letter that arrives decades too late,Tail,CrossStripe,Conceptual,Vector,vector-similarity,0.7025817713751363,0.8,0.6666666666666666,1,0.5729105567361764,0.733625636834526,1,2,0.0011,91.4084,books-genre-a=2 | books-genre-b=8
q084,music and the people who devote their lives to it,Torso,CrossStripe,Conceptual,Vector,single-index,1,1,1,1,1,0.7694276734020112,1,1,0.000583333,103.4349,books-oracle2=10
q084,music and the people who devote their lives to it,Torso,CrossStripe,Conceptual,Vector,naive-score,0.9452694559895504,0.9,0.8181818181818182,1,0.7749477245134956,0.7716749306377727,1,2,0.0006,96.641,books-genre-a=1 | books-genre-b=9
q084,music and the people who devote their lives to it,Torso,CrossStripe,Conceptual,Vector,interleave,0.5903969134661661,0.6,0.42857142857142855,0.4666666666666667,0.3772632616882933,0.8758510212272971,1,2,0.0006,96.62700000000001,books-genre-a=5 | books-genre-b=5
q084,music and the people who devote their lives to it,Torso,CrossStripe,Conceptual,Vector,quota-merge,0.7475529421226697,0.6,0.42857142857142855,0.4666666666666667,0.49860263181142034,0.8255800663201707,1,2,0.0006,96.6173,books-genre-a=5 | books-genre-b=5
q084,music and the people who devote their lives to it,Torso,CrossStripe,Conceptual,Vector,global-rrf,0.7475529421226697,0.6,0.42857142857142855,0.4666666666666667,0.49860263181142034,0.8255800663201707,1,2,0.0006,96.6363,books-genre-a=5 | books-genre-b=5
q084,music and the people who devote their lives to it,Torso,CrossStripe,Conceptual,Vector,minmax-norm,0.8896748167316616,0.9,0.8181818181818182,0.6666666666666666,0.6427240790318767,0.7877205100605198,1,2,0.0006,96.6588,books-genre-a=2 | books-genre-b=8
q084,music and the people who devote their lives to it,Torso,CrossStripe,Conceptual,Vector,zscore-norm,0.6892651999794857,0.8,0.6666666666666666,0.5714285714285714,0.4722790042645454,0.8356420858776415,1,2,0.0006,96.65530000000001,books-genre-a=3 | books-genre-b=7
q084,music and the people who devote their lives to it,Torso,CrossStripe,Conceptual,Vector,vector-similarity,0.9452694559895504,0.9,0.8181818181818182,1,0.7749477245134956,0.7716749306377727,1,2,0.0006,96.63130000000001,books-genre-a=1 | books-genre-b=9
q085,a trial that divides a town,Torso,CrossStripe,Conceptual,Vector,single-index,1,1,1,1,1,0.4870708601160944,0.9,1,0.000583333,85.8781,books-oracle2=10
q085,a trial that divides a town,Torso,CrossStripe,Conceptual,Vector,naive-score,0.8538484439374456,0.8,0.6666666666666666,1,0.6498950921906343,0.4372812043355651,0.9,2,0.0008500000000000001,71.217,books-genre-a=3 | books-genre-b=7
q085,a trial that divides a town,Torso,CrossStripe,Conceptual,Vector,interleave,0.7941522356346691,0.6,0.42857142857142855,0.5,0.49445378557176517,0.47176987474157356,0.9,2,0.0008500000000000001,71.2059,books-genre-a=5 | books-genre-b=5
q085,a trial that divides a town,Torso,CrossStripe,Conceptual,Vector,quota-merge,0.7859820499314949,0.6,0.42857142857142855,0.5714285714285714,0.5076437637543074,0.46959022920164656,0.9,2,0.0008500000000000001,71.1966,books-genre-a=5 | books-genre-b=5
q085,a trial that divides a town,Torso,CrossStripe,Conceptual,Vector,global-rrf,0.7859820499314949,0.6,0.42857142857142855,0.5714285714285714,0.5076437637543074,0.46959022920164656,0.9,2,0.0008500000000000001,71.21509999999999,books-genre-a=5 | books-genre-b=5
q085,a trial that divides a town,Torso,CrossStripe,Conceptual,Vector,minmax-norm,0.7842518010131209,0.6,0.42857142857142855,0.7142857142857143,0.5251675919111137,0.46959022920164656,0.9,2,0.0008500000000000001,71.24,books-genre-a=5 | books-genre-b=5
q085,a trial that divides a town,Torso,CrossStripe,Conceptual,Vector,zscore-norm,0.7854548693712117,0.6,0.42857142857142855,0.6428571428571429,0.515275108274207,0.46959022920164656,0.9,2,0.0008500000000000001,71.2372,books-genre-a=5 | books-genre-b=5
q085,a trial that divides a town,Torso,CrossStripe,Conceptual,Vector,vector-similarity,0.8538484439374456,0.8,0.6666666666666666,1,0.6498950921906343,0.4372812043355651,0.9,2,0.0008500000000000001,71.2102,books-genre-a=3 | books-genre-b=7
q086,forbidden love across a social divide,Torso,CrossStripe,Conceptual,Vector,single-index,1,1,1,1,1,0.9056749573008228,1,1,0.000583333,74.4815,books-oracle2=10
q086,forbidden love across a social divide,Torso,CrossStripe,Conceptual,Vector,naive-score,0.705918570668866,0.8,0.6666666666666666,1,0.5493770447699494,0.6986610642423049,0.9,2,0.0011,63.43,books-genre-b=10
q086,forbidden love across a social divide,Torso,CrossStripe,Conceptual,Vector,interleave,0.5591046140069899,0.4,0.25,-0.047619047619047616,0.21895314503653343,0.7637655239209854,0.9,2,0.0011,63.4197,books-genre-a=5 | books-genre-b=5
q086,forbidden love across a social divide,Torso,CrossStripe,Conceptual,Vector,quota-merge,0.5441693152992414,0.4,0.25,0.047619047619047616,0.25372436236001783,0.6791653156428173,0.9,2,0.0011,63.4092,books-genre-a=5 | books-genre-b=5
q086,forbidden love across a social divide,Torso,CrossStripe,Conceptual,Vector,global-rrf,0.5441693152992414,0.4,0.25,0.047619047619047616,0.25372436236001783,0.6791653156428173,0.9,2,0.0011,63.4347,books-genre-a=5 | books-genre-b=5
q086,forbidden love across a social divide,Torso,CrossStripe,Conceptual,Vector,minmax-norm,0.34038645177699645,0.2,0.1111111111111111,-0.2,0.07607479254221404,0.7351092228569625,0.9,2,0.0011,63.453399999999995,books-genre-a=7 | books-genre-b=3
q086,forbidden love across a social divide,Torso,CrossStripe,Conceptual,Vector,zscore-norm,0.4585681772578946,0.3,0.17647058823529413,-0.2,0.1839266962478085,0.6791653156428173,0.9,2,0.0011,63.450799999999994,books-genre-a=6 | books-genre-b=4
q086,forbidden love across a social divide,Torso,CrossStripe,Conceptual,Vector,vector-similarity,0.705918570668866,0.8,0.6666666666666666,1,0.5493770447699494,0.6986610642423049,0.9,2,0.0011,63.4236,books-genre-b=10
q087,an old man looking back on his life,Torso,CrossStripe,Conceptual,Vector,single-index,1,1,1,1,1,0.7367161029216455,1,1,0.000583333,76.2295,books-oracle2=10
q087,an old man looking back on his life,Torso,CrossStripe,Conceptual,Vector,naive-score,1,1,1,1,0.8591367550184259,0.7367161029216455,1,2,0.0011,76.9469,books-genre-a=1 | books-genre-b=9
q087,an old man looking back on his life,Torso,CrossStripe,Conceptual,Vector,interleave,0.7992707180380337,0.6,0.42857142857142855,0.5714285714285714,0.510508277376997,0.6583852177299527,1,2,0.0011,76.9351,books-genre-a=5 | books-genre-b=5
q087,an old man looking back on his life,Torso,CrossStripe,Conceptual,Vector,quota-merge,0.8035816940615141,0.6,0.42857142857142855,0.7142857142857143,0.5313296000794387,0.6550143318763104,1,2,0.0011,76.92660000000001,books-genre-a=5 | books-genre-b=5
q087,an old man looking back on his life,Torso,CrossStripe,Conceptual,Vector,global-rrf,0.8035816940615141,0.6,0.42857142857142855,0.7142857142857143,0.5313296000794387,0.6550143318763104,1,2,0.0011,76.9447,books-genre-a=5 | books-genre-b=5
q087,an old man looking back on his life,Torso,CrossStripe,Conceptual,Vector,minmax-norm,0.9062555444663821,0.9,0.8181818181818182,0.9444444444444444,0.7158315530546795,0.6506343362697999,1,2,0.0011,76.9691,books-genre-a=2 | books-genre-b=8
q087,an old man looking back on his life,Torso,CrossStripe,Conceptual,Vector,zscore-norm,0.8477912213642792,0.7,0.5384615384615384,0.8333333333333334,0.5840092382594069,0.6558232042894105,1,2,0.0011,76.9657,books-genre-a=4 | books-genre-b=6
q087,an old man looking back on his life,Torso,CrossStripe,Conceptual,Vector,vector-similarity,1,1,1,1,0.8591367550184259,0.7367161029216455,1,2,0.0011,76.9393,books-genre-a=1 | books-genre-b=9
q088,letters and diaries as a way of telling a story,Tail,CrossStripe,Conceptual,Vector,single-index,1,1,1,1,1,0.9432106656105237,1,1,0.001183333,80.9827,books-oracle2=10
q088,letters and diaries as a way of telling a story,Tail,CrossStripe,Conceptual,Vector,naive-score,1,1,1,1,0.8591367550184259,0.9432106656105237,1,2,0.0011,95.89739999999999,books-genre-a=3 | books-genre-b=7
q088,letters and diaries as a way of telling a story,Tail,CrossStripe,Conceptual,Vector,interleave,0.8487222245798897,0.8,0.6666666666666666,0.5555555555555556,0.562361432065202,0.8918235353459767,1,2,0.0011,95.88759999999999,books-genre-a=5 | books-genre-b=5
q088,letters and diaries as a way of telling a story,Tail,CrossStripe,Conceptual,Vector,quota-merge,0.8527027322901972,0.8,0.6666666666666666,0.6666666666666666,0.5879905018151805,0.8967042278371755,1,2,0.0011,95.8789,books-genre-a=5 | books-genre-b=5
q088,letters and diaries as a way of telling a story,Tail,CrossStripe,Conceptual,Vector,global-rrf,0.8527027322901972,0.8,0.6666666666666666,0.6666666666666666,0.5879905018151805,0.8967042278371755,1,2,0.0011,95.89659999999999,books-genre-a=5 | books-genre-b=5
q088,letters and diaries as a way of telling a story,Tail,CrossStripe,Conceptual,Vector,minmax-norm,0.8928090951931916,1,1,0.7333333333333333,0.6275964483263008,0.9432106656105237,1,2,0.0011,95.9191,books-genre-a=3 | books-genre-b=7
q088,letters and diaries as a way of telling a story,Tail,CrossStripe,Conceptual,Vector,zscore-norm,0.8379177104684931,1,1,0.6,0.5369040400409878,0.9432106656105237,1,2,0.0011,95.9157,books-genre-a=3 | books-genre-b=7
q088,letters and diaries as a way of telling a story,Tail,CrossStripe,Conceptual,Vector,vector-similarity,1,1,1,1,0.8591367550184259,0.9432106656105237,1,2,0.0011,95.8928,books-genre-a=3 | books-genre-b=7
q089,the price of ambition,Torso,CrossStripe,Conceptual,Vector,single-index,1,1,1,1,1,0.7560216711665579,1,1,0.000583333,74.6169,books-oracle2=10
q089,the price of ambition,Torso,CrossStripe,Conceptual,Vector,naive-score,1,1,1,1,0.8591367550184259,0.7560216711665579,1,2,0.0011,63.7074,books-genre-a=6 | books-genre-b=4
q089,the price of ambition,Torso,CrossStripe,Conceptual,Vector,interleave,0.9441027672070762,0.9,0.8181818181818182,0.9111111111111111,0.7470930879693367,0.7946236645160061,1,2,0.0011,63.6932,books-genre-a=5 | books-genre-b=5
q089,the price of ambition,Torso,CrossStripe,Conceptual,Vector,quota-merge,0.9966671304724674,0.9,0.8181818181818182,0.8666666666666667,0.8156635155389002,0.7946236645160061,1,2,0.0011,63.6851,books-genre-a=5 | books-genre-b=5
q089,the price of ambition,Torso,CrossStripe,Conceptual,Vector,global-rrf,0.9966671304724674,0.9,0.8181818181818182,0.8666666666666667,0.8156635155389002,0.7946236645160061,1,2,0.0011,63.704,books-genre-a=5 | books-genre-b=5
q089,the price of ambition,Torso,CrossStripe,Conceptual,Vector,minmax-norm,0.9885809794065978,0.9,0.8181818181818182,0.8222222222222222,0.7869421279804003,0.7946236645160061,1,2,0.0011,63.7344,books-genre-a=7 | books-genre-b=3
q089,the price of ambition,Torso,CrossStripe,Conceptual,Vector,zscore-norm,1,1,1,1,0.8591367550184259,0.7560216711665579,1,2,0.0011,63.725,books-genre-a=6 | books-genre-b=4
q089,the price of ambition,Torso,CrossStripe,Conceptual,Vector,vector-similarity,1,1,1,1,0.8591367550184259,0.7560216711665579,1,2,0.0011,63.7,books-genre-a=6 | books-genre-b=4
q090,a con artist whose scheme goes wrong,Tail,CrossStripe,Conceptual,Vector,single-index,1,1,1,1,1,0.6079775261622326,1,1,0.000583333,78.3723,books-oracle2=10
q090,a con artist whose scheme goes wrong,Tail,CrossStripe,Conceptual,Vector,naive-score,0.8728861812489203,0.8,0.6666666666666666,1,0.6636188212049803,0.7018621356336091,1,2,0.0011,64.40379999999999,books-genre-a=8 | books-genre-b=2
q090,a con artist whose scheme goes wrong,Tail,CrossStripe,Conceptual,Vector,interleave,0.8236629256280507,0.6,0.42857142857142855,0.7857142857142857,0.5807567880445675,0.778936571762588,1,2,0.0011,64.39729999999999,books-genre-a=5 | books-genre-b=5
q090,a con artist whose scheme goes wrong,Tail,CrossStripe,Conceptual,Vector,quota-merge,0.8260645385680764,0.6,0.42857142857142855,0.7142857142857143,0.5731254435246681,0.7744389803354038,1,2,0.0011,64.38279999999999,books-genre-a=5 | books-genre-b=5
q090,a con artist whose scheme goes wrong,Tail,CrossStripe,Conceptual,Vector,global-rrf,0.8260645385680764,0.6,0.42857142857142855,0.7142857142857143,0.5731254435246681,0.7744389803354038,1,2,0.0011,64.401,books-genre-a=5 | books-genre-b=5
q090,a con artist whose scheme goes wrong,Tail,CrossStripe,Conceptual,Vector,minmax-norm,0.8335380989364022,0.7,0.5384615384615384,0.7857142857142857,0.6139994359063167,0.7533280102652009,1,2,0.0011,64.42229999999999,books-genre-a=6 | books-genre-b=4
q090,a con artist whose scheme goes wrong,Tail,CrossStripe,Conceptual,Vector,zscore-norm,0.6856082256678225,0.7,0.5384615384615384,0.7857142857142857,0.5134813884856316,0.7533280102652009,1,2,0.0011,64.4212,books-genre-a=6 | books-genre-b=4
q090,a con artist whose scheme goes wrong,Tail,CrossStripe,Conceptual,Vector,vector-similarity,0.8728861812489203,0.8,0.6666666666666666,1,0.6636188212049803,0.7018621356336091,1,2,0.0011,64.39569999999999,books-genre-a=8 | books-genre-b=2
q091,prison,Head,CrossStripe,Lexical,Vector,single-index,1,1,1,1,1,1,1,1,0.000583333,73.966,books-oracle2=10
q091,prison,Head,CrossStripe,Lexical,Vector,naive-score,1,1,1,1,0.8591367550184259,1,1,2,0.0011,62.824,books-genre-a=6 | books-genre-b=4
q091,prison,Head,CrossStripe,Lexical,Vector,interleave,0.9098220185018883,0.9,0.8181818181818182,0.8222222222222222,0.6683477824006091,1,1,2,0.0011,62.8125,books-genre-a=5 | books-genre-b=5
q091,prison,Head,CrossStripe,Lexical,Vector,quota-merge,0.9148523144223323,0.9,0.8181818181818182,0.7777777777777778,0.6830485636367578,1,1,2,0.0011,62.8016,books-genre-a=5 | books-genre-b=5
q091,prison,Head,CrossStripe,Lexical,Vector,global-rrf,0.9148523144223323,0.9,0.8181818181818182,0.7777777777777778,0.6830485636367578,1,1,2,0.0011,62.8229,books-genre-a=5 | books-genre-b=5
q091,prison,Head,CrossStripe,Lexical,Vector,minmax-norm,0.908491715198381,1,1,0.6888888888888889,0.644392787346201,1,1,2,0.0011,62.8466,books-genre-a=6 | books-genre-b=4
q091,prison,Head,CrossStripe,Lexical,Vector,zscore-norm,1,1,1,1,0.8591367550184259,1,1,2,0.0011,62.8422,books-genre-a=6 | books-genre-b=4
q091,prison,Head,CrossStripe,Lexical,Vector,vector-similarity,1,1,1,1,0.8591367550184259,1,1,2,0.0011,62.818799999999996,books-genre-a=6 | books-genre-b=4
q092,language and the way words shape thought,Tail,CrossStripe,Conceptual,Vector,single-index,1,1,1,1,1,0.7312079690625901,1,1,0.000583333,75.1632,books-oracle2=10
q092,language and the way words shape thought,Tail,CrossStripe,Conceptual,Vector,naive-score,1,1,1,1,0.8591367550184259,0.7312079690625901,1,2,0.0008500000000000001,92.9611,books-genre-a=1 | books-genre-b=9
q092,language and the way words shape thought,Tail,CrossStripe,Conceptual,Vector,interleave,0.785442536380644,0.6,0.42857142857142855,0.35714285714285715,0.46718500748427105,0.8282708017607954,1,2,0.0008500000000000001,92.952,books-genre-a=5 | books-genre-b=5
q092,language and the way words shape thought,Tail,CrossStripe,Conceptual,Vector,quota-merge,0.7884827443242269,0.6,0.42857142857142855,0.42857142857142855,0.48037498566681336,0.8282708017607954,1,2,0.0008500000000000001,92.9462,books-genre-a=5 | books-genre-b=5
q092,language and the way words shape thought,Tail,CrossStripe,Conceptual,Vector,global-rrf,0.7884827443242269,0.6,0.42857142857142855,0.42857142857142855,0.48037498566681336,0.8282708017607954,1,2,0.0008500000000000001,92.9619,books-genre-a=5 | books-genre-b=5
q092,language and the way words shape thought,Tail,CrossStripe,Conceptual,Vector,minmax-norm,0.8545463297075871,0.7,0.5384615384615384,0.6666666666666666,0.596511636022865,0.7616290356286739,1,2,0.0008500000000000001,92.985,books-genre-a=4 | books-genre-b=6
q092,language and the way words shape thought,Tail,CrossStripe,Conceptual,Vector,zscore-norm,0.8046684516857187,0.6,0.42857142857142855,0.5714285714285714,0.5250386866272044,0.8333948286418801,1,2,0.0008500000000000001,92.9804,books-genre-a=5 | books-genre-b=5
q092,language and the way words shape thought,Tail,CrossStripe,Conceptual,Vector,vector-similarity,1,1,1,1,0.8591367550184259,0.7312079690625901,1,2,0.0008500000000000001,92.9568,books-genre-a=1 | books-genre-b=9
q093,a house that holds a family's history,Torso,CrossStripe,Conceptual,Vector,single-index,1,1,1,1,1,0.9603250160361273,1,1,0.000583333,75.4908,books-oracle2=10
q093,a house that holds a family's history,Torso,CrossStripe,Conceptual,Vector,naive-score,1,1,1,1,0.8591367550184259,0.9603250160361273,1,2,0.0011,62.936699999999995,books-genre-a=2 | books-genre-b=8
q093,a house that holds a family's history,Torso,CrossStripe,Conceptual,Vector,interleave,0.8143394844802156,0.7,0.5384615384615384,0.2777777777777778,0.4660381976191509,0.8951943970009143,1,2,0.0011,62.9253,books-genre-a=5 | books-genre-b=5
q093,a house that holds a family's history,Torso,CrossStripe,Conceptual,Vector,quota-merge,0.8231050104464973,0.7,0.5384615384615384,0.3333333333333333,0.493178070422736,0.9039129791606223,1,2,0.0011,62.9169,books-genre-a=5 | books-genre-b=5
q093,a house that holds a family's history,Torso,CrossStripe,Conceptual,Vector,global-rrf,0.8231050104464973,0.7,0.5384615384615384,0.3333333333333333,0.493178070422736,0.9039129791606223,1,2,0.0011,62.935599999999994,books-genre-a=5 | books-genre-b=5
q093,a house that holds a family's history,Torso,CrossStripe,Conceptual,Vector,minmax-norm,0.8232356303780152,0.7,0.5384615384615384,0.5,0.5075694348154569,0.8992570819408976,1,2,0.0011,62.9586,books-genre-a=5 | books-genre-b=5
q093,a house that holds a family's history,Torso,CrossStripe,Conceptual,Vector,zscore-norm,0.911425020497997,0.7,0.5384615384615384,0.4444444444444444,0.5921853147898144,0.8974416542366758,1,2,0.0011,62.954899999999995,books-genre-a=5 | books-genre-b=5
q093,a house that holds a family's history,Torso,CrossStripe,Conceptual,Vector,vector-similarity,1,1,1,1,0.8591367550184259,0.9603250160361273,1,2,0.0011,62.93,books-genre-a=2 | books-genre-b=8
q094,surveillance and the loss of privacy,Torso,CrossStripe,Mixed,Vector,single-index,1,1,1,1,1,0.8232273618633382,1,1,0.001183333,75.7856,books-oracle2=10
q094,surveillance and the loss of privacy,Torso,CrossStripe,Mixed,Vector,naive-score,1,1,1,1,0.8591367550184259,0.8232273618633382,1,2,0.0011,97.1097,books-genre-a=5 | books-genre-b=5
q094,surveillance and the loss of privacy,Torso,CrossStripe,Mixed,Vector,interleave,0.943267546821875,1,1,0.8666666666666667,0.7215863511572492,0.8189122073953538,1,2,0.0011,97.0981,books-genre-a=5 | books-genre-b=5
q094,surveillance and the loss of privacy,Torso,CrossStripe,Mixed,Vector,quota-merge,0.9432101636500828,1,1,0.8222222222222222,0.7167786041097126,0.8189122073953538,1,2,0.0011,97.089,books-genre-a=5 | books-genre-b=5
q094,surveillance and the loss of privacy,Torso,CrossStripe,Mixed,Vector,global-rrf,0.9432101636500828,1,1,0.8222222222222222,0.7167786041097126,0.8189122073953538,1,2,0.0011,97.1071,books-genre-a=5 | books-genre-b=5
q094,surveillance and the loss of privacy,Torso,CrossStripe,Mixed,Vector,minmax-norm,0.8869189890061754,0.7,0.5384615384615384,0.7222222222222222,0.6196827373394651,0.880986696781705,1,2,0.0011,97.1312,books-genre-a=8 | books-genre-b=2
q094,surveillance and the loss of privacy,Torso,CrossStripe,Mixed,Vector,zscore-norm,0.9605134703594359,0.9,0.8181818181818182,0.7222222222222222,0.762508082394354,0.8607057265949057,1,2,0.0011,97.1321,books-genre-a=6 | books-genre-b=4
q094,surveillance and the loss of privacy,Torso,CrossStripe,Mixed,Vector,vector-similarity,1,1,1,1,0.8591367550184259,0.8232273618633382,1,2,0.0011,97.1024,books-genre-a=5 | books-genre-b=5
q095,sisters,Head,CrossStripe,Lexical,Vector,single-index,1,1,1,1,1,0.7416519937945089,0.8,1,0.000583333,108.3755,books-oracle2=10
q095,sisters,Head,CrossStripe,Lexical,Vector,naive-score,1,1,1,1,0.8591367550184259,0.7416519937945089,0.8,2,0.0011,64.1768,books-genre-a=4 | books-genre-b=6
q095,sisters,Head,CrossStripe,Lexical,Vector,interleave,0.9397332535013367,0.9,0.8181818181818182,0.6888888888888889,0.6828670974005688,0.7924610446131184,0.9,2,0.0011,64.1647,books-genre-a=5 | books-genre-b=5
q095,sisters,Head,CrossStripe,Lexical,Vector,quota-merge,0.9416594788119674,0.9,0.8181818181818182,0.7333333333333333,0.7100069702041537,0.8011796267728266,0.9,2,0.0011,64.155,books-genre-a=5 | books-genre-b=5
q095,sisters,Head,CrossStripe,Lexical,Vector,global-rrf,0.9416594788119674,0.9,0.8181818181818182,0.7333333333333333,0.7100069702041537,0.8011796267728266,0.9,2,0.0011,64.17389999999999,books-genre-a=5 | books-genre-b=5
q095,sisters,Head,CrossStripe,Lexical,Vector,minmax-norm,0.9454034852186222,1,1,0.9555555555555556,0.7586187075977409,0.7416519937945089,0.8,2,0.0011,64.19919999999999,books-genre-a=4 | books-genre-b=6
q095,sisters,Head,CrossStripe,Lexical,Vector,zscore-norm,0.9416594788119674,0.9,0.8181818181818182,0.7333333333333333,0.7100069702041537,0.8011796267728266,0.9,2,0.0011,64.1947,books-genre-a=5 | books-genre-b=5
q095,sisters,Head,CrossStripe,Lexical,Vector,vector-similarity,1,1,1,1,0.8591367550184259,0.7416519937945089,0.8,2,0.0011,64.16959999999999,books-genre-a=4 | books-genre-b=6
q096,a mentor who turns out to be wrong about everything,Tail,CrossStripe,Conceptual,Vector,single-index,1,1,1,1,1,0.3823322761036594,1,1,0.001183333,103.9283,books-oracle2=10
q096,a mentor who turns out to be wrong about everything,Tail,CrossStripe,Conceptual,Vector,naive-score,0.9452694559895504,0.9,0.8181818181818182,1,0.7749477245134956,0.3315768785081514,1,2,0.0008500000000000001,95.7932,books-genre-a=1 | books-genre-b=9
q096,a mentor who turns out to be wrong about everything,Tail,CrossStripe,Conceptual,Vector,interleave,0.6207244669711343,0.5,0.3333333333333333,0.5714285714285714,0.3613292047063169,0.28783340104722305,1,2,0.0008500000000000001,95.7836,books-genre-a=5 | books-genre-b=5
q096,a mentor who turns out to be wrong about everything,Tail,CrossStripe,Conceptual,Vector,quota-merge,0.7896480033598101,0.5,0.3333333333333333,0.6428571428571429,0.5021771031131291,0.3195054878656546,1,2,0.0008500000000000001,95.7739,books-genre-a=5 | books-genre-b=5
q096,a mentor who turns out to be wrong about everything,Tail,CrossStripe,Conceptual,Vector,global-rrf,0.7896480033598101,0.5,0.3333333333333333,0.6428571428571429,0.5021771031131291,0.3195054878656546,1,2,0.0008500000000000001,95.794,books-genre-a=5 | books-genre-b=5
q096,a mentor who turns out to be wrong about everything,Tail,CrossStripe,Conceptual,Vector,minmax-norm,0.8505945234670126,0.7,0.5384615384615384,1,0.6523023193391662,0.27130294694634993,1,2,0.0008500000000000001,95.8178,books-genre-a=3 | books-genre-b=7
q096,a mentor who turns out to be wrong about everything,Tail,CrossStripe,Conceptual,Vector,zscore-norm,0.6711677006538781,0.6,0.42857142857142855,0.7857142857142857,0.4651628585980608,0.24885834729363598,1,2,0.0008500000000000001,95.8158,books-genre-a=4 | books-genre-b=6
q096,a mentor who turns out to be wrong about everything,Tail,CrossStripe,Conceptual,Vector,vector-similarity,0.9452694559895504,0.9,0.8181818181818182,1,0.7749477245134956,0.3315768785081514,1,2,0.0008500000000000001,95.7884,books-genre-a=1 | books-genre-b=9
q097,winter cold and isolation in a remote place,Torso,CrossStripe,Conceptual,Vector,single-index,1,1,1,1,1,1,1,1,0.001183333,78.8595,books-oracle2=10
q097,winter cold and isolation in a remote place,Torso,CrossStripe,Conceptual,Vector,naive-score,1,1,1,1,0.8591367550184259,1,1,2,0.0008500000000000001,91.0454,books-genre-a=7 | books-genre-b=3
q097,winter cold and isolation in a remote place,Torso,CrossStripe,Conceptual,Vector,interleave,0.985726513540626,0.8,0.6666666666666666,0.9111111111111111,0.7854739779477837,1,1,2,0.0008500000000000001,91.0357,books-genre-a=5 | books-genre-b=5
q097,winter cold and isolation in a remote place,Torso,CrossStripe,Conceptual,Vector,quota-merge,0.9110580735237609,0.8,0.6666666666666666,0.7777777777777778,0.6725168389596625,1,1,2,0.0008500000000000001,91.026,books-genre-a=5 | books-genre-b=5
q097,winter cold and isolation in a remote place,Torso,CrossStripe,Conceptual,Vector,global-rrf,0.9110580735237609,0.8,0.6666666666666666,0.7777777777777778,0.6725168389596625,1,1,2,0.0008500000000000001,91.0454,books-genre-a=5 | books-genre-b=5
q097,winter cold and isolation in a remote place,Torso,CrossStripe,Conceptual,Vector,minmax-norm,0.8896065394848357,0.7,0.5384615384615384,0.6,0.5766132033209539,1,1,2,0.0008500000000000001,91.0681,books-genre-a=4 | books-genre-b=6
q097,winter cold and isolation in a remote place,Torso,CrossStripe,Conceptual,Vector,zscore-norm,0.9853087452007657,0.9,0.8181818181818182,0.7333333333333333,0.7512307322076288,1,1,2,0.0008500000000000001,91.0638,books-genre-a=6 | books-genre-b=4
q097,winter cold and isolation in a remote place,Torso,CrossStripe,Conceptual,Vector,vector-similarity,1,1,1,1,0.8591367550184259,1,1,2,0.0008500000000000001,91.04,books-genre-a=7 | books-genre-b=3
q098,money and what people will do for it,Torso,CrossStripe,Conceptual,Vector,single-index,1,1,1,1,1,0.8730698126057528,1,1,0.000583333,78.6442,books-oracle2=10
q098,money and what people will do for it,Torso,CrossStripe,Conceptual,Vector,naive-score,1,1,1,1,0.8591367550184259,0.8730698126057528,1,2,0.0011,63.979099999999995,books-genre-a=1 | books-genre-b=9
q098,money and what people will do for it,Torso,CrossStripe,Conceptual,Vector,interleave,0.6841879458021524,0.6,0.42857142857142855,0.3333333333333333,0.38844021029203635,0.9007619020868619,1,2,0.0011,63.9681,books-genre-a=5 | books-genre-b=5
q098,money and what people will do for it,Torso,CrossStripe,Conceptual,Vector,quota-merge,0.6939143380447724,0.6,0.42857142857142855,0.42857142857142855,0.4140692800420148,0.90262796779454,1,2,0.0011,63.9598,books-genre-a=5 | books-genre-b=5
q098,money and what people will do for it,Torso,CrossStripe,Conceptual,Vector,global-rrf,0.6939143380447724,0.6,0.42857142857142855,0.42857142857142855,0.4140692800420148,0.90262796779454,1,2,0.0011,63.9783,books-genre-a=5 | books-genre-b=5
q098,money and what people will do for it,Torso,CrossStripe,Conceptual,Vector,minmax-norm,0.7775137894863732,0.7,0.5384615384615384,0.5714285714285714,0.5314078671599513,0.9035456546298357,1,2,0.0011,64.00319999999999,books-genre-a=4 | books-genre-b=6
q098,money and what people will do for it,Torso,CrossStripe,Conceptual,Vector,zscore-norm,0.7334558668489823,0.7,0.5384615384615384,0.35714285714285715,0.43077631468832006,0.8992570819408976,1,2,0.0011,64.0268,books-genre-a=4 | books-genre-b=6
q098,money and what people will do for it,Torso,CrossStripe,Conceptual,Vector,vector-similarity,1,1,1,1,0.8591367550184259,0.8730698126057528,1,2,0.0011,63.974,books-genre-a=1 | books-genre-b=9
q099,a rebellion against an unjust authority,Torso,CrossStripe,Conceptual,Vector,single-index,1,1,1,1,1,0.9580777588003657,1,1,0.000583333,75.5078,books-oracle2=10
q099,a rebellion against an unjust authority,Torso,CrossStripe,Conceptual,Vector,naive-score,1,1,1,1,0.8591367550184259,0.9580777588003657,1,2,0.0011,64.7581,books-genre-a=2 | books-genre-b=8
q099,a rebellion against an unjust authority,Torso,CrossStripe,Conceptual,Vector,interleave,0.8979691565678429,0.7,0.5384615384615384,0.5111111111111111,0.554796123014572,0.9134872336594229,1,2,0.0011,64.7458,books-genre-a=5 | books-genre-b=5
q099,a rebellion against an unjust authority,Torso,CrossStripe,Conceptual,Vector,quota-merge,0.9566908765077882,0.7,0.5384615384615384,0.6888888888888889,0.6809432401852353,0.9188462530413559,1,2,0.0011,64.7369,books-genre-a=5 | books-genre-b=5
q099,a rebellion against an unjust authority,Torso,CrossStripe,Conceptual,Vector,global-rrf,0.9566908765077882,0.7,0.5384615384615384,0.6888888888888889,0.6809432401852353,0.9188462530413559,1,2,0.0011,64.75580000000001,books-genre-a=5 | books-genre-b=5
q099,a rebellion against an unjust authority,Torso,CrossStripe,Conceptual,Vector,minmax-norm,0.9724293063262743,0.8,0.6666666666666666,0.6444444444444445,0.7184020717894504,0.921723022686679,1,2,0.0011,64.7783,books-genre-a=4 | books-genre-b=6
q099,a rebellion against an unjust authority,Torso,CrossStripe,Conceptual,Vector,zscore-norm,0.9170692838184185,0.8,0.6666666666666666,0.5555555555555556,0.6118743405593448,0.921723022686679,1,2,0.0011,64.7752,books-genre-a=4 | books-genre-b=6
q099,a rebellion against an unjust authority,Torso,CrossStripe,Conceptual,Vector,vector-similarity,1,1,1,1,0.8591367550184259,0.9580777588003657,1,2,0.0011,64.7502,books-genre-a=2 | books-genre-b=8
q100,the moment everything changed,Torso,CrossStripe,Conceptual,Vector,single-index,1,1,1,1,1,0.7185939444384468,1,1,0.000583333,75.2693,books-oracle2=10
q100,the moment everything changed,Torso,CrossStripe,Conceptual,Vector,naive-score,0.9775884238485559,0.9,0.8181818181818182,1,0.7953918285711954,0.7657423343734089,1,2,0.0006,63.4234,books-genre-a=8 | books-genre-b=2
q100,the moment everything changed,Torso,CrossStripe,Conceptual,Vector,interleave,0.9414644783627111,0.7,0.5384615384615384,0.6444444444444445,0.6398130018078991,0.8091134601918768,1,2,0.0006,63.4097,books-genre-a=5 | books-genre-b=5
q100,the moment everything changed,Torso,CrossStripe,Conceptual,Vector,quota-merge,0.9403247881685082,0.7,0.5384615384615384,0.5555555555555556,0.627373910240463,0.8091134601918768,1,2,0.0006,63.4015,books-genre-a=5 | books-genre-b=5
q100,the moment everything changed,Torso,CrossStripe,Conceptual,Vector,global-rrf,0.9403247881685082,0.7,0.5384615384615384,0.5555555555555556,0.627373910240463,0.8091134601918768,1,2,0.0006,63.4197,books-genre-a=5 | books-genre-b=5
q100,the moment everything changed,Torso,CrossStripe,Conceptual,Vector,minmax-norm,0.9464253962502409,0.7,0.5384615384615384,0.7777777777777778,0.6680248995872257,0.8036018906330598,1,2,0.0006,63.4431,books-genre-a=5 | books-genre-b=5
q100,the moment everything changed,Torso,CrossStripe,Conceptual,Vector,zscore-norm,0.8510802460134762,0.7,0.5384615384615384,0.6,0.5443796909765841,0.7626967045207191,1,2,0.0006,63.440000000000005,books-genre-a=5 | books-genre-b=5
q100,the moment everything changed,Torso,CrossStripe,Conceptual,Vector,vector-similarity,0.9775884238485559,0.9,0.8181818181818182,1,0.7953918285711954,0.7657423343734089,1,2,0.0006,63.4144,books-genre-a=8 | books-genre-b=2
q001,dragons and ancient magic,Torso,StripeLocal,Lexical,Hybrid,single-index,1,1,1,1,1,0.9552009891550426,1,1,0.005866667,234.5984,books-oracle2=10
q001,dragons and ancient magic,Torso,StripeLocal,Lexical,Hybrid,naive-score,0.49264629801536597,0.5,0.3333333333333333,0.4666666666666667,0.2719839175626286,0.701178737544218,1,2,0.006200000000000001,208.5983,books-genre-a=5 | books-genre-b=5
q001,dragons and ancient magic,Torso,StripeLocal,Lexical,Hybrid,interleave,0.7373116630109656,0.5,0.3333333333333333,0.7333333333333333,0.5070981577905174,0.7643248414841503,1,2,0.006200000000000001,208.5828,books-genre-a=5 | books-genre-b=5
q001,dragons and ancient magic,Torso,StripeLocal,Lexical,Hybrid,quota-merge,0.7197806110784023,0.5,0.3333333333333333,0.7333333333333333,0.4799582849869325,0.751246968244588,1,2,0.006200000000000001,208.5741,books-genre-a=5 | books-genre-b=5
q001,dragons and ancient magic,Torso,StripeLocal,Lexical,Hybrid,global-rrf,0.7197806110784023,0.5,0.3333333333333333,0.7333333333333333,0.4799582849869325,0.751246968244588,1,2,0.006200000000000001,208.5921,books-genre-a=5 | books-genre-b=5
q001,dragons and ancient magic,Torso,StripeLocal,Lexical,Hybrid,minmax-norm,0.7394257947087998,0.6,0.42857142857142855,0.5238095238095238,0.4552634436713689,0.7660875820863147,1,2,0.006200000000000001,208.61559999999997,books-genre-a=6 | books-genre-b=4
q001,dragons and ancient magic,Torso,StripeLocal,Lexical,Hybrid,zscore-norm,0.3979880233110352,0.4,0.25,0.2,0.1789297290260257,0.6180528097304878,1,2,0.006200000000000001,208.6128,books-genre-a=4 | books-genre-b=6
q001,dragons and ancient magic,Torso,StripeLocal,Lexical,Hybrid,vector-similarity,0.8764708319697855,0.6,0.42857142857142855,0.15555555555555556,0.505696961260323,1,1,2,0.006200000000000001,208.76469999999998,books-genre-a=10
q001,dragons and ancient magic,Torso,StripeLocal,Lexical,Hybrid,hybrid-legs,0.992826045042387,0.9,0.8181818181818182,0.9555555555555556,0.8364263986089467,0.9552009891550426,1,2,0.006200000000000001,211.4038,books-genre-a=10
q001,dragons and ancient magic,Torso,StripeLocal,Lexical,Hybrid,idf-correct-probe,0.8172368810061005,0.8,0.6666666666666666,0.3333333333333333,0.539312794064668,0.9513467899190737,1,2,0.006200000000000001,208.6248,books-genre-a=10
q001,dragons and ancient magic,Torso,StripeLocal,Lexical,Hybrid,idf-correct-sidecar,0.8172368810061005,0.8,0.6666666666666666,0.3333333333333333,0.539312794064668,0.9513467899190737,1,2,0.006200000000000001,208.613,books-genre-a=10
q001,dragons and ancient magic,Torso,StripeLocal,Lexical,Hybrid,global-bm25,0.9676961282888391,0.7,0.5384615384615384,0.5555555555555556,0.7061771762138268,0.9513467899190737,1,2,0.006200000000000001,209.83819999999997,books-genre-a=10
q002,a young wizard learning to control his powers at a school of magic,Torso,StripeLocal,Conceptual,Hybrid,single-index,1,1,1,1,1,0.7401489724222466,1,1,0.005866667,201.7687,books-oracle2=10
q002,a young wizard learning to control his powers at a school of magic,Torso,StripeLocal,Conceptual,Hybrid,naive-score,0.810013898786631,0.6,0.42857142857142855,1,0.6311351435847615,0.5901008118747033,1,2,0.007933333,213.1297,books-genre-a=6 | books-genre-b=4
q002,a young wizard learning to control his powers at a school of magic,Torso,StripeLocal,Conceptual,Hybrid,interleave,0.7295370614061076,0.5,0.3333333333333333,1,0.5062364370024024,0.5867772269239375,1,2,0.007933333,213.1192,books-genre-a=5 | books-genre-b=5
q002,a young wizard learning to control his powers at a school of magic,Torso,StripeLocal,Conceptual,Hybrid,quota-merge,0.557934483300914,0.5,0.3333333333333333,1,0.3653885385955901,0.5287512396660952,1,2,0.007933333,213.1093,books-genre-a=5 | books-genre-b=5
q002,a young wizard learning to control his powers at a school of magic,Torso,StripeLocal,Conceptual,Hybrid,global-rrf,0.557934483300914,0.5,0.3333333333333333,1,0.3653885385955901,0.5287512396660952,1,2,0.007933333,213.1284,books-genre-a=5 | books-genre-b=5
q002,a young wizard learning to control his powers at a school of magic,Torso,StripeLocal,Conceptual,Hybrid,minmax-norm,0.5304279227104561,0.5,0.3333333333333333,0.8666666666666667,0.31154757106628517,0.5092678334808901,1,2,0.007933333,213.1525,books-genre-a=5 | books-genre-b=5
q002,a young wizard learning to control his powers at a school of magic,Torso,StripeLocal,Conceptual,Hybrid,zscore-norm,0.6783577959790357,0.5,0.3333333333333333,0.8666666666666667,0.4120656184869702,0.5556845891520475,1,2,0.007933333,213.1496,books-genre-a=5 | books-genre-b=5
q002,a young wizard learning to control his powers at a school of magic,Torso,StripeLocal,Conceptual,Hybrid,vector-similarity,0.8703332239823569,0.4,0.25,0.37777777777777777,0.5248475144382598,0.7817369501952437,1,2,0.007933333,213.121,books-genre-a=10
q002,a young wizard learning to control his powers at a school of magic,Torso,StripeLocal,Conceptual,Hybrid,hybrid-legs,0.9722969025335149,0.6,0.42857142857142855,0.7333333333333333,0.7791700164406034,0.6795228408417414,1,2,0.007933333,213.214,books-genre-a=10
q002,a young wizard learning to control his powers at a school of magic,Torso,StripeLocal,Conceptual,Hybrid,idf-correct-probe,0.9637737844289604,0.8,0.6666666666666666,0.4666666666666667,0.7046210144536516,0.5658972813290691,1,2,0.007933333,213.1628,books-genre-a=10
q002,a young wizard learning to control his powers at a school of magic,Torso,StripeLocal,Conceptual,Hybrid,idf-correct-sidecar,0.9637737844289604,0.8,0.6666666666666666,0.4666666666666667,0.7046210144536516,0.5658972813290691,1,2,0.007933333,213.1668,books-genre-a=10
q002,a young wizard learning to control his powers at a school of magic,Torso,StripeLocal,Conceptual,Hybrid,global-bm25,0.8425011515103459,0.8,0.6666666666666666,0.2,0.49500648274130415,0.5645410741824486,1,2,0.007933333,214.4804,books-genre-a=10
q003,epic fantasy quest to destroy an artifact,Torso,StripeLocal,Mixed,Hybrid,single-index,1,1,1,1,1,0.38227906111105786,1,1,0.005866667,209.4602,books-oracle2=10
q003,epic fantasy quest to destroy an artifact,Torso,StripeLocal,Mixed,Hybrid,naive-score,0.6379008110001878,0.3,0.17647058823529413,1,0.47951171307884255,0.25344230156928016,1,2,0.009616666,189.8321,books-genre-a=2 | books-genre-b=8
q003,epic fantasy quest to destroy an artifact,Torso,StripeLocal,Mixed,Hybrid,interleave,0.760274188508297,0.6,0.42857142857142855,0.7333333333333333,0.5622558497234759,0.2992751330141344,1,2,0.009616666,189.8211,books-genre-a=5 | books-genre-b=5
q003,epic fantasy quest to destroy an artifact,Torso,StripeLocal,Mixed,Hybrid,quota-merge,0.8148707032896748,0.6,0.42857142857142855,0.8666666666666667,0.6627738971441607,0.2992751330141344,1,2,0.009616666,189.8114,books-genre-a=5 | books-genre-b=5
q003,epic fantasy quest to destroy an artifact,Torso,StripeLocal,Mixed,Hybrid,global-rrf,0.8148707032896748,0.6,0.42857142857142855,0.8666666666666667,0.6627738971441607,0.2992751330141344,1,2,0.009616666,189.83100000000002,books-genre-a=5 | books-genre-b=5
q003,epic fantasy quest to destroy an artifact,Torso,StripeLocal,Mixed,Hybrid,minmax-norm,0.6877999823361407,0.4,0.25,1,0.503850092245047,0.27953778283607916,1,2,0.009616666,189.8543,books-genre-a=3 | books-genre-b=7
q003,epic fantasy quest to destroy an artifact,Torso,StripeLocal,Mixed,Hybrid,zscore-norm,0.7224086987725351,0.6,0.42857142857142855,0.6,0.4863089220448192,0.3062633872708843,1,2,0.009616666,189.9002,books-genre-a=5 | books-genre-b=5
q003,epic fantasy quest to destroy an artifact,Torso,StripeLocal,Mixed,Hybrid,vector-similarity,0.8845119825668107,0.6,0.42857142857142855,0.4666666666666667,0.5558237437902313,0.43279199742808344,1,2,0.009616666,189.8234,books-genre-a=9 | books-genre-b=1
q003,epic fantasy quest to destroy an artifact,Torso,StripeLocal,Mixed,Hybrid,hybrid-legs,0.8607969762773154,0.7,0.5384615384615384,0.8095238095238095,0.6790070347171933,0.351352080812059,1,2,0.009616666,189.9241,books-genre-a=6 | books-genre-b=4
q003,epic fantasy quest to destroy an artifact,Torso,StripeLocal,Mixed,Hybrid,idf-correct-probe,0.5689099058672256,0.3,0.17647058823529413,-0.16666666666666666,0.16550654443589355,0.3731208526454294,1,2,0.009616666,189.86010000000002,books-genre-a=8 | books-genre-b=2
q003,epic fantasy quest to destroy an artifact,Torso,StripeLocal,Mixed,Hybrid,idf-correct-sidecar,0.5689099058672256,0.3,0.17647058823529413,-0.16666666666666666,0.16550654443589355,0.3731208526454294,1,2,0.009616666,189.85660000000001,books-genre-a=8 | books-genre-b=2
q003,epic fantasy quest to destroy an artifact,Torso,StripeLocal,Mixed,Hybrid,global-bm25,0.7372616602156867,0.4,0.25,0.2,0.39172734296391626,0.5463030769861154,1,2,0.009616666,191.1577,books-genre-a=9 | books-genre-b=1
q004,vampires,Head,StripeLocal,Lexical,Hybrid,single-index,1,1,1,1,1,1,1,1,0.002316667,133.0816,books-oracle2=10
q004,vampires,Head,StripeLocal,Lexical,Hybrid,naive-score,0.5381775803492982,0.4,0.25,0.2,0.28991669246638574,1,1,2,0.001983333,112.5831,books-genre-a=4 | books-genre-b=6
q004,vampires,Head,StripeLocal,Lexical,Hybrid,interleave,0.7445419279338118,0.5,0.3333333333333333,0.4666666666666667,0.5065713902431227,1,1,2,0.001983333,112.56949999999999,books-genre-a=5 | books-genre-b=5
q004,vampires,Head,StripeLocal,Lexical,Hybrid,quota-merge,0.6054707708709925,0.5,0.3333333333333333,0.3333333333333333,0.374105722971316,1,1,2,0.001983333,112.56049999999999,books-genre-a=5 | books-genre-b=5
q004,vampires,Head,StripeLocal,Lexical,Hybrid,global-rrf,0.6054707708709925,0.5,0.3333333333333333,0.3333333333333333,0.374105722971316,1,1,2,0.001983333,112.579,books-genre-a=5 | books-genre-b=5
q004,vampires,Head,StripeLocal,Lexical,Hybrid,minmax-norm,0.6436102841369916,0.5,0.3333333333333333,0.3333333333333333,0.4534649025937275,1,1,2,0.001983333,112.602,books-genre-a=5 | books-genre-b=5
q004,vampires,Head,StripeLocal,Lexical,Hybrid,zscore-norm,0.6839317206639792,0.6,0.42857142857142855,0.42857142857142855,0.4854346262798316,1,1,2,0.001983333,112.59909999999999,books-genre-a=6 | books-genre-b=4
q004,vampires,Head,StripeLocal,Lexical,Hybrid,vector-similarity,0.7194084531705215,0.5,0.3333333333333333,0.4666666666666667,0.3994384648354702,1,1,2,0.001983333,112.5733,books-genre-a=10
q004,vampires,Head,StripeLocal,Lexical,Hybrid,hybrid-legs,0.9205391643416534,0.7,0.5384615384615384,0.6,0.6037675624591125,1,1,2,0.001983333,112.6294,books-genre-a=9 | books-genre-b=1
q004,vampires,Head,StripeLocal,Lexical,Hybrid,idf-correct-probe,0.8585095664683249,0.7,0.5384615384615384,0.6444444444444445,0.5868950696138394,1,1,2,0.001983333,112.6017,books-genre-a=10
q004,vampires,Head,StripeLocal,Lexical,Hybrid,idf-correct-sidecar,0.8585095664683249,0.7,0.5384615384615384,0.6444444444444445,0.5868950696138394,1,1,2,0.001983333,112.5942,books-genre-a=10
q004,vampires,Head,StripeLocal,Lexical,Hybrid,global-bm25,0.6606004752138748,0.4,0.25,0.42857142857142855,0.3636465301532874,1,1,2,0.001983333,114.0525,books-genre-a=7 | books-genre-b=3
q005,haunted house that torments the family living in it,Torso,StripeLocal,Conceptual,Hybrid,single-index,1,1,1,1,1,0.6731526880353855,1,1,0.0047,197.8895,books-oracle2=10
q005,haunted house that torments the family living in it,Torso,StripeLocal,Conceptual,Hybrid,naive-score,0.9413095149243408,0.6,0.42857142857142855,0.5111111111111111,0.6596990687522972,0.7380939740838752,1,2,0.008483333,210.9296,books-genre-a=5 | books-genre-b=5
q005,haunted house that torments the family living in it,Torso,StripeLocal,Conceptual,Hybrid,interleave,0.9132299158070878,0.6,0.42857142857142855,0.3333333333333333,0.5802443658242417,0.7518374386558363,1,2,0.008483333,210.9159,books-genre-a=5 | books-genre-b=5
q005,haunted house that torments the family living in it,Torso,StripeLocal,Conceptual,Hybrid,quota-merge,0.9014667476295323,0.6,0.42857142857142855,0.24444444444444444,0.5399145148381146,0.7605560208155445,1,2,0.008483333,210.90519999999998,books-genre-a=5 | books-genre-b=5
q005,haunted house that torments the family living in it,Torso,StripeLocal,Conceptual,Hybrid,global-rrf,0.9014667476295323,0.6,0.42857142857142855,0.24444444444444444,0.5399145148381146,0.7605560208155445,1,2,0.008483333,210.92479999999998,books-genre-a=5 | books-genre-b=5
q005,haunted house that torments the family living in it,Torso,StripeLocal,Conceptual,Hybrid,minmax-norm,0.9120265074483151,0.6,0.42857142857142855,0.28888888888888886,0.5726130213043421,0.748466552802194,1,2,0.008483333,210.9484,books-genre-a=5 | books-genre-b=5
q005,haunted house that torments the family living in it,Torso,StripeLocal,Conceptual,Hybrid,zscore-norm,0.7932998182771135,0.6,0.42857142857142855,0.2,0.46728722683612056,0.7948833084733515,1,2,0.008483333,210.9453,books-genre-a=5 | books-genre-b=5
q005,haunted house that torments the family living in it,Torso,StripeLocal,Conceptual,Hybrid,vector-similarity,0.8634107409167966,0.6,0.42857142857142855,0.5555555555555556,0.5218283157750151,0.8664852524325113,1,2,0.008483333,210.9158,books-genre-a=8 | books-genre-b=2
q005,haunted house that torments the family living in it,Torso,StripeLocal,Conceptual,Hybrid,hybrid-legs,0.9843367807711394,0.8,0.6666666666666666,0.7333333333333333,0.7852956233731403,0.7380939740838752,1,2,0.008483333,211.0013,books-genre-a=8 | books-genre-b=2
q005,haunted house that torments the family living in it,Torso,StripeLocal,Conceptual,Hybrid,idf-correct-probe,0.7942797752365092,0.4,0.25,0.37777777777777777,0.37471268051063145,0.4073994878193981,1,2,0.008483333,210.9603,books-genre-a=9 | books-genre-b=1
q005,haunted house that torments the family living in it,Torso,StripeLocal,Conceptual,Hybrid,idf-correct-sidecar,0.7961143813900421,0.4,0.25,0.4222222222222222,0.37952042755816817,0.40130546040942294,1,2,0.008483333,210.9529,books-genre-a=9 | books-genre-b=1
q005,haunted house that torments the family living in it,Torso,StripeLocal,Conceptual,Hybrid,global-bm25,0.44672004594969505,0.4,0.25,-0.2857142857142857,0.19747461349312923,0.6421187804427897,1,2,0.008483333,212.23499999999999,books-genre-a=8 | books-genre-b=2
q006,generation starship colonists who forget they are on a ship,Tail,StripeLocal,Conceptual,Hybrid,single-index,1,1,1,1,1,0.7081395126769074,1,1,0.005866667,238.3531,books-oracle2=10
q006,generation starship colonists who forget they are on a ship,Tail,StripeLocal,Conceptual,Hybrid,naive-score,0.9420700507683339,0.7,0.5384615384615384,0.5555555555555556,0.693693306620544,0.5677190002952366,1,2,0.008483333,208.3381,books-genre-a=7 | books-genre-b=3
q006,generation starship colonists who forget they are on a ship,Tail,StripeLocal,Conceptual,Hybrid,interleave,0.8122809632136329,0.5,0.3333333333333333,0.21428571428571427,0.5067832189970948,0.35782309687105457,1,2,0.008483333,208.3269,books-genre-a=5 | books-genre-b=5
q006,generation starship colonists who forget they are on a ship,Tail,StripeLocal,Conceptual,Hybrid,quota-merge,0.6744466869618005,0.5,0.3333333333333333,0,0.36593532059028244,0.3062362856517581,1,2,0.008483333,208.31900000000002,books-genre-a=5 | books-genre-b=5
q006,generation starship colonists who forget they are on a ship,Tail,StripeLocal,Conceptual,Hybrid,global-rrf,0.6744466869618005,0.5,0.3333333333333333,0,0.36593532059028244,0.3062362856517581,1,2,0.008483333,208.3365,books-genre-a=5 | books-genre-b=5
q006,generation starship colonists who forget they are on a ship,Tail,StripeLocal,Conceptual,Hybrid,minmax-norm,0.7839313859186571,0.7,0.5384615384615384,0.3333333333333333,0.5016026030650027,0.48078835206884846,1,2,0.008483333,208.36,books-genre-a=7 | books-genre-b=3
q006,generation starship colonists who forget they are on a ship,Tail,StripeLocal,Conceptual,Hybrid,zscore-norm,0.684941490108201,0.7,0.5384615384615384,-0.022222222222222223,0.3347371014943363,0.4115915022512883,1,2,0.008483333,208.3571,books-genre-a=7 | books-genre-b=3
q006,generation starship colonists who forget they are on a ship,Tail,StripeLocal,Conceptual,Hybrid,vector-similarity,0.8383197433024726,0.6,0.42857142857142855,0.28888888888888886,0.4564822911212947,0.40596319837399014,1,2,0.008483333,208.3283,books-genre-a=10
q006,generation starship colonists who forget they are on a ship,Tail,StripeLocal,Conceptual,Hybrid,hybrid-legs,0.9848970701237831,0.8,0.6666666666666666,0.9111111111111111,0.8005936406170097,0.6041489594636472,1,2,0.008483333,208.4121,books-genre-a=10
q006,generation starship colonists who forget they are on a ship,Tail,StripeLocal,Conceptual,Hybrid,idf-correct-probe,0.8630199625356547,0.6,0.42857142857142855,0.4222222222222222,0.5127340196626966,0.6198953150484586,1,2,0.008483333,208.3698,books-genre-a=9 | books-genre-b=1
q006,generation starship colonists who forget they are on a ship,Tail,StripeLocal,Conceptual,Hybrid,idf-correct-sidecar,0.8489727945944685,0.5,0.3333333333333333,0.5555555555555556,0.4830478091473698,0.5696063585042228,1,2,0.008483333,208.3657,books-genre-a=8 | books-genre-b=2
q006,generation starship colonists who forget they are on a ship,Tail,StripeLocal,Conceptual,Hybrid,global-bm25,0.7582770527096977,0.8,0.6666666666666666,0.6,0.5379072464222276,0.8274674089273993,1,2,0.008483333,209.6561,books-genre-a=10
q007,artificial intelligence becomes self aware,Torso,StripeLocal,Mixed,Hybrid,single-index,1,1,1,1,1,0.49415485279633675,1,1,0.0053,211.0174,books-oracle2=10
q007,artificial intelligence becomes self aware,Torso,StripeLocal,Mixed,Hybrid,naive-score,0.9843400415132088,0.9,0.8181818181818182,0.6444444444444445,0.742186912137194,0.424327742171967,1,2,0.008483333,197.7839,books-genre-a=4 | books-genre-b=6
q007,artificial intelligence becomes self aware,Torso,StripeLocal,Mixed,Hybrid,interleave,0.9405176785208564,1,1,0.7777777777777778,0.6951616954216573,0.5789493177134168,1,2,0.008483333,197.7705,books-genre-a=5 | books-genre-b=5
q007,artificial intelligence becomes self aware,Torso,StripeLocal,Mixed,Hybrid,quota-merge,0.9444483494944514,1,1,0.8222222222222222,0.7278602018878849,0.574373225359619,1,2,0.008483333,197.76039999999998,books-genre-a=5 | books-genre-b=5
q007,artificial intelligence becomes self aware,Torso,StripeLocal,Mixed,Hybrid,global-rrf,0.9444483494944514,1,1,0.8222222222222222,0.7278602018878849,0.574373225359619,1,2,0.008483333,197.77939999999998,books-genre-a=5 | books-genre-b=5
q007,artificial intelligence becomes self aware,Torso,StripeLocal,Mixed,Hybrid,minmax-norm,0.938238806910918,0.9,0.8181818181818182,0.7777777777777778,0.7002213254727967,0.5136885379214928,1,2,0.008483333,197.8225,books-genre-a=4 | books-genre-b=6
q007,artificial intelligence becomes self aware,Torso,StripeLocal,Mixed,Hybrid,zscore-norm,0.938238806910918,0.9,0.8181818181818182,0.7777777777777778,0.7002213254727967,0.5136885379214928,1,2,0.008483333,197.8005,books-genre-a=4 | books-genre-b=6
q007,artificial intelligence becomes self aware,Torso,StripeLocal,Mixed,Hybrid,vector-similarity,0.6949537398747138,0.3,0.17647058823529413,0.8222222222222222,0.309903268580928,0.4100676878374473,1,2,0.008483333,197.7689,books-genre-a=7 | books-genre-b=3
q007,artificial intelligence becomes self aware,Torso,StripeLocal,Mixed,Hybrid,hybrid-legs,0.9728017933630639,0.7,0.5384615384615384,0.7777777777777778,0.7123922037397257,0.5474612090160387,1,2,0.008483333,197.83589999999998,books-genre-a=7 | books-genre-b=3
q007,artificial intelligence becomes self aware,Torso,StripeLocal,Mixed,Hybrid,idf-correct-probe,0.7054040770433453,0.4,0.25,0.1111111111111111,0.29092304722369144,0.4364171098548078,1,2,0.008483333,197.81199999999998,books-genre-a=6 | books-genre-b=4
q007,artificial intelligence becomes self aware,Torso,StripeLocal,Mixed,Hybrid,idf-correct-sidecar,0.7054040770433453,0.4,0.25,0.1111111111111111,0.29092304722369144,0.4364171098548078,1,2,0.008483333,197.808,books-genre-a=6 | books-genre-b=4
q007,artificial intelligence becomes self aware,Torso,StripeLocal,Mixed,Hybrid,global-bm25,0.5410020842286001,0.3,0.17647058823529413,0.2,0.20897290322393994,0.591743448626601,1,2,0.008483333,199.1136,books-genre-a=7 | books-genre-b=3
q008,hard science fiction about terraforming Mars,Tail,StripeLocal,Mixed,Hybrid,single-index,1,1,1,1,1,0.9378853503040981,1,1,0.005866667,201.2199,books-oracle2=10
q008,hard science fiction about terraforming Mars,Tail,StripeLocal,Mixed,Hybrid,naive-score,0.8580537585373652,0.8,0.6666666666666666,0.6111111111111112,0.5865309205569795,0.8980123774524449,1,2,0.011833334000000001,230.21869999999998,books-genre-a=7 | books-genre-b=3
q008,hard science fiction about terraforming Mars,Tail,StripeLocal,Mixed,Hybrid,interleave,0.752280986787896,0.6,0.42857142857142855,0.35714285714285715,0.42802354955998057,0.7814181578882355,1,2,0.011833334000000001,230.20759999999999,books-genre-a=5 | books-genre-b=5
q008,hard science fiction about terraforming Mars,Tail,StripeLocal,Mixed,Hybrid,quota-merge,0.7348220310138168,0.6,0.42857142857142855,0.21428571428571427,0.4232158025124439,0.632334473175037,1,2,0.011833334000000001,230.2287,books-genre-a=5 | books-genre-b=5
q008,hard science fiction about terraforming Mars,Tail,StripeLocal,Mixed,Hybrid,global-rrf,0.7348220310138168,0.6,0.42857142857142855,0.21428571428571427,0.4232158025124439,0.632334473175037,1,2,0.011833334000000001,230.2179,books-genre-a=5 | books-genre-b=5
q008,hard science fiction about terraforming Mars,Tail,StripeLocal,Mixed,Hybrid,minmax-norm,0.7984080983767364,0.8,0.6666666666666666,0.4444444444444444,0.5042654427771796,0.6667176656350485,1,2,0.011833334000000001,230.2411,books-genre-a=7 | books-genre-b=3
q008,hard science fiction about terraforming Mars,Tail,StripeLocal,Mixed,Hybrid,zscore-norm,0.6686109954404298,0.7,0.5384615384615384,0.14285714285714285,0.357369736159566,0.4923280553747743,1,2,0.011833334000000001,230.2371,books-genre-a=6 | books-genre-b=4
q008,hard science fiction about terraforming Mars,Tail,StripeLocal,Mixed,Hybrid,vector-similarity,0.9397012389830565,0.7,0.5384615384615384,0.5111111111111111,0.6255218435266233,0.9420048818715387,1,2,0.011833334000000001,230.2074,books-genre-a=9 | books-genre-b=1
q008,hard science fiction about terraforming Mars,Tail,StripeLocal,Mixed,Hybrid,hybrid-legs,0.9969319307127558,1,1,0.7333333333333333,0.8069174481995998,0.9322680353788434,1,2,0.011833334000000001,230.2689,books-genre-a=9 | books-genre-b=1
q008,hard science fiction about terraforming Mars,Tail,StripeLocal,Mixed,Hybrid,idf-correct-probe,0.8443200866717918,0.5,0.3333333333333333,0.7333333333333333,0.518640106334553,0.8781474528063019,1,2,0.011833334000000001,230.2478,books-genre-a=9 | books-genre-b=1
q008,hard science fiction about terraforming Mars,Tail,StripeLocal,Mixed,Hybrid,idf-correct-sidecar,0.8443200866717918,0.5,0.3333333333333333,0.7333333333333333,0.518640106334553,0.8781474528063019,1,2,0.011833334000000001,230.2448,books-genre-a=9 | books-genre-b=1
q008,hard science fiction about terraforming Mars,Tail,StripeLocal,Mixed,Hybrid,global-bm25,0.9245653602402735,0.5,0.3333333333333333,0.6,0.668213580152235,0.9640837204541367,1,2,0.011833334000000001,231.5773,books-genre-a=9 | books-genre-b=1
q009,cyberpunk hacker corporate dystopia,Torso,StripeLocal,Lexical,Hybrid,single-index,1,1,1,1,1,0.94546789582947,1,1,0.00175,126.3363,books-oracle2=10
q009,cyberpunk hacker corporate dystopia,Torso,StripeLocal,Lexical,Hybrid,naive-score,0.7658136204383712,0.6,0.42857142857142855,0.06666666666666667,0.40948415164570684,0.5270410519537537,1,2,0.0039,89.98649999999999,books-genre-a=5 | books-genre-b=5
q009,cyberpunk hacker corporate dystopia,Torso,StripeLocal,Lexical,Hybrid,interleave,0.8265835291959699,0.6,0.42857142857142855,0.37777777777777777,0.4586467333619121,0.6184847822649917,1,2,0.0039,89.97,books-genre-a=5 | books-genre-b=5
q009,cyberpunk hacker corporate dystopia,Torso,StripeLocal,Lexical,Hybrid,quota-merge,0.8258036807092909,0.6,0.42857142857142855,0.3333333333333333,0.45383898631437547,0.6162275520460455,1,2,0.0039,89.9622,books-genre-a=5 | books-genre-b=5
q009,cyberpunk hacker corporate dystopia,Torso,StripeLocal,Lexical,Hybrid,global-rrf,0.8258036807092909,0.6,0.42857142857142855,0.3333333333333333,0.45383898631437547,0.6162275520460455,1,2,0.0039,89.9794,books-genre-a=5 | books-genre-b=5
q009,cyberpunk hacker corporate dystopia,Torso,StripeLocal,Lexical,Hybrid,minmax-norm,0.816385655801964,0.6,0.42857142857142855,0.1111111111111111,0.40948415164570684,0.59666618546049,1,2,0.0039,90.0011,books-genre-a=5 | books-genre-b=5
q009,cyberpunk hacker corporate dystopia,Torso,StripeLocal,Lexical,Hybrid,zscore-norm,0.6173078064355204,0.4,0.25,0.05555555555555555,0.1959900486402927,0.3375675784164983,1,2,0.0039,90,books-genre-a=3 | books-genre-b=7
q009,cyberpunk hacker corporate dystopia,Torso,StripeLocal,Lexical,Hybrid,vector-similarity,0.8950412342248841,0.8,0.6666666666666666,0.28888888888888886,0.5615511746396479,0.8992570819408976,1,2,0.0039,89.9705,books-genre-a=10
q009,cyberpunk hacker corporate dystopia,Torso,StripeLocal,Lexical,Hybrid,hybrid-legs,0.9974230346778794,1,1,0.6888888888888889,0.8176055178221199,0.9270201848786105,1,2,0.0039,90.06569999999999,books-genre-a=9 | books-genre-b=1
q009,cyberpunk hacker corporate dystopia,Torso,StripeLocal,Lexical,Hybrid,idf-correct-probe,0.9196769442868935,0.7,0.5384615384615384,0.3333333333333333,0.5824556761090275,0.8323218380274555,1,2,0.0039,90.012,books-genre-a=9 | books-genre-b=1
q009,cyberpunk hacker corporate dystopia,Torso,StripeLocal,Lexical,Hybrid,idf-correct-sidecar,0.8954198852759948,0.6,0.42857142857142855,0.37777777777777777,0.5426832629291068,0.7651233217600195,1,2,0.0039,90.0033,books-genre-a=8 | books-genre-b=2
q009,cyberpunk hacker corporate dystopia,Torso,StripeLocal,Lexical,Hybrid,global-bm25,0.8015645799854049,0.6,0.42857142857142855,-0.022222222222222223,0.4126630029239153,0.9206500320722545,1,2,0.0039,91.3743,books-genre-a=10
q010,a locked room murder that seems impossible to have committed,Tail,StripeLocal,Conceptual,Hybrid,single-index,1,1,1,1,1,0.6542594646677912,1,1,0.0053,202.6658,books-oracle2=10
q010,a locked room murder that seems impossible to have committed,Tail,StripeLocal,Conceptual,Hybrid,naive-score,0.8822860896631053,0.8,0.6666666666666666,0.3888888888888889,0.6022794761309734,0.6055576894077713,1,2,0.009,186.8237,books-genre-a=5 | books-genre-b=5
q010,a locked room murder that seems impossible to have committed,Tail,StripeLocal,Conceptual,Hybrid,interleave,0.8350717348271537,0.8,0.6666666666666666,0.5555555555555556,0.5933187947936566,0.6884504251857196,1,2,0.009,186.8084,books-genre-a=5 | books-genre-b=5
q010,a locked room murder that seems impossible to have committed,Tail,StripeLocal,Conceptual,Hybrid,quota-merge,0.8479188498192893,0.8,0.6666666666666666,0.5555555555555556,0.6024609423671626,0.6678752932102296,1,2,0.009,186.8005,books-genre-a=5 | books-genre-b=5
q010,a locked room murder that seems impossible to have committed,Tail,StripeLocal,Conceptual,Hybrid,global-rrf,0.8479188498192893,0.8,0.6666666666666666,0.5555555555555556,0.6024609423671626,0.6678752932102296,1,2,0.009,186.8178,books-genre-a=5 | books-genre-b=5
q010,a locked room murder that seems impossible to have committed,Tail,StripeLocal,Conceptual,Hybrid,minmax-norm,0.8519448570797156,0.8,0.6666666666666666,0.5555555555555556,0.6204586675972416,0.672001666092515,1,2,0.009,186.8414,books-genre-a=5 | books-genre-b=5
q010,a locked room murder that seems impossible to have committed,Tail,StripeLocal,Conceptual,Hybrid,zscore-norm,0.8778456114963625,0.8,0.6666666666666666,0.3333333333333333,0.579152314941017,0.5965379249965638,1,2,0.009,186.8395,books-genre-a=5 | books-genre-b=5
q010,a locked room murder that seems impossible to have committed,Tail,StripeLocal,Conceptual,Hybrid,vector-similarity,0.748797072529442,0.5,0.3333333333333333,0.06666666666666667,0.3950349878940459,0.7522720797479413,1,2,0.009,186.8397,books-genre-a=8 | books-genre-b=2
q010,a locked room murder that seems impossible to have committed,Tail,StripeLocal,Conceptual,Hybrid,hybrid-legs,0.9785606924700008,0.7,0.5384615384615384,0.8666666666666667,0.7908927771750687,0.617930842007956,1,2,0.009,186.897,books-genre-a=6 | books-genre-b=4
q010,a locked room murder that seems impossible to have committed,Tail,StripeLocal,Conceptual,Hybrid,idf-correct-probe,0.7978098318730081,0.7,0.5384615384615384,-0.06666666666666667,0.41397360544020345,0.6411600154484759,1,2,0.009,186.8564,books-genre-a=6 | books-genre-b=4
q010,a locked room murder that seems impossible to have committed,Tail,StripeLocal,Conceptual,Hybrid,idf-correct-sidecar,0.7847077405389569,0.6,0.42857142857142855,0.2,0.4095263505310063,0.566548731354966,1,2,0.009,186.84799999999998,books-genre-a=5 | books-genre-b=5
q010,a locked room murder that seems impossible to have committed,Tail,StripeLocal,Conceptual,Hybrid,global-bm25,0.8537506301938151,0.6,0.42857142857142855,0.3333333333333333,0.5380535308891716,0.6606715232052534,1,2,0.009,188.1224,books-genre-a=5 | books-genre-b=5
q011,detective investigating a serial killer,Torso,StripeLocal,Mixed,Hybrid,single-index,1,1,1,1,1,0.9404875240541909,1,1,0.0047,194.8329,books-oracle2=10
q011,detective investigating a serial killer,Torso,StripeLocal,Mixed,Hybrid,naive-score,0.5780310483236414,0.5,0.3333333333333333,-0.047619047619047616,0.285729381135997,0.9007619020868619,1,2,0.005083333000000001,175.8267,books-genre-a=5 | books-genre-b=5
q011,detective investigating a serial killer,Torso,StripeLocal,Mixed,Hybrid,interleave,0.7938369319478294,0.5,0.3333333333333333,0.23809523809523808,0.5112600040187014,0.9188462530413559,1,2,0.005083333000000001,175.81369999999998,books-genre-a=5 | books-genre-b=5
q011,detective investigating a serial killer,Torso,StripeLocal,Mixed,Hybrid,quota-merge,0.7846107765599055,0.5,0.3333333333333333,0.23809523809523808,0.4904386813162597,0.9149920538053871,1,2,0.005083333000000001,175.80509999999998,books-genre-a=5 | books-genre-b=5
q011,detective investigating a serial killer,Torso,StripeLocal,Mixed,Hybrid,global-rrf,0.7846107765599055,0.5,0.3333333333333333,0.23809523809523808,0.4904386813162597,0.9149920538053871,1,2,0.005083333000000001,175.82209999999998,books-genre-a=5 | books-genre-b=5
q011,detective investigating a serial killer,Torso,StripeLocal,Mixed,Hybrid,minmax-norm,0.8390544639369342,0.6,0.42857142857142855,0.2857142857142857,0.5464158140418637,0.9552009891550426,1,2,0.005083333000000001,175.84609999999998,books-genre-a=6 | books-genre-b=4
q011,detective investigating a serial killer,Torso,StripeLocal,Mixed,Hybrid,zscore-norm,0.6598788959849418,0.6,0.42857142857142855,0.07142857142857142,0.36033479429574283,0.9513467899190737,1,2,0.005083333000000001,175.8433,books-genre-a=6 | books-genre-b=4
q011,detective investigating a serial killer,Torso,StripeLocal,Mixed,Hybrid,vector-similarity,0.6423672762099684,0.6,0.42857142857142855,-0.24444444444444444,0.2107332438801817,0.8739538196954277,1,2,0.005083333000000001,175.8155,books-genre-a=10
q011,detective investigating a serial killer,Torso,StripeLocal,Mixed,Hybrid,hybrid-legs,0.9758766862578152,0.8,0.6666666666666666,0.7333333333333333,0.7783089848539172,0.9432106656105237,1,2,0.005083333000000001,175.8987,books-genre-a=9 | books-genre-b=1
q011,detective investigating a serial killer,Torso,StripeLocal,Mixed,Hybrid,idf-correct-probe,0.9187289828799596,0.6,0.42857142857142855,0.7333333333333333,0.6254969880955625,0.9432106656105237,1,2,0.005083333000000001,175.85729999999998,books-genre-a=10
q011,detective investigating a serial killer,Torso,StripeLocal,Mixed,Hybrid,idf-correct-sidecar,0.9174362427940547,0.6,0.42857142857142855,0.6888888888888889,0.6251515084317775,0.94546789582947,1,2,0.005083333000000001,175.8484,books-genre-a=9 | books-genre-b=1
q011,detective investigating a serial killer,Torso,StripeLocal,Mixed,Hybrid,global-bm25,0.6302049258558686,0.5,0.3333333333333333,-0.1111111111111111,0.2887654467397765,1,1,2,0.005083333000000001,177.1195,books-genre-a=9 | books-genre-b=1
q012,espionage thriller cold war spy,Torso,StripeLocal,Lexical,Hybrid,single-index,1,1,1,1,1,0.7616623806065308,1,1,0.0047,198.7241,books-oracle2=10
q012,espionage thriller cold war spy,Torso,StripeLocal,Lexical,Hybrid,naive-score,0.9002807290123805,0.7,0.5384615384615384,0.5,0.6084289125293925,0.650904783053138,1,2,0.009566666,182.3288,books-genre-a=6 | books-genre-b=4
q012,espionage thriller cold war spy,Torso,StripeLocal,Lexical,Hybrid,interleave,0.8454808211612153,0.6,0.42857142857142855,0.35714285714285715,0.5374298602070047,0.6386270574685241,1,2,0.009566666,182.3134,books-genre-a=5 | books-genre-b=5
q012,espionage thriller cold war spy,Torso,StripeLocal,Lexical,Hybrid,quota-merge,0.8372737075683993,0.6,0.42857142857142855,0.35714285714285715,0.5194321349769256,0.6370300884515013,1,2,0.009566666,182.305,books-genre-a=5 | books-genre-b=5
q012,espionage thriller cold war spy,Torso,StripeLocal,Lexical,Hybrid,global-rrf,0.8372737075683993,0.6,0.42857142857142855,0.35714285714285715,0.5194321349769256,0.6370300884515013,1,2,0.009566666,182.32319999999999,books-genre-a=5 | books-genre-b=5
q012,espionage thriller cold war spy,Torso,StripeLocal,Lexical,Hybrid,minmax-norm,0.8838186377678641,0.7,0.5384615384615384,0.3333333333333333,0.5581618785358511,0.6273023252564041,1,2,0.009566666,182.3468,books-genre-a=6 | books-genre-b=4
q012,espionage thriller cold war spy,Torso,StripeLocal,Lexical,Hybrid,zscore-norm,0.7293223052541428,0.6,0.42857142857142855,0.21428571428571427,0.40977193998273465,0.5559240507222256,1,2,0.009566666,182.3675,books-genre-a=5 | books-genre-b=5
q012,espionage thriller cold war spy,Torso,StripeLocal,Lexical,Hybrid,vector-similarity,0.9351802651500685,0.5,0.3333333333333333,0.7333333333333333,0.6639237587639425,1,1,2,0.009566666,182.3179,books-genre-a=10
q012,espionage thriller cold war spy,Torso,StripeLocal,Lexical,Hybrid,hybrid-legs,0.9903359868881585,0.9,0.8181818181818182,0.8666666666666667,0.7975702670031769,0.7627860092244115,1,2,0.009566666,182.3735,books-genre-a=9 | books-genre-b=1
q012,espionage thriller cold war spy,Torso,StripeLocal,Lexical,Hybrid,idf-correct-probe,0.9493404140721391,0.8,0.6666666666666666,0.6444444444444445,0.6687017349796402,0.6004411205676022,1,2,0.009566666,182.3574,books-genre-a=7 | books-genre-b=3
q012,espionage thriller cold war spy,Torso,StripeLocal,Lexical,Hybrid,idf-correct-sidecar,0.9493404140721391,0.8,0.6666666666666666,0.6444444444444445,0.6687017349796402,0.6004411205676022,1,2,0.009566666,182.3505,books-genre-a=7 | books-genre-b=3
q012,espionage thriller cold war spy,Torso,StripeLocal,Lexical,Hybrid,global-bm25,0.9463790532623555,0.8,0.6666666666666666,0.6888888888888889,0.6618294428703645,0.6873188903937172,1,2,0.009566666,185.1345,books-genre-a=9 | books-genre-b=1
q013,teenagers forced to compete in a deadly televised game,Tail,StripeLocal,Conceptual,Hybrid,single-index,1,1,1,1,1,0.5414178352565099,1,1,0.005866667,198.0865,books-oracle2=10
q013,teenagers forced to compete in a deadly televised game,Tail,StripeLocal,Conceptual,Hybrid,naive-score,0.6702584244978074,0.7,0.5384615384615384,0.9047619047619048,0.5349311492406517,0.4236739013689804,1,2,0.009,213.5353,books-genre-a=6 | books-genre-b=4
q013,teenagers forced to compete in a deadly televised game,Tail,StripeLocal,Conceptual,Hybrid,interleave,0.7704976103488667,0.6,0.42857142857142855,0.6,0.5588915106763055,0.4958020358134857,1,2,0.009,213.5208,books-genre-a=5 | books-genre-b=5
q013,teenagers forced to compete in a deadly televised game,Tail,StripeLocal,Conceptual,Hybrid,quota-merge,0.7686423218482435,0.6,0.42857142857142855,0.6,0.5540837636287688,0.4946734207040126,1,2,0.009,213.5119,books-genre-a=5 | books-genre-b=5
q013,teenagers forced to compete in a deadly televised game,Tail,StripeLocal,Conceptual,Hybrid,global-rrf,0.7686423218482435,0.6,0.42857142857142855,0.6,0.5540837636287688,0.4946734207040126,1,2,0.009,213.5311,books-genre-a=5 | books-genre-b=5
q013,teenagers forced to compete in a deadly televised game,Tail,StripeLocal,Conceptual,Hybrid,minmax-norm,0.8181882977663869,0.7,0.5384615384615384,0.9047619047619048,0.6354491966613366,0.49329903487571664,1,2,0.009,213.5567,books-genre-a=6 | books-genre-b=4
q013,teenagers forced to compete in a deadly televised game,Tail,StripeLocal,Conceptual,Hybrid,zscore-norm,0.5749272173705039,0.7,0.5384615384615384,0.5238095238095238,0.3576992669598056,0.41076084179692623,1,2,0.009,213.5519,books-genre-a=6 | books-genre-b=4
q013,teenagers forced to compete in a deadly televised game,Tail,StripeLocal,Conceptual,Hybrid,vector-similarity,0.48140695076366746,0.3,0.17647058823529413,0.5,0.21476978783156325,0.5196112874813613,1,2,0.009,213.5207,books-genre-a=9 | books-genre-b=1
q013,teenagers forced to compete in a deadly televised game,Tail,StripeLocal,Conceptual,Hybrid,hybrid-legs,0.9835083126736841,0.7,0.5384615384615384,0.8222222222222222,0.7959966594007614,0.6384734485737752,1,2,0.009,213.5889,books-genre-a=9 | books-genre-b=1
q013,teenagers forced to compete in a deadly televised game,Tail,StripeLocal,Conceptual,Hybrid,idf-correct-probe,0.7122380676109589,0.3,0.17647058823529413,0.6888888888888889,0.3517809797506965,0.7510962635159087,1,2,0.009,213.5658,books-genre-a=9 | books-genre-b=1
q013,teenagers forced to compete in a deadly televised game,Tail,StripeLocal,Conceptual,Hybrid,idf-correct-sidecar,0.7122461161568191,0.3,0.17647058823529413,0.7333333333333333,0.3517809797506965,0.7484628282604714,1,2,0.009,213.6061,books-genre-a=9 | books-genre-b=1
q013,teenagers forced to compete in a deadly televised game,Tail,StripeLocal,Conceptual,Hybrid,global-bm25,0.8721866936282867,0.5,0.3333333333333333,0.6428571428571429,0.5964761887351189,0.5812194389157909,1,2,0.009,214.838,books-genre-a=8 | books-genre-b=2
q014,picture book about a bear,Torso,StripeLocal,Mixed,Hybrid,single-index,1,1,1,1,1,1,1,1,0.0053,204.2397,books-oracle2=10
q014,picture book about a bear,Torso,StripeLocal,Mixed,Hybrid,naive-score,0.6099840556332173,0.7,0.5384615384615384,0.9047619047619048,0.40653874913647176,0.6222365075329175,1,2,0.010116666,187.8834,books-genre-a=7 | books-genre-b=3
q014,picture book about a bear,Torso,StripeLocal,Mixed,Hybrid,interleave,0.7053104951434306,0.5,0.3333333333333333,1,0.5062118724963371,0.5882775995343625,1,2,0.010116666,187.8718,books-genre-a=5 | books-genre-b=5
q014,picture book about a bear,Torso,StripeLocal,Mixed,Hybrid,quota-merge,0.5306234145543636,0.5,0.3333333333333333,1,0.3577326295696254,0.4948970439625356,1,2,0.010116666,187.8629,books-genre-a=5 | books-genre-b=5
q014,picture book about a bear,Torso,StripeLocal,Mixed,Hybrid,global-rrf,0.5306234145543636,0.5,0.3333333333333333,1,0.3577326295696254,0.4948970439625356,1,2,0.010116666,187.8815,books-genre-a=5 | books-genre-b=5
q014,picture book about a bear,Torso,StripeLocal,Mixed,Hybrid,minmax-norm,0.6099840556332173,0.7,0.5384615384615384,0.9047619047619048,0.40653874913647176,0.6222365075329175,1,2,0.010116666,187.9049,books-genre-a=7 | books-genre-b=3
q014,picture book about a bear,Torso,StripeLocal,Mixed,Hybrid,zscore-norm,0.45419819804727835,0.6,0.42857142857142855,0.8666666666666667,0.24997672448864822,0.48749071519143644,1,2,0.010116666,187.90099999999998,books-genre-a=6 | books-genre-b=4
q014,picture book about a bear,Torso,StripeLocal,Mixed,Hybrid,vector-similarity,0.7719671131154064,0.9,0.8181818181818182,-0.15555555555555556,0.4118955482909861,1,1,2,0.010116666,187.8733,books-genre-a=10
q014,picture book about a bear,Torso,StripeLocal,Mixed,Hybrid,hybrid-legs,0.9880811717522393,1,1,0.6,0.7367540387236672,1,1,2,0.010116666,187.9543,books-genre-a=10
q014,picture book about a bear,Torso,StripeLocal,Mixed,Hybrid,idf-correct-probe,0.8816394202640915,0.8,0.6666666666666666,0.4666666666666667,0.6221225563541863,1,1,2,0.010116666,187.9134,books-genre-a=10
q014,picture book about a bear,Torso,StripeLocal,Mixed,Hybrid,idf-correct-sidecar,0.8816394202640915,0.8,0.6666666666666666,0.4666666666666667,0.6221225563541863,1,1,2,0.010116666,187.9054,books-genre-a=10
q014,picture book about a bear,Torso,StripeLocal,Mixed,Hybrid,global-bm25,0.8567857793295816,0.6,0.42857142857142855,0.6,0.5740621445129459,1,1,2,0.010116666,189.233,books-genre-a=10
q015,graphic novel superhero origin,Torso,StripeLocal,Lexical,Hybrid,single-index,1,1,1,1,1,0.7071651221622024,1,1,0.0053,205.1389,books-oracle2=10
q015,graphic novel superhero origin,Torso,StripeLocal,Lexical,Hybrid,naive-score,0.5976036037219564,0.6,0.42857142857142855,0.07142857142857142,0.28165826113449965,0.4198844013899578,1,2,0.008483333,210.0257,books-genre-a=6 | books-genre-b=4
q015,graphic novel superhero origin,Torso,StripeLocal,Lexical,Hybrid,interleave,0.7857879374657526,0.5,0.3333333333333333,0.23809523809523808,0.5063840168172264,0.5515463283686683,1,2,0.008483333,210.0077,books-genre-a=5 | books-genre-b=5
q015,graphic novel superhero origin,Torso,StripeLocal,Lexical,Hybrid,quota-merge,0.6489049815580641,0.5,0.3333333333333333,0.047619047619047616,0.3710947520730571,0.46273097591986007,1,2,0.008483333,209.99869999999999,books-genre-a=5 | books-genre-b=5
q015,graphic novel superhero origin,Torso,StripeLocal,Lexical,Hybrid,global-rrf,0.6489049815580641,0.5,0.3333333333333333,0.047619047619047616,0.3710947520730571,0.46273097591986007,1,2,0.008483333,210.0169,books-genre-a=5 | books-genre-b=5
q015,graphic novel superhero origin,Torso,StripeLocal,Lexical,Hybrid,minmax-norm,0.6840343082961698,0.6,0.42857142857142855,0.14285714285714285,0.3822431530567193,0.46796546071231276,1,2,0.008483333,210.0393,books-genre-a=6 | books-genre-b=4
q015,graphic novel superhero origin,Torso,StripeLocal,Lexical,Hybrid,zscore-norm,0.5976036037219564,0.6,0.42857142857142855,0.07142857142857142,0.28165826113449965,0.4198844013899578,1,2,0.008483333,210.0368,books-genre-a=6 | books-genre-b=4
q015,graphic novel superhero origin,Torso,StripeLocal,Lexical,Hybrid,vector-similarity,0.8570219475926761,0.4,0.25,0.4222222222222222,0.48983067104983297,0.8488856229113465,1,2,0.008483333,210.00869999999998,books-genre-a=10
q015,graphic novel superhero origin,Torso,StripeLocal,Lexical,Hybrid,hybrid-legs,0.9445721003437779,0.6,0.42857142857142855,0.6444444444444445,0.7308275745537723,0.7319256423412844,1,2,0.008483333,210.0889,books-genre-a=8 | books-genre-b=2
q015,graphic novel superhero origin,Torso,StripeLocal,Lexical,Hybrid,idf-correct-probe,0.6476422314165201,0.5,0.3333333333333333,-0.05555555555555555,0.345688750868137,0.36745379265485734,1,2,0.008483333,210.0494,books-genre-a=7 | books-genre-b=3
q015,graphic novel superhero origin,Torso,StripeLocal,Lexical,Hybrid,idf-correct-sidecar,0.6476422314165201,0.5,0.3333333333333333,-0.05555555555555555,0.345688750868137,0.36745379265485734,1,2,0.008483333,210.04139999999998,books-genre-a=7 | books-genre-b=3
q015,graphic novel superhero origin,Torso,StripeLocal,Lexical,Hybrid,global-bm25,0.8618546595247054,0.7,0.5384615384615384,0.5111111111111111,0.5412639632040473,0.7237666436097531,1,2,0.008483333,211.4025,books-genre-a=10
q016,zombie apocalypse survival,Torso,StripeLocal,Lexical,Hybrid,single-index,1,1,1,1,1,0.8899541168509599,0.9,1,0.0047,194.4595,books-oracle2=10
q016,zombie apocalypse survival,Torso,StripeLocal,Lexical,Hybrid,naive-score,0.9446181505828251,0.9,0.8181818181818182,0.8333333333333334,0.7613066961841753,0.8899541168509599,0.9,2,0.007833333,159.93660000000003,books-genre-a=9 | books-genre-b=1
q016,zombie apocalypse survival,Torso,StripeLocal,Lexical,Hybrid,interleave,0.7090081386375826,0.5,0.3333333333333333,1,0.5062118724963371,0.6432779324865673,0.9,2,0.007833333,159.918,books-genre-a=5 | books-genre-b=5
q016,zombie apocalypse survival,Torso,StripeLocal,Lexical,Hybrid,quota-merge,0.702866485733532,0.5,0.3333333333333333,1,0.4930218943137949,0.6442414822955594,0.9,2,0.007833333,159.9086,books-genre-a=5 | books-genre-b=5
q016,zombie apocalypse survival,Torso,StripeLocal,Lexical,Hybrid,global-rrf,0.702866485733532,0.5,0.3333333333333333,1,0.4930218943137949,0.6442414822955594,0.9,2,0.007833333,159.929,books-genre-a=5 | books-genre-b=5
q016,zombie apocalypse survival,Torso,StripeLocal,Lexical,Hybrid,minmax-norm,0.8594654853501141,0.8,0.6666666666666666,0.8571428571428571,0.6597875758275411,0.8484223012409728,0.9,2,0.007833333,159.95700000000002,books-genre-a=8 | books-genre-b=2
q016,zombie apocalypse survival,Torso,StripeLocal,Lexical,Hybrid,zscore-norm,0.525888985867863,0.7,0.5384615384615384,0.9047619047619048,0.3341657549935786,0.7082517364305292,0.9,2,0.007833333,159.9556,books-genre-a=7 | books-genre-b=3
q016,zombie apocalypse survival,Torso,StripeLocal,Lexical,Hybrid,vector-similarity,0.938966967084551,0.6,0.42857142857142855,0.6444444444444445,0.6437746145810878,0.8887765216409891,0.9,2,0.007833333,159.91580000000002,books-genre-a=10
q016,zombie apocalypse survival,Torso,StripeLocal,Lexical,Hybrid,hybrid-legs,0.99766752866693,0.9,0.8181818181818182,0.7777777777777778,0.8269012208961576,0.8899541168509599,0.9,2,0.007833333,160.0021,books-genre-a=10
q016,zombie apocalypse survival,Torso,StripeLocal,Lexical,Hybrid,idf-correct-probe,0.9519550475982774,0.8,0.6666666666666666,0.6,0.6517230406777803,0.8066054519559154,0.9,2,0.007833333,159.9555,books-genre-a=10
q016,zombie apocalypse survival,Torso,StripeLocal,Lexical,Hybrid,idf-correct-sidecar,0.9519550475982774,0.8,0.6666666666666666,0.6,0.6517230406777803,0.8066054519559154,0.9,2,0.007833333,159.94510000000002,books-genre-a=10
q016,zombie apocalypse survival,Torso,StripeLocal,Lexical,Hybrid,global-bm25,0.9548461875248403,0.8,0.6666666666666666,0.6,0.6466664612679202,0.9216017310213247,0.9,2,0.007833333,161.28470000000002,books-genre-a=10
q017,time travel paradox,Torso,StripeLocal,Lexical,Hybrid,single-index,1,1,1,1,1,0.7560216711665579,1,1,0.005866667,201.0227,books-oracle2=10
q017,time travel paradox,Torso,StripeLocal,Lexical,Hybrid,naive-score,0.9719933189440281,1,1,0.6444444444444445,0.6989776507476084,0.7456005859828638,1,2,0.00845,163.5967,books-genre-a=7 | books-genre-b=3
q017,time travel paradox,Torso,StripeLocal,Lexical,Hybrid,interleave,0.9669672278240327,0.8,0.6666666666666666,0.6444444444444445,0.6788028387876265,0.6928839095165557,1,2,0.00845,163.5806,books-genre-a=5 | books-genre-b=5
q017,time travel paradox,Torso,StripeLocal,Lexical,Hybrid,quota-merge,0.956742788889269,0.8,0.6666666666666666,0.5555555555555556,0.6384729878014994,0.6928839095165557,1,2,0.00845,163.571,books-genre-a=5 | books-genre-b=5
q017,time travel paradox,Torso,StripeLocal,Lexical,Hybrid,global-rrf,0.956742788889269,0.8,0.6666666666666666,0.5555555555555556,0.6384729878014994,0.6928839095165557,1,2,0.00845,163.5884,books-genre-a=5 | books-genre-b=5
q017,time travel paradox,Torso,StripeLocal,Lexical,Hybrid,minmax-norm,0.9719933189440281,1,1,0.6444444444444445,0.6989776507476084,0.7456005859828638,1,2,0.00845,163.611,books-genre-a=7 | books-genre-b=3
q017,time travel paradox,Torso,StripeLocal,Lexical,Hybrid,zscore-norm,0.8061242873662715,0.8,0.6666666666666666,0.3333333333333333,0.4424547850479647,0.6314845920538908,1,2,0.00845,163.6091,books-genre-a=5 | books-genre-b=5
q017,time travel paradox,Torso,StripeLocal,Lexical,Hybrid,vector-similarity,0.9269484056638152,0.7,0.5384615384615384,0.3333333333333333,0.5849423529884976,0.7275162350283697,1,2,0.00845,163.5818,books-genre-a=7 | books-genre-b=3
q017,time travel paradox,Torso,StripeLocal,Lexical,Hybrid,hybrid-legs,0.9980574769566493,0.9,0.8181818181818182,0.9555555555555556,0.8369230657675014,0.7560216711665579,1,2,0.00845,163.6754,books-genre-a=8 | books-genre-b=2
q017,time travel paradox,Torso,StripeLocal,Lexical,Hybrid,idf-correct-probe,0.9526343956887806,0.7,0.5384615384615384,0.5555555555555556,0.6767722436909857,0.6756407995997635,1,2,0.00845,163.6252,books-genre-a=7 | books-genre-b=3
q017,time travel paradox,Torso,StripeLocal,Lexical,Hybrid,idf-correct-sidecar,0.9512834196857909,0.7,0.5384615384615384,0.4666666666666667,0.6719644966434491,0.6745121844902905,1,2,0.00845,163.6363,books-genre-a=7 | books-genre-b=3
q017,time travel paradox,Torso,StripeLocal,Lexical,Hybrid,global-bm25,0.8900592367403432,0.7,0.5384615384615384,0.28888888888888886,0.5587799456968356,0.7233489454928398,1,2,0.00845,164.9032,books-genre-a=7 | books-genre-b=3
q018,a girl who discovers she is the last of a magical bloodline,Tail,StripeLocal,Conceptual,Hybrid,single-index,1,1,1,1,1,0.4579676751456957,1,1,0.005866667,226.6397,books-oracle2=10
q018,a girl who discovers she is the last of a magical bloodline,Tail,StripeLocal,Conceptual,Hybrid,naive-score,0.6390909794609169,0.5,0.3333333333333333,0.14285714285714285,0.3488915746259216,0.3846765570299286,1,2,0.009066667,206.962,books-genre-a=7 | books-genre-b=3
q018,a girl who discovers she is the last of a magical bloodline,Tail,StripeLocal,Conceptual,Hybrid,interleave,0.5357658653041238,0.4,0.25,-0.06666666666666667,0.2549909761685681,0.33210066244990566,1,2,0.009066667,206.9769,books-genre-a=5 | books-genre-b=5
q018,a girl who discovers she is the last of a magical bloodline,Tail,StripeLocal,Conceptual,Hybrid,quota-merge,0.4736493671329543,0.4,0.25,-0.2,0.20702978066254143,0.36361887265481574,1,2,0.009066667,206.942,books-genre-a=5 | books-genre-b=5
q018,a girl who discovers she is the last of a magical bloodline,Tail,StripeLocal,Conceptual,Hybrid,global-rrf,0.4736493671329543,0.4,0.25,-0.2,0.20702978066254143,0.36361887265481574,1,2,0.009066667,206.9605,books-genre-a=5 | books-genre-b=5
q018,a girl who discovers she is the last of a magical bloodline,Tail,StripeLocal,Conceptual,Hybrid,minmax-norm,0.5034277990932634,0.5,0.3333333333333333,-0.047619047619047616,0.22668977401564655,0.4100728071187348,1,2,0.009066667,206.9981,books-genre-a=7 | books-genre-b=3
q018,a girl who discovers she is the last of a magical bloodline,Tail,StripeLocal,Conceptual,Hybrid,zscore-norm,0.4581929906935548,0.4,0.25,-0.06666666666666667,0.20235139484944192,0.349263111573788,1,2,0.009066667,206.981,books-genre-a=6 | books-genre-b=4
q018,a girl who discovers she is the last of a magical bloodline,Tail,StripeLocal,Conceptual,Hybrid,vector-similarity,0.4879889221426909,0.3,0.17647058823529413,0.05555555555555555,0.21910384978624925,0.6081042114503594,1,2,0.009066667,206.9505,books-genre-a=9 | books-genre-b=1
q018,a girl who discovers she is the last of a magical bloodline,Tail,StripeLocal,Conceptual,Hybrid,hybrid-legs,0.739360752151219,0.7,0.5384615384615384,0.1111111111111111,0.48936660414817806,0.32980488242878214,1,2,0.009066667,207.0199,books-genre-a=9 | books-genre-b=1
q018,a girl who discovers she is the last of a magical bloodline,Tail,StripeLocal,Conceptual,Hybrid,idf-correct-probe,0.7539471763325604,0.2,0.1111111111111111,0.5555555555555556,0.33509681921015233,0.16137144281217403,1,2,0.009066667,206.992,books-genre-a=8 | books-genre-b=2
q018,a girl who discovers she is the last of a magical bloodline,Tail,StripeLocal,Conceptual,Hybrid,idf-correct-sidecar,0.7528597259920858,0.2,0.1111111111111111,0.4222222222222222,0.33509681921015233,0.16506638694073697,1,2,0.009066667,206.988,books-genre-a=8 | books-genre-b=2
q018,a girl who discovers she is the last of a magical bloodline,Tail,StripeLocal,Conceptual,Hybrid,global-bm25,0.6667320019102277,0.3,0.17647058823529413,0.21428571428571427,0.32669621923930925,0.21669895361232797,1,2,0.009066667,208.207,books-genre-a=6 | books-genre-b=4
q019,dystopian society divided into rigid factions,Torso,StripeLocal,Conceptual,Hybrid,single-index,1,1,1,1,1,0.9270201848786105,1,1,0.006433333,238.6254,books-oracle2=10
q019,dystopian society divided into rigid factions,Torso,StripeLocal,Conceptual,Hybrid,naive-score,0.9227082406266744,0.8,0.6666666666666666,1,0.7821187376722532,0.8486219158999351,1,2,0.009033333,216.544,books-genre-a=8 | books-genre-b=2
q019,dystopian society divided into rigid factions,Torso,StripeLocal,Conceptual,Hybrid,interleave,0.7090081386375826,0.5,0.3333333333333333,1,0.5062118724963371,0.6735289172705814,1,2,0.009033333,216.5269,books-genre-a=5 | books-genre-b=5
q019,dystopian society divided into rigid factions,Torso,StripeLocal,Conceptual,Hybrid,quota-merge,0.702866485733532,0.5,0.3333333333333333,1,0.4930218943137949,0.667747618416628,1,2,0.009033333,216.51780000000002,books-genre-a=5 | books-genre-b=5
q019,dystopian society divided into rigid factions,Torso,StripeLocal,Conceptual,Hybrid,global-rrf,0.702866485733532,0.5,0.3333333333333333,1,0.4930218943137949,0.667747618416628,1,2,0.009033333,216.5361,books-genre-a=5 | books-genre-b=5
q019,dystopian society divided into rigid factions,Torso,StripeLocal,Conceptual,Hybrid,minmax-norm,0.726606413443125,0.6,0.42857142857142855,1,0.49022040067641465,0.7313684066155797,1,2,0.009033333,216.5603,books-genre-a=6 | books-genre-b=4
q019,dystopian society divided into rigid factions,Torso,StripeLocal,Conceptual,Hybrid,zscore-norm,0.42629244590849774,0.5,0.3333333333333333,1,0.23314032860790604,0.5616198648954351,1,2,0.009033333,216.5566,books-genre-a=5 | books-genre-b=5
q019,dystopian society divided into rigid factions,Torso,StripeLocal,Conceptual,Hybrid,vector-similarity,0.8965456495581128,0.5,0.3333333333333333,0.5111111111111111,0.5606912233893371,0.7308871208820121,1,2,0.009033333,216.5266,books-genre-a=10
q019,dystopian society divided into rigid factions,Torso,StripeLocal,Conceptual,Hybrid,hybrid-legs,0.9932006512673058,0.9,0.8181818181818182,0.9555555555555556,0.829185554228897,0.8724880807080804,1,2,0.009033333,216.57590000000002,books-genre-a=10
q019,dystopian society divided into rigid factions,Torso,StripeLocal,Conceptual,Hybrid,idf-correct-probe,0.8626546178570389,0.6,0.42857142857142855,0.3333333333333333,0.5222762045682091,0.9173414328953917,1,2,0.009033333,216.568,books-genre-a=10
q019,dystopian society divided into rigid factions,Torso,StripeLocal,Conceptual,Hybrid,idf-correct-sidecar,0.8626546178570389,0.6,0.42857142857142855,0.3333333333333333,0.5222762045682091,0.9173414328953917,1,2,0.009033333,216.56640000000002,books-genre-a=10
q019,dystopian society divided into rigid factions,Torso,StripeLocal,Conceptual,Hybrid,global-bm25,0.8724258721691686,0.7,0.5384615384615384,-0.24444444444444444,0.48993293544691224,0.9206500320722545,1,2,0.009033333,217.8557,books-genre-a=10
q020,supernatural creatures hidden among ordinary people,Torso,StripeLocal,Conceptual,Hybrid,single-index,1,1,1,1,1,1,1,1,0.005866667,211.6399,books-oracle2=10
q020,supernatural creatures hidden among ordinary people,Torso,StripeLocal,Conceptual,Hybrid,naive-score,0.472887564369792,0.4,0.25,0.2,0.2506450992312542,0.7629783059032522,1,2,0.007933333,188.1384,books-genre-a=4 | books-genre-b=6
q020,supernatural creatures hidden among ordinary people,Torso,StripeLocal,Conceptual,Hybrid,interleave,0.758530303236518,0.5,0.3333333333333333,0.7142857142857143,0.5333542410497413,0.8129048472110512,1,2,0.007933333,188.1261,books-genre-a=5 | books-genre-b=5
q020,supernatural creatures hidden among ordinary people,Torso,StripeLocal,Conceptual,Hybrid,quota-merge,0.758530303236518,0.5,0.3333333333333333,0.7142857142857143,0.5333542410497413,0.8129048472110512,1,2,0.007933333,188.1167,books-genre-a=5 | books-genre-b=5
q020,supernatural creatures hidden among ordinary people,Torso,StripeLocal,Conceptual,Hybrid,global-rrf,0.758530303236518,0.5,0.3333333333333333,0.7142857142857143,0.5333542410497413,0.8129048472110512,1,2,0.007933333,188.1355,books-genre-a=5 | books-genre-b=5
q020,supernatural creatures hidden among ordinary people,Torso,StripeLocal,Conceptual,Hybrid,minmax-norm,0.6732963953444951,0.4,0.25,0.2,0.3963962679912473,0.7794449120315462,1,2,0.007933333,188.1585,books-genre-a=4 | books-genre-b=6
q020,supernatural creatures hidden among ordinary people,Torso,StripeLocal,Conceptual,Hybrid,zscore-norm,0.747437094137549,0.5,0.3333333333333333,0.42857142857142855,0.49182300385343536,0.8011796267728266,1,2,0.007933333,188.15630000000002,books-genre-a=5 | books-genre-b=5
q020,supernatural creatures hidden among ordinary people,Torso,StripeLocal,Conceptual,Hybrid,vector-similarity,0.5590000296017834,0.5,0.3333333333333333,0.35714285714285715,0.2916556272826168,0.8189537052562311,1,2,0.007933333,188.1252,books-genre-a=8 | books-genre-b=2
q020,supernatural creatures hidden among ordinary people,Torso,StripeLocal,Conceptual,Hybrid,hybrid-legs,0.5681415543277982,0.5,0.3333333333333333,0.3333333333333333,0.36317538874994815,0.6857771025727015,1,2,0.007933333,188.1742,books-genre-a=5 | books-genre-b=5
q020,supernatural creatures hidden among ordinary people,Torso,StripeLocal,Conceptual,Hybrid,idf-correct-probe,0.5124406369454617,0.1,0.05263157894736842,0.21428571428571427,0.14264352187683582,0.5456499838367149,1,2,0.007933333,188.168,books-genre-a=10
q020,supernatural creatures hidden among ordinary people,Torso,StripeLocal,Conceptual,Hybrid,idf-correct-sidecar,0.5124406369454617,0.1,0.05263157894736842,0.21428571428571427,0.14264352187683582,0.5456499838367149,1,2,0.007933333,188.163,books-genre-a=10
q020,supernatural creatures hidden among ordinary people,Torso,StripeLocal,Conceptual,Hybrid,global-bm25,0.2847659030260333,0.3,0.17647058823529413,-0.4,0.11651103668659722,0.9216017310213247,1,2,0.007933333,189.475,books-genre-a=4 | books-genre-b=6
q021,Victorian England social class and marriage,Torso,StripeLocal,Mixed,Hybrid,single-index,1,1,1,1,1,0.8241857137189055,1,1,0.0047,200.2699,books-oracle2=10
q021,Victorian England social class and marriage,Torso,StripeLocal,Mixed,Hybrid,naive-score,0.7219189768532667,0.5,0.3333333333333333,0.6,0.5313901136520102,0.6657108745336399,1,2,0.009616666999999999,187.8522,books-genre-a=6 | books-genre-b=4
q021,Victorian England social class and marriage,Torso,StripeLocal,Mixed,Hybrid,interleave,0.7123172360429293,0.5,0.3333333333333333,0.7142857142857143,0.46177097352956914,0.6555383970648009,1,2,0.009616666999999999,187.8417,books-genre-a=5 | books-genre-b=5
q021,Victorian England social class and marriage,Torso,StripeLocal,Mixed,Hybrid,quota-merge,0.773155792273764,0.5,0.3333333333333333,0.9047619047619048,0.5622890209502541,0.7019551527359584,1,2,0.009616666999999999,187.83120000000002,books-genre-a=5 | books-genre-b=5
q021,Victorian England social class and marriage,Torso,StripeLocal,Mixed,Hybrid,global-rrf,0.773155792273764,0.5,0.3333333333333333,0.9047619047619048,0.5622890209502541,0.7019551527359584,1,2,0.009616666999999999,187.851,books-genre-a=5 | books-genre-b=5
q021,Victorian England social class and marriage,Torso,StripeLocal,Mixed,Hybrid,minmax-norm,0.7219189768532667,0.5,0.3333333333333333,0.6,0.5313901136520102,0.6657108745336399,1,2,0.009616666999999999,187.8753,books-genre-a=6 | books-genre-b=4
q021,Victorian England social class and marriage,Torso,StripeLocal,Mixed,Hybrid,zscore-norm,0.766913750824307,0.5,0.3333333333333333,0.8095238095238095,0.5622890209502541,0.7019551527359584,1,2,0.009616666999999999,187.8708,books-genre-a=5 | books-genre-b=5
q021,Victorian England social class and marriage,Torso,StripeLocal,Mixed,Hybrid,vector-similarity,0.6591113318752382,0.2,0.1111111111111111,0.1111111111111111,0.28206152878416524,0.5363967792667177,1,2,0.009616666999999999,187.8434,books-genre-b=10
q021,Victorian England social class and marriage,Torso,StripeLocal,Mixed,Hybrid,hybrid-legs,0.8730694960035082,0.5,0.3333333333333333,0.6666666666666666,0.6056833348209484,0.6620642540063159,1,2,0.009616666999999999,187.89270000000002,books-genre-a=2 | books-genre-b=8
q021,Victorian England social class and marriage,Torso,StripeLocal,Mixed,Hybrid,idf-correct-probe,0.7659609373408917,0.4,0.25,0.42857142857142855,0.423156042099639,0.7253761295313896,1,2,0.009616666999999999,187.88180000000003,books-genre-a=3 | books-genre-b=7
q021,Victorian England social class and marriage,Torso,StripeLocal,Mixed,Hybrid,idf-correct-sidecar,0.7659609373408917,0.4,0.25,0.42857142857142855,0.423156042099639,0.7253761295313896,1,2,0.009616666999999999,187.87660000000002,books-genre-a=3 | books-genre-b=7
q021,Victorian England social class and marriage,Torso,StripeLocal,Mixed,Hybrid,global-bm25,0.782702932867291,0.5,0.3333333333333333,-0.14285714285714285,0.4485493323900633,0.9202182025407148,1,2,0.009616666999999999,189.17790000000002,books-genre-a=3 | books-genre-b=7
q022,memoir of growing up in poverty,Torso,StripeLocal,Conceptual,Hybrid,single-index,1,1,1,1,1,0.7164001887113677,1,1,0.0047,201.8543,books-oracle2=10
q022,memoir of growing up in poverty,Torso,StripeLocal,Conceptual,Hybrid,naive-score,0.8550501814709516,0.7,0.5384615384615384,0.3888888888888889,0.5858790454881286,0.6045515280611548,1,2,0.009066666000000001,194.02370000000002,books-genre-a=3 | books-genre-b=7
q022,memoir of growing up in poverty,Torso,StripeLocal,Conceptual,Hybrid,interleave,0.5948015550191562,0.5,0.3333333333333333,0.3333333333333333,0.35477845218209375,0.47357846680605015,1,2,0.009066666000000001,194.0103,books-genre-a=5 | books-genre-b=5
q022,memoir of growing up in poverty,Torso,StripeLocal,Conceptual,Hybrid,quota-merge,0.5978860575030297,0.5,0.3333333333333333,0.3333333333333333,0.3624097967019932,0.47357846680605015,1,2,0.009066666000000001,194.0132,books-genre-a=5 | books-genre-b=5
q022,memoir of growing up in poverty,Torso,StripeLocal,Conceptual,Hybrid,global-rrf,0.5978860575030297,0.5,0.3333333333333333,0.3333333333333333,0.3624097967019932,0.47357846680605015,1,2,0.009066666000000001,194.0217,books-genre-a=5 | books-genre-b=5
q022,memoir of growing up in poverty,Torso,StripeLocal,Conceptual,Hybrid,minmax-norm,0.7019173694648676,0.7,0.5384615384615384,0.3333333333333333,0.4670415839250237,0.5233222056366292,1,2,0.009066666000000001,194.0434,books-genre-a=3 | books-genre-b=7
q022,memoir of growing up in poverty,Torso,StripeLocal,Conceptual,Hybrid,zscore-norm,0.483812321482471,0.4,0.25,-0.06666666666666667,0.23373798092115544,0.4032127046165494,1,2,0.009066666000000001,194.0409,books-genre-a=6 | books-genre-b=4
q022,memoir of growing up in poverty,Torso,StripeLocal,Conceptual,Hybrid,vector-similarity,0.9077660918264474,0.6,0.42857142857142855,0.3333333333333333,0.589123263989007,0.9458352203602566,1,2,0.009066666000000001,194.0121,books-genre-b=10
q022,memoir of growing up in poverty,Torso,StripeLocal,Conceptual,Hybrid,hybrid-legs,0.9822614665033972,0.8,0.6666666666666666,0.8666666666666667,0.7709824619912301,0.774306294851505,1,2,0.009066666000000001,194.0646,books-genre-b=10
q022,memoir of growing up in poverty,Torso,StripeLocal,Conceptual,Hybrid,idf-correct-probe,0.7766263050325345,0.7,0.5384615384615384,0.2,0.4303812178958526,0.5312058399499643,1,2,0.009066666000000001,194.0543,books-genre-a=1 | books-genre-b=9
q022,memoir of growing up in poverty,Torso,StripeLocal,Conceptual,Hybrid,idf-correct-sidecar,0.7766263050325345,0.7,0.5384615384615384,0.2,0.4303812178958526,0.5312058399499643,1,2,0.009066666000000001,194.0431,books-genre-a=1 | books-genre-b=9
q022,memoir of growing up in poverty,Torso,StripeLocal,Conceptual,Hybrid,global-bm25,0.8051879108636607,0.6,0.42857142857142855,0.2777777777777778,0.47103476847530795,0.832805151409782,1,2,0.009066666000000001,195.3434,books-genre-a=1 | books-genre-b=9
q023,biography of a president,Torso,StripeLocal,Mixed,Hybrid,single-index,1,1,1,1,1,0.8676854162637713,1,1,0.00115,102.2161,books-oracle2=10
q023,biography of a president,Torso,StripeLocal,Mixed,Hybrid,naive-score,0.652030213965835,0.5,0.3333333333333333,-0.07142857142857142,0.32613564990867816,0.4510861355264166,1,2,0.00165,119.2966,books-genre-a=5 | books-genre-b=5
q023,biography of a president,Torso,StripeLocal,Mixed,Hybrid,interleave,0.6636794675681179,0.5,0.3333333333333333,0,0.3543475476880047,0.4650465367223309,1,2,0.00165,119.2843,books-genre-a=5 | books-genre-b=5
q023,biography of a president,Torso,StripeLocal,Mixed,Hybrid,quota-merge,0.791481585956029,0.5,0.3333333333333333,0.07142857142857142,0.47286332033876877,0.5552779380287485,1,2,0.00165,119.273,books-genre-a=5 | books-genre-b=5
q023,biography of a president,Torso,StripeLocal,Mixed,Hybrid,global-rrf,0.791481585956029,0.5,0.3333333333333333,0.07142857142857142,0.47286332033876877,0.5552779380287485,1,2,0.00165,119.2957,books-genre-a=5 | books-genre-b=5
q023,biography of a president,Torso,StripeLocal,Mixed,Hybrid,minmax-norm,0.8376522901227443,0.6,0.42857142857142855,0.16666666666666666,0.4916430658423306,0.6216935981694646,1,2,0.00165,119.32419999999999,books-genre-a=4 | books-genre-b=6
q023,biography of a president,Torso,StripeLocal,Mixed,Hybrid,zscore-norm,0.652030213965835,0.5,0.3333333333333333,-0.07142857142857142,0.32613564990867816,0.4510861355264166,1,2,0.00165,119.3096,books-genre-a=5 | books-genre-b=5
q023,biography of a president,Torso,StripeLocal,Mixed,Hybrid,vector-similarity,0.8296194926825217,0.6,0.42857142857142855,-0.06666666666666667,0.44996781079628245,0.918752830540385,1,2,0.00165,119.2815,books-genre-b=10
q023,biography of a president,Torso,StripeLocal,Mixed,Hybrid,hybrid-legs,0.9696809602687794,0.8,0.6666666666666666,0.7333333333333333,0.7331120984611151,0.8671236019548308,1,2,0.00165,119.3262,books-genre-a=1 | books-genre-b=9
q023,biography of a president,Torso,StripeLocal,Mixed,Hybrid,idf-correct-probe,0.7524071304464384,0.6,0.42857142857142855,0.1111111111111111,0.359551336119683,0.508473817692402,1,2,0.00165,119.3121,books-genre-a=1 | books-genre-b=9
q023,biography of a president,Torso,StripeLocal,Mixed,Hybrid,idf-correct-sidecar,0.746677536065594,0.6,0.42857142857142855,0.06666666666666667,0.3519199915997835,0.5045411175298191,1,2,0.00165,119.3078,books-genre-a=1 | books-genre-b=9
q023,biography of a president,Torso,StripeLocal,Mixed,Hybrid,global-bm25,0.8284247097667466,0.6,0.42857142857142855,0.6,0.4978294530455287,0.7378104046104305,1,2,0.00165,120.68299999999999,books-genre-a=4 | books-genre-b=6
q024,behavioral economics and irrational decision making,Tail,StripeLocal,Mixed,Hybrid,single-index,1,1,1,1,1,0.94546789582947,1,1,0.0053,208.4203,books-oracle2=10
q024,behavioral economics and irrational decision making,Tail,StripeLocal,Mixed,Hybrid,naive-score,1,1,1,1,0.8591367550184259,0.94546789582947,1,2,0.006183334,160.9632,books-genre-b=10
q024,behavioral economics and irrational decision making,Tail,StripeLocal,Mixed,Hybrid,interleave,0.5569382598453014,0.5,0.3333333333333333,0.7333333333333333,0.3530743891674381,0.5676287437624397,1,2,0.006183334,160.9602,books-genre-a=5 | books-genre-b=5
q024,behavioral economics and irrational decision making,Tail,StripeLocal,Mixed,Hybrid,quota-merge,0.7146377201139554,0.5,0.3333333333333333,0.8666666666666667,0.47922150633810173,0.6459837825047515,1,2,0.006183334,160.93949999999998,books-genre-a=5 | books-genre-b=5
q024,behavioral economics and irrational decision making,Tail,StripeLocal,Mixed,Hybrid,global-rrf,0.7146377201139554,0.5,0.3333333333333333,0.8666666666666667,0.47922150633810173,0.6459837825047515,1,2,0.006183334,160.98039999999997,books-genre-a=5 | books-genre-b=5
q024,behavioral economics and irrational decision making,Tail,StripeLocal,Mixed,Hybrid,minmax-norm,0.8982658901806848,0.9,0.8181818181818182,1,0.7025747303706025,0.8809750481083818,1,2,0.006183334,160.9808,books-genre-a=1 | books-genre-b=9
q024,behavioral economics and irrational decision making,Tail,StripeLocal,Mixed,Hybrid,zscore-norm,0.6743147201945658,0.8,0.6666666666666666,1,0.49072777964140235,0.7170248719024682,1,2,0.006183334,160.97799999999998,books-genre-a=2 | books-genre-b=8
q024,behavioral economics and irrational decision making,Tail,StripeLocal,Mixed,Hybrid,vector-similarity,0.9782652931705024,0.8,0.6666666666666666,0.7333333333333333,0.7427062118141752,0.921723022686679,1,2,0.006183334,160.94789999999998,books-genre-b=10
q024,behavioral economics and irrational decision making,Tail,StripeLocal,Mixed,Hybrid,hybrid-legs,1,1,1,1,0.8591367550184259,0.94546789582947,1,2,0.006183334,160.9988,books-genre-b=10
q024,behavioral economics and irrational decision making,Tail,StripeLocal,Mixed,Hybrid,idf-correct-probe,0.9814731674284664,0.9,0.8181818181818182,0.6,0.743710795896307,0.9404875240541909,1,2,0.006183334,160.99099999999999,books-genre-b=10
q024,behavioral economics and irrational decision making,Tail,StripeLocal,Mixed,Hybrid,idf-correct-sidecar,0.9814731674284664,0.9,0.8181818181818182,0.6,0.743710795896307,0.9404875240541909,1,2,0.006183334,160.99409999999997,books-genre-b=10
q024,behavioral economics and irrational decision making,Tail,StripeLocal,Mixed,Hybrid,global-bm25,0.8871859059529089,0.8,0.6666666666666666,0.4222222222222222,0.5813271603708899,1,1,2,0.006183334,162.29379999999998,books-genre-b=10
q025,habits productivity and personal effectiveness,Torso,StripeLocal,Mixed,Hybrid,single-index,1,1,1,1,1,1,1,1,0.005866667,205.922,books-oracle2=10
q025,habits productivity and personal effectiveness,Torso,StripeLocal,Mixed,Hybrid,naive-score,0.949649052337768,0.9,0.8181818181818182,0.9444444444444444,0.7884593916083786,0.9513467899190737,1,2,0.0079,210.5999,books-genre-a=1 | books-genre-b=9
q025,habits productivity and personal effectiveness,Torso,StripeLocal,Mixed,Hybrid,interleave,0.5324657695478926,0.5,0.3333333333333333,1,0.3529248825220888,0.6376271814211537,1,2,0.0079,210.5879,books-genre-a=5 | books-genre-b=5
q025,habits productivity and personal effectiveness,Torso,StripeLocal,Mixed,Hybrid,quota-merge,0.7059236361537091,0.5,0.3333333333333333,1,0.49858052797643776,0.7000486382519371,1,2,0.0079,210.5872,books-genre-a=5 | books-genre-b=5
q025,habits productivity and personal effectiveness,Torso,StripeLocal,Mixed,Hybrid,global-rrf,0.7059236361537091,0.5,0.3333333333333333,1,0.49858052797643776,0.7000486382519371,1,2,0.0079,210.5997,books-genre-a=5 | books-genre-b=5
q025,habits productivity and personal effectiveness,Torso,StripeLocal,Mixed,Hybrid,minmax-norm,0.8156993445135999,0.7,0.5384615384615384,1,0.6207489659768932,0.8190616868378208,1,2,0.0079,210.6257,books-genre-a=3 | books-genre-b=7
q025,habits productivity and personal effectiveness,Torso,StripeLocal,Mixed,Hybrid,zscore-norm,0.47191050323048395,0.6,0.42857142857142855,1,0.268296138631068,0.627578450652785,1,2,0.0079,210.6222,books-genre-a=4 | books-genre-b=6
q025,habits productivity and personal effectiveness,Torso,StripeLocal,Mixed,Hybrid,vector-similarity,0.9727367695930901,0.9,0.8181818181818182,0.6888888888888889,0.7342767516513132,1,1,2,0.0079,210.59,books-genre-b=10
q025,habits productivity and personal effectiveness,Torso,StripeLocal,Mixed,Hybrid,hybrid-legs,0.9997206450542672,1,1,0.8666666666666667,0.8483193241614684,1,1,2,0.0079,210.64600000000002,books-genre-b=10
q025,habits productivity and personal effectiveness,Torso,StripeLocal,Mixed,Hybrid,idf-correct-probe,0.9956647842708043,0.9,0.8181818181818182,0.6444444444444445,0.8060798981937162,1,1,2,0.0079,210.6598,books-genre-b=10
q025,habits productivity and personal effectiveness,Torso,StripeLocal,Mixed,Hybrid,idf-correct-sidecar,0.9956647842708043,0.9,0.8181818181818182,0.6444444444444445,0.8060798981937162,1,1,2,0.0079,210.618,books-genre-b=10
q025,habits productivity and personal effectiveness,Torso,StripeLocal,Mixed,Hybrid,global-bm25,0.9391107680915127,0.9,0.8181818181818182,0.1111111111111111,0.586226111411539,1,1,2,0.0079,212.0326,books-genre-b=10
q026,poetry collection about grief,Torso,StripeLocal,Conceptual,Hybrid,single-index,1,1,1,1,1,0.5872668901829404,1,1,0.0047,211.7273,books-oracle2=10
q026,poetry collection about grief,Torso,StripeLocal,Conceptual,Hybrid,naive-score,0.9003099829439287,0.8,0.6666666666666666,1,0.7405875004759473,0.5521466313212019,1,2,0.009616666999999999,196.7909,books-genre-a=2 | books-genre-b=8
q026,poetry collection about grief,Torso,StripeLocal,Conceptual,Hybrid,interleave,0.5324657695478926,0.5,0.3333333333333333,1,0.3529248825220888,0.3484268442813811,1,2,0.009616666999999999,196.779,books-genre-a=5 | books-genre-b=5
q026,poetry collection about grief,Torso,StripeLocal,Conceptual,Hybrid,quota-merge,0.6853354338009686,0.5,0.3333333333333333,1,0.46588202151020996,0.3540549603539698,1,2,0.009616666999999999,196.76909999999998,books-genre-a=5 | books-genre-b=5
q026,poetry collection about grief,Torso,StripeLocal,Conceptual,Hybrid,global-rrf,0.6853354338009686,0.5,0.3333333333333333,1,0.46588202151020996,0.3540549603539698,1,2,0.009616666999999999,196.7881,books-genre-a=5 | books-genre-b=5
q026,poetry collection about grief,Torso,StripeLocal,Conceptual,Hybrid,minmax-norm,0.791964784377545,0.7,0.5384615384615384,1,0.5755985453226109,0.47483050935160087,1,2,0.009616666999999999,196.81119999999999,books-genre-a=3 | books-genre-b=7
q026,poetry collection about grief,Torso,StripeLocal,Conceptual,Hybrid,zscore-norm,0.5250661491900976,0.7,0.5384615384615384,1,0.3341657549935786,0.47521461632957146,1,2,0.009616666999999999,196.8071,books-genre-a=3 | books-genre-b=7
q026,poetry collection about grief,Torso,StripeLocal,Conceptual,Hybrid,vector-similarity,0.8358063885003001,0.5,0.3333333333333333,0.6,0.4874728222969661,0.7237666436097531,1,2,0.009616666999999999,196.7804,books-genre-b=10
q026,poetry collection about grief,Torso,StripeLocal,Conceptual,Hybrid,hybrid-legs,0.9711356903231221,0.7,0.5384615384615384,0.6888888888888889,0.7684530140454853,0.6559702265963407,1,2,0.009616666999999999,196.85569999999998,books-genre-b=10
q026,poetry collection about grief,Torso,StripeLocal,Conceptual,Hybrid,idf-correct-probe,0.7004033003518805,0.6,0.42857142857142855,0.15555555555555556,0.3685791547619471,0.5102048904139095,1,2,0.009616666999999999,196.8435,books-genre-a=1 | books-genre-b=9
q026,poetry collection about grief,Torso,StripeLocal,Conceptual,Hybrid,idf-correct-sidecar,0.7004033003518805,0.6,0.42857142857142855,0.15555555555555556,0.3685791547619471,0.5102048904139095,1,2,0.009616666999999999,196.8126,books-genre-a=1 | books-genre-b=9
q026,poetry collection about grief,Torso,StripeLocal,Conceptual,Hybrid,global-bm25,0.5119660154089316,0.5,0.3333333333333333,-0.24444444444444444,0.2180808981379256,0.7147091296281611,1,2,0.009616666999999999,198.1062,books-genre-b=10
q027,existentialist philosophy and the meaning of life,Torso,StripeLocal,Mixed,Hybrid,single-index,1,1,1,1,1,0.5730918507118506,1,1,0.006433333,213.9028,books-oracle2=10
q027,existentialist philosophy and the meaning of life,Torso,StripeLocal,Mixed,Hybrid,naive-score,0.8156319178374958,0.7,0.5384615384615384,0.5714285714285714,0.5466262667909335,0.7104093136645215,1,2,0.010166667,212.9855,books-genre-a=4 | books-genre-b=6
q027,existentialist philosophy and the meaning of life,Torso,StripeLocal,Mixed,Hybrid,interleave,0.7651813374308063,0.6,0.42857142857142855,0.42857142857142855,0.4766992394442871,0.6758700052550567,1,2,0.010166667,212.97549999999998,books-genre-a=5 | books-genre-b=5
q027,existentialist philosophy and the meaning of life,Torso,StripeLocal,Mixed,Hybrid,quota-merge,0.7756003243512238,0.6,0.42857142857142855,0.5238095238095238,0.5038391122478721,0.6758700052550567,1,2,0.010166667,212.9664,books-genre-a=5 | books-genre-b=5
q027,existentialist philosophy and the meaning of life,Torso,StripeLocal,Mixed,Hybrid,global-rrf,0.7756003243512238,0.6,0.42857142857142855,0.5238095238095238,0.5038391122478721,0.6758700052550567,1,2,0.010166667,212.9851,books-genre-a=5 | books-genre-b=5
q027,existentialist philosophy and the meaning of life,Torso,StripeLocal,Mixed,Hybrid,minmax-norm,0.8156319178374958,0.7,0.5384615384615384,0.5714285714285714,0.5466262667909335,0.7104093136645215,1,2,0.010166667,213.0093,books-genre-a=4 | books-genre-b=6
q027,existentialist philosophy and the meaning of life,Torso,StripeLocal,Mixed,Hybrid,zscore-norm,0.7195312523965637,0.6,0.42857142857142855,0.3333333333333333,0.4255857955299951,0.6923366113833506,1,2,0.010166667,213.0051,books-genre-a=5 | books-genre-b=5
q027,existentialist philosophy and the meaning of life,Torso,StripeLocal,Mixed,Hybrid,vector-similarity,0.6924926309839995,0.7,0.5384615384615384,-0.3333333333333333,0.336618166937889,0.8124337080420628,1,2,0.010166667,212.9769,books-genre-b=10
q027,existentialist philosophy and the meaning of life,Torso,StripeLocal,Mixed,Hybrid,hybrid-legs,0.9890278762543402,0.8,0.6666666666666666,0.9111111111111111,0.8188957734788256,0.6010646855569385,1,2,0.010166667,213.0506,books-genre-a=1 | books-genre-b=9
q027,existentialist philosophy and the meaning of life,Torso,StripeLocal,Mixed,Hybrid,idf-correct-probe,0.9175779197746751,0.6,0.42857142857142855,0.7777777777777778,0.6167325319273883,0.5178073364683385,1,2,0.010166667,213.013,books-genre-a=2 | books-genre-b=8
q027,existentialist philosophy and the meaning of life,Torso,StripeLocal,Mixed,Hybrid,idf-correct-sidecar,0.9175779197746751,0.6,0.42857142857142855,0.7777777777777778,0.6167325319273883,0.5178073364683385,1,2,0.010166667,213.0203,books-genre-a=2 | books-genre-b=8
q027,existentialist philosophy and the meaning of life,Torso,StripeLocal,Mixed,Hybrid,global-bm25,0.5933126442050424,0.5,0.3333333333333333,0.1111111111111111,0.2969833308754031,0.8028027365707333,1,2,0.010166667,214.3277,books-genre-a=2 | books-genre-b=8
q028,evolutionary biology explained for general readers,Torso,StripeLocal,Conceptual,Hybrid,single-index,1,1,1,1,1,0.8915802009560909,1,1,0.003516667,153.9484,books-oracle2=10
q028,evolutionary biology explained for general readers,Torso,StripeLocal,Conceptual,Hybrid,naive-score,0.8120382241732126,0.8,0.6666666666666666,0.4666666666666667,0.5708748218819915,0.6834439153485706,1,2,0.0033499999999999997,112.43610000000001,books-genre-a=2 | books-genre-b=8
q028,evolutionary biology explained for general readers,Torso,StripeLocal,Conceptual,Hybrid,interleave,0.6315298902310973,0.5,0.3333333333333333,0.047619047619047616,0.3607816313048106,0.5013798975223421,1,2,0.0033499999999999997,112.42240000000001,books-genre-a=5 | books-genre-b=5
q028,evolutionary biology explained for general readers,Torso,StripeLocal,Conceptual,Hybrid,quota-merge,0.6362130097823473,0.5,0.3333333333333333,0.047619047619047616,0.3732207228722467,0.5068174178308892,1,2,0.0033499999999999997,112.4153,books-genre-a=5 | books-genre-b=5
q028,evolutionary biology explained for general readers,Torso,StripeLocal,Conceptual,Hybrid,global-rrf,0.6362130097823473,0.5,0.3333333333333333,0.047619047619047616,0.3732207228722467,0.5068174178308892,1,2,0.0033499999999999997,112.4334,books-genre-a=5 | books-genre-b=5
q028,evolutionary biology explained for general readers,Torso,StripeLocal,Conceptual,Hybrid,minmax-norm,0.8111940982741355,0.8,0.6666666666666666,0.4222222222222222,0.5648651380725705,0.6825362014964598,1,2,0.0033499999999999997,112.4552,books-genre-a=2 | books-genre-b=8
q028,evolutionary biology explained for general readers,Torso,StripeLocal,Conceptual,Hybrid,zscore-norm,0.6689194384774375,0.7,0.5384615384615384,0.05555555555555555,0.34202250377630045,0.5302035029974378,1,2,0.0033499999999999997,112.4525,books-genre-a=3 | books-genre-b=7
q028,evolutionary biology explained for general readers,Torso,StripeLocal,Conceptual,Hybrid,vector-similarity,0.9235664896879353,0.8,0.6666666666666666,-0.1111111111111111,0.5515686522854745,1,1,2,0.0033499999999999997,112.423,books-genre-b=10
q028,evolutionary biology explained for general readers,Torso,StripeLocal,Conceptual,Hybrid,hybrid-legs,0.943071835676273,0.9,0.8181818181818182,0.8222222222222222,0.7240106261498878,0.9513467899190737,1,2,0.0033499999999999997,112.47380000000001,books-genre-b=10
q028,evolutionary biology explained for general readers,Torso,StripeLocal,Conceptual,Hybrid,idf-correct-probe,0.7623632762177583,0.8,0.6666666666666666,0.1111111111111111,0.47877014388717287,0.5575883522730016,1,2,0.0033499999999999997,112.46600000000001,books-genre-a=1 | books-genre-b=9
q028,evolutionary biology explained for general readers,Torso,StripeLocal,Conceptual,Hybrid,idf-correct-sidecar,0.7452471838470783,0.8,0.6666666666666666,-0.2,0.4321094707309893,0.5302749753383716,1,2,0.0033499999999999997,112.4624,books-genre-a=1 | books-genre-b=9
q028,evolutionary biology explained for general readers,Torso,StripeLocal,Conceptual,Hybrid,global-bm25,0.745035442170213,0.5,0.3333333333333333,-0.1111111111111111,0.33781172211633703,0.837155605376878,1,2,0.0033499999999999997,113.7938,books-genre-b=10
q029,the history of the Roman empire,Torso,StripeLocal,Lexical,Hybrid,single-index,1,1,1,1,1,0.7874381691606646,1,1,0.005266667,197.5166,books-oracle2=10
q029,the history of the Roman empire,Torso,StripeLocal,Lexical,Hybrid,naive-score,0.8780428542389789,0.5,0.3333333333333333,0.6111111111111112,0.6211163053239726,0.653722829433971,1,2,0.007899999999999999,209.7077,books-genre-a=5 | books-genre-b=5
q029,the history of the Roman empire,Torso,StripeLocal,Lexical,Hybrid,interleave,0.6921193674058835,0.5,0.3333333333333333,0.1111111111111111,0.35360339509818417,0.5646802495476569,1,2,0.007899999999999999,209.697,books-genre-a=5 | books-genre-b=5
q029,the history of the Roman empire,Torso,StripeLocal,Lexical,Hybrid,quota-merge,0.6991088814283802,0.5,0.3333333333333333,0.16666666666666666,0.3744247178006259,0.5646802495476569,1,2,0.007899999999999999,209.688,books-genre-a=5 | books-genre-b=5
q029,the history of the Roman empire,Torso,StripeLocal,Lexical,Hybrid,global-rrf,0.6991088814283802,0.5,0.3333333333333333,0.16666666666666666,0.3744247178006259,0.5646802495476569,1,2,0.007899999999999999,209.7055,books-genre-a=5 | books-genre-b=5
q029,the history of the Roman empire,Torso,StripeLocal,Lexical,Hybrid,minmax-norm,0.5841273924366719,0.3,0.17647058823529413,0.047619047619047616,0.27057569394259057,0.4654175463461427,1,2,0.007899999999999999,209.7283,books-genre-a=7 | books-genre-b=3
q029,the history of the Roman empire,Torso,StripeLocal,Lexical,Hybrid,zscore-norm,0.8743380937345392,0.5,0.3333333333333333,0.5555555555555556,0.6074752769946523,0.6432194895293418,1,2,0.007899999999999999,209.7261,books-genre-a=5 | books-genre-b=5
q029,the history of the Roman empire,Torso,StripeLocal,Lexical,Hybrid,vector-similarity,0.8928806850740999,0.5,0.3333333333333333,0.6,0.5426577010577123,0.7882255146784873,1,2,0.007899999999999999,209.70049999999998,books-genre-b=10
q029,the history of the Roman empire,Torso,StripeLocal,Lexical,Hybrid,hybrid-legs,0.9830245741623757,0.9,0.8181818181818182,0.8222222222222222,0.8066222602374806,0.7500688207514111,1,2,0.007899999999999999,209.7455,books-genre-b=10
q029,the history of the Roman empire,Torso,StripeLocal,Lexical,Hybrid,idf-correct-probe,0.9128894576752993,0.6,0.42857142857142855,0.5555555555555556,0.6106371956475827,0.6440581215890259,1,2,0.007899999999999999,209.7637,books-genre-a=3 | books-genre-b=7
q029,the history of the Roman empire,Torso,StripeLocal,Lexical,Hybrid,idf-correct-sidecar,0.9128894576752993,0.6,0.42857142857142855,0.5555555555555556,0.6106371956475827,0.6440581215890259,1,2,0.007899999999999999,209.72969999999998,books-genre-a=3 | books-genre-b=7
q029,the history of the Roman empire,Torso,StripeLocal,Lexical,Hybrid,global-bm25,0.9070371327535366,0.7,0.5384615384615384,0.2,0.6048908746596166,0.8308115109250099,1,2,0.007899999999999999,210.9955,books-genre-a=1 | books-genre-b=9
q030,a novel narrated by an unreliable narrator in a decaying southern town,Tail,StripeLocal,Conceptual,Hybrid,single-index,1,1,1,1,1,0.3306329550213291,1,1,0.0053,234.668,books-oracle2=10
q030,a novel narrated by an unreliable narrator in a decaying southern town,Tail,StripeLocal,Conceptual,Hybrid,naive-score,0.9919432607748988,0.9,0.8181818181818182,0.7777777777777778,0.7932124001435281,0.32426295676128475,1,2,0.009066666000000001,212.0556,books-genre-a=6 | books-genre-b=4
q030,a novel narrated by an unreliable narrator in a decaying southern town,Tail,StripeLocal,Conceptual,Hybrid,interleave,0.8895323904994549,0.9,0.8181818181818182,0.6,0.6366438005265778,0.3292902944725474,1,2,0.009066666000000001,212.0443,books-genre-a=5 | books-genre-b=5
q030,a novel narrated by an unreliable narrator in a decaying southern town,Tail,StripeLocal,Conceptual,Hybrid,quota-merge,0.8875210523601339,0.9,0.8181818181818182,0.4666666666666667,0.6110147307765993,0.3330921120180954,1,2,0.009066666000000001,212.0355,books-genre-a=5 | books-genre-b=5
q030,a novel narrated by an unreliable narrator in a decaying southern town,Tail,StripeLocal,Conceptual,Hybrid,global-rrf,0.8875210523601339,0.9,0.8181818181818182,0.4666666666666667,0.6110147307765993,0.3330921120180954,1,2,0.009066666000000001,212.05360000000002,books-genre-a=5 | books-genre-b=5
q030,a novel narrated by an unreliable narrator in a decaying southern town,Tail,StripeLocal,Conceptual,Hybrid,minmax-norm,0.9000745019315092,0.9,0.8181818181818182,0.8222222222222222,0.6666440939224192,0.3268646995316269,1,2,0.009066666000000001,212.0754,books-genre-a=7 | books-genre-b=3
q030,a novel narrated by an unreliable narrator in a decaying southern town,Tail,StripeLocal,Conceptual,Hybrid,zscore-norm,0.9919432607748988,0.9,0.8181818181818182,0.7777777777777778,0.7932124001435281,0.32426295676128475,1,2,0.009066666000000001,212.0722,books-genre-a=6 | books-genre-b=4
q030,a novel narrated by an unreliable narrator in a decaying southern town,Tail,StripeLocal,Conceptual,Hybrid,vector-similarity,0.6892171348307194,0.3,0.17647058823529413,0.6,0.2916133331789154,0.4753977460908175,1,2,0.009066666000000001,212.04500000000002,books-genre-a=4 | books-genre-b=6
q030,a novel narrated by an unreliable narrator in a decaying southern town,Tail,StripeLocal,Conceptual,Hybrid,hybrid-legs,0.978745147656155,0.8,0.6666666666666666,0.5555555555555556,0.7256233266090579,0.4191593549213548,1,2,0.009066666000000001,212.1194,books-genre-a=6 | books-genre-b=4
q030,a novel narrated by an unreliable narrator in a decaying southern town,Tail,StripeLocal,Conceptual,Hybrid,idf-correct-probe,0.513320061014541,0.2,0.1111111111111111,0.6888888888888889,0.19283496706911235,0.26659366532598877,1,2,0.009066666000000001,212.08950000000002,books-genre-a=6 | books-genre-b=4
q030,a novel narrated by an unreliable narrator in a decaying southern town,Tail,StripeLocal,Conceptual,Hybrid,idf-correct-sidecar,0.513320061014541,0.2,0.1111111111111111,0.6888888888888889,0.19283496706911235,0.26659366532598877,1,2,0.009066666000000001,212.0859,books-genre-a=6 | books-genre-b=4
q030,a novel narrated by an unreliable narrator in a decaying southern town,Tail,StripeLocal,Conceptual,Hybrid,global-bm25,0.5971835623148896,0.4,0.25,-0.06666666666666667,0.20122550473245632,0.28770976569998347,1,2,0.009066666000000001,213.3443,books-genre-a=5 | books-genre-b=5
q031,Regency romance with a reluctant duke,Tail,StripeLocal,Mixed,Hybrid,single-index,1,1,1,1,1,0.6400138380449784,1,1,0.0053,199.709,books-oracle2=10
q031,Regency romance with a reluctant duke,Tail,StripeLocal,Mixed,Hybrid,naive-score,0.9676674993973782,0.9,0.8181818181818182,0.5111111111111111,0.7173221987584105,0.6284878874655563,1,2,0.00845,213.4286,books-genre-a=1 | books-genre-b=9
q031,Regency romance with a reluctant duke,Tail,StripeLocal,Mixed,Hybrid,interleave,0.6340144550766776,0.5,0.3333333333333333,0.047619047619047616,0.3540455251406349,0.3448806307834927,1,2,0.00845,213.4132,books-genre-a=5 | books-genre-b=5
q031,Regency romance with a reluctant duke,Tail,StripeLocal,Mixed,Hybrid,quota-merge,0.7544238143803068,0.5,0.3333333333333333,0.14285714285714285,0.4593713196088567,0.4483615717042939,1,2,0.00845,213.4031,books-genre-a=5 | books-genre-b=5
q031,Regency romance with a reluctant duke,Tail,StripeLocal,Mixed,Hybrid,global-rrf,0.7544238143803068,0.5,0.3333333333333333,0.14285714285714285,0.4593713196088567,0.4483615717042939,1,2,0.00845,213.41830000000002,books-genre-a=5 | books-genre-b=5
q031,Regency romance with a reluctant duke,Tail,StripeLocal,Mixed,Hybrid,minmax-norm,0.9450527550853912,0.9,0.8181818181818182,0.4666666666666667,0.6720890774191023,0.6162510714617261,1,2,0.00845,213.4403,books-genre-a=1 | books-genre-b=9
q031,Regency romance with a reluctant duke,Tail,StripeLocal,Mixed,Hybrid,zscore-norm,0.7887146790474764,0.8,0.6666666666666666,0.3888888888888889,0.5424249037846756,0.498702859473453,1,2,0.00845,213.4378,books-genre-a=2 | books-genre-b=8
q031,Regency romance with a reluctant duke,Tail,StripeLocal,Mixed,Hybrid,vector-similarity,0.8321120782859662,0.6,0.42857142857142855,0.6,0.4909697629400849,0.4691772611686149,1,2,0.00845,213.409,books-genre-b=10
q031,Regency romance with a reluctant duke,Tail,StripeLocal,Mixed,Hybrid,hybrid-legs,0.9782061345526101,0.9,0.8181818181818182,0.7777777777777778,0.7480360050977589,0.6557812512244706,1,2,0.00845,213.49450000000002,books-genre-a=1 | books-genre-b=9
q031,Regency romance with a reluctant duke,Tail,StripeLocal,Mixed,Hybrid,idf-correct-probe,0.9166059968434486,0.5,0.3333333333333333,0.8222222222222222,0.6341003967927371,0.6410253644232191,1,2,0.00845,213.4504,books-genre-a=2 | books-genre-b=8
q031,Regency romance with a reluctant duke,Tail,StripeLocal,Mixed,Hybrid,idf-correct-sidecar,0.9166059968434486,0.5,0.3333333333333333,0.8222222222222222,0.6341003967927371,0.6410253644232191,1,2,0.00845,213.44570000000002,books-genre-a=2 | books-genre-b=8
q031,Regency romance with a reluctant duke,Tail,StripeLocal,Mixed,Hybrid,global-bm25,0.8103553539020533,0.4,0.25,0.5,0.4668093799296078,0.7892118066995077,1,2,0.00845,214.80270000000002,books-genre-a=3 | books-genre-b=7
q032,cookbook,Head,StripeLocal,Lexical,Hybrid,single-index,1,1,1,1,1,1,1,1,0.001716667,83.6959,books-oracle2=10
q032,cookbook,Head,StripeLocal,Lexical,Hybrid,naive-score,0.9139018259114605,0.6,0.42857142857142855,0.4222222222222222,0.544471656739172,1,1,2,0.0008500000000000001,72.3321,books-genre-a=6 | books-genre-b=4
q032,cookbook,Head,StripeLocal,Lexical,Hybrid,interleave,0.9642535441389007,0.7,0.5384615384615384,0.6,0.6953396490452785,1,1,2,0.0008500000000000001,72.323,books-genre-a=5 | books-genre-b=5
q032,cookbook,Head,StripeLocal,Lexical,Hybrid,quota-merge,0.9161359059126549,0.7,0.5384615384615384,0.7333333333333333,0.6344005659956146,1,1,2,0.0008500000000000001,72.3143,books-genre-a=5 | books-genre-b=5
q032,cookbook,Head,StripeLocal,Lexical,Hybrid,global-rrf,0.9161359059126549,0.7,0.5384615384615384,0.7333333333333333,0.6344005659956146,1,1,2,0.0008500000000000001,72.33239999999999,books-genre-a=5 | books-genre-b=5
q032,cookbook,Head,StripeLocal,Lexical,Hybrid,minmax-norm,0.908549521237843,0.7,0.5384615384615384,0.5111111111111111,0.5849291179876868,1,1,2,0.0008500000000000001,72.3543,books-genre-a=5 | books-genre-b=5
q032,cookbook,Head,StripeLocal,Lexical,Hybrid,zscore-norm,0.859830590692952,0.5,0.3333333333333333,0.2,0.43351307733506517,1,1,2,0.0008500000000000001,72.3553,books-genre-a=7 | books-genre-b=3
q032,cookbook,Head,StripeLocal,Lexical,Hybrid,vector-similarity,0.9096271291453927,0.6,0.42857142857142855,0.37777777777777777,0.5777838371551367,1,1,2,0.0008500000000000001,72.3276,books-genre-a=1 | books-genre-b=9
q032,cookbook,Head,StripeLocal,Lexical,Hybrid,hybrid-legs,0.9679506037370261,0.7,0.5384615384615384,0.7333333333333333,0.712109959323993,1,1,2,0.0008500000000000001,72.3712,books-genre-a=3 | books-genre-b=7
q032,cookbook,Head,StripeLocal,Lexical,Hybrid,idf-correct-probe,0.7397798306441546,0.6,0.42857142857142855,0.3333333333333333,0.4487974052975344,1,1,2,0.0008500000000000001,72.35249999999999,books-genre-a=3 | books-genre-b=7
q032,cookbook,Head,StripeLocal,Lexical,Hybrid,idf-correct-sidecar,0.7397798306441546,0.6,0.42857142857142855,0.3333333333333333,0.4487974052975344,1,1,2,0.0008500000000000001,72.34649999999999,books-genre-a=3 | books-genre-b=7
q032,cookbook,Head,StripeLocal,Lexical,Hybrid,global-bm25,0.5707359054392908,0.5,0.3333333333333333,-0.15555555555555556,0.266973202673675,1,1,2,0.0008500000000000001,73.72879999999999,books-genre-a=3 | books-genre-b=7
q033,travel writing about walking across a country,Tail,StripeLocal,Conceptual,Hybrid,single-index,1,1,1,1,1,0.7267325677168306,1,1,0.0047,194.0499,books-oracle2=10
q033,travel writing about walking across a country,Tail,StripeLocal,Conceptual,Hybrid,naive-score,0.817011687840898,0.8,0.6666666666666666,0.2222222222222222,0.5362432355359115,0.6066692722181047,1,2,0.009066666000000001,199.5955,books-genre-a=3 | books-genre-b=7
q033,travel writing about walking across a country,Tail,StripeLocal,Conceptual,Hybrid,interleave,0.7258205099845706,0.6,0.42857142857142855,0.07142857142857142,0.4114276442901932,0.5453334811919682,1,2,0.009066666000000001,199.585,books-genre-a=5 | books-genre-b=5
q033,travel writing about walking across a country,Tail,StripeLocal,Conceptual,Hybrid,quota-merge,0.7365936724021599,0.6,0.42857142857142855,0.14285714285714285,0.4433752641413149,0.5563092935706226,1,2,0.009066666000000001,199.5764,books-genre-a=5 | books-genre-b=5
q033,travel writing about walking across a country,Tail,StripeLocal,Conceptual,Hybrid,global-rrf,0.7365936724021599,0.6,0.42857142857142855,0.14285714285714285,0.4433752641413149,0.5563092935706226,1,2,0.009066666000000001,199.5955,books-genre-a=5 | books-genre-b=5
q033,travel writing about walking across a country,Tail,StripeLocal,Conceptual,Hybrid,minmax-norm,0.817011687840898,0.8,0.6666666666666666,0.2222222222222222,0.5362432355359115,0.6066692722181047,1,2,0.009066666000000001,199.6189,books-genre-a=3 | books-genre-b=7
q033,travel writing about walking across a country,Tail,StripeLocal,Conceptual,Hybrid,zscore-norm,0.5908576969165275,0.5,0.3333333333333333,-0.14285714285714285,0.26249696416226903,0.4267650869329037,1,2,0.009066666000000001,199.615,books-genre-a=6 | books-genre-b=4
q033,travel writing about walking across a country,Tail,StripeLocal,Conceptual,Hybrid,vector-similarity,0.912830477347311,0.7,0.5384615384615384,0.5111111111111111,0.5930121600481746,0.6287253715747206,1,2,0.009066666000000001,199.5868,books-genre-b=10
q033,travel writing about walking across a country,Tail,StripeLocal,Conceptual,Hybrid,hybrid-legs,0.9937077383962426,0.9,0.8181818181818182,0.8222222222222222,0.8058466318117394,0.7176295136138068,1,2,0.009066666000000001,199.6548,books-genre-a=1 | books-genre-b=9
q033,travel writing about walking across a country,Tail,StripeLocal,Conceptual,Hybrid,idf-correct-probe,0.9082740188738196,0.6,0.42857142857142855,0.3333333333333333,0.5584302076956451,0.5615653115832043,0.9,2,0.009066666000000001,199.6268,books-genre-a=3 | books-genre-b=7
q033,travel writing about walking across a country,Tail,StripeLocal,Conceptual,Hybrid,idf-correct-sidecar,0.9055890650606384,0.6,0.42857142857142855,0.24444444444444444,0.5459911161282089,0.5553753812016753,0.9,2,0.009066666000000001,199.624,books-genre-a=3 | books-genre-b=7
q033,travel writing about walking across a country,Tail,StripeLocal,Conceptual,Hybrid,global-bm25,0.5276669340213194,0.4,0.25,0.2777777777777778,0.24041257720381912,0.3931401864440417,1,2,0.009066666000000001,200.9653,books-genre-a=3 | books-genre-b=7
q034,startup founder building a company from nothing,Torso,StripeLocal,Conceptual,Hybrid,single-index,1,1,1,1,1,0.9432106656105237,1,1,0.005866667,203.7097,books-oracle2=10
q034,startup founder building a company from nothing,Torso,StripeLocal,Conceptual,Hybrid,naive-score,0.9471329971255154,0.8,0.6666666666666666,0.9444444444444444,0.7875093588594508,0.8708624147461594,1,2,0.007316667000000001,165.355,books-genre-a=2 | books-genre-b=8
q034,startup founder building a company from nothing,Torso,StripeLocal,Conceptual,Hybrid,interleave,0.5701229545758584,0.5,0.3333333333333333,0.4666666666666667,0.3532307671199166,0.5086515201422882,1,2,0.007316667000000001,165.356,books-genre-a=5 | books-genre-b=5
q034,startup founder building a company from nothing,Torso,StripeLocal,Conceptual,Hybrid,quota-merge,0.739588983806114,0.5,0.3333333333333333,0.6,0.5017100100466283,0.6026863571361096,1,2,0.007316667000000001,165.334,books-genre-a=5 | books-genre-b=5
q034,startup founder building a company from nothing,Torso,StripeLocal,Conceptual,Hybrid,global-rrf,0.739588983806114,0.5,0.3333333333333333,0.6,0.5017100100466283,0.6026863571361096,1,2,0.007316667000000001,165.37439999999998,books-genre-a=5 | books-genre-b=5
q034,startup founder building a company from nothing,Torso,StripeLocal,Conceptual,Hybrid,minmax-norm,0.8722117790648632,0.8,0.6666666666666666,0.6666666666666666,0.6186915844634999,0.7861866837388309,1,2,0.007316667000000001,165.3772,books-genre-a=2 | books-genre-b=8
q034,startup founder building a company from nothing,Torso,StripeLocal,Conceptual,Hybrid,zscore-norm,0.486144548249696,0.5,0.3333333333333333,0.3333333333333333,0.2565286750251828,0.45576659028365324,1,2,0.007316667000000001,165.3731,books-genre-a=5 | books-genre-b=5
q034,startup founder building a company from nothing,Torso,StripeLocal,Conceptual,Hybrid,vector-similarity,0.954825545780197,0.6,0.42857142857142855,0.6888888888888889,0.6813150806789149,0.9636452638863133,1,2,0.007316667000000001,165.34439999999998,books-genre-b=10
q034,startup founder building a company from nothing,Torso,StripeLocal,Conceptual,Hybrid,hybrid-legs,0.998827255748741,0.9,0.8181818181818182,1,0.8552424799099213,0.9432106656105237,1,2,0.007316667000000001,165.38819999999998,books-genre-b=10
q034,startup founder building a company from nothing,Torso,StripeLocal,Conceptual,Hybrid,idf-correct-probe,0.8987981133280724,0.8,0.6666666666666666,0.6444444444444445,0.6168568075948129,0.852498607085996,1,2,0.007316667000000001,165.387,books-genre-a=1 | books-genre-b=9
q034,startup founder building a company from nothing,Torso,StripeLocal,Conceptual,Hybrid,idf-correct-sidecar,0.8987981133280724,0.8,0.6666666666666666,0.6444444444444445,0.6168568075948129,0.852498607085996,1,2,0.007316667000000001,165.38569999999999,books-genre-a=1 | books-genre-b=9
q034,startup founder building a company from nothing,Torso,StripeLocal,Conceptual,Hybrid,global-bm25,0.6641324465402494,0.7,0.5384615384615384,-0.022222222222222223,0.32952720200658986,0.92663607790064,1,2,0.007316667000000001,166.6915,books-genre-a=1 | books-genre-b=9
q035,a marriage falling apart told from both perspectives,Tail,StripeLocal,Conceptual,Hybrid,single-index,1,1,1,1,1,0.46164511034815264,1,1,0.0047,197.514,books-oracle2=10
q035,a marriage falling apart told from both perspectives,Tail,StripeLocal,Conceptual,Hybrid,naive-score,0.8984354572550893,0.8,0.6666666666666666,0.8888888888888888,0.6757314080305349,0.391791077985563,1,2,0.009033333,190.859,books-genre-a=1 | books-genre-b=9
q035,a marriage falling apart told from both perspectives,Tail,StripeLocal,Conceptual,Hybrid,interleave,0.5023786140293356,0.5,0.3333333333333333,0.6,0.3529248825220888,0.2812084029110149,1,2,0.009033333,190.8496,books-genre-a=5 | books-genre-b=5
q035,a marriage falling apart told from both perspectives,Tail,StripeLocal,Conceptual,Hybrid,quota-merge,0.6296396853318961,0.5,0.3333333333333333,0.6,0.39325473350821594,0.30781756468635096,1,2,0.009033333,190.8397,books-genre-a=5 | books-genre-b=5
q035,a marriage falling apart told from both perspectives,Tail,StripeLocal,Conceptual,Hybrid,global-rrf,0.6296396853318961,0.5,0.3333333333333333,0.6,0.39325473350821594,0.30781756468635096,1,2,0.009033333,190.8591,books-genre-a=5 | books-genre-b=5
q035,a marriage falling apart told from both perspectives,Tail,StripeLocal,Conceptual,Hybrid,minmax-norm,0.6363981958174852,0.6,0.42857142857142855,0.7333333333333333,0.38207100873582994,0.2360232574393279,1,2,0.009033333,190.8828,books-genre-a=4 | books-genre-b=6
q035,a marriage falling apart told from both perspectives,Tail,StripeLocal,Conceptual,Hybrid,zscore-norm,0.6363981958174852,0.6,0.42857142857142855,0.7333333333333333,0.38207100873582994,0.2360232574393279,1,2,0.009033333,190.879,books-genre-a=4 | books-genre-b=6
q035,a marriage falling apart told from both perspectives,Tail,StripeLocal,Conceptual,Hybrid,vector-similarity,0.7434877499477263,0.4,0.25,0.24444444444444444,0.3934507169533489,0.3463795830771775,1,2,0.009033333,190.8501,books-genre-b=10
q035,a marriage falling apart told from both perspectives,Tail,StripeLocal,Conceptual,Hybrid,hybrid-legs,0.9061943542292897,0.7,0.5384615384615384,0.6,0.6069731570281607,0.3828283219217021,1,2,0.009033333,190.8918,books-genre-b=10
q035,a marriage falling apart told from both perspectives,Tail,StripeLocal,Conceptual,Hybrid,idf-correct-probe,0.4225603666079219,0.1,0.05263157894736842,0.4666666666666667,0.08191712024673226,0.4074421737177308,1,2,0.009033333,190.8915,books-genre-a=4 | books-genre-b=6
q035,a marriage falling apart told from both perspectives,Tail,StripeLocal,Conceptual,Hybrid,idf-correct-sidecar,0.4225603666079219,0.1,0.05263157894736842,0.4666666666666667,0.08191712024673226,0.4074421737177308,1,2,0.009033333,190.8879,books-genre-a=4 | books-genre-b=6
q035,a marriage falling apart told from both perspectives,Tail,StripeLocal,Conceptual,Hybrid,global-bm25,0.4197253638491612,0.1,0.05263157894736842,-0.16666666666666666,0.0879756513015743,0.3994248902597615,1,2,0.009033333,192.1804,books-genre-a=6 | books-genre-b=4
q036,essays on race in America,Torso,StripeLocal,Mixed,Hybrid,single-index,1,1,1,1,1,0.4271619621750023,1,1,0.0047,194.5731,books-oracle2=10
q036,essays on race in America,Torso,StripeLocal,Mixed,Hybrid,naive-score,0.7978595226274937,0.7,0.5384615384615384,0.5555555555555556,0.548755317935546,0.5087847912469423,1,2,0.004483333,134.9545,books-genre-a=2 | books-genre-b=8
q036,essays on race in America,Torso,StripeLocal,Mixed,Hybrid,interleave,0.6305260278343746,0.5,0.3333333333333333,0.3333333333333333,0.3620122915832076,0.3133823346499565,1,2,0.004483333,134.9394,books-genre-a=5 | books-genre-b=5
q036,essays on race in America,Torso,StripeLocal,Mixed,Hybrid,quota-merge,0.657283235154862,0.5,0.3333333333333333,0.3333333333333333,0.4099734870892344,0.31809320964816346,1,2,0.004483333,134.9304,books-genre-a=5 | books-genre-b=5
q036,essays on race in America,Torso,StripeLocal,Mixed,Hybrid,global-rrf,0.657283235154862,0.5,0.3333333333333333,0.3333333333333333,0.4099734870892344,0.31809320964816346,1,2,0.004483333,134.9476,books-genre-a=5 | books-genre-b=5
q036,essays on race in America,Torso,StripeLocal,Mixed,Hybrid,minmax-norm,0.8058860222571156,0.7,0.5384615384615384,0.5555555555555556,0.5722888299017731,0.5192431635829146,1,2,0.004483333,134.9713,books-genre-a=2 | books-genre-b=8
q036,essays on race in America,Torso,StripeLocal,Mixed,Hybrid,zscore-norm,0.6833455384184555,0.7,0.5384615384615384,0.5,0.4302436881970083,0.4349671200960845,1,2,0.004483333,134.9686,books-genre-a=3 | books-genre-b=7
q036,essays on race in America,Torso,StripeLocal,Mixed,Hybrid,vector-similarity,0.5795808645950496,0.4,0.25,0.2,0.2640221265941569,0.8776840276138409,1,2,0.004483333,134.9386,books-genre-b=10
q036,essays on race in America,Torso,StripeLocal,Mixed,Hybrid,hybrid-legs,0.9727897592954706,0.7,0.5384615384615384,0.6888888888888889,0.7378131836534758,0.5663773731565823,1,2,0.004483333,135.012,books-genre-b=10
q036,essays on race in America,Torso,StripeLocal,Mixed,Hybrid,idf-correct-probe,0.6724213102222996,0.5,0.3333333333333333,0.06666666666666667,0.296364373853081,0.19770901556715623,1,2,0.004483333,134.981,books-genre-a=1 | books-genre-b=9
q036,essays on race in America,Torso,StripeLocal,Mixed,Hybrid,idf-correct-sidecar,0.6724213102222996,0.5,0.3333333333333333,0.06666666666666667,0.296364373853081,0.19770901556715623,1,2,0.004483333,134.973,books-genre-a=1 | books-genre-b=9
q036,essays on race in America,Torso,StripeLocal,Mixed,Hybrid,global-bm25,0.5512879901013549,0.4,0.25,-0.05555555555555555,0.22243008902785794,0.6939956201598902,1,2,0.004483333,136.2987,books-genre-a=1 | books-genre-b=9
q037,spiritual awakening and mindfulness practice,Torso,StripeLocal,Conceptual,Hybrid,single-index,1,1,1,1,1,1,1,1,0.005266667,209.2027,books-oracle2=10
q037,spiritual awakening and mindfulness practice,Torso,StripeLocal,Conceptual,Hybrid,naive-score,0.7873362064798985,0.6,0.42857142857142855,1,0.5866008038588075,0.7406336483108791,1,2,0.00335,169.4634,books-genre-a=4 | books-genre-b=6
q037,spiritual awakening and mindfulness practice,Torso,StripeLocal,Conceptual,Hybrid,interleave,0.5324657695478926,0.5,0.3333333333333333,1,0.3529248825220888,0.5407247652990391,1,2,0.00335,169.4454,books-genre-a=5 | books-genre-b=5
q037,spiritual awakening and mindfulness practice,Torso,StripeLocal,Conceptual,Hybrid,quota-merge,0.538607422451943,0.5,0.3333333333333333,1,0.36611486070463106,0.5407247652990391,1,2,0.00335,169.43570000000003,books-genre-a=5 | books-genre-b=5
q037,spiritual awakening and mindfulness practice,Torso,StripeLocal,Conceptual,Hybrid,global-rrf,0.538607422451943,0.5,0.3333333333333333,1,0.36611486070463106,0.5407247652990391,1,2,0.00335,169.4541,books-genre-a=5 | books-genre-b=5
q037,spiritual awakening and mindfulness practice,Torso,StripeLocal,Conceptual,Hybrid,minmax-norm,0.5475050323012491,0.5,0.3333333333333333,1,0.3740550715162529,0.5528052855961404,1,2,0.00335,169.4773,books-genre-a=5 | books-genre-b=5
q037,spiritual awakening and mindfulness practice,Torso,StripeLocal,Conceptual,Hybrid,zscore-norm,0.26050184818874994,0.3,0.17647058823529413,1,0.08864031540310795,0.40745698645969336,1,2,0.00335,169.4752,books-genre-a=7 | books-genre-b=3
q037,spiritual awakening and mindfulness practice,Torso,StripeLocal,Conceptual,Hybrid,vector-similarity,0.9765010003272229,0.8,0.6666666666666666,0.7333333333333333,0.7563590302150885,1,1,2,0.00335,169.4478,books-genre-b=10
q037,spiritual awakening and mindfulness practice,Torso,StripeLocal,Conceptual,Hybrid,hybrid-legs,0.9985123827812696,0.9,0.8181818181818182,0.9111111111111111,0.841601451580601,1,1,2,0.00335,169.4906,books-genre-b=10
q037,spiritual awakening and mindfulness practice,Torso,StripeLocal,Conceptual,Hybrid,idf-correct-probe,0.919942809985507,0.9,0.8181818181818182,0.15555555555555556,0.5910560035901029,1,1,2,0.00335,169.48360000000002,books-genre-b=10
q037,spiritual awakening and mindfulness practice,Torso,StripeLocal,Conceptual,Hybrid,idf-correct-sidecar,0.919942809985507,0.9,0.8181818181818182,0.15555555555555556,0.5910560035901029,1,1,2,0.00335,169.48020000000002,books-genre-b=10
q037,spiritual awakening and mindfulness practice,Torso,StripeLocal,Conceptual,Hybrid,global-bm25,0.7307965882326464,0.6,0.42857142857142855,-0.06666666666666667,0.38048772550491955,1,1,2,0.00335,170.8134,books-genre-b=10
q038,immigrant family adjusting to a new country,Torso,StripeLocal,Conceptual,Hybrid,single-index,1,1,1,1,1,1,1,1,0.005866667,196.4064,books-oracle2=10
q038,immigrant family adjusting to a new country,Torso,StripeLocal,Conceptual,Hybrid,naive-score,0.8640104091822234,0.7,0.5384615384615384,0.4444444444444444,0.548646111911088,0.918752830540385,1,2,0.007933333,191.2418,books-genre-a=5 | books-genre-b=5
q038,immigrant family adjusting to a new country,Torso,StripeLocal,Conceptual,Hybrid,interleave,0.8658797627935041,0.7,0.5384615384615384,0.4444444444444444,0.5545264344860718,0.9270201848786105,1,2,0.007933333,191.23080000000002,books-genre-a=5 | books-genre-b=5
q038,immigrant family adjusting to a new country,Torso,StripeLocal,Conceptual,Hybrid,quota-merge,0.8658797627935041,0.7,0.5384615384615384,0.4444444444444444,0.5545264344860718,0.9270201848786105,1,2,0.007933333,191.2218,books-genre-a=5 | books-genre-b=5
q038,immigrant family adjusting to a new country,Torso,StripeLocal,Conceptual,Hybrid,global-rrf,0.8658797627935041,0.7,0.5384615384615384,0.4444444444444444,0.5545264344860718,0.9270201848786105,1,2,0.007933333,191.23930000000001,books-genre-a=5 | books-genre-b=5
q038,immigrant family adjusting to a new country,Torso,StripeLocal,Conceptual,Hybrid,minmax-norm,0.8718057428746652,0.7,0.5384615384615384,0.5555555555555556,0.5801555042360501,0.932801483732564,1,2,0.007933333,191.2645,books-genre-a=5 | books-genre-b=5
q038,immigrant family adjusting to a new country,Torso,StripeLocal,Conceptual,Hybrid,zscore-norm,0.8640104091822234,0.7,0.5384615384615384,0.4444444444444444,0.548646111911088,0.918752830540385,1,2,0.007933333,191.2614,books-genre-a=5 | books-genre-b=5
q038,immigrant family adjusting to a new country,Torso,StripeLocal,Conceptual,Hybrid,vector-similarity,0.4728994506940895,0.3,0.17647058823529413,0.05555555555555555,0.1777078996224662,0.90262796779454,1,2,0.007933333,191.2304,books-genre-a=2 | books-genre-b=8
q038,immigrant family adjusting to a new country,Torso,StripeLocal,Conceptual,Hybrid,hybrid-legs,0.9345638427790354,0.6,0.42857142857142855,0.5111111111111111,0.6388380346422037,0.9371166382005486,1,2,0.007933333,191.2749,books-genre-a=3 | books-genre-b=7
q038,immigrant family adjusting to a new country,Torso,StripeLocal,Conceptual,Hybrid,idf-correct-probe,0.6818080393914691,0.2,0.1111111111111111,0.7333333333333333,0.2526944577307372,0.6012271749573918,1,2,0.007933333,191.2739,books-genre-a=4 | books-genre-b=6
q038,immigrant family adjusting to a new country,Torso,StripeLocal,Conceptual,Hybrid,idf-correct-sidecar,0.7407975945087352,0.3,0.17647058823529413,0.6444444444444445,0.3084099667800495,0.679737941961147,1,2,0.007933333,191.2707,books-genre-a=3 | books-genre-b=7
q038,immigrant family adjusting to a new country,Torso,StripeLocal,Conceptual,Hybrid,global-bm25,0.8996874003375432,0.6,0.42857142857142855,0.5555555555555556,0.6503133761263274,0.8054801220421298,1,2,0.007933333,192.5902,books-genre-a=3 | books-genre-b=7
q039,art history and the Renaissance painters,Torso,StripeLocal,Mixed,Hybrid,single-index,1,1,1,1,1,0.7376629029865616,1,1,0.005266667,192.3214,books-oracle2=10
q039,art history and the Renaissance painters,Torso,StripeLocal,Mixed,Hybrid,naive-score,0.8291347321692896,0.6,0.42857142857142855,0.5238095238095238,0.5979822969252759,0.6134047086258441,1,2,0.01015,189.5844,books-genre-a=4 | books-genre-b=6
q039,art history and the Renaissance painters,Torso,StripeLocal,Mixed,Hybrid,interleave,0.6373487497062136,0.5,0.3333333333333333,0.42857142857142855,0.35471417438037195,0.5255484300887776,1,2,0.01015,189.5716,books-genre-a=5 | books-genre-b=5
q039,art history and the Renaissance painters,Torso,StripeLocal,Mixed,Hybrid,quota-merge,0.6610214545428273,0.5,0.3333333333333333,0.42857142857142855,0.3950440253664992,0.5483808646650665,1,2,0.01015,189.5626,books-genre-a=5 | books-genre-b=5
q039,art history and the Renaissance painters,Torso,StripeLocal,Mixed,Hybrid,global-rrf,0.6610214545428273,0.5,0.3333333333333333,0.42857142857142855,0.3950440253664992,0.5483808646650665,1,2,0.01015,189.58059999999998,books-genre-a=5 | books-genre-b=5
q039,art history and the Renaissance painters,Torso,StripeLocal,Mixed,Hybrid,minmax-norm,0.7078865104514943,0.6,0.42857142857142855,0.42857142857142855,0.4866468186476335,0.5385687476171843,1,2,0.01015,189.6042,books-genre-a=4 | books-genre-b=6
q039,art history and the Renaissance painters,Torso,StripeLocal,Mixed,Hybrid,zscore-norm,0.5812515722839608,0.5,0.3333333333333333,0.5238095238095238,0.30439631645169374,0.488858862802153,1,2,0.01015,189.6025,books-genre-a=5 | books-genre-b=5
q039,art history and the Renaissance painters,Torso,StripeLocal,Mixed,Hybrid,vector-similarity,0.8730905217590925,0.7,0.5384615384615384,0.5111111111111111,0.5817490350587546,0.7544297070606548,1,2,0.01015,189.57459999999998,books-genre-b=10
q039,art history and the Renaissance painters,Torso,StripeLocal,Mixed,Hybrid,hybrid-legs,0.9999164833100198,1,1,0.9555555555555556,0.853127071209005,0.7367209444815718,1,2,0.01015,189.61769999999999,books-genre-b=10
q039,art history and the Renaissance painters,Torso,StripeLocal,Mixed,Hybrid,idf-correct-probe,0.9172155630554786,0.7,0.5384615384615384,0.4222222222222222,0.6278794629613832,0.6149812511240096,1,2,0.01015,189.6147,books-genre-a=1 | books-genre-b=9
q039,art history and the Renaissance painters,Torso,StripeLocal,Mixed,Hybrid,idf-correct-sidecar,0.9172155630554786,0.7,0.5384615384615384,0.4222222222222222,0.6278794629613832,0.6149812511240096,1,2,0.01015,189.61079999999998,books-genre-a=1 | books-genre-b=9
q039,art history and the Renaissance painters,Torso,StripeLocal,Mixed,Hybrid,global-bm25,0.8069589741587622,0.7,0.5384615384615384,0.5238095238095238,0.5486548782549978,0.6597523662555591,1,2,0.01015,190.9269,books-genre-a=3 | books-genre-b=7
q040,investing personal finance wealth,Torso,StripeLocal,Lexical,Hybrid,single-index,1,1,1,1,1,0.9371166382005486,1,1,0.0053,203.3061,books-oracle2=10
q040,investing personal finance wealth,Torso,StripeLocal,Lexical,Hybrid,naive-score,0.8716440215671655,0.7,0.5384615384615384,0.9047619047619048,0.7153241740896921,0.7494151747956033,1,2,0.007350000000000001,204.52210000000002,books-genre-a=3 | books-genre-b=7
q040,investing personal finance wealth,Torso,StripeLocal,Lexical,Hybrid,interleave,0.556519014690621,0.5,0.3333333333333333,0.7333333333333333,0.3530001235978937,0.4619777135880226,1,2,0.007350000000000001,204.5096,books-genre-a=5 | books-genre-b=5
q040,investing personal finance wealth,Torso,StripeLocal,Lexical,Hybrid,quota-merge,0.5801917195272348,0.5,0.3333333333333333,0.7333333333333333,0.39332997458402086,0.4750555868275848,1,2,0.007350000000000001,204.5003,books-genre-a=5 | books-genre-b=5
q040,investing personal finance wealth,Torso,StripeLocal,Lexical,Hybrid,global-rrf,0.5801917195272348,0.5,0.3333333333333333,0.7333333333333333,0.39332997458402086,0.4750555868275848,1,2,0.007350000000000001,204.51850000000002,books-genre-a=5 | books-genre-b=5
q040,investing personal finance wealth,Torso,StripeLocal,Lexical,Hybrid,minmax-norm,0.5987901851903147,0.6,0.42857142857142855,0.8095238095238095,0.38977759433153436,0.5226997481400818,1,2,0.007350000000000001,204.54170000000002,books-genre-a=4 | books-genre-b=6
q040,investing personal finance wealth,Torso,StripeLocal,Lexical,Hybrid,zscore-norm,0.44229640822432026,0.5,0.3333333333333333,0.3333333333333333,0.2209058393507119,0.40449998005218873,1,2,0.007350000000000001,204.5394,books-genre-a=5 | books-genre-b=5
q040,investing personal finance wealth,Torso,StripeLocal,Lexical,Hybrid,vector-similarity,0.979899346769974,0.9,0.8181818181818182,0.4666666666666667,0.7325193130403688,0.9173414328953917,1,2,0.007350000000000001,204.51270000000002,books-genre-b=10
q040,investing personal finance wealth,Torso,StripeLocal,Lexical,Hybrid,hybrid-legs,0.9997898725962474,1,1,0.9111111111111111,0.8483193241614684,0.9371166382005486,1,2,0.007350000000000001,204.5577,books-genre-b=10
q040,investing personal finance wealth,Torso,StripeLocal,Lexical,Hybrid,idf-correct-probe,0.9795446638649232,0.8,0.6666666666666666,0.6888888888888889,0.7380143716144135,0.8611375561264454,1,2,0.007350000000000001,204.5491,books-genre-b=10
q040,investing personal finance wealth,Torso,StripeLocal,Lexical,Hybrid,idf-correct-sidecar,0.9795446638649232,0.8,0.6666666666666666,0.6888888888888889,0.7380143716144135,0.8611375561264454,1,2,0.007350000000000001,204.5449,books-genre-b=10
q040,investing personal finance wealth,Torso,StripeLocal,Lexical,Hybrid,global-bm25,0.9354282581149841,0.9,0.8181818181818182,0.6888888888888889,0.6934323376281489,0.9371166382005486,1,2,0.007350000000000001,205.86970000000002,books-genre-b=10
q041,love,Head,CrossStripe,Lexical,Hybrid,single-index,1,1,1,1,1,1,1,1,0.005866667,208.3352,books-oracle2=10
q041,love,Head,CrossStripe,Lexical,Hybrid,naive-score,0.8519250873265332,0.5,0.3333333333333333,0.05555555555555555,0.4709534199798767,1,1,2,0.0079,185.2645,books-genre-a=5 | books-genre-b=5
q041,love,Head,CrossStripe,Lexical,Hybrid,interleave,0.7504118043241434,0.5,0.3333333333333333,0.05555555555555555,0.3939688845254188,1,1,2,0.0079,185.2496,books-genre-a=5 | books-genre-b=5
q041,love,Head,CrossStripe,Lexical,Hybrid,quota-merge,0.8724260754202025,0.5,0.3333333333333333,0.2222222222222222,0.5264345517972253,1,1,2,0.0079,185.24159999999998,books-genre-a=5 | books-genre-b=5
q041,love,Head,CrossStripe,Lexical,Hybrid,global-rrf,0.8724260754202025,0.5,0.3333333333333333,0.2222222222222222,0.5264345517972253,1,1,2,0.0079,185.2594,books-genre-a=5 | books-genre-b=5
q041,love,Head,CrossStripe,Lexical,Hybrid,minmax-norm,0.8450549818017312,0.5,0.3333333333333333,0,0.45263400583745683,1,1,2,0.0079,185.283,books-genre-a=5 | books-genre-b=5
q041,love,Head,CrossStripe,Lexical,Hybrid,zscore-norm,0.7371014044699199,0.5,0.3333333333333333,-0.05555555555555555,0.35211595841677196,1,1,2,0.0079,185.28009999999998,books-genre-a=5 | books-genre-b=5
q041,love,Head,CrossStripe,Lexical,Hybrid,vector-similarity,0.6653048470069783,0.5,0.3333333333333333,0.2,0.2997250681100137,1,1,2,0.0079,185.25369999999998,books-genre-b=10
q041,love,Head,CrossStripe,Lexical,Hybrid,hybrid-legs,0.9454435443449928,0.6,0.42857142857142855,0.5111111111111111,0.6702594652722474,1,1,2,0.0079,185.2978,books-genre-a=3 | books-genre-b=7
q041,love,Head,CrossStripe,Lexical,Hybrid,idf-correct-probe,0.9208438993503615,0.7,0.5384615384615384,0.6444444444444445,0.6164881695281922,1,1,2,0.0079,185.2865,books-genre-a=2 | books-genre-b=8
q041,love,Head,CrossStripe,Lexical,Hybrid,idf-correct-sidecar,0.9395465658647341,0.8,0.6666666666666666,0.5111111111111111,0.6407513076185917,1,1,2,0.0079,185.27519999999998,books-genre-a=1 | books-genre-b=9
q041,love,Head,CrossStripe,Lexical,Hybrid,global-bm25,0.8218513679127706,0.5,0.3333333333333333,0.2,0.48081693534172437,1,1,2,0.0079,186.6145,books-genre-a=3 | books-genre-b=7
q042,war,Head,CrossStripe,Lexical,Hybrid,single-index,1,1,1,1,1,1,1,1,0.005866667,199.283,books-oracle2=10
q042,war,Head,CrossStripe,Lexical,Hybrid,naive-score,0.91324637345434,0.9,0.8181818181818182,0.6,0.6548813652279389,1,1,2,0.007333333000000001,166.0624,books-genre-a=1 | books-genre-b=9
q042,war,Head,CrossStripe,Lexical,Hybrid,interleave,0.7386939423087635,0.5,0.3333333333333333,0.24444444444444444,0.3581536577687689,1,1,2,0.007333333000000001,166.0529,books-genre-a=5 | books-genre-b=5
q042,war,Head,CrossStripe,Lexical,Hybrid,quota-merge,0.7994998690868804,0.5,0.3333333333333333,0.4222222222222222,0.4061148532747955,1,1,2,0.007333333000000001,166.0444,books-genre-a=5 | books-genre-b=5
q042,war,Head,CrossStripe,Lexical,Hybrid,global-rrf,0.7994998690868804,0.5,0.3333333333333333,0.4222222222222222,0.4061148532747955,1,1,2,0.007333333000000001,166.06099999999998,books-genre-a=5 | books-genre-b=5
q042,war,Head,CrossStripe,Lexical,Hybrid,minmax-norm,0.8621088799996264,0.9,0.8181818181818182,0.4666666666666667,0.5641889569426259,1,1,2,0.007333333000000001,166.0838,books-genre-a=1 | books-genre-b=9
q042,war,Head,CrossStripe,Lexical,Hybrid,zscore-norm,0.6739150813622015,0.4,0.25,0.06666666666666667,0.2419036394773649,1,1,2,0.007333333000000001,166.0819,books-genre-a=6 | books-genre-b=4
q042,war,Head,CrossStripe,Lexical,Hybrid,vector-similarity,0.7173295440764053,0.8,0.6666666666666666,-0.24444444444444444,0.37155453488415174,1,1,2,0.007333333000000001,166.05429999999998,books-genre-a=1 | books-genre-b=9
q042,war,Head,CrossStripe,Lexical,Hybrid,hybrid-legs,0.9952135443936103,0.9,0.8181818181818182,0.8666666666666667,0.8181516838370342,1,1,2,0.007333333000000001,166.09949999999998,books-genre-a=1 | books-genre-b=9
q042,war,Head,CrossStripe,Lexical,Hybrid,idf-correct-probe,0.8380832297605947,0.4,0.25,0.6888888888888889,0.49062406335698083,1,1,2,0.007333333000000001,166.0862,books-genre-a=3 | books-genre-b=7
q042,war,Head,CrossStripe,Lexical,Hybrid,idf-correct-sidecar,0.8380832297605947,0.4,0.25,0.6888888888888889,0.49062406335698083,1,1,2,0.007333333000000001,167.1897,books-genre-a=3 | books-genre-b=7
q042,war,Head,CrossStripe,Lexical,Hybrid,global-bm25,0.7581725109905277,0.4,0.25,-0.1111111111111111,0.38838846641829783,1,1,2,0.007333333000000001,167.368,books-genre-a=1 | books-genre-b=9
q043,family,Head,CrossStripe,Lexical,Hybrid,single-index,1,1,1,1,1,1,1,1,0.005266667,218.7312,books-oracle2=10
q043,family,Head,CrossStripe,Lexical,Hybrid,naive-score,0.8151081527604475,0.8,0.6666666666666666,0.5714285714285714,0.5692913732781999,1,1,2,0.007933333,203.72109999999998,books-genre-a=4 | books-genre-b=6
q043,family,Head,CrossStripe,Lexical,Hybrid,interleave,0.7506391042695962,0.7,0.5384615384615384,0.3333333333333333,0.47147413706456787,1,1,2,0.007933333,203.70569999999998,books-genre-a=5 | books-genre-b=5
q043,family,Head,CrossStripe,Lexical,Hybrid,quota-merge,0.7582936797822094,0.7,0.5384615384615384,0.3333333333333333,0.4894718622946469,1,1,2,0.007933333,203.6941,books-genre-a=5 | books-genre-b=5
q043,family,Head,CrossStripe,Lexical,Hybrid,global-rrf,0.7582936797822094,0.7,0.5384615384615384,0.3333333333333333,0.4894718622946469,1,1,2,0.007933333,203.7159,books-genre-a=5 | books-genre-b=5
q043,family,Head,CrossStripe,Lexical,Hybrid,minmax-norm,0.8151081527604475,0.8,0.6666666666666666,0.5714285714285714,0.5692913732781999,1,1,2,0.007933333,203.7438,books-genre-a=4 | books-genre-b=6
q043,family,Head,CrossStripe,Lexical,Hybrid,zscore-norm,0.7696880761453156,0.8,0.6666666666666666,0.42857142857142855,0.49691837913530673,1,1,2,0.007933333,203.73739999999998,books-genre-a=4 | books-genre-b=6
q043,family,Head,CrossStripe,Lexical,Hybrid,vector-similarity,0.7243996089628023,0.4,0.25,0.4444444444444444,0.41581556904670913,0.9006688849845126,1,2,0.007933333,203.7009,books-genre-a=1 | books-genre-b=9
q043,family,Head,CrossStripe,Lexical,Hybrid,hybrid-legs,0.9687471301887723,0.8,0.6666666666666666,0.6,0.7051897123536031,1,1,2,0.007933333,203.7462,books-genre-a=3 | books-genre-b=7
q043,family,Head,CrossStripe,Lexical,Hybrid,idf-correct-probe,0.8395198248529001,0.7,0.5384615384615384,0.4222222222222222,0.5169559995969475,1,1,2,0.007933333,203.7345,books-genre-a=4 | books-genre-b=6
q043,family,Head,CrossStripe,Lexical,Hybrid,idf-correct-sidecar,0.8381391635704863,0.7,0.5384615384615384,0.3333333333333333,0.5121482525494109,1,1,2,0.007933333,203.7253,books-genre-a=4 | books-genre-b=6
q043,family,Head,CrossStripe,Lexical,Hybrid,global-bm25,0.47902543611518805,0.4,0.25,0,0.24520314369644533,0.9216017310213247,0.9,2,0.007933333,205.03379999999999,books-genre-a=4 | books-genre-b=6
q044,death,Head,CrossStripe,Lexical,Hybrid,single-index,1,1,1,1,1,1,1,1,0.005866667,197.3636,books-oracle2=10
q044,death,Head,CrossStripe,Lexical,Hybrid,naive-score,0.8721230637082686,0.6,0.42857142857142855,0.1111111111111111,0.5305412446918267,1,1,2,0.0056166670000000005,140.26139999999998,books-genre-a=3 | books-genre-b=7
q044,death,Head,CrossStripe,Lexical,Hybrid,interleave,0.869789004549535,0.8,0.6666666666666666,0.7777777777777778,0.6407575878350282,1,1,2,0.0056166670000000005,140.2471,books-genre-a=5 | books-genre-b=5
q044,death,Head,CrossStripe,Lexical,Hybrid,quota-merge,0.9430254105416476,0.8,0.6666666666666666,0.8333333333333334,0.746834268918356,1,1,2,0.0056166670000000005,140.23919999999998,books-genre-a=5 | books-genre-b=5
q044,death,Head,CrossStripe,Lexical,Hybrid,global-rrf,0.9430254105416476,0.8,0.6666666666666666,0.8333333333333334,0.746834268918356,1,1,2,0.0056166670000000005,140.2561,books-genre-a=5 | books-genre-b=5
q044,death,Head,CrossStripe,Lexical,Hybrid,minmax-norm,0.9329333790722086,0.7,0.5384615384615384,0.7222222222222222,0.6986242039933354,1,1,2,0.0056166670000000005,140.2798,books-genre-a=4 | books-genre-b=6
q044,death,Head,CrossStripe,Lexical,Hybrid,zscore-norm,0.8280247388684017,0.8,0.6666666666666666,0.5,0.5674080920220379,1,1,2,0.0056166670000000005,140.2765,books-genre-a=5 | books-genre-b=5
q044,death,Head,CrossStripe,Lexical,Hybrid,vector-similarity,0.7750749075383533,0.5,0.3333333333333333,0.3333333333333333,0.36995409063672446,0.9621404437403491,1,2,0.0056166670000000005,140.2473,books-genre-a=7 | books-genre-b=3
q044,death,Head,CrossStripe,Lexical,Hybrid,hybrid-legs,0.8995752318144773,0.7,0.5384615384615384,0.5555555555555556,0.627995919100764,1,1,2,0.0056166670000000005,140.2916,books-genre-a=5 | books-genre-b=5
q044,death,Head,CrossStripe,Lexical,Hybrid,idf-correct-probe,0.5371793669462199,0.3,0.17647058823529413,0.1111111111111111,0.1550916378701766,1,1,2,0.0056166670000000005,140.283,books-genre-a=8 | books-genre-b=2
q044,death,Head,CrossStripe,Lexical,Hybrid,idf-correct-sidecar,0.6047432198478537,0.3,0.17647058823529413,0.1111111111111111,0.24578404615548968,1,1,2,0.0056166670000000005,140.2723,books-genre-a=8 | books-genre-b=2
q044,death,Head,CrossStripe,Lexical,Hybrid,global-bm25,0.6089186450357439,0.5,0.3333333333333333,-0.2777777777777778,0.25135142451669873,1,1,2,0.0056166670000000005,141.5502,books-genre-a=6 | books-genre-b=4
q045,friendship,Head,CrossStripe,Lexical,Hybrid,single-index,1,1,1,1,1,1,1,1,0.0047,189.1493,books-oracle2=10
q045,friendship,Head,CrossStripe,Lexical,Hybrid,naive-score,0.9150533020256391,0.6,0.42857142857142855,0.24444444444444444,0.5812867703356376,1,1,2,0.006783333,153.4308,books-genre-a=5 | books-genre-b=5
q045,friendship,Head,CrossStripe,Lexical,Hybrid,interleave,0.9279668255670535,0.6,0.42857142857142855,0.3333333333333333,0.6424220591212733,1,1,2,0.006783333,153.4093,books-genre-a=5 | books-genre-b=5
q045,friendship,Head,CrossStripe,Lexical,Hybrid,quota-merge,0.8672213073899966,0.6,0.42857142857142855,0.3333333333333333,0.5543431032680246,1,1,2,0.006783333,153.4014,books-genre-a=5 | books-genre-b=5
q045,friendship,Head,CrossStripe,Lexical,Hybrid,global-rrf,0.8672213073899966,0.6,0.42857142857142855,0.3333333333333333,0.5543431032680246,1,1,2,0.006783333,153.4186,books-genre-a=5 | books-genre-b=5
q045,friendship,Head,CrossStripe,Lexical,Hybrid,minmax-norm,0.8693707699690528,0.6,0.42857142857142855,0.3333333333333333,0.5661676478644626,1,1,2,0.006783333,153.4407,books-genre-a=4 | books-genre-b=6
q045,friendship,Head,CrossStripe,Lexical,Hybrid,zscore-norm,0.907468391628307,0.5,0.3333333333333333,0.3333333333333333,0.5675688205697659,1,1,2,0.006783333,153.4371,books-genre-a=6 | books-genre-b=4
q045,friendship,Head,CrossStripe,Lexical,Hybrid,vector-similarity,0.815893675708919,0.6,0.42857142857142855,0.3333333333333333,0.43599564876381564,1,1,2,0.006783333,153.4093,books-genre-a=2 | books-genre-b=8
q045,friendship,Head,CrossStripe,Lexical,Hybrid,hybrid-legs,0.9063806816614954,0.7,0.5384615384615384,0.5111111111111111,0.6299812084142508,1,1,2,0.006783333,153.45589999999999,books-genre-a=4 | books-genre-b=6
q045,friendship,Head,CrossStripe,Lexical,Hybrid,idf-correct-probe,0.6006231929438587,0.3,0.17647058823529413,0.4222222222222222,0.2114301553654342,0.9206500320722545,1,2,0.006783333,153.4417,books-genre-a=2 | books-genre-b=8
q045,friendship,Head,CrossStripe,Lexical,Hybrid,idf-correct-sidecar,0.5756636114479038,0.2,0.1111111111111111,0.6888888888888889,0.15997504075426694,0.9206500320722545,1,2,0.006783333,153.4339,books-genre-a=6 | books-genre-b=4
q045,friendship,Head,CrossStripe,Lexical,Hybrid,global-bm25,0.7414563805159917,0.2,0.1111111111111111,0.24444444444444444,0.3856399320911672,1,1,2,0.006783333,154.7324,books-genre-a=6 | books-genre-b=4
q046,coming of age story about a teenager finding their identity,Torso,CrossStripe,Conceptual,Hybrid,single-index,1,1,1,1,1,0.9636452638863133,1,1,0.0053,208.2276,books-oracle2=10
q046,coming of age story about a teenager finding their identity,Torso,CrossStripe,Conceptual,Hybrid,naive-score,0.7413302384208067,0.5,0.3333333333333333,0.4666666666666667,0.5008158174637019,0.8915802009560909,0.9,2,0.010166667,215.5583,books-genre-a=3 | books-genre-b=7
q046,coming of age story about a teenager finding their identity,Torso,CrossStripe,Conceptual,Hybrid,interleave,0.7541005972521069,0.5,0.3333333333333333,0.9047619047619048,0.4918809159801185,0.9257857076266625,1,2,0.010166667,215.5458,books-genre-a=5 | books-genre-b=5
q046,coming of age story about a teenager finding their identity,Torso,CrossStripe,Conceptual,Hybrid,quota-merge,0.8046762434085154,0.5,0.3333333333333333,0.9047619047619048,0.5923989634008036,0.9257857076266625,1,2,0.010166667,215.5374,books-genre-a=5 | books-genre-b=5
q046,coming of age story about a teenager finding their identity,Torso,CrossStripe,Conceptual,Hybrid,global-rrf,0.8046762434085154,0.5,0.3333333333333333,0.9047619047619048,0.5923989634008036,0.9257857076266625,1,2,0.010166667,215.5676,books-genre-a=5 | books-genre-b=5
q046,coming of age story about a teenager finding their identity,Torso,CrossStripe,Conceptual,Hybrid,minmax-norm,0.797029523855558,0.5,0.3333333333333333,0.8095238095238095,0.5923989634008036,0.9257857076266625,1,2,0.010166667,215.5799,books-genre-a=5 | books-genre-b=5
q046,coming of age story about a teenager finding their identity,Torso,CrossStripe,Conceptual,Hybrid,zscore-norm,0.7492282075902832,0.5,0.3333333333333333,0.7142857142857143,0.4918809159801185,0.9257857076266625,1,2,0.010166667,215.5757,books-genre-a=5 | books-genre-b=5
q046,coming of age story about a teenager finding their identity,Torso,CrossStripe,Conceptual,Hybrid,vector-similarity,0.6858753558707367,0.5,0.3333333333333333,0.022222222222222223,0.28352374506783146,0.9621404437403491,1,2,0.010166667,215.5457,books-genre-a=9 | books-genre-b=1
q046,coming of age story about a teenager finding their identity,Torso,CrossStripe,Conceptual,Hybrid,hybrid-legs,0.893141355426014,0.6,0.42857142857142855,0.6444444444444445,0.5701879287090164,0.9155260051911699,1,2,0.010166667,215.5906,books-genre-a=8 | books-genre-b=2
q046,coming of age story about a teenager finding their identity,Torso,CrossStripe,Conceptual,Hybrid,idf-correct-probe,0.4505900109390077,0.1,0.05263157894736842,0.4666666666666667,0.08978504117946005,0.6105249236864911,1,2,0.010166667,215.5911,books-genre-a=5 | books-genre-b=5
q046,coming of age story about a teenager finding their identity,Torso,CrossStripe,Conceptual,Hybrid,idf-correct-sidecar,0.4505900109390077,0.1,0.05263157894736842,0.4666666666666667,0.08978504117946005,0.6105249236864911,1,2,0.010166667,215.589,books-genre-a=5 | books-genre-b=5
q046,coming of age story about a teenager finding their identity,Torso,CrossStripe,Conceptual,Hybrid,global-bm25,0.423537760438416,0.2,0.1111111111111111,-0.21428571428571427,0.15847731888374497,0.8563544856898851,0.9,2,0.010166667,216.881,books-genre-a=5 | books-genre-b=5
q047,a story about losing someone you love and learning to go on,Torso,CrossStripe,Conceptual,Hybrid,single-index,1,1,1,1,1,0.9404875240541909,1,1,0.005866667,200.7566,books-oracle2=10
q047,a story about losing someone you love and learning to go on,Torso,CrossStripe,Conceptual,Hybrid,naive-score,0.8235441508622903,0.8,0.6666666666666666,0.24444444444444444,0.5340989959026524,1,1,2,0.009066667,213.5766,books-genre-a=4 | books-genre-b=6
q047,a story about losing someone you love and learning to go on,Torso,CrossStripe,Conceptual,Hybrid,interleave,0.7869578101907363,0.7,0.5384615384615384,0.16666666666666666,0.504952869688911,1,1,2,0.009066667,213.5646,books-genre-a=5 | books-genre-b=5
q047,a story about losing someone you love and learning to go on,Torso,CrossStripe,Conceptual,Hybrid,quota-merge,0.7909889665556459,0.7,0.5384615384615384,0.2777777777777778,0.5257741923913527,1,1,2,0.009066667,213.55450000000002,books-genre-a=5 | books-genre-b=5
q047,a story about losing someone you love and learning to go on,Torso,CrossStripe,Conceptual,Hybrid,global-rrf,0.7909889665556459,0.7,0.5384615384615384,0.2777777777777778,0.5257741923913527,1,1,2,0.009066667,213.57150000000001,books-genre-a=5 | books-genre-b=5
q047,a story about losing someone you love and learning to go on,Torso,CrossStripe,Conceptual,Hybrid,minmax-norm,0.8267401139028895,0.8,0.6666666666666666,0.28888888888888886,0.5472889740851947,1,1,2,0.009066667,213.595,books-genre-a=4 | books-genre-b=6
q047,a story about losing someone you love and learning to go on,Torso,CrossStripe,Conceptual,Hybrid,zscore-norm,0.8235441508622903,0.8,0.6666666666666666,0.24444444444444444,0.5340989959026524,1,1,2,0.009066667,213.59230000000002,books-genre-a=4 | books-genre-b=6
q047,a story about losing someone you love and learning to go on,Torso,CrossStripe,Conceptual,Hybrid,vector-similarity,0.5360274253696761,0.3,0.17647058823529413,-0.022222222222222223,0.20373501315356132,0.8822211740336531,1,2,0.009066667,213.5628,books-genre-a=1 | books-genre-b=9
q047,a story about losing someone you love and learning to go on,Torso,CrossStripe,Conceptual,Hybrid,hybrid-legs,0.8838885113375722,0.7,0.5384615384615384,0.4222222222222222,0.580262298352953,0.8974416542366758,1,2,0.009066667,213.65120000000002,books-genre-a=3 | books-genre-b=7
q047,a story about losing someone you love and learning to go on,Torso,CrossStripe,Conceptual,Hybrid,idf-correct-probe,0.3782630775136631,0.1,0.05263157894736842,0.1111111111111111,0.05074039975644117,0.5696629796158347,1,2,0.009066667,213.61180000000002,books-genre-a=5 | books-genre-b=5
q047,a story about losing someone you love and learning to go on,Torso,CrossStripe,Conceptual,Hybrid,idf-correct-sidecar,0.3628791763587567,0,0,0.6111111111111112,0.022256126002998776,0.5163818400787489,1,2,0.009066667,213.6063,books-genre-a=4 | books-genre-b=6
q047,a story about losing someone you love and learning to go on,Torso,CrossStripe,Conceptual,Hybrid,global-bm25,0.4437158519778198,0.2,0.1111111111111111,-0.2222222222222222,0.13593042631933216,0.37987392659410324,1,2,0.009066667,214.8693,books-genre-a=4 | books-genre-b=6
q048,World War II,Head,CrossStripe,Lexical,Hybrid,single-index,1,1,1,1,1,0.7799082337019198,1,1,0.005866667,237.2775,books-oracle2=10
q048,World War II,Head,CrossStripe,Lexical,Hybrid,naive-score,0.6629540635071426,0.7,0.5384615384615384,-0.05555555555555555,0.28570963400229155,0.6659485553357842,1,2,0.008483333,209.3876,books-genre-a=4 | books-genre-b=6
q048,World War II,Head,CrossStripe,Lexical,Hybrid,interleave,0.7254122088376931,0.6,0.42857142857142855,0.07142857142857142,0.3886577920357321,0.5996943318813952,1,2,0.008483333,209.3757,books-genre-a=5 | books-genre-b=5
q048,World War II,Head,CrossStripe,Lexical,Hybrid,quota-merge,0.8316151938471683,0.6,0.42857142857142855,0.14285714285714285,0.5016149310238535,0.521098444712307,1,2,0.008483333,209.3679,books-genre-a=5 | books-genre-b=5
q048,World War II,Head,CrossStripe,Lexical,Hybrid,global-rrf,0.8316151938471683,0.6,0.42857142857142855,0.14285714285714285,0.5016149310238535,0.521098444712307,1,2,0.008483333,209.3851,books-genre-a=5 | books-genre-b=5
q048,World War II,Head,CrossStripe,Lexical,Hybrid,minmax-norm,0.8908839062773194,0.7,0.5384615384615384,0.3333333333333333,0.5821853286225127,0.611755947233009,1,2,0.008483333,209.4233,books-genre-a=4 | books-genre-b=6
q048,World War II,Head,CrossStripe,Lexical,Hybrid,zscore-norm,0.6629540635071426,0.7,0.5384615384615384,-0.05555555555555555,0.28570963400229155,0.6659485553357842,1,2,0.008483333,209.4041,books-genre-a=4 | books-genre-b=6
q048,World War II,Head,CrossStripe,Lexical,Hybrid,vector-similarity,0.5826302115103569,0.3,0.17647058823529413,0.24444444444444444,0.17256514784770116,0.9148568823583789,1,2,0.008483333,209.3794,books-genre-b=10
q048,World War II,Head,CrossStripe,Lexical,Hybrid,hybrid-legs,0.9833084917864361,0.8,0.6666666666666666,0.6888888888888889,0.7879258787668212,0.7799082337019198,1,2,0.008483333,209.4201,books-genre-a=1 | books-genre-b=9
q048,World War II,Head,CrossStripe,Lexical,Hybrid,idf-correct-probe,0.735761531121031,0.7,0.5384615384615384,0.2,0.4697482149739961,0.7967610662472993,1,2,0.008483333,209.4138,books-genre-a=2 | books-genre-b=8
q048,World War II,Head,CrossStripe,Lexical,Hybrid,idf-correct-sidecar,0.735761531121031,0.7,0.5384615384615384,0.2,0.4697482149739961,0.7967610662472993,1,2,0.008483333,209.4336,books-genre-a=2 | books-genre-b=8
q048,World War II,Head,CrossStripe,Lexical,Hybrid,global-bm25,0.5827310232635295,0.6,0.42857142857142855,0.14285714285714285,0.4264085254465186,0.9580777588003657,1,2,0.008483333,210.6928,books-genre-a=3 | books-genre-b=7
q049,survival against impossible odds in a hostile environment,Torso,CrossStripe,Conceptual,Hybrid,single-index,1,1,1,1,1,1,1,1,0.005866667,210.7769,books-oracle2=10
q049,survival against impossible odds in a hostile environment,Torso,CrossStripe,Conceptual,Hybrid,naive-score,0.9932953205688448,1,1,0.6,0.7721462308761151,1,1,2,0.008483333,189.3547,books-genre-a=4 | books-genre-b=6
q049,survival against impossible odds in a hostile environment,Torso,CrossStripe,Conceptual,Hybrid,interleave,0.872152408913622,0.9,0.8181818181818182,0.5111111111111111,0.595307152879341,1,1,2,0.008483333,189.3355,books-genre-a=5 | books-genre-b=5
q049,survival against impossible odds in a hostile environment,Torso,CrossStripe,Conceptual,Hybrid,quota-merge,0.8774596995523974,0.9,0.8181818181818182,0.6,0.6133048781094199,1,1,2,0.008483333,189.3261,books-genre-a=5 | books-genre-b=5
q049,survival against impossible odds in a hostile environment,Torso,CrossStripe,Conceptual,Hybrid,global-rrf,0.8774596995523974,0.9,0.8181818181818182,0.6,0.6133048781094199,1,1,2,0.008483333,189.3437,books-genre-a=5 | books-genre-b=5
q049,survival against impossible odds in a hostile environment,Torso,CrossStripe,Conceptual,Hybrid,minmax-norm,0.8727116754364733,0.9,0.8181818181818182,0.5555555555555556,0.6001148999268777,1,1,2,0.008483333,189.3671,books-genre-a=5 | books-genre-b=5
q049,survival against impossible odds in a hostile environment,Torso,CrossStripe,Conceptual,Hybrid,zscore-norm,0.9731879361825996,1,1,0.5111111111111111,0.7077134475448439,1,1,2,0.008483333,189.3656,books-genre-a=4 | books-genre-b=6
q049,survival against impossible odds in a hostile environment,Torso,CrossStripe,Conceptual,Hybrid,vector-similarity,0.6688228590530764,0.3,0.17647058823529413,0.3333333333333333,0.3225748285390292,1,1,2,0.008483333,189.3356,books-genre-a=4 | books-genre-b=6
q049,survival against impossible odds in a hostile environment,Torso,CrossStripe,Conceptual,Hybrid,hybrid-legs,0.8664759720467419,0.5,0.3333333333333333,0.3333333333333333,0.4864449402277618,1,1,2,0.008483333,189.38,books-genre-a=4 | books-genre-b=6
q049,survival against impossible odds in a hostile environment,Torso,CrossStripe,Conceptual,Hybrid,idf-correct-probe,0.4043487497560221,0,0,0.9555555555555556,0.033106895138757975,0.47337043941638596,1,2,0.008483333,189.3827,books-genre-a=8 | books-genre-b=2
q049,survival against impossible odds in a hostile environment,Torso,CrossStripe,Conceptual,Hybrid,idf-correct-sidecar,0.4043487497560221,0,0,0.9555555555555556,0.033106895138757975,0.47337043941638596,1,2,0.008483333,189.3757,books-genre-a=8 | books-genre-b=2
q049,survival against impossible odds in a hostile environment,Torso,CrossStripe,Conceptual,Hybrid,global-bm25,0.6562939606335759,0.4,0.25,0.2,0.27452854885723305,0.7638203573373049,1,2,0.008483333,190.6742,books-genre-a=3 | books-genre-b=7
q050,revenge,Head,CrossStripe,Lexical,Hybrid,single-index,1,1,1,1,1,1,1,1,0.002883333,123.3119,books-oracle2=10
q050,revenge,Head,CrossStripe,Lexical,Hybrid,naive-score,0.9583025746352574,0.9,0.8181818181818182,0.7222222222222222,0.7578296965812544,1,1,2,0.0033166660000000002,100.90029999999999,books-genre-a=7 | books-genre-b=3
q050,revenge,Head,CrossStripe,Lexical,Hybrid,interleave,0.9710645826746361,0.8,0.6666666666666666,0.7333333333333333,0.7045154621031494,0.9636452638863133,1,2,0.0033166660000000002,100.88659999999999,books-genre-a=5 | books-genre-b=5
q050,revenge,Head,CrossStripe,Lexical,Hybrid,quota-merge,0.969927675630198,0.8,0.6666666666666666,0.6444444444444445,0.6997077150556128,0.9621404437403491,1,2,0.0033166660000000002,100.8774,books-genre-a=5 | books-genre-b=5
q050,revenge,Head,CrossStripe,Lexical,Hybrid,global-rrf,0.969927675630198,0.8,0.6666666666666666,0.6444444444444445,0.6997077150556128,0.9621404437403491,1,2,0.0033166660000000002,100.9092,books-genre-a=5 | books-genre-b=5
q050,revenge,Head,CrossStripe,Lexical,Hybrid,minmax-norm,0.934342699067519,0.9,0.8181818181818182,0.5555555555555556,0.6854567024383612,1,1,2,0.0033166660000000002,100.92139999999999,books-genre-a=7 | books-genre-b=3
q050,revenge,Head,CrossStripe,Lexical,Hybrid,zscore-norm,0.8244662575098047,0.9,0.8181818181818182,0.5111111111111111,0.5271949041454659,1,1,2,0.0033166660000000002,100.9186,books-genre-a=6 | books-genre-b=4
q050,revenge,Head,CrossStripe,Lexical,Hybrid,vector-similarity,0.9177362541715055,0.8,0.6666666666666666,0.28888888888888886,0.6033662056293224,1,1,2,0.0033166660000000002,100.88709999999999,books-genre-a=6 | books-genre-b=4
q050,revenge,Head,CrossStripe,Lexical,Hybrid,hybrid-legs,0.993789350999876,0.9,0.8181818181818182,0.9111111111111111,0.8139094129275923,1,1,2,0.0033166660000000002,100.93069999999999,books-genre-a=6 | books-genre-b=4
q050,revenge,Head,CrossStripe,Lexical,Hybrid,idf-correct-probe,0.9538050288528893,0.8,0.6666666666666666,0.8666666666666667,0.7110331461832824,1,1,2,0.0033166660000000002,100.92049999999999,books-genre-a=6 | books-genre-b=4
q050,revenge,Head,CrossStripe,Lexical,Hybrid,idf-correct-sidecar,0.9538050288528893,0.8,0.6666666666666666,0.8666666666666667,0.7110331461832824,1,1,2,0.0033166660000000002,100.9096,books-genre-a=6 | books-genre-b=4
q050,revenge,Head,CrossStripe,Lexical,Hybrid,global-bm25,0.7247532274743741,0.5,0.3333333333333333,0.06666666666666667,0.394032361077376,1,1,2,0.0033166660000000002,102.13149999999999,books-genre-a=5 | books-genre-b=5
q051,betrayal by someone you trusted completely,Torso,CrossStripe,Conceptual,Hybrid,single-index,1,1,1,1,1,0.9636452638863133,1,1,0.0053,208.7385,books-oracle2=10
q051,betrayal by someone you trusted completely,Torso,CrossStripe,Conceptual,Hybrid,naive-score,0.6832484470414941,0.6,0.42857142857142855,0,0.38772984860568743,0.9552009891550426,1,2,0.007916666,182.1042,books-genre-a=7 | books-genre-b=3
q051,betrayal by someone you trusted completely,Torso,CrossStripe,Conceptual,Hybrid,interleave,0.5243201364233459,0.4,0.25,-0.047619047619047616,0.20601396297349486,0.9206500320722545,1,2,0.007916666,182.0921,books-genre-a=5 | books-genre-b=5
q051,betrayal by someone you trusted completely,Torso,CrossStripe,Conceptual,Hybrid,quota-merge,0.5041764754061678,0.4,0.25,-0.23809523809523808,0.18038489322351653,0.9206500320722545,1,2,0.007916666,182.0836,books-genre-a=5 | books-genre-b=5
q051,betrayal by someone you trusted completely,Torso,CrossStripe,Conceptual,Hybrid,global-rrf,0.5041764754061678,0.4,0.25,-0.23809523809523808,0.18038489322351653,0.9206500320722545,1,2,0.007916666,182.1012,books-genre-a=5 | books-genre-b=5
q051,betrayal by someone you trusted completely,Torso,CrossStripe,Conceptual,Hybrid,minmax-norm,0.5800519186814436,0.5,0.3333333333333333,-0.23809523809523808,0.2812086923447086,0.9206500320722545,1,2,0.007916666,182.12359999999998,books-genre-a=6 | books-genre-b=4
q051,betrayal by someone you trusted completely,Torso,CrossStripe,Conceptual,Hybrid,zscore-norm,0.4839686317138161,0.5,0.3333333333333333,-0.23809523809523808,0.22661683820029763,0.874233276401097,1,2,0.007916666,182.12,books-genre-a=6 | books-genre-b=4
q051,betrayal by someone you trusted completely,Torso,CrossStripe,Conceptual,Hybrid,vector-similarity,0.6444875190704128,0.5,0.3333333333333333,0,0.33181108970076,1,1,2,0.007916666,182.0924,books-genre-a=9 | books-genre-b=1
q051,betrayal by someone you trusted completely,Torso,CrossStripe,Conceptual,Hybrid,hybrid-legs,0.7332393028844187,0.6,0.42857142857142855,0.16666666666666666,0.416799053382877,1,1,2,0.007916666,182.136,books-genre-a=9 | books-genre-b=1
q051,betrayal by someone you trusted completely,Torso,CrossStripe,Conceptual,Hybrid,idf-correct-probe,0.613149150898304,0.3,0.17647058823529413,0.2,0.20540574084725724,0.7655363925908236,1,2,0.007916666,182.13469999999998,books-genre-a=7 | books-genre-b=3
q051,betrayal by someone you trusted completely,Torso,CrossStripe,Conceptual,Hybrid,idf-correct-sidecar,0.669724960394378,0.4,0.25,-0.022222222222222223,0.24378387214229935,0.8339313239490922,1,2,0.007916666,182.1283,books-genre-a=8 | books-genre-b=2
q051,betrayal by someone you trusted completely,Torso,CrossStripe,Conceptual,Hybrid,global-bm25,0.4057387910367406,0.2,0.1111111111111111,0.1111111111111111,0.07252072115273063,0.7766054942524037,1,2,0.007916666,183.4389,books-genre-a=5 | books-genre-b=5
q052,an orphan raised by strangers who discovers the truth about their parents,Tail,CrossStripe,Conceptual,Hybrid,single-index,1,1,1,1,1,0.45206836237204445,1,1,0.0053,203.211,books-oracle2=10
q052,an orphan raised by strangers who discovers the truth about their parents,Tail,CrossStripe,Conceptual,Hybrid,naive-score,0.9789857123067018,0.9,0.8181818181818182,0.7333333333333333,0.7649360254448517,0.47589170105076434,1,2,0.009066667,216.4138,books-genre-a=4 | books-genre-b=6
q052,an orphan raised by strangers who discovers the truth about their parents,Tail,CrossStripe,Conceptual,Hybrid,interleave,0.9605233296833362,0.9,0.8181818181818182,0.3333333333333333,0.6647555231199989,0.40279732276442987,1,2,0.009066667,216.3971,books-genre-a=5 | books-genre-b=5
q052,an orphan raised by strangers who discovers the truth about their parents,Tail,CrossStripe,Conceptual,Hybrid,quota-merge,0.9000383746528594,0.9,0.8181818181818182,0.4666666666666667,0.6121986712053405,0.4775902048427162,1,2,0.009066667,216.3897,books-genre-a=5 | books-genre-b=5
q052,an orphan raised by strangers who discovers the truth about their parents,Tail,CrossStripe,Conceptual,Hybrid,global-rrf,0.9000383746528594,0.9,0.8181818181818182,0.4666666666666667,0.6121986712053405,0.4775902048427162,1,2,0.009066667,216.4062,books-genre-a=5 | books-genre-b=5
q052,an orphan raised by strangers who discovers the truth about their parents,Tail,CrossStripe,Conceptual,Hybrid,minmax-norm,0.9062367179514961,0.9,0.8181818181818182,0.7333333333333333,0.6683007778516529,0.5508019895543756,1,2,0.009066667,216.42849999999999,books-genre-a=4 | books-genre-b=6
q052,an orphan raised by strangers who discovers the truth about their parents,Tail,CrossStripe,Conceptual,Hybrid,zscore-norm,0.976891903476237,0.9,0.8181818181818182,0.6444444444444445,0.7469383002147729,0.47396460143277985,1,2,0.009066667,216.4261,books-genre-a=4 | books-genre-b=6
q052,an orphan raised by strangers who discovers the truth about their parents,Tail,CrossStripe,Conceptual,Hybrid,vector-similarity,0.8008238138506457,0.6,0.42857142857142855,0.28888888888888886,0.4490783897541614,0.6523450981983494,1,2,0.009066667,216.3969,books-genre-a=4 | books-genre-b=6
q052,an orphan raised by strangers who discovers the truth about their parents,Tail,CrossStripe,Conceptual,Hybrid,hybrid-legs,0.9711141513799979,0.8,0.6666666666666666,0.6444444444444445,0.7422303473430764,0.4968528216505815,1,2,0.009066667,216.4418,books-genre-a=4 | books-genre-b=6
q052,an orphan raised by strangers who discovers the truth about their parents,Tail,CrossStripe,Conceptual,Hybrid,idf-correct-probe,0.8200822480678147,0.4,0.25,0.3333333333333333,0.45124738030656547,0.1661392775573379,1,2,0.009066667,216.4459,books-genre-a=6 | books-genre-b=4
q052,an orphan raised by strangers who discovers the truth about their parents,Tail,CrossStripe,Conceptual,Hybrid,idf-correct-sidecar,0.8200822480678147,0.4,0.25,0.3333333333333333,0.45124738030656547,0.1661392775573379,1,2,0.009066667,216.4417,books-genre-a=6 | books-genre-b=4
q052,an orphan raised by strangers who discovers the truth about their parents,Tail,CrossStripe,Conceptual,Hybrid,global-bm25,0.7631178931849757,0.4,0.25,0.37777777777777777,0.37405773012585253,0.46980187068472185,1,2,0.009066667,217.7067,books-genre-a=4 | books-genre-b=6
q053,political corruption and the abuse of power,Torso,CrossStripe,Mixed,Hybrid,single-index,1,1,1,1,1,0.8506038718599713,1,1,0.0053,202.6227,books-oracle2=10
q053,political corruption and the abuse of power,Torso,CrossStripe,Mixed,Hybrid,naive-score,0.9846967326068267,0.9,0.8181818181818182,0.5111111111111111,0.7451694939481615,0.918402774836493,1,2,0.007933333,182.1779,books-genre-a=2 | books-genre-b=8
q053,political corruption and the abuse of power,Torso,CrossStripe,Mixed,Hybrid,interleave,0.9240424844108659,0.7,0.5384615384615384,0.37777777777777777,0.6571445931402987,0.9636452638863133,1,2,0.007933333,182.1643,books-genre-a=5 | books-genre-b=5
q053,political corruption and the abuse of power,Torso,CrossStripe,Mixed,Hybrid,quota-merge,0.9287407323382887,0.7,0.5384615384615384,0.4666666666666667,0.6619523401878354,0.9621404437403491,1,2,0.007933333,182.1621,books-genre-a=5 | books-genre-b=5
q053,political corruption and the abuse of power,Torso,CrossStripe,Mixed,Hybrid,global-rrf,0.9287407323382887,0.7,0.5384615384615384,0.4666666666666667,0.6619523401878354,0.9621404437403491,1,2,0.007933333,182.1749,books-genre-a=5 | books-genre-b=5
q053,political corruption and the abuse of power,Torso,CrossStripe,Mixed,Hybrid,minmax-norm,0.9888271345245837,0.9,0.8181818181818182,0.6888888888888889,0.7626933221049677,0.9132787479554083,1,2,0.007933333,182.217,books-genre-a=2 | books-genre-b=8
q053,political corruption and the abuse of power,Torso,CrossStripe,Mixed,Hybrid,zscore-norm,0.9243225556027808,0.8,0.6666666666666666,0.15555555555555556,0.6090741959990248,0.9224654597764764,1,2,0.007933333,182.1927,books-genre-a=4 | books-genre-b=6
q053,political corruption and the abuse of power,Torso,CrossStripe,Mixed,Hybrid,vector-similarity,0.7493633168922469,0.7,0.5384615384615384,-0.2,0.35510884250834845,0.8787277908726202,1,2,0.007933333,182.1659,books-genre-a=1 | books-genre-b=9
q053,political corruption and the abuse of power,Torso,CrossStripe,Mixed,Hybrid,hybrid-legs,0.9886635822735741,0.8,0.6666666666666666,0.7777777777777778,0.7645525036815094,0.9094245487194395,1,2,0.007933333,182.21020000000001,books-genre-a=1 | books-genre-b=9
q053,political corruption and the abuse of power,Torso,CrossStripe,Mixed,Hybrid,idf-correct-probe,0.8090756347270033,0.4,0.25,0.28888888888888886,0.42972606343620745,0.8512188101354772,0.9,2,0.007933333,182.2065,books-genre-a=7 | books-genre-b=3
q053,political corruption and the abuse of power,Torso,CrossStripe,Mixed,Hybrid,idf-correct-sidecar,0.820640246318752,0.4,0.25,0.3333333333333333,0.42972606343620745,0.8676854162637713,0.9,2,0.007933333,182.1968,books-genre-a=7 | books-genre-b=3
q053,political corruption and the abuse of power,Torso,CrossStripe,Mixed,Hybrid,global-bm25,0.6563033257868224,0.5,0.3333333333333333,-0.06666666666666667,0.2923708521420816,0.8729346411587446,0.9,2,0.007933333,183.46620000000001,books-genre-a=5 | books-genre-b=5
q054,isolation and loneliness,Torso,CrossStripe,Conceptual,Hybrid,single-index,1,1,1,1,1,1,1,1,0.0047,188.8283,books-oracle2=10
q054,isolation and loneliness,Torso,CrossStripe,Conceptual,Hybrid,naive-score,0.9809013311830151,0.8,0.6666666666666666,0.6888888888888889,0.7501158893665755,1,1,2,0.004466666,150.9502,books-genre-a=6 | books-genre-b=4
q054,isolation and loneliness,Torso,CrossStripe,Conceptual,Hybrid,interleave,0.9262993015097035,0.8,0.6666666666666666,0.6888888888888889,0.6657334664313104,1,1,2,0.004466666,150.9367,books-genre-a=5 | books-genre-b=5
q054,isolation and loneliness,Torso,CrossStripe,Conceptual,Hybrid,quota-merge,0.9297514837399271,0.8,0.6666666666666666,0.7777777777777778,0.6657334664313104,1,1,2,0.004466666,150.92749999999998,books-genre-a=5 | books-genre-b=5
q054,isolation and loneliness,Torso,CrossStripe,Conceptual,Hybrid,global-rrf,0.9297514837399271,0.8,0.6666666666666666,0.7777777777777778,0.6657334664313104,1,1,2,0.004466666,150.946,books-genre-a=5 | books-genre-b=5
q054,isolation and loneliness,Torso,CrossStripe,Conceptual,Hybrid,minmax-norm,0.9263048164016374,0.8,0.6666666666666666,0.6444444444444445,0.6495978419458905,1,1,2,0.004466666,150.9699,books-genre-a=6 | books-genre-b=4
q054,isolation and loneliness,Torso,CrossStripe,Conceptual,Hybrid,zscore-norm,0.9876559106400238,0.8,0.6666666666666666,0.8666666666666667,0.7867547176514151,1,1,2,0.004466666,150.9664,books-genre-a=6 | books-genre-b=4
q054,isolation and loneliness,Torso,CrossStripe,Conceptual,Hybrid,vector-similarity,0.72166249241552,0.3,0.17647058823529413,0.3888888888888889,0.32677272044550115,1,1,2,0.004466666,150.9364,books-genre-a=3 | books-genre-b=7
q054,isolation and loneliness,Torso,CrossStripe,Conceptual,Hybrid,hybrid-legs,0.9677608944858548,0.7,0.5384615384615384,0.6,0.7128402883834828,1,1,2,0.004466666,150.9837,books-genre-a=5 | books-genre-b=5
q054,isolation and loneliness,Torso,CrossStripe,Conceptual,Hybrid,idf-correct-probe,0.8310897618884284,0.4,0.25,0.4666666666666667,0.4631274672392488,1,1,2,0.004466666,150.9733,books-genre-a=6 | books-genre-b=4
q054,isolation and loneliness,Torso,CrossStripe,Conceptual,Hybrid,idf-correct-sidecar,0.8310897618884284,0.4,0.25,0.4666666666666667,0.4631274672392488,1,1,2,0.004466666,150.96269999999998,books-genre-a=6 | books-genre-b=4
q054,isolation and loneliness,Torso,CrossStripe,Conceptual,Hybrid,global-bm25,0.5512068640605521,0.3,0.17647058823529413,0.24444444444444444,0.2201111877330982,1,1,2,0.004466666,152.22809999999998,books-genre-a=4 | books-genre-b=6
q055,mother and daughter relationship across generations,Torso,CrossStripe,Conceptual,Hybrid,single-index,1,1,1,1,1,0.9155260051911699,1,1,0.0053,203.5361,books-oracle2=10
q055,mother and daughter relationship across generations,Torso,CrossStripe,Conceptual,Hybrid,naive-score,0.9617429048542198,0.7,0.5384615384615384,0.6,0.7141545152053779,0.7950120304734339,1,2,0.009033333,215.3087,books-genre-a=5 | books-genre-b=5
q055,mother and daughter relationship across generations,Torso,CrossStripe,Conceptual,Hybrid,interleave,0.9520877880798654,0.7,0.5384615384615384,0.5111111111111111,0.6615149338862516,0.7919538731758132,1,2,0.009033333,215.2919,books-genre-a=5 | books-genre-b=5
q055,mother and daughter relationship across generations,Torso,CrossStripe,Conceptual,Hybrid,quota-merge,0.8994460646456832,0.7,0.5384615384615384,0.5555555555555556,0.5734359780330028,0.7949535404845568,1,2,0.009033333,215.2822,books-genre-a=5 | books-genre-b=5
q055,mother and daughter relationship across generations,Torso,CrossStripe,Conceptual,Hybrid,global-rrf,0.8994460646456832,0.7,0.5384615384615384,0.5555555555555556,0.5734359780330028,0.7949535404845568,1,2,0.009033333,215.3004,books-genre-a=5 | books-genre-b=5
q055,mother and daughter relationship across generations,Torso,CrossStripe,Conceptual,Hybrid,minmax-norm,0.9071463900728419,0.7,0.5384615384615384,0.5555555555555556,0.613636467784693,0.7950120304734339,1,2,0.009033333,215.3242,books-genre-a=5 | books-genre-b=5
q055,mother and daughter relationship across generations,Torso,CrossStripe,Conceptual,Hybrid,zscore-norm,0.902819477523679,0.5,0.3333333333333333,0.7333333333333333,0.5827444151365854,0.7382226960839576,1,2,0.009033333,215.3217,books-genre-a=7 | books-genre-b=3
q055,mother and daughter relationship across generations,Torso,CrossStripe,Conceptual,Hybrid,vector-similarity,0.8797077788011757,0.7,0.5384615384615384,0.37777777777777777,0.560444123372912,0.9057929118655972,1,2,0.009033333,215.2933,books-genre-a=2 | books-genre-b=8
q055,mother and daughter relationship across generations,Torso,CrossStripe,Conceptual,Hybrid,hybrid-legs,0.9926017648597927,1,1,0.8222222222222222,0.7954548583022606,0.9173414328953917,1,2,0.009033333,215.3397,books-genre-a=2 | books-genre-b=8
q055,mother and daughter relationship across generations,Torso,CrossStripe,Conceptual,Hybrid,idf-correct-probe,0.9128765628470565,0.7,0.5384615384615384,0.6444444444444445,0.6264318608717331,0.8141561186439353,1,2,0.009033333,215.3351,books-genre-a=1 | books-genre-b=9
q055,mother and daughter relationship across generations,Torso,CrossStripe,Conceptual,Hybrid,idf-correct-sidecar,0.9128765628470565,0.7,0.5384615384615384,0.6444444444444445,0.6264318608717331,0.8141561186439353,1,2,0.009033333,215.3306,books-genre-a=1 | books-genre-b=9
q055,mother and daughter relationship across generations,Torso,CrossStripe,Conceptual,Hybrid,global-bm25,0.7867686815502676,0.5,0.3333333333333333,0.5111111111111111,0.42752770361226305,0.8337448843457721,1,2,0.009033333,216.6603,books-genre-a=1 | books-genre-b=9
q056,murder,Head,CrossStripe,Lexical,Hybrid,single-index,1,1,1,1,1,1,1,1,0.0047,189.9436,books-oracle2=10
q056,murder,Head,CrossStripe,Lexical,Hybrid,naive-score,0.7438885900206732,0.6,0.42857142857142855,0.42857142857142855,0.47914483536217106,1,1,2,0.00395,158.7474,books-genre-a=5 | books-genre-b=5
q056,murder,Head,CrossStripe,Lexical,Hybrid,interleave,0.832530448920126,0.6,0.42857142857142855,0.5238095238095238,0.5736531989734351,1,1,2,0.00395,158.7319,books-genre-a=5 | books-genre-b=5
q056,murder,Head,CrossStripe,Lexical,Hybrid,quota-merge,0.81020657783719,0.6,0.42857142857142855,0.5238095238095238,0.5340742346024142,1,1,2,0.00395,158.721,books-genre-a=5 | books-genre-b=5
q056,murder,Head,CrossStripe,Lexical,Hybrid,global-rrf,0.81020657783719,0.6,0.42857142857142855,0.5238095238095238,0.5340742346024142,1,1,2,0.00395,158.7432,books-genre-a=5 | books-genre-b=5
q056,murder,Head,CrossStripe,Lexical,Hybrid,minmax-norm,0.9258228726832676,0.8,0.6666666666666666,0.6666666666666666,0.6745492641246706,1,1,2,0.00395,158.7697,books-genre-a=7 | books-genre-b=3
q056,murder,Head,CrossStripe,Lexical,Hybrid,zscore-norm,0.588050320086522,0.5,0.3333333333333333,-0.06666666666666667,0.29451799069071166,1,1,2,0.00395,158.7558,books-genre-a=4 | books-genre-b=6
q056,murder,Head,CrossStripe,Lexical,Hybrid,vector-similarity,0.7288406540531894,0.5,0.3333333333333333,0.2,0.373678112634612,1,1,2,0.00395,158.7304,books-genre-a=10
q056,murder,Head,CrossStripe,Lexical,Hybrid,hybrid-legs,0.9898816177989375,0.9,0.8181818181818182,0.6,0.7720531396273721,1,1,2,0.00395,158.77339999999998,books-genre-a=9 | books-genre-b=1
q056,murder,Head,CrossStripe,Lexical,Hybrid,idf-correct-probe,0.7620682333185828,0.6,0.42857142857142855,0.1111111111111111,0.39605427141427624,1,1,2,0.00395,158.76049999999998,books-genre-a=10
q056,murder,Head,CrossStripe,Lexical,Hybrid,idf-correct-sidecar,0.7620682333185828,0.6,0.42857142857142855,0.1111111111111111,0.39605427141427624,1,1,2,0.00395,158.7533,books-genre-a=10
q056,murder,Head,CrossStripe,Lexical,Hybrid,global-bm25,0.3506674551977712,0.2,0.1111111111111111,-0.23809523809523808,0.13131708047744695,1,1,2,0.00395,160.0202,books-genre-a=7 | books-genre-b=3
q057,a journey across a ruined landscape,Torso,CrossStripe,Conceptual,Hybrid,single-index,1,1,1,1,1,0.7706180403730155,1,1,0.0053,237.8885,books-oracle2=10
q057,a journey across a ruined landscape,Torso,CrossStripe,Conceptual,Hybrid,naive-score,0.9416996665210374,1,1,0.6888888888888889,0.6899475975978501,0.7005105432206051,1,2,0.008483333,208.15740000000002,books-genre-a=6 | books-genre-b=4
q057,a journey across a ruined landscape,Torso,CrossStripe,Conceptual,Hybrid,interleave,0.9864027715124613,0.9,0.8181818181818182,0.7333333333333333,0.7682519557676104,0.7368445168493153,1,2,0.008483333,208.14350000000002,books-genre-a=5 | books-genre-b=5
q057,a journey across a ruined landscape,Torso,CrossStripe,Conceptual,Hybrid,quota-merge,0.9846365204187019,0.9,0.8181818181818182,0.6888888888888889,0.7550619775850682,0.7368445168493153,1,2,0.008483333,208.1339,books-genre-a=5 | books-genre-b=5
q057,a journey across a ruined landscape,Torso,CrossStripe,Conceptual,Hybrid,global-rrf,0.9846365204187019,0.9,0.8181818181818182,0.6888888888888889,0.7550619775850682,0.7368445168493153,1,2,0.008483333,208.15140000000002,books-genre-a=5 | books-genre-b=5
q057,a journey across a ruined landscape,Torso,CrossStripe,Conceptual,Hybrid,minmax-norm,0.9965084864750016,1,1,0.7777777777777778,0.7952733920660715,0.748432119037727,1,2,0.008483333,208.17370000000003,books-genre-a=6 | books-genre-b=4
q057,a journey across a ruined landscape,Torso,CrossStripe,Conceptual,Hybrid,zscore-norm,0.9416304389790571,1,1,0.6444444444444445,0.6899475975978501,0.6986951155163833,1,2,0.008483333,208.17100000000002,books-genre-a=6 | books-genre-b=4
q057,a journey across a ruined landscape,Torso,CrossStripe,Conceptual,Hybrid,vector-similarity,0.818197393592212,0.6,0.42857142857142855,0.28888888888888886,0.46659658770260004,0.8030481264989529,1,2,0.008483333,208.14430000000002,books-genre-a=6 | books-genre-b=4
q057,a journey across a ruined landscape,Torso,CrossStripe,Conceptual,Hybrid,hybrid-legs,0.941355259016925,0.9,0.8181818181818182,0.7333333333333333,0.6992433006718877,0.7441513983342096,1,2,0.008483333,208.18800000000002,books-genre-a=6 | books-genre-b=4
q057,a journey across a ruined landscape,Torso,CrossStripe,Conceptual,Hybrid,idf-correct-probe,0.7948006976023904,0.7,0.5384615384615384,0.37777777777777777,0.4400478242368941,0.7716243168330214,0.9,2,0.008483333,208.1896,books-genre-a=7 | books-genre-b=3
q057,a journey across a ruined landscape,Torso,CrossStripe,Conceptual,Hybrid,idf-correct-sidecar,0.7431862810194105,0.6,0.42857142857142855,0.7333333333333333,0.4159270268143849,0.7716243168330214,0.9,2,0.008483333,208.179,books-genre-a=8 | books-genre-b=2
q057,a journey across a ruined landscape,Torso,CrossStripe,Conceptual,Hybrid,global-bm25,0.4553424297099953,0.2,0.1111111111111111,0,0.19464649133778614,0.9079756641006057,1,2,0.008483333,209.41740000000001,books-genre-a=7 | books-genre-b=3
q058,religion faith and doubt,Torso,CrossStripe,Mixed,Hybrid,single-index,1,1,1,1,1,0.9216017310213247,0.9,1,0.005866667,202.29,books-oracle2=10
q058,religion faith and doubt,Torso,CrossStripe,Mixed,Hybrid,naive-score,0.7510257931475576,0.7,0.5384615384615384,0.1111111111111111,0.3791604711481848,0.807979052946708,0.9,2,0.005066666,152.7889,books-genre-a=3 | books-genre-b=7
q058,religion faith and doubt,Torso,CrossStripe,Mixed,Hybrid,interleave,0.7340824868765033,0.5,0.3333333333333333,0.2777777777777778,0.37196128289315394,0.874233276401097,1,2,0.005066666,152.77470000000002,books-genre-a=5 | books-genre-b=5
q058,religion faith and doubt,Torso,CrossStripe,Mixed,Hybrid,quota-merge,0.860723397880842,0.5,0.3333333333333333,0.3888888888888889,0.5072505476373231,0.9206500320722545,1,2,0.005066666,152.7658,books-genre-a=5 | books-genre-b=5
q058,religion faith and doubt,Torso,CrossStripe,Mixed,Hybrid,global-rrf,0.860723397880842,0.5,0.3333333333333333,0.3888888888888889,0.5072505476373231,0.9206500320722545,1,2,0.005066666,152.7829,books-genre-a=5 | books-genre-b=5
q058,religion faith and doubt,Torso,CrossStripe,Mixed,Hybrid,minmax-norm,0.9143474802251721,0.7,0.5384615384615384,0.28888888888888886,0.5564210322331401,0.8543958086178655,0.9,2,0.005066666,152.8056,books-genre-a=3 | books-genre-b=7
q058,religion faith and doubt,Torso,CrossStripe,Mixed,Hybrid,zscore-norm,0.6179507336297846,0.5,0.3333333333333333,-0.1111111111111111,0.20314350849720308,0.874233276401097,1,2,0.005066666,152.8022,books-genre-a=5 | books-genre-b=5
q058,religion faith and doubt,Torso,CrossStripe,Mixed,Hybrid,vector-similarity,0.8790896013324827,0.9,0.8181818181818182,0.4222222222222222,0.6094220782819341,0.9305687780632227,0.9,2,0.005066666,152.77640000000002,books-genre-b=10
q058,religion faith and doubt,Torso,CrossStripe,Mixed,Hybrid,hybrid-legs,0.995858543024317,0.9,0.8181818181818182,0.8222222222222222,0.8081077709287466,0.9148568823583789,0.9,2,0.005066666,152.81990000000002,books-genre-b=10
q058,religion faith and doubt,Torso,CrossStripe,Mixed,Hybrid,idf-correct-probe,0.8010073893054778,0.8,0.6666666666666666,-0.022222222222222223,0.49886819081074013,0.9148568823583789,0.9,2,0.005066666,152.8143,books-genre-b=10
q058,religion faith and doubt,Torso,CrossStripe,Mixed,Hybrid,idf-correct-sidecar,0.8010073893054778,0.8,0.6666666666666666,-0.022222222222222223,0.49886819081074013,0.9148568823583789,0.9,2,0.005066666,152.8057,books-genre-b=10
q058,religion faith and doubt,Torso,CrossStripe,Mixed,Hybrid,global-bm25,0.6480563636122103,0.6,0.42857142857142855,0.1111111111111111,0.36119584940847776,0.933745776545611,0.9,2,0.005066666,154.12460000000002,books-genre-a=1 | books-genre-b=9
q059,London,Head,CrossStripe,Lexical,Hybrid,single-index,1,1,1,1,1,0.8637527161011885,1,1,0.002916667,141.7903,books-oracle2=10
q059,London,Head,CrossStripe,Lexical,Hybrid,naive-score,0.9042000237517488,0.9,0.8181818181818182,0.5555555555555556,0.6107170513826173,0.8884634281196222,1,2,0.0033499999999999997,130.6645,books-genre-a=7 | books-genre-b=3
q059,London,Head,CrossStripe,Lexical,Hybrid,interleave,0.8262222245051524,0.8,0.6666666666666666,0.6888888888888889,0.5713820527846133,0.8768305893407508,1,2,0.0033499999999999997,130.65,books-genre-a=5 | books-genre-b=5
q059,London,Head,CrossStripe,Lexical,Hybrid,quota-merge,0.9104421691181867,0.8,0.6666666666666666,0.7333333333333333,0.6719001002052982,0.8768305893407508,1,2,0.0033499999999999997,130.642,books-genre-a=5 | books-genre-b=5
q059,London,Head,CrossStripe,Lexical,Hybrid,global-rrf,0.9104421691181867,0.8,0.6666666666666666,0.7333333333333333,0.6719001002052982,0.8768305893407508,1,2,0.0033499999999999997,130.6628,books-genre-a=5 | books-genre-b=5
q059,London,Head,CrossStripe,Lexical,Hybrid,minmax-norm,0.9018703767748156,0.9,0.8181818181818182,0.4666666666666667,0.5982779598151812,0.8918343139732646,1,2,0.0033499999999999997,130.6881,books-genre-a=7 | books-genre-b=3
q059,London,Head,CrossStripe,Lexical,Hybrid,zscore-norm,0.9157640640029074,0.8,0.6666666666666666,0.8222222222222222,0.6990399730088832,0.8390528069087475,1,2,0.0033499999999999997,130.6855,books-genre-a=5 | books-genre-b=5
q059,London,Head,CrossStripe,Lexical,Hybrid,vector-similarity,0.8433064990717071,0.5,0.3333333333333333,0.37777777777777777,0.542389052322279,0.8245212103421787,1,2,0.0033499999999999997,130.6547,books-genre-a=3 | books-genre-b=7
q059,London,Head,CrossStripe,Lexical,Hybrid,hybrid-legs,0.9252614187655214,0.8,0.6666666666666666,0.8222222222222222,0.704113789634583,0.8390528069087475,1,2,0.0033499999999999997,130.7067,books-genre-a=6 | books-genre-b=4
q059,London,Head,CrossStripe,Lexical,Hybrid,idf-correct-probe,0.8933183306799142,0.6,0.42857142857142855,0.5111111111111111,0.5303222123385838,0.8968146857485436,1,2,0.0033499999999999997,130.6884,books-genre-a=3 | books-genre-b=7
q059,London,Head,CrossStripe,Lexical,Hybrid,idf-correct-sidecar,0.8933183306799142,0.6,0.42857142857142855,0.5111111111111111,0.5303222123385838,0.8968146857485436,1,2,0.0033499999999999997,130.6778,books-genre-a=3 | books-genre-b=7
q059,London,Head,CrossStripe,Lexical,Hybrid,global-bm25,0.6780808791836448,0.6,0.42857142857142855,0.6,0.3195031212405568,1,1,2,0.0033499999999999997,131.9321,books-genre-a=7 | books-genre-b=3
q060,Paris,Head,CrossStripe,Lexical,Hybrid,single-index,1,1,1,1,1,1,1,1,0.002316667,99.1476,books-oracle2=10
q060,Paris,Head,CrossStripe,Lexical,Hybrid,naive-score,0.786229182555279,0.6,0.42857142857142855,0.3888888888888889,0.4695619460664246,0.9621404437403491,1,2,0.0022,81.8068,books-genre-a=4 | books-genre-b=6
q060,Paris,Head,CrossStripe,Lexical,Hybrid,interleave,0.6424578171786653,0.5,0.3333333333333333,0.07142857142857142,0.35810368152347183,0.9513467899190737,1,2,0.0022,81.7942,books-genre-a=5 | books-genre-b=5
q060,Paris,Head,CrossStripe,Lexical,Hybrid,quota-merge,0.7085293519333647,0.5,0.3333333333333333,0.14285714285714285,0.35810368152347183,0.9513467899190737,1,2,0.0022,81.7844,books-genre-a=5 | books-genre-b=5
q060,Paris,Head,CrossStripe,Lexical,Hybrid,global-rrf,0.7085293519333647,0.5,0.3333333333333333,0.14285714285714285,0.35810368152347183,0.9513467899190737,1,2,0.0022,81.8025,books-genre-a=5 | books-genre-b=5
q060,Paris,Head,CrossStripe,Lexical,Hybrid,minmax-norm,0.8059196394663128,0.7,0.5384615384615384,0.2222222222222222,0.49868350777410025,0.9636452638863133,1,2,0.0022,81.8236,books-genre-a=3 | books-genre-b=7
q060,Paris,Head,CrossStripe,Lexical,Hybrid,zscore-norm,0.5251463452822177,0.3,0.17647058823529413,0.14285714285714285,0.1946754145972763,0.8795809969058676,1,2,0.0022,81.8219,books-genre-a=7 | books-genre-b=3
q060,Paris,Head,CrossStripe,Lexical,Hybrid,vector-similarity,0.9361237443228109,0.9,0.8181818181818182,0.5111111111111111,0.6704280058331328,1,1,2,0.0022,81.7967,books-genre-b=10
q060,Paris,Head,CrossStripe,Lexical,Hybrid,hybrid-legs,0.9198937988731036,0.9,0.8181818181818182,0.5111111111111111,0.6669796766216697,1,1,2,0.0022,81.86240000000001,books-genre-a=1 | books-genre-b=9
q060,Paris,Head,CrossStripe,Lexical,Hybrid,idf-correct-probe,0.831448753313402,0.7,0.5384615384615384,0.1111111111111111,0.45934197360640017,1,1,2,0.0022,81.8323,books-genre-a=1 | books-genre-b=9
q060,Paris,Head,CrossStripe,Lexical,Hybrid,idf-correct-sidecar,0.831448753313402,0.7,0.5384615384615384,0.1111111111111111,0.45934197360640017,1,1,2,0.0022,81.8188,books-genre-a=1 | books-genre-b=9
q060,Paris,Head,CrossStripe,Lexical,Hybrid,global-bm25,0.6939209206396494,0.6,0.42857142857142855,-0.15555555555555556,0.3014342893039928,1,1,2,0.0022,83.101,books-genre-a=2 | books-genre-b=8
q061,the sea and the people who make their living on it,Torso,CrossStripe,Conceptual,Hybrid,single-index,1,1,1,1,1,0.4213024569840399,1,1,0.0053,204.1739,books-oracle2=10
q061,the sea and the people who make their living on it,Torso,CrossStripe,Conceptual,Hybrid,naive-score,0.9186903629254928,0.9,0.8181818181818182,0.37777777777777777,0.62761670185051,0.4249364245164618,1,2,0.008483333,202.3581,books-genre-a=3 | books-genre-b=7
q061,the sea and the people who make their living on it,Torso,CrossStripe,Conceptual,Hybrid,interleave,0.7498324601813707,0.7,0.5384615384615384,0.2222222222222222,0.4373691101273917,0.36389317776956515,1,2,0.008483333,202.342,books-genre-a=5 | books-genre-b=5
q061,the sea and the people who make their living on it,Torso,CrossStripe,Conceptual,Hybrid,quota-merge,0.7766621977891681,0.7,0.5384615384615384,0.3888888888888889,0.49013805268095517,0.36868607139730697,1,2,0.008483333,202.3301,books-genre-a=5 | books-genre-b=5
q061,the sea and the people who make their living on it,Torso,CrossStripe,Conceptual,Hybrid,global-rrf,0.7766621977891681,0.7,0.5384615384615384,0.3888888888888889,0.49013805268095517,0.36868607139730697,1,2,0.008483333,202.3538,books-genre-a=5 | books-genre-b=5
q061,the sea and the people who make their living on it,Torso,CrossStripe,Conceptual,Hybrid,minmax-norm,0.8350499804051836,0.9,0.8181818181818182,0.24444444444444444,0.5552437077076168,0.4476595232564794,1,2,0.008483333,202.3708,books-genre-a=3 | books-genre-b=7
q061,the sea and the people who make their living on it,Torso,CrossStripe,Conceptual,Hybrid,zscore-norm,0.706725000278514,0.7,0.5384615384615384,0,0.340667018032658,0.36940333927737945,1,2,0.008483333,202.3681,books-genre-a=5 | books-genre-b=5
q061,the sea and the people who make their living on it,Torso,CrossStripe,Conceptual,Hybrid,vector-similarity,0.7782396738112451,0.5,0.3333333333333333,0.4222222222222222,0.3875217467520748,0.7117729887559456,1,2,0.008483333,202.3383,books-genre-b=10
q061,the sea and the people who make their living on it,Torso,CrossStripe,Conceptual,Hybrid,hybrid-legs,0.9800770620240434,0.8,0.6666666666666666,0.7333333333333333,0.790361078488773,0.5348711527798079,1,2,0.008483333,202.4129,books-genre-a=1 | books-genre-b=9
q061,the sea and the people who make their living on it,Torso,CrossStripe,Conceptual,Hybrid,idf-correct-probe,0.612169011736635,0.4,0.25,0.24444444444444444,0.2263126126538566,0.42812685038797527,1,2,0.008483333,202.3819,books-genre-a=4 | books-genre-b=6
q061,the sea and the people who make their living on it,Torso,CrossStripe,Conceptual,Hybrid,idf-correct-sidecar,0.610558785035596,0.4,0.25,0.15555555555555556,0.2154951817968991,0.42812685038797527,1,2,0.008483333,202.3712,books-genre-a=4 | books-genre-b=6
q061,the sea and the people who make their living on it,Torso,CrossStripe,Conceptual,Hybrid,global-bm25,0.7615091697334799,0.4,0.25,-0.05555555555555555,0.3785540604916804,0.24740843466962376,1,2,0.008483333,203.6577,books-genre-a=4 | books-genre-b=6
q062,a small town where everyone is hiding something,Torso,CrossStripe,Conceptual,Hybrid,single-index,1,1,1,1,1,0.8493216086036077,1,1,0.005866667,201.6106,books-oracle2=10
q062,a small town where everyone is hiding something,Torso,CrossStripe,Conceptual,Hybrid,naive-score,0.7264922187467344,0.6,0.42857142857142855,0.05555555555555555,0.44470990281660105,0.7450956911472564,1,2,0.009616666999999999,213.21970000000002,books-genre-a=6 | books-genre-b=4
q062,a small town where everyone is hiding something,Torso,CrossStripe,Conceptual,Hybrid,interleave,0.8121225097658223,0.5,0.3333333333333333,0.07142857142857142,0.5273195293808024,0.8809750481083818,1,2,0.009616666999999999,213.2347,books-genre-a=5 | books-genre-b=5
q062,a small town where everyone is hiding something,Torso,CrossStripe,Conceptual,Hybrid,quota-merge,0.6816044560148147,0.5,0.3333333333333333,-0.14285714285714285,0.39203026463663293,0.8113499146016455,1,2,0.009616666999999999,213.19740000000002,books-genre-a=5 | books-genre-b=5
q062,a small town where everyone is hiding something,Torso,CrossStripe,Conceptual,Hybrid,global-rrf,0.6816044560148147,0.5,0.3333333333333333,-0.14285714285714285,0.39203026463663293,0.8113499146016455,1,2,0.009616666999999999,213.2136,books-genre-a=5 | books-genre-b=5
q062,a small town where everyone is hiding something,Torso,CrossStripe,Conceptual,Hybrid,minmax-norm,0.7269441059748822,0.6,0.42857142857142855,0.1111111111111111,0.45234124733650066,0.7450956911472564,1,2,0.009616666999999999,213.2362,books-genre-a=6 | books-genre-b=4
q062,a small town where everyone is hiding something,Torso,CrossStripe,Conceptual,Hybrid,zscore-norm,0.7254230670870498,0.6,0.42857142857142855,0,0.43481741917969435,0.7450956911472564,1,2,0.009616666999999999,213.2323,books-genre-a=6 | books-genre-b=4
q062,a small town where everyone is hiding something,Torso,CrossStripe,Conceptual,Hybrid,vector-similarity,0.5236365686780355,0.4,0.25,0.3333333333333333,0.18696884661554622,0.7740379675072816,0.9,2,0.009616666999999999,213.2031,books-genre-a=9 | books-genre-b=1
q062,a small town where everyone is hiding something,Torso,CrossStripe,Conceptual,Hybrid,hybrid-legs,0.8008738007827426,0.8,0.6666666666666666,0.15555555555555556,0.4445358362895802,0.8607659614242215,1,2,0.009616666999999999,213.2442,books-genre-a=8 | books-genre-b=2
q062,a small town where everyone is hiding something,Torso,CrossStripe,Conceptual,Hybrid,idf-correct-probe,0.5718219908562281,0.2,0.1111111111111111,0.4222222222222222,0.18747758690361718,0.6974240835022041,1,2,0.009616666999999999,213.2482,books-genre-a=7 | books-genre-b=3
q062,a small town where everyone is hiding something,Torso,CrossStripe,Conceptual,Hybrid,idf-correct-sidecar,0.5696581268109785,0.2,0.1111111111111111,0.4666666666666667,0.182733728610956,0.66642712056709,1,2,0.009616666999999999,213.2405,books-genre-a=6 | books-genre-b=4
q062,a small town where everyone is hiding something,Torso,CrossStripe,Conceptual,Hybrid,global-bm25,0.4797242687494912,0.1,0.05263157894736842,0.3333333333333333,0.19242949562002545,0.7601040801793586,0.9,2,0.009616666999999999,214.4883,books-genre-a=6 | books-genre-b=4
q063,identity and what makes someone who they are,Torso,CrossStripe,Conceptual,Hybrid,single-index,1,1,1,1,1,0.9580777588003657,1,1,0.0053,206.9846,books-oracle2=10
q063,identity and what makes someone who they are,Torso,CrossStripe,Conceptual,Hybrid,naive-score,0.5501786092379118,0.5,0.3333333333333333,0,0.3281261152106298,0.9621404437403491,1,2,0.010116666,189.62560000000002,books-genre-a=5 | books-genre-b=5
q063,identity and what makes someone who they are,Torso,CrossStripe,Conceptual,Hybrid,interleave,0.5710004409999849,0.5,0.3333333333333333,0.07142857142857142,0.3784439731393081,0.9636452638863133,1,2,0.010116666,189.5867,books-genre-a=5 | books-genre-b=5
q063,identity and what makes someone who they are,Torso,CrossStripe,Conceptual,Hybrid,quota-merge,0.636017194123369,0.5,0.3333333333333333,0.21428571428571427,0.39644169836938703,0.9621404437403491,1,2,0.010116666,189.5765,books-genre-a=5 | books-genre-b=5
q063,identity and what makes someone who they are,Torso,CrossStripe,Conceptual,Hybrid,global-rrf,0.636017194123369,0.5,0.3333333333333333,0.21428571428571427,0.39644169836938703,0.9621404437403491,1,2,0.010116666,189.59580000000003,books-genre-a=5 | books-genre-b=5
q063,identity and what makes someone who they are,Torso,CrossStripe,Conceptual,Hybrid,minmax-norm,0.6354240956742315,0.5,0.3333333333333333,0.21428571428571427,0.400499109353523,0.9621404437403491,1,2,0.010116666,189.6192,books-genre-a=5 | books-genre-b=5
q063,identity and what makes someone who they are,Torso,CrossStripe,Conceptual,Hybrid,zscore-norm,0.6540108759632629,0.5,0.3333333333333333,0.2857142857142857,0.4103915929904297,0.9621404437403491,1,2,0.010116666,189.6156,books-genre-a=5 | books-genre-b=5
q063,identity and what makes someone who they are,Torso,CrossStripe,Conceptual,Hybrid,vector-similarity,0.6978839901044642,0.4,0.25,0.6444444444444445,0.40532178680509373,0.918752830540385,1,2,0.010116666,189.5839,books-genre-b=10
q063,identity and what makes someone who they are,Torso,CrossStripe,Conceptual,Hybrid,hybrid-legs,0.7181898463019394,0.5,0.3333333333333333,0.3333333333333333,0.43890765120442243,1,1,2,0.010116666,189.6262,books-genre-a=3 | books-genre-b=7
q063,identity and what makes someone who they are,Torso,CrossStripe,Conceptual,Hybrid,idf-correct-probe,0.5743610069260686,0.4,0.25,0.3333333333333333,0.1638564280280426,1,1,2,0.010116666,189.6261,books-genre-a=8 | books-genre-b=2
q063,identity and what makes someone who they are,Torso,CrossStripe,Conceptual,Hybrid,idf-correct-sidecar,0.46818540207182013,0.2,0.1111111111111111,0.5111111111111111,0.11304715923093753,1,1,2,0.010116666,189.619,books-genre-a=10
q063,identity and what makes someone who they are,Torso,CrossStripe,Conceptual,Hybrid,global-bm25,0.39240785181917703,0.3,0.17647058823529413,0.6428571428571429,0.11884877591916612,0.94546789582947,1,2,0.010116666,190.9349,books-genre-a=5 | books-genre-b=5
q064,father and son,Head,CrossStripe,Lexical,Hybrid,single-index,1,1,1,1,1,0.8046243471333498,1,1,0.0047,228.8189,books-oracle2=10
q064,father and son,Head,CrossStripe,Lexical,Hybrid,naive-score,0.9138719531151848,0.8,0.6666666666666666,0.24444444444444444,0.6077326033662113,0.7221746306981014,1,2,0.0050333339999999996,149.4064,books-genre-a=5 | books-genre-b=5
q064,father and son,Head,CrossStripe,Lexical,Hybrid,interleave,0.834027834531084,0.8,0.6666666666666666,0.2,0.4880148939535632,0.6220682891449706,1,2,0.0050333339999999996,149.4222,books-genre-a=5 | books-genre-b=5
q064,father and son,Head,CrossStripe,Lexical,Hybrid,quota-merge,0.9223306588339495,0.8,0.6666666666666666,0.24444444444444444,0.6017229195567905,0.6974747215056604,1,2,0.0050333339999999996,149.3856,books-genre-a=5 | books-genre-b=5
q064,father and son,Head,CrossStripe,Lexical,Hybrid,global-rrf,0.9223306588339495,0.8,0.6666666666666666,0.24444444444444444,0.6017229195567905,0.6974747215056604,1,2,0.0050333339999999996,149.4032,books-genre-a=5 | books-genre-b=5
q064,father and son,Head,CrossStripe,Lexical,Hybrid,minmax-norm,0.8827226762438108,0.7,0.5384615384615384,0.5111111111111111,0.5527049823667232,0.6883225367980645,1,2,0.0050333339999999996,149.4262,books-genre-a=6 | books-genre-b=4
q064,father and son,Head,CrossStripe,Lexical,Hybrid,zscore-norm,0.9138719531151848,0.8,0.6666666666666666,0.24444444444444444,0.6077326033662113,0.7221746306981014,1,2,0.0050333339999999996,149.4243,books-genre-a=5 | books-genre-b=5
q064,father and son,Head,CrossStripe,Lexical,Hybrid,vector-similarity,0.6159548940243169,0.4,0.25,0.05555555555555555,0.27333283251451795,0.8886785614399936,1,2,0.0050333339999999996,149.3957,books-genre-a=4 | books-genre-b=6
q064,father and son,Head,CrossStripe,Lexical,Hybrid,hybrid-legs,0.9241665877317116,0.7,0.5384615384615384,0.4222222222222222,0.6377500601491067,0.8699181219331126,1,2,0.0050333339999999996,149.4392,books-genre-a=3 | books-genre-b=7
q064,father and son,Head,CrossStripe,Lexical,Hybrid,idf-correct-probe,0.753680892297104,0.5,0.3333333333333333,0.5111111111111111,0.43897697430434646,0.8886785614399936,1,2,0.0050333339999999996,149.4306,books-genre-a=2 | books-genre-b=8
q064,father and son,Head,CrossStripe,Lexical,Hybrid,idf-correct-sidecar,0.776093286034795,0.6,0.42857142857142855,0.28888888888888886,0.4672368152239078,0.8886785614399936,1,2,0.0050333339999999996,149.4227,books-genre-a=3 | books-genre-b=7
q064,father and son,Head,CrossStripe,Lexical,Hybrid,global-bm25,0.7527876042386162,0.6,0.42857142857142855,0.06666666666666667,0.4573156658058536,0.9270201848786105,1,2,0.0050333339999999996,150.6476,books-genre-a=2 | books-genre-b=8
q065,escape from captivity,Torso,CrossStripe,Conceptual,Hybrid,single-index,1,1,1,1,1,0.9636452638863133,1,1,0.002916667,145.4407,books-oracle2=10
q065,escape from captivity,Torso,CrossStripe,Conceptual,Hybrid,naive-score,0.9094053355024524,0.8,0.6666666666666666,0.7777777777777778,0.6575666215293455,1,1,2,0.004999999999999999,108.8077,books-genre-a=4 | books-genre-b=6
q065,escape from captivity,Torso,CrossStripe,Conceptual,Hybrid,interleave,0.8901701412733064,0.8,0.6666666666666666,0.4222222222222222,0.5969715114334792,1,1,2,0.004999999999999999,108.7969,books-genre-a=5 | books-genre-b=5
q065,escape from captivity,Torso,CrossStripe,Conceptual,Hybrid,quota-merge,0.8733743374785065,0.8,0.6666666666666666,0.5111111111111111,0.6226005811834575,1,1,2,0.004999999999999999,108.78699999999999,books-genre-a=5 | books-genre-b=5
q065,escape from captivity,Torso,CrossStripe,Conceptual,Hybrid,global-rrf,0.8733743374785065,0.8,0.6666666666666666,0.5111111111111111,0.6226005811834575,1,1,2,0.004999999999999999,108.8048,books-genre-a=5 | books-genre-b=5
q065,escape from captivity,Torso,CrossStripe,Conceptual,Hybrid,minmax-norm,0.8905787195685275,0.8,0.6666666666666666,0.6888888888888889,0.6710782886242287,1,1,2,0.004999999999999999,108.8278,books-genre-a=4 | books-genre-b=6
q065,escape from captivity,Torso,CrossStripe,Conceptual,Hybrid,zscore-norm,0.888318335956507,0.8,0.6666666666666666,0.6444444444444445,0.6362416095127779,1,1,2,0.004999999999999999,108.82499999999999,books-genre-a=5 | books-genre-b=5
q065,escape from captivity,Torso,CrossStripe,Conceptual,Hybrid,vector-similarity,0.8472450312888752,0.8,0.6666666666666666,0.28888888888888886,0.5642377711067214,0.8555194130370415,1,2,0.004999999999999999,108.7971,books-genre-a=5 | books-genre-b=5
q065,escape from captivity,Torso,CrossStripe,Conceptual,Hybrid,hybrid-legs,0.9367159887548292,0.9,0.8181818181818182,0.8666666666666667,0.7178514317372842,0.9257857076266625,1,2,0.004999999999999999,108.8369,books-genre-a=4 | books-genre-b=6
q065,escape from captivity,Torso,CrossStripe,Conceptual,Hybrid,idf-correct-probe,0.849208544322295,0.6,0.42857142857142855,0.6888888888888889,0.5385939071117385,1,1,2,0.004999999999999999,110.3309,books-genre-a=4 | books-genre-b=6
q065,escape from captivity,Torso,CrossStripe,Conceptual,Hybrid,idf-correct-sidecar,0.9359823847004396,0.6,0.42857142857142855,0.7777777777777778,0.6843450758717318,1,1,2,0.004999999999999999,108.8279,books-genre-a=4 | books-genre-b=6
q065,escape from captivity,Torso,CrossStripe,Conceptual,Hybrid,global-bm25,0.48818682651532147,0.4,0.25,0.1111111111111111,0.19966177426387924,0.8899541168509599,0.9,2,0.004999999999999999,110.0891,books-genre-a=6 | books-genre-b=4
q066,a secret that destroys a community when it comes out,Torso,CrossStripe,Conceptual,Hybrid,single-index,1,1,1,1,1,0.5840775028556443,1,1,0.005866667,205.4918,books-oracle2=10
q066,a secret that destroys a community when it comes out,Torso,CrossStripe,Conceptual,Hybrid,naive-score,0.9565648303125048,0.9,0.8181818181818182,0.8333333333333334,0.7609978298924529,0.5491390081377154,1,2,0.007933333,191.1833,books-genre-a=5 | books-genre-b=5
q066,a secret that destroys a community when it comes out,Torso,CrossStripe,Conceptual,Hybrid,interleave,0.9450201630324114,0.9,0.8181818181818182,0.6666666666666666,0.7233960530730442,0.5329162845387566,1,2,0.007933333,191.1678,books-genre-a=5 | books-genre-b=5
q066,a secret that destroys a community when it comes out,Torso,CrossStripe,Conceptual,Hybrid,quota-merge,0.9450201630324114,0.9,0.8181818181818182,0.6666666666666666,0.7233960530730442,0.5329162845387566,1,2,0.007933333,191.1594,books-genre-a=5 | books-genre-b=5
q066,a secret that destroys a community when it comes out,Torso,CrossStripe,Conceptual,Hybrid,global-rrf,0.9450201630324114,0.9,0.8181818181818182,0.6666666666666666,0.7233960530730442,0.5329162845387566,1,2,0.007933333,191.1772,books-genre-a=5 | books-genre-b=5
q066,a secret that destroys a community when it comes out,Torso,CrossStripe,Conceptual,Hybrid,minmax-norm,0.9131497336546249,0.8,0.6666666666666666,0.4444444444444444,0.6221447343603308,0.4936810041583284,1,2,0.007933333,191.2021,books-genre-a=4 | books-genre-b=6
q066,a secret that destroys a community when it comes out,Torso,CrossStripe,Conceptual,Hybrid,zscore-norm,0.9515438027358268,0.8,0.6666666666666666,0.7222222222222222,0.7539173296951716,0.5254827137451309,1,2,0.007933333,191.1983,books-genre-a=4 | books-genre-b=6
q066,a secret that destroys a community when it comes out,Torso,CrossStripe,Conceptual,Hybrid,vector-similarity,0.880958548111493,0.8,0.6666666666666666,-0.05555555555555555,0.546625181957254,0.5076572782978498,1,2,0.007933333,191.1685,books-genre-a=7 | books-genre-b=3
q066,a secret that destroys a community when it comes out,Torso,CrossStripe,Conceptual,Hybrid,hybrid-legs,0.9426776368745411,0.9,0.8181818181818182,0.6666666666666666,0.7024453691361653,0.5158930673251059,1,2,0.007933333,191.2105,books-genre-a=6 | books-genre-b=4
q066,a secret that destroys a community when it comes out,Torso,CrossStripe,Conceptual,Hybrid,idf-correct-probe,0.6091463323379358,0.2,0.1111111111111111,0.5,0.216572184571241,0.46516880423289586,1,2,0.007933333,191.21439999999998,books-genre-a=8 | books-genre-b=2
q066,a secret that destroys a community when it comes out,Torso,CrossStripe,Conceptual,Hybrid,idf-correct-sidecar,0.610470384164536,0.2,0.1111111111111111,0.42857142857142855,0.216572184571241,0.4657306185418363,1,2,0.007933333,191.2054,books-genre-a=8 | books-genre-b=2
q066,a secret that destroys a community when it comes out,Torso,CrossStripe,Conceptual,Hybrid,global-bm25,0.718781551324062,0.5,0.3333333333333333,0.5,0.3902982650482722,0.6514352875471792,1,2,0.007933333,192.4744,books-genre-a=5 | books-genre-b=5
q067,the American South,Torso,CrossStripe,Lexical,Hybrid,single-index,1,1,1,1,1,0.8200685179888282,1,1,0.0047,196.7449,books-oracle2=10
q067,the American South,Torso,CrossStripe,Lexical,Hybrid,naive-score,0.6913857734395522,0.4,0.25,0.8,0.48184103534077966,0.658253594467843,1,2,0.005050000000000001,185.7339,books-genre-a=6 | books-genre-b=4
q067,the American South,Torso,CrossStripe,Lexical,Hybrid,interleave,0.5605377707217511,0.5,0.3333333333333333,0.6,0.35302178576717325,0.5076221849904122,1,2,0.005050000000000001,185.72060000000002,books-genre-a=5 | books-genre-b=5
q067,the American South,Torso,CrossStripe,Lexical,Hybrid,quota-merge,0.7309384869073907,0.5,0.3333333333333333,0.6,0.4931187975588793,0.5849188072523552,1,2,0.005050000000000001,185.71220000000002,books-genre-a=5 | books-genre-b=5
q067,the American South,Torso,CrossStripe,Lexical,Hybrid,global-rrf,0.7309384869073907,0.5,0.3333333333333333,0.6,0.4931187975588793,0.5849188072523552,1,2,0.005050000000000001,185.72830000000002,books-genre-a=5 | books-genre-b=5
q067,the American South,Torso,CrossStripe,Lexical,Hybrid,minmax-norm,0.5795876134165721,0.3,0.17647058823529413,0.3333333333333333,0.3351199398798166,0.7014921176881552,1,2,0.005050000000000001,185.75150000000002,books-genre-a=7 | books-genre-b=3
q067,the American South,Torso,CrossStripe,Lexical,Hybrid,zscore-norm,0.6913857734395522,0.4,0.25,0.8,0.48184103534077966,0.658253594467843,1,2,0.005050000000000001,185.7486,books-genre-a=6 | books-genre-b=4
q067,the American South,Torso,CrossStripe,Lexical,Hybrid,vector-similarity,0.7794537345465192,0.4,0.25,0.37777777777777777,0.3973026477680693,0.8036385906689755,1,2,0.005050000000000001,185.752,books-genre-a=1 | books-genre-b=9
q067,the American South,Torso,CrossStripe,Lexical,Hybrid,hybrid-legs,0.9816327414933459,0.8,0.6666666666666666,0.8666666666666667,0.7781787471808371,0.8268133666517739,1,2,0.005050000000000001,185.76350000000002,books-genre-b=10
q067,the American South,Torso,CrossStripe,Lexical,Hybrid,idf-correct-probe,0.8370907709571935,0.5,0.3333333333333333,0.5714285714285714,0.5449277137298699,0.5278439230400458,1,2,0.005050000000000001,185.7578,books-genre-a=4 | books-genre-b=6
q067,the American South,Torso,CrossStripe,Lexical,Hybrid,idf-correct-sidecar,0.8370907709571935,0.5,0.3333333333333333,0.5714285714285714,0.5449277137298699,0.5278439230400458,1,2,0.005050000000000001,185.7475,books-genre-a=4 | books-genre-b=6
q067,the American South,Torso,CrossStripe,Lexical,Hybrid,global-bm25,0.24299569375682528,0.3,0.17647058823529413,0,0.16136861825474155,0.7695261902392828,1,2,0.005050000000000001,187.04360000000003,books-genre-a=6 | books-genre-b=4
q068,grief after the death of a child,Torso,CrossStripe,Conceptual,Hybrid,single-index,1,1,1,1,1,0.2314862277786237,0.9,1,0.005866667,207.1317,books-oracle2=10
q068,grief after the death of a child,Torso,CrossStripe,Conceptual,Hybrid,naive-score,0.9801047047182766,0.9,0.8181818181818182,0.6444444444444445,0.7450749535461146,0.24126671089338642,1,2,0.009066667,190.107,books-genre-a=6 | books-genre-b=4
q068,grief after the death of a child,Torso,CrossStripe,Conceptual,Hybrid,interleave,0.8743795121258088,1,1,0.5555555555555556,0.6016456896639815,0.24632607915838634,0.9,2,0.009066667,190.0928,books-genre-a=5 | books-genre-b=5
q068,grief after the death of a child,Torso,CrossStripe,Conceptual,Hybrid,quota-merge,0.8812894225399823,1,1,0.6444444444444445,0.6364169069874659,0.24309041669641307,0.9,2,0.009066667,190.0849,books-genre-a=5 | books-genre-b=5
q068,grief after the death of a child,Torso,CrossStripe,Conceptual,Hybrid,global-rrf,0.8812894225399823,1,1,0.6444444444444445,0.6364169069874659,0.24309041669641307,0.9,2,0.009066667,190.103,books-genre-a=5 | books-genre-b=5
q068,grief after the death of a child,Torso,CrossStripe,Conceptual,Hybrid,minmax-norm,0.8595040225812827,0.9,0.8181818181818182,0.4222222222222222,0.5673761649349999,0.2592335655974563,1,2,0.009066667,190.1259,books-genre-a=6 | books-genre-b=4
q068,grief after the death of a child,Torso,CrossStripe,Conceptual,Hybrid,zscore-norm,0.9869391296274015,0.9,0.8181818181818182,0.7777777777777778,0.7905342404921193,0.23658382649599344,1,2,0.009066667,190.12400000000002,books-genre-a=6 | books-genre-b=4
q068,grief after the death of a child,Torso,CrossStripe,Conceptual,Hybrid,vector-similarity,0.8762248483130841,0.4,0.25,0.022222222222222223,0.47745719453874247,0.41109095798410195,1,2,0.009066667,190.0959,books-genre-a=3 | books-genre-b=7
q068,grief after the death of a child,Torso,CrossStripe,Conceptual,Hybrid,hybrid-legs,0.9789286357745905,0.7,0.5384615384615384,0.7777777777777778,0.7767407636205775,0.29816028813487,1,2,0.009066667,190.1361,books-genre-a=3 | books-genre-b=7
q068,grief after the death of a child,Torso,CrossStripe,Conceptual,Hybrid,idf-correct-probe,0.9266558759655904,0.6,0.42857142857142855,0.5111111111111111,0.608773556009484,0.15130636068705972,1,2,0.009066667,190.14780000000002,books-genre-a=5 | books-genre-b=5
q068,grief after the death of a child,Torso,CrossStripe,Conceptual,Hybrid,idf-correct-sidecar,0.9266558759655904,0.6,0.42857142857142855,0.5111111111111111,0.608773556009484,0.15130636068705972,1,2,0.009066667,190.15310000000002,books-genre-a=5 | books-genre-b=5
q068,grief after the death of a child,Torso,CrossStripe,Conceptual,Hybrid,global-bm25,0.568923717698318,0.3,0.17647058823529413,-0.1111111111111111,0.21982711277827074,0.35500170077977145,1,2,0.009066667,191.3393,books-genre-a=5 | books-genre-b=5
q069,an outsider who does not fit in anywhere,Torso,CrossStripe,Conceptual,Hybrid,single-index,1,1,1,1,1,1,1,1,0.0047,197.9623,books-oracle2=10
q069,an outsider who does not fit in anywhere,Torso,CrossStripe,Conceptual,Hybrid,naive-score,0.7185385883417795,0.5,0.3333333333333333,0.35714285714285715,0.43523582799671606,0.9603250160361273,1,2,0.008483333,191.973,books-genre-a=8 | books-genre-b=2
q069,an outsider who does not fit in anywhere,Torso,CrossStripe,Conceptual,Hybrid,interleave,0.5619920716668475,0.4,0.25,0.14285714285714285,0.24976175633511977,0.9458352203602566,1,2,0.008483333,191.958,books-genre-a=5 | books-genre-b=5
q069,an outsider who does not fit in anywhere,Torso,CrossStripe,Conceptual,Hybrid,quota-merge,0.555851347127712,0.4,0.25,-0.047619047619047616,0.24495400928758312,0.9458352203602566,1,2,0.008483333,191.9493,books-genre-a=5 | books-genre-b=5
q069,an outsider who does not fit in anywhere,Torso,CrossStripe,Conceptual,Hybrid,global-rrf,0.555851347127712,0.4,0.25,-0.047619047619047616,0.24495400928758312,0.9458352203602566,1,2,0.008483333,191.967,books-genre-a=5 | books-genre-b=5
q069,an outsider who does not fit in anywhere,Torso,CrossStripe,Conceptual,Hybrid,minmax-norm,0.43141537825448284,0.2,0.1111111111111111,-0.047619047619047616,0.12750198598638426,0.8951943970009143,1,2,0.008483333,191.99110000000002,books-genre-a=2 | books-genre-b=8
q069,an outsider who does not fit in anywhere,Torso,CrossStripe,Conceptual,Hybrid,zscore-norm,0.45242208463951544,0.2,0.1111111111111111,0.2,0.17883286033187096,0.8992570819408976,1,2,0.008483333,191.98680000000002,books-genre-a=3 | books-genre-b=7
q069,an outsider who does not fit in anywhere,Torso,CrossStripe,Conceptual,Hybrid,vector-similarity,0.688181257122094,0.5,0.3333333333333333,0.6428571428571429,0.4009454788632245,0.9007619020868619,1,2,0.008483333,191.95510000000002,books-genre-a=7 | books-genre-b=3
q069,an outsider who does not fit in anywhere,Torso,CrossStripe,Conceptual,Hybrid,hybrid-legs,0.793302705916249,0.5,0.3333333333333333,0.5,0.5221553647252659,1,1,2,0.008483333,191.9967,books-genre-a=9 | books-genre-b=1
q069,an outsider who does not fit in anywhere,Torso,CrossStripe,Conceptual,Hybrid,idf-correct-probe,0.5132881266408538,0.3,0.17647058823529413,0.6444444444444445,0.18852510720130275,0.8915802009560909,1,2,0.008483333,191.9999,books-genre-a=6 | books-genre-b=4
q069,an outsider who does not fit in anywhere,Torso,CrossStripe,Conceptual,Hybrid,idf-correct-sidecar,0.5127420922764891,0.3,0.17647058823529413,0.5555555555555556,0.18852510720130275,0.894456970601414,1,2,0.008483333,191.99450000000002,books-genre-a=6 | books-genre-b=4
q069,an outsider who does not fit in anywhere,Torso,CrossStripe,Conceptual,Hybrid,global-bm25,0.42299024134349883,0.1,0.05263157894736842,0.24444444444444444,0.080472269371003,0.8210909774603486,1,2,0.008483333,193.3038,books-genre-a=7 | books-genre-b=3
q070,school,Head,CrossStripe,Lexical,Hybrid,single-index,1,1,1,1,1,1,1,1,0.0047,192.3799,books-oracle2=10
q070,school,Head,CrossStripe,Lexical,Hybrid,naive-score,0.9221719549489231,0.7,0.5384615384615384,0.3333333333333333,0.6046934346699628,1,1,2,0.004533333,194.133,books-genre-a=6 | books-genre-b=4
q070,school,Head,CrossStripe,Lexical,Hybrid,interleave,0.9029777306416494,0.6,0.42857142857142855,0.3333333333333333,0.5624268560182113,0.9363792118010483,0.9,2,0.004533333,194.1145,books-genre-a=5 | books-genre-b=5
q070,school,Head,CrossStripe,Lexical,Hybrid,quota-merge,0.9017743222828767,0.6,0.42857142857142855,0.28888888888888886,0.5547955114983117,0.9363792118010483,0.9,2,0.004533333,194.1044,books-genre-a=5 | books-genre-b=5
q070,school,Head,CrossStripe,Lexical,Hybrid,global-rrf,0.9017743222828767,0.6,0.42857142857142855,0.28888888888888886,0.5547955114983117,0.9363792118010483,0.9,2,0.004533333,194.1255,books-genre-a=5 | books-genre-b=5
q070,school,Head,CrossStripe,Lexical,Hybrid,minmax-norm,0.9221719549489231,0.7,0.5384615384615384,0.3333333333333333,0.6046934346699628,1,1,2,0.004533333,194.1422,books-genre-a=6 | books-genre-b=4
q070,school,Head,CrossStripe,Lexical,Hybrid,zscore-norm,0.7408338089186755,0.7,0.5384615384615384,-0.1111111111111111,0.3620592581307521,1,1,2,0.004533333,194.1386,books-genre-a=6 | books-genre-b=4
q070,school,Head,CrossStripe,Lexical,Hybrid,vector-similarity,0.813920872368019,0.3,0.17647058823529413,0.4222222222222222,0.41589140446327705,1,1,2,0.004533333,194.1124,books-genre-a=7 | books-genre-b=3
q070,school,Head,CrossStripe,Lexical,Hybrid,hybrid-legs,0.940442834257263,0.8,0.6666666666666666,0.37777777777777777,0.6649000024069274,1,1,2,0.004533333,194.1529,books-genre-a=8 | books-genre-b=2
q070,school,Head,CrossStripe,Lexical,Hybrid,idf-correct-probe,0.9500632077860579,0.7,0.5384615384615384,0.5555555555555556,0.6548846684837616,1,1,2,0.004533333,194.1456,books-genre-a=10
q070,school,Head,CrossStripe,Lexical,Hybrid,idf-correct-sidecar,0.9500632077860579,0.7,0.5384615384615384,0.5555555555555556,0.6548846684837616,1,1,2,0.004533333,194.1349,books-genre-a=10
q070,school,Head,CrossStripe,Lexical,Hybrid,global-bm25,0.6539458266234535,0.6,0.42857142857142855,0.2777777777777778,0.42861876031475754,1,1,2,0.004533333,195.4465,books-genre-a=8 | books-genre-b=2
q071,obsession that ruins a life,Torso,CrossStripe,Conceptual,Hybrid,single-index,1,1,1,1,1,0.6589018029626318,1,1,0.0047,203.3117,books-oracle2=10
q071,obsession that ruins a life,Torso,CrossStripe,Conceptual,Hybrid,naive-score,0.7718006755486468,0.6,0.42857142857142855,0.4444444444444444,0.5046649774159948,0.7504595674936068,1,2,0.008483333,185.216,books-genre-a=3 | books-genre-b=7
q071,obsession that ruins a life,Torso,CrossStripe,Conceptual,Hybrid,interleave,0.7419507327312805,0.5,0.3333333333333333,0.2,0.36219944575917223,0.8411564090387035,1,2,0.008483333,185.1863,books-genre-a=5 | books-genre-b=5
q071,obsession that ruins a life,Torso,CrossStripe,Conceptual,Hybrid,quota-merge,0.8692479072301365,0.5,0.3333333333333333,0.28888888888888886,0.48985736598344226,0.8411564090387035,1,2,0.008483333,185.1756,books-genre-a=5 | books-genre-b=5
q071,obsession that ruins a life,Torso,CrossStripe,Conceptual,Hybrid,global-rrf,0.8692479072301365,0.5,0.3333333333333333,0.28888888888888886,0.48985736598344226,0.8411564090387035,1,2,0.008483333,185.1937,books-genre-a=5 | books-genre-b=5
q071,obsession that ruins a life,Torso,CrossStripe,Conceptual,Hybrid,minmax-norm,0.8870284714044252,0.6,0.42857142857142855,0.5,0.6051830248366797,0.7504595674936068,1,2,0.008483333,185.2189,books-genre-a=3 | books-genre-b=7
q071,obsession that ruins a life,Torso,CrossStripe,Conceptual,Hybrid,zscore-norm,0.7085093153682208,0.6,0.42857142857142855,0.1111111111111111,0.38714156261881916,0.7678464633163523,1,2,0.008483333,185.2145,books-genre-a=3 | books-genre-b=7
q071,obsession that ruins a life,Torso,CrossStripe,Conceptual,Hybrid,vector-similarity,0.7319409018269729,0.6,0.42857142857142855,0.2,0.3684850342693491,0.7818050612086849,1,2,0.008483333,185.1861,books-genre-a=1 | books-genre-b=9
q071,obsession that ruins a life,Torso,CrossStripe,Conceptual,Hybrid,hybrid-legs,0.8220210126954047,0.8,0.6666666666666666,0.3333333333333333,0.5579031838094348,0.7560550403431195,1,2,0.008483333,185.2252,books-genre-a=1 | books-genre-b=9
q071,obsession that ruins a life,Torso,CrossStripe,Conceptual,Hybrid,idf-correct-probe,0.598546804005171,0.3,0.17647058823529413,0.3333333333333333,0.16035500310813813,0.4303811872235183,1,2,0.008483333,185.2238,books-genre-a=6 | books-genre-b=4
q071,obsession that ruins a life,Torso,CrossStripe,Conceptual,Hybrid,idf-correct-sidecar,0.6014714392164447,0.3,0.17647058823529413,0.37777777777777777,0.1677645321382474,0.44674312757613976,1,2,0.008483333,185.2163,books-genre-a=5 | books-genre-b=5
q071,obsession that ruins a life,Torso,CrossStripe,Conceptual,Hybrid,global-bm25,0.44046657680855006,0.2,0.1111111111111111,-0.022222222222222223,0.11086766123772877,0.6635626941750589,1,2,0.008483333,186.4687,books-genre-a=6 | books-genre-b=4
q072,slavery and its aftermath,Torso,CrossStripe,Mixed,Hybrid,single-index,1,1,1,1,1,0.9134872336594229,1,1,0.00175,119.1728,books-oracle2=10
q072,slavery and its aftermath,Torso,CrossStripe,Mixed,Hybrid,naive-score,0.7854027582818833,0.7,0.5384615384615384,0.2222222222222222,0.47340033855517744,0.7351092228569625,1,2,0.0011,91.9626,books-genre-a=3 | books-genre-b=7
q072,slavery and its aftermath,Torso,CrossStripe,Mixed,Hybrid,interleave,0.7168001456382685,0.6,0.42857142857142855,0.14285714285714285,0.3847312928469343,0.6983110085384127,1,2,0.0011,91.94999999999999,books-genre-a=5 | books-genre-b=5
q072,slavery and its aftermath,Torso,CrossStripe,Mixed,Hybrid,quota-merge,0.8412674740836912,0.6,0.42857142857142855,0.2857142857142857,0.5332105357736462,0.7578056374491325,1,2,0.0011,91.94059999999999,books-genre-a=5 | books-genre-b=5
q072,slavery and its aftermath,Torso,CrossStripe,Mixed,Hybrid,global-rrf,0.8412674740836912,0.6,0.42857142857142855,0.2857142857142857,0.5332105357736462,0.7578056374491325,1,2,0.0011,91.95859999999999,books-genre-a=5 | books-genre-b=5
q072,slavery and its aftermath,Torso,CrossStripe,Mixed,Hybrid,minmax-norm,0.8888013024418492,0.7,0.5384615384615384,0.2777777777777778,0.5739183859758624,0.7815259785281199,1,2,0.0011,91.9811,books-genre-a=3 | books-genre-b=7
q072,slavery and its aftermath,Torso,CrossStripe,Mixed,Hybrid,zscore-norm,0.6672169952500582,0.6,0.42857142857142855,0.14285714285714285,0.3336178489326424,0.6736110993459719,1,2,0.0011,91.9803,books-genre-a=5 | books-genre-b=5
q072,slavery and its aftermath,Torso,CrossStripe,Mixed,Hybrid,vector-similarity,0.7170789393141287,0.6,0.42857142857142855,-0.1111111111111111,0.37098432448157226,0.8577666702728031,1,2,0.0011,91.94999999999999,books-genre-a=1 | books-genre-b=9
q072,slavery and its aftermath,Torso,CrossStripe,Mixed,Hybrid,hybrid-legs,0.9848774463114718,0.9,0.8181818181818182,0.8666666666666667,0.7822782343543313,0.8447249777703676,1,2,0.0011,91.99119999999999,books-genre-a=2 | books-genre-b=8
q072,slavery and its aftermath,Torso,CrossStripe,Mixed,Hybrid,idf-correct-probe,0.8233597135993465,0.5,0.3333333333333333,0.4222222222222222,0.4653774401020687,0.6272778253148177,0.9,2,0.0011,91.9884,books-genre-a=3 | books-genre-b=7
q072,slavery and its aftermath,Torso,CrossStripe,Mixed,Hybrid,idf-correct-sidecar,0.8233597135993465,0.5,0.3333333333333333,0.4222222222222222,0.4653774401020687,0.6272778253148177,0.9,2,0.0011,91.9769,books-genre-a=3 | books-genre-b=7
q072,slavery and its aftermath,Torso,CrossStripe,Mixed,Hybrid,global-bm25,0.6381572584152986,0.7,0.5384615384615384,-0.06666666666666667,0.39010104406386903,0.7676205657824788,0.9,2,0.0011,93.2451,books-genre-a=2 | books-genre-b=8
q073,the Holocaust,Torso,CrossStripe,Lexical,Hybrid,single-index,1,1,1,1,1,1,1,1,0.001716667,91.562,books-oracle2=10
q073,the Holocaust,Torso,CrossStripe,Lexical,Hybrid,naive-score,0.6785663790640505,0.6,0.42857142857142855,0.05555555555555555,0.3204870040609875,1,1,2,0.0011,83.9759,books-genre-a=5 | books-genre-b=5
q073,the Holocaust,Torso,CrossStripe,Lexical,Hybrid,interleave,0.7299998456525383,0.6,0.42857142857142855,0.2777777777777778,0.427081579792628,1,1,2,0.0011,83.963,books-genre-a=5 | books-genre-b=5
q073,the Holocaust,Torso,CrossStripe,Lexical,Hybrid,quota-merge,0.7878319183792247,0.6,0.42857142857142855,0.3888888888888889,0.454221452596213,1,1,2,0.0011,83.9545,books-genre-a=5 | books-genre-b=5
q073,the Holocaust,Torso,CrossStripe,Lexical,Hybrid,global-rrf,0.7878319183792247,0.6,0.42857142857142855,0.3888888888888889,0.454221452596213,1,1,2,0.0011,83.9746,books-genre-a=5 | books-genre-b=5
q073,the Holocaust,Torso,CrossStripe,Lexical,Hybrid,minmax-norm,0.8020206648576204,0.7,0.5384615384615384,0.3333333333333333,0.48963596671603676,1,1,2,0.0011,83.99669999999999,books-genre-a=4 | books-genre-b=6
q073,the Holocaust,Torso,CrossStripe,Lexical,Hybrid,zscore-norm,0.6410292300537578,0.6,0.42857142857142855,-0.1111111111111111,0.258263805396677,1,1,2,0.0011,83.9931,books-genre-a=5 | books-genre-b=5
q073,the Holocaust,Torso,CrossStripe,Lexical,Hybrid,vector-similarity,0.7634748331590305,0.4,0.25,0.4222222222222222,0.3806060451093778,0.9224654597764764,1,2,0.0011,83.9645,books-genre-b=10
q073,the Holocaust,Torso,CrossStripe,Lexical,Hybrid,hybrid-legs,0.825526984089049,0.7,0.5384615384615384,0.28888888888888886,0.4599762506987831,1,1,2,0.0011,84.0026,books-genre-a=4 | books-genre-b=6
q073,the Holocaust,Torso,CrossStripe,Lexical,Hybrid,idf-correct-probe,0.5815060579073451,0.4,0.25,0.022222222222222223,0.3113386910811471,0.8611375561264454,1,2,0.0011,83.99589999999999,books-genre-a=1 | books-genre-b=9
q073,the Holocaust,Torso,CrossStripe,Lexical,Hybrid,idf-correct-sidecar,0.5815060579073451,0.4,0.25,0.022222222222222223,0.3113386910811471,0.8611375561264454,1,2,0.0011,83.9871,books-genre-a=1 | books-genre-b=9
q073,the Holocaust,Torso,CrossStripe,Lexical,Hybrid,global-bm25,0.5462509159003358,0.5,0.3333333333333333,-0.2,0.21947597125778956,0.94546789582947,1,2,0.0011,85.2932,books-genre-a=4 | books-genre-b=6
q074,a woman who defies the expectations of her time,Torso,CrossStripe,Conceptual,Hybrid,single-index,1,1,1,1,1,0.8918343139732646,1,1,0.0047,209.8759,books-oracle2=10
q074,a woman who defies the expectations of her time,Torso,CrossStripe,Conceptual,Hybrid,naive-score,0.8818220697931034,0.7,0.5384615384615384,0.6428571428571429,0.6303122035802374,0.8257951996405422,1,2,0.009033333,214.764,books-genre-a=6 | books-genre-b=4
q074,a woman who defies the expectations of her time,Torso,CrossStripe,Conceptual,Hybrid,interleave,0.9361243991056086,0.7,0.5384615384615384,0.8888888888888888,0.7442721746438942,0.8918343139732646,1,2,0.009033333,214.7484,books-genre-a=5 | books-genre-b=5
q074,a woman who defies the expectations of her time,Torso,CrossStripe,Conceptual,Hybrid,quota-merge,0.8831298454913451,0.7,0.5384615384615384,0.7777777777777778,0.630564149040667,0.8923176273555912,1,2,0.009033333,214.7392,books-genre-a=5 | books-genre-b=5
q074,a woman who defies the expectations of her time,Torso,CrossStripe,Conceptual,Hybrid,global-rrf,0.8831298454913451,0.7,0.5384615384615384,0.7777777777777778,0.630564149040667,0.8923176273555912,1,2,0.009033333,214.75740000000002,books-genre-a=5 | books-genre-b=5
q074,a woman who defies the expectations of her time,Torso,CrossStripe,Conceptual,Hybrid,minmax-norm,0.854403056033918,0.7,0.5384615384615384,0.9285714285714286,0.6536361210578712,0.8339313239490922,1,2,0.009033333,214.7792,books-genre-a=6 | books-genre-b=4
q074,a woman who defies the expectations of her time,Torso,CrossStripe,Conceptual,Hybrid,zscore-norm,0.8857134668665934,0.7,0.5384615384615384,0.8888888888888888,0.6708940000267941,0.8884634281196222,1,2,0.009033333,214.7777,books-genre-a=5 | books-genre-b=5
q074,a woman who defies the expectations of her time,Torso,CrossStripe,Conceptual,Hybrid,vector-similarity,0.8374973761735247,0.5,0.3333333333333333,0.28888888888888886,0.44191977820689227,0.8967042278371755,0.9,2,0.009033333,214.74740000000003,books-genre-a=3 | books-genre-b=7
q074,a woman who defies the expectations of her time,Torso,CrossStripe,Conceptual,Hybrid,hybrid-legs,0.9294940527503774,0.7,0.5384615384615384,0.5555555555555556,0.678218497417066,0.9513467899190737,1,2,0.009033333,214.7898,books-genre-a=5 | books-genre-b=5
q074,a woman who defies the expectations of her time,Torso,CrossStripe,Conceptual,Hybrid,idf-correct-probe,0.6360743121023618,0.2,0.1111111111111111,0.6444444444444445,0.24647546757868388,0.8113499146016455,1,2,0.009033333,214.79070000000002,books-genre-a=3 | books-genre-b=7
q074,a woman who defies the expectations of her time,Torso,CrossStripe,Conceptual,Hybrid,idf-correct-sidecar,0.5503876395312319,0.2,0.1111111111111111,0.37777777777777777,0.13283805155320344,0.7948833084733515,1,2,0.009033333,214.7821,books-genre-a=2 | books-genre-b=8
q074,a woman who defies the expectations of her time,Torso,CrossStripe,Conceptual,Hybrid,global-bm25,0.5930418322433455,0.5,0.3333333333333333,-0.15555555555555556,0.29989411952650985,0.918752830540385,1,2,0.009033333,216.05370000000002,books-genre-a=2 | books-genre-b=8
q075,addiction and recovery,Torso,CrossStripe,Mixed,Hybrid,single-index,1,1,1,1,1,0.9216017310213247,1,1,0.003483333,157.0879,books-oracle2=10
q075,addiction and recovery,Torso,CrossStripe,Mixed,Hybrid,naive-score,0.9191656825747289,0.8,0.6666666666666666,0.6111111111111112,0.6735501235033996,0.9305687780632227,1,2,0.002216667,118.6161,books-genre-a=3 | books-genre-b=7
q075,addiction and recovery,Torso,CrossStripe,Mixed,Hybrid,interleave,0.7219441337183676,0.6,0.42857142857142855,0.14285714285714285,0.39861527142000597,0.9621404437403491,1,2,0.002216667,118.60470000000001,books-genre-a=5 | books-genre-b=5
q075,addiction and recovery,Torso,CrossStripe,Mixed,Hybrid,quota-merge,0.8205640492307542,0.6,0.42857142857142855,0.21428571428571427,0.49913331884069134,0.9621404437403491,1,2,0.002216667,118.59530000000001,books-genre-a=5 | books-genre-b=5
q075,addiction and recovery,Torso,CrossStripe,Mixed,Hybrid,global-rrf,0.8205640492307542,0.6,0.42857142857142855,0.21428571428571427,0.49913331884069134,0.9621404437403491,1,2,0.002216667,118.6132,books-genre-a=5 | books-genre-b=5
q075,addiction and recovery,Torso,CrossStripe,Mixed,Hybrid,minmax-norm,0.9191656825747289,0.8,0.6666666666666666,0.6111111111111112,0.6735501235033996,0.9305687780632227,1,2,0.002216667,118.6348,books-genre-a=3 | books-genre-b=7
q075,addiction and recovery,Torso,CrossStripe,Mixed,Hybrid,zscore-norm,0.7047073873842759,0.7,0.5384615384615384,0.1111111111111111,0.3642088621520194,0.9363792118010483,1,2,0.002216667,118.6337,books-genre-a=4 | books-genre-b=6
q075,addiction and recovery,Torso,CrossStripe,Mixed,Hybrid,vector-similarity,0.9027160161437233,0.7,0.5384615384615384,0.5555555555555556,0.5688894447361169,1,1,2,0.002216667,118.6054,books-genre-b=10
q075,addiction and recovery,Torso,CrossStripe,Mixed,Hybrid,hybrid-legs,0.9934913792774456,0.9,0.8181818181818182,0.8222222222222222,0.797026173150574,0.92663607790064,1,2,0.002216667,118.6473,books-genre-a=1 | books-genre-b=9
q075,addiction and recovery,Torso,CrossStripe,Mixed,Hybrid,idf-correct-probe,0.9567072317821211,0.8,0.6666666666666666,0.5555555555555556,0.6909814705200106,0.8611375561264454,1,2,0.002216667,118.63990000000001,books-genre-a=1 | books-genre-b=9
q075,addiction and recovery,Torso,CrossStripe,Mixed,Hybrid,idf-correct-sidecar,0.9567072317821211,0.8,0.6666666666666666,0.5555555555555556,0.6909814705200106,0.8611375561264454,1,2,0.002216667,118.6301,books-genre-a=1 | books-genre-b=9
q075,addiction and recovery,Torso,CrossStripe,Mixed,Hybrid,global-bm25,0.8739195568068899,0.7,0.5384615384615384,0.6,0.5507621471428301,1,1,2,0.002216667,119.8832,books-genre-a=1 | books-genre-b=9
q076,New York City,Head,CrossStripe,Lexical,Hybrid,single-index,1,1,1,1,1,1,1,1,0.0047,199.0091,books-oracle2=10
q076,New York City,Head,CrossStripe,Lexical,Hybrid,naive-score,0.8855486628525839,0.8,0.6666666666666666,0.5555555555555556,0.5812594887018513,1,1,2,0.007933333,196.34529999999998,books-genre-a=4 | books-genre-b=6
q076,New York City,Head,CrossStripe,Lexical,Hybrid,interleave,0.861413490449808,0.7,0.5384615384615384,0.4222222222222222,0.5039551655254586,1,1,2,0.007933333,196.3318,books-genre-a=5 | books-genre-b=5
q076,New York City,Head,CrossStripe,Lexical,Hybrid,quota-merge,0.9548000495007856,0.7,0.5384615384615384,0.5111111111111111,0.6316130857497285,1,1,2,0.007933333,196.32309999999998,books-genre-a=5 | books-genre-b=5
q076,New York City,Head,CrossStripe,Lexical,Hybrid,global-rrf,0.9548000495007856,0.7,0.5384615384615384,0.5111111111111111,0.6316130857497285,1,1,2,0.007933333,196.3409,books-genre-a=5 | books-genre-b=5
q076,New York City,Head,CrossStripe,Lexical,Hybrid,minmax-norm,0.9830211549953005,0.9,0.8181818181818182,0.6888888888888889,0.7427036821568265,1,1,2,0.007933333,196.3637,books-genre-a=3 | books-genre-b=7
q076,New York City,Head,CrossStripe,Lexical,Hybrid,zscore-norm,0.8293653203813224,0.8,0.6666666666666666,0.28888888888888886,0.4665596713770385,1,1,2,0.007933333,196.3606,books-genre-a=4 | books-genre-b=6
q076,New York City,Head,CrossStripe,Lexical,Hybrid,vector-similarity,0.9276571833722612,1,1,0.24444444444444444,0.6094049847911197,1,1,2,0.007933333,196.33509999999998,books-genre-a=2 | books-genre-b=8
q076,New York City,Head,CrossStripe,Lexical,Hybrid,hybrid-legs,0.9980737746893691,1,1,0.9555555555555556,0.831996882214841,1,1,2,0.007933333,196.3766,books-genre-a=2 | books-genre-b=8
q076,New York City,Head,CrossStripe,Lexical,Hybrid,idf-correct-probe,0.7763050782405931,0.7,0.5384615384615384,0.15555555555555556,0.4333690155763399,1,1,2,0.007933333,196.3713,books-genre-a=3 | books-genre-b=7
q076,New York City,Head,CrossStripe,Lexical,Hybrid,idf-correct-sidecar,0.7763050782405931,0.7,0.5384615384615384,0.15555555555555556,0.4333690155763399,1,1,2,0.007933333,196.3601,books-genre-a=3 | books-genre-b=7
q076,New York City,Head,CrossStripe,Lexical,Hybrid,global-bm25,0.8793125570122009,0.7,0.5384615384615384,0.1111111111111111,0.5469767864442092,1,1,2,0.007933333,197.7022,books-genre-a=4 | books-genre-b=6
q077,an unlikely friendship between two very different people,Torso,CrossStripe,Conceptual,Hybrid,single-index,1,1,1,1,1,0.7010163030596562,1,1,0.0047,206.9122,books-oracle2=10
q077,an unlikely friendship between two very different people,Torso,CrossStripe,Conceptual,Hybrid,naive-score,0.7288221970298822,0.7,0.5384615384615384,0.6,0.5265044200170086,0.5840775028556443,1,2,0.007933333,221.557,books-genre-a=6 | books-genre-b=4
q077,an unlikely friendship between two very different people,Torso,CrossStripe,Conceptual,Hybrid,interleave,0.7352728564103691,0.7,0.5384615384615384,0.5111111111111111,0.49964867169451077,0.6037334963112345,1,2,0.007933333,221.54379999999998,books-genre-a=5 | books-genre-b=5
q077,an unlikely friendship between two very different people,Torso,CrossStripe,Conceptual,Hybrid,quota-merge,0.7323212346918936,0.7,0.5384615384615384,0.5555555555555556,0.5204699943969526,0.5990758260751617,1,2,0.007933333,221.5347,books-genre-a=5 | books-genre-b=5
q077,an unlikely friendship between two very different people,Torso,CrossStripe,Conceptual,Hybrid,global-rrf,0.7323212346918936,0.7,0.5384615384615384,0.5555555555555556,0.5204699943969526,0.5990758260751617,1,2,0.007933333,221.55159999999998,books-genre-a=5 | books-genre-b=5
q077,an unlikely friendship between two very different people,Torso,CrossStripe,Conceptual,Hybrid,minmax-norm,0.7288221970298822,0.7,0.5384615384615384,0.6,0.5265044200170086,0.5840775028556443,1,2,0.007933333,221.5753,books-genre-a=6 | books-genre-b=4
q077,an unlikely friendship between two very different people,Torso,CrossStripe,Conceptual,Hybrid,zscore-norm,0.7288221970298822,0.7,0.5384615384615384,0.6,0.5265044200170086,0.5840775028556443,1,2,0.007933333,221.5797,books-genre-a=6 | books-genre-b=4
q077,an unlikely friendship between two very different people,Torso,CrossStripe,Conceptual,Hybrid,vector-similarity,0.5317411659400338,0.2,0.1111111111111111,0.3333333333333333,0.25613500209292717,0.7199460811894817,1,2,0.007933333,221.54579999999999,books-genre-a=6 | books-genre-b=4
q077,an unlikely friendship between two very different people,Torso,CrossStripe,Conceptual,Hybrid,hybrid-legs,0.7047556460743386,0.5,0.3333333333333333,0.2,0.4352898185109992,0.6348168470991334,1,2,0.007933333,221.58329999999998,books-genre-a=4 | books-genre-b=6
q077,an unlikely friendship between two very different people,Torso,CrossStripe,Conceptual,Hybrid,idf-correct-probe,0.8365150506409725,0.3,0.17647058823529413,0.7333333333333333,0.44022933516533713,0.5313102035996952,1,2,0.007933333,221.5896,books-genre-a=5 | books-genre-b=5
q077,an unlikely friendship between two very different people,Torso,CrossStripe,Conceptual,Hybrid,idf-correct-sidecar,0.7171818997346028,0.3,0.17647058823529413,0.6,0.3397112877446521,0.5560101127921362,1,2,0.007933333,221.58239999999998,books-genre-a=5 | books-genre-b=5
q077,an unlikely friendship between two very different people,Torso,CrossStripe,Conceptual,Hybrid,global-bm25,0.605788693340305,0.3,0.17647058823529413,0.28888888888888886,0.1821983259241562,0.4930526276191935,1,2,0.007933333,222.8374,books-genre-a=4 | books-genre-b=6
q078,climate change and environmental collapse,Torso,CrossStripe,Mixed,Hybrid,single-index,1,1,1,1,1,1,1,1,0.005866667,199.9433,books-oracle2=10
q078,climate change and environmental collapse,Torso,CrossStripe,Mixed,Hybrid,naive-score,0.995619120891527,1,1,0.6888888888888889,0.7805731613816281,1,1,2,0.007866667,160.0569,books-genre-a=4 | books-genre-b=6
q078,climate change and environmental collapse,Torso,CrossStripe,Mixed,Hybrid,interleave,0.8792882620979366,0.9,0.8181818181818182,0.37777777777777777,0.5484826658205663,1,1,2,0.007866667,160.04260000000002,books-genre-a=5 | books-genre-b=5
q078,climate change and environmental collapse,Torso,CrossStripe,Mixed,Hybrid,quota-merge,0.880334551024366,0.9,0.8181818181818182,0.4666666666666667,0.5609217573880023,1,1,2,0.007866667,160.03320000000002,books-genre-a=5 | books-genre-b=5
q078,climate change and environmental collapse,Torso,CrossStripe,Mixed,Hybrid,global-rrf,0.880334551024366,0.9,0.8181818181818182,0.4666666666666667,0.5609217573880023,1,1,2,0.007866667,160.0516,books-genre-a=5 | books-genre-b=5
q078,climate change and environmental collapse,Torso,CrossStripe,Mixed,Hybrid,minmax-norm,0.8946245556048295,1,1,0.4222222222222222,0.5956812557767736,1,1,2,0.007866667,160.07580000000002,books-genre-a=4 | books-genre-b=6
q078,climate change and environmental collapse,Torso,CrossStripe,Mixed,Hybrid,zscore-norm,0.9919445604389452,1,1,0.5555555555555556,0.7546224027193089,1,1,2,0.007866667,160.0736,books-genre-a=4 | books-genre-b=6
q078,climate change and environmental collapse,Torso,CrossStripe,Mixed,Hybrid,vector-similarity,0.9509461749526071,0.7,0.5384615384615384,0.7333333333333333,0.712969880451018,0.9224654597764764,1,2,0.007866667,160.0432,books-genre-a=2 | books-genre-b=8
q078,climate change and environmental collapse,Torso,CrossStripe,Mixed,Hybrid,hybrid-legs,0.9990493741592862,1,1,0.8666666666666667,0.8300446093895562,1,1,2,0.007866667,160.0866,books-genre-a=4 | books-genre-b=6
q078,climate change and environmental collapse,Torso,CrossStripe,Mixed,Hybrid,idf-correct-probe,0.8050609648440114,0.4,0.25,0.6444444444444445,0.4399668590524629,0.9035356816466509,1,2,0.007866667,160.08550000000002,books-genre-a=5 | books-genre-b=5
q078,climate change and environmental collapse,Torso,CrossStripe,Mixed,Hybrid,idf-correct-sidecar,0.807108437967029,0.4,0.25,0.8666666666666667,0.4399668590524629,0.8923176273555912,1,2,0.007866667,160.078,books-genre-a=5 | books-genre-b=5
q078,climate change and environmental collapse,Torso,CrossStripe,Mixed,Hybrid,global-bm25,0.9231737236530136,0.6,0.42857142857142855,0.37777777777777777,0.5910347451246891,1,1,2,0.007866667,161.4558,books-genre-a=6 | books-genre-b=4
q079,memory and how unreliable it can be,Torso,CrossStripe,Conceptual,Hybrid,single-index,1,1,1,1,1,0.6628166640792978,1,1,0.0053,207.5376,books-oracle2=10
q079,memory and how unreliable it can be,Torso,CrossStripe,Conceptual,Hybrid,naive-score,0.8514022687296725,0.8,0.6666666666666666,0.6666666666666666,0.5908758239769026,0.6760313880032582,1,2,0.009033333,184.4981,books-genre-a=7 | books-genre-b=3
q079,memory and how unreliable it can be,Torso,CrossStripe,Conceptual,Hybrid,interleave,0.8455608051498598,0.8,0.6666666666666666,0.6111111111111112,0.5901684357050995,0.5982731783547535,1,2,0.009033333,184.4844,books-genre-a=5 | books-genre-b=5
q079,memory and how unreliable it can be,Torso,CrossStripe,Conceptual,Hybrid,quota-merge,0.82358676976351,0.8,0.6666666666666666,0.4444444444444444,0.5825370911852,0.6181106703366898,1,2,0.009033333,184.4757,books-genre-a=5 | books-genre-b=5
q079,memory and how unreliable it can be,Torso,CrossStripe,Conceptual,Hybrid,global-rrf,0.82358676976351,0.8,0.6666666666666666,0.4444444444444444,0.5825370911852,0.6181106703366898,1,2,0.009033333,184.4923,books-genre-a=5 | books-genre-b=5
q079,memory and how unreliable it can be,Torso,CrossStripe,Conceptual,Hybrid,minmax-norm,0.828235710877115,0.8,0.6666666666666666,0.6666666666666666,0.604516852306223,0.6791786044319195,1,2,0.009033333,184.5313,books-genre-a=7 | books-genre-b=3
q079,memory and how unreliable it can be,Torso,CrossStripe,Conceptual,Hybrid,zscore-norm,0.7792519943038755,0.8,0.6666666666666666,0.2777777777777778,0.46912507351340543,0.6956140747360221,1,2,0.009033333,184.5169,books-genre-a=6 | books-genre-b=4
q079,memory and how unreliable it can be,Torso,CrossStripe,Conceptual,Hybrid,vector-similarity,0.7017659849122786,0.5,0.3333333333333333,-0.1111111111111111,0.2787319675457894,0.6703050440905383,1,2,0.009033333,184.4872,books-genre-a=3 | books-genre-b=7
q079,memory and how unreliable it can be,Torso,CrossStripe,Conceptual,Hybrid,hybrid-legs,0.9756609879107379,0.7,0.5384615384615384,0.7333333333333333,0.7385265609488164,0.7191278958242298,1,2,0.009033333,184.55249999999998,books-genre-a=5 | books-genre-b=5
q079,memory and how unreliable it can be,Torso,CrossStripe,Conceptual,Hybrid,idf-correct-probe,0.7124513982433656,0.5,0.3333333333333333,0.2,0.37500575397305264,0.6227804685655428,1,2,0.009033333,184.52949999999998,books-genre-a=6 | books-genre-b=4
q079,memory and how unreliable it can be,Torso,CrossStripe,Conceptual,Hybrid,idf-correct-sidecar,0.7170800024847548,0.5,0.3333333333333333,0.24444444444444444,0.3810154377824735,0.6227804685655428,1,2,0.009033333,184.5176,books-genre-a=6 | books-genre-b=4
q079,memory and how unreliable it can be,Torso,CrossStripe,Conceptual,Hybrid,global-bm25,0.45906136406558723,0.4,0.25,-0.2777777777777778,0.22094884538401097,0.6980585390104117,1,2,0.009033333,185.79979999999998,books-genre-a=4 | books-genre-b=6
q080,a doctor confronting the limits of medicine,Tail,CrossStripe,Conceptual,Hybrid,single-index,1,1,1,1,1,0.8291660854941845,1,1,0.0053,246.8574,books-oracle2=10
q080,a doctor confronting the limits of medicine,Tail,CrossStripe,Conceptual,Hybrid,naive-score,0.965406558833097,0.7,0.5384615384615384,0.8222222222222222,0.7105408287761864,0.8598216686111745,1,2,0.009033333,215.52499999999998,books-genre-a=5 | books-genre-b=5
q080,a doctor confronting the limits of medicine,Tail,CrossStripe,Conceptual,Hybrid,interleave,0.8207234717728787,0.7,0.5384615384615384,0.24444444444444444,0.45675164756474423,0.7170248719024682,1,2,0.009033333,215.5094,books-genre-a=5 | books-genre-b=5
q080,a doctor confronting the limits of medicine,Tail,CrossStripe,Conceptual,Hybrid,quota-merge,0.9238336591181538,0.7,0.5384615384615384,0.37777777777777777,0.5697087865528654,0.7866500054092046,1,2,0.009033333,215.4981,books-genre-a=5 | books-genre-b=5
q080,a doctor confronting the limits of medicine,Tail,CrossStripe,Conceptual,Hybrid,global-rrf,0.9238336591181538,0.7,0.5384615384615384,0.37777777777777777,0.5697087865528654,0.7866500054092046,1,2,0.009033333,215.52079999999998,books-genre-a=5 | books-genre-b=5
q080,a doctor confronting the limits of medicine,Tail,CrossStripe,Conceptual,Hybrid,minmax-norm,0.9291394224467935,0.7,0.5384615384615384,0.4222222222222222,0.5879835013247777,0.7866500054092046,1,2,0.009033333,215.5638,books-genre-a=5 | books-genre-b=5
q080,a doctor confronting the limits of medicine,Tail,CrossStripe,Conceptual,Hybrid,zscore-norm,0.7905670915103558,0.7,0.5384615384615384,0.3333333333333333,0.44223233256478456,0.6923249627100273,1,2,0.009033333,215.546,books-genre-a=5 | books-genre-b=5
q080,a doctor confronting the limits of medicine,Tail,CrossStripe,Conceptual,Hybrid,vector-similarity,0.8687306906707408,0.6,0.42857142857142855,0.6,0.5400930009155122,1,1,2,0.009033333,215.511,books-genre-b=10
q080,a doctor confronting the limits of medicine,Tail,CrossStripe,Conceptual,Hybrid,hybrid-legs,0.9924657133420107,0.9,0.8181818181818182,0.9111111111111111,0.8241435236252717,0.8776041622547394,1,2,0.009033333,215.5588,books-genre-a=2 | books-genre-b=8
q080,a doctor confronting the limits of medicine,Tail,CrossStripe,Conceptual,Hybrid,idf-correct-probe,0.862064097705612,0.5,0.3333333333333333,0.4666666666666667,0.5176204297039911,0.7659126218260195,1,2,0.009033333,215.55929999999998,books-genre-a=4 | books-genre-b=6
q080,a doctor confronting the limits of medicine,Tail,CrossStripe,Conceptual,Hybrid,idf-correct-sidecar,0.862064097705612,0.5,0.3333333333333333,0.4666666666666667,0.5176204297039911,0.7659126218260195,1,2,0.009033333,215.5511,books-genre-a=4 | books-genre-b=6
q080,a doctor confronting the limits of medicine,Tail,CrossStripe,Conceptual,Hybrid,global-bm25,0.5993117442273431,0.4,0.25,-0.1111111111111111,0.2406324734495567,0.7510916729774053,0.9,2,0.009033333,218.30159999999998,books-genre-a=5 | books-genre-b=5
q081,immortality and the cost of living forever,Tail,CrossStripe,Conceptual,Hybrid,single-index,1,1,1,1,1,0.6789870714880152,1,1,0.0047,196.4997,books-oracle2=10
q081,immortality and the cost of living forever,Tail,CrossStripe,Conceptual,Hybrid,naive-score,0.7978451903360834,0.7,0.5384615384615384,0.2222222222222222,0.5357768675068706,0.7045142819895823,1,2,0.007933333,185.82999999999998,books-genre-a=5 | books-genre-b=5
q081,immortality and the cost of living forever,Tail,CrossStripe,Conceptual,Hybrid,interleave,0.7939654518975394,0.7,0.5384615384615384,0.2777777777777778,0.5401463870282479,0.7004785842272672,1,2,0.007933333,185.8168,books-genre-a=5 | books-genre-b=5
q081,immortality and the cost of living forever,Tail,CrossStripe,Conceptual,Hybrid,quota-merge,0.7991532696613866,0.7,0.5384615384615384,0.2777777777777778,0.5540962816492905,0.7072700667689907,1,2,0.007933333,185.8081,books-genre-a=5 | books-genre-b=5
q081,immortality and the cost of living forever,Tail,CrossStripe,Conceptual,Hybrid,global-rrf,0.7991532696613866,0.7,0.5384615384615384,0.2777777777777778,0.5540962816492905,0.7072700667689907,1,2,0.007933333,185.825,books-genre-a=5 | books-genre-b=5
q081,immortality and the cost of living forever,Tail,CrossStripe,Conceptual,Hybrid,minmax-norm,0.7978451903360834,0.7,0.5384615384615384,0.2222222222222222,0.5357768675068706,0.7045142819895823,1,2,0.007933333,185.84779999999998,books-genre-a=5 | books-genre-b=5
q081,immortality and the cost of living forever,Tail,CrossStripe,Conceptual,Hybrid,zscore-norm,0.9094444259100527,0.7,0.5384615384615384,0.2222222222222222,0.6334713174551929,0.7048904870260734,1,2,0.007933333,185.8448,books-genre-a=5 | books-genre-b=5
q081,immortality and the cost of living forever,Tail,CrossStripe,Conceptual,Hybrid,vector-similarity,0.7483723708349083,0.2,0.1111111111111111,0.5,0.3893518652855277,0.7496475249982083,1,2,0.007933333,185.816,books-genre-a=7 | books-genre-b=3
q081,immortality and the cost of living forever,Tail,CrossStripe,Conceptual,Hybrid,hybrid-legs,0.8199610827615468,0.6,0.42857142857142855,0.5555555555555556,0.5534607004088326,0.8106805670146205,1,2,0.007933333,185.8569,books-genre-a=6 | books-genre-b=4
q081,immortality and the cost of living forever,Tail,CrossStripe,Conceptual,Hybrid,idf-correct-probe,0.5356628103460035,0.2,0.1111111111111111,0.37777777777777777,0.1406043505317506,0.7543980453183485,1,2,0.007933333,185.8592,books-genre-a=7 | books-genre-b=3
q081,immortality and the cost of living forever,Tail,CrossStripe,Conceptual,Hybrid,idf-correct-sidecar,0.5355139316091504,0.2,0.1111111111111111,0.3333333333333333,0.1406043505317506,0.7560834882451697,1,2,0.007933333,185.85049999999998,books-genre-a=7 | books-genre-b=3
q081,immortality and the cost of living forever,Tail,CrossStripe,Conceptual,Hybrid,global-bm25,0.4619262671595075,0.4,0.25,-0.3333333333333333,0.24493150756463483,0.6744079883127856,1,2,0.007933333,187.1486,books-genre-a=5 | books-genre-b=5
q082,twins separated at birth,Tail,CrossStripe,Lexical,Hybrid,single-index,1,1,1,1,1,0.29664895193629925,1,1,0.003483333,140.8707,books-oracle2=10
q082,twins separated at birth,Tail,CrossStripe,Lexical,Hybrid,naive-score,0.9262058970508084,0.9,0.8181818181818182,0.6888888888888889,0.6855652200818859,0.30783630869372186,1,2,0.0033499999999999997,117.6242,books-genre-a=6 | books-genre-b=4
q082,twins separated at birth,Tail,CrossStripe,Lexical,Hybrid,interleave,0.874827491421161,0.8,0.6666666666666666,0.5555555555555556,0.6330149431363548,0.345626210511585,1,2,0.0033499999999999997,117.61,books-genre-a=5 | books-genre-b=5
q082,twins separated at birth,Tail,CrossStripe,Lexical,Hybrid,quota-merge,0.7712806429357059,0.8,0.6666666666666666,0.3888888888888889,0.4873592976820058,0.4303133827753267,1,2,0.0033499999999999997,117.6024,books-genre-a=5 | books-genre-b=5
q082,twins separated at birth,Tail,CrossStripe,Lexical,Hybrid,global-rrf,0.7712806429357059,0.8,0.6666666666666666,0.3888888888888889,0.4873592976820058,0.4303133827753267,1,2,0.0033499999999999997,117.6202,books-genre-a=5 | books-genre-b=5
q082,twins separated at birth,Tail,CrossStripe,Lexical,Hybrid,minmax-norm,0.8121950178585575,0.9,0.8181818181818182,0.3333333333333333,0.5220640575583899,0.43202129282107743,1,2,0.0033499999999999997,117.6437,books-genre-a=6 | books-genre-b=4
q082,twins separated at birth,Tail,CrossStripe,Lexical,Hybrid,zscore-norm,0.7336648660002246,0.9,0.8181818181818182,0.022222222222222223,0.37677979512866594,0.42398250912573443,1,2,0.0033499999999999997,117.6498,books-genre-a=6 | books-genre-b=4
q082,twins separated at birth,Tail,CrossStripe,Lexical,Hybrid,vector-similarity,0.8834457610295062,0.7,0.5384615384615384,0.4666666666666667,0.5970747241315516,0.20705175066168305,0.9,2,0.0033499999999999997,117.6097,books-genre-a=8 | books-genre-b=2
q082,twins separated at birth,Tail,CrossStripe,Lexical,Hybrid,hybrid-legs,0.9278183900080698,0.9,0.8181818181818182,0.9555555555555556,0.7150201839842852,0.2979648385506882,0.9,2,0.0033499999999999997,117.6506,books-genre-a=7 | books-genre-b=3
q082,twins separated at birth,Tail,CrossStripe,Lexical,Hybrid,idf-correct-probe,0.9412287346839426,0.6,0.42857142857142855,0.6888888888888889,0.6760299241660972,0.3946140516513443,1,2,0.0033499999999999997,117.67569999999999,books-genre-a=6 | books-genre-b=4
q082,twins separated at birth,Tail,CrossStripe,Lexical,Hybrid,idf-correct-sidecar,0.9412287346839426,0.6,0.42857142857142855,0.6888888888888889,0.6760299241660972,0.3946140516513443,1,2,0.0033499999999999997,117.64229999999999,books-genre-a=6 | books-genre-b=4
q082,twins separated at birth,Tail,CrossStripe,Lexical,Hybrid,global-bm25,0.5237399672880739,0.2,0.1111111111111111,-0.15555555555555556,0.11944254941809679,0.5326234556410837,1,2,0.0033499999999999997,118.9012,books-genre-a=5 | books-genre-b=5
q083,a letter that arrives decades too late,Tail,CrossStripe,Conceptual,Hybrid,single-index,1,1,1,1,1,0.6819523839917085,1,1,0.005866667,205.3759,books-oracle2=10
q083,a letter that arrives decades too late,Tail,CrossStripe,Conceptual,Hybrid,naive-score,0.7486210110641883,0.8,0.6666666666666666,0.3888888888888889,0.49197768462156033,0.6328124867642182,1,2,0.007899999999999999,175.7127,books-genre-a=4 | books-genre-b=6
q083,a letter that arrives decades too late,Tail,CrossStripe,Conceptual,Hybrid,interleave,0.7861405955637673,0.7,0.5384615384615384,0.3888888888888889,0.5205101333608101,0.6007230615671828,1,2,0.007899999999999999,175.7004,books-genre-a=5 | books-genre-b=5
q083,a letter that arrives decades too late,Tail,CrossStripe,Conceptual,Hybrid,quota-merge,0.7928969735852486,0.7,0.5384615384615384,0.4444444444444444,0.5253178804083467,0.6160581650256914,1,2,0.007899999999999999,175.6916,books-genre-a=5 | books-genre-b=5
q083,a letter that arrives decades too late,Tail,CrossStripe,Conceptual,Hybrid,global-rrf,0.7928969735852486,0.7,0.5384615384615384,0.4444444444444444,0.5253178804083467,0.6160581650256914,1,2,0.007899999999999999,175.7089,books-genre-a=5 | books-genre-b=5
q083,a letter that arrives decades too late,Tail,CrossStripe,Conceptual,Hybrid,minmax-norm,0.8012303962631048,0.8,0.6666666666666666,0.4444444444444444,0.5432204897702894,0.6733134107525542,1,2,0.007899999999999999,175.7331,books-genre-a=4 | books-genre-b=6
q083,a letter that arrives decades too late,Tail,CrossStripe,Conceptual,Hybrid,zscore-norm,0.6987050455735777,0.7,0.5384615384615384,0.16666666666666666,0.3922986489411141,0.5576593447145786,1,2,0.007899999999999999,175.7287,books-genre-a=5 | books-genre-b=5
q083,a letter that arrives decades too late,Tail,CrossStripe,Conceptual,Hybrid,vector-similarity,0.6682095172305001,0.7,0.5384615384615384,0.42857142857142855,0.3874215298585056,0.733625636834526,1,2,0.007899999999999999,175.6987,books-genre-a=2 | books-genre-b=8
q083,a letter that arrives decades too late,Tail,CrossStripe,Conceptual,Hybrid,hybrid-legs,0.8066434654953841,0.8,0.6666666666666666,0.6666666666666666,0.5607443179270954,0.6872088811633683,1,2,0.007899999999999999,175.7409,books-genre-a=4 | books-genre-b=6
q083,a letter that arrives decades too late,Tail,CrossStripe,Conceptual,Hybrid,idf-correct-probe,0.6265069995969164,0.4,0.25,0.37777777777777777,0.2626508041853113,0.2979247920486715,1,2,0.007899999999999999,175.74280000000002,books-genre-a=4 | books-genre-b=6
q083,a letter that arrives decades too late,Tail,CrossStripe,Conceptual,Hybrid,idf-correct-sidecar,0.6265069995969164,0.4,0.25,0.37777777777777777,0.2626508041853113,0.2979247920486715,1,2,0.007899999999999999,175.7463,books-genre-a=4 | books-genre-b=6
q083,a letter that arrives decades too late,Tail,CrossStripe,Conceptual,Hybrid,global-bm25,0.4287514753287184,0.2,0.1111111111111111,-0.4666666666666667,0.1039836560514167,0.3272981461188478,1,2,0.007899999999999999,176.9741,books-genre-a=5 | books-genre-b=5
q084,music and the people who devote their lives to it,Torso,CrossStripe,Conceptual,Hybrid,single-index,1,1,1,1,1,0.7626967045207191,1,1,0.005866667,193.4045,books-oracle2=10
q084,music and the people who devote their lives to it,Torso,CrossStripe,Conceptual,Hybrid,naive-score,0.748601314697046,0.6,0.42857142857142855,0.3888888888888889,0.49303233946650504,0.6537279800508763,1,2,0.0085,208.0425,books-genre-a=4 | books-genre-b=6
q084,music and the people who devote their lives to it,Torso,CrossStripe,Conceptual,Hybrid,interleave,0.7030225108599828,0.6,0.42857142857142855,0,0.40596657424838933,0.6837867790980752,1,2,0.0085,208.0305,books-genre-a=5 | books-genre-b=5
q084,music and the people who devote their lives to it,Torso,CrossStripe,Conceptual,Hybrid,quota-merge,0.8302360292101147,0.6,0.42857142857142855,0.14285714285714285,0.5412558389925588,0.6325841414297921,1,2,0.0085,208.0222,books-genre-a=5 | books-genre-b=5
q084,music and the people who devote their lives to it,Torso,CrossStripe,Conceptual,Hybrid,global-rrf,0.8302360292101147,0.6,0.42857142857142855,0.14285714285714285,0.5412558389925588,0.6325841414297921,1,2,0.0085,208.03969999999998,books-genre-a=5 | books-genre-b=5
q084,music and the people who devote their lives to it,Torso,CrossStripe,Conceptual,Hybrid,minmax-norm,0.8687348948494726,0.6,0.42857142857142855,0.4444444444444444,0.59355038688719,0.6073112243797186,1,2,0.0085,208.06179999999998,books-genre-a=4 | books-genre-b=6
q084,music and the people who devote their lives to it,Torso,CrossStripe,Conceptual,Hybrid,zscore-norm,0.69163624857742,0.6,0.42857142857142855,0.05555555555555555,0.360938055219323,0.6649323151280588,1,2,0.0085,208.05839999999998,books-genre-a=4 | books-genre-b=6
q084,music and the people who devote their lives to it,Torso,CrossStripe,Conceptual,Hybrid,vector-similarity,0.8404708413118694,0.6,0.42857142857142855,0.37777777777777777,0.523420807956153,0.7716749306377727,1,2,0.0085,208.0322,books-genre-a=2 | books-genre-b=8
q084,music and the people who devote their lives to it,Torso,CrossStripe,Conceptual,Hybrid,hybrid-legs,0.803570643858006,0.7,0.5384615384615384,0.5111111111111111,0.5575537905775656,0.7650505352870679,1,2,0.0085,208.0727,books-genre-a=3 | books-genre-b=7
q084,music and the people who devote their lives to it,Torso,CrossStripe,Conceptual,Hybrid,idf-correct-probe,0.6490985937779161,0.3,0.17647058823529413,0.4666666666666667,0.21447018930936984,0.25866256788352104,1,2,0.0085,208.1421,books-genre-a=3 | books-genre-b=7
q084,music and the people who devote their lives to it,Torso,CrossStripe,Conceptual,Hybrid,idf-correct-sidecar,0.5851129685263345,0.2,0.1111111111111111,0.5111111111111111,0.1485975912529648,0.27267015866070843,1,2,0.0085,208.06609999999998,books-genre-a=4 | books-genre-b=6
q084,music and the people who devote their lives to it,Torso,CrossStripe,Conceptual,Hybrid,global-bm25,0.6619647507226186,0.5,0.3333333333333333,-0.15555555555555556,0.22690455937026294,0.6525337711540399,1,2,0.0085,209.3425,books-genre-a=3 | books-genre-b=7
q085,a trial that divides a town,Torso,CrossStripe,Conceptual,Hybrid,single-index,1,1,1,1,1,0.6459784390500751,1,1,0.0053,197.689,books-oracle2=10
q085,a trial that divides a town,Torso,CrossStripe,Conceptual,Hybrid,naive-score,0.7736030249928816,0.5,0.3333333333333333,0.6444444444444445,0.4803514268928208,0.40384342101766035,1,2,0.00845,179.948,books-genre-a=6 | books-genre-b=4
q085,a trial that divides a town,Torso,CrossStripe,Conceptual,Hybrid,interleave,0.7627832824918457,0.5,0.3333333333333333,0.2,0.3661747736372519,0.5554120874788169,1,2,0.00845,179.9332,books-genre-a=5 | books-genre-b=5
q085,a trial that divides a town,Torso,CrossStripe,Conceptual,Hybrid,quota-merge,0.7249259326724351,0.5,0.3333333333333333,0.24444444444444444,0.37380611815715137,0.4803726954358204,1,2,0.00845,179.9205,books-genre-a=5 | books-genre-b=5
q085,a trial that divides a town,Torso,CrossStripe,Conceptual,Hybrid,global-rrf,0.7249259326724351,0.5,0.3333333333333333,0.24444444444444444,0.37380611815715137,0.4803726954358204,1,2,0.00845,179.9437,books-genre-a=5 | books-genre-b=5
q085,a trial that divides a town,Torso,CrossStripe,Conceptual,Hybrid,minmax-norm,0.7473635461398198,0.5,0.3333333333333333,0.6,0.43511830555351244,0.4285433302101013,1,2,0.00845,179.97119999999998,books-genre-a=6 | books-genre-b=4
q085,a trial that divides a town,Torso,CrossStripe,Conceptual,Hybrid,zscore-norm,0.7772410469697908,0.5,0.3333333333333333,0.6888888888888889,0.4803514268928208,0.40384342101766035,1,2,0.00845,179.9708,books-genre-a=6 | books-genre-b=4
q085,a trial that divides a town,Torso,CrossStripe,Conceptual,Hybrid,vector-similarity,0.7886807844470153,0.4,0.25,0.2777777777777778,0.4131148544688587,0.4372812043355651,0.9,2,0.00845,179.9307,books-genre-a=3 | books-genre-b=7
q085,a trial that divides a town,Torso,CrossStripe,Conceptual,Hybrid,hybrid-legs,0.8028377005655519,0.6,0.42857142857142855,0.37777777777777777,0.5022571697952763,0.49221396196038625,1,2,0.00845,179.9735,books-genre-a=4 | books-genre-b=6
q085,a trial that divides a town,Torso,CrossStripe,Conceptual,Hybrid,idf-correct-probe,0.5542012917588504,0.2,0.1111111111111111,0.4222222222222222,0.14748315083879923,0.3030936695779721,1,2,0.00845,179.9697,books-genre-a=7 | books-genre-b=3
q085,a trial that divides a town,Torso,CrossStripe,Conceptual,Hybrid,idf-correct-sidecar,0.5569693967636901,0.2,0.1111111111111111,0.5111111111111111,0.12995400408351282,0.2708923996460403,1,2,0.00845,179.9613,books-genre-a=6 | books-genre-b=4
q085,a trial that divides a town,Torso,CrossStripe,Conceptual,Hybrid,global-bm25,0.691607769323895,0.6,0.42857142857142855,0.06666666666666667,0.38924276420218956,0.731372978185768,1,2,0.00845,181.2662,books-genre-a=7 | books-genre-b=3
q086,forbidden love across a social divide,Torso,CrossStripe,Conceptual,Hybrid,single-index,1,1,1,1,1,0.7919538731758132,1,1,0.0047,195.8268,books-oracle2=10
q086,forbidden love across a social divide,Torso,CrossStripe,Conceptual,Hybrid,naive-score,0.692198111749247,0.5,0.3333333333333333,0.05555555555555555,0.3578630126993982,0.5434678158403201,0.9,2,0.010166667,212.9957,books-genre-a=4 | books-genre-b=6
q086,forbidden love across a social divide,Torso,CrossStripe,Conceptual,Hybrid,interleave,0.6280820123850684,0.4,0.25,-0.1111111111111111,0.2347568702837456,0.5550720047581095,0.9,2,0.010166667,212.9813,books-genre-a=5 | books-genre-b=5
q086,forbidden love across a social divide,Torso,CrossStripe,Conceptual,Hybrid,quota-merge,0.634224136267383,0.4,0.25,0.05555555555555555,0.2527545955138245,0.5412105856213738,0.9,2,0.010166667,212.9702,books-genre-a=5 | books-genre-b=5
q086,forbidden love across a social divide,Torso,CrossStripe,Conceptual,Hybrid,global-rrf,0.634224136267383,0.4,0.25,0.05555555555555555,0.2527545955138245,0.5412105856213738,0.9,2,0.010166667,212.9913,books-genre-a=5 | books-genre-b=5
q086,forbidden love across a social divide,Torso,CrossStripe,Conceptual,Hybrid,minmax-norm,0.683733097577409,0.5,0.3333333333333333,-0.05555555555555555,0.3319122540370789,0.5468387016939624,0.9,2,0.010166667,213.0094,books-genre-a=4 | books-genre-b=6
q086,forbidden love across a social divide,Torso,CrossStripe,Conceptual,Hybrid,zscore-norm,0.656670813982132,0.5,0.3333333333333333,-0.16666666666666666,0.2939549503765366,0.5561856603928057,0.9,2,0.010166667,213.0076,books-genre-a=4 | books-genre-b=6
q086,forbidden love across a social divide,Torso,CrossStripe,Conceptual,Hybrid,vector-similarity,0.6923844420454977,0.5,0.3333333333333333,0.5,0.42646253613366325,0.6986610642423049,0.9,2,0.010166667,212.97660000000002,books-genre-b=10
q086,forbidden love across a social divide,Torso,CrossStripe,Conceptual,Hybrid,hybrid-legs,0.7752025023648662,0.6,0.42857142857142855,0.28888888888888886,0.5212963013945614,0.5851977981425643,0.9,2,0.010166667,213.0173,books-genre-a=2 | books-genre-b=8
q086,forbidden love across a social divide,Torso,CrossStripe,Conceptual,Hybrid,idf-correct-probe,0.38249463603547407,0,0,0.7222222222222222,0.036966957852083815,0.4704539494448522,0.9,2,0.010166667,213.0215,books-genre-a=4 | books-genre-b=6
q086,forbidden love across a social divide,Torso,CrossStripe,Conceptual,Hybrid,idf-correct-sidecar,0.44513709956428515,0.1,0.05263157894736842,0.2,0.06407553986170149,0.46819671922590583,0.9,2,0.010166667,213.0135,books-genre-a=2 | books-genre-b=8
q086,forbidden love across a social divide,Torso,CrossStripe,Conceptual,Hybrid,global-bm25,0.44996651363834694,0.1,0.05263157894736842,0.15555555555555556,0.10578729994533656,0.6498263556350323,0.9,2,0.010166667,214.3128,books-genre-a=3 | books-genre-b=7
q087,an old man looking back on his life,Torso,CrossStripe,Conceptual,Hybrid,single-index,1,1,1,1,1,0.6493970474572867,1,1,0.0047,197.872,books-oracle2=10
q087,an old man looking back on his life,Torso,CrossStripe,Conceptual,Hybrid,naive-score,0.639144176468967,0.5,0.3333333333333333,0.3333333333333333,0.43818538486856096,0.5028621235717813,0.9,2,0.009583333,189.5574,books-genre-a=5 | books-genre-b=5
q087,an old man looking back on his life,Torso,CrossStripe,Conceptual,Hybrid,interleave,0.6029410673728944,0.5,0.3333333333333333,0.3333333333333333,0.3620122915832076,0.47433422966637084,0.9,2,0.009583333,189.5443,books-genre-a=5 | books-genre-b=5
q087,an old man looking back on his life,Torso,CrossStripe,Conceptual,Hybrid,quota-merge,0.7240340247986822,0.5,0.3333333333333333,0.4666666666666667,0.48815940875387115,0.5291557464637344,0.9,2,0.009583333,189.5345,books-genre-a=5 | books-genre-b=5
q087,an old man looking back on his life,Torso,CrossStripe,Conceptual,Hybrid,global-rrf,0.7240340247986822,0.5,0.3333333333333333,0.4666666666666667,0.48815940875387115,0.5291557464637344,0.9,2,0.009583333,189.5533,books-genre-a=5 | books-genre-b=5
q087,an old man looking back on his life,Torso,CrossStripe,Conceptual,Hybrid,minmax-norm,0.7508829260469082,0.5,0.3333333333333333,0.4666666666666667,0.5387034322892459,0.5492788792429387,0.9,2,0.009583333,189.578,books-genre-a=5 | books-genre-b=5
q087,an old man looking back on his life,Torso,CrossStripe,Conceptual,Hybrid,zscore-norm,0.6358783818529362,0.5,0.3333333333333333,0.3333333333333333,0.42829290123165425,0.4985469691037968,0.9,2,0.009583333,189.5729,books-genre-a=5 | books-genre-b=5
q087,an old man looking back on his life,Torso,CrossStripe,Conceptual,Hybrid,vector-similarity,0.7943978250897961,0.4,0.25,0.4666666666666667,0.41777367025317574,0.7367161029216455,1,2,0.009583333,189.5441,books-genre-a=1 | books-genre-b=9
q087,an old man looking back on his life,Torso,CrossStripe,Conceptual,Hybrid,hybrid-legs,0.889012239587018,0.6,0.42857142857142855,0.6444444444444445,0.5980405495022791,0.6891334368599237,1,2,0.009583333,189.5905,books-genre-a=1 | books-genre-b=9
q087,an old man looking back on his life,Torso,CrossStripe,Conceptual,Hybrid,idf-correct-probe,0.5258264643821043,0.1,0.05263157894736842,0.6,0.16836406309845986,0.09095415684553482,1,2,0.009583333,189.5874,books-genre-a=8 | books-genre-b=2
q087,an old man looking back on his life,Torso,CrossStripe,Conceptual,Hybrid,idf-correct-sidecar,0.5818656018072951,0.2,0.1111111111111111,0.2,0.19490200895120044,0.12768509799571257,1,2,0.009583333,189.5793,books-genre-a=6 | books-genre-b=4
q087,an old man looking back on his life,Torso,CrossStripe,Conceptual,Hybrid,global-bm25,0.40767229312253667,0.2,0.1111111111111111,-0.4666666666666667,0.13313319685630914,0.16359327365873508,1,2,0.009583333,190.8254,books-genre-a=6 | books-genre-b=4
q088,letters and diaries as a way of telling a story,Tail,CrossStripe,Conceptual,Hybrid,single-index,1,1,1,1,1,1,1,1,0.0053,208.3733,books-oracle2=10
q088,letters and diaries as a way of telling a story,Tail,CrossStripe,Conceptual,Hybrid,naive-score,0.8375740494021857,0.7,0.5384615384615384,0.4222222222222222,0.5311600805234642,1,1,2,0.007933333,187.19080000000002,books-genre-a=4 | books-genre-b=6
q088,letters and diaries as a way of telling a story,Tail,CrossStripe,Conceptual,Hybrid,interleave,0.8355227720388722,0.7,0.5384615384615384,0.3333333333333333,0.5203426496665067,1,1,2,0.007933333,187.1705,books-genre-a=5 | books-genre-b=5
q088,letters and diaries as a way of telling a story,Tail,CrossStripe,Conceptual,Hybrid,quota-merge,0.8381041841100932,0.7,0.5384615384615384,0.4222222222222222,0.5335326278490491,1,1,2,0.007933333,187.16240000000002,books-genre-a=5 | books-genre-b=5
q088,letters and diaries as a way of telling a story,Tail,CrossStripe,Conceptual,Hybrid,global-rrf,0.8381041841100932,0.7,0.5384615384615384,0.4222222222222222,0.5335326278490491,1,1,2,0.007933333,187.193,books-genre-a=5 | books-genre-b=5
q088,letters and diaries as a way of telling a story,Tail,CrossStripe,Conceptual,Hybrid,minmax-norm,0.8541308521341071,0.8,0.6666666666666666,0.4222222222222222,0.5350543556319689,1,1,2,0.007933333,187.2038,books-genre-a=3 | books-genre-b=7
q088,letters and diaries as a way of telling a story,Tail,CrossStripe,Conceptual,Hybrid,zscore-norm,0.8339999443098302,0.7,0.5384615384615384,0.4222222222222222,0.5580737877203525,1,1,2,0.007933333,187.1999,books-genre-a=4 | books-genre-b=6
q088,letters and diaries as a way of telling a story,Tail,CrossStripe,Conceptual,Hybrid,vector-similarity,0.8749376420128082,0.8,0.6666666666666666,0.6,0.562986680437469,0.9432106656105237,1,2,0.007933333,187.17260000000002,books-genre-a=3 | books-genre-b=7
q088,letters and diaries as a way of telling a story,Tail,CrossStripe,Conceptual,Hybrid,hybrid-legs,0.8435389689882182,0.8,0.6666666666666666,0.5111111111111111,0.5426857001518683,1,1,2,0.007933333,187.2117,books-genre-a=4 | books-genre-b=6
q088,letters and diaries as a way of telling a story,Tail,CrossStripe,Conceptual,Hybrid,idf-correct-probe,0.4302891493436986,0.1,0.05263157894736842,0.6,0.12223195061095132,0.9404875240541909,1,2,0.007933333,187.21470000000002,books-genre-a=5 | books-genre-b=5
q088,letters and diaries as a way of telling a story,Tail,CrossStripe,Conceptual,Hybrid,idf-correct-sidecar,0.4789746148612406,0.2,0.1111111111111111,0.28888888888888886,0.14540773102482432,0.9432106656105237,1,2,0.007933333,187.2084,books-genre-a=7 | books-genre-b=3
q088,letters and diaries as a way of telling a story,Tail,CrossStripe,Conceptual,Hybrid,global-bm25,0.3669303421829088,0.2,0.1111111111111111,0.3333333333333333,0.12257739943439086,0.9404875240541909,1,2,0.007933333,188.4914,books-genre-a=3 | books-genre-b=7
q089,the price of ambition,Torso,CrossStripe,Conceptual,Hybrid,single-index,1,1,1,1,1,0.6072352946324279,1,1,0.005266667,193.1943,books-oracle2=10
q089,the price of ambition,Torso,CrossStripe,Conceptual,Hybrid,naive-score,0.9020179486133061,0.8,0.6666666666666666,0.8888888888888888,0.7010150358565417,0.5013060630154612,1,2,0.005066666,161.6284,books-genre-a=5 | books-genre-b=5
q089,the price of ambition,Torso,CrossStripe,Conceptual,Hybrid,interleave,0.8135135125261277,0.8,0.6666666666666666,0.5,0.5440867172932897,0.5131460148180477,1,2,0.005066666,161.61350000000002,books-genre-a=5 | books-genre-b=5
q089,the price of ambition,Torso,CrossStripe,Conceptual,Hybrid,quota-merge,0.8475708605922478,0.8,0.6666666666666666,0.5555555555555556,0.5601002929481947,0.5072762420542958,1,2,0.005066666,161.6057,books-genre-a=5 | books-genre-b=5
q089,the price of ambition,Torso,CrossStripe,Conceptual,Hybrid,global-rrf,0.8475708605922478,0.8,0.6666666666666666,0.5555555555555556,0.5601002929481947,0.5072762420542958,1,2,0.005066666,161.6225,books-genre-a=5 | books-genre-b=5
q089,the price of ambition,Torso,CrossStripe,Conceptual,Hybrid,minmax-norm,0.8693471133219706,0.8,0.6666666666666666,0.6666666666666666,0.6055595798941996,0.4981011738639593,1,2,0.005066666,161.6467,books-genre-a=5 | books-genre-b=5
q089,the price of ambition,Torso,CrossStripe,Conceptual,Hybrid,zscore-norm,0.7828658233532938,0.8,0.6666666666666666,0.2777777777777778,0.4562179064803395,0.5192506643896463,1,2,0.005066666,161.6454,books-genre-a=5 | books-genre-b=5
q089,the price of ambition,Torso,CrossStripe,Conceptual,Hybrid,vector-similarity,0.6806368052533363,0.5,0.3333333333333333,0.37777777777777777,0.30733905148938867,0.7560216711665579,1,2,0.005066666,161.614,books-genre-a=6 | books-genre-b=4
q089,the price of ambition,Torso,CrossStripe,Conceptual,Hybrid,hybrid-legs,0.9185865482342775,0.8,0.6666666666666666,0.6444444444444445,0.6563895736922862,0.5802015251581167,1,2,0.005066666,161.65730000000002,books-genre-a=6 | books-genre-b=4
q089,the price of ambition,Torso,CrossStripe,Conceptual,Hybrid,idf-correct-probe,0.744226556571506,0.4,0.25,0.4666666666666667,0.32242078236510574,0.30318727557245173,1,2,0.005066666,161.6518,books-genre-a=2 | books-genre-b=8
q089,the price of ambition,Torso,CrossStripe,Conceptual,Hybrid,idf-correct-sidecar,0.6911016901993569,0.3,0.17647058823529413,0.5555555555555556,0.30384935783853284,0.30067177068308404,1,2,0.005066666,161.64360000000002,books-genre-a=3 | books-genre-b=7
q089,the price of ambition,Torso,CrossStripe,Conceptual,Hybrid,global-bm25,0.44415112292445263,0.2,0.1111111111111111,0.022222222222222223,0.12745485768185902,0.6283658511265104,0.9,2,0.005066666,162.9581,books-genre-a=5 | books-genre-b=5
q090,a con artist whose scheme goes wrong,Tail,CrossStripe,Conceptual,Hybrid,single-index,1,1,1,1,1,0.6211405997458078,1,1,0.0053,205.5402,books-oracle2=10
q090,a con artist whose scheme goes wrong,Tail,CrossStripe,Conceptual,Hybrid,naive-score,0.774580393707461,0.8,0.6666666666666666,0.2777777777777778,0.5057300069517654,0.732211142267809,1,2,0.0085,193.35899999999998,books-genre-a=5 | books-genre-b=5
q090,a con artist whose scheme goes wrong,Tail,CrossStripe,Conceptual,Hybrid,interleave,0.8995039939086593,0.8,0.6666666666666666,0.2222222222222222,0.6485392080072565,0.6898946209290043,1,2,0.0085,193.34519999999998,books-genre-a=5 | books-genre-b=5
q090,a con artist whose scheme goes wrong,Tail,CrossStripe,Conceptual,Hybrid,quota-merge,0.8979910713000968,0.8,0.6666666666666666,0.2222222222222222,0.6437314609597199,0.6925280561844417,1,2,0.0085,193.33589999999998,books-genre-a=5 | books-genre-b=5
q090,a con artist whose scheme goes wrong,Tail,CrossStripe,Conceptual,Hybrid,global-rrf,0.8979910713000968,0.8,0.6666666666666666,0.2222222222222222,0.6437314609597199,0.6925280561844417,1,2,0.0085,193.35369999999998,books-genre-a=5 | books-genre-b=5
q090,a con artist whose scheme goes wrong,Tail,CrossStripe,Conceptual,Hybrid,minmax-norm,0.8947145659961141,0.8,0.6666666666666666,0.2777777777777778,0.6161405380093571,0.6925392352595973,1,2,0.0085,193.3774,books-genre-a=5 | books-genre-b=5
q090,a con artist whose scheme goes wrong,Tail,CrossStripe,Conceptual,Hybrid,zscore-norm,0.8991085997278672,0.8,0.6666666666666666,0.3333333333333333,0.6509117553328414,0.6924495552578279,1,2,0.0085,193.37429999999998,books-genre-a=5 | books-genre-b=5
q090,a con artist whose scheme goes wrong,Tail,CrossStripe,Conceptual,Hybrid,vector-similarity,0.55224463038841,0.4,0.25,0.2777777777777778,0.20146632893539143,0.7018621356336091,1,2,0.0085,193.34339999999997,books-genre-a=8 | books-genre-b=2
q090,a con artist whose scheme goes wrong,Tail,CrossStripe,Conceptual,Hybrid,hybrid-legs,0.7360275944639677,0.6,0.42857142857142855,0.15555555555555556,0.42273503161057896,0.7518374628545412,1,2,0.0085,193.3849,books-genre-a=6 | books-genre-b=4
q090,a con artist whose scheme goes wrong,Tail,CrossStripe,Conceptual,Hybrid,idf-correct-probe,0.5070957862662145,0.1,0.05263157894736842,0.28888888888888886,0.07383661345599327,0.5520221588108647,1,2,0.0085,193.4176,books-genre-a=10
q090,a con artist whose scheme goes wrong,Tail,CrossStripe,Conceptual,Hybrid,idf-correct-sidecar,0.5070957862662145,0.1,0.05263157894736842,0.28888888888888886,0.07383661345599327,0.5520221588108647,1,2,0.0085,193.386,books-genre-a=10
q090,a con artist whose scheme goes wrong,Tail,CrossStripe,Conceptual,Hybrid,global-bm25,0.6396900862748689,0.3,0.17647058823529413,-0.3888888888888889,0.28297428265449176,0.6474753380603185,1,2,0.0085,194.6572,books-genre-a=8 | books-genre-b=2
q091,prison,Head,CrossStripe,Lexical,Hybrid,single-index,1,1,1,1,1,1,1,1,0.00175,140.5072,books-oracle2=10
q091,prison,Head,CrossStripe,Lexical,Hybrid,naive-score,0.9807708625577258,0.8,0.6666666666666666,0.9111111111111111,0.794430457760621,1,1,2,0.002733333,112.57509999999999,books-genre-a=6 | books-genre-b=4
q091,prison,Head,CrossStripe,Lexical,Hybrid,interleave,0.9298003433775381,0.8,0.6666666666666666,0.6,0.6612638273646438,1,1,2,0.002733333,112.56,books-genre-a=5 | books-genre-b=5
q091,prison,Head,CrossStripe,Lexical,Hybrid,quota-merge,0.9241151455524879,0.8,0.6666666666666666,0.5111111111111111,0.6209339763785167,1,1,2,0.002733333,112.5504,books-genre-a=5 | books-genre-b=5
q091,prison,Head,CrossStripe,Lexical,Hybrid,global-rrf,0.9241151455524879,0.8,0.6666666666666666,0.5111111111111111,0.6209339763785167,1,1,2,0.002733333,112.5689,books-genre-a=5 | books-genre-b=5
q091,prison,Head,CrossStripe,Lexical,Hybrid,minmax-norm,0.9330689477882281,0.9,0.8181818181818182,0.8222222222222222,0.7058053358924582,1,1,2,0.002733333,112.59349999999999,books-genre-a=7 | books-genre-b=3
q091,prison,Head,CrossStripe,Lexical,Hybrid,zscore-norm,0.9787116603338656,0.8,0.6666666666666666,0.5555555555555556,0.7214520237992016,1,1,2,0.002733333,112.58999999999999,books-genre-a=5 | books-genre-b=5
q091,prison,Head,CrossStripe,Lexical,Hybrid,vector-similarity,0.9399536277253575,0.7,0.5384615384615384,0.4666666666666667,0.6429717579674404,1,1,2,0.002733333,112.56089999999999,books-genre-a=6 | books-genre-b=4
q091,prison,Head,CrossStripe,Lexical,Hybrid,hybrid-legs,0.9771297022827408,0.8,0.6666666666666666,1,0.8074956591188233,0.9621404437403491,1,2,0.002733333,112.6036,books-genre-a=7 | books-genre-b=3
q091,prison,Head,CrossStripe,Lexical,Hybrid,idf-correct-probe,0.7632355630859526,0.6,0.42857142857142855,0.2,0.4374648225055971,0.9371166382005486,1,2,0.002733333,112.59519999999999,books-genre-a=7 | books-genre-b=3
q091,prison,Head,CrossStripe,Lexical,Hybrid,idf-correct-sidecar,0.7647995011799495,0.6,0.42857142857142855,0.28888888888888886,0.4433699162565101,0.9371166382005486,1,2,0.002733333,112.5842,books-genre-a=8 | books-genre-b=2
q091,prison,Head,CrossStripe,Lexical,Hybrid,global-bm25,0.807296362087665,0.6,0.42857142857142855,0.24444444444444444,0.4607874962038013,1,1,2,0.002733333,113.84559999999999,books-genre-a=8 | books-genre-b=2
q092,language and the way words shape thought,Tail,CrossStripe,Conceptual,Hybrid,single-index,1,1,1,1,1,0.7561783250383693,1,1,0.0047,195.2905,books-oracle2=10
q092,language and the way words shape thought,Tail,CrossStripe,Conceptual,Hybrid,naive-score,0.7969149247116774,0.5,0.3333333333333333,0.6,0.582998594558476,0.7653750098426221,1,2,0.009000000000000001,192.60490000000001,books-genre-a=6 | books-genre-b=4
q092,language and the way words shape thought,Tail,CrossStripe,Conceptual,Hybrid,interleave,0.6169741040361961,0.6,0.42857142857142855,0.23809523809523808,0.40350596021505736,0.8631766532556483,1,2,0.009000000000000001,192.5876,books-genre-a=5 | books-genre-b=5
q092,language and the way words shape thought,Tail,CrossStripe,Conceptual,Hybrid,quota-merge,0.6206295718733772,0.6,0.42857142857142855,0.3333333333333333,0.4166959383975997,0.8593224540196794,1,2,0.009000000000000001,192.5773,books-genre-a=5 | books-genre-b=5
q092,language and the way words shape thought,Tail,CrossStripe,Conceptual,Hybrid,global-rrf,0.6206295718733772,0.6,0.42857142857142855,0.3333333333333333,0.4166959383975997,0.8593224540196794,1,2,0.009000000000000001,192.5988,books-genre-a=5 | books-genre-b=5
q092,language and the way words shape thought,Tail,CrossStripe,Conceptual,Hybrid,minmax-norm,0.5809906027467248,0.5,0.3333333333333333,0.06666666666666667,0.3731578972394319,0.8068291213808964,1,2,0.009000000000000001,192.62650000000002,books-genre-a=6 | books-genre-b=4
q092,language and the way words shape thought,Tail,CrossStripe,Conceptual,Hybrid,zscore-norm,0.7992593667154219,0.5,0.3333333333333333,0.7333333333333333,0.5961885727410182,0.7653750098426221,1,2,0.009000000000000001,192.62310000000002,books-genre-a=6 | books-genre-b=4
q092,language and the way words shape thought,Tail,CrossStripe,Conceptual,Hybrid,vector-similarity,0.9172041791745613,0.6,0.42857142857142855,0.7777777777777778,0.5718205111187356,0.7312079690625901,1,2,0.009000000000000001,192.58970000000002,books-genre-a=1 | books-genre-b=9
q092,language and the way words shape thought,Tail,CrossStripe,Conceptual,Hybrid,hybrid-legs,0.9513198843056635,0.7,0.5384615384615384,0.7333333333333333,0.6750356630423935,0.7137207244019493,1,2,0.009000000000000001,192.6277,books-genre-a=1 | books-genre-b=9
q092,language and the way words shape thought,Tail,CrossStripe,Conceptual,Hybrid,idf-correct-probe,0.79135844649209,0.4,0.25,0.16666666666666666,0.40304442537062535,0.5662019850454663,1,2,0.009000000000000001,192.6276,books-genre-a=4 | books-genre-b=6
q092,language and the way words shape thought,Tail,CrossStripe,Conceptual,Hybrid,idf-correct-sidecar,0.79135844649209,0.4,0.25,0.16666666666666666,0.40304442537062535,0.5662019850454663,1,2,0.009000000000000001,192.61950000000002,books-genre-a=4 | books-genre-b=6
q092,language and the way words shape thought,Tail,CrossStripe,Conceptual,Hybrid,global-bm25,0.37813870740476574,0.3,0.17647058823529413,0.3333333333333333,0.24654190749276997,0.8863227444144475,1,2,0.009000000000000001,193.964,books-genre-a=6 | books-genre-b=4
q093,a house that holds a family's history,Torso,CrossStripe,Conceptual,Hybrid,single-index,1,1,1,1,1,1,1,1,0.0053,202.6062,books-oracle2=10
q093,a house that holds a family's history,Torso,CrossStripe,Conceptual,Hybrid,naive-score,0.9657312765220658,0.7,0.5384615384615384,0.6444444444444445,0.7456115112490534,0.9621404437403491,1,2,0.008483333,218.2174,books-genre-a=4 | books-genre-b=6
q093,a house that holds a family's history,Torso,CrossStripe,Conceptual,Hybrid,interleave,0.7977712520890782,0.6,0.42857142857142855,0.15555555555555556,0.429616224864115,0.9580777588003657,1,2,0.008483333,218.2011,books-genre-a=5 | books-genre-b=5
q093,a house that holds a family's history,Torso,CrossStripe,Conceptual,Hybrid,quota-merge,0.9001211611804568,0.6,0.42857142857142855,0.24444444444444444,0.5377656168046994,0.9603250160361273,1,2,0.008483333,218.1919,books-genre-a=5 | books-genre-b=5
q093,a house that holds a family's history,Torso,CrossStripe,Conceptual,Hybrid,global-rrf,0.9001211611804568,0.6,0.42857142857142855,0.24444444444444444,0.5377656168046994,0.9603250160361273,1,2,0.008483333,218.2106,books-genre-a=5 | books-genre-b=5
q093,a house that holds a family's history,Torso,CrossStripe,Conceptual,Hybrid,minmax-norm,0.9255804403403115,0.6,0.42857142857142855,0.5111111111111111,0.6243050908002321,0.9603250160361273,1,2,0.008483333,218.2341,books-genre-a=5 | books-genre-b=5
q093,a house that holds a family's history,Torso,CrossStripe,Conceptual,Hybrid,zscore-norm,0.77778012417742,0.5,0.3333333333333333,0.4444444444444444,0.47155845534635693,0.9603250160361273,1,2,0.008483333,218.2314,books-genre-a=6 | books-genre-b=4
q093,a house that holds a family's history,Torso,CrossStripe,Conceptual,Hybrid,vector-similarity,0.8171014043373335,0.7,0.5384615384615384,0.1111111111111111,0.5218530905365886,0.9603250160361273,1,2,0.008483333,218.205,books-genre-a=2 | books-genre-b=8
q093,a house that holds a family's history,Torso,CrossStripe,Conceptual,Hybrid,hybrid-legs,0.9928485012524612,0.8,0.6666666666666666,0.7777777777777778,0.8068257042904563,0.9621404437403491,1,2,0.008483333,218.2468,books-genre-a=2 | books-genre-b=8
q093,a house that holds a family's history,Torso,CrossStripe,Conceptual,Hybrid,idf-correct-probe,0.8911286932965949,0.5,0.3333333333333333,0.6666666666666666,0.6314681047192094,0.6679390053512364,1,2,0.008483333,218.2453,books-genre-a=3 | books-genre-b=7
q093,a house that holds a family's history,Torso,CrossStripe,Conceptual,Hybrid,idf-correct-sidecar,0.9346684865284136,0.6,0.42857142857142855,0.7333333333333333,0.670875142586498,0.784617020723013,1,2,0.008483333,218.2369,books-genre-a=1 | books-genre-b=9
q093,a house that holds a family's history,Torso,CrossStripe,Conceptual,Hybrid,global-bm25,0.7644550790296338,0.4,0.25,0.5,0.45639972894547337,0.7152800943526618,1,2,0.008483333,219.5894,books-genre-a=4 | books-genre-b=6
q094,surveillance and the loss of privacy,Torso,CrossStripe,Mixed,Hybrid,single-index,1,1,1,1,1,0.9603250160361273,1,1,0.0047,196.4189,books-oracle2=10
q094,surveillance and the loss of privacy,Torso,CrossStripe,Mixed,Hybrid,naive-score,0.9678257141844576,0.7,0.5384615384615384,0.6888888888888889,0.767534913099576,0.9580777588003657,1,2,0.007316667000000001,146.7532,books-genre-a=6 | books-genre-b=4
q094,surveillance and the loss of privacy,Torso,CrossStripe,Mixed,Hybrid,interleave,0.8730623837763452,0.6,0.42857142857142855,0.7777777777777778,0.6012766105508177,0.9458352203602566,1,2,0.007316667000000001,146.73919999999998,books-genre-a=5 | books-genre-b=5
q094,surveillance and the loss of privacy,Torso,CrossStripe,Mixed,Hybrid,quota-merge,0.8693878594249044,0.6,0.42857142857142855,0.6666666666666666,0.580455287848376,0.9458352203602566,1,2,0.007316667000000001,146.7306,books-genre-a=5 | books-genre-b=5
q094,surveillance and the loss of privacy,Torso,CrossStripe,Mixed,Hybrid,global-rrf,0.8693878594249044,0.6,0.42857142857142855,0.6666666666666666,0.580455287848376,0.9458352203602566,1,2,0.007316667000000001,146.7488,books-genre-a=5 | books-genre-b=5
q094,surveillance and the loss of privacy,Torso,CrossStripe,Mixed,Hybrid,minmax-norm,0.9132291994030798,0.7,0.5384615384615384,0.6444444444444445,0.6670168656788911,0.9580777588003657,1,2,0.007316667000000001,146.7728,books-genre-a=6 | books-genre-b=4
q094,surveillance and the loss of privacy,Torso,CrossStripe,Mixed,Hybrid,zscore-norm,0.9304277843137788,0.6,0.42857142857142855,0.8888888888888888,0.7431965339333714,0.9552009891550426,1,2,0.007316667000000001,146.7687,books-genre-a=5 | books-genre-b=5
q094,surveillance and the loss of privacy,Torso,CrossStripe,Mixed,Hybrid,vector-similarity,0.8601578421872345,0.5,0.3333333333333333,0.5111111111111111,0.46890492885427715,0.8232273618633382,1,2,0.007316667000000001,146.7376,books-genre-a=5 | books-genre-b=5
q094,surveillance and the loss of privacy,Torso,CrossStripe,Mixed,Hybrid,hybrid-legs,0.963162127933554,0.7,0.5384615384615384,0.7777777777777778,0.7409920491749267,0.9621404437403491,1,2,0.007316667000000001,146.77949999999998,books-genre-a=7 | books-genre-b=3
q094,surveillance and the loss of privacy,Torso,CrossStripe,Mixed,Hybrid,idf-correct-probe,0.7599084069843849,0.2,0.1111111111111111,0.3333333333333333,0.3174977477450398,0.7668125134272682,1,2,0.007316667000000001,146.7785,books-genre-a=6 | books-genre-b=4
q094,surveillance and the loss of privacy,Torso,CrossStripe,Mixed,Hybrid,idf-correct-sidecar,0.7599084069843849,0.2,0.1111111111111111,0.3333333333333333,0.3174977477450398,0.7668125134272682,1,2,0.007316667000000001,146.7697,books-genre-a=6 | books-genre-b=4
q094,surveillance and the loss of privacy,Torso,CrossStripe,Mixed,Hybrid,global-bm25,0.8406110919660914,0.5,0.3333333333333333,0.06666666666666667,0.46779787308738663,0.9636452638863133,1,2,0.007316667000000001,148.0768,books-genre-a=7 | books-genre-b=3
q095,sisters,Head,CrossStripe,Lexical,Hybrid,single-index,1,1,1,1,1,0.8211935334302374,0.9,1,0.002883333,149.8971,books-oracle2=10
q095,sisters,Head,CrossStripe,Lexical,Hybrid,naive-score,0.9453461020468301,1,1,0.9111111111111111,0.7538109605502044,0.8234507636491837,0.9,2,0.0027833330000000002,113.5364,books-genre-a=4 | books-genre-b=6
q095,sisters,Head,CrossStripe,Lexical,Hybrid,interleave,0.9317261808655806,0.9,0.8181818181818182,0.5555555555555556,0.63628997780993,0.8967042278371755,0.9,2,0.0027833330000000002,113.5214,books-genre-a=5 | books-genre-b=5
q095,sisters,Head,CrossStripe,Lexical,Hybrid,quota-merge,0.9341807069909999,0.9,0.8181818181818182,0.6888888888888889,0.6619190475599085,0.8918235353459767,0.9,2,0.0027833330000000002,113.5121,books-genre-a=5 | books-genre-b=5
q095,sisters,Head,CrossStripe,Lexical,Hybrid,global-rrf,0.9341807069909999,0.9,0.8181818181818182,0.6888888888888889,0.6619190475599085,0.8918235353459767,0.9,2,0.0027833330000000002,113.52950000000001,books-genre-a=5 | books-genre-b=5
q095,sisters,Head,CrossStripe,Lexical,Hybrid,minmax-norm,0.9454034852186222,1,1,0.9555555555555556,0.7586187075977409,0.8211935334302374,0.9,2,0.0027833330000000002,113.55250000000001,books-genre-a=4 | books-genre-b=6
q095,sisters,Head,CrossStripe,Lexical,Hybrid,zscore-norm,0.9390867714611066,0.9,0.8181818181818182,0.8222222222222222,0.7049610878098208,0.8857697672182653,0.9,2,0.0027833330000000002,113.56200000000001,books-genre-a=5 | books-genre-b=5
q095,sisters,Head,CrossStripe,Lexical,Hybrid,vector-similarity,0.9129206558874751,0.6,0.42857142857142855,0.6888888888888889,0.6455423409493223,0.7416519937945089,0.8,2,0.0027833330000000002,113.52690000000001,books-genre-a=4 | books-genre-b=6
q095,sisters,Head,CrossStripe,Lexical,Hybrid,hybrid-legs,0.9987437390587608,0.9,0.8181818181818182,0.9555555555555556,0.8492327961005004,0.8184703918739046,0.9,2,0.0027833330000000002,113.56370000000001,books-genre-a=3 | books-genre-b=7
q095,sisters,Head,CrossStripe,Lexical,Hybrid,idf-correct-probe,0.8398712561103245,0.6,0.42857142857142855,-0.06666666666666667,0.4678510602282481,0.9621404437403491,1,2,0.0027833330000000002,113.55940000000001,books-genre-a=6 | books-genre-b=4
q095,sisters,Head,CrossStripe,Lexical,Hybrid,idf-correct-sidecar,0.9330858942246928,0.6,0.42857142857142855,0.4222222222222222,0.6691664995387078,0.9458352203602566,1,2,0.0027833330000000002,113.54610000000001,books-genre-a=4 | books-genre-b=6
q095,sisters,Head,CrossStripe,Lexical,Hybrid,global-bm25,0.6407718130306607,0.4,0.25,-0.1111111111111111,0.22487983905752465,0.9636452638863133,1,2,0.0027833330000000002,116.3999,books-genre-a=6 | books-genre-b=4
q096,a mentor who turns out to be wrong about everything,Tail,CrossStripe,Conceptual,Hybrid,single-index,1,1,1,1,1,0.3920862580870754,1,1,0.0053,207.2041,books-oracle2=10
q096,a mentor who turns out to be wrong about everything,Tail,CrossStripe,Conceptual,Hybrid,naive-score,0.8415239031720934,0.7,0.5384615384615384,0.8095238095238095,0.6599724035067805,0.32956116595129475,1,2,0.011283333999999999,189.0136,books-genre-a=6 | books-genre-b=4
q096,a mentor who turns out to be wrong about everything,Tail,CrossStripe,Conceptual,Hybrid,interleave,0.7869245851585156,0.6,0.42857142857142855,0.9047619047619048,0.5588120675161257,0.44829372249457866,1,2,0.011283333999999999,188.9988,books-genre-a=5 | books-genre-b=5
q096,a mentor who turns out to be wrong about everything,Tail,CrossStripe,Conceptual,Hybrid,quota-merge,0.8014294194870346,0.6,0.42857142857142855,0.8095238095238095,0.5859519403197105,0.45861257874640343,1,2,0.011283333999999999,188.9904,books-genre-a=5 | books-genre-b=5
q096,a mentor who turns out to be wrong about everything,Tail,CrossStripe,Conceptual,Hybrid,global-rrf,0.8014294194870346,0.6,0.42857142857142855,0.8095238095238095,0.5859519403197105,0.45861257874640343,1,2,0.011283333999999999,189.0229,books-genre-a=5 | books-genre-b=5
q096,a mentor who turns out to be wrong about everything,Tail,CrossStripe,Conceptual,Hybrid,minmax-norm,0.7869273883907156,0.7,0.5384615384615384,0.7142857142857143,0.5594543560860957,0.457746182915087,1,2,0.011283333999999999,189.0325,books-genre-a=6 | books-genre-b=4
q096,a mentor who turns out to be wrong about everything,Tail,CrossStripe,Conceptual,Hybrid,zscore-norm,0.8394601723185665,0.6,0.42857142857142855,1,0.6533204311273896,0.32010870553078635,1,2,0.011283333999999999,189.0293,books-genre-a=5 | books-genre-b=5
q096,a mentor who turns out to be wrong about everything,Tail,CrossStripe,Conceptual,Hybrid,vector-similarity,0.644976256525768,0.4,0.25,0.7222222222222222,0.3071857338068866,0.3315768785081514,1,2,0.011283333999999999,188.9966,books-genre-a=1 | books-genre-b=9
q096,a mentor who turns out to be wrong about everything,Tail,CrossStripe,Conceptual,Hybrid,hybrid-legs,0.8539044965560546,0.5,0.3333333333333333,0.6666666666666666,0.5499177723730932,0.29546225651449926,1,2,0.011283333999999999,189.0377,books-genre-a=3 | books-genre-b=7
q096,a mentor who turns out to be wrong about everything,Tail,CrossStripe,Conceptual,Hybrid,idf-correct-probe,0.6547636960480381,0.5,0.3333333333333333,0.06666666666666667,0.2394751824153389,0.16851284566611288,1,2,0.011283333999999999,189.0452,books-genre-a=6 | books-genre-b=4
q096,a mentor who turns out to be wrong about everything,Tail,CrossStripe,Conceptual,Hybrid,idf-correct-sidecar,0.6513109226013344,0.5,0.3333333333333333,0.022222222222222223,0.24229877988770168,0.18032607593513458,1,2,0.011283333999999999,189.0377,books-genre-a=6 | books-genre-b=4
q096,a mentor who turns out to be wrong about everything,Tail,CrossStripe,Conceptual,Hybrid,global-bm25,0.4187520265318075,0.1,0.05263157894736842,0.2,0.0693322179211763,0.09113053644898078,1,2,0.011283333999999999,190.32309999999998,books-genre-a=9 | books-genre-b=1
q097,winter cold and isolation in a remote place,Torso,CrossStripe,Conceptual,Hybrid,single-index,1,1,1,1,1,0.9636452638863133,1,1,0.005866667,199.4836,books-oracle2=10
q097,winter cold and isolation in a remote place,Torso,CrossStripe,Conceptual,Hybrid,naive-score,0.956605687399497,0.7,0.5384615384615384,0.8222222222222222,0.7194774980395078,0.9603250160361273,1,2,0.007366666000000001,202.6613,books-genre-a=5 | books-genre-b=5
q097,winter cold and isolation in a remote place,Torso,CrossStripe,Conceptual,Hybrid,interleave,0.9335605459142674,0.7,0.5384615384615384,0.6444444444444445,0.618892606117288,0.9603250160361273,1,2,0.007366666000000001,202.6414,books-genre-a=5 | books-genre-b=5
q097,winter cold and isolation in a remote place,Torso,CrossStripe,Conceptual,Hybrid,quota-merge,0.9308452345146622,0.7,0.5384615384615384,0.6,0.6057026279347457,0.9603250160361273,1,2,0.007366666000000001,202.6341,books-genre-a=5 | books-genre-b=5
q097,winter cold and isolation in a remote place,Torso,CrossStripe,Conceptual,Hybrid,global-rrf,0.9308452345146622,0.7,0.5384615384615384,0.6,0.6057026279347457,0.9603250160361273,1,2,0.007366666000000001,202.6496,books-genre-a=5 | books-genre-b=5
q097,winter cold and isolation in a remote place,Torso,CrossStripe,Conceptual,Hybrid,minmax-norm,0.90559472702547,0.6,0.42857142857142855,0.6444444444444445,0.5572059257719666,0.921723022686679,1,2,0.007366666000000001,202.6728,books-genre-a=3 | books-genre-b=7
q097,winter cold and isolation in a remote place,Torso,CrossStripe,Conceptual,Hybrid,zscore-norm,0.956605687399497,0.7,0.5384615384615384,0.8222222222222222,0.7194774980395078,0.9603250160361273,1,2,0.007366666000000001,202.6709,books-genre-a=5 | books-genre-b=5
q097,winter cold and isolation in a remote place,Torso,CrossStripe,Conceptual,Hybrid,vector-similarity,0.7721890597398609,0.5,0.3333333333333333,-0.06666666666666667,0.36300465932964743,1,1,2,0.007366666000000001,202.6453,books-genre-a=7 | books-genre-b=3
q097,winter cold and isolation in a remote place,Torso,CrossStripe,Conceptual,Hybrid,hybrid-legs,0.9725478819576732,0.7,0.5384615384615384,0.7777777777777778,0.7618870565711922,1,1,2,0.007366666000000001,202.6848,books-genre-a=6 | books-genre-b=4
q097,winter cold and isolation in a remote place,Torso,CrossStripe,Conceptual,Hybrid,idf-correct-probe,0.833892201293328,0.5,0.3333333333333333,0.3333333333333333,0.4725084549916834,0.8992570819408976,1,2,0.007366666000000001,202.6856,books-genre-a=8 | books-genre-b=2
q097,winter cold and isolation in a remote place,Torso,CrossStripe,Conceptual,Hybrid,idf-correct-sidecar,0.833892201293328,0.5,0.3333333333333333,0.3333333333333333,0.4725084549916834,0.8992570819408976,1,2,0.007366666000000001,202.6753,books-genre-a=8 | books-genre-b=2
q097,winter cold and isolation in a remote place,Torso,CrossStripe,Conceptual,Hybrid,global-bm25,0.7734178947623257,0.6,0.42857142857142855,0.16666666666666666,0.431781185527195,0.9458352203602566,1,2,0.007366666000000001,203.8859,books-genre-a=7 | books-genre-b=3
q098,money and what people will do for it,Torso,CrossStripe,Conceptual,Hybrid,single-index,1,1,1,1,1,0.7707857742708659,1,1,0.005866667,201.978,books-oracle2=10
q098,money and what people will do for it,Torso,CrossStripe,Conceptual,Hybrid,naive-score,0.8063220978348686,0.6,0.42857142857142855,0.14285714285714285,0.5102105567606713,0.8043664761923526,1,2,0.009583333,187.3478,books-genre-a=5 | books-genre-b=5
q098,money and what people will do for it,Torso,CrossStripe,Conceptual,Hybrid,interleave,0.6794495644277171,0.6,0.42857142857142855,0,0.38406343959000766,0.8061914539560937,1,2,0.009583333,187.3355,books-genre-a=5 | books-genre-b=5
q098,money and what people will do for it,Torso,CrossStripe,Conceptual,Hybrid,quota-merge,0.6810481814950937,0.6,0.42857142857142855,0,0.3888711866375443,0.8046866338101294,1,2,0.009583333,187.327,books-genre-a=5 | books-genre-b=5
q098,money and what people will do for it,Torso,CrossStripe,Conceptual,Hybrid,global-rrf,0.6810481814950937,0.6,0.42857142857142855,0,0.3888711866375443,0.8046866338101294,1,2,0.009583333,187.3435,books-genre-a=5 | books-genre-b=5
q098,money and what people will do for it,Torso,CrossStripe,Conceptual,Hybrid,minmax-norm,0.6408288018155348,0.5,0.3333333333333333,-0.047619047619047616,0.359725060423803,0.7789254018708286,1,2,0.009583333,187.36669999999998,books-genre-a=6 | books-genre-b=4
q098,money and what people will do for it,Torso,CrossStripe,Conceptual,Hybrid,zscore-norm,0.7605704287926729,0.5,0.3333333333333333,0.047619047619047616,0.46024310784448824,0.7789254018708286,1,2,0.009583333,187.36509999999998,books-genre-a=6 | books-genre-b=4
q098,money and what people will do for it,Torso,CrossStripe,Conceptual,Hybrid,vector-similarity,0.8717423522016123,0.5,0.3333333333333333,0.1111111111111111,0.5133679916419159,0.8730698126057528,1,2,0.009583333,187.3352,books-genre-a=1 | books-genre-b=9
q098,money and what people will do for it,Torso,CrossStripe,Conceptual,Hybrid,hybrid-legs,0.9229044138360587,0.6,0.42857142857142855,0.5111111111111111,0.6293950366961951,0.8147830871320675,1,2,0.009583333,187.3769,books-genre-a=2 | books-genre-b=8
q098,money and what people will do for it,Torso,CrossStripe,Conceptual,Hybrid,idf-correct-probe,0.5190402839578453,0.1,0.05263157894736842,0.4666666666666667,0.0869378026519821,0.23985013297874982,0.9,2,0.009583333,187.3773,books-genre-a=5 | books-genre-b=5
q098,money and what people will do for it,Torso,CrossStripe,Conceptual,Hybrid,idf-correct-sidecar,0.50018366284735,0.1,0.05263157894736842,0.28888888888888886,0.0634042906857551,0.23088308593685175,0.9,2,0.009583333,187.3671,books-genre-a=5 | books-genre-b=5
q098,money and what people will do for it,Torso,CrossStripe,Conceptual,Hybrid,global-bm25,0.43352328272298735,0.3,0.17647058823529413,-0.4444444444444444,0.16528408163478223,0.6942707750977454,0.9,2,0.009583333,188.6763,books-genre-a=3 | books-genre-b=7
q099,a rebellion against an unjust authority,Torso,CrossStripe,Conceptual,Hybrid,single-index,1,1,1,1,1,0.9458352203602566,1,1,0.006433333,212.4309,books-oracle2=10
q099,a rebellion against an unjust authority,Torso,CrossStripe,Conceptual,Hybrid,naive-score,0.9559707264407957,0.9,0.8181818181818182,0.7777777777777778,0.7532481151404143,0.9552009891550426,1,2,0.007933333,188.4468,books-genre-a=5 | books-genre-b=5
q099,a rebellion against an unjust authority,Torso,CrossStripe,Conceptual,Hybrid,interleave,0.8742443583554775,0.9,0.8181818181818182,0.6111111111111112,0.617958850396245,0.9552009891550426,1,2,0.007933333,188.4338,books-genre-a=5 | books-genre-b=5
q099,a rebellion against an unjust authority,Torso,CrossStripe,Conceptual,Hybrid,quota-merge,0.948875569283266,0.9,0.8181818181818182,0.7777777777777778,0.7261082423368294,0.9513467899190737,1,2,0.007933333,188.42510000000001,books-genre-a=5 | books-genre-b=5
q099,a rebellion against an unjust authority,Torso,CrossStripe,Conceptual,Hybrid,global-rrf,0.948875569283266,0.9,0.8181818181818182,0.7777777777777778,0.7261082423368294,0.9513467899190737,1,2,0.007933333,188.4417,books-genre-a=5 | books-genre-b=5
q099,a rebellion against an unjust authority,Torso,CrossStripe,Conceptual,Hybrid,minmax-norm,0.9559707264407957,0.9,0.8181818181818182,0.7777777777777778,0.7532481151404143,0.9552009891550426,1,2,0.007933333,188.4645,books-genre-a=5 | books-genre-b=5
q099,a rebellion against an unjust authority,Torso,CrossStripe,Conceptual,Hybrid,zscore-norm,0.8820057898065058,0.9,0.8181818181818182,0.7222222222222222,0.6527300677197294,0.9552009891550426,1,2,0.007933333,188.4632,books-genre-a=5 | books-genre-b=5
q099,a rebellion against an unjust authority,Torso,CrossStripe,Conceptual,Hybrid,vector-similarity,0.911165078619573,0.6,0.42857142857142855,0.3333333333333333,0.5559432815801251,0.9580777588003657,1,2,0.007933333,188.4327,books-genre-a=2 | books-genre-b=8
q099,a rebellion against an unjust authority,Torso,CrossStripe,Conceptual,Hybrid,hybrid-legs,0.987800367143186,0.8,0.6666666666666666,0.7777777777777778,0.7808749456281368,0.9513467899190737,1,2,0.007933333,188.4745,books-genre-a=4 | books-genre-b=6
q099,a rebellion against an unjust authority,Torso,CrossStripe,Conceptual,Hybrid,idf-correct-probe,0.7812234509916646,0.5,0.3333333333333333,0.5111111111111111,0.37880963699239223,0.798103110159433,1,2,0.007933333,188.4752,books-genre-a=5 | books-genre-b=5
q099,a rebellion against an unjust authority,Torso,CrossStripe,Conceptual,Hybrid,idf-correct-sidecar,0.7792947525520141,0.5,0.3333333333333333,0.5111111111111111,0.37759744462459016,0.8162804782162765,1,2,0.007933333,188.4669,books-genre-a=4 | books-genre-b=6
q099,a rebellion against an unjust authority,Torso,CrossStripe,Conceptual,Hybrid,global-bm25,0.7842321335585871,0.3,0.17647058823529413,0.4444444444444444,0.4095421472058746,0.8086445490851183,1,2,0.007933333,189.75130000000001,books-genre-a=3 | books-genre-b=7
q100,the moment everything changed,Torso,CrossStripe,Conceptual,Hybrid,single-index,1,1,1,1,1,0.6161377205293657,1,1,0.005866667,194.5083,books-oracle2=10
q100,the moment everything changed,Torso,CrossStripe,Conceptual,Hybrid,naive-score,0.6891944090777931,0.7,0.5384615384615384,0.6428571428571429,0.5425688558067976,0.674526567857294,1,2,0.006183334,140.0453,books-genre-a=6 | books-genre-b=4
q100,the moment everything changed,Torso,CrossStripe,Conceptual,Hybrid,interleave,0.6374420332688392,0.6,0.42857142857142855,0.5714285714285714,0.44273651030735833,0.6635715312878171,1,2,0.006183334,140.0311,books-genre-a=5 | books-genre-b=5
q100,the moment everything changed,Torso,CrossStripe,Conceptual,Hybrid,quota-merge,0.630638385093497,0.6,0.42857142857142855,0.42857142857142855,0.41710744055737986,0.6650763514337813,1,2,0.006183334,140.0225,books-genre-a=5 | books-genre-b=5
q100,the moment everything changed,Torso,CrossStripe,Conceptual,Hybrid,global-rrf,0.630638385093497,0.6,0.42857142857142855,0.42857142857142855,0.41710744055737986,0.6650763514337813,1,2,0.006183334,140.03990000000002,books-genre-a=5 | books-genre-b=5
q100,the moment everything changed,Torso,CrossStripe,Conceptual,Hybrid,minmax-norm,0.674562137999894,0.7,0.5384615384615384,0.5714285714285714,0.5365591719973768,0.6562445340247782,1,2,0.006183334,140.0617,books-genre-a=6 | books-genre-b=4
q100,the moment everything changed,Torso,CrossStripe,Conceptual,Hybrid,zscore-norm,0.6007757053949637,0.6,0.42857142857142855,0.5714285714285714,0.49777941459854763,0.6591213036701012,1,2,0.006183334,140.05870000000002,books-genre-a=5 | books-genre-b=5
q100,the moment everything changed,Torso,CrossStripe,Conceptual,Hybrid,vector-similarity,0.7158400501629248,0.6,0.42857142857142855,0.28888888888888886,0.46547645117723574,0.7657423343734089,1,2,0.006183334,140.0291,books-genre-a=8 | books-genre-b=2
q100,the moment everything changed,Torso,CrossStripe,Conceptual,Hybrid,hybrid-legs,0.7720134743287042,0.8,0.6666666666666666,0.5555555555555556,0.5822666024413318,0.6898180615169204,1,2,0.006183334,140.07080000000002,books-genre-a=7 | books-genre-b=3
q100,the moment everything changed,Torso,CrossStripe,Conceptual,Hybrid,idf-correct-probe,0.7947060179603808,0.3,0.17647058823529413,0.6111111111111112,0.41061576301192326,0.5895069729893578,1,2,0.006183334,140.0779,books-genre-a=2 | books-genre-b=8
q100,the moment everything changed,Torso,CrossStripe,Conceptual,Hybrid,idf-correct-sidecar,0.8043880000730399,0.3,0.17647058823529413,0.6666666666666666,0.45094849557681144,0.5531522368756712,1,2,0.006183334,140.0628,books-genre-a=3 | books-genre-b=7
q100,the moment everything changed,Torso,CrossStripe,Conceptual,Hybrid,global-bm25,0.43038022814485355,0.3,0.17647058823529413,-0.2857142857142857,0.14623313715653277,0.5768954087225573,0.9,2,0.006183334,141.3411,books-genre-a=7 | books-genre-b=3
