queryId,query,shape,span,intent,mode,strategy,ndcg,recall,jaccard,kendallTau,rbo,judgedNdcg,judgedCoverage,queries,computeUnits,latencyMs,stripeMix
q001,dragons and ancient magic,Torso,StripeLocal,Lexical,Keyword,single-index,1,1,1,1,1,0.8771324975457362,1,1,0.000366667,61.2885,books-oracle2=10
q001,dragons and ancient magic,Torso,StripeLocal,Lexical,Keyword,naive-score,0.9308091067535855,0.9,0.8181818181818182,0.7333333333333333,0.668724755768453,0.8525920295869669,0.9,2,0.00035,56.6442,books-t2010-a=7 | books-t2010-b=3
q001,dragons and ancient magic,Torso,StripeLocal,Lexical,Keyword,interleave,0.961330715849525,0.7,0.5384615384615384,0.7333333333333333,0.7148693272567789,0.7738935317712264,0.8,2,0.00035,54.5586,books-t2010-a=5 | books-t2010-b=5
q001,dragons and ancient magic,Torso,StripeLocal,Lexical,Keyword,quota-merge,0.9850727632041856,0.9,0.8181818181818182,0.6444444444444445,0.7596591858439536,0.836579905045058,0.9,2,0.00035,55.4503,books-t2010-a=7 | books-t2010-b=3
q001,dragons and ancient magic,Torso,StripeLocal,Lexical,Keyword,global-rrf,0.9589862738457805,0.7,0.5384615384615384,0.6888888888888889,0.7016793490742367,0.7671486831082807,0.8,2,0.00035,54.422799999999995,books-t2010-a=5 | books-t2010-b=5
q001,dragons and ancient magic,Torso,StripeLocal,Lexical,Keyword,minmax-norm,0.9732612901194092,0.8,0.6666666666666666,0.6888888888888889,0.7274793880195382,0.8155828436012935,0.8,2,0.00035,56.026199999999996,books-t2010-a=6 | books-t2010-b=4
q001,dragons and ancient magic,Torso,StripeLocal,Lexical,Keyword,zscore-norm,0.9173166735302425,0.8,0.6666666666666666,0.6,0.6170688569619466,0.8134252663673013,0.8,2,0.00035,56.0773,books-t2010-a=6 | books-t2010-b=4
q001,dragons and ancient magic,Torso,StripeLocal,Lexical,Keyword,idf-correct-probe,0.9451363889607138,1,1,0.8666666666666667,0.7439184769132976,0.8771324975457362,1,10,0.0017833350000000003,419.0283,books-t2010-a=8 | books-t2010-b=2
q001,dragons and ancient magic,Torso,StripeLocal,Lexical,Keyword,idf-correct-sidecar,0.9451363889607138,1,1,0.8666666666666667,0.7439184769132976,0.8771324975457362,1,2,0.00035,54.9985,books-t2010-a=8 | books-t2010-b=2
q002,a young wizard learning to control his powers at a school of magic,Torso,StripeLocal,Conceptual,Keyword,single-index,1,1,1,1,1,0.44426423489927896,1,1,0.000433333,61.6463,books-oracle2=10
q002,a young wizard learning to control his powers at a school of magic,Torso,StripeLocal,Conceptual,Keyword,naive-score,0.9991728380361162,1,1,0.9111111111111111,0.8360095938284696,0.44276399298560354,1,2,0.0008,55.0842,books-t2010-a=9 | books-t2010-b=1
q002,a young wizard learning to control his powers at a school of magic,Torso,StripeLocal,Conceptual,Keyword,interleave,0.9170460066348336,0.6,0.42857142857142855,0.4666666666666667,0.5689535558525332,0.2759661402563627,0.8,2,0.0008,55.071799999999996,books-t2010-a=5 | books-t2010-b=5
q002,a young wizard learning to control his powers at a school of magic,Torso,StripeLocal,Conceptual,Keyword,quota-merge,0.8513066060281553,0.8,0.6666666666666666,0.3333333333333333,0.524816164104663,0.32720501046281475,1,2,0.0008,55.0522,books-t2010-a=7 | books-t2010-b=3
q002,a young wizard learning to control his powers at a school of magic,Torso,StripeLocal,Conceptual,Keyword,global-rrf,0.8205454184788075,0.6,0.42857142857142855,0.37777777777777777,0.4608041639119486,0.25275776242078396,0.8,2,0.0008,55.0792,books-t2010-a=5 | books-t2010-b=5
q002,a young wizard learning to control his powers at a school of magic,Torso,StripeLocal,Conceptual,Keyword,minmax-norm,0.8516742568791564,0.7,0.5384615384615384,0.6444444444444445,0.5675029670096445,0.26752412809410964,0.9,2,0.0008,55.1284,books-t2010-a=6 | books-t2010-b=4
q002,a young wizard learning to control his powers at a school of magic,Torso,StripeLocal,Conceptual,Keyword,zscore-norm,0.8311382562046361,0.6,0.42857142857142855,0.6,0.510288434540495,0.2559016617952046,0.8,2,0.0008,55.1186,books-t2010-a=5 | books-t2010-b=5
q002,a young wizard learning to control his powers at a school of magic,Torso,StripeLocal,Conceptual,Keyword,idf-correct-probe,0.9937243717321681,1,1,0.7777777777777778,0.7956797428423422,0.44221478575732337,1,14,0.003266668,573.9846,books-t2010-a=9 | books-t2010-b=1
q002,a young wizard learning to control his powers at a school of magic,Torso,StripeLocal,Conceptual,Keyword,idf-correct-sidecar,0.9937243717321681,1,1,0.7777777777777778,0.7956797428423422,0.44221478575732337,1,2,0.0008,55.1672,books-t2010-a=9 | books-t2010-b=1
q003,epic fantasy quest to destroy an artifact,Torso,StripeLocal,Mixed,Keyword,single-index,1,1,1,1,1,0.2748545757000134,1,1,0.000416667,62.9983,books-oracle2=10
q003,epic fantasy quest to destroy an artifact,Torso,StripeLocal,Mixed,Keyword,naive-score,0.9815777122876533,0.9,0.8181818181818182,0.7333333333333333,0.743840157130744,0.2603844694029366,0.9,2,0.00075,54.1918,books-t2010-a=5 | books-t2010-b=5
q003,epic fantasy quest to destroy an artifact,Torso,StripeLocal,Mixed,Keyword,interleave,0.981603149309344,0.9,0.8181818181818182,0.7777777777777778,0.747026243467802,0.26690362110009397,0.9,2,0.00075,54.1483,books-t2010-a=5 | books-t2010-b=5
q003,epic fantasy quest to destroy an artifact,Torso,StripeLocal,Mixed,Keyword,quota-merge,0.8754884308802532,0.9,0.8181818181818182,0.7777777777777778,0.6258670905327927,0.26460911605324433,0.9,2,0.00075,54.1249,books-t2010-a=7 | books-t2010-b=3
q003,epic fantasy quest to destroy an artifact,Torso,StripeLocal,Mixed,Keyword,global-rrf,0.8872623408116553,0.9,0.8181818181818182,0.6888888888888889,0.6465081960471171,0.26297164288175673,0.9,2,0.00075,54.1559,books-t2010-a=5 | books-t2010-b=5
q003,epic fantasy quest to destroy an artifact,Torso,StripeLocal,Mixed,Keyword,minmax-norm,0.8173059513326709,0.6,0.42857142857142855,0.6444444444444445,0.4972993431988153,0.1577813655244551,0.6,2,0.00075,54.2056,books-t2010-a=2 | books-t2010-b=8
q003,epic fantasy quest to destroy an artifact,Torso,StripeLocal,Mixed,Keyword,zscore-norm,0.9677776409808824,0.7,0.5384615384615384,0.7333333333333333,0.7195520289953352,0.16301073308630942,0.7,2,0.00075,54.1965,books-t2010-a=3 | books-t2010-b=7
q003,epic fantasy quest to destroy an artifact,Torso,StripeLocal,Mixed,Keyword,idf-correct-probe,0.9943866160315082,0.9,0.8181818181818182,0.7777777777777778,0.7890732784700522,0.2603844694029366,0.9,12,0.0027666670000000004,488.7161,books-t2010-a=5 | books-t2010-b=5
q003,epic fantasy quest to destroy an artifact,Torso,StripeLocal,Mixed,Keyword,idf-correct-sidecar,0.9807691483487251,0.9,0.8181818181818182,0.7333333333333333,0.7579772309634655,0.2731628462302219,0.9,2,0.00075,54.205999999999996,books-t2010-a=7 | books-t2010-b=3
q004,vampires,Head,StripeLocal,Lexical,Keyword,single-index,1,1,1,1,1,1,1,1,0.000316667,61.0553,books-oracle2=10
q004,vampires,Head,StripeLocal,Lexical,Keyword,naive-score,0.7270407299673004,0.7,0.5384615384615384,-0.15555555555555556,0.28940992126785936,0.7951657524814091,0.8,2,0.000583334,52.988600000000005,books-t2010-a=5 | books-t2010-b=5
q004,vampires,Head,StripeLocal,Lexical,Keyword,interleave,0.9403655423504442,0.7,0.5384615384615384,0.4666666666666667,0.6115146856380588,0.8521705090845474,0.8,2,0.000583334,52.9741,books-t2010-a=5 | books-t2010-b=5
q004,vampires,Head,StripeLocal,Lexical,Keyword,quota-merge,0.9590445399408805,0.9,0.8181818181818182,0.3333333333333333,0.6410794774697178,0.9148568823583789,0.9,2,0.000583334,52.952200000000005,books-t2010-a=7 | books-t2010-b=3
q004,vampires,Head,StripeLocal,Lexical,Keyword,global-rrf,0.9360433829903986,0.7,0.5384615384615384,0.37777777777777777,0.5906933629356169,0.841492960259019,0.8,2,0.000583334,52.9853,books-t2010-a=5 | books-t2010-b=5
q004,vampires,Head,StripeLocal,Lexical,Keyword,minmax-norm,0.9006891508358076,0.6,0.42857142857142855,0.4222222222222222,0.5124455620666514,0.800103877266017,0.8,2,0.000583334,53.032000000000004,books-t2010-a=4 | books-t2010-b=6
q004,vampires,Head,StripeLocal,Lexical,Keyword,zscore-norm,0.9496545501523689,0.7,0.5384615384615384,0.37777777777777777,0.6212262535904819,0.8364586133797036,0.8,2,0.000583334,53.0229,books-t2010-a=5 | books-t2010-b=5
q004,vampires,Head,StripeLocal,Lexical,Keyword,idf-correct-probe,0.7885810844345746,0.7,0.5384615384615384,0.2,0.4031020906875955,0.8364586133797036,0.8,4,0.001183334,140.3255,books-t2010-a=5 | books-t2010-b=5
q004,vampires,Head,StripeLocal,Lexical,Keyword,idf-correct-sidecar,0.6753464536760533,0.5,0.3333333333333333,0.2,0.2278612521655877,0.6892365450631474,0.7,2,0.000583334,53.031600000000005,books-t2010-a=3 | books-t2010-b=7
q005,haunted house that torments the family living in it,Torso,StripeLocal,Conceptual,Keyword,single-index,1,1,1,1,1,0.18831267345093142,1,1,0.000416667,90.1553,books-oracle2=10
q005,haunted house that torments the family living in it,Torso,StripeLocal,Conceptual,Keyword,naive-score,0.9996851270325288,1,1,0.9111111111111111,0.8454957266891057,0.18894669614576812,1,2,0.000783334,54.6716,books-t2010-a=6 | books-t2010-b=4
q005,haunted house that torments the family living in it,Torso,StripeLocal,Conceptual,Keyword,interleave,0.9358348941419105,0.9,0.8181818181818182,0.6,0.6799653699037733,0.1867787107552213,0.9,2,0.000783334,54.6645,books-t2010-a=5 | books-t2010-b=5
q005,haunted house that torments the family living in it,Torso,StripeLocal,Conceptual,Keyword,quota-merge,0.9307100416587207,0.9,0.8181818181818182,0.6444444444444445,0.6578414247100188,0.2794270753561712,1,2,0.000783334,54.6417,books-t2010-a=7 | books-t2010-b=3
q005,haunted house that torments the family living in it,Torso,StripeLocal,Conceptual,Keyword,global-rrf,0.9303063016808767,0.9,0.8181818181818182,0.5555555555555556,0.6528254971001884,0.1867787107552213,0.9,2,0.000783334,54.6749,books-t2010-a=5 | books-t2010-b=5
q005,haunted house that torments the family living in it,Torso,StripeLocal,Conceptual,Keyword,minmax-norm,0.9441831868461951,1,1,0.7333333333333333,0.7350851956315139,0.2164617984031733,1,2,0.000783334,54.7555,books-t2010-a=6 | books-t2010-b=4
q005,haunted house that torments the family living in it,Torso,StripeLocal,Conceptual,Keyword,zscore-norm,0.9937442076104783,0.9,0.8181818181818182,0.7333333333333333,0.8170775462387905,0.15950003440126076,0.9,2,0.000783334,54.719699999999996,books-t2010-a=5 | books-t2010-b=5
q005,haunted house that torments the family living in it,Torso,StripeLocal,Conceptual,Keyword,idf-correct-probe,0.9996851270325288,1,1,0.9111111111111111,0.8454957266891057,0.18894669614576812,1,12,0.0028666690000000005,488.22369999999995,books-t2010-a=6 | books-t2010-b=4
q005,haunted house that torments the family living in it,Torso,StripeLocal,Conceptual,Keyword,idf-correct-sidecar,0.9996851270325288,1,1,0.9111111111111111,0.8454957266891057,0.18894669614576812,1,2,0.000783334,54.7333,books-t2010-a=6 | books-t2010-b=4
q006,generation starship colonists who forget they are on a ship,Tail,StripeLocal,Conceptual,Keyword,single-index,1,1,1,1,1,0.4075684966350758,1,1,0.000383333,60.898,books-oracle2=10
q006,generation starship colonists who forget they are on a ship,Tail,StripeLocal,Conceptual,Keyword,naive-score,0.9999426168282078,1,1,0.9555555555555556,0.8543290079708894,0.41393520652060617,1,2,0.0007,54.5201,books-t2010-a=8 | books-t2010-b=2
q006,generation starship colonists who forget they are on a ship,Tail,StripeLocal,Conceptual,Keyword,interleave,0.9525933611555991,0.7,0.5384615384615384,0.6,0.6422410437788307,0.5697099076963584,0.9,2,0.0007,54.571400000000004,books-t2010-a=5 | books-t2010-b=5
q006,generation starship colonists who forget they are on a ship,Tail,StripeLocal,Conceptual,Keyword,quota-merge,0.8846714761074123,0.9,0.8181818181818182,0.4222222222222222,0.5696128548147305,0.5184390944983792,0.9,2,0.0007,54.4753,books-t2010-a=7 | books-t2010-b=3
q006,generation starship colonists who forget they are on a ship,Tail,StripeLocal,Conceptual,Keyword,global-rrf,0.8646786693030474,0.7,0.5384615384615384,0.4666666666666667,0.5237252711280668,0.5718321443248685,0.9,2,0.0007,54.565,books-t2010-a=5 | books-t2010-b=5
q006,generation starship colonists who forget they are on a ship,Tail,StripeLocal,Conceptual,Keyword,minmax-norm,0.8705402125787475,0.7,0.5384615384615384,0.5111111111111111,0.5476033189331294,0.5485133679986619,0.9,2,0.0007,54.5521,books-t2010-a=5 | books-t2010-b=5
q006,generation starship colonists who forget they are on a ship,Tail,StripeLocal,Conceptual,Keyword,zscore-norm,0.8696894731481676,0.7,0.5384615384615384,0.4666666666666667,0.5415936351237087,0.5510736521499902,0.9,2,0.0007,54.5389,books-t2010-a=5 | books-t2010-b=5
q006,generation starship colonists who forget they are on a ship,Tail,StripeLocal,Conceptual,Keyword,idf-correct-probe,0.9992302212079083,1,1,0.9555555555555556,0.8408173408760061,0.3997955711930069,1,12,0.0027333340000000005,489.38120000000004,books-t2010-a=8 | books-t2010-b=2
q006,generation starship colonists who forget they are on a ship,Tail,StripeLocal,Conceptual,Keyword,idf-correct-sidecar,0.9934103643534223,0.9,0.8181818181818182,1,0.8390780378658036,0.41393520652060617,0.9,2,0.0007,54.617,books-t2010-a=7 | books-t2010-b=3
q007,artificial intelligence becomes self aware,Torso,StripeLocal,Mixed,Keyword,single-index,1,1,1,1,1,0.32820921765295175,1,1,0.0004,61.144,books-oracle2=10
q007,artificial intelligence becomes self aware,Torso,StripeLocal,Mixed,Keyword,naive-score,0.9922167575709689,0.9,0.8181818181818182,0.5555555555555556,0.7778680004143892,0.30319525353566745,1,2,0.00039999999999999996,53.8998,books-t2010-a=8 | books-t2010-b=2
q007,artificial intelligence becomes self aware,Torso,StripeLocal,Mixed,Keyword,interleave,0.9198092869694696,0.6,0.42857142857142855,0.5111111111111111,0.5746806962866258,0.16128907481229923,0.7,2,0.00039999999999999996,53.881,books-t2010-a=5 | books-t2010-b=5
q007,artificial intelligence becomes self aware,Torso,StripeLocal,Mixed,Keyword,quota-merge,0.9483403972640495,0.8,0.6666666666666666,0.3333333333333333,0.6290998989164729,0.19911150147461978,0.9,2,0.00039999999999999996,53.8553,books-t2010-a=7 | books-t2010-b=3
q007,artificial intelligence becomes self aware,Torso,StripeLocal,Mixed,Keyword,global-rrf,0.9174301307461786,0.6,0.42857142857142855,0.4222222222222222,0.5622416047191895,0.15605061709543092,0.7,2,0.00039999999999999996,53.8988,books-t2010-a=5 | books-t2010-b=5
q007,artificial intelligence becomes self aware,Torso,StripeLocal,Mixed,Keyword,minmax-norm,0.8094189375077812,0.4,0.25,0.16666666666666666,0.3941447976571825,0.05224354949567073,0.6,2,0.00039999999999999996,53.9767,books-t2010-a=3 | books-t2010-b=7
q007,artificial intelligence becomes self aware,Torso,StripeLocal,Mixed,Keyword,zscore-norm,0.8758882597293011,0.5,0.3333333333333333,0.3333333333333333,0.46764575853959267,0.14483858556906426,0.7,2,0.00039999999999999996,53.9563,books-t2010-a=4 | books-t2010-b=6
q007,artificial intelligence becomes self aware,Torso,StripeLocal,Mixed,Keyword,idf-correct-probe,0.9943184447949627,0.9,0.8181818181818182,0.9555555555555556,0.8336074794442878,0.3355782354901903,1,12,0.0024333340000000005,488.8245,books-t2010-a=10
q007,artificial intelligence becomes self aware,Torso,StripeLocal,Mixed,Keyword,idf-correct-sidecar,0.9943184447949627,0.9,0.8181818181818182,0.9555555555555556,0.8336074794442878,0.3355782354901903,1,2,0.00039999999999999996,53.901,books-t2010-a=10
q008,hard science fiction about terraforming Mars,Tail,StripeLocal,Mixed,Keyword,single-index,1,1,1,1,1,0.8987028428087189,1,1,0.000383333,61.7506,books-oracle2=10
q008,hard science fiction about terraforming Mars,Tail,StripeLocal,Mixed,Keyword,naive-score,0.9438543114436702,0.9,0.8181818181818182,0.9111111111111111,0.7415344543066938,0.9004712874004207,1,2,0.000383333,53.127300000000005,books-t2010-a=8 | books-t2010-b=2
q008,hard science fiction about terraforming Mars,Tail,StripeLocal,Mixed,Keyword,interleave,0.89380543092402,0.8,0.6666666666666666,0.5555555555555556,0.5790803773525552,0.7962349070381376,0.9,2,0.000383333,53.0992,books-t2010-a=5 | books-t2010-b=5
q008,hard science fiction about terraforming Mars,Tail,StripeLocal,Mixed,Keyword,quota-merge,0.8856775067636034,1,1,0.4222222222222222,0.5685413829731888,0.7566859947491315,1,2,0.000383333,53.090700000000005,books-t2010-a=7 | books-t2010-b=3
q008,hard science fiction about terraforming Mars,Tail,StripeLocal,Mixed,Keyword,global-rrf,0.8712564482226433,0.8,0.6666666666666666,0.4222222222222222,0.5311191818465286,0.7558530115252245,0.9,2,0.000383333,53.108200000000004,books-t2010-a=5 | books-t2010-b=5
q008,hard science fiction about terraforming Mars,Tail,StripeLocal,Mixed,Keyword,minmax-norm,0.909084498103277,0.7,0.5384615384615384,0.6888888888888889,0.6299718071971773,0.9130326102794772,0.9,2,0.000383333,53.1428,books-t2010-a=4 | books-t2010-b=6
q008,hard science fiction about terraforming Mars,Tail,StripeLocal,Mixed,Keyword,zscore-norm,0.8476573421310184,0.7,0.5384615384615384,0.5555555555555556,0.5575988130542839,0.6830578633651315,0.9,2,0.000383333,53.139900000000004,books-t2010-a=4 | books-t2010-b=6
q008,hard science fiction about terraforming Mars,Tail,StripeLocal,Mixed,Keyword,idf-correct-probe,0.9450270556949292,1,1,0.9111111111111111,0.7454287294151986,0.9004712874004207,1,14,0.0029666670000000005,624.7268,books-t2010-a=7 | books-t2010-b=3
q008,hard science fiction about terraforming Mars,Tail,StripeLocal,Mixed,Keyword,idf-correct-sidecar,0.9450270556949292,1,1,0.9111111111111111,0.7454287294151986,0.9004712874004207,1,2,0.000383333,53.1535,books-t2010-a=7 | books-t2010-b=3
q009,cyberpunk hacker corporate dystopia,Torso,StripeLocal,Lexical,Keyword,single-index,1,1,1,1,1,0.6271258586362687,1,1,0.000283333,67.0629,books-oracle2=10
q009,cyberpunk hacker corporate dystopia,Torso,StripeLocal,Lexical,Keyword,naive-score,0.9857682918555787,0.9,0.8181818181818182,0.7777777777777778,0.7598250252620973,0.6665824243462188,1,2,0.000533333,56.374,books-t2010-a=7 | books-t2010-b=3
q009,cyberpunk hacker corporate dystopia,Torso,StripeLocal,Lexical,Keyword,interleave,0.9889407417853612,0.9,0.8181818181818182,0.7333333333333333,0.7731285117946868,0.6292335902185064,0.9,2,0.000533333,56.365100000000005,books-t2010-a=5 | books-t2010-b=5
q009,cyberpunk hacker corporate dystopia,Torso,StripeLocal,Lexical,Keyword,quota-merge,0.9303650928817527,0.9,0.8181818181818182,0.7333333333333333,0.6718115311968151,0.6250446726149437,1,2,0.000533333,56.3742,books-t2010-a=7 | books-t2010-b=3
q009,cyberpunk hacker corporate dystopia,Torso,StripeLocal,Lexical,Keyword,global-rrf,0.9340302671959533,0.9,0.8181818181818182,0.6444444444444445,0.6678027173264651,0.5569750214563329,0.9,2,0.000533333,56.3763,books-t2010-a=5 | books-t2010-b=5
q009,cyberpunk hacker corporate dystopia,Torso,StripeLocal,Lexical,Keyword,minmax-norm,0.9164932850575561,0.7,0.5384615384615384,0.6888888888888889,0.6364124234905045,0.45419411921272174,0.9,2,0.000533333,56.415200000000006,books-t2010-a=3 | books-t2010-b=7
q009,cyberpunk hacker corporate dystopia,Torso,StripeLocal,Lexical,Keyword,zscore-norm,0.9749408928250777,0.7,0.5384615384615384,0.9111111111111111,0.7680953273973159,0.5327862997613559,0.9,2,0.000533333,56.4801,books-t2010-a=3 | books-t2010-b=7
q009,cyberpunk hacker corporate dystopia,Torso,StripeLocal,Lexical,Keyword,idf-correct-probe,0.9979601465980072,0.9,0.8181818181818182,0.9111111111111111,0.8321600180904722,0.6203948897549767,1,10,0.002266666,402.9521,books-t2010-a=6 | books-t2010-b=4
q009,cyberpunk hacker corporate dystopia,Torso,StripeLocal,Lexical,Keyword,idf-correct-sidecar,0.9979601465980072,0.9,0.8181818181818182,0.9111111111111111,0.8321600180904722,0.6203948897549767,1,2,0.000533333,56.4082,books-t2010-a=6 | books-t2010-b=4
q010,a locked room murder that seems impossible to have committed,Tail,StripeLocal,Conceptual,Keyword,single-index,1,1,1,1,1,0.561387795497429,1,1,0.0002,61.1948,books-oracle2=10
q010,a locked room murder that seems impossible to have committed,Tail,StripeLocal,Conceptual,Keyword,naive-score,0.9926274337733773,1,1,0.8666666666666667,0.7963798055223114,0.5662381910072534,1,2,0.0007,54.4144,books-t2010-a=7 | books-t2010-b=3
q010,a locked room murder that seems impossible to have committed,Tail,StripeLocal,Conceptual,Keyword,interleave,0.9816610995377073,0.8,0.6666666666666666,0.7777777777777778,0.7589356325997203,0.4131466619674837,0.8,2,0.0007,54.400200000000005,books-t2010-a=5 | books-t2010-b=5
q010,a locked room murder that seems impossible to have committed,Tail,StripeLocal,Conceptual,Keyword,quota-merge,0.9422952541025872,1,1,0.6888888888888889,0.6987680562590152,0.47657353859647633,1,2,0.0007,54.3898,books-t2010-a=7 | books-t2010-b=3
q010,a locked room murder that seems impossible to have committed,Tail,StripeLocal,Conceptual,Keyword,global-rrf,0.9256574862967863,0.8,0.6666666666666666,0.6444444444444445,0.6459784936115994,0.33695539304272726,0.8,2,0.0007,54.411500000000004,books-t2010-a=5 | books-t2010-b=5
q010,a locked room murder that seems impossible to have committed,Tail,StripeLocal,Conceptual,Keyword,minmax-norm,0.9310528305135383,0.9,0.8181818181818182,0.6,0.6417375326728295,0.413209964569064,0.9,2,0.0007,54.4561,books-t2010-a=6 | books-t2010-b=4
q010,a locked room murder that seems impossible to have committed,Tail,StripeLocal,Conceptual,Keyword,zscore-norm,0.9306051559120246,0.9,0.8181818181818182,0.5555555555555556,0.6357278488634087,0.4100329660866758,0.9,2,0.0007,54.4386,books-t2010-a=6 | books-t2010-b=4
q010,a locked room murder that seems impossible to have committed,Tail,StripeLocal,Conceptual,Keyword,idf-correct-probe,0.9928618467419419,1,1,0.8666666666666667,0.7992034029946742,0.5608006706987064,1,14,0.0032000020000000004,574.6053,books-t2010-a=7 | books-t2010-b=3
q010,a locked room murder that seems impossible to have committed,Tail,StripeLocal,Conceptual,Keyword,idf-correct-sidecar,0.9928618467419419,1,1,0.8666666666666667,0.7992034029946742,0.5608006706987064,1,2,0.0007,54.474700000000006,books-t2010-a=7 | books-t2010-b=3
q011,detective investigating a serial killer,Torso,StripeLocal,Mixed,Keyword,single-index,1,1,1,1,1,0.8294342655561396,1,1,0.00035,61.3166,books-oracle2=10
q011,detective investigating a serial killer,Torso,StripeLocal,Mixed,Keyword,naive-score,0.9937573321645311,0.9,0.8181818181818182,0.8666666666666667,0.8017892208276032,0.7915747092964888,1,2,0.00035,60.6798,books-t2010-a=8 | books-t2010-b=2
q011,detective investigating a serial killer,Torso,StripeLocal,Mixed,Keyword,interleave,0.9396089380663136,0.6,0.42857142857142855,0.6,0.6097704351872462,0.6491569303659738,0.8,2,0.00035,60.6557,books-t2010-a=5 | books-t2010-b=5
q011,detective investigating a serial killer,Torso,StripeLocal,Mixed,Keyword,quota-merge,0.8754176676713262,0.8,0.6666666666666666,0.4222222222222222,0.5629447528671353,0.8268102684686385,1,2,0.00035,60.648700000000005,books-t2010-a=7 | books-t2010-b=3
q011,detective investigating a serial killer,Torso,StripeLocal,Mixed,Keyword,global-rrf,0.8482064499514097,0.6,0.42857142857142855,0.5111111111111111,0.5044446407190246,0.6944450709276583,0.8,2,0.00035,60.669500000000006,books-t2010-a=5 | books-t2010-b=5
q011,detective investigating a serial killer,Torso,StripeLocal,Mixed,Keyword,minmax-norm,0.7458790453511259,0.3,0.17647058823529413,0.8222222222222222,0.34923353293458165,0.5066982456046496,0.5,2,0.00035,60.701800000000006,books-t2010-a=2 | books-t2010-b=8
q011,detective investigating a serial killer,Torso,StripeLocal,Mixed,Keyword,zscore-norm,0.9468886788667317,0.7,0.5384615384615384,0.3333333333333333,0.6013052138710121,0.7038106715230276,0.9,2,0.00035,60.720000000000006,books-t2010-a=6 | books-t2010-b=4
q011,detective investigating a serial killer,Torso,StripeLocal,Mixed,Keyword,idf-correct-probe,0.998450826225048,0.9,0.8181818181818182,0.9555555555555556,0.8420525017273789,0.761959278121219,0.9,10,0.002166667,403.7614,books-t2010-a=9 | books-t2010-b=1
q011,detective investigating a serial killer,Torso,StripeLocal,Mixed,Keyword,idf-correct-sidecar,0.9893104841880909,0.8,0.6666666666666666,0.9111111111111111,0.7920800849320813,0.7915747092964888,1,2,0.00035,60.706300000000006,books-t2010-a=7 | books-t2010-b=3
q012,espionage thriller cold war spy,Torso,StripeLocal,Lexical,Keyword,single-index,1,1,1,1,1,0.5442601090382408,1,1,0.000383333,61.7351,books-oracle2=10
q012,espionage thriller cold war spy,Torso,StripeLocal,Lexical,Keyword,naive-score,0.9990271647942689,1,1,0.7777777777777778,0.8274980014590267,0.5470172706187719,1,2,0.000383333,53.6435,books-t2010-a=7 | books-t2010-b=3
q012,espionage thriller cold war spy,Torso,StripeLocal,Lexical,Keyword,interleave,0.9588705511822276,0.8,0.6666666666666666,0.5555555555555556,0.660537411919994,0.5258227789407949,1,2,0.000383333,53.6307,books-t2010-a=5 | books-t2010-b=5
q012,espionage thriller cold war spy,Torso,StripeLocal,Lexical,Keyword,quota-merge,0.9640182268124741,1,1,0.37777777777777777,0.6583713607713532,0.48638656746807846,1,2,0.000383333,53.6246,books-t2010-a=7 | books-t2010-b=3
q012,espionage thriller cold war spy,Torso,StripeLocal,Lexical,Keyword,global-rrf,0.946566666416899,0.8,0.6666666666666666,0.4222222222222222,0.6153998138863304,0.5127449057012324,1,2,0.000383333,53.6418,books-t2010-a=5 | books-t2010-b=5
q012,espionage thriller cold war spy,Torso,StripeLocal,Lexical,Keyword,minmax-norm,0.8955887534960826,0.6,0.42857142857142855,0.5555555555555556,0.5269865066919495,0.40577096226548875,0.8,2,0.000383333,53.6749,books-t2010-a=3 | books-t2010-b=7
q012,espionage thriller cold war spy,Torso,StripeLocal,Lexical,Keyword,zscore-norm,0.9340471010101482,0.6,0.42857142857142855,0.8666666666666667,0.6862206637427161,0.4518160990357175,0.8,2,0.000383333,53.6651,books-t2010-a=3 | books-t2010-b=7
q012,espionage thriller cold war spy,Torso,StripeLocal,Lexical,Keyword,idf-correct-probe,0.9987545711282705,1,1,0.6888888888888889,0.8214883176496058,0.5466410655822809,1,12,0.0023833330000000005,485.7246,books-t2010-a=7 | books-t2010-b=3
q012,espionage thriller cold war spy,Torso,StripeLocal,Lexical,Keyword,idf-correct-sidecar,0.9988402655870846,1,1,0.7333333333333333,0.8214883176496058,0.5470172706187719,1,2,0.000383333,53.7716,books-t2010-a=7 | books-t2010-b=3
q013,teenagers forced to compete in a deadly televised game,Tail,StripeLocal,Conceptual,Keyword,single-index,1,1,1,1,1,0.6531525447657412,1,1,0.000383333,63.8202,books-oracle2=10
q013,teenagers forced to compete in a deadly televised game,Tail,StripeLocal,Conceptual,Keyword,naive-score,0.9900570354636443,0.9,0.8181818181818182,0.6444444444444445,0.7773307616413254,0.6396163802231608,1,2,0.000383333,54.2847,books-t2010-a=6 | books-t2010-b=4
q013,teenagers forced to compete in a deadly televised game,Tail,StripeLocal,Conceptual,Keyword,interleave,0.9850260082597938,0.9,0.8181818181818182,0.8222222222222222,0.7649830299938082,0.634092550427648,1,2,0.000383333,54.2793,books-t2010-a=5 | books-t2010-b=5
q013,teenagers forced to compete in a deadly televised game,Tail,StripeLocal,Conceptual,Keyword,quota-merge,0.894799955792068,0.8,0.6666666666666666,0.7333333333333333,0.649753276607661,0.6085833209324883,1,2,0.000383333,54.2689,books-t2010-a=7 | books-t2010-b=3
q013,teenagers forced to compete in a deadly televised game,Tail,StripeLocal,Conceptual,Keyword,global-rrf,0.90095373673557,0.9,0.8181818181818182,0.8222222222222222,0.6692727296206599,0.572264238609979,1,2,0.000383333,54.2831,books-t2010-a=5 | books-t2010-b=5
q013,teenagers forced to compete in a deadly televised game,Tail,StripeLocal,Conceptual,Keyword,minmax-norm,0.9011634498216863,0.9,0.8181818181818182,0.8666666666666667,0.6791652132575666,0.5693902902681549,1,2,0.000383333,54.3187,books-t2010-a=5 | books-t2010-b=5
q013,teenagers forced to compete in a deadly televised game,Tail,StripeLocal,Conceptual,Keyword,zscore-norm,0.8712859489917153,0.9,0.8181818181818182,0.7777777777777778,0.6339320919182584,0.5358429720176273,1,2,0.000383333,54.3082,books-t2010-a=5 | books-t2010-b=5
q013,teenagers forced to compete in a deadly televised game,Tail,StripeLocal,Conceptual,Keyword,idf-correct-probe,0.9958924734117798,0.9,0.8181818181818182,0.9555555555555556,0.8249163820175597,0.6531525447657412,1,14,0.0029000000000000002,575.0491999999999,books-t2010-a=5 | books-t2010-b=5
q013,teenagers forced to compete in a deadly televised game,Tail,StripeLocal,Conceptual,Keyword,idf-correct-sidecar,0.9958924734117798,0.9,0.8181818181818182,0.9555555555555556,0.8249163820175597,0.6531525447657412,1,2,0.000383333,54.3551,books-t2010-a=5 | books-t2010-b=5
q014,picture book about a bear,Torso,StripeLocal,Mixed,Keyword,single-index,1,1,1,1,1,0.6984156588107141,1,1,0.000383333,60.4465,books-oracle2=10
q014,picture book about a bear,Torso,StripeLocal,Mixed,Keyword,naive-score,0.8959680083156432,0.9,0.8181818181818182,0.6,0.64526532058116,0.5334934019613572,1,2,0.000383333,53.923399999999994,books-t2010-a=8 | books-t2010-b=2
q014,picture book about a bear,Torso,StripeLocal,Mixed,Keyword,interleave,0.8960026528127395,0.6,0.42857142857142855,0.5555555555555556,0.6081352161657053,0.5518444264828013,0.8,2,0.000383333,53.9111,books-t2010-a=5 | books-t2010-b=5
q014,picture book about a bear,Torso,StripeLocal,Mixed,Keyword,quota-merge,0.8755845098503506,0.8,0.6666666666666666,0.3333333333333333,0.5668937761906911,0.4566910167054574,0.9,2,0.000383333,53.9054,books-t2010-a=7 | books-t2010-b=3
q014,picture book about a bear,Torso,StripeLocal,Mixed,Keyword,global-rrf,0.8093953772076866,0.6,0.42857142857142855,0.5,0.499985824225121,0.47828659281348224,0.8,2,0.000383333,53.942,books-t2010-a=5 | books-t2010-b=5
q014,picture book about a bear,Torso,StripeLocal,Mixed,Keyword,minmax-norm,0.8803175638863503,0.8,0.6666666666666666,0.5111111111111111,0.6036619657099679,0.4604083735565271,0.9,2,0.000383333,53.9636,books-t2010-a=7 | books-t2010-b=3
q014,picture book about a bear,Torso,StripeLocal,Mixed,Keyword,zscore-norm,0.8669799538870129,0.8,0.6666666666666666,0.37777777777777777,0.5533949317164265,0.443095575099343,0.9,2,0.000383333,53.9451,books-t2010-a=7 | books-t2010-b=3
q014,picture book about a bear,Torso,StripeLocal,Mixed,Keyword,idf-correct-probe,0.9919808673081925,1,1,0.8222222222222222,0.7908211718596686,0.692045506004358,1,8,0.0015833330000000001,313.4552,books-t2010-a=9 | books-t2010-b=1
q014,picture book about a bear,Torso,StripeLocal,Mixed,Keyword,idf-correct-sidecar,0.9889544841929236,1,1,0.6888888888888889,0.7593117795347065,0.702239959960568,1,2,0.000383333,53.955299999999994,books-t2010-a=9 | books-t2010-b=1
q015,graphic novel superhero origin,Torso,StripeLocal,Lexical,Keyword,single-index,1,1,1,1,1,0.1739703281146716,1,1,0.0004,89.9106,books-oracle2=10
q015,graphic novel superhero origin,Torso,StripeLocal,Lexical,Keyword,naive-score,0.997697345165676,1,1,0.9111111111111111,0.8188069040322987,0.17497022905862095,1,2,0.0006000000000000001,53.7277,books-t2010-a=7 | books-t2010-b=3
q015,graphic novel superhero origin,Torso,StripeLocal,Lexical,Keyword,interleave,0.9818805580672237,0.8,0.6666666666666666,0.7777777777777778,0.7422598509637103,0.17818272570954646,0.9,2,0.0006000000000000001,53.6989,books-t2010-a=5 | books-t2010-b=5
q015,graphic novel superhero origin,Torso,StripeLocal,Lexical,Keyword,quota-merge,0.9915384132533536,1,1,0.7777777777777778,0.7720507075704707,0.1876142918356203,1,2,0.0006000000000000001,53.6917,books-t2010-a=7 | books-t2010-b=3
q015,graphic novel superhero origin,Torso,StripeLocal,Lexical,Keyword,global-rrf,0.9812648484590062,0.8,0.6666666666666666,0.7333333333333333,0.7346285064438108,0.17818272570954646,0.9,2,0.0006000000000000001,53.7144,books-t2010-a=5 | books-t2010-b=5
q015,graphic novel superhero origin,Torso,StripeLocal,Lexical,Keyword,minmax-norm,0.9804007330521733,0.9,0.8181818181818182,0.6,0.713822925530105,0.19361369749931637,1,2,0.0006000000000000001,53.7433,books-t2010-a=6 | books-t2010-b=4
q015,graphic novel superhero origin,Torso,StripeLocal,Lexical,Keyword,zscore-norm,0.8678479619934727,0.9,0.8181818181818182,0.4222222222222222,0.5421209981077925,0.1993508659398687,1,2,0.0006000000000000001,53.738,books-t2010-a=6 | books-t2010-b=4
q015,graphic novel superhero origin,Torso,StripeLocal,Lexical,Keyword,idf-correct-probe,0.9951715764740264,1,1,0.8666666666666667,0.8004874898898788,0.17497022905862095,1,10,0.0021833330000000004,399.7872,books-t2010-a=7 | books-t2010-b=3
q015,graphic novel superhero origin,Torso,StripeLocal,Lexical,Keyword,idf-correct-sidecar,0.9980737746893691,1,1,0.9555555555555556,0.831996882214841,0.1739703281146716,1,2,0.0006000000000000001,53.762,books-t2010-a=7 | books-t2010-b=3
q016,zombie apocalypse survival,Torso,StripeLocal,Lexical,Keyword,single-index,1,1,1,1,1,0.6833467607916786,0.9,1,0.00035,60.072,books-oracle2=10
q016,zombie apocalypse survival,Torso,StripeLocal,Lexical,Keyword,naive-score,0.9988519243083419,1,1,0.8666666666666667,0.836054293198977,0.6900777296729707,0.9,2,0.00035,54.1716,books-t2010-a=9 | books-t2010-b=1
q016,zombie apocalypse survival,Torso,StripeLocal,Lexical,Keyword,interleave,0.9415029695596937,0.6,0.42857142857142855,0.4666666666666667,0.6862125931707307,0.6201260885799433,0.9,2,0.00035,54.162099999999995,books-t2010-a=5 | books-t2010-b=5
q016,zombie apocalypse survival,Torso,StripeLocal,Lexical,Keyword,quota-merge,0.9673705826761577,0.8,0.6666666666666666,0.4666666666666667,0.7272924298098576,0.7062298584275998,0.9,2,0.00035,54.1551,books-t2010-a=7 | books-t2010-b=3
q016,zombie apocalypse survival,Torso,StripeLocal,Lexical,Keyword,global-rrf,0.9415029695596937,0.6,0.42857142857142855,0.4666666666666667,0.6862125931707307,0.6201260885799433,0.9,2,0.00035,54.169999999999995,books-t2010-a=5 | books-t2010-b=5
q016,zombie apocalypse survival,Torso,StripeLocal,Lexical,Keyword,minmax-norm,0.9090664328587739,0.4,0.25,0.7333333333333333,0.6345087512239896,0.4868495745475578,0.7,2,0.00035,54.202799999999996,books-t2010-a=3 | books-t2010-b=7
q016,zombie apocalypse survival,Torso,StripeLocal,Lexical,Keyword,zscore-norm,0.9149568256221602,0.7,0.5384615384615384,0.6888888888888889,0.6597141970014215,0.5718068585400096,0.9,2,0.00035,54.194399999999995,books-t2010-a=6 | books-t2010-b=4
q016,zombie apocalypse survival,Torso,StripeLocal,Lexical,Keyword,idf-correct-probe,0.9988519243083419,1,1,0.8666666666666667,0.836054293198977,0.6900777296729707,0.9,8,0.0015333330000000002,311.3901,books-t2010-a=9 | books-t2010-b=1
q016,zombie apocalypse survival,Torso,StripeLocal,Lexical,Keyword,idf-correct-sidecar,0.9988519243083419,1,1,0.8666666666666667,0.836054293198977,0.6900777296729707,0.9,2,0.00035,54.2076,books-t2010-a=9 | books-t2010-b=1
q017,time travel paradox,Torso,StripeLocal,Lexical,Keyword,single-index,1,1,1,1,1,0.7741767122711218,1,1,0.000366667,61.9604,books-oracle2=10
q017,time travel paradox,Torso,StripeLocal,Lexical,Keyword,naive-score,0.9954738598488723,0.9,0.8181818181818182,1,0.8454188052525542,0.7418781762786516,1,2,0.000366667,53.452,books-t2010-a=9 | books-t2010-b=1
q017,time travel paradox,Torso,StripeLocal,Lexical,Keyword,interleave,0.8927683788596154,0.5,0.3333333333333333,0.5111111111111111,0.5289553945666087,0.599683261591595,0.6,2,0.000366667,53.4407,books-t2010-a=5 | books-t2010-b=5
q017,time travel paradox,Torso,StripeLocal,Lexical,Keyword,quota-merge,0.8164382620143953,0.7,0.5384615384615384,0.28888888888888886,0.48507529967339347,0.5179910313061319,0.8,2,0.000366667,53.4349,books-t2010-a=7 | books-t2010-b=3
q017,time travel paradox,Torso,StripeLocal,Lexical,Keyword,global-rrf,0.7792975710254726,0.5,0.3333333333333333,0.37777777777777777,0.4159982555784874,0.4956834325648142,0.6,2,0.000366667,53.4485,books-t2010-a=5 | books-t2010-b=5
q017,time travel paradox,Torso,StripeLocal,Lexical,Keyword,minmax-norm,0.742238241945217,0.5,0.3333333333333333,0.022222222222222223,0.31073301666426434,0.4404912212426324,0.6,2,0.000366667,53.4895,books-t2010-a=5 | books-t2010-b=5
q017,time travel paradox,Torso,StripeLocal,Lexical,Keyword,zscore-norm,0.8570419924297782,0.5,0.3333333333333333,0.1111111111111111,0.421143547721856,0.5426765401564164,0.6,2,0.000366667,53.4826,books-t2010-a=5 | books-t2010-b=5
q017,time travel paradox,Torso,StripeLocal,Lexical,Keyword,idf-correct-probe,1,1,1,1,0.8591367550184259,0.7741767122711218,1,8,0.001566667,311.1582,books-t2010-a=10
q017,time travel paradox,Torso,StripeLocal,Lexical,Keyword,idf-correct-sidecar,1,1,1,1,0.8591367550184259,0.7741767122711218,1,2,0.000366667,53.4834,books-t2010-a=10
q018,a girl who discovers she is the last of a magical bloodline,Tail,StripeLocal,Conceptual,Keyword,single-index,1,1,1,1,1,0.26386772277687637,1,1,0.0004,61.8506,books-oracle2=10
q018,a girl who discovers she is the last of a magical bloodline,Tail,StripeLocal,Conceptual,Keyword,naive-score,0.9870615353051958,0.9,0.8181818181818182,0.7777777777777778,0.7895769677841782,0.29171887668443314,1,2,0.000416667,54.7919,books-t2010-a=8 | books-t2010-b=2
q018,a girl who discovers she is the last of a magical bloodline,Tail,StripeLocal,Conceptual,Keyword,interleave,0.9813446804069406,0.8,0.6666666666666666,0.5555555555555556,0.7376379436041022,0.2588908157598314,1,2,0.000416667,54.7568,books-t2010-a=5 | books-t2010-b=5
q018,a girl who discovers she is the last of a magical bloodline,Tail,StripeLocal,Conceptual,Keyword,quota-merge,0.9816796575498724,0.9,0.8181818181818182,0.5555555555555556,0.7447184438013835,0.2588908157598314,1,2,0.000416667,54.7494,books-t2010-a=7 | books-t2010-b=3
q018,a girl who discovers she is the last of a magical bloodline,Tail,StripeLocal,Conceptual,Keyword,global-rrf,0.9813446804069406,0.8,0.6666666666666666,0.5555555555555556,0.7376379436041022,0.2588908157598314,1,2,0.000416667,54.7631,books-t2010-a=5 | books-t2010-b=5
q018,a girl who discovers she is the last of a magical bloodline,Tail,StripeLocal,Conceptual,Keyword,minmax-norm,0.9886641505822698,0.8,0.6666666666666666,0.7333333333333333,0.7823016445644932,0.2588908157598314,1,2,0.000416667,54.8155,books-t2010-a=5 | books-t2010-b=5
q018,a girl who discovers she is the last of a magical bloodline,Tail,StripeLocal,Conceptual,Keyword,zscore-norm,0.9939042221060633,0.9,0.8181818181818182,0.6444444444444445,0.7893821447617746,0.2588908157598314,1,2,0.000416667,54.792300000000004,books-t2010-a=6 | books-t2010-b=4
q018,a girl who discovers she is the last of a magical bloodline,Tail,StripeLocal,Conceptual,Keyword,idf-correct-probe,0.9870615353051958,0.9,0.8181818181818182,0.7777777777777778,0.7895769677841782,0.29171887668443314,1,12,0.0024500010000000003,549.7130999999999,books-t2010-a=8 | books-t2010-b=2
q018,a girl who discovers she is the last of a magical bloodline,Tail,StripeLocal,Conceptual,Keyword,idf-correct-sidecar,0.9870615353051958,0.9,0.8181818181818182,0.7777777777777778,0.7895769677841782,0.29171887668443314,1,2,0.000416667,54.8074,books-t2010-a=8 | books-t2010-b=2
q019,dystopian society divided into rigid factions,Torso,StripeLocal,Conceptual,Keyword,single-index,1,1,1,1,1,0.8544580710959402,1,1,0.000416667,60.6447,books-oracle2=10
q019,dystopian society divided into rigid factions,Torso,StripeLocal,Conceptual,Keyword,naive-score,0.9991328908492664,1,1,0.9111111111111111,0.836054293198977,0.8472383874193253,1,2,0.000416667,54.8041,books-t2010-b=10
q019,dystopian society divided into rigid factions,Torso,StripeLocal,Conceptual,Keyword,interleave,0.7730674891508466,0.5,0.3333333333333333,0.24444444444444444,0.393243898403984,0.39056898318697963,0.6,2,0.000416667,54.7892,books-t2010-a=5 | books-t2010-b=5
q019,dystopian society divided into rigid factions,Torso,StripeLocal,Conceptual,Keyword,quota-merge,0.8530267723130458,0.3,0.17647058823529413,0.7333333333333333,0.4667095179304867,0.4085359184257956,0.4,2,0.000416667,54.7822,books-t2010-a=7 | books-t2010-b=3
q019,dystopian society divided into rigid factions,Torso,StripeLocal,Conceptual,Keyword,global-rrf,0.8960136343455107,0.5,0.3333333333333333,0.4222222222222222,0.5333409101956901,0.4913647295900684,0.6,2,0.000416667,54.7974,books-t2010-a=5 | books-t2010-b=5
q019,dystopian society divided into rigid factions,Torso,StripeLocal,Conceptual,Keyword,minmax-norm,0.921271081974894,0.6,0.42857142857142855,0.24444444444444444,0.5772633716054748,0.5674429130173126,0.7,2,0.000416667,54.8636,books-t2010-a=4 | books-t2010-b=6
q019,dystopian society divided into rigid factions,Torso,StripeLocal,Conceptual,Keyword,zscore-norm,0.7039900396744653,0.6,0.42857142857142855,-0.2,0.286001774809061,0.379422207920298,0.7,2,0.000416667,54.8245,books-t2010-a=4 | books-t2010-b=6
q019,dystopian society divided into rigid factions,Torso,StripeLocal,Conceptual,Keyword,idf-correct-probe,0.9991328908492664,1,1,0.9111111111111111,0.836054293198977,0.8472383874193253,1,14,0.002883335,575.0346999999999,books-t2010-b=10
q019,dystopian society divided into rigid factions,Torso,StripeLocal,Conceptual,Keyword,idf-correct-sidecar,0.9991328908492664,1,1,0.9111111111111111,0.836054293198977,0.8472383874193253,1,2,0.000416667,54.8369,books-t2010-b=10
q020,supernatural creatures hidden among ordinary people,Torso,StripeLocal,Conceptual,Keyword,single-index,1,1,1,1,1,0.3796025655833152,1,1,0.000433333,63.1974,books-oracle2=10
q020,supernatural creatures hidden among ordinary people,Torso,StripeLocal,Conceptual,Keyword,naive-score,0.9944556439927535,0.9,0.8181818181818182,0.7777777777777778,0.8133439367894977,0.32458397444423615,1,2,0.00043333300000000005,55.4153,books-t2010-a=9 | books-t2010-b=1
q020,supernatural creatures hidden among ordinary people,Torso,StripeLocal,Conceptual,Keyword,interleave,0.9462962739968566,0.7,0.5384615384615384,0.4666666666666667,0.6500377499259224,0.5301871287407286,1,2,0.00043333300000000005,55.447900000000004,books-t2010-a=5 | books-t2010-b=5
q020,supernatural creatures hidden among ordinary people,Torso,StripeLocal,Conceptual,Keyword,quota-merge,0.9523815162571958,0.8,0.6666666666666666,0.3333333333333333,0.6442880820618508,0.47010174003740723,1,2,0.00043333300000000005,55.3923,books-t2010-a=7 | books-t2010-b=3
q020,supernatural creatures hidden among ordinary people,Torso,StripeLocal,Conceptual,Keyword,global-rrf,0.9355630966849242,0.7,0.5384615384615384,0.4222222222222222,0.6228978771223376,0.5454446475202179,1,2,0.00043333300000000005,55.406800000000004,books-t2010-a=5 | books-t2010-b=5
q020,supernatural creatures hidden among ordinary people,Torso,StripeLocal,Conceptual,Keyword,minmax-norm,0.9081979872992182,0.5,0.3333333333333333,0.6,0.567165549750805,0.4105892640915982,0.9,2,0.00043333300000000005,55.454,books-t2010-a=3 | books-t2010-b=7
q020,supernatural creatures hidden among ordinary people,Torso,StripeLocal,Conceptual,Keyword,zscore-norm,0.9189311646111505,0.5,0.3333333333333333,0.6444444444444445,0.5943054225543899,0.3953317453121089,0.9,2,0.00043333300000000005,55.4431,books-t2010-a=3 | books-t2010-b=7
q020,supernatural creatures hidden among ordinary people,Torso,StripeLocal,Conceptual,Keyword,idf-correct-probe,0.9944556439927535,0.9,0.8181818181818182,0.7777777777777778,0.8133439367894977,0.32458397444423615,1,14,0.0029333350000000005,577.9769000000001,books-t2010-a=9 | books-t2010-b=1
q020,supernatural creatures hidden among ordinary people,Torso,StripeLocal,Conceptual,Keyword,idf-correct-sidecar,0.9944556439927535,0.9,0.8181818181818182,0.7777777777777778,0.8133439367894977,0.32458397444423615,1,2,0.00043333300000000005,55.4478,books-t2010-a=9 | books-t2010-b=1
q021,Victorian England social class and marriage,Torso,StripeLocal,Mixed,Keyword,single-index,1,1,1,1,1,0.5400969299866776,1,1,0.000416667,64.1957,books-oracle2=10
q021,Victorian England social class and marriage,Torso,StripeLocal,Mixed,Keyword,naive-score,0.985456530603959,0.8,0.6666666666666666,0.6888888888888889,0.7796730088662528,0.5908043155762146,0.9,2,0.00075,54.8121,books-t2010-a=8 | books-t2010-b=2
q021,Victorian England social class and marriage,Torso,StripeLocal,Mixed,Keyword,interleave,0.960929085952677,0.8,0.6666666666666666,0.6,0.6907771329282377,0.5011631203352841,0.9,2,0.00075,54.8001,books-t2010-a=5 | books-t2010-b=5
q021,Victorian England social class and marriage,Torso,StripeLocal,Mixed,Keyword,quota-merge,0.9835932061964313,0.9,0.8181818181818182,0.5111111111111111,0.7212613846254211,0.49855881996371887,0.9,2,0.00075,54.7925,books-t2010-a=7 | books-t2010-b=3
q021,Victorian England social class and marriage,Torso,StripeLocal,Mixed,Keyword,global-rrf,0.9586278777230841,0.8,0.6666666666666666,0.5111111111111111,0.669955810225796,0.4914491213187479,0.9,2,0.00075,54.8335,books-t2010-a=5 | books-t2010-b=5
q021,Victorian England social class and marriage,Torso,StripeLocal,Mixed,Keyword,minmax-norm,0.9159367607873158,0.7,0.5384615384615384,0.28888888888888886,0.5630892483859558,0.4003649405355083,0.8,2,0.00075,54.8448,books-t2010-a=4 | books-t2010-b=6
q021,Victorian England social class and marriage,Torso,StripeLocal,Mixed,Keyword,zscore-norm,0.9453738834475947,0.8,0.6666666666666666,0.3333333333333333,0.6221060229283469,0.48143440266415355,0.9,2,0.00075,54.834,books-t2010-a=5 | books-t2010-b=5
q021,Victorian England social class and marriage,Torso,StripeLocal,Mixed,Keyword,idf-correct-probe,0.9833566029618935,0.8,0.6666666666666666,0.6888888888888889,0.7624256196995745,0.617930842007956,0.9,12,0.002733333,486.4304,books-t2010-a=8 | books-t2010-b=2
q021,Victorian England social class and marriage,Torso,StripeLocal,Mixed,Keyword,idf-correct-sidecar,0.9833566029618935,0.8,0.6666666666666666,0.6888888888888889,0.7624256196995745,0.617930842007956,0.9,2,0.00075,54.8506,books-t2010-a=8 | books-t2010-b=2
q022,memoir of growing up in poverty,Torso,StripeLocal,Conceptual,Keyword,single-index,1,1,1,1,1,0.2553016358188221,1,1,0.000383333,62.7587,books-oracle2=10
q022,memoir of growing up in poverty,Torso,StripeLocal,Conceptual,Keyword,naive-score,1,1,1,1,0.8591367550184259,0.2553016358188221,1,2,0.0007333330000000001,55.3042,books-t2010-a=9 | books-t2010-b=1
q022,memoir of growing up in poverty,Torso,StripeLocal,Conceptual,Keyword,interleave,0.9635164412017208,0.6,0.42857142857142855,0.5555555555555556,0.6804924315024911,0.4083781726731639,0.9,2,0.0007333330000000001,55.2749,books-t2010-a=5 | books-t2010-b=5
q022,memoir of growing up in poverty,Torso,StripeLocal,Conceptual,Keyword,quota-merge,0.9658267580215634,0.8,0.6666666666666666,0.4666666666666667,0.6677696474661245,0.32050410911537774,0.9,2,0.0007333330000000001,55.2685,books-t2010-a=7 | books-t2010-b=3
q022,memoir of growing up in poverty,Torso,StripeLocal,Conceptual,Keyword,global-rrf,0.951104514564958,0.6,0.42857142857142855,0.4222222222222222,0.6353548334688273,0.41621601739574465,0.9,2,0.0007333330000000001,55.3087,books-t2010-a=5 | books-t2010-b=5
q022,memoir of growing up in poverty,Torso,StripeLocal,Conceptual,Keyword,minmax-norm,0.9708086106859398,0.6,0.42857142857142855,0.8666666666666667,0.7454278194305869,0.39862656958749454,0.9,2,0.0007333330000000001,55.319700000000005,books-t2010-a=5 | books-t2010-b=5
q022,memoir of growing up in poverty,Torso,StripeLocal,Conceptual,Keyword,zscore-norm,0.8968436740516498,0.6,0.42857142857142855,0.8222222222222222,0.644909772009902,0.39862656958749454,0.9,2,0.0007333330000000001,55.3097,books-t2010-a=5 | books-t2010-b=5
q022,memoir of growing up in poverty,Torso,StripeLocal,Conceptual,Keyword,idf-correct-probe,1,1,1,1,0.8591367550184259,0.2553016358188221,1,10,0.0024000010000000006,408.3845,books-t2010-a=9 | books-t2010-b=1
q022,memoir of growing up in poverty,Torso,StripeLocal,Conceptual,Keyword,idf-correct-sidecar,1,1,1,1,0.8591367550184259,0.2553016358188221,1,2,0.0007333330000000001,55.3345,books-t2010-a=9 | books-t2010-b=1
q023,biography of a president,Torso,StripeLocal,Mixed,Keyword,single-index,1,1,1,1,1,0.2936312762892952,1,1,0.000266667,61.7137,books-oracle2=10
q023,biography of a president,Torso,StripeLocal,Mixed,Keyword,naive-score,0.9976907249621239,0.9,0.8181818181818182,0.9555555555555556,0.8444249103012451,0.29756397645187804,1,2,0.000483334,56.039199999999994,books-t2010-a=9 | books-t2010-b=1
q023,biography of a president,Torso,StripeLocal,Mixed,Keyword,interleave,0.8955025612590073,0.6,0.42857142857142855,0.6888888888888889,0.5841874967343595,0.05951247594580908,0.9,2,0.000483334,56.0297,books-t2010-a=5 | books-t2010-b=5
q023,biography of a president,Torso,StripeLocal,Mixed,Keyword,quota-merge,0.9701857512005655,0.8,0.6666666666666666,0.5111111111111111,0.7118676327051076,0.16057926615356627,1,2,0.000483334,56.021899999999995,books-t2010-a=7 | books-t2010-b=3
q023,biography of a president,Torso,StripeLocal,Mixed,Keyword,global-rrf,0.9420897252506322,0.6,0.42857142857142855,0.6444444444444445,0.6499343268315599,0.09432504269917721,0.9,2,0.000483334,56.0381,books-t2010-a=5 | books-t2010-b=5
q023,biography of a president,Torso,StripeLocal,Mixed,Keyword,minmax-norm,0.9976907249621239,0.9,0.8181818181818182,0.9555555555555556,0.8444249103012451,0.29756397645187804,1,2,0.000483334,56.0714,books-t2010-a=9 | books-t2010-b=1
q023,biography of a president,Torso,StripeLocal,Mixed,Keyword,zscore-norm,0.9958200380084341,0.9,0.8181818181818182,0.9111111111111111,0.8348047378984681,0.231309752997489,1,2,0.000483334,56.061499999999995,books-t2010-a=8 | books-t2010-b=2
q023,biography of a president,Torso,StripeLocal,Mixed,Keyword,idf-correct-probe,0.9976907249621239,0.9,0.8181818181818182,0.9555555555555556,0.8444249103012451,0.29756397645187804,1,6,0.0012833340000000001,228.8086,books-t2010-a=9 | books-t2010-b=1
q023,biography of a president,Torso,StripeLocal,Mixed,Keyword,idf-correct-sidecar,0.9976907249621239,0.9,0.8181818181818182,0.9555555555555556,0.8444249103012451,0.29756397645187804,1,2,0.000483334,56.0644,books-t2010-a=9 | books-t2010-b=1
q024,behavioral economics and irrational decision making,Tail,StripeLocal,Mixed,Keyword,single-index,1,1,1,1,1,0.8771495496465931,1,1,0.000366667,60.9656,books-oracle2=10
q024,behavioral economics and irrational decision making,Tail,StripeLocal,Mixed,Keyword,naive-score,0.9997898725962474,1,1,0.9111111111111111,0.8483193241614684,0.8817164398755811,1,2,0.000366667,54.2297,books-t2010-a=9 | books-t2010-b=1
q024,behavioral economics and irrational decision making,Tail,StripeLocal,Mixed,Keyword,interleave,0.9459730591236715,0.6,0.42857142857142855,0.5555555555555556,0.6168328704665185,0.8858652491678439,0.8,2,0.000366667,54.2204,books-t2010-a=5 | books-t2010-b=5
q024,behavioral economics and irrational decision making,Tail,StripeLocal,Mixed,Keyword,quota-merge,0.9617728361210016,0.8,0.6666666666666666,0.4222222222222222,0.6560876828922952,0.9117306346861258,0.9,2,0.000366667,54.2141,books-t2010-a=7 | books-t2010-b=3
q024,behavioral economics and irrational decision making,Tail,StripeLocal,Mixed,Keyword,global-rrf,0.9459730591236715,0.6,0.42857142857142855,0.5555555555555556,0.6168328704665185,0.8858652491678439,0.8,2,0.000366667,54.2281,books-t2010-a=5 | books-t2010-b=5
q024,behavioral economics and irrational decision making,Tail,StripeLocal,Mixed,Keyword,minmax-norm,0.8989106462034699,0.5,0.3333333333333333,0.37777777777777777,0.4996848717659245,0.8133301263452805,0.7,2,0.000366667,54.2629,books-t2010-a=4 | books-t2010-b=6
q024,behavioral economics and irrational decision making,Tail,StripeLocal,Mixed,Keyword,zscore-norm,0.9388039685306135,0.6,0.42857142857142855,0.3333333333333333,0.5813113170796333,0.86694217619747,0.8,2,0.000366667,54.2534,books-t2010-a=5 | books-t2010-b=5
q024,behavioral economics and irrational decision making,Tail,StripeLocal,Mixed,Keyword,idf-correct-probe,0.999580159510131,1,1,0.8666666666666667,0.8384268405245617,0.8786090580898999,1,12,0.0026000010000000002,488.6136,books-t2010-a=9 | books-t2010-b=1
q024,behavioral economics and irrational decision making,Tail,StripeLocal,Mixed,Keyword,idf-correct-sidecar,0.999580159510131,1,1,0.8666666666666667,0.8384268405245617,0.8786090580898999,1,2,0.000366667,54.2662,books-t2010-a=9 | books-t2010-b=1
q025,habits productivity and personal effectiveness,Torso,StripeLocal,Mixed,Keyword,single-index,1,1,1,1,1,0.8758510212272971,1,1,0.000366667,61.2022,books-oracle2=10
q025,habits productivity and personal effectiveness,Torso,StripeLocal,Mixed,Keyword,naive-score,0.9926017648597927,1,1,0.8222222222222222,0.7954548583022606,0.8923176273555912,1,2,0.0006833340000000001,54.527899999999995,books-t2010-a=8 | books-t2010-b=2
q025,habits productivity and personal effectiveness,Torso,StripeLocal,Mixed,Keyword,interleave,0.9487445550039615,0.7,0.5384615384615384,0.6888888888888889,0.6511974640088699,0.7572380247632706,0.9,2,0.0006833340000000001,54.5184,books-t2010-a=5 | books-t2010-b=5
q025,habits productivity and personal effectiveness,Torso,StripeLocal,Mixed,Keyword,quota-merge,0.9638615856711116,0.9,0.8181818181818182,0.4666666666666667,0.6653374587357791,0.8210171187547629,0.9,2,0.0006833340000000001,54.5119,books-t2010-a=7 | books-t2010-b=3
q025,habits productivity and personal effectiveness,Torso,StripeLocal,Mixed,Keyword,global-rrf,0.9359990896467935,0.7,0.5384615384615384,0.5555555555555556,0.606059865975206,0.7580831431505599,0.9,2,0.0006833340000000001,54.5266,books-t2010-a=5 | books-t2010-b=5
q025,habits productivity and personal effectiveness,Torso,StripeLocal,Mixed,Keyword,minmax-norm,0.9787984909751108,1,1,0.6444444444444445,0.726913109536807,0.9039129791606223,1,2,0.0006833340000000001,54.5592,books-t2010-a=8 | books-t2010-b=2
q025,habits productivity and personal effectiveness,Torso,StripeLocal,Mixed,Keyword,zscore-norm,0.8830352436059592,0.8,0.6666666666666666,0.6,0.5695991857892105,0.834481757223845,0.9,2,0.0006833340000000001,54.5512,books-t2010-a=6 | books-t2010-b=4
q025,habits productivity and personal effectiveness,Torso,StripeLocal,Mixed,Keyword,idf-correct-probe,1,1,1,1,0.8591367550184259,0.8758510212272971,1,10,0.0023000010000000003,402.1568,books-t2010-a=8 | books-t2010-b=2
q025,habits productivity and personal effectiveness,Torso,StripeLocal,Mixed,Keyword,idf-correct-sidecar,1,1,1,1,0.8591367550184259,0.8758510212272971,1,2,0.0006833340000000001,54.562999999999995,books-t2010-a=8 | books-t2010-b=2
q026,poetry collection about grief,Torso,StripeLocal,Conceptual,Keyword,single-index,1,1,1,1,1,0.24020345294718828,1,1,0.000383333,89.7767,books-oracle2=10
q026,poetry collection about grief,Torso,StripeLocal,Conceptual,Keyword,naive-score,0.9978186987224108,0.9,0.8181818181818182,1,0.8520562548211447,0.22586093374860367,1,2,0.000383333,54.1843,books-t2010-a=9 | books-t2010-b=1
q026,poetry collection about grief,Torso,StripeLocal,Conceptual,Keyword,interleave,0.9213372653986074,0.6,0.42857142857142855,0.5111111111111111,0.5718406072262754,0.19342118343407114,0.8,2,0.000383333,54.171600000000005,books-t2010-a=5 | books-t2010-b=5
q026,poetry collection about grief,Torso,StripeLocal,Conceptual,Keyword,quota-merge,0.8521660907002319,0.8,0.6666666666666666,0.3333333333333333,0.5250149249061645,0.1868317766233289,0.9,2,0.000383333,54.1642,books-t2010-a=7 | books-t2010-b=3
q026,poetry collection about grief,Torso,StripeLocal,Conceptual,Keyword,global-rrf,0.8203694380137277,0.6,0.42857142857142855,0.37777777777777777,0.4588834682381543,0.1762885199170096,0.8,2,0.000383333,54.1789,books-t2010-a=5 | books-t2010-b=5
q026,poetry collection about grief,Torso,StripeLocal,Conceptual,Keyword,minmax-norm,0.7629585059595028,0.5,0.3333333333333333,0.28888888888888886,0.33438915125316176,0.1678887397727606,0.7,2,0.000383333,54.2151,books-t2010-a=4 | books-t2010-b=6
q026,poetry collection about grief,Torso,StripeLocal,Conceptual,Keyword,zscore-norm,0.8874380435217188,0.5,0.3333333333333333,0.5555555555555556,0.5059955553698299,0.1848528786793583,0.7,2,0.000383333,54.2058,books-t2010-a=4 | books-t2010-b=6
q026,poetry collection about grief,Torso,StripeLocal,Conceptual,Keyword,idf-correct-probe,0.9978186987224108,0.9,0.8181818181818182,1,0.8520562548211447,0.22586093374860367,1,8,0.0015833330000000001,312.65049999999997,books-t2010-a=9 | books-t2010-b=1
q026,poetry collection about grief,Torso,StripeLocal,Conceptual,Keyword,idf-correct-sidecar,0.9978186987224108,0.9,0.8181818181818182,1,0.8520562548211447,0.22586093374860367,1,2,0.000383333,54.213,books-t2010-a=9 | books-t2010-b=1
q027,existentialist philosophy and the meaning of life,Torso,StripeLocal,Mixed,Keyword,single-index,1,1,1,1,1,0.26834602793134127,1,1,0.0004,61.918,books-oracle2=10
q027,existentialist philosophy and the meaning of life,Torso,StripeLocal,Mixed,Keyword,naive-score,0.9999426168282078,1,1,0.9555555555555556,0.8543290079708894,0.26834602793134127,1,2,0.00039999999999999996,53.4991,books-t2010-a=9 | books-t2010-b=1
q027,existentialist philosophy and the meaning of life,Torso,StripeLocal,Mixed,Keyword,interleave,0.9212371118470485,0.6,0.42857142857142855,0.4666666666666667,0.572681256544583,0.21005195743874117,0.8,2,0.00039999999999999996,53.4891,books-t2010-a=5 | books-t2010-b=5
q027,existentialist philosophy and the meaning of life,Torso,StripeLocal,Mixed,Keyword,quota-merge,0.82977748437802,0.8,0.6666666666666666,0.2,0.48610317295944,0.23156357044749576,1,2,0.00039999999999999996,53.482,books-t2010-a=7 | books-t2010-b=3
q027,existentialist philosophy and the meaning of life,Torso,StripeLocal,Mixed,Keyword,global-rrf,0.8053353843901457,0.6,0.42857142857142855,0.37777777777777777,0.4450233363203131,0.21005195743874117,0.8,2,0.00039999999999999996,53.496900000000004,books-t2010-a=5 | books-t2010-b=5
q027,existentialist philosophy and the meaning of life,Torso,StripeLocal,Mixed,Keyword,minmax-norm,0.8176090745469605,0.6,0.42857142857142855,0.4666666666666667,0.4820556927608048,0.21548987556368315,0.8,2,0.00039999999999999996,53.5315,books-t2010-a=5 | books-t2010-b=5
q027,existentialist philosophy and the meaning of life,Torso,StripeLocal,Mixed,Keyword,zscore-norm,0.8176090745469605,0.6,0.42857142857142855,0.4666666666666667,0.4820556927608048,0.21548987556368315,0.8,2,0.00039999999999999996,53.5225,books-t2010-a=5 | books-t2010-b=5
q027,existentialist philosophy and the meaning of life,Torso,StripeLocal,Mixed,Keyword,idf-correct-probe,0.998827255748741,0.9,0.8181818181818182,1,0.8552424799099213,0.26834602793134127,1,10,0.0022166670000000003,397.9012,books-t2010-a=10
q027,existentialist philosophy and the meaning of life,Torso,StripeLocal,Mixed,Keyword,idf-correct-sidecar,0.998827255748741,0.9,0.8181818181818182,1,0.8552424799099213,0.26834602793134127,1,2,0.00039999999999999996,53.5316,books-t2010-a=10
q028,evolutionary biology explained for general readers,Torso,StripeLocal,Conceptual,Keyword,single-index,1,1,1,1,1,0.5194759540724612,1,1,0.000333333,61.0371,books-oracle2=10
q028,evolutionary biology explained for general readers,Torso,StripeLocal,Conceptual,Keyword,naive-score,0.9840448442354425,0.9,0.8181818181818182,0.6444444444444445,0.7650657306788339,0.4867730426326832,0.9,2,0.000583333,54.7479,books-t2010-a=9 | books-t2010-b=1
q028,evolutionary biology explained for general readers,Torso,StripeLocal,Conceptual,Keyword,interleave,0.887709775863898,0.5,0.3333333333333333,0.5111111111111111,0.5311685798415,0.31015269298518083,0.5,2,0.000583333,54.7365,books-t2010-a=5 | books-t2010-b=5
q028,evolutionary biology explained for general readers,Torso,StripeLocal,Conceptual,Keyword,quota-merge,0.8066727436056305,0.7,0.5384615384615384,0.1111111111111111,0.4617997653843767,0.3617764711913756,0.7,2,0.000583333,54.730799999999995,books-t2010-a=7 | books-t2010-b=3
q028,evolutionary biology explained for general readers,Torso,StripeLocal,Conceptual,Keyword,global-rrf,0.7675431695720026,0.5,0.3333333333333333,0.37777777777777777,0.39870291256969353,0.2889596129958344,0.5,2,0.000583333,54.7508,books-t2010-a=5 | books-t2010-b=5
q028,evolutionary biology explained for general readers,Torso,StripeLocal,Conceptual,Keyword,minmax-norm,0.7855720927936811,0.6,0.42857142857142855,0.15555555555555556,0.39695388839532786,0.3199362387242197,0.6,2,0.000583333,54.780499999999996,books-t2010-a=6 | books-t2010-b=4
q028,evolutionary biology explained for general readers,Torso,StripeLocal,Conceptual,Keyword,zscore-norm,0.8429277382188989,0.4,0.25,0.3333333333333333,0.4200161998963754,0.20153233002653154,0.4,2,0.000583333,54.769999999999996,books-t2010-a=4 | books-t2010-b=6
q028,evolutionary biology explained for general readers,Torso,StripeLocal,Conceptual,Keyword,idf-correct-probe,0.9998146430679209,1,1,0.9111111111111111,0.8466976634509897,0.5194759540724612,1,12,0.0026500010000000004,542.6306000000001,books-t2010-a=10
q028,evolutionary biology explained for general readers,Torso,StripeLocal,Conceptual,Keyword,idf-correct-sidecar,0.9998146430679209,1,1,0.9111111111111111,0.8466976634509897,0.5194759540724612,1,2,0.000583333,54.8065,books-t2010-a=10
q029,the history of the Roman empire,Torso,StripeLocal,Lexical,Keyword,single-index,1,1,1,1,1,0.7824816778041492,1,1,0.000366667,61.126,books-oracle2=10
q029,the history of the Roman empire,Torso,StripeLocal,Lexical,Keyword,naive-score,0.9964785003762695,0.9,0.8181818181818182,0.7333333333333333,0.8085818067537378,0.7881690965794057,1,2,0.000366667,55.302299999999995,books-t2010-a=8 | books-t2010-b=2
q029,the history of the Roman empire,Torso,StripeLocal,Lexical,Keyword,interleave,0.9365089490009529,0.6,0.42857142857142855,0.6,0.6080741215213311,0.7862315241751933,0.8,2,0.000366667,55.2891,books-t2010-a=5 | books-t2010-b=5
q029,the history of the Roman empire,Torso,StripeLocal,Lexical,Keyword,quota-merge,0.8605511381337443,0.8,0.6666666666666666,0.28888888888888886,0.5189658068490091,0.596058932407756,0.9,2,0.000366667,55.283199999999994,books-t2010-a=7 | books-t2010-b=3
q029,the history of the Roman empire,Torso,StripeLocal,Lexical,Keyword,global-rrf,0.8308100564218672,0.6,0.42857142857142855,0.37777777777777777,0.4547871315470827,0.5945453515020838,0.8,2,0.000366667,55.297999999999995,books-t2010-a=5 | books-t2010-b=5
q029,the history of the Roman empire,Torso,StripeLocal,Lexical,Keyword,minmax-norm,0.7230482097470131,0.3,0.17647058823529413,0.6444444444444445,0.3019162386061611,0.5294044785931611,0.6,2,0.000366667,55.3362,books-t2010-a=2 | books-t2010-b=8
q029,the history of the Roman empire,Torso,StripeLocal,Lexical,Keyword,zscore-norm,0.9005015258031877,0.5,0.3333333333333333,0.5111111111111111,0.5152459764039942,0.7789617430098068,0.8,2,0.000366667,55.323699999999995,books-t2010-a=4 | books-t2010-b=6
q029,the history of the Roman empire,Torso,StripeLocal,Lexical,Keyword,idf-correct-probe,0.9986175426626245,0.9,0.8181818181818182,0.9555555555555556,0.8453499962730144,0.7824816778041492,1,8,0.001566667,313.56269999999995,books-t2010-a=8 | books-t2010-b=2
q029,the history of the Roman empire,Torso,StripeLocal,Lexical,Keyword,idf-correct-sidecar,0.9986175426626245,0.9,0.8181818181818182,0.9555555555555556,0.8453499962730144,0.7824816778041492,1,2,0.000366667,55.3371,books-t2010-a=8 | books-t2010-b=2
q030,a novel narrated by an unreliable narrator in a decaying southern town,Tail,StripeLocal,Conceptual,Keyword,single-index,1,1,1,1,1,0.2344141794010839,1,1,0.000433333,61.0632,books-oracle2=10
q030,a novel narrated by an unreliable narrator in a decaying southern town,Tail,StripeLocal,Conceptual,Keyword,naive-score,0.9833959262762828,0.9,0.8181818181818182,0.8666666666666667,0.7613638465358316,0.2795749466423211,1,2,0.00045,53.076499999999996,books-t2010-a=4 | books-t2010-b=6
q030,a novel narrated by an unreliable narrator in a decaying southern town,Tail,StripeLocal,Conceptual,Keyword,interleave,0.8644914848921543,0.9,0.8181818181818182,0.28888888888888886,0.5405128329352469,0.3034896512226645,1,2,0.00045,53.0674,books-t2010-a=5 | books-t2010-b=5
q030,a novel narrated by an unreliable narrator in a decaying southern town,Tail,StripeLocal,Conceptual,Keyword,quota-merge,0.9173110130582105,0.7,0.5384615384615384,0.8222222222222222,0.6144345078105592,0.3021164903702378,0.8,2,0.00045,53.061,books-t2010-a=7 | books-t2010-b=3
q030,a novel narrated by an unreliable narrator in a decaying southern town,Tail,StripeLocal,Conceptual,Keyword,global-rrf,0.9617740076407951,0.9,0.8181818181818182,0.4222222222222222,0.6542208585384742,0.30089375686870024,1,2,0.00045,53.0798,books-t2010-a=5 | books-t2010-b=5
q030,a novel narrated by an unreliable narrator in a decaying southern town,Tail,StripeLocal,Conceptual,Keyword,minmax-norm,0.956522194795147,0.9,0.8181818181818182,0.37777777777777777,0.6484672631017092,0.3024761192588302,1,2,0.00045,53.1209,books-t2010-a=4 | books-t2010-b=6
q030,a novel narrated by an unreliable narrator in a decaying southern town,Tail,StripeLocal,Conceptual,Keyword,zscore-norm,0.8658194082743674,0.9,0.8181818181818182,0.3333333333333333,0.5479492156810243,0.3024761192588302,1,2,0.00045,53.1031,books-t2010-a=4 | books-t2010-b=6
q030,a novel narrated by an unreliable narrator in a decaying southern town,Tail,StripeLocal,Conceptual,Keyword,idf-correct-probe,0.9833959262762828,0.9,0.8181818181818182,0.8666666666666667,0.7613638465358316,0.2795749466423211,1,14,0.0029000010000000006,571.0962000000001,books-t2010-a=4 | books-t2010-b=6
q030,a novel narrated by an unreliable narrator in a decaying southern town,Tail,StripeLocal,Conceptual,Keyword,idf-correct-sidecar,0.9831862131901663,0.9,0.8181818181818182,0.8222222222222222,0.751471362898925,0.28151251904653346,1,2,0.00045,53.1429,books-t2010-a=4 | books-t2010-b=6
q031,Regency romance with a reluctant duke,Tail,StripeLocal,Mixed,Keyword,single-index,1,1,1,1,1,0.7964626293911861,1,1,0.000366667,59.3001,books-oracle2=10
q031,Regency romance with a reluctant duke,Tail,StripeLocal,Mixed,Keyword,naive-score,0.9960861684362781,0.9,0.8181818181818182,0.9111111111111111,0.8250985211710635,0.7973135321171155,0.9,2,0.0006833329999999999,55.0843,books-t2010-a=7 | books-t2010-b=3
q031,Regency romance with a reluctant duke,Tail,StripeLocal,Mixed,Keyword,interleave,0.9874881272967403,0.8,0.6666666666666666,0.6888888888888889,0.7704201942929904,0.7729794530269277,0.9,2,0.0006833329999999999,55.0725,books-t2010-a=5 | books-t2010-b=5
q031,Regency romance with a reluctant duke,Tail,StripeLocal,Mixed,Keyword,quota-merge,0.9869682132626452,0.9,0.8181818181818182,0.6444444444444445,0.7501720640181018,0.7603127925807874,0.9,2,0.0006833329999999999,55.065,books-t2010-a=7 | books-t2010-b=3
q031,Regency romance with a reluctant duke,Tail,StripeLocal,Mixed,Keyword,global-rrf,0.980350398745289,0.8,0.6666666666666666,0.5111111111111111,0.7176512517394269,0.7415144692698521,0.9,2,0.0006833329999999999,55.0805,books-t2010-a=5 | books-t2010-b=5
q031,Regency romance with a reluctant duke,Tail,StripeLocal,Mixed,Keyword,minmax-norm,0.9876997749778954,0.9,0.8181818181818182,0.6,0.7479929526688057,0.7596074736296352,0.9,2,0.0006833329999999999,55.1142,books-t2010-a=6 | books-t2010-b=4
q031,Regency romance with a reluctant duke,Tail,StripeLocal,Mixed,Keyword,zscore-norm,0.9339801399772278,0.9,0.8181818181818182,0.6,0.6606648834306631,0.6743906254336829,0.9,2,0.0006833329999999999,55.1049,books-t2010-a=6 | books-t2010-b=4
q031,Regency romance with a reluctant duke,Tail,StripeLocal,Mixed,Keyword,idf-correct-probe,0.9970489199303191,0.9,0.8181818181818182,0.9555555555555556,0.833736840678725,0.7964626293911861,0.9,10,0.002416666,399.1073,books-t2010-a=6 | books-t2010-b=4
q031,Regency romance with a reluctant duke,Tail,StripeLocal,Mixed,Keyword,idf-correct-sidecar,0.9970489199303191,0.9,0.8181818181818182,0.9555555555555556,0.833736840678725,0.7964626293911861,0.9,2,0.0006833329999999999,55.1153,books-t2010-a=6 | books-t2010-b=4
q032,cookbook,Head,StripeLocal,Lexical,Keyword,single-index,1,1,1,1,1,1,1,1,0.000116667,57.0712,books-oracle2=10
q032,cookbook,Head,StripeLocal,Lexical,Keyword,naive-score,0.8913569268999499,1,1,0.7777777777777778,0.6745848948129534,1,1,2,0.000266667,60.9273,books-t2010-a=9 | books-t2010-b=1
q032,cookbook,Head,StripeLocal,Lexical,Keyword,interleave,0.8638045671621141,0.9,0.8181818181818182,0.4666666666666667,0.5647993318586088,0.9052116356304492,0.9,2,0.000266667,60.9166,books-t2010-a=8 | books-t2010-b=2
q032,cookbook,Head,StripeLocal,Lexical,Keyword,quota-merge,0.8230199974360596,0.8,0.7272727272727273,0.3333333333333333,0.540450363134338,0.8263333286520083,0.8888888888888888,2,0.000266667,60.921,books-t2010-a=7 | books-t2010-b=2
q032,cookbook,Head,StripeLocal,Lexical,Keyword,global-rrf,0.8578980214411144,0.9,0.8181818181818182,0.4222222222222222,0.5647993318586088,0.8899541168509599,0.9,2,0.000266667,60.920300000000005,books-t2010-a=8 | books-t2010-b=2
q032,cookbook,Head,StripeLocal,Lexical,Keyword,minmax-norm,0.996086306530931,1,1,0.9111111111111111,0.8225856938329161,1,1,2,0.000266667,60.942,books-t2010-a=9 | books-t2010-b=1
q032,cookbook,Head,StripeLocal,Lexical,Keyword,zscore-norm,0.9966953856821859,1,1,0.8222222222222222,0.8099999975114486,1,1,2,0.000266667,60.9377,books-t2010-a=9 | books-t2010-b=1
q032,cookbook,Head,StripeLocal,Lexical,Keyword,idf-correct-probe,0.997697345165676,1,1,0.9111111111111111,0.827794301263253,1,1,4,0.000666667,147.683,books-t2010-a=9 | books-t2010-b=1
q032,cookbook,Head,StripeLocal,Lexical,Keyword,idf-correct-sidecar,0.997697345165676,1,1,0.9111111111111111,0.827794301263253,1,1,2,0.000266667,60.9354,books-t2010-a=9 | books-t2010-b=1
q033,travel writing about walking across a country,Tail,StripeLocal,Conceptual,Keyword,single-index,1,1,1,1,1,0.5801031069904631,0.9,1,0.000416667,61.0906,books-oracle2=10
q033,travel writing about walking across a country,Tail,StripeLocal,Conceptual,Keyword,naive-score,0.9999426168282078,1,1,0.9555555555555556,0.8543290079708894,0.5850403396485289,0.9,2,0.000416667,54.168099999999995,books-t2010-a=9 | books-t2010-b=1
q033,travel writing about walking across a country,Tail,StripeLocal,Conceptual,Keyword,interleave,0.9094269618503279,0.6,0.42857142857142855,0.5111111111111111,0.5585817448907445,0.4754153752121482,0.7,2,0.000416667,54.1588,books-t2010-a=5 | books-t2010-b=5
q033,travel writing about walking across a country,Tail,StripeLocal,Conceptual,Keyword,quota-merge,0.8473155610931824,0.8,0.6666666666666666,0.3333333333333333,0.516660089200342,0.3239754393314055,0.8,2,0.000416667,54.1513,books-t2010-a=7 | books-t2010-b=3
q033,travel writing about walking across a country,Tail,StripeLocal,Conceptual,Keyword,global-rrf,0.8099024867234152,0.6,0.42857142857142855,0.4222222222222222,0.45325595042252287,0.32241921765432374,0.7,2,0.000416667,54.1671,books-t2010-a=5 | books-t2010-b=5
q033,travel writing about walking across a country,Tail,StripeLocal,Conceptual,Keyword,minmax-norm,0.7595076408102219,0.5,0.3333333333333333,0.3333333333333333,0.35185889999579667,0.3068564475576671,0.6,2,0.000416667,54.1986,books-t2010-a=4 | books-t2010-b=6
q033,travel writing about walking across a country,Tail,StripeLocal,Conceptual,Keyword,zscore-norm,0.8731312479924478,0.5,0.3333333333333333,0.6,0.502335115118301,0.4617568118663224,0.6,2,0.000416667,54.189,books-t2010-a=4 | books-t2010-b=6
q033,travel writing about walking across a country,Tail,StripeLocal,Conceptual,Keyword,idf-correct-probe,0.9994035943179619,1,1,0.8222222222222222,0.8406879796415689,0.5909966587300352,0.9,10,0.0020833350000000004,396.1675,books-t2010-a=9 | books-t2010-b=1
q033,travel writing about walking across a country,Tail,StripeLocal,Conceptual,Keyword,idf-correct-sidecar,0.9994035943179619,1,1,0.8222222222222222,0.8406879796415689,0.5909966587300352,0.9,2,0.000416667,54.205,books-t2010-a=9 | books-t2010-b=1
q034,startup founder building a company from nothing,Torso,StripeLocal,Conceptual,Keyword,single-index,1,1,1,1,1,0.8128236231221232,1,1,0.000366667,62.0208,books-oracle2=10
q034,startup founder building a company from nothing,Torso,StripeLocal,Conceptual,Keyword,naive-score,0.9991328908492664,1,1,0.9111111111111111,0.836054293198977,0.8128236231221232,1,2,0.000666667,55.0942,books-t2010-a=5 | books-t2010-b=5
q034,startup founder building a company from nothing,Torso,StripeLocal,Conceptual,Keyword,interleave,0.9966013594773221,1,1,0.7333333333333333,0.7904656450185349,0.7959562990877761,1,2,0.000666667,55.089,books-t2010-a=5 | books-t2010-b=5
q034,startup founder building a company from nothing,Torso,StripeLocal,Conceptual,Keyword,quota-merge,0.9236961971662405,0.8,0.6666666666666666,0.9111111111111111,0.6699886746210678,0.7686902470025111,0.9,2,0.000666667,55.0705,books-t2010-a=7 | books-t2010-b=3
q034,startup founder building a company from nothing,Torso,StripeLocal,Conceptual,Keyword,global-rrf,0.9430574194181224,1,1,0.7777777777777778,0.7107689203002918,0.7998889992503588,1,2,0.000666667,55.0872,books-t2010-a=5 | books-t2010-b=5
q034,startup founder building a company from nothing,Torso,StripeLocal,Conceptual,Keyword,minmax-norm,0.9368091953026433,0.8,0.6666666666666666,0.7777777777777778,0.6911743290644095,0.8286968391566394,0.9,2,0.000666667,55.115300000000005,books-t2010-a=3 | books-t2010-b=7
q034,startup founder building a company from nothing,Torso,StripeLocal,Conceptual,Keyword,zscore-norm,1,1,1,1,0.8591367550184259,0.8128236231221232,1,2,0.000666667,55.1355,books-t2010-a=5 | books-t2010-b=5
q034,startup founder building a company from nothing,Torso,StripeLocal,Conceptual,Keyword,idf-correct-probe,0.9997902869138835,1,1,0.9555555555555556,0.8492442713815191,0.8128236231221232,1,12,0.0027166680000000006,489.1722,books-t2010-a=5 | books-t2010-b=5
q034,startup founder building a company from nothing,Torso,StripeLocal,Conceptual,Keyword,idf-correct-sidecar,0.9980574769566493,0.9,0.8181818181818182,0.9555555555555556,0.8369230657675014,0.8210909774603486,1,2,0.000666667,55.1255,books-t2010-a=4 | books-t2010-b=6
q035,a marriage falling apart told from both perspectives,Tail,StripeLocal,Conceptual,Keyword,single-index,1,1,1,1,1,0.1613817985593553,1,1,0.000216667,61.6751,books-oracle2=10
q035,a marriage falling apart told from both perspectives,Tail,StripeLocal,Conceptual,Keyword,naive-score,0.9400928235040863,0.8,0.6666666666666666,0.4222222222222222,0.6047280927309182,0.15856024416880052,0.9,2,0.0007333330000000001,53.232899999999994,books-t2010-a=8 | books-t2010-b=2
q035,a marriage falling apart told from both perspectives,Tail,StripeLocal,Conceptual,Keyword,interleave,0.9838842367759861,0.9,0.8181818181818182,0.8222222222222222,0.796187414556809,0.14219670529647047,1,2,0.0007333330000000001,53.222199999999994,books-t2010-a=5 | books-t2010-b=5
q035,a marriage falling apart told from both perspectives,Tail,StripeLocal,Conceptual,Keyword,quota-merge,0.9828235838912711,0.9,0.8181818181818182,0.7777777777777778,0.7550392074997863,0.16020095330108933,0.9,2,0.0007333330000000001,53.2127,books-t2010-a=7 | books-t2010-b=3
q035,a marriage falling apart told from both perspectives,Tail,StripeLocal,Conceptual,Keyword,global-rrf,0.9821289521478848,0.9,0.8181818181818182,0.7777777777777778,0.7690475417532241,0.13950315419906184,1,2,0.0007333330000000001,53.232499999999995,books-t2010-a=5 | books-t2010-b=5
q035,a marriage falling apart told from both perspectives,Tail,StripeLocal,Conceptual,Keyword,minmax-norm,0.9752238544236574,0.8,0.6666666666666666,0.6444444444444445,0.7371640465308295,0.13297664391878236,1,2,0.0007333330000000001,53.259899999999995,books-t2010-a=4 | books-t2010-b=6
q035,a marriage falling apart told from both perspectives,Tail,StripeLocal,Conceptual,Keyword,zscore-norm,0.9798423204467398,0.9,0.8181818181818182,0.7777777777777778,0.7682519557676104,0.13528700593415355,1,2,0.0007333330000000001,53.2547,books-t2010-a=5 | books-t2010-b=5
q035,a marriage falling apart told from both perspectives,Tail,StripeLocal,Conceptual,Keyword,idf-correct-probe,0.987250634195701,1,1,0.5111111111111111,0.7305194703741649,0.16213815147892663,1,12,0.002833335,484.85990000000004,books-t2010-a=6 | books-t2010-b=4
q035,a marriage falling apart told from both perspectives,Tail,StripeLocal,Conceptual,Keyword,idf-correct-sidecar,0.9869544692948833,1,1,0.4666666666666667,0.7305194703741649,0.16213815147892663,1,2,0.0007333330000000001,53.269299999999994,books-t2010-a=6 | books-t2010-b=4
q036,essays on race in America,Torso,StripeLocal,Mixed,Keyword,single-index,1,1,1,1,1,0.06518264816572998,1,1,0.000183333,60.8045,books-oracle2=10
q036,essays on race in America,Torso,StripeLocal,Mixed,Keyword,naive-score,0.981555064181188,1,1,0.6888888888888889,0.7377305403937645,0.06428297105355223,1,2,0.000616666,56.9489,books-t2010-a=8 | books-t2010-b=2
q036,essays on race in America,Torso,StripeLocal,Mixed,Keyword,interleave,0.956724679687582,0.7,0.5384615384615384,0.5555555555555556,0.6589720755527381,0.09929124360428455,1,2,0.000616666,56.938,books-t2010-a=5 | books-t2010-b=5
q036,essays on race in America,Torso,StripeLocal,Mixed,Keyword,quota-merge,0.9740999810334525,0.9,0.8181818181818182,0.5111111111111111,0.697496355827479,0.07711993442390427,1,2,0.000616666,56.9272,books-t2010-a=7 | books-t2010-b=3
q036,essays on race in America,Torso,StripeLocal,Mixed,Keyword,global-rrf,0.954431003845443,0.7,0.5384615384615384,0.4666666666666667,0.646532983985302,0.10023247450573611,1,2,0.000616666,56.9459,books-t2010-a=5 | books-t2010-b=5
q036,essays on race in America,Torso,StripeLocal,Mixed,Keyword,minmax-norm,0.9775030759499089,0.9,0.8181818181818182,0.6444444444444445,0.721029867793706,0.07565250286640375,1,2,0.000616666,56.973,books-t2010-a=7 | books-t2010-b=3
q036,essays on race in America,Torso,StripeLocal,Mixed,Keyword,zscore-norm,0.8400153868610316,0.8,0.6666666666666666,0.3333333333333333,0.5043348358840773,0.047289700831984346,1,2,0.000616666,56.9676,books-t2010-a=6 | books-t2010-b=4
q036,essays on race in America,Torso,StripeLocal,Mixed,Keyword,idf-correct-probe,0.996086306530931,1,1,0.9111111111111111,0.8136774680724213,0.06518264816572998,1,8,0.00185,315.17359999999996,books-t2010-a=8 | books-t2010-b=2
q036,essays on race in America,Torso,StripeLocal,Mixed,Keyword,idf-correct-sidecar,0.996086306530931,1,1,0.9111111111111111,0.8136774680724213,0.06518264816572998,1,2,0.000616666,56.9761,books-t2010-a=8 | books-t2010-b=2
q037,spiritual awakening and mindfulness practice,Torso,StripeLocal,Conceptual,Keyword,single-index,1,1,1,1,1,1,1,1,0.00035,89.1255,books-oracle2=10
q037,spiritual awakening and mindfulness practice,Torso,StripeLocal,Conceptual,Keyword,naive-score,0.999623570476307,1,1,0.9555555555555556,0.8459467768358835,1,1,2,0.0006000000000000001,52.8526,books-t2010-a=10
q037,spiritual awakening and mindfulness practice,Torso,StripeLocal,Conceptual,Keyword,interleave,0.888586249035115,0.5,0.3333333333333333,0.5555555555555556,0.5277911125635693,0.7343849412458523,0.7,2,0.0006000000000000001,52.8387,books-t2010-a=5 | books-t2010-b=5
q037,spiritual awakening and mindfulness practice,Torso,StripeLocal,Conceptual,Keyword,quota-merge,0.8147929086820634,0.7,0.5384615384615384,0.24444444444444444,0.48331450357534345,0.8674369513815813,0.9,2,0.0006000000000000001,52.828700000000005,books-t2010-a=7 | books-t2010-b=3
q037,spiritual awakening and mindfulness practice,Torso,StripeLocal,Conceptual,Keyword,global-rrf,0.7760605797542945,0.5,0.3333333333333333,0.4666666666666667,0.41964172062298455,0.7304522410832696,0.7,2,0.0006000000000000001,52.846900000000005,books-t2010-a=5 | books-t2010-b=5
q037,spiritual awakening and mindfulness practice,Torso,StripeLocal,Conceptual,Keyword,minmax-norm,0.7657769743962851,0.5,0.3333333333333333,0.24444444444444444,0.3781104834266787,0.7089299116406003,0.7,2,0.0006000000000000001,52.9033,books-t2010-a=5 | books-t2010-b=5
q037,spiritual awakening and mindfulness practice,Torso,StripeLocal,Conceptual,Keyword,zscore-norm,0.8967151757744005,0.5,0.3333333333333333,0.3333333333333333,0.523861652186672,0.7089299116406003,0.7,2,0.0006000000000000001,52.8695,books-t2010-a=5 | books-t2010-b=5
q037,spiritual awakening and mindfulness practice,Torso,StripeLocal,Conceptual,Keyword,idf-correct-probe,0.999623570476307,1,1,0.9555555555555556,0.8459467768358835,1,1,10,0.0022500010000000006,403.6764,books-t2010-a=10
q037,spiritual awakening and mindfulness practice,Torso,StripeLocal,Conceptual,Keyword,idf-correct-sidecar,0.999623570476307,1,1,0.9555555555555556,0.8459467768358835,1,1,2,0.0006000000000000001,52.8787,books-t2010-a=10
q038,immigrant family adjusting to a new country,Torso,StripeLocal,Conceptual,Keyword,single-index,1,1,1,1,1,0.4042040793695303,1,1,0.000416667,60.8676,books-oracle2=10
q038,immigrant family adjusting to a new country,Torso,StripeLocal,Conceptual,Keyword,naive-score,0.9877078092204264,0.9,0.8181818181818182,0.8666666666666667,0.7709800299343289,0.41135139879634863,1,2,0.000766667,53.424099999999996,books-t2010-a=8 | books-t2010-b=2
q038,immigrant family adjusting to a new country,Torso,StripeLocal,Conceptual,Keyword,interleave,0.9727487700789923,0.8,0.6666666666666666,0.6888888888888889,0.7146430800160246,0.4260401125801099,0.9,2,0.000766667,53.4139,books-t2010-a=5 | books-t2010-b=5
q038,immigrant family adjusting to a new country,Torso,StripeLocal,Conceptual,Keyword,quota-merge,0.9897218709837148,1,1,0.7333333333333333,0.7648704131973494,0.435582653534587,1,2,0.000766667,53.4039,books-t2010-a=7 | books-t2010-b=3
q038,immigrant family adjusting to a new country,Torso,StripeLocal,Conceptual,Keyword,global-rrf,0.9722255930255597,0.8,0.6666666666666666,0.6444444444444445,0.7098353329684879,0.4256639075436188,0.9,2,0.000766667,53.4212,books-t2010-a=5 | books-t2010-b=5
q038,immigrant family adjusting to a new country,Torso,StripeLocal,Conceptual,Keyword,minmax-norm,0.9702216997125879,0.9,0.8181818181818182,0.4666666666666667,0.6768338144778134,0.4305485932380732,1,2,0.000766667,53.449799999999996,books-t2010-a=6 | books-t2010-b=4
q038,immigrant family adjusting to a new country,Torso,StripeLocal,Conceptual,Keyword,zscore-norm,0.9702216997125879,0.9,0.8181818181818182,0.4666666666666667,0.6768338144778134,0.4305485932380732,1,2,0.000766667,53.4434,books-t2010-a=6 | books-t2010-b=4
q038,immigrant family adjusting to a new country,Torso,StripeLocal,Conceptual,Keyword,idf-correct-probe,0.9921490368040062,1,1,0.8222222222222222,0.7847667886797404,0.42952876685319197,1,8,0.002166668,321.6083,books-t2010-a=7 | books-t2010-b=3
q038,immigrant family adjusting to a new country,Torso,StripeLocal,Conceptual,Keyword,idf-correct-sidecar,0.9877078092204264,0.9,0.8181818181818182,0.8666666666666667,0.7709800299343289,0.41135139879634863,1,2,0.000766667,53.4561,books-t2010-a=8 | books-t2010-b=2
q039,art history and the Renaissance painters,Torso,StripeLocal,Mixed,Keyword,single-index,1,1,1,1,1,0.6291545409698538,1,1,0.000366667,61.068,books-oracle2=10
q039,art history and the Renaissance painters,Torso,StripeLocal,Mixed,Keyword,naive-score,0.9960062161131276,0.9,0.8181818181818182,0.8666666666666667,0.8129155179762831,0.6084182862407405,1,2,0.000366667,53.8891,books-t2010-a=8 | books-t2010-b=2
q039,art history and the Renaissance painters,Torso,StripeLocal,Mixed,Keyword,interleave,0.9521202781413084,0.6,0.42857142857142855,0.6444444444444445,0.6916005548415081,0.5434882915692731,0.8,2,0.000366667,53.878299999999996,books-t2010-a=5 | books-t2010-b=5
q039,art history and the Renaissance painters,Torso,StripeLocal,Mixed,Keyword,quota-merge,0.9770672193817553,0.8,0.6666666666666666,0.4222222222222222,0.73210294175954,0.5869993585140122,0.9,2,0.000366667,53.869,books-t2010-a=7 | books-t2010-b=3
q039,art history and the Renaissance painters,Torso,StripeLocal,Mixed,Keyword,global-rrf,0.9502105361568977,0.6,0.42857142857142855,0.6,0.6784105766589658,0.5386429318387665,0.8,2,0.000366667,53.8887,books-t2010-a=5 | books-t2010-b=5
q039,art history and the Renaissance painters,Torso,StripeLocal,Mixed,Keyword,minmax-norm,0.9761400873167335,0.8,0.6666666666666666,0.6,0.746494306152261,0.577394532504515,0.9,2,0.000366667,53.923899999999996,books-t2010-a=7 | books-t2010-b=3
q039,art history and the Renaissance painters,Torso,StripeLocal,Mixed,Keyword,zscore-norm,0.9160865281939624,0.8,0.6666666666666666,0.3333333333333333,0.6044450215352702,0.5261756771330343,0.9,2,0.000366667,53.9131,books-t2010-a=7 | books-t2010-b=3
q039,art history and the Renaissance painters,Torso,StripeLocal,Mixed,Keyword,idf-correct-probe,0.9981875173907168,1,1,0.8666666666666667,0.8199960181735643,0.6388875248717777,1,8,0.001600001,369.6871,books-t2010-a=9 | books-t2010-b=1
q039,art history and the Renaissance painters,Torso,StripeLocal,Mixed,Keyword,idf-correct-sidecar,0.9981875173907168,1,1,0.8666666666666667,0.8199960181735643,0.6388875248717777,1,2,0.000366667,53.925799999999995,books-t2010-a=9 | books-t2010-b=1
q040,investing personal finance wealth,Torso,StripeLocal,Lexical,Keyword,single-index,1,1,1,1,1,0.8043482217369691,1,1,0.000366667,61.2294,books-oracle2=10
q040,investing personal finance wealth,Torso,StripeLocal,Lexical,Keyword,naive-score,1,1,1,1,0.8591367550184259,0.8043482217369691,1,2,0.00065,55.9945,books-t2010-a=10
q040,investing personal finance wealth,Torso,StripeLocal,Lexical,Keyword,interleave,0.8629669014635099,0.5,0.3333333333333333,0.5,0.525291444135009,0.4920155508430389,0.6,2,0.00065,55.981700000000004,books-t2010-a=5 | books-t2010-b=5
q040,investing personal finance wealth,Torso,StripeLocal,Lexical,Keyword,quota-merge,0.8015922028481539,0.7,0.5384615384615384,0.2,0.44384083167247895,0.5305544532715154,0.8,2,0.00065,55.973600000000005,books-t2010-a=7 | books-t2010-b=3
q040,investing personal finance wealth,Torso,StripeLocal,Lexical,Keyword,global-rrf,0.7346583800765796,0.5,0.3333333333333333,0.2777777777777778,0.3720044541607606,0.3909363077177664,0.6,2,0.00065,55.9915,books-t2010-a=5 | books-t2010-b=5
q040,investing personal finance wealth,Torso,StripeLocal,Lexical,Keyword,minmax-norm,0.7409681533861208,0.5,0.3333333333333333,0.3333333333333333,0.3904532295376176,0.4006794416181747,0.6,2,0.00065,56.019400000000005,books-t2010-a=5 | books-t2010-b=5
q040,investing personal finance wealth,Torso,StripeLocal,Lexical,Keyword,zscore-norm,0.850044314222597,0.5,0.3333333333333333,0.3888888888888889,0.4909712769583026,0.4819087640427003,0.6,2,0.00065,56.0127,books-t2010-a=5 | books-t2010-b=5
q040,investing personal finance wealth,Torso,StripeLocal,Lexical,Keyword,idf-correct-probe,1,1,1,1,0.8591367550184259,0.8043482217369691,1,8,0.0018833340000000002,315.2704,books-t2010-a=10
q040,investing personal finance wealth,Torso,StripeLocal,Lexical,Keyword,idf-correct-sidecar,1,1,1,1,0.8591367550184259,0.8043482217369691,1,2,0.00065,56.0233,books-t2010-a=10
q041,love,Head,CrossStripe,Lexical,Keyword,single-index,1,1,1,1,1,0.9371166382005486,1,1,0.000383333,60.5125,books-oracle2=10
q041,love,Head,CrossStripe,Lexical,Keyword,naive-score,0.8909281946795871,0.6,0.42857142857142855,0.8666666666666667,0.6202139185776985,0.8509904648010511,1,2,0.0007,52.1561,books-t2010-a=10
q041,love,Head,CrossStripe,Lexical,Keyword,interleave,0.9905542051207081,0.9,0.8181818181818182,0.8222222222222222,0.7978778842468274,0.9432106656105237,1,2,0.0007,52.1452,books-t2010-a=5 | books-t2010-b=5
q041,love,Head,CrossStripe,Lexical,Keyword,quota-merge,0.9952477296717516,0.9,0.8181818181818182,0.7333333333333333,0.7865713699100302,0.9404875240541909,1,2,0.0007,52.137,books-t2010-a=7 | books-t2010-b=3
q041,love,Head,CrossStripe,Lexical,Keyword,global-rrf,0.9879276229776098,0.9,0.8181818181818182,0.7333333333333333,0.763106666923343,0.9432106656105237,1,2,0.0007,52.1542,books-t2010-a=5 | books-t2010-b=5
q041,love,Head,CrossStripe,Lexical,Keyword,minmax-norm,0.9530702785343803,0.7,0.5384615384615384,0.5555555555555556,0.6652993673777561,1,1,2,0.0007,52.1796,books-t2010-a=3 | books-t2010-b=7
q041,love,Head,CrossStripe,Lexical,Keyword,zscore-norm,0.9949505722975999,0.9,0.8181818181818182,0.9111111111111111,0.823603726350522,0.9404875240541909,1,2,0.0007,52.1738,books-t2010-a=6 | books-t2010-b=4
q041,love,Head,CrossStripe,Lexical,Keyword,idf-correct-probe,0.6631009326959321,0.4,0.25,0.8666666666666667,0.34502945371222754,0.9305687780632227,0.9,4,0.001133334,138.8932,books-t2010-b=10
q041,love,Head,CrossStripe,Lexical,Keyword,idf-correct-sidecar,0.6631009326959321,0.4,0.25,0.8666666666666667,0.34502945371222754,0.9305687780632227,0.9,2,0.0007,52.173500000000004,books-t2010-b=10
q042,war,Head,CrossStripe,Lexical,Keyword,single-index,1,1,1,1,1,0.94546789582947,1,1,0.00035,60.6418,books-oracle2=10
q042,war,Head,CrossStripe,Lexical,Keyword,naive-score,0.9729103539262036,0.9,0.8181818181818182,0.6444444444444445,0.7003240810558403,0.9305687780632227,0.9,2,0.000516667,52.821799999999996,books-t2010-a=7 | books-t2010-b=3
q042,war,Head,CrossStripe,Lexical,Keyword,interleave,0.9587851866757017,0.7,0.5384615384615384,0.6,0.6603296538062495,0.8579809428223729,0.8,2,0.000516667,52.8229,books-t2010-a=5 | books-t2010-b=5
q042,war,Head,CrossStripe,Lexical,Keyword,quota-merge,0.9681837739300057,0.9,0.8181818181818182,0.4666666666666667,0.6696102747164918,0.9148568823583789,0.9,2,0.000516667,52.8038,books-t2010-a=7 | books-t2010-b=3
q042,war,Head,CrossStripe,Lexical,Keyword,global-rrf,0.9468472462731233,0.7,0.5384615384615384,0.4666666666666667,0.6151920557725858,0.8486026589039899,0.8,2,0.000516667,52.8254,books-t2010-a=5 | books-t2010-b=5
q042,war,Head,CrossStripe,Lexical,Keyword,minmax-norm,0.9016764250313662,0.5,0.3333333333333333,0.7333333333333333,0.5398267662394,0.7155506487682609,0.6,2,0.000516667,52.8527,books-t2010-a=3 | books-t2010-b=7
q042,war,Head,CrossStripe,Lexical,Keyword,zscore-norm,0.9703644887994332,0.7,0.5384615384615384,0.7333333333333333,0.7115724589549786,0.8579809428223729,0.8,2,0.000516667,52.8523,books-t2010-a=5 | books-t2010-b=5
q042,war,Head,CrossStripe,Lexical,Keyword,idf-correct-probe,0.998827255748741,0.9,0.8181818181818182,1,0.8552424799099213,1,1,2,0.000516667,52.847,books-t2010-a=8 | books-t2010-b=2
q042,war,Head,CrossStripe,Lexical,Keyword,idf-correct-sidecar,0.998827255748741,0.9,0.8181818181818182,1,0.8552424799099213,1,1,2,0.000516667,52.8523,books-t2010-a=8 | books-t2010-b=2
q043,family,Head,CrossStripe,Lexical,Keyword,single-index,1,1,1,1,1,0.9621404437403491,1,1,0.000216667,61.3958,books-oracle2=10
q043,family,Head,CrossStripe,Lexical,Keyword,naive-score,0.8517845339937791,0.8,0.6666666666666666,0.6888888888888889,0.5613220074393552,1,1,2,0.0007333330000000001,53.885999999999996,books-t2010-a=8 | books-t2010-b=2
q043,family,Head,CrossStripe,Lexical,Keyword,interleave,0.8988822435431044,0.8,0.6666666666666666,0.7777777777777778,0.6304199184181131,0.9305687780632227,0.9,2,0.0007333330000000001,53.8709,books-t2010-a=5 | books-t2010-b=5
q043,family,Head,CrossStripe,Lexical,Keyword,quota-merge,0.98807294628474,0.8,0.6666666666666666,0.9111111111111111,0.7882286276888882,1,1,2,0.0007333330000000001,53.861399999999996,books-t2010-a=7 | books-t2010-b=3
q043,family,Head,CrossStripe,Lexical,Keyword,global-rrf,0.9775778092939778,0.8,0.6666666666666666,0.8222222222222222,0.7504464941224835,0.92663607790064,0.9,2,0.0007333330000000001,53.8871,books-t2010-a=5 | books-t2010-b=5
q043,family,Head,CrossStripe,Lexical,Keyword,minmax-norm,0.9411671393196839,0.6,0.42857142857142855,0.8222222222222222,0.6575601506788555,0.8011916084328966,0.8,2,0.0007333330000000001,53.907399999999996,books-t2010-a=3 | books-t2010-b=7
q043,family,Head,CrossStripe,Lexical,Keyword,zscore-norm,0.8541073055667052,0.7,0.5384615384615384,0.6888888888888889,0.5437625991495607,0.87210397373011,0.9,2,0.0007333330000000001,53.9053,books-t2010-a=4 | books-t2010-b=6
q043,family,Head,CrossStripe,Lexical,Keyword,idf-correct-probe,0.8306682217802799,0.3,0.17647058823529413,0.9111111111111111,0.4742258407549065,0.6289637518724868,0.6,2,0.0007333330000000001,53.9717,books-t2010-b=10
q043,family,Head,CrossStripe,Lexical,Keyword,idf-correct-sidecar,0.8306682217802799,0.3,0.17647058823529413,0.9111111111111111,0.4742258407549065,0.6289637518724868,0.6,2,0.0007333330000000001,53.909299999999995,books-t2010-b=10
q044,death,Head,CrossStripe,Lexical,Keyword,single-index,1,1,1,1,1,0.7283513076812134,0.9,1,0.000333333,60.3776,books-oracle2=10
q044,death,Head,CrossStripe,Lexical,Keyword,naive-score,0.9676683561530601,0.9,0.8181818181818182,0.5555555555555556,0.7572268949000648,0.6298004872087444,0.8,2,0.000333333,51.662,books-t2010-a=6 | books-t2010-b=4
q044,death,Head,CrossStripe,Lexical,Keyword,interleave,0.8383796664448006,0.8,0.6666666666666666,0.5111111111111111,0.5517443861373204,0.70198406474365,0.9,2,0.000333333,51.6581,books-t2010-a=5 | books-t2010-b=5
q044,death,Head,CrossStripe,Lexical,Keyword,quota-merge,0.8544589333523199,0.9,0.8181818181818182,0.5111111111111111,0.5921746891152558,0.7051610632260383,0.9,2,0.000333333,51.6348,books-t2010-a=7 | books-t2010-b=3
q044,death,Head,CrossStripe,Lexical,Keyword,global-rrf,0.8383796664448006,0.8,0.6666666666666666,0.5111111111111111,0.5517443861373204,0.70198406474365,0.9,2,0.000333333,51.6511,books-t2010-a=5 | books-t2010-b=5
q044,death,Head,CrossStripe,Lexical,Keyword,minmax-norm,0.6028150563229459,0.7,0.5384615384615384,0.4666666666666667,0.3314540769996955,0.6285864438730866,0.9,2,0.000333333,51.6749,books-t2010-a=10
q044,death,Head,CrossStripe,Lexical,Keyword,zscore-norm,0.950995560523539,0.8,0.6666666666666666,0.4222222222222222,0.702612718788278,0.6755196274591604,0.8,2,0.000333333,51.687599999999996,books-t2010-a=5 | books-t2010-b=5
q044,death,Head,CrossStripe,Lexical,Keyword,idf-correct-probe,0.9676683561530601,0.9,0.8181818181818182,0.5555555555555556,0.7572268949000648,0.6298004872087444,0.8,4,0.0007333330000000001,138.8866,books-t2010-a=6 | books-t2010-b=4
q044,death,Head,CrossStripe,Lexical,Keyword,idf-correct-sidecar,0.9676683561530601,0.9,0.8181818181818182,0.5555555555555556,0.7572268949000648,0.6298004872087444,0.8,2,0.000333333,51.6676,books-t2010-a=6 | books-t2010-b=4
q045,friendship,Head,CrossStripe,Lexical,Keyword,single-index,1,1,1,1,1,0.4608083674976965,0.9,1,0.00035,60.2771,books-oracle2=10
q045,friendship,Head,CrossStripe,Lexical,Keyword,naive-score,0.9661492371484415,0.6,0.42857142857142855,0.8666666666666667,0.7411737613632859,0.6189610406106674,1,2,0.00035,53.1444,books-t2010-a=9 | books-t2010-b=1
q045,friendship,Head,CrossStripe,Lexical,Keyword,interleave,0.9358472926437987,0.6,0.42857142857142855,0.6888888888888889,0.621895701758889,0.5290773975998441,0.8,2,0.00035,53.1341,books-t2010-a=5 | books-t2010-b=5
q045,friendship,Head,CrossStripe,Lexical,Keyword,quota-merge,0.8520105042573993,0.6,0.42857142857142855,0.5111111111111111,0.5076511855313928,0.6856915800046265,1,2,0.00035,53.120599999999996,books-t2010-a=7 | books-t2010-b=3
q045,friendship,Head,CrossStripe,Lexical,Keyword,global-rrf,0.8391611700383439,0.6,0.42857142857142855,0.5555555555555556,0.4810478033520768,0.5904991261285484,0.8,2,0.00035,53.1447,books-t2010-a=5 | books-t2010-b=5
q045,friendship,Head,CrossStripe,Lexical,Keyword,minmax-norm,0.8202181672153243,0.6,0.42857142857142855,0.6111111111111112,0.5056119360936034,0.5574836650323677,0.8,2,0.00035,53.1707,books-t2010-a=4 | books-t2010-b=6
q045,friendship,Head,CrossStripe,Lexical,Keyword,zscore-norm,0.8537098793255888,0.7,0.5384615384615384,0.5555555555555556,0.5299503152598083,0.5574836650323677,0.8,2,0.00035,53.1658,books-t2010-a=5 | books-t2010-b=5
q045,friendship,Head,CrossStripe,Lexical,Keyword,idf-correct-probe,0.9550793744988623,0.7,0.5384615384615384,0.8666666666666667,0.7395648469721556,0.483275595219501,0.8,4,0.00075,138.7843,books-t2010-a=5 | books-t2010-b=5
q045,friendship,Head,CrossStripe,Lexical,Keyword,idf-correct-sidecar,0.9669190159405331,0.6,0.42857142857142855,0.9111111111111111,0.7594931755057057,0.6189610406106674,1,2,0.00035,53.1708,books-t2010-a=9 | books-t2010-b=1
q046,coming of age story about a teenager finding their identity,Torso,CrossStripe,Conceptual,Keyword,single-index,1,1,1,1,1,0.5648732390871197,1,1,0.000433333,61.2852,books-oracle2=10
q046,coming of age story about a teenager finding their identity,Torso,CrossStripe,Conceptual,Keyword,naive-score,0.9428852410016502,0.9,0.8181818181818182,0.7777777777777778,0.7179562429699595,0.567263745690679,1,2,0.0008,54.3841,books-t2010-a=7 | books-t2010-b=3
q046,coming of age story about a teenager finding their identity,Torso,CrossStripe,Conceptual,Keyword,interleave,0.9405367967523132,0.9,0.8181818181818182,0.8666666666666667,0.7281996572083549,0.633285039775501,1,2,0.0008,54.3732,books-t2010-a=5 | books-t2010-b=5
q046,coming of age story about a teenager finding their identity,Torso,CrossStripe,Conceptual,Keyword,quota-merge,0.9960339212873764,0.9,0.8181818181818182,0.8666666666666667,0.8050201452868875,0.5689579159390965,1,2,0.0008,54.36,books-t2010-a=7 | books-t2010-b=3
q046,coming of age story about a teenager finding their identity,Torso,CrossStripe,Conceptual,Keyword,global-rrf,0.9922963956382272,0.9,0.8181818181818182,0.7777777777777778,0.7835801065953759,0.6352121393934855,1,2,0.0008,54.379,books-t2010-a=5 | books-t2010-b=5
q046,coming of age story about a teenager finding their identity,Torso,CrossStripe,Conceptual,Keyword,minmax-norm,0.9997898725962474,1,1,0.9111111111111111,0.8483193241614684,0.5675066743425571,1,2,0.0008,54.4046,books-t2010-a=6 | books-t2010-b=4
q046,coming of age story about a teenager finding their identity,Torso,CrossStripe,Conceptual,Keyword,zscore-norm,0.99320708622306,0.9,0.8181818181818182,0.8666666666666667,0.8015778318254548,0.633285039775501,1,2,0.0008,54.3991,books-t2010-a=5 | books-t2010-b=5
q046,coming of age story about a teenager finding their identity,Torso,CrossStripe,Conceptual,Keyword,idf-correct-probe,0.9997898725962474,1,1,0.9111111111111111,0.8483193241614684,0.5675066743425571,1,14,0.0033000020000000002,572.8202,books-t2010-a=6 | books-t2010-b=4
q046,coming of age story about a teenager finding their identity,Torso,CrossStripe,Conceptual,Keyword,idf-correct-sidecar,0.9452181282865431,1,1,0.8666666666666667,0.7461796160303048,0.5697539315783186,1,2,0.0008,54.416199999999996,books-t2010-a=6 | books-t2010-b=4
q047,a story about losing someone you love and learning to go on,Torso,CrossStripe,Conceptual,Keyword,single-index,1,1,1,1,1,0.1732200866986228,1,1,0.000433333,63.0294,books-oracle2=10
q047,a story about losing someone you love and learning to go on,Torso,CrossStripe,Conceptual,Keyword,naive-score,0.900848576854215,0.9,0.8181818181818182,0.7777777777777778,0.6655241849282463,0.2143106322314568,1,2,0.0008,55.212399999999995,books-t2010-a=8 | books-t2010-b=2
q047,a story about losing someone you love and learning to go on,Torso,CrossStripe,Conceptual,Keyword,interleave,0.9304728129435854,0.8,0.6666666666666666,0.6888888888888889,0.6604459168907745,0.1452673910701238,0.9,2,0.0008,55.201899999999995,books-t2010-a=5 | books-t2010-b=5
q047,a story about losing someone you love and learning to go on,Torso,CrossStripe,Conceptual,Keyword,quota-merge,0.9366079552437283,1,1,0.6,0.6617356998185235,0.20888817926907552,1,2,0.0008,55.1917,books-t2010-a=7 | books-t2010-b=3
q047,a story about losing someone you love and learning to go on,Torso,CrossStripe,Conceptual,Keyword,global-rrf,0.9253324490924004,0.8,0.6666666666666666,0.6,0.6284982970396529,0.1452673910701238,0.9,2,0.0008,55.2099,books-t2010-a=5 | books-t2010-b=5
q047,a story about losing someone you love and learning to go on,Torso,CrossStripe,Conceptual,Keyword,minmax-norm,0.9419199367500474,0.9,0.8181818181818182,0.8666666666666667,0.7268342236222506,0.1428738274454237,1,2,0.0008,55.2377,books-t2010-a=6 | books-t2010-b=4
q047,a story about losing someone you love and learning to go on,Torso,CrossStripe,Conceptual,Keyword,zscore-norm,0.9926542381222951,0.9,0.8181818181818182,0.6444444444444445,0.7746819140773312,0.1104548243167557,1,2,0.0008,55.2331,books-t2010-a=6 | books-t2010-b=4
q047,a story about losing someone you love and learning to go on,Torso,CrossStripe,Conceptual,Keyword,idf-correct-probe,0.9451937721325059,1,1,0.9111111111111111,0.7487262239608342,0.20875184586332166,1,8,0.0021833340000000003,313.8104,books-t2010-a=7 | books-t2010-b=3
q047,a story about losing someone you love and learning to go on,Torso,CrossStripe,Conceptual,Keyword,idf-correct-sidecar,0.9990755076774742,1,1,0.8666666666666667,0.8312465461514404,0.17168204889100727,1,2,0.0008,55.252199999999995,books-t2010-a=7 | books-t2010-b=3
q048,World War II,Head,CrossStripe,Lexical,Keyword,single-index,1,1,1,1,1,0.7511000364550411,1,1,0.0004,60.7896,books-oracle2=10
q048,World War II,Head,CrossStripe,Lexical,Keyword,naive-score,0.9450270556949292,1,1,0.9111111111111111,0.7454287294151986,0.7046832807838835,1,2,0.0007333330000000001,52.3312,books-t2010-a=5 | books-t2010-b=5
q048,World War II,Head,CrossStripe,Lexical,Keyword,interleave,0.9995585163187564,1,1,0.8666666666666667,0.8406879796415689,0.7446771504048187,1,2,0.0007333330000000001,52.3205,books-t2010-a=5 | books-t2010-b=5
q048,World War II,Head,CrossStripe,Lexical,Keyword,quota-merge,0.9871232455627783,0.8,0.6666666666666666,0.9555555555555556,0.8057057952962835,0.7142340998371656,1,2,0.0007333330000000001,52.3112,books-t2010-a=7 | books-t2010-b=3
q048,World War II,Head,CrossStripe,Lexical,Keyword,global-rrf,0.9994134430725544,1,1,0.8666666666666667,0.8351293459789262,0.7486098505674015,1,2,0.0007333330000000001,52.3278,books-t2010-a=5 | books-t2010-b=5
q048,World War II,Head,CrossStripe,Lexical,Keyword,minmax-norm,0.999623570476307,1,1,0.9555555555555556,0.8459467768358835,0.7511000364550411,1,2,0.0007333330000000001,52.3558,books-t2010-a=5 | books-t2010-b=5
q048,World War II,Head,CrossStripe,Lexical,Keyword,zscore-norm,0.999623570476307,1,1,0.9555555555555556,0.8459467768358835,0.7511000364550411,1,2,0.0007333330000000001,52.3494,books-t2010-a=5 | books-t2010-b=5
q048,World War II,Head,CrossStripe,Lexical,Keyword,idf-correct-probe,1,1,1,1,0.8591367550184259,0.7511000364550411,1,6,0.001533333,225.86610000000002,books-t2010-a=5 | books-t2010-b=5
q048,World War II,Head,CrossStripe,Lexical,Keyword,idf-correct-sidecar,0.9454034852186222,1,1,0.9555555555555556,0.7586187075977409,0.7046832807838835,1,2,0.0007333330000000001,52.3607,books-t2010-a=5 | books-t2010-b=5
q049,survival against impossible odds in a hostile environment,Torso,CrossStripe,Conceptual,Keyword,single-index,1,1,1,1,1,0.17344344279259388,1,1,0.000383333,60.8448,books-oracle2=10
q049,survival against impossible odds in a hostile environment,Torso,CrossStripe,Conceptual,Keyword,naive-score,0.9979902579993889,1,1,0.9111111111111111,0.8259871984054201,0.17344344279259388,1,2,0.000383333,53.997299999999996,books-t2010-a=6 | books-t2010-b=4
q049,survival against impossible odds in a hostile environment,Torso,CrossStripe,Conceptual,Keyword,interleave,0.9866219516826508,0.9,0.8181818181818182,0.5555555555555556,0.7374426261226176,0.1652101397284469,1,2,0.000383333,53.986399999999996,books-t2010-a=5 | books-t2010-b=5
q049,survival against impossible odds in a hostile environment,Torso,CrossStripe,Conceptual,Keyword,quota-merge,0.9795251466985035,0.9,0.8181818181818182,0.6888888888888889,0.7268200182880639,0.2193660388624859,1,2,0.000383333,53.976299999999995,books-t2010-a=7 | books-t2010-b=3
q049,survival against impossible odds in a hostile environment,Torso,CrossStripe,Conceptual,Keyword,global-rrf,0.9862514038773782,0.9,0.8181818181818182,0.5111111111111111,0.732634879075081,0.16483393469195584,1,2,0.000383333,54.009899999999995,books-t2010-a=5 | books-t2010-b=5
q049,survival against impossible odds in a hostile environment,Torso,CrossStripe,Conceptual,Keyword,minmax-norm,0.9890765448280567,0.9,0.8181818181818182,0.6444444444444445,0.7557620402650373,0.1652101397284469,1,2,0.000383333,54.025,books-t2010-a=5 | books-t2010-b=5
q049,survival against impossible odds in a hostile environment,Torso,CrossStripe,Conceptual,Keyword,zscore-norm,0.9151116081937668,0.9,0.8181818181818182,0.6,0.6552439928443526,0.1652101397284469,1,2,0.000383333,54.017599999999995,books-t2010-a=5 | books-t2010-b=5
q049,survival against impossible odds in a hostile environment,Torso,CrossStripe,Conceptual,Keyword,idf-correct-probe,0.9999164833100198,1,1,0.9555555555555556,0.853127071209005,0.17344344279259388,1,10,0.002,398.7879,books-t2010-a=6 | books-t2010-b=4
q049,survival against impossible odds in a hostile environment,Torso,CrossStripe,Conceptual,Keyword,idf-correct-sidecar,0.9987437390587608,0.9,0.8181818181818182,0.9555555555555556,0.8492327961005004,0.17344344279259388,1,2,0.000383333,54.0321,books-t2010-a=5 | books-t2010-b=5
q050,revenge,Head,CrossStripe,Lexical,Keyword,single-index,1,1,1,1,1,0.6767777191071676,1,1,0.0003,60.5729,books-oracle2=10
q050,revenge,Head,CrossStripe,Lexical,Keyword,naive-score,1,1,1,1,0.8591367550184259,0.6767777191071676,1,2,0.000283333,54.6185,books-t2010-a=6 | books-t2010-b=4
q050,revenge,Head,CrossStripe,Lexical,Keyword,interleave,0.9790164878986867,0.9,0.8181818181818182,0.8666666666666667,0.7657391895221718,0.649028353639576,0.9,2,0.000283333,54.6044,books-t2010-a=5 | books-t2010-b=5
q050,revenge,Head,CrossStripe,Lexical,Keyword,quota-merge,0.9179912621143013,0.9,0.8181818181818182,0.9111111111111111,0.709491311149928,0.586628305222451,0.9,2,0.000283333,54.5937,books-t2010-a=7 | books-t2010-b=3
q050,revenge,Head,CrossStripe,Lexical,Keyword,global-rrf,0.9044818292652175,0.9,0.8181818181818182,0.7777777777777778,0.6659720287165929,0.6072132207857771,0.9,2,0.000283333,54.6147,books-t2010-a=5 | books-t2010-b=5
q050,revenge,Head,CrossStripe,Lexical,Keyword,minmax-norm,0.9191640063655604,1,1,0.9111111111111111,0.7133855862584327,0.613894357307716,1,2,0.000283333,54.6415,books-t2010-a=6 | books-t2010-b=4
q050,revenge,Head,CrossStripe,Lexical,Keyword,zscore-norm,1,1,1,1,0.8591367550184259,0.6767777191071676,1,2,0.000283333,54.6386,books-t2010-a=6 | books-t2010-b=4
q050,revenge,Head,CrossStripe,Lexical,Keyword,idf-correct-probe,1,1,1,1,0.8591367550184259,0.6767777191071676,1,4,0.0006833329999999999,140.991,books-t2010-a=6 | books-t2010-b=4
q050,revenge,Head,CrossStripe,Lexical,Keyword,idf-correct-sidecar,1,1,1,1,0.8591367550184259,0.6767777191071676,1,2,0.000283333,54.6275,books-t2010-a=6 | books-t2010-b=4
q051,betrayal by someone you trusted completely,Torso,CrossStripe,Conceptual,Keyword,single-index,1,1,1,1,1,0.24093945340345765,1,1,0.000366667,60.8325,books-oracle2=10
q051,betrayal by someone you trusted completely,Torso,CrossStripe,Conceptual,Keyword,naive-score,0.8720594702946287,0.9,0.8181818181818182,0.28888888888888886,0.538560560109962,0.24658868369326714,1,2,0.000366666,52.6707,books-t2010-a=7 | books-t2010-b=3
q051,betrayal by someone you trusted completely,Torso,CrossStripe,Conceptual,Keyword,interleave,0.9267077735423083,0.9,0.8181818181818182,0.5555555555555556,0.6513577050756068,0.22688199567674036,1,2,0.000366666,52.657599999999995,books-t2010-a=5 | books-t2010-b=5
q051,betrayal by someone you trusted completely,Torso,CrossStripe,Conceptual,Keyword,quota-merge,0.9166492265714365,0.9,0.8181818181818182,0.6,0.6427193855679454,0.24199782405190878,1,2,0.000366666,52.6481,books-t2010-a=7 | books-t2010-b=3
q051,betrayal by someone you trusted completely,Torso,CrossStripe,Conceptual,Keyword,global-rrf,0.9267077735423083,0.9,0.8181818181818182,0.5555555555555556,0.6513577050756068,0.22688199567674036,1,2,0.000366666,52.6652,books-t2010-a=5 | books-t2010-b=5
q051,betrayal by someone you trusted completely,Torso,CrossStripe,Conceptual,Keyword,minmax-norm,0.9254971689246031,1,1,0.2,0.6033953009816988,0.23529621300258247,1,2,0.000366666,52.6917,books-t2010-a=6 | books-t2010-b=4
q051,betrayal by someone you trusted completely,Torso,CrossStripe,Conceptual,Keyword,zscore-norm,0.9843408781450542,0.9,0.8181818181818182,0.6,0.7458660686868709,0.23046732468534992,1,2,0.000366666,52.6868,books-t2010-a=5 | books-t2010-b=5
q051,betrayal by someone you trusted completely,Torso,CrossStripe,Conceptual,Keyword,idf-correct-probe,0.9676681024805632,0.9,0.8181818181818182,0.5111111111111111,0.7061915810102055,0.2361987956887989,1,8,0.0015999999999999999,313.42589999999996,books-t2010-a=5 | books-t2010-b=5
q051,betrayal by someone you trusted completely,Torso,CrossStripe,Conceptual,Keyword,idf-correct-sidecar,0.9738317991679952,0.9,0.8181818181818182,0.5555555555555556,0.7006329473475627,0.22582157170872746,1,2,0.000366666,52.7073,books-t2010-a=5 | books-t2010-b=5
q052,an orphan raised by strangers who discovers the truth about their parents,Tail,CrossStripe,Conceptual,Keyword,single-index,1,1,1,1,1,0.19174418815571395,1,1,0.000433333,61.5911,books-oracle2=10
q052,an orphan raised by strangers who discovers the truth about their parents,Tail,CrossStripe,Conceptual,Keyword,naive-score,0.9887412901767798,0.8,0.6666666666666666,0.8222222222222222,0.7823144671851118,0.2442683322280132,1,2,0.0008,55.372,books-t2010-a=5 | books-t2010-b=5
q052,an orphan raised by strangers who discovers the truth about their parents,Tail,CrossStripe,Conceptual,Keyword,interleave,0.8771717908726002,0.8,0.6666666666666666,0.37777777777777777,0.5419414297629085,0.27993657689450274,1,2,0.0008,55.3579,books-t2010-a=5 | books-t2010-b=5
q052,an orphan raised by strangers who discovers the truth about their parents,Tail,CrossStripe,Conceptual,Keyword,quota-merge,0.9318735957604438,0.6,0.42857142857142855,0.7777777777777778,0.6106474538223803,0.2823390295946691,0.9,2,0.0008,55.357499999999995,books-t2010-a=7 | books-t2010-b=3
q052,an orphan raised by strangers who discovers the truth about their parents,Tail,CrossStripe,Conceptual,Keyword,global-rrf,0.9645360826842716,0.8,0.6666666666666666,0.5111111111111111,0.6632807998860352,0.2532684899466332,1,2,0.0008,55.3681,books-t2010-a=5 | books-t2010-b=5
q052,an orphan raised by strangers who discovers the truth about their parents,Tail,CrossStripe,Conceptual,Keyword,minmax-norm,0.9657196892608889,0.8,0.6666666666666666,0.6,0.6740982307429926,0.25033257872542236,1,2,0.0008,55.396699999999996,books-t2010-a=5 | books-t2010-b=5
q052,an orphan raised by strangers who discovers the truth about their parents,Tail,CrossStripe,Conceptual,Keyword,zscore-norm,0.8814997446478543,0.8,0.6666666666666666,0.5555555555555556,0.5735801833223078,0.26484889315010335,1,2,0.0008,55.390499999999996,books-t2010-a=5 | books-t2010-b=5
q052,an orphan raised by strangers who discovers the truth about their parents,Tail,CrossStripe,Conceptual,Keyword,idf-correct-probe,0.9946220214060698,0.9,0.8181818181818182,0.8666666666666667,0.8213425872335146,0.27649446586366466,1,12,0.002900002,490.7935,books-t2010-a=4 | books-t2010-b=6
q052,an orphan raised by strangers who discovers the truth about their parents,Tail,CrossStripe,Conceptual,Keyword,idf-correct-sidecar,0.9988535359035333,1,1,0.7777777777777778,0.8252368623420195,0.19690774317370396,1,2,0.0008,55.4085,books-t2010-a=3 | books-t2010-b=7
q053,political corruption and the abuse of power,Torso,CrossStripe,Mixed,Keyword,single-index,1,1,1,1,1,0.5848276962738509,0.9,1,0.0004,89.648,books-oracle2=10
q053,political corruption and the abuse of power,Torso,CrossStripe,Mixed,Keyword,naive-score,0.9837604950722917,0.9,0.8181818181818182,0.9111111111111111,0.8105250176248388,0.6450776228178651,0.9,2,0.00075,55.273199999999996,books-t2010-a=6 | books-t2010-b=4
q053,political corruption and the abuse of power,Torso,CrossStripe,Mixed,Keyword,interleave,0.976578739471273,0.9,0.8181818181818182,0.8222222222222222,0.7884175091443331,0.5949241737944936,0.8,2,0.00075,55.2589,books-t2010-a=5 | books-t2010-b=5
q053,political corruption and the abuse of power,Torso,CrossStripe,Mixed,Keyword,quota-merge,0.9741528227333949,0.8,0.6666666666666666,0.8222222222222222,0.761042094335892,0.7192397305367203,0.9,2,0.00075,55.2509,books-t2010-a=7 | books-t2010-b=3
q053,political corruption and the abuse of power,Torso,CrossStripe,Mixed,Keyword,global-rrf,0.9746525141606422,0.9,0.8181818181818182,0.7777777777777778,0.7612776363407481,0.5992834648743477,0.8,2,0.00075,55.2669,books-t2010-a=5 | books-t2010-b=5
q053,political corruption and the abuse of power,Torso,CrossStripe,Mixed,Keyword,minmax-norm,0.9313837256287303,0.6,0.42857142857142855,0.6,0.6344269680068455,0.5024840368889337,0.8,2,0.00075,55.3223,books-t2010-a=2 | books-t2010-b=8
q053,political corruption and the abuse of power,Torso,CrossStripe,Mixed,Keyword,zscore-norm,0.9493106310237721,0.7,0.5384615384615384,0.6,0.6812751197658153,0.5647926750292245,0.9,2,0.00075,55.2883,books-t2010-a=3 | books-t2010-b=7
q053,political corruption and the abuse of power,Torso,CrossStripe,Mixed,Keyword,idf-correct-probe,0.9818342697616609,0.9,0.8181818181818182,0.8666666666666667,0.7833851448212537,0.6494369138977191,0.9,10,0.0023500000000000005,399.36749999999995,books-t2010-a=6 | books-t2010-b=4
q053,political corruption and the abuse of power,Torso,CrossStripe,Mixed,Keyword,idf-correct-sidecar,0.9818342697616609,0.9,0.8181818181818182,0.8666666666666667,0.7833851448212537,0.6494369138977191,0.9,2,0.00075,55.3106,books-t2010-a=6 | books-t2010-b=4
q054,isolation and loneliness,Torso,CrossStripe,Conceptual,Keyword,single-index,1,1,1,1,1,0.9513467899190737,1,1,0.000333333,61.0444,books-oracle2=10
q054,isolation and loneliness,Torso,CrossStripe,Conceptual,Keyword,naive-score,0.8958247935216976,0.4,0.25,0.3333333333333333,0.5738511465237333,0.8785021462446923,0.9,2,0.000333333,53.0353,books-t2010-a=4 | books-t2010-b=6
q054,isolation and loneliness,Torso,CrossStripe,Conceptual,Keyword,interleave,0.856867032282436,0.7,0.5384615384615384,0.6,0.5407411444935002,0.9363792118010483,0.9,2,0.000333333,53.0227,books-t2010-a=5 | books-t2010-b=5
q054,isolation and loneliness,Torso,CrossStripe,Conceptual,Keyword,quota-merge,0.9273707605909624,0.8,0.6666666666666666,0.4222222222222222,0.6571609313370569,0.9636452638863133,1,2,0.000333333,53.0141,books-t2010-a=7 | books-t2010-b=3
q054,isolation and loneliness,Torso,CrossStripe,Conceptual,Keyword,global-rrf,0.910452702750094,0.7,0.5384615384615384,0.6444444444444445,0.6412591919141851,0.9363792118010483,0.9,2,0.000333333,53.0316,books-t2010-a=5 | books-t2010-b=5
q054,isolation and loneliness,Torso,CrossStripe,Conceptual,Keyword,minmax-norm,0.8958247935216976,0.4,0.25,0.3333333333333333,0.5738511465237333,0.8785021462446923,0.9,2,0.000333333,53.0535,books-t2010-a=4 | books-t2010-b=6
q054,isolation and loneliness,Torso,CrossStripe,Conceptual,Keyword,zscore-norm,0.8958247935216976,0.4,0.25,0.3333333333333333,0.5738511465237333,0.8785021462446923,0.9,2,0.000333333,53.048,books-t2010-a=4 | books-t2010-b=6
q054,isolation and loneliness,Torso,CrossStripe,Conceptual,Keyword,idf-correct-probe,0.8958247935216976,0.4,0.25,0.3333333333333333,0.5738511465237333,0.8785021462446923,0.9,6,0.001133333,263.7103,books-t2010-a=4 | books-t2010-b=6
q054,isolation and loneliness,Torso,CrossStripe,Conceptual,Keyword,idf-correct-sidecar,0.8958247935216976,0.4,0.25,0.3333333333333333,0.5738511465237333,0.8785021462446923,0.9,2,0.000333333,53.0577,books-t2010-a=4 | books-t2010-b=6
q055,mother and daughter relationship across generations,Torso,CrossStripe,Conceptual,Keyword,single-index,1,1,1,1,1,0.5979995459857458,1,1,0.0004,61.9913,books-oracle2=10
q055,mother and daughter relationship across generations,Torso,CrossStripe,Conceptual,Keyword,naive-score,0.9742915879546997,0.8,0.6666666666666666,0.7333333333333333,0.7351379962229841,0.5895158776937669,0.9,2,0.000416667,53.768800000000006,books-t2010-a=8 | books-t2010-b=2
q055,mother and daughter relationship across generations,Torso,CrossStripe,Conceptual,Keyword,interleave,0.9875678151879053,0.9,0.8181818181818182,0.7333333333333333,0.7564274111711725,0.5060928294203394,1,2,0.000416667,53.7546,books-t2010-a=5 | books-t2010-b=5
q055,mother and daughter relationship across generations,Torso,CrossStripe,Conceptual,Keyword,quota-merge,0.9904531053175392,0.9,0.8181818181818182,0.6888888888888889,0.7598697246326048,0.5727668897765855,1,2,0.000416667,53.745000000000005,books-t2010-a=7 | books-t2010-b=3
q055,mother and daughter relationship across generations,Torso,CrossStripe,Conceptual,Keyword,global-rrf,0.9840844599665094,0.9,0.8181818181818182,0.6,0.730798341421194,0.4981614086932751,1,2,0.000416667,53.7629,books-t2010-a=5 | books-t2010-b=5
q055,mother and daughter relationship across generations,Torso,CrossStripe,Conceptual,Keyword,minmax-norm,0.9924047556404169,1,1,0.6444444444444445,0.7760290307036011,0.5740287720872754,1,2,0.000416667,53.7907,books-t2010-a=6 | books-t2010-b=4
q055,mother and daughter relationship across generations,Torso,CrossStripe,Conceptual,Keyword,zscore-norm,0.9924047556404169,1,1,0.6444444444444445,0.7760290307036011,0.5740287720872754,1,2,0.000416667,53.7843,books-t2010-a=6 | books-t2010-b=4
q055,mother and daughter relationship across generations,Torso,CrossStripe,Conceptual,Keyword,idf-correct-probe,0.9931023660708252,1,1,0.8222222222222222,0.8004874898898788,0.5851031712725296,1,10,0.0020500010000000005,433.7333,books-t2010-a=6 | books-t2010-b=4
q055,mother and daughter relationship across generations,Torso,CrossStripe,Conceptual,Keyword,idf-correct-sidecar,0.9931023660708252,1,1,0.8222222222222222,0.8004874898898788,0.5851031712725296,1,2,0.000416667,53.8108,books-t2010-a=6 | books-t2010-b=4
q056,murder,Head,CrossStripe,Lexical,Keyword,single-index,1,1,1,1,1,0.9513467899190737,1,1,0.000333333,61.1327,books-oracle2=10
q056,murder,Head,CrossStripe,Lexical,Keyword,naive-score,0.9835203713130859,0.8,0.6666666666666666,0.9111111111111111,0.774747253337048,0.9552009891550426,1,2,0.000616666,54.3457,books-t2010-a=7 | books-t2010-b=3
q056,murder,Head,CrossStripe,Lexical,Keyword,interleave,0.9418001123727524,0.9,0.8181818181818182,0.8222222222222222,0.7067632369832095,0.8915802009560909,0.9,2,0.000616666,54.3277,books-t2010-a=5 | books-t2010-b=5
q056,murder,Head,CrossStripe,Lexical,Keyword,quota-merge,0.9838968008367789,0.8,0.6666666666666666,0.9555555555555556,0.7879372315195903,0.9513467899190737,1,2,0.000616666,54.3203,books-t2010-a=7 | books-t2010-b=3
q056,murder,Head,CrossStripe,Lexical,Keyword,global-rrf,0.9967951042327543,0.9,0.8181818181818182,0.9111111111111111,0.8232948600587997,0.8850925664646847,0.9,2,0.000616666,55.5225,books-t2010-a=5 | books-t2010-b=5
q056,murder,Head,CrossStripe,Lexical,Keyword,minmax-norm,0.9720456056276499,0.6,0.42857142857142855,0.9555555555555556,0.7520955639901895,0.8117286443653247,0.8,2,0.000616666,54.358200000000004,books-t2010-a=2 | books-t2010-b=8
q056,murder,Head,CrossStripe,Lexical,Keyword,zscore-norm,0.8993037633183464,0.7,0.5384615384615384,0.7777777777777778,0.6184272320240837,0.8221489790193136,0.8,2,0.000616666,54.3518,books-t2010-a=3 | books-t2010-b=7
q056,murder,Head,CrossStripe,Lexical,Keyword,idf-correct-probe,0.8825078325559292,0.8,0.6666666666666666,0.7333333333333333,0.5823354114208714,1,1,2,0.000616666,54.3523,books-t2010-a=8 | books-t2010-b=2
q056,murder,Head,CrossStripe,Lexical,Keyword,idf-correct-sidecar,0.9835203713130859,0.8,0.6666666666666666,0.9111111111111111,0.774747253337048,0.9552009891550426,1,2,0.000616666,54.346000000000004,books-t2010-a=7 | books-t2010-b=3
q057,a journey across a ruined landscape,Torso,CrossStripe,Conceptual,Keyword,single-index,1,1,1,1,1,0.39731017693664533,0.9,1,0.000383333,60.8306,books-oracle2=10
q057,a journey across a ruined landscape,Torso,CrossStripe,Conceptual,Keyword,naive-score,0.9802345138966905,0.9,0.8181818181818182,0.7333333333333333,0.7584282811102434,0.4015787187533263,0.9,2,0.000383333,53.4184,books-t2010-a=6 | books-t2010-b=4
q057,a journey across a ruined landscape,Torso,CrossStripe,Conceptual,Keyword,interleave,0.9179217001145766,0.8,0.6666666666666666,0.6888888888888889,0.6305483468163035,0.36830832136027664,0.9,2,0.000383333,53.403,books-t2010-a=5 | books-t2010-b=5
q057,a journey across a ruined landscape,Torso,CrossStripe,Conceptual,Keyword,quota-merge,0.9270913571129274,0.9,0.8181818181818182,0.7333333333333333,0.6811279415885148,0.31377621718974663,0.9,2,0.000383333,53.393,books-t2010-a=7 | books-t2010-b=3
q057,a journey across a ruined landscape,Torso,CrossStripe,Conceptual,Keyword,global-rrf,0.9204687820435494,0.8,0.6666666666666666,0.6888888888888889,0.650056875099989,0.3694319499781575,0.9,2,0.000383333,53.4113,books-t2010-a=5 | books-t2010-b=5
q057,a journey across a ruined landscape,Torso,CrossStripe,Conceptual,Keyword,minmax-norm,0.9256379991153127,0.9,0.8181818181818182,0.6888888888888889,0.6579102336895585,0.33195358524658997,0.9,2,0.000383333,53.4397,books-t2010-a=6 | books-t2010-b=4
q057,a journey across a ruined landscape,Torso,CrossStripe,Conceptual,Keyword,zscore-norm,0.9721553971934684,0.8,0.6666666666666666,0.6888888888888889,0.7262586471894518,0.43943827501297716,0.9,2,0.000383333,53.4346,books-t2010-a=5 | books-t2010-b=5
q057,a journey across a ruined landscape,Torso,CrossStripe,Conceptual,Keyword,idf-correct-probe,0.9193498293016062,0.9,0.8181818181818182,0.6,0.6257761710056033,0.3172511943804859,0.9,8,0.001616667,315.73789999999997,books-t2010-a=7 | books-t2010-b=3
q057,a journey across a ruined landscape,Torso,CrossStripe,Conceptual,Keyword,idf-correct-sidecar,0.9193498293016062,0.9,0.8181818181818182,0.6,0.6257761710056033,0.3172511943804859,0.9,2,0.000383333,53.4468,books-t2010-a=7 | books-t2010-b=3
q058,religion faith and doubt,Torso,CrossStripe,Mixed,Keyword,single-index,1,1,1,1,1,0.8100512793592932,0.9,1,0.00035,59.9627,books-oracle2=10
q058,religion faith and doubt,Torso,CrossStripe,Mixed,Keyword,naive-score,0.9711351052847437,0.9,0.8181818181818182,0.7333333333333333,0.7315953380340061,0.7014297470881161,0.8,2,0.000333333,51.8889,books-t2010-a=8 | books-t2010-b=2
q058,religion faith and doubt,Torso,CrossStripe,Mixed,Keyword,interleave,0.9215143917762787,0.6,0.42857142857142855,0.4222222222222222,0.5743359603484126,0.539844960695282,0.6,2,0.000333333,51.879,books-t2010-a=5 | books-t2010-b=5
q058,religion faith and doubt,Torso,CrossStripe,Mixed,Keyword,quota-merge,0.944958147435443,0.8,0.6666666666666666,0.28888888888888886,0.6296854779156449,0.6197798957918709,0.8,2,0.000333333,51.871199999999995,books-t2010-a=7 | books-t2010-b=3
q058,religion faith and doubt,Torso,CrossStripe,Mixed,Keyword,global-rrf,0.9161699965253597,0.6,0.42857142857142855,0.3333333333333333,0.569528213300876,0.5219540066603554,0.6,2,0.000333333,51.8882,books-t2010-a=5 | books-t2010-b=5
q058,religion faith and doubt,Torso,CrossStripe,Mixed,Keyword,minmax-norm,0.9644190498090258,0.8,0.6666666666666666,0.6444444444444445,0.70225221036364,0.6577597570906397,0.8,2,0.000333333,51.913799999999995,books-t2010-a=7 | books-t2010-b=3
q058,religion faith and doubt,Torso,CrossStripe,Mixed,Keyword,zscore-norm,0.8577478180669172,0.8,0.6666666666666666,0.28888888888888886,0.5390599141318666,0.5414273430126681,0.8,2,0.000333333,51.9085,books-t2010-a=7 | books-t2010-b=3
q058,religion faith and doubt,Torso,CrossStripe,Mixed,Keyword,idf-correct-probe,0.9839266737354009,1,1,0.8666666666666667,0.7867637608755327,0.8100512793592932,0.9,8,0.001533333,307.1184,books-t2010-a=9 | books-t2010-b=1
q058,religion faith and doubt,Torso,CrossStripe,Mixed,Keyword,idf-correct-sidecar,0.9839266737354009,1,1,0.8666666666666667,0.7867637608755327,0.8100512793592932,0.9,2,0.000333333,51.9171,books-t2010-a=9 | books-t2010-b=1
q059,London,Head,CrossStripe,Lexical,Keyword,single-index,1,1,1,1,1,0.6751304836151464,1,1,0.000166667,59.1872,books-oracle2=10
q059,London,Head,CrossStripe,Lexical,Keyword,naive-score,0.9877459572580538,0.9,0.8181818181818182,0.8666666666666667,0.7997613480925726,0.6725684701746042,1,2,0.0005499999999999999,54.069500000000005,books-t2010-a=8 | books-t2010-b=2
q059,London,Head,CrossStripe,Lexical,Keyword,interleave,0.9730342734818694,0.7,0.5384615384615384,0.8222222222222222,0.7541601365776404,0.6933136760086515,1,2,0.0005499999999999999,54.0584,books-t2010-a=5 | books-t2010-b=5
q059,London,Head,CrossStripe,Lexical,Keyword,quota-merge,0.992760051263582,0.9,0.8181818181818182,0.6888888888888889,0.7939464873055554,0.6527309781926678,1,2,0.0005499999999999999,54.048300000000005,books-t2010-a=7 | books-t2010-b=3
q059,London,Head,CrossStripe,Lexical,Keyword,global-rrf,0.9724374407338648,0.7,0.5384615384615384,0.7777777777777778,0.7465287920577408,0.6972463761712342,1,2,0.0005499999999999999,54.0664,books-t2010-a=5 | books-t2010-b=5
q059,London,Head,CrossStripe,Lexical,Keyword,minmax-norm,0.9896721825686846,0.9,0.8181818181818182,0.9111111111111111,0.8269012208961576,0.6725684701746042,1,2,0.0005499999999999999,54.0908,books-t2010-a=8 | books-t2010-b=2
q059,London,Head,CrossStripe,Lexical,Keyword,zscore-norm,0.935075667787307,0.9,0.8181818181818182,0.8666666666666667,0.7263831734754725,0.6725684701746042,1,2,0.0005499999999999999,54.0902,books-t2010-a=8 | books-t2010-b=2
q059,London,Head,CrossStripe,Lexical,Keyword,idf-correct-probe,0.9857584890996157,0.9,0.8181818181818182,0.8222222222222222,0.7814419339501527,0.6643011158363787,1,4,0.0009499999999999999,140.2636,books-t2010-a=8 | books-t2010-b=2
q059,London,Head,CrossStripe,Lexical,Keyword,idf-correct-sidecar,0.9857584890996157,0.9,0.8181818181818182,0.8222222222222222,0.7814419339501527,0.6643011158363787,1,2,0.0005499999999999999,54.0872,books-t2010-a=8 | books-t2010-b=2
q060,Paris,Head,CrossStripe,Lexical,Keyword,single-index,1,1,1,1,1,0.9371166382005486,1,1,0.000266667,60.0139,books-oracle2=10
q060,Paris,Head,CrossStripe,Lexical,Keyword,naive-score,0.999623570476307,1,1,0.9555555555555556,0.8459467768358835,0.9371166382005486,1,2,0.000483334,53.1924,books-t2010-a=6 | books-t2010-b=4
q060,Paris,Head,CrossStripe,Lexical,Keyword,interleave,0.9441027672070762,0.9,0.8181818181818182,0.9111111111111111,0.7470930879693367,0.9007619020868619,1,2,0.000483334,53.1835,books-t2010-a=5 | books-t2010-b=5
q060,Paris,Head,CrossStripe,Lexical,Keyword,quota-merge,0.9902362447698043,0.9,0.8181818181818182,0.9555555555555556,0.806467606640703,0.9458352203602566,1,2,0.000483334,53.173700000000004,books-t2010-a=7 | books-t2010-b=3
q060,Paris,Head,CrossStripe,Lexical,Keyword,global-rrf,0.9967951042327543,0.9,0.8181818181818182,0.9111111111111111,0.8232948600587997,0.9079756641006057,1,2,0.000483334,53.1911,books-t2010-a=5 | books-t2010-b=5
q060,Paris,Head,CrossStripe,Lexical,Keyword,minmax-norm,0.9991328908492662,1,1,0.9111111111111111,0.836054293198977,0.9371166382005486,1,2,0.000483334,53.2165,books-t2010-a=6 | books-t2010-b=4
q060,Paris,Head,CrossStripe,Lexical,Keyword,zscore-norm,0.9677737848062195,0.9,0.8181818181818182,0.5555555555555556,0.6720009138196547,0.9155260051911699,1,2,0.000483334,53.2102,books-t2010-a=5 | books-t2010-b=5
q060,Paris,Head,CrossStripe,Lexical,Keyword,idf-correct-probe,0.9866975865615762,1,1,0.8222222222222222,0.7636812990560837,0.9458352203602566,1,4,0.0008833339999999999,139.2483,books-t2010-a=6 | books-t2010-b=4
q060,Paris,Head,CrossStripe,Lexical,Keyword,idf-correct-sidecar,0.9866975865615762,1,1,0.8222222222222222,0.7636812990560837,0.9458352203602566,1,2,0.000483334,53.2107,books-t2010-a=6 | books-t2010-b=4
q061,the sea and the people who make their living on it,Torso,CrossStripe,Conceptual,Keyword,single-index,1,1,1,1,1,0.18755069487588283,1,1,0.000416667,61.3855,books-oracle2=10
q061,the sea and the people who make their living on it,Torso,CrossStripe,Conceptual,Keyword,naive-score,0.9974230246574326,1,1,0.8666666666666667,0.8177348790565571,0.18528550025928947,1,2,0.000783334,55.5392,books-t2010-a=6 | books-t2010-b=4
q061,the sea and the people who make their living on it,Torso,CrossStripe,Conceptual,Keyword,interleave,0.9887478047864683,0.9,0.8181818181818182,0.7333333333333333,0.7714910106808508,0.18418840918667007,1,2,0.000783334,55.526900000000005,books-t2010-a=5 | books-t2010-b=5
q061,the sea and the people who make their living on it,Torso,CrossStripe,Conceptual,Keyword,quota-merge,0.9387957373763526,0.9,0.8181818181818182,0.6444444444444445,0.6765990663785982,0.1580787733979107,1,2,0.000783334,55.5155,books-t2010-a=7 | books-t2010-b=3
q061,the sea and the people who make their living on it,Torso,CrossStripe,Conceptual,Keyword,global-rrf,0.9325588016320465,0.9,0.8181818181818182,0.6444444444444445,0.6577829850776237,0.1580787733979107,1,2,0.000783334,55.537600000000005,books-t2010-a=5 | books-t2010-b=5
q061,the sea and the people who make their living on it,Torso,CrossStripe,Conceptual,Keyword,minmax-norm,0.9357145231992848,1,1,0.5111111111111111,0.6480946714892033,0.1573720424378144,1,2,0.000783334,55.604800000000004,books-t2010-a=6 | books-t2010-b=4
q061,the sea and the people who make their living on it,Torso,CrossStripe,Conceptual,Keyword,zscore-norm,0.9903110379806626,1,1,0.5555555555555556,0.7486127189098881,0.18244088681982112,1,2,0.000783334,55.589200000000005,books-t2010-a=6 | books-t2010-b=4
q061,the sea and the people who make their living on it,Torso,CrossStripe,Conceptual,Keyword,idf-correct-probe,0.9997902869138835,1,1,0.9555555555555556,0.8492442713815191,0.18677384942946254,1,6,0.001583334,225.60000000000002,books-t2010-a=6 | books-t2010-b=4
q061,the sea and the people who make their living on it,Torso,CrossStripe,Conceptual,Keyword,idf-correct-sidecar,0.9997902869138835,1,1,0.9555555555555556,0.8492442713815191,0.18677384942946254,1,2,0.000783334,55.5717,books-t2010-a=6 | books-t2010-b=4
q062,a small town where everyone is hiding something,Torso,CrossStripe,Conceptual,Keyword,single-index,1,1,1,1,1,0.29053138869206563,0.9,1,0.000416667,60.8804,books-oracle2=10
q062,a small town where everyone is hiding something,Torso,CrossStripe,Conceptual,Keyword,naive-score,0.9899459251382844,0.9,0.8181818181818182,0.8222222222222222,0.788594564337357,0.2793095676748915,0.9,2,0.000783334,52.6225,books-t2010-a=8 | books-t2010-b=2
q062,a small town where everyone is hiding something,Torso,CrossStripe,Conceptual,Keyword,interleave,0.9859244497174492,0.8,0.6666666666666666,0.7333333333333333,0.7628585780687743,0.2521251454165623,0.8,2,0.000783334,52.6109,books-t2010-a=5 | books-t2010-b=5
q062,a small town where everyone is hiding something,Torso,CrossStripe,Conceptual,Keyword,quota-merge,0.9954488927483742,1,1,0.6888888888888889,0.7904656450185349,0.2800101197283637,0.9,2,0.000783334,52.601800000000004,books-t2010-a=7 | books-t2010-b=3
q062,a small town where everyone is hiding something,Torso,CrossStripe,Conceptual,Keyword,global-rrf,0.9850997195671861,0.8,0.6666666666666666,0.6888888888888889,0.7628585780687743,0.25116159560757007,0.8,2,0.000783334,52.6191,books-t2010-a=5 | books-t2010-b=5
q062,a small town where everyone is hiding something,Torso,CrossStripe,Conceptual,Keyword,minmax-norm,0.9949665950961142,0.9,0.8181818181818182,0.9111111111111111,0.8254202100834045,0.2797049288489865,0.8,2,0.000783334,52.6462,books-t2010-a=6 | books-t2010-b=4
q062,a small town where everyone is hiding something,Torso,CrossStripe,Conceptual,Keyword,zscore-norm,0.9951193393280747,0.9,0.8181818181818182,0.9555555555555556,0.8314298938928254,0.2810664996271529,0.8,2,0.000783334,52.6396,books-t2010-a=6 | books-t2010-b=4
q062,a small town where everyone is hiding something,Torso,CrossStripe,Conceptual,Keyword,idf-correct-probe,0.999623570476307,1,1,0.9555555555555556,0.8459467768358835,0.29053138869206563,0.9,10,0.0024166680000000003,403.5791,books-t2010-a=7 | books-t2010-b=3
q062,a small town where everyone is hiding something,Torso,CrossStripe,Conceptual,Keyword,idf-correct-sidecar,0.999623570476307,1,1,0.9555555555555556,0.8459467768358835,0.29053138869206563,0.9,2,0.000783334,52.6528,books-t2010-a=7 | books-t2010-b=3
q063,identity and what makes someone who they are,Torso,CrossStripe,Conceptual,Keyword,single-index,1,1,1,1,1,0.6669739779109883,1,1,0.000416667,60.3785,books-oracle2=10
q063,identity and what makes someone who they are,Torso,CrossStripe,Conceptual,Keyword,naive-score,0.9943671079381116,1,1,0.7777777777777778,0.7961536399156149,0.6647267206752268,1,2,0.000766667,54.122299999999996,books-t2010-a=7 | books-t2010-b=3
q063,identity and what makes someone who they are,Torso,CrossStripe,Conceptual,Keyword,interleave,0.9302102513492965,0.8,0.6666666666666666,0.7333333333333333,0.6675667496172716,0.5415934565304659,0.9,2,0.000766667,54.112399999999994,books-t2010-a=5 | books-t2010-b=5
q063,identity and what makes someone who they are,Torso,CrossStripe,Conceptual,Keyword,quota-merge,0.9950436027137395,1,1,0.8222222222222222,0.7928561453699793,0.6666538202932113,1,2,0.000766667,54.1035,books-t2010-a=7 | books-t2010-b=3
q063,identity and what makes someone who they are,Torso,CrossStripe,Conceptual,Keyword,global-rrf,0.9838920360737697,0.8,0.6666666666666666,0.7333333333333333,0.7548948188554142,0.5435205561484504,0.9,2,0.000766667,54.1202,books-t2010-a=5 | books-t2010-b=5
q063,identity and what makes someone who they are,Torso,CrossStripe,Conceptual,Keyword,minmax-norm,0.9930415768107214,0.9,0.8181818181818182,0.8666666666666667,0.8047450480684788,0.6121217161226812,1,2,0.000766667,54.147999999999996,books-t2010-a=6 | books-t2010-b=4
q063,identity and what makes someone who they are,Torso,CrossStripe,Conceptual,Keyword,zscore-norm,0.9917197918780014,0.9,0.8181818181818182,0.7333333333333333,0.7939276172115212,0.6098971291268106,1,2,0.000766667,54.142799999999994,books-t2010-a=6 | books-t2010-b=4
q063,identity and what makes someone who they are,Torso,CrossStripe,Conceptual,Keyword,idf-correct-probe,0.9976492168575053,1,1,0.8222222222222222,0.8199960181735643,0.6694096050726197,1,4,0.0011833339999999999,139.8351,books-t2010-a=7 | books-t2010-b=3
q063,identity and what makes someone who they are,Torso,CrossStripe,Conceptual,Keyword,idf-correct-sidecar,0.9917197918780014,0.9,0.8181818181818182,0.7333333333333333,0.7939276172115212,0.6098971291268106,1,2,0.000766667,54.147299999999994,books-t2010-a=6 | books-t2010-b=4
q064,father and son,Head,CrossStripe,Lexical,Keyword,single-index,1,1,1,1,1,0.7331938073029861,1,1,0.00035,62.9109,books-oracle2=10
q064,father and son,Head,CrossStripe,Lexical,Keyword,naive-score,0.9894282601870502,0.8,0.6666666666666666,1,0.8249054572882464,0.7383701236789608,0.9,2,0.000633333,52.425200000000004,books-t2010-a=7 | books-t2010-b=3
q064,father and son,Head,CrossStripe,Lexical,Keyword,interleave,0.9986713288096434,1,1,0.8222222222222222,0.8184857656716633,0.7187352598059132,1,2,0.000633333,52.4152,books-t2010-a=5 | books-t2010-b=5
q064,father and son,Head,CrossStripe,Lexical,Keyword,quota-merge,0.9882849459287727,0.8,0.6666666666666666,0.9111111111111111,0.7966935595089196,0.7257876148727509,0.9,2,0.000633333,52.4048,books-t2010-a=7 | books-t2010-b=3
q064,father and son,Head,CrossStripe,Lexical,Keyword,global-rrf,0.9985648896013657,1,1,0.8222222222222222,0.8232935127191999,0.7172404126431338,1,2,0.000633333,52.4236,books-t2010-a=5 | books-t2010-b=5
q064,father and son,Head,CrossStripe,Lexical,Keyword,minmax-norm,0.9925391567914781,0.9,0.8181818181818182,0.7777777777777778,0.8007393728934816,0.769957089109442,1,2,0.000633333,52.4503,books-t2010-a=4 | books-t2010-b=6
q064,father and son,Head,CrossStripe,Lexical,Keyword,zscore-norm,0.9379426420101002,0.9,0.8181818181818182,0.7333333333333333,0.7002213254727967,0.769957089109442,1,2,0.000633333,52.4443,books-t2010-a=4 | books-t2010-b=6
q064,father and son,Head,CrossStripe,Lexical,Keyword,idf-correct-probe,0.9452181282865431,1,1,0.8666666666666667,0.7461796160303048,0.7313177686121233,1,6,0.0014333330000000002,225.4212,books-t2010-a=5 | books-t2010-b=5
q064,father and son,Head,CrossStripe,Lexical,Keyword,idf-correct-sidecar,0.9449019759921493,1,1,0.8666666666666667,0.7410948794409347,0.7277550242171208,1,2,0.000633333,52.449200000000005,books-t2010-a=5 | books-t2010-b=5
q065,escape from captivity,Torso,CrossStripe,Conceptual,Keyword,single-index,1,1,1,1,1,0.8356362937419459,0.9,1,0.000316667,60.4755,books-oracle2=10
q065,escape from captivity,Torso,CrossStripe,Conceptual,Keyword,naive-score,0.8510485994637081,0.8,0.6666666666666666,0.5555555555555556,0.5458483678109183,0.911671805955201,1,2,0.000566667,52.3512,books-t2010-a=7 | books-t2010-b=3
q065,escape from captivity,Torso,CrossStripe,Conceptual,Keyword,interleave,0.8798854071244204,0.7,0.5384615384615384,0.6444444444444445,0.5754625412341785,0.9552009891550426,1,2,0.000566667,52.3147,books-t2010-a=5 | books-t2010-b=5
q065,escape from captivity,Torso,CrossStripe,Conceptual,Keyword,quota-merge,0.8885834318285811,0.8,0.6666666666666666,0.6444444444444445,0.6110410675806899,0.9188462530413559,1,2,0.000566667,52.3059,books-t2010-a=7 | books-t2010-b=3
q065,escape from captivity,Torso,CrossStripe,Conceptual,Keyword,global-rrf,0.8862962633119092,0.7,0.5384615384615384,0.6444444444444445,0.5977946669902268,0.9552009891550426,1,2,0.000566667,52.3222,books-t2010-a=5 | books-t2010-b=5
q065,escape from captivity,Torso,CrossStripe,Conceptual,Keyword,minmax-norm,0.8816412277755892,0.8,0.6666666666666666,0.6888888888888889,0.6007402679916463,0.821471778265733,0.8,2,0.000566667,52.3477,books-t2010-a=3 | books-t2010-b=7
q065,escape from captivity,Torso,CrossStripe,Conceptual,Keyword,zscore-norm,0.835931665774073,0.7,0.5384615384615384,0.6444444444444445,0.5152729620860524,0.8156613445279074,0.8,2,0.000566667,52.343,books-t2010-a=2 | books-t2010-b=8
q065,escape from captivity,Torso,CrossStripe,Conceptual,Keyword,idf-correct-probe,0.9658611723886238,0.8,0.6666666666666666,0.7333333333333333,0.7012583154123312,0.821471778265733,0.8,6,0.001366667,224.2053,books-t2010-a=3 | books-t2010-b=7
q065,escape from captivity,Torso,CrossStripe,Conceptual,Keyword,idf-correct-sidecar,0.9674458696735094,0.8,0.6666666666666666,0.6444444444444445,0.6915995365709112,0.911671805955201,1,2,0.000566667,52.3491,books-t2010-a=7 | books-t2010-b=3
q066,a secret that destroys a community when it comes out,Torso,CrossStripe,Conceptual,Keyword,single-index,1,1,1,1,1,0.2333842658702877,1,1,0.000416667,60.554,books-oracle2=10
q066,a secret that destroys a community when it comes out,Torso,CrossStripe,Conceptual,Keyword,naive-score,0.9884570604993885,0.8,0.6666666666666666,0.9111111111111111,0.8107083653662237,0.10033899972787695,0.8,2,0.000416667,55.0106,books-t2010-a=10
q066,a secret that destroys a community when it comes out,Torso,CrossStripe,Conceptual,Keyword,interleave,0.9235743148502351,0.7,0.5384615384615384,0.4222222222222222,0.6028902875864087,0.2635848714596164,0.9,2,0.000416667,55.0012,books-t2010-a=5 | books-t2010-b=5
q066,a secret that destroys a community when it comes out,Torso,CrossStripe,Conceptual,Keyword,quota-merge,0.9380827745848846,0.9,0.8181818181818182,0.15555555555555556,0.5992000089045469,0.2863975079602601,0.9,2,0.000416667,54.991899999999994,books-t2010-a=7 | books-t2010-b=3
q066,a secret that destroys a community when it comes out,Torso,CrossStripe,Conceptual,Keyword,global-rrf,0.9120262833942686,0.7,0.5384615384615384,0.28888888888888886,0.5577526895527448,0.28700871586401067,0.9,2,0.000416667,55.0089,books-t2010-a=5 | books-t2010-b=5
q066,a secret that destroys a community when it comes out,Torso,CrossStripe,Conceptual,Keyword,minmax-norm,0.8457042952632262,0.5,0.3333333333333333,0.3333333333333333,0.4294972222971618,0.28709339582424004,0.7,2,0.000416667,55.037,books-t2010-a=3 | books-t2010-b=7
q066,a secret that destroys a community when it comes out,Torso,CrossStripe,Conceptual,Keyword,zscore-norm,0.9182988192995246,0.6,0.42857142857142855,0.37777777777777777,0.5774041630516241,0.2740998423047058,0.8,2,0.000416667,55.031,books-t2010-a=4 | books-t2010-b=6
q066,a secret that destroys a community when it comes out,Torso,CrossStripe,Conceptual,Keyword,idf-correct-probe,0.9888300110347377,0.8,0.6666666666666666,0.8222222222222222,0.802777386591245,0.20798004943280654,0.8,12,0.002483335,485.03,books-t2010-a=8 | books-t2010-b=2
q066,a secret that destroys a community when it comes out,Torso,CrossStripe,Conceptual,Keyword,idf-correct-sidecar,0.9884570604993885,0.8,0.6666666666666666,0.9111111111111111,0.8107083653662237,0.10033899972787695,0.8,2,0.000416667,55.045199999999994,books-t2010-a=10
q067,the American South,Torso,CrossStripe,Lexical,Keyword,single-index,1,1,1,1,1,0.2678250254741538,1,1,0.00035,60.5118,books-oracle2=10
q067,the American South,Torso,CrossStripe,Lexical,Keyword,naive-score,0.9971790516263809,0.9,0.8181818181818182,0.7333333333333333,0.8269012208961576,0.2678250254741538,0.9,2,0.000333333,54.0846,books-t2010-a=8 | books-t2010-b=2
q067,the American South,Torso,CrossStripe,Lexical,Keyword,interleave,0.9191898094542656,0.6,0.42857142857142855,0.5111111111111111,0.570979429191646,0.17292924494849155,0.6,2,0.000333333,54.0601,books-t2010-a=5 | books-t2010-b=5
q067,the American South,Torso,CrossStripe,Lexical,Keyword,quota-merge,0.9462856840522487,0.8,0.6666666666666666,0.2,0.6099002369245097,0.2391834684028806,0.8,2,0.000333333,54.0496,books-t2010-a=7 | books-t2010-b=3
q067,the American South,Torso,CrossStripe,Lexical,Keyword,global-rrf,0.9145399166518177,0.6,0.42857142857142855,0.4222222222222222,0.5501581064892043,0.1712438020216704,0.6,2,0.000333333,54.0673,books-t2010-a=5 | books-t2010-b=5
q067,the American South,Torso,CrossStripe,Lexical,Keyword,minmax-norm,0.9522846376542168,0.8,0.6666666666666666,0.3333333333333333,0.6406140432638582,0.24134104563687286,0.8,2,0.000333333,54.0915,books-t2010-a=7 | books-t2010-b=3
q067,the American South,Torso,CrossStripe,Lexical,Keyword,zscore-norm,0.7833184971772954,0.7,0.5384615384615384,0.28888888888888886,0.4359184214131987,0.18500615241206578,0.7,2,0.000333333,54.0873,books-t2010-a=6 | books-t2010-b=4
q067,the American South,Torso,CrossStripe,Lexical,Keyword,idf-correct-probe,0.9971738475960422,0.9,0.8181818181818182,0.9555555555555556,0.8405422492254779,0.27285937235346913,0.9,6,0.001133333,228.2099,books-t2010-a=9 | books-t2010-b=1
q067,the American South,Torso,CrossStripe,Lexical,Keyword,idf-correct-sidecar,0.9971738475960422,0.9,0.8181818181818182,0.9555555555555556,0.8405422492254779,0.27285937235346913,0.9,2,0.000333333,54.0933,books-t2010-a=9 | books-t2010-b=1
q068,grief after the death of a child,Torso,CrossStripe,Conceptual,Keyword,single-index,1,1,1,1,1,0.13377794863052406,1,1,0.000416667,89.5345,books-oracle2=10
q068,grief after the death of a child,Torso,CrossStripe,Conceptual,Keyword,naive-score,0.994174534071935,0.9,0.8181818181818182,0.7777777777777778,0.8201614128890896,0.12245722914482744,1,2,0.000766667,54.1953,books-t2010-a=8 | books-t2010-b=2
q068,grief after the death of a child,Torso,CrossStripe,Conceptual,Keyword,interleave,0.943581946975538,0.6,0.42857142857142855,0.5555555555555556,0.6275867483202135,0.1168709436251438,0.8,2,0.000766667,54.1852,books-t2010-a=5 | books-t2010-b=5
q068,grief after the death of a child,Torso,CrossStripe,Conceptual,Keyword,quota-merge,0.8768405199093011,0.8,0.6666666666666666,0.37777777777777777,0.5550959718716718,0.1163203919383572,0.9,2,0.000766667,54.174400000000006,books-t2010-a=7 | books-t2010-b=3
q068,grief after the death of a child,Torso,CrossStripe,Conceptual,Keyword,global-rrf,0.856225466883409,0.6,0.42857142857142855,0.4666666666666667,0.5138787227169863,0.11583015221839116,0.8,2,0.000766667,54.193900000000006,books-t2010-a=5 | books-t2010-b=5
q068,grief after the death of a child,Torso,CrossStripe,Conceptual,Keyword,minmax-norm,0.8541502495891183,0.6,0.42857142857142855,0.37777777777777777,0.5269393396650914,0.1177524414426635,0.8,2,0.000766667,54.2218,books-t2010-a=4 | books-t2010-b=6
q068,grief after the death of a child,Torso,CrossStripe,Conceptual,Keyword,zscore-norm,0.8545618430231591,0.6,0.42857142857142855,0.4222222222222222,0.5269393396650914,0.1177524414426635,0.8,2,0.000766667,54.284600000000005,books-t2010-a=4 | books-t2010-b=6
q068,grief after the death of a child,Torso,CrossStripe,Conceptual,Keyword,idf-correct-probe,0.9658291442394523,0.7,0.5384615384615384,0.7333333333333333,0.7321243549833333,0.11084990393267659,0.8,6,0.0015666669999999999,226.04690000000002,books-t2010-a=6 | books-t2010-b=4
q068,grief after the death of a child,Torso,CrossStripe,Conceptual,Keyword,idf-correct-sidecar,0.9685543374579324,0.7,0.5384615384615384,0.8222222222222222,0.7668955723068177,0.11145675528532996,0.8,2,0.000766667,54.223200000000006,books-t2010-a=6 | books-t2010-b=4
q069,an outsider who does not fit in anywhere,Torso,CrossStripe,Conceptual,Keyword,single-index,1,1,1,1,1,0.4034903470451456,1,1,0.000416667,62.7251,books-oracle2=10
q069,an outsider who does not fit in anywhere,Torso,CrossStripe,Conceptual,Keyword,naive-score,0.9965978794052907,1,1,0.8222222222222222,0.8101035345366576,0.4047825328405722,1,2,0.000416667,53.3822,books-t2010-a=8 | books-t2010-b=2
q069,an outsider who does not fit in anywhere,Torso,CrossStripe,Conceptual,Keyword,interleave,0.9655202401964071,0.7,0.5384615384615384,0.7333333333333333,0.745448508109388,0.4272369798013344,1,2,0.000416667,53.3692,books-t2010-a=5 | books-t2010-b=5
q069,an outsider who does not fit in anywhere,Torso,CrossStripe,Conceptual,Keyword,quota-merge,0.9303756603250793,0.9,0.8181818181818182,0.37777777777777777,0.6370201020075771,0.37068575931881187,1,2,0.000416667,53.3594,books-t2010-a=7 | books-t2010-b=3
q069,an outsider who does not fit in anywhere,Torso,CrossStripe,Conceptual,Keyword,global-rrf,0.9044707315961179,0.7,0.5384615384615384,0.6,0.6046006097025759,0.4112684571347955,1,2,0.000416667,53.3767,books-t2010-a=5 | books-t2010-b=5
q069,an outsider who does not fit in anywhere,Torso,CrossStripe,Conceptual,Keyword,minmax-norm,0.8616761844574347,0.5,0.3333333333333333,0.4666666666666667,0.4724041734741618,0.3974255975908354,0.9,2,0.000416667,53.4043,books-t2010-a=3 | books-t2010-b=7
q069,an outsider who does not fit in anywhere,Torso,CrossStripe,Conceptual,Keyword,zscore-norm,0.956307363563497,0.7,0.5384615384615384,0.4666666666666667,0.6767773981094971,0.4164024569990648,1,2,0.000416667,53.3991,books-t2010-a=5 | books-t2010-b=5
q069,an outsider who does not fit in anywhere,Torso,CrossStripe,Conceptual,Keyword,idf-correct-probe,0.9947608625169446,0.9,0.8181818181818182,0.7333333333333333,0.8062092594281531,0.3990012339866188,1,12,0.002133335,493.3393,books-t2010-a=7 | books-t2010-b=3
q069,an outsider who does not fit in anywhere,Torso,CrossStripe,Conceptual,Keyword,idf-correct-sidecar,0.9889541355397146,0.8,0.6666666666666666,0.6888888888888889,0.7916923764850944,0.39361201395177287,1,2,0.000416667,53.414,books-t2010-a=6 | books-t2010-b=4
q070,school,Head,CrossStripe,Lexical,Keyword,single-index,1,1,1,1,1,1,1,1,0.00035,61.433,books-oracle2=10
q070,school,Head,CrossStripe,Lexical,Keyword,naive-score,0.9931289429998503,1,1,0.9555555555555556,0.8139036336791178,1,1,2,0.000633333,53.229,books-t2010-a=9 | books-t2010-b=1
q070,school,Head,CrossStripe,Lexical,Keyword,interleave,0.9434602339575393,0.6,0.42857142857142855,0.6,0.6361205489897155,0.866947989864271,0.8,2,0.000633333,53.2155,books-t2010-a=5 | books-t2010-b=5
q070,school,Head,CrossStripe,Lexical,Keyword,quota-merge,0.8811900431603423,0.8,0.6666666666666666,0.4222222222222222,0.5812641670095552,1,1,2,0.000633333,53.2073,books-t2010-a=7 | books-t2010-b=3
q070,school,Head,CrossStripe,Lexical,Keyword,global-rrf,0.858577968408914,0.6,0.42857142857142855,0.5111111111111111,0.530794754521494,0.8643145546088337,0.8,2,0.000633333,53.2243,books-t2010-a=5 | books-t2010-b=5
q070,school,Head,CrossStripe,Lexical,Keyword,minmax-norm,0.8499705522604497,0.7,0.5384615384615384,0.15555555555555556,0.4673657149188304,0.9148568823583789,0.9,2,0.000633333,53.2761,books-t2010-a=6 | books-t2010-b=4
q070,school,Head,CrossStripe,Lexical,Keyword,zscore-norm,0.8169535794580757,0.5,0.3333333333333333,0.3333333333333333,0.40808812215825735,0.7791714369672126,0.7,2,0.000633333,53.2454,books-t2010-a=4 | books-t2010-b=6
q070,school,Head,CrossStripe,Lexical,Keyword,idf-correct-probe,0.9642853284668395,0.7,0.5384615384615384,0.5555555555555556,0.6854587315867374,0.9305687780632227,0.9,2,0.000633333,53.2497,books-t2010-a=6 | books-t2010-b=4
q070,school,Head,CrossStripe,Lexical,Keyword,idf-correct-sidecar,0.9621664636443205,0.7,0.5384615384615384,0.4666666666666667,0.6679349034299313,0.92663607790064,0.9,2,0.000633333,53.240899999999996,books-t2010-a=6 | books-t2010-b=4
q071,obsession that ruins a life,Torso,CrossStripe,Conceptual,Keyword,single-index,1,1,1,1,1,0.11218224663488109,1,1,0.0004,60.91,books-oracle2=10
q071,obsession that ruins a life,Torso,CrossStripe,Conceptual,Keyword,naive-score,0.9705892947239656,0.9,0.8181818181818182,0.6,0.7032540790202424,0.17582322497268577,1,2,0.000566667,82.50800000000001,books-t2010-a=4 | books-t2010-b=6
q071,obsession that ruins a life,Torso,CrossStripe,Conceptual,Keyword,interleave,0.9850994968146022,0.8,0.6666666666666666,0.7777777777777778,0.7738877701529329,0.18883931839395393,1,2,0.000566667,82.4911,books-t2010-a=5 | books-t2010-b=5
q071,obsession that ruins a life,Torso,CrossStripe,Conceptual,Keyword,quota-merge,0.9065486135186197,0.6,0.42857142857142855,0.9111111111111111,0.6253814866384907,0.11666135498220043,0.8,2,0.000566667,82.48150000000001,books-t2010-a=7 | books-t2010-b=3
q071,obsession that ruins a life,Torso,CrossStripe,Conceptual,Keyword,global-rrf,0.9305029820332243,0.8,0.6666666666666666,0.7333333333333333,0.673369722732248,0.18883931839395393,1,2,0.000566667,82.5091,books-t2010-a=5 | books-t2010-b=5
q071,obsession that ruins a life,Torso,CrossStripe,Conceptual,Keyword,minmax-norm,0.9407521302312898,0.9,0.8181818181818182,0.9111111111111111,0.7340145179953721,0.10509751175146143,1,2,0.000566667,82.52780000000001,books-t2010-a=3 | books-t2010-b=7
q071,obsession that ruins a life,Torso,CrossStripe,Conceptual,Keyword,zscore-norm,0.9894204759067644,0.9,0.8181818181818182,0.8222222222222222,0.7832584176830351,0.16741799223972811,1,2,0.000566667,82.52120000000001,books-t2010-a=4 | books-t2010-b=6
q071,obsession that ruins a life,Torso,CrossStripe,Conceptual,Keyword,idf-correct-probe,0.9786893369761509,0.9,0.8181818181818182,0.7333333333333333,0.7380252963437268,0.16741799223972811,1,6,0.0014000010000000001,282.31910000000005,books-t2010-a=4 | books-t2010-b=6
q071,obsession that ruins a life,Torso,CrossStripe,Conceptual,Keyword,idf-correct-sidecar,0.9712373410752767,0.9,0.8181818181818182,0.6444444444444445,0.7032540790202424,0.1707888780933705,1,2,0.000566667,82.53750000000001,books-t2010-a=4 | books-t2010-b=6
q072,slavery and its aftermath,Torso,CrossStripe,Mixed,Keyword,single-index,1,1,1,1,1,0.5200368575497579,0.9,1,0.000283333,61.2262,books-oracle2=10
q072,slavery and its aftermath,Torso,CrossStripe,Mixed,Keyword,naive-score,0.995958332770644,1,1,0.8666666666666667,0.8060461235525219,0.5415687372035346,0.9,2,0.000533333,55.1533,books-t2010-a=7 | books-t2010-b=3
q072,slavery and its aftermath,Torso,CrossStripe,Mixed,Keyword,interleave,0.9746585032470866,0.8,0.6666666666666666,0.9111111111111111,0.7746744599000807,0.5716491124429339,0.9,2,0.000533333,55.138600000000004,books-t2010-a=5 | books-t2010-b=5
q072,slavery and its aftermath,Torso,CrossStripe,Mixed,Keyword,quota-merge,0.9980737746893691,1,1,0.9555555555555556,0.831996882214841,0.5352943763292473,0.9,2,0.000533333,55.1306,books-t2010-a=7 | books-t2010-b=3
q072,slavery and its aftermath,Torso,CrossStripe,Mixed,Keyword,global-rrf,0.9731554255056143,0.8,0.6666666666666666,0.8222222222222222,0.7622353683326444,0.5705354568082378,0.9,2,0.000533333,55.1471,books-t2010-a=5 | books-t2010-b=5
q072,slavery and its aftermath,Torso,CrossStripe,Mixed,Keyword,minmax-norm,0.9887968524706515,0.9,0.8181818181818182,0.8666666666666667,0.7974698881351808,0.48209850824839673,0.9,2,0.000533333,55.1724,books-t2010-a=6 | books-t2010-b=4
q072,slavery and its aftermath,Torso,CrossStripe,Mixed,Keyword,zscore-norm,0.9981875173907168,1,1,0.8666666666666667,0.8199960181735643,0.5002758763052401,0.9,2,0.000533333,55.1666,books-t2010-a=7 | books-t2010-b=3
q072,slavery and its aftermath,Torso,CrossStripe,Mixed,Keyword,idf-correct-probe,0.995958332770644,1,1,0.8666666666666667,0.8060461235525219,0.5415687372035346,0.9,6,0.001333333,227.4084,books-t2010-a=7 | books-t2010-b=3
q072,slavery and its aftermath,Torso,CrossStripe,Mixed,Keyword,idf-correct-sidecar,0.995958332770644,1,1,0.8666666666666667,0.8060461235525219,0.5415687372035346,0.9,2,0.000533333,55.1743,books-t2010-a=7 | books-t2010-b=3
q073,the Holocaust,Torso,CrossStripe,Lexical,Keyword,single-index,1,1,1,1,1,0.5786590881586625,0.9,1,0.000216667,59.8325,books-oracle2=10
q073,the Holocaust,Torso,CrossStripe,Lexical,Keyword,naive-score,0.8905104117324099,0.5,0.3333333333333333,0.4222222222222222,0.5666233671386813,0.3982817193512259,0.8,2,0.000183334,53.537,books-t2010-a=5 | books-t2010-b=5
q073,the Holocaust,Torso,CrossStripe,Lexical,Keyword,interleave,0.8861605649290263,0.5,0.3333333333333333,0.6444444444444445,0.5461958888041908,0.4984105378391399,0.8,2,0.000183334,53.5265,books-t2010-a=5 | books-t2010-b=5
q073,the Holocaust,Torso,CrossStripe,Lexical,Keyword,quota-merge,0.9074091129847717,0.6,0.42857142857142855,0.4666666666666667,0.5822283507608557,0.593602991715218,1,2,0.000183334,53.524,books-t2010-a=7 | books-t2010-b=3
q073,the Holocaust,Torso,CrossStripe,Lexical,Keyword,global-rrf,0.8861605649290263,0.5,0.3333333333333333,0.6444444444444445,0.5461958888041908,0.4984105378391399,0.8,2,0.000183334,53.53,books-t2010-a=5 | books-t2010-b=5
q073,the Holocaust,Torso,CrossStripe,Lexical,Keyword,minmax-norm,0.8031155649792789,0.6,0.42857142857142855,0.4666666666666667,0.47394948067395276,0.566278782405455,1,2,0.000183334,53.5443,books-t2010-a=8 | books-t2010-b=2
q073,the Holocaust,Torso,CrossStripe,Lexical,Keyword,zscore-norm,0.9338582878735378,0.6,0.42857142857142855,0.6,0.6476338258259906,0.5764092870014715,1,2,0.000183334,53.541,books-t2010-a=8 | books-t2010-b=2
q073,the Holocaust,Torso,CrossStripe,Lexical,Keyword,idf-correct-probe,0.9483760546099602,0.6,0.42857142857142855,0.3333333333333333,0.6805272725453828,0.6562445340247782,1,4,0.000583334,140.098,books-t2010-a=10
q073,the Holocaust,Torso,CrossStripe,Lexical,Keyword,idf-correct-sidecar,0.9483760546099602,0.6,0.42857142857142855,0.3333333333333333,0.6805272725453828,0.6562445340247782,1,2,0.000183334,53.5505,books-t2010-a=10
q074,a woman who defies the expectations of her time,Torso,CrossStripe,Conceptual,Keyword,single-index,1,1,1,1,1,0.42353976043085817,1,1,0.000416667,61.8156,books-oracle2=10
q074,a woman who defies the expectations of her time,Torso,CrossStripe,Conceptual,Keyword,naive-score,0.9040919186045155,0.8,0.6666666666666666,0.6444444444444445,0.6214299706197569,0.4892292182476719,1,2,0.000416667,55.3001,books-t2010-a=7 | books-t2010-b=3
q074,a woman who defies the expectations of her time,Torso,CrossStripe,Conceptual,Keyword,interleave,0.8701138879215465,0.9,0.8181818181818182,0.6444444444444445,0.578641355328898,0.3795251116010455,1,2,0.000416667,55.286500000000004,books-t2010-a=5 | books-t2010-b=5
q074,a woman who defies the expectations of her time,Torso,CrossStripe,Conceptual,Keyword,quota-merge,0.8736322047534616,0.8,0.6666666666666666,0.6888888888888889,0.5937206774372548,0.48531106965150944,1,2,0.000416667,55.2783,books-t2010-a=7 | books-t2010-b=3
q074,a woman who defies the expectations of her time,Torso,CrossStripe,Conceptual,Keyword,global-rrf,0.8692633620815178,0.9,0.8181818181818182,0.5555555555555556,0.5710100108089985,0.3774584771461409,1,2,0.000416667,55.2951,books-t2010-a=5 | books-t2010-b=5
q074,a woman who defies the expectations of her time,Torso,CrossStripe,Conceptual,Keyword,minmax-norm,0.8671193218922179,0.9,0.8181818181818182,0.6444444444444445,0.5841999889915409,0.3138376889471892,1,2,0.000416667,55.3215,books-t2010-a=4 | books-t2010-b=6
q074,a woman who defies the expectations of her time,Torso,CrossStripe,Conceptual,Keyword,zscore-norm,0.9022912135183133,0.9,0.8181818181818182,0.6888888888888889,0.6238744766682062,0.3877584146651925,1,2,0.000416667,55.3165,books-t2010-a=5 | books-t2010-b=5
q074,a woman who defies the expectations of her time,Torso,CrossStripe,Conceptual,Keyword,idf-correct-probe,0.8706416706100727,0.9,0.8181818181818182,0.6888888888888889,0.5846510391383187,0.3827021100834337,1,8,0.001666668,313.8601,books-t2010-a=5 | books-t2010-b=5
q074,a woman who defies the expectations of her time,Torso,CrossStripe,Conceptual,Keyword,idf-correct-sidecar,0.9028189962068396,0.9,0.8181818181818182,0.7333333333333333,0.6298841604776271,0.39093541314758073,1,2,0.000416667,55.3245,books-t2010-a=5 | books-t2010-b=5
q075,addiction and recovery,Torso,CrossStripe,Mixed,Keyword,single-index,1,1,1,1,1,0.7813557586671602,1,1,0.0003,61.4518,books-oracle2=10
q075,addiction and recovery,Torso,CrossStripe,Mixed,Keyword,naive-score,0.9877423685592068,0.9,0.8181818181818182,0.8222222222222222,0.7760647665236989,0.811677139537639,1,2,0.00031666699999999997,53.7302,books-t2010-a=9 | books-t2010-b=1
q075,addiction and recovery,Torso,CrossStripe,Mixed,Keyword,interleave,0.9747110214419474,0.7,0.5384615384615384,0.6444444444444445,0.7367204488110477,0.7469073233447107,0.9,2,0.00031666699999999997,53.7211,books-t2010-a=5 | books-t2010-b=5
q075,addiction and recovery,Torso,CrossStripe,Mixed,Keyword,quota-merge,0.989892591210587,0.9,0.8181818181818182,0.6,0.7746817753256127,0.7784789890218371,1,2,0.00031666699999999997,53.7117,books-t2010-a=7 | books-t2010-b=3
q075,addiction and recovery,Torso,CrossStripe,Mixed,Keyword,global-rrf,0.9747110214419474,0.7,0.5384615384615384,0.6444444444444445,0.7367204488110477,0.7469073233447107,0.9,2,0.00031666699999999997,53.729200000000006,books-t2010-a=5 | books-t2010-b=5
q075,addiction and recovery,Torso,CrossStripe,Mixed,Keyword,minmax-norm,0.8577132851284189,0.3,0.17647058823529413,1,0.5117473897165972,0.5343026207972241,0.6,2,0.00031666699999999997,53.752100000000006,books-t2010-a=1 | books-t2010-b=9
q075,addiction and recovery,Torso,CrossStripe,Mixed,Keyword,zscore-norm,0.907492732214819,0.4,0.25,0.9555555555555556,0.5955156994819375,0.6131781124554011,0.7,2,0.00031666699999999997,53.7475,books-t2010-a=2 | books-t2010-b=8
q075,addiction and recovery,Torso,CrossStripe,Mixed,Keyword,idf-correct-probe,0.9892837565292392,0.8,0.6666666666666666,0.7777777777777778,0.7885061513963179,0.7836030159029218,1,6,0.001116667,229.11860000000001,books-t2010-a=6 | books-t2010-b=4
q075,addiction and recovery,Torso,CrossStripe,Mixed,Keyword,idf-correct-sidecar,0.9892837565292392,0.8,0.6666666666666666,0.7777777777777778,0.7885061513963179,0.7836030159029218,1,2,0.00031666699999999997,53.7652,books-t2010-a=6 | books-t2010-b=4
q076,New York City,Head,CrossStripe,Lexical,Keyword,single-index,1,1,1,1,1,0.7796560863979807,1,1,0.0004,59.9446,books-oracle2=10
q076,New York City,Head,CrossStripe,Lexical,Keyword,naive-score,0.987507312540518,1,1,0.8666666666666667,0.7819560138279961,0.7518374628545412,1,2,0.0007333330000000001,53.7154,books-t2010-a=6 | books-t2010-b=4
q076,New York City,Head,CrossStripe,Lexical,Keyword,interleave,0.9966078006620135,0.9,0.8181818181818182,0.8666666666666667,0.8122004396600087,0.7957038295597749,1,2,0.0007333330000000001,53.707,books-t2010-a=5 | books-t2010-b=5
q076,New York City,Head,CrossStripe,Lexical,Keyword,quota-merge,0.9925845367709948,0.9,0.8181818181818182,0.9111111111111111,0.8054037259778761,0.7094568103443207,1,2,0.0007333330000000001,53.6979,books-t2010-a=7 | books-t2010-b=3
q076,New York City,Head,CrossStripe,Lexical,Keyword,global-rrf,0.9966078006620135,0.9,0.8181818181818182,0.8666666666666667,0.8122004396600087,0.7957038295597749,1,2,0.0007333330000000001,53.7142,books-t2010-a=5 | books-t2010-b=5
q076,New York City,Head,CrossStripe,Lexical,Keyword,minmax-norm,0.9962502804061735,0.9,0.8181818181818182,0.8666666666666667,0.8138406039480525,0.7940699003818993,1,2,0.0007333330000000001,53.742399999999996,books-t2010-a=5 | books-t2010-b=5
q076,New York City,Head,CrossStripe,Lexical,Keyword,zscore-norm,0.9154142867717341,0.9,0.8181818181818182,0.7777777777777778,0.6680894351880592,0.7940699003818993,1,2,0.0007333330000000001,53.7365,books-t2010-a=5 | books-t2010-b=5
q076,New York City,Head,CrossStripe,Lexical,Keyword,idf-correct-probe,0.9979601465980072,0.9,0.8181818181818182,0.9111111111111111,0.8321600180904722,0.7968256851613079,1,6,0.001533333,226.62300000000002,books-t2010-a=5 | books-t2010-b=5
q076,New York City,Head,CrossStripe,Lexical,Keyword,idf-correct-sidecar,0.9991328908492664,1,1,0.9111111111111111,0.836054293198977,0.7695596330760429,1,2,0.0007333330000000001,53.7422,books-t2010-a=6 | books-t2010-b=4
q077,an unlikely friendship between two very different people,Torso,CrossStripe,Conceptual,Keyword,single-index,1,1,1,1,1,0.3301540397681022,1,1,0.000433333,60.641,books-oracle2=10
q077,an unlikely friendship between two very different people,Torso,CrossStripe,Conceptual,Keyword,naive-score,0.9700598387642184,0.8,0.6666666666666666,0.9555555555555556,0.7429488458001687,0.28893189995231844,0.8,2,0.00045,54.3937,books-t2010-a=10
q077,an unlikely friendship between two very different people,Torso,CrossStripe,Conceptual,Keyword,interleave,0.9469491114505035,0.7,0.5384615384615384,0.5111111111111111,0.6470219354770436,0.3263495917170895,1,2,0.00045,54.383,books-t2010-a=5 | books-t2010-b=5
q077,an unlikely friendship between two very different people,Torso,CrossStripe,Conceptual,Keyword,quota-merge,0.8633748074141577,0.9,0.8181818181818182,0.4222222222222222,0.5862902387842737,0.3304072659667758,1,2,0.00045,54.3744,books-t2010-a=7 | books-t2010-b=3
q077,an unlikely friendship between two very different people,Torso,CrossStripe,Conceptual,Keyword,global-rrf,0.8470351916982576,0.7,0.5384615384615384,0.4222222222222222,0.5388725435364592,0.3037030281904512,1,2,0.00045,54.402300000000004,books-t2010-a=5 | books-t2010-b=5
q077,an unlikely friendship between two very different people,Torso,CrossStripe,Conceptual,Keyword,minmax-norm,0.8273475280122407,0.6,0.42857142857142855,0.4222222222222222,0.47846737815787954,0.2942381391255385,0.9,2,0.00045,54.4233,books-t2010-a=4 | books-t2010-b=6
q077,an unlikely friendship between two very different people,Torso,CrossStripe,Conceptual,Keyword,zscore-norm,0.9504141760399865,0.6,0.42857142857142855,0.6444444444444445,0.6515845853281541,0.338791744538905,0.9,2,0.00045,54.415800000000004,books-t2010-a=4 | books-t2010-b=6
q077,an unlikely friendship between two very different people,Torso,CrossStripe,Conceptual,Keyword,idf-correct-probe,0.9915867316125976,1,1,0.7777777777777778,0.7831898273397692,0.3054541305756612,1,12,0.0024500000000000004,486.2021,books-t2010-a=8 | books-t2010-b=2
q077,an unlikely friendship between two very different people,Torso,CrossStripe,Conceptual,Keyword,idf-correct-sidecar,0.9915867316125976,1,1,0.7777777777777778,0.7831898273397692,0.3054541305756612,1,2,0.00045,54.4595,books-t2010-a=8 | books-t2010-b=2
q078,climate change and environmental collapse,Torso,CrossStripe,Mixed,Keyword,single-index,1,1,1,1,1,0.8062973337341608,1,1,0.00035,61.539,books-oracle2=10
q078,climate change and environmental collapse,Torso,CrossStripe,Mixed,Keyword,naive-score,0.9996851270325288,1,1,0.9111111111111111,0.8454957266891057,0.812391361144136,1,2,0.00035,53.5141,books-t2010-a=5 | books-t2010-b=5
q078,climate change and environmental collapse,Torso,CrossStripe,Mixed,Keyword,interleave,0.9448169282911766,1,1,0.8222222222222222,0.7346112985582411,0.7978825996247699,1,2,0.00035,53.5043,books-t2010-a=5 | books-t2010-b=5
q078,climate change and environmental collapse,Torso,CrossStripe,Mixed,Keyword,quota-merge,0.9362617008207503,0.8,0.6666666666666666,0.9111111111111111,0.7293901186892201,0.8004868999963353,1,2,0.00035,53.495599999999996,books-t2010-a=7 | books-t2010-b=3
q078,climate change and environmental collapse,Torso,CrossStripe,Mixed,Keyword,global-rrf,0.9450886122511509,1,1,0.8666666666666667,0.7449776792684206,0.8096682195878032,1,2,0.00035,53.5124,books-t2010-a=5 | books-t2010-b=5
q078,climate change and environmental collapse,Torso,CrossStripe,Mixed,Keyword,minmax-norm,0.9454034852186222,1,1,0.9555555555555556,0.7586187075977409,0.8062973337341608,1,2,0.00035,53.5401,books-t2010-a=5 | books-t2010-b=5
q078,climate change and environmental collapse,Torso,CrossStripe,Mixed,Keyword,zscore-norm,0.9989164129087819,1,1,0.8222222222222222,0.8279718985322995,0.8200774014657629,1,2,0.00035,53.5615,books-t2010-a=5 | books-t2010-b=5
q078,climate change and environmental collapse,Torso,CrossStripe,Mixed,Keyword,idf-correct-probe,0.9996851270325288,1,1,0.9111111111111111,0.8454957266891057,0.812391361144136,1,10,0.0021000000000000003,398.8064,books-t2010-a=5 | books-t2010-b=5
q078,climate change and environmental collapse,Torso,CrossStripe,Mixed,Keyword,idf-correct-sidecar,1,1,1,1,0.8591367550184259,0.8062973337341608,1,2,0.00035,53.5457,books-t2010-a=5 | books-t2010-b=5
q079,memory and how unreliable it can be,Torso,CrossStripe,Conceptual,Keyword,single-index,1,1,1,1,1,0.454858502406438,1,1,0.000216667,60.3888,books-oracle2=10
q079,memory and how unreliable it can be,Torso,CrossStripe,Conceptual,Keyword,naive-score,0.9963650765003711,0.9,0.8181818181818182,0.8222222222222222,0.8220934738486209,0.42646383521169984,0.9,2,0.000766667,54.1499,books-t2010-a=7 | books-t2010-b=3
q079,memory and how unreliable it can be,Torso,CrossStripe,Conceptual,Keyword,interleave,0.9584974049222501,0.8,0.6666666666666666,0.4222222222222222,0.6514340388898306,0.40734059484137614,0.8,2,0.000766667,54.1401,books-t2010-a=5 | books-t2010-b=5
q079,memory and how unreliable it can be,Torso,CrossStripe,Conceptual,Keyword,quota-merge,0.8615614874123669,0.9,0.8181818181818182,0.3333333333333333,0.5407690600596213,0.3280732356671859,0.9,2,0.000766667,54.1302,books-t2010-a=7 | books-t2010-b=3
q079,memory and how unreliable it can be,Torso,CrossStripe,Conceptual,Keyword,global-rrf,0.8514336715323698,0.8,0.6666666666666666,0.28888888888888886,0.5105861404830185,0.3336087161767283,0.8,2,0.000766667,54.1493,books-t2010-a=5 | books-t2010-b=5
q079,memory and how unreliable it can be,Torso,CrossStripe,Conceptual,Keyword,minmax-norm,0.8196548873098856,0.7,0.5384615384615384,0.1111111111111111,0.4326443243270142,0.2649336543263332,0.7,2,0.000766667,54.1765,books-t2010-a=4 | books-t2010-b=6
q079,memory and how unreliable it can be,Torso,CrossStripe,Conceptual,Keyword,zscore-norm,0.9405391754657989,0.7,0.5384615384615384,0.5555555555555556,0.6337939242193303,0.3422149864964602,0.7,2,0.000766667,54.1706,books-t2010-a=4 | books-t2010-b=6
q079,memory and how unreliable it can be,Torso,CrossStripe,Conceptual,Keyword,idf-correct-probe,0.9871509130456712,0.8,0.6666666666666666,0.8222222222222222,0.79943049058334,0.4283793441146811,0.8,8,0.001966667,311.3043,books-t2010-a=5 | books-t2010-b=5
q079,memory and how unreliable it can be,Torso,CrossStripe,Conceptual,Keyword,idf-correct-sidecar,0.9888233713970854,0.8,0.6666666666666666,0.8222222222222222,0.79943049058334,0.41020197605783776,0.8,2,0.000766667,54.18,books-t2010-a=6 | books-t2010-b=4
q080,a doctor confronting the limits of medicine,Tail,CrossStripe,Conceptual,Keyword,single-index,1,1,1,1,1,0.5357916837107143,1,1,0.000366667,61.1818,books-oracle2=10
q080,a doctor confronting the limits of medicine,Tail,CrossStripe,Conceptual,Keyword,naive-score,0.9793759925927895,0.9,0.8181818181818182,0.6,0.7194449008925389,0.516863999849467,1,2,0.0006833340000000001,53.1203,books-t2010-a=7 | books-t2010-b=3
q080,a doctor confronting the limits of medicine,Tail,CrossStripe,Conceptual,Keyword,interleave,0.9224133434145606,0.9,0.8181818181818182,0.5555555555555556,0.6302565891786076,0.39140314094700124,0.9,2,0.0006833340000000001,53.110600000000005,books-t2010-a=5 | books-t2010-b=5
q080,a doctor confronting the limits of medicine,Tail,CrossStripe,Conceptual,Keyword,quota-merge,0.9884502354870071,0.9,0.8181818181818182,0.7333333333333333,0.7778680004143892,0.5246005168460174,1,2,0.0006833340000000001,53.101800000000004,books-t2010-a=7 | books-t2010-b=3
q080,a doctor confronting the limits of medicine,Tail,CrossStripe,Conceptual,Keyword,global-rrf,0.9809663448807517,0.9,0.8181818181818182,0.5555555555555556,0.7531067623553408,0.442639572731777,0.9,2,0.0006833340000000001,53.1199,books-t2010-a=5 | books-t2010-b=5
q080,a doctor confronting the limits of medicine,Tail,CrossStripe,Conceptual,Keyword,minmax-norm,0.9834824593746441,0.9,0.8181818181818182,0.7333333333333333,0.7682519557676104,0.5259448638693682,1,2,0.0006833340000000001,53.1454,books-t2010-a=7 | books-t2010-b=3
q080,a doctor confronting the limits of medicine,Tail,CrossStripe,Conceptual,Keyword,zscore-norm,0.9858327093467606,1,1,0.5111111111111111,0.7233391760010435,0.513892096694349,1,2,0.0006833340000000001,53.1588,books-t2010-a=6 | books-t2010-b=4
q080,a doctor confronting the limits of medicine,Tail,CrossStripe,Conceptual,Keyword,idf-correct-probe,0.989827652730363,0.9,0.8181818181818182,0.8222222222222222,0.7953918285711954,0.5284046530150377,1,10,0.002333335,398.9416,books-t2010-a=7 | books-t2010-b=3
q080,a doctor confronting the limits of medicine,Tail,CrossStripe,Conceptual,Keyword,idf-correct-sidecar,0.989827652730363,0.9,0.8181818181818182,0.8222222222222222,0.7953918285711954,0.5284046530150377,1,2,0.0006833340000000001,53.156600000000005,books-t2010-a=7 | books-t2010-b=3
q081,immortality and the cost of living forever,Tail,CrossStripe,Conceptual,Keyword,single-index,1,1,1,1,1,0.467288999132569,1,1,0.0004,60.2806,books-oracle2=10
q081,immortality and the cost of living forever,Tail,CrossStripe,Conceptual,Keyword,naive-score,1,1,1,1,0.8591367550184259,0.467288999132569,1,2,0.000383333,54.9571,books-t2010-a=10
q081,immortality and the cost of living forever,Tail,CrossStripe,Conceptual,Keyword,interleave,0.8847740523565745,0.5,0.3333333333333333,0.37777777777777777,0.5215647063402411,0.5308725030569913,0.7,2,0.000383333,54.9443,books-t2010-a=5 | books-t2010-b=5
q081,immortality and the cost of living forever,Tail,CrossStripe,Conceptual,Keyword,quota-merge,0.9131000429265669,0.7,0.5384615384615384,0.24444444444444444,0.562676689511347,0.4618684369732603,0.8,2,0.000383333,54.9371,books-t2010-a=7 | books-t2010-b=3
q081,immortality and the cost of living forever,Tail,CrossStripe,Conceptual,Keyword,global-rrf,0.8787283986112168,0.5,0.3333333333333333,0.24444444444444444,0.4959356365902628,0.521699774377427,0.7,2,0.000383333,54.9529,books-t2010-a=5 | books-t2010-b=5
q081,immortality and the cost of living forever,Tail,CrossStripe,Conceptual,Keyword,minmax-norm,0.81085611639029,0.3,0.17647058823529413,0.5111111111111111,0.39301008886881755,0.5014079087186224,0.7,2,0.000383333,54.9797,books-t2010-a=3 | books-t2010-b=7
q081,immortality and the cost of living forever,Tail,CrossStripe,Conceptual,Keyword,zscore-norm,0.8944747942737094,0.5,0.3333333333333333,0.15555555555555556,0.5176352459633439,0.5166654274981118,0.7,2,0.000383333,54.9742,books-t2010-a=5 | books-t2010-b=5
q081,immortality and the cost of living forever,Tail,CrossStripe,Conceptual,Keyword,idf-correct-probe,1,1,1,1,0.8591367550184259,0.467288999132569,1,8,0.0015833330000000001,314.072,books-t2010-a=10
q081,immortality and the cost of living forever,Tail,CrossStripe,Conceptual,Keyword,idf-correct-sidecar,1,1,1,1,0.8591367550184259,0.467288999132569,1,2,0.000383333,54.9838,books-t2010-a=10
q082,twins separated at birth,Tail,CrossStripe,Lexical,Keyword,single-index,1,1,1,1,1,0.32087933589191214,1,1,0.000316667,61.1119,books-oracle2=10
q082,twins separated at birth,Tail,CrossStripe,Lexical,Keyword,naive-score,0.9992302212079083,1,1,0.9555555555555556,0.8408173408760061,0.32087933589191214,1,2,0.00031666699999999997,53.324000000000005,books-t2010-a=9 | books-t2010-b=1
q082,twins separated at birth,Tail,CrossStripe,Lexical,Keyword,interleave,0.8858099314128723,0.6,0.42857142857142855,0.6,0.5738652283601209,0.2331822213844209,0.8,2,0.00031666699999999997,53.315400000000004,books-t2010-a=5 | books-t2010-b=5
q082,twins separated at birth,Tail,CrossStripe,Lexical,Keyword,quota-merge,0.9160980012574347,0.8,0.6666666666666666,0.4666666666666667,0.6312300184168638,0.3204925350397748,0.9,2,0.00031666699999999997,53.305,books-t2010-a=7 | books-t2010-b=3
q082,twins separated at birth,Tail,CrossStripe,Lexical,Keyword,global-rrf,0.8834193712985533,0.6,0.42857142857142855,0.5111111111111111,0.5614261367926847,0.23260382792219986,0.8,2,0.00031666699999999997,53.3243,books-t2010-a=5 | books-t2010-b=5
q082,twins separated at birth,Tail,CrossStripe,Lexical,Keyword,minmax-norm,0.9446337064265304,1,1,0.9111111111111111,0.7402992934553211,0.32087933589191214,1,2,0.00031666699999999997,53.347500000000004,books-t2010-a=9 | books-t2010-b=1
q082,twins separated at birth,Tail,CrossStripe,Lexical,Keyword,zscore-norm,0.9826741213181401,0.8,0.6666666666666666,0.9111111111111111,0.7968128150000816,0.33485266137225006,0.9,2,0.00031666699999999997,53.3429,books-t2010-a=7 | books-t2010-b=3
q082,twins separated at birth,Tail,CrossStripe,Lexical,Keyword,idf-correct-probe,0.9992302212079083,1,1,0.9555555555555556,0.8408173408760061,0.32087933589191214,1,8,0.0015666680000000002,313.63370000000003,books-t2010-a=9 | books-t2010-b=1
q082,twins separated at birth,Tail,CrossStripe,Lexical,Keyword,idf-correct-sidecar,0.9446337064265304,1,1,0.9111111111111111,0.7402992934553211,0.32087933589191214,1,2,0.00031666699999999997,53.3524,books-t2010-a=9 | books-t2010-b=1
q083,a letter that arrives decades too late,Tail,CrossStripe,Conceptual,Keyword,single-index,1,1,1,1,1,0.16185245180915425,1,1,0.000366667,88.8479,books-oracle2=10
q083,a letter that arrives decades too late,Tail,CrossStripe,Conceptual,Keyword,naive-score,0.9966245909508786,0.9,0.8181818181818182,0.9111111111111111,0.8357865907935839,0.16264599174939334,1,2,0.000516667,54.7781,books-t2010-a=6 | books-t2010-b=4
q083,a letter that arrives decades too late,Tail,CrossStripe,Conceptual,Keyword,interleave,0.9283646393415776,0.8,0.6666666666666666,0.7777777777777778,0.6673743424707276,0.19483201386636573,0.9,2,0.000516667,54.7517,books-t2010-a=5 | books-t2010-b=5
q083,a letter that arrives decades too late,Tail,CrossStripe,Conceptual,Keyword,quota-merge,0.9404295768624947,0.9,0.8181818181818182,0.7333333333333333,0.690861069536882,0.3068624515314815,1,2,0.000516667,54.7417,books-t2010-a=7 | books-t2010-b=3
q083,a letter that arrives decades too late,Tail,CrossStripe,Conceptual,Keyword,global-rrf,0.9273104515017453,0.8,0.6666666666666666,0.7333333333333333,0.6541843642881852,0.19483201386636573,0.9,2,0.000516667,54.7597,books-t2010-a=5 | books-t2010-b=5
q083,a letter that arrives decades too late,Tail,CrossStripe,Conceptual,Keyword,minmax-norm,0.9401018508588701,0.9,0.8181818181818182,0.8222222222222222,0.7081286705693137,0.1943680916630436,1,2,0.000516667,54.7857,books-t2010-a=6 | books-t2010-b=4
q083,a letter that arrives decades too late,Tail,CrossStripe,Conceptual,Keyword,zscore-norm,0.9947864000360027,0.9,0.8181818181818182,0.7333333333333333,0.8074453317798204,0.16310991395271546,1,2,0.000516667,54.7802,books-t2010-a=6 | books-t2010-b=4
q083,a letter that arrives decades too late,Tail,CrossStripe,Conceptual,Keyword,idf-correct-probe,0.9966245909508786,0.9,0.8181818181818182,0.9111111111111111,0.8357865907935839,0.16264599174939334,1,12,0.0025500010000000005,484.2342,books-t2010-a=6 | books-t2010-b=4
q083,a letter that arrives decades too late,Tail,CrossStripe,Conceptual,Keyword,idf-correct-sidecar,0.9892476559637952,0.9,0.8181818181818182,0.8222222222222222,0.7806609858173688,0.15670575077726503,1,2,0.000516667,54.7971,books-t2010-a=6 | books-t2010-b=4
q084,music and the people who devote their lives to it,Torso,CrossStripe,Conceptual,Keyword,single-index,1,1,1,1,1,0.3311964280203346,1,1,0.000433333,60.8517,books-oracle2=10
q084,music and the people who devote their lives to it,Torso,CrossStripe,Conceptual,Keyword,naive-score,0.99690103043811,0.9,0.8181818181818182,0.9555555555555556,0.8281026071063363,0.3308263261516211,1,2,0.0008,55.0664,books-t2010-a=8 | books-t2010-b=2
q084,music and the people who devote their lives to it,Torso,CrossStripe,Conceptual,Keyword,interleave,0.910620686180319,0.7,0.5384615384615384,0.6444444444444445,0.6036681637353583,0.3411776366673926,0.8,2,0.0008,55.054500000000004,books-t2010-a=5 | books-t2010-b=5
q084,music and the people who devote their lives to it,Torso,CrossStripe,Conceptual,Keyword,quota-merge,0.9853374329329438,0.9,0.8181818181818182,0.6444444444444445,0.7568952607710295,0.3716206872350458,1,2,0.0008,55.0464,books-t2010-a=7 | books-t2010-b=3
q084,music and the people who devote their lives to it,Torso,CrossStripe,Conceptual,Keyword,global-rrf,0.9618671525577908,0.7,0.5384615384615384,0.6,0.6965548666361436,0.3411776366673926,0.8,2,0.0008,55.0638,books-t2010-a=5 | books-t2010-b=5
q084,music and the people who devote their lives to it,Torso,CrossStripe,Conceptual,Keyword,minmax-norm,0.9810943258885209,0.8,0.6666666666666666,0.8666666666666667,0.7702123730318717,0.3389327455927332,0.9,2,0.0008,55.0918,books-t2010-a=6 | books-t2010-b=4
q084,music and the people who devote their lives to it,Torso,CrossStripe,Conceptual,Keyword,zscore-norm,0.950034581759945,0.7,0.5384615384615384,0.6444444444444445,0.6688455734536416,0.3678366201579148,0.8,2,0.0008,55.0859,books-t2010-a=5 | books-t2010-b=5
q084,music and the people who devote their lives to it,Torso,CrossStripe,Conceptual,Keyword,idf-correct-probe,0.9919296218195661,0.9,0.8181818181818182,0.8222222222222222,0.7965932147813741,0.3430827443733838,1,8,0.00205,375.29949999999997,books-t2010-a=8 | books-t2010-b=2
q084,music and the people who devote their lives to it,Torso,CrossStripe,Conceptual,Keyword,idf-correct-sidecar,0.9919296218195661,0.9,0.8181818181818182,0.8222222222222222,0.7965932147813741,0.3430827443733838,1,2,0.0008,55.0989,books-t2010-a=8 | books-t2010-b=2
q085,a trial that divides a town,Torso,CrossStripe,Conceptual,Keyword,single-index,1,1,1,1,1,0.1601766584003884,1,1,0.000366667,62.7098,books-oracle2=10
q085,a trial that divides a town,Torso,CrossStripe,Conceptual,Keyword,naive-score,0.9994382135442279,1,1,0.8666666666666667,0.8335076852684477,0.16098012940049206,1,2,0.000666667,54.9307,books-t2010-a=7 | books-t2010-b=3
q085,a trial that divides a town,Torso,CrossStripe,Conceptual,Keyword,interleave,0.9347405452486034,0.8,0.6666666666666666,0.8222222222222222,0.6959644227478782,0.20362405225612273,1,2,0.000666667,54.9196,books-t2010-a=5 | books-t2010-b=5
q085,a trial that divides a town,Torso,CrossStripe,Conceptual,Keyword,quota-merge,0.9432282967425855,1,1,0.8222222222222222,0.717216831635872,0.19691632477174098,1,2,0.000666667,54.911300000000004,books-t2010-a=7 | books-t2010-b=3
q085,a trial that divides a town,Torso,CrossStripe,Conceptual,Keyword,global-rrf,0.932566321340071,0.8,0.6666666666666666,0.6888888888888889,0.6703353529978998,0.203865708947286,1,2,0.000666667,54.9284,books-t2010-a=5 | books-t2010-b=5
q085,a trial that divides a town,Torso,CrossStripe,Conceptual,Keyword,minmax-norm,0.944969672523137,1,1,0.8666666666666667,0.7406209823676619,0.19691632477174098,1,2,0.000666667,54.953500000000005,books-t2010-a=7 | books-t2010-b=3
q085,a trial that divides a town,Torso,CrossStripe,Conceptual,Keyword,zscore-norm,0.9895987307786466,0.8,0.6666666666666666,0.9111111111111111,0.802492153977984,0.16926534242881006,1,2,0.000666667,54.9485,books-t2010-a=5 | books-t2010-b=5
q085,a trial that divides a town,Torso,CrossStripe,Conceptual,Keyword,idf-correct-probe,0.9999426168282078,1,1,0.9555555555555556,0.8543290079708894,0.1601766584003884,1,6,0.001500001,226.9666,books-t2010-a=7 | books-t2010-b=3
q085,a trial that divides a town,Torso,CrossStripe,Conceptual,Keyword,idf-correct-sidecar,0.9994382135442279,1,1,0.8666666666666667,0.8335076852684477,0.16098012940049206,1,2,0.000666667,54.9634,books-t2010-a=7 | books-t2010-b=3
q086,forbidden love across a social divide,Torso,CrossStripe,Conceptual,Keyword,single-index,1,1,1,1,1,0.27705943918221815,0.9,1,0.000416667,61.3146,books-oracle2=10
q086,forbidden love across a social divide,Torso,CrossStripe,Conceptual,Keyword,naive-score,0.9973835606821587,0.9,0.8181818181818182,1,0.8504347328623846,0.2384474728495852,0.9,2,0.000583334,56.5529,books-t2010-a=8 | books-t2010-b=2
q086,forbidden love across a social divide,Torso,CrossStripe,Conceptual,Keyword,interleave,0.9779440401827029,0.8,0.6666666666666666,0.8222222222222222,0.7509155265007645,0.272285909621781,0.8,2,0.000583334,56.543,books-t2010-a=5 | books-t2010-b=5
q086,forbidden love across a social divide,Torso,CrossStripe,Conceptual,Keyword,quota-merge,0.9856897569180727,1,1,0.7333333333333333,0.7500402707267634,0.2849762469642291,0.9,2,0.000583334,56.5326,books-t2010-a=7 | books-t2010-b=3
q086,forbidden love across a social divide,Torso,CrossStripe,Conceptual,Keyword,global-rrf,0.9707098954471128,0.8,0.6666666666666666,0.6888888888888889,0.7029543309947378,0.27925844878944983,0.8,2,0.000583334,56.5514,books-t2010-a=5 | books-t2010-b=5
q086,forbidden love across a social divide,Torso,CrossStripe,Conceptual,Keyword,minmax-norm,0.9322693998064323,0.6,0.42857142857142855,0.7333333333333333,0.6176975744382353,0.20638496257708122,0.6,2,0.000583334,56.5821,books-t2010-a=3 | books-t2010-b=7
q086,forbidden love across a social divide,Torso,CrossStripe,Conceptual,Keyword,zscore-norm,0.9682598240327109,0.8,0.6666666666666666,0.5555555555555556,0.6822444165008735,0.2804863110759415,0.8,2,0.000583334,56.5742,books-t2010-a=5 | books-t2010-b=5
q086,forbidden love across a social divide,Torso,CrossStripe,Conceptual,Keyword,idf-correct-probe,0.9999426168282078,1,1,0.9555555555555556,0.8543290079708894,0.2748022089632719,0.9,6,0.001416668,232.2692,books-t2010-a=7 | books-t2010-b=3
q086,forbidden love across a social divide,Torso,CrossStripe,Conceptual,Keyword,idf-correct-sidecar,0.9999426168282078,1,1,0.9555555555555556,0.8543290079708894,0.2748022089632719,0.9,2,0.000583334,56.5879,books-t2010-a=7 | books-t2010-b=3
q087,an old man looking back on his life,Torso,CrossStripe,Conceptual,Keyword,single-index,1,1,1,1,1,0.06698743049663076,1,1,0.000433333,61.4705,books-oracle2=10
q087,an old man looking back on his life,Torso,CrossStripe,Conceptual,Keyword,naive-score,0.9839511716961973,0.9,0.8181818181818182,0.9111111111111111,0.8105250176248388,0.06773375535110086,0.9,2,0.0006166660000000001,65.1096,books-t2010-a=9 | books-t2010-b=1
q087,an old man looking back on his life,Torso,CrossStripe,Conceptual,Keyword,interleave,0.9671360148566136,0.7,0.5384615384615384,0.7777777777777778,0.7060586790180204,0.05507200053144347,0.7,2,0.0006166660000000001,65.0958,books-t2010-a=5 | books-t2010-b=5
q087,an old man looking back on his life,Torso,CrossStripe,Conceptual,Keyword,quota-merge,0.9825209556265815,0.9,0.8181818181818182,0.6444444444444445,0.7388020122353063,0.05454307883998906,0.9,2,0.0006166660000000001,65.0852,books-t2010-a=7 | books-t2010-b=3
q087,an old man looking back on his life,Torso,CrossStripe,Conceptual,Keyword,global-rrf,0.9643620388287257,0.7,0.5384615384615384,0.6888888888888889,0.6880609537879415,0.053681701740288565,0.7,2,0.0006166660000000001,65.1061,books-t2010-a=5 | books-t2010-b=5
q087,an old man looking back on his life,Torso,CrossStripe,Conceptual,Keyword,minmax-norm,0.9528469920853203,0.7,0.5384615384615384,0.4666666666666667,0.6297562244982302,0.05235236742165669,0.7,2,0.0006166660000000001,65.142,books-t2010-a=5 | books-t2010-b=5
q087,an old man looking back on his life,Torso,CrossStripe,Conceptual,Keyword,zscore-norm,0.9528469920853203,0.7,0.5384615384615384,0.4666666666666667,0.6297562244982302,0.05235236742165669,0.7,2,0.0006166660000000001,65.1319,books-t2010-a=5 | books-t2010-b=5
q087,an old man looking back on his life,Torso,CrossStripe,Conceptual,Keyword,idf-correct-probe,0.9899970158815472,0.9,0.8181818181818182,0.8222222222222222,0.7777309878529665,0.05830218922502698,0.9,10,0.0022500000000000003,418.17560000000003,books-t2010-a=8 | books-t2010-b=2
q087,an old man looking back on his life,Torso,CrossStripe,Conceptual,Keyword,idf-correct-sidecar,0.988410053887968,0.9,0.8181818181818182,0.6888888888888889,0.7652918962855305,0.05830218922502698,0.9,2,0.0006166660000000001,65.1368,books-t2010-a=8 | books-t2010-b=2
q088,letters and diaries as a way of telling a story,Tail,CrossStripe,Conceptual,Keyword,single-index,1,1,1,1,1,0.9603250160361273,1,1,0.0004,61.7048,books-oracle2=10
q088,letters and diaries as a way of telling a story,Tail,CrossStripe,Conceptual,Keyword,naive-score,0.9986338155258704,1,1,0.7777777777777778,0.8223685654991493,0.9636452638863133,1,2,0.00075,53.080799999999996,books-t2010-a=8 | books-t2010-b=2
q088,letters and diaries as a way of telling a story,Tail,CrossStripe,Conceptual,Keyword,interleave,0.9452935298710993,0.7,0.5384615384615384,0.5111111111111111,0.6217889563819259,0.866947989864271,0.8,2,0.00075,53.071299999999994,books-t2010-a=5 | books-t2010-b=5
q088,letters and diaries as a way of telling a story,Tail,CrossStripe,Conceptual,Keyword,quota-merge,0.9537340929274896,0.9,0.8181818181818182,0.4222222222222222,0.6345411390504657,1,1,2,0.00075,53.0618,books-t2010-a=7 | books-t2010-b=3
q088,letters and diaries as a way of telling a story,Tail,CrossStripe,Conceptual,Keyword,global-rrf,0.9353457619427045,0.7,0.5384615384615384,0.4222222222222222,0.5898413365308043,0.8643145546088337,0.8,2,0.00075,53.079499999999996,books-t2010-a=5 | books-t2010-b=5
q088,letters and diaries as a way of telling a story,Tail,CrossStripe,Conceptual,Keyword,minmax-norm,0.8969713577286441,0.5,0.3333333333333333,0.6,0.5369776497829826,0.7222954974312066,0.6,2,0.00075,53.1072,books-t2010-a=3 | books-t2010-b=7
q088,letters and diaries as a way of telling a story,Tail,CrossStripe,Conceptual,Keyword,zscore-norm,0.956199815274953,0.7,0.5384615384615384,0.4666666666666667,0.654582986153798,0.8603818544462509,0.8,2,0.00075,53.1035,books-t2010-a=5 | books-t2010-b=5
q088,letters and diaries as a way of telling a story,Tail,CrossStripe,Conceptual,Keyword,idf-correct-probe,0.9986338155258704,1,1,0.7777777777777778,0.8223685654991493,0.9636452638863133,1,10,0.002433335,399.06649999999996,books-t2010-a=8 | books-t2010-b=2
q088,letters and diaries as a way of telling a story,Tail,CrossStripe,Conceptual,Keyword,idf-correct-sidecar,0.9986338155258704,1,1,0.7777777777777778,0.8223685654991493,0.9636452638863133,1,2,0.00075,53.1173,books-t2010-a=8 | books-t2010-b=2
q089,the price of ambition,Torso,CrossStripe,Conceptual,Keyword,single-index,1,1,1,1,1,0.15090505422145187,1,1,0.00035,60.0181,books-oracle2=10
q089,the price of ambition,Torso,CrossStripe,Conceptual,Keyword,naive-score,0.9899838072186723,0.8,0.6666666666666666,0.9555555555555556,0.8270845686375425,0.15090505422145187,1,2,0.00035,52.5786,books-t2010-a=8 | books-t2010-b=2
q089,the price of ambition,Torso,CrossStripe,Conceptual,Keyword,interleave,0.9398330163456267,0.6,0.42857142857142855,0.5555555555555556,0.6082633603259849,0.2097831797989472,0.9,2,0.00035,52.5689,books-t2010-a=5 | books-t2010-b=5
q089,the price of ambition,Torso,CrossStripe,Conceptual,Keyword,quota-merge,0.8528376729965781,0.8,0.6666666666666666,0.28888888888888886,0.5120552874077889,0.25271145925038563,1,2,0.00035,52.5603,books-t2010-a=7 | books-t2010-b=3
q089,the price of ambition,Torso,CrossStripe,Conceptual,Keyword,global-rrf,0.8356471203772892,0.6,0.42857142857142855,0.4222222222222222,0.4674154619191727,0.26910701851838453,0.9,2,0.00035,52.577,books-t2010-a=5 | books-t2010-b=5
q089,the price of ambition,Torso,CrossStripe,Conceptual,Keyword,minmax-norm,0.8539708689630531,0.6,0.42857142857142855,0.6444444444444445,0.5443394418196322,0.27840815552858417,0.9,2,0.00035,52.6015,books-t2010-a=4 | books-t2010-b=6
q089,the price of ambition,Torso,CrossStripe,Conceptual,Keyword,zscore-norm,0.8539708689630531,0.6,0.42857142857142855,0.6444444444444445,0.5443394418196322,0.27840815552858417,0.9,2,0.00035,52.5965,books-t2010-a=4 | books-t2010-b=6
q089,the price of ambition,Torso,CrossStripe,Conceptual,Keyword,idf-correct-probe,0.9899838072186723,0.8,0.6666666666666666,0.9555555555555556,0.8270845686375425,0.15090505422145187,1,6,0.00115,227.0187,books-t2010-a=8 | books-t2010-b=2
q089,the price of ambition,Torso,CrossStripe,Conceptual,Keyword,idf-correct-sidecar,0.9899838072186723,0.8,0.6666666666666666,0.9555555555555556,0.8270845686375425,0.15090505422145187,1,2,0.00035,52.6007,books-t2010-a=8 | books-t2010-b=2
q090,a con artist whose scheme goes wrong,Tail,CrossStripe,Conceptual,Keyword,single-index,1,1,1,1,1,0.3740924291935998,1,1,0.000383333,60.7282,books-oracle2=10
q090,a con artist whose scheme goes wrong,Tail,CrossStripe,Conceptual,Keyword,naive-score,0.9982319744610236,1,1,0.8666666666666667,0.8216176788840429,0.3611085510304983,1,2,0.0007,57.1295,books-t2010-a=7 | books-t2010-b=3
q090,a con artist whose scheme goes wrong,Tail,CrossStripe,Conceptual,Keyword,interleave,0.9893126760781173,0.8,0.6666666666666666,0.8666666666666667,0.8058353900040549,0.3987476762419752,1,2,0.0007,57.1184,books-t2010-a=5 | books-t2010-b=5
q090,a con artist whose scheme goes wrong,Tail,CrossStripe,Conceptual,Keyword,quota-merge,0.9975722654628962,1,1,0.8666666666666667,0.8144730540580347,0.3860367663747243,1,2,0.0007,57.1047,books-t2010-a=7 | books-t2010-b=3
q090,a con artist whose scheme goes wrong,Tail,CrossStripe,Conceptual,Keyword,global-rrf,0.9862910820496417,0.8,0.6666666666666666,0.7333333333333333,0.7662564256330334,0.399997142124322,1,2,0.0007,57.1278,books-t2010-a=5 | books-t2010-b=5
q090,a con artist whose scheme goes wrong,Tail,CrossStripe,Conceptual,Keyword,minmax-norm,0.9936348496005358,0.9,0.8181818181818182,0.8222222222222222,0.7915739399799705,0.4071274389618527,1,2,0.0007,57.1631,books-t2010-a=6 | books-t2010-b=4
q090,a con artist whose scheme goes wrong,Tail,CrossStripe,Conceptual,Keyword,zscore-norm,0.9357969138652856,0.9,0.8181818181818182,0.7333333333333333,0.672736478416866,0.3835548353946236,1,2,0.0007,57.143,books-t2010-a=6 | books-t2010-b=4
q090,a con artist whose scheme goes wrong,Tail,CrossStripe,Conceptual,Keyword,idf-correct-probe,0.9979458009290821,1,1,0.9111111111111111,0.8243655376949416,0.3793308869104682,1,14,0.0031500010000000004,580.8895,books-t2010-a=7 | books-t2010-b=3
q090,a con artist whose scheme goes wrong,Tail,CrossStripe,Conceptual,Keyword,idf-correct-sidecar,0.999872026239713,1,1,0.9555555555555556,0.8515054104985265,0.3793308869104682,1,2,0.0007,57.1873,books-t2010-a=7 | books-t2010-b=3
q091,prison,Head,CrossStripe,Lexical,Keyword,single-index,1,1,1,1,1,0.7658051380782571,1,1,0.000283333,61.3574,books-oracle2=10
q091,prison,Head,CrossStripe,Lexical,Keyword,naive-score,0.9971427468997447,0.9,0.8181818181818182,0.9111111111111111,0.8237330875849593,0.7564393692834711,1,2,0.000416666,52.861000000000004,books-t2010-a=8 | books-t2010-b=2
q091,prison,Head,CrossStripe,Lexical,Keyword,interleave,0.9579009489315327,0.7,0.5384615384615384,0.7333333333333333,0.6841226428606977,0.6110374045515217,0.8,2,0.000416666,52.8493,books-t2010-a=5 | books-t2010-b=5
q091,prison,Head,CrossStripe,Lexical,Keyword,quota-merge,0.9036262951712976,0.9,0.8181818181818182,0.5555555555555556,0.6145021365636003,0.662860092262725,1,2,0.000416666,52.8408,books-t2010-a=7 | books-t2010-b=3
q091,prison,Head,CrossStripe,Lexical,Keyword,global-rrf,0.874280737208857,0.7,0.5384615384615384,0.5555555555555556,0.5440256310689917,0.523241946708976,0.8,2,0.000416666,52.859,books-t2010-a=5 | books-t2010-b=5
q091,prison,Head,CrossStripe,Lexical,Keyword,minmax-norm,0.8050743025923145,0.4,0.25,0.8222222222222222,0.4482535460101219,0.32088035162299333,0.6,2,0.000416666,52.8828,books-t2010-a=2 | books-t2010-b=8
q091,prison,Head,CrossStripe,Lexical,Keyword,zscore-norm,0.8790392392266045,0.4,0.25,0.8666666666666667,0.5487715934308066,0.40210967404751896,0.6,2,0.000416666,52.8788,books-t2010-a=2 | books-t2010-b=8
q091,prison,Head,CrossStripe,Lexical,Keyword,idf-correct-probe,0.998827255748741,0.9,0.8181818181818182,1,0.8552424799099213,0.7658051380782571,1,4,0.000816666,139.346,books-t2010-a=8 | books-t2010-b=2
q091,prison,Head,CrossStripe,Lexical,Keyword,idf-correct-sidecar,0.9971427468997447,0.9,0.8181818181818182,0.9111111111111111,0.8237330875849593,0.7564393692834711,1,2,0.000416666,52.8858,books-t2010-a=8 | books-t2010-b=2
q092,language and the way words shape thought,Tail,CrossStripe,Conceptual,Keyword,single-index,1,1,1,1,1,0.39848481749019854,1,1,0.0004,61.2634,books-oracle2=10
q092,language and the way words shape thought,Tail,CrossStripe,Conceptual,Keyword,naive-score,0.9936465177373562,0.9,0.8181818181818182,0.6444444444444445,0.7942553535972778,0.3842683784844259,0.9,2,0.00075,54.2377,books-t2010-a=7 | books-t2010-b=3
q092,language and the way words shape thought,Tail,CrossStripe,Conceptual,Keyword,interleave,0.9259323469485616,0.7,0.5384615384615384,0.4222222222222222,0.5889165214451418,0.3845867670950342,0.8,2,0.00075,54.2252,books-t2010-a=5 | books-t2010-b=5
q092,language and the way words shape thought,Tail,CrossStripe,Conceptual,Keyword,quota-merge,0.9491197014392052,0.9,0.8181818181818182,0.2,0.6174973683897049,0.3852947505012594,0.9,2,0.00075,54.216899999999995,books-t2010-a=7 | books-t2010-b=3
q092,language and the way words shape thought,Tail,CrossStripe,Conceptual,Keyword,global-rrf,0.913239376860222,0.7,0.5384615384615384,0.28888888888888886,0.5493375570741207,0.38308342275522295,0.8,2,0.00075,54.2343,books-t2010-a=5 | books-t2010-b=5
q092,language and the way words shape thought,Tail,CrossStripe,Conceptual,Keyword,minmax-norm,0.8058466092877228,0.4,0.25,0.6888888888888889,0.4061323662985407,0.3466166593403035,0.6,2,0.00075,54.2621,books-t2010-a=2 | books-t2010-b=8
q092,language and the way words shape thought,Tail,CrossStripe,Conceptual,Keyword,zscore-norm,0.9130424070967604,0.6,0.42857142857142855,0.4666666666666667,0.573670647609137,0.34017519088971615,0.7,2,0.00075,54.2557,books-t2010-a=4 | books-t2010-b=6
q092,language and the way words shape thought,Tail,CrossStripe,Conceptual,Keyword,idf-correct-probe,0.995383204351448,0.9,0.8181818181818182,0.9111111111111111,0.8396173020054271,0.4116968421373865,1,10,0.0024166680000000003,400.7694,books-t2010-a=9 | books-t2010-b=1
q092,language and the way words shape thought,Tail,CrossStripe,Conceptual,Keyword,idf-correct-sidecar,0.995383204351448,0.9,0.8181818181818182,0.9111111111111111,0.8396173020054271,0.4116968421373865,1,2,0.00075,54.2819,books-t2010-a=9 | books-t2010-b=1
q093,a house that holds a family's history,Torso,CrossStripe,Conceptual,Keyword,single-index,1,1,1,1,1,0.6374258790526239,1,1,0.000416667,63.0211,books-oracle2=10
q093,a house that holds a family's history,Torso,CrossStripe,Conceptual,Keyword,naive-score,0.9942037033623959,0.9,0.8181818181818182,0.7777777777777778,0.8028889947972352,0.6158852914230805,0.9,2,0.000766667,54.6309,books-t2010-a=4 | books-t2010-b=6
q093,a house that holds a family's history,Torso,CrossStripe,Conceptual,Keyword,interleave,0.8887460513215935,1,1,0.4666666666666667,0.5784338666100953,0.45726438987774115,1,2,0.000766667,54.6204,books-t2010-a=5 | books-t2010-b=5
q093,a house that holds a family's history,Torso,CrossStripe,Conceptual,Keyword,quota-merge,0.8678497191304763,0.8,0.6666666666666666,0.7333333333333333,0.556641660447352,0.33330106377043384,1,2,0.000766667,54.6106,books-t2010-a=7 | books-t2010-b=3
q093,a house that holds a family's history,Torso,CrossStripe,Conceptual,Keyword,global-rrf,0.8893607136952472,1,1,0.5111111111111111,0.5860652111299948,0.46119709004032394,1,2,0.000766667,54.6288,books-t2010-a=5 | books-t2010-b=5
q093,a house that holds a family's history,Torso,CrossStripe,Conceptual,Keyword,minmax-norm,0.8843805133684522,0.9,0.8181818181818182,0.4222222222222222,0.5673285214819912,0.3909466411961669,1,2,0.000766667,54.6577,books-t2010-a=6 | books-t2010-b=4
q093,a house that holds a family's history,Torso,CrossStripe,Conceptual,Keyword,zscore-norm,0.9818992352150454,0.9,0.8181818181818182,0.6,0.7267207185713045,0.508102222990178,1,2,0.000766667,54.6521,books-t2010-a=6 | books-t2010-b=4
q093,a house that holds a family's history,Torso,CrossStripe,Conceptual,Keyword,idf-correct-probe,0.9927105474121397,0.9,0.8181818181818182,0.7333333333333333,0.7873931781271784,0.6583964643967594,0.9,4,0.001366667,142.1297,books-t2010-a=4 | books-t2010-b=6
q093,a house that holds a family's history,Torso,CrossStripe,Conceptual,Keyword,idf-correct-sidecar,0.9948183657360496,0.9,0.8181818181818182,0.8222222222222222,0.810520339317135,0.6198179915856633,0.9,2,0.000766667,54.6635,books-t2010-a=4 | books-t2010-b=6
q094,surveillance and the loss of privacy,Torso,CrossStripe,Mixed,Keyword,single-index,1,1,1,1,1,0.4821116833040389,1,1,0.00035,61.2,books-oracle2=10
q094,surveillance and the loss of privacy,Torso,CrossStripe,Mixed,Keyword,naive-score,0.9622768546233402,0.7,0.5384615384615384,0.7333333333333333,0.7501315722301916,0.5956302111444528,1,2,0.000633333,53.010799999999996,books-t2010-a=9 | books-t2010-b=1
q094,surveillance and the loss of privacy,Torso,CrossStripe,Mixed,Keyword,interleave,0.9157481552138491,0.6,0.42857142857142855,0.8666666666666667,0.6540996669591103,0.4792806298581887,1,2,0.000633333,53.001999999999995,books-t2010-a=5 | books-t2010-b=5
q094,surveillance and the loss of privacy,Torso,CrossStripe,Mixed,Keyword,quota-merge,0.9283250097276902,0.8,0.6666666666666666,0.6888888888888889,0.6853580812312774,0.4777758097122245,1,2,0.000633333,52.992999999999995,books-t2010-a=7 | books-t2010-b=3
q094,surveillance and the loss of privacy,Torso,CrossStripe,Mixed,Keyword,global-rrf,0.9157481552138491,0.6,0.42857142857142855,0.8666666666666667,0.6540996669591103,0.4792806298581887,1,2,0.000633333,53.0113,books-t2010-a=5 | books-t2010-b=5
q094,surveillance and the loss of privacy,Torso,CrossStripe,Mixed,Keyword,minmax-norm,0.9259422628540931,0.8,0.6666666666666666,0.6888888888888889,0.7008538979013343,0.4792806298581887,1,2,0.000633333,53.0365,books-t2010-a=8 | books-t2010-b=2
q094,surveillance and the loss of privacy,Torso,CrossStripe,Mixed,Keyword,zscore-norm,0.9689698557797496,0.6,0.42857142857142855,0.7333333333333333,0.7546177143797952,0.5571897044325284,1,2,0.000633333,53.0308,books-t2010-a=5 | books-t2010-b=5
q094,surveillance and the loss of privacy,Torso,CrossStripe,Mixed,Keyword,idf-correct-probe,0.9805387776354709,0.8,0.6666666666666666,0.7333333333333333,0.8013719453220193,0.5605099522827143,1,8,0.0018333330000000001,310.96930000000003,books-t2010-a=8 | books-t2010-b=2
q094,surveillance and the loss of privacy,Torso,CrossStripe,Mixed,Keyword,idf-correct-sidecar,0.9805387776354709,0.8,0.6666666666666666,0.7333333333333333,0.8013719453220193,0.5605099522827143,1,2,0.000633333,53.040099999999995,books-t2010-a=8 | books-t2010-b=2
q095,sisters,Head,CrossStripe,Lexical,Keyword,single-index,1,1,1,1,1,0.8964467476188773,1,1,0.000316667,60.1237,books-oracle2=10
q095,sisters,Head,CrossStripe,Lexical,Keyword,naive-score,0.9757797261086997,0.9,0.8181818181818182,0.7777777777777778,0.7670505695574318,0.9057929118655972,1,2,0.00031666699999999997,53.9852,books-t2010-a=8 | books-t2010-b=2
q095,sisters,Head,CrossStripe,Lexical,Keyword,interleave,0.9857779015769234,0.8,0.6666666666666666,0.8222222222222222,0.787276891613484,0.8642207263698549,1,2,0.00031666699999999997,53.9728,books-t2010-a=5 | books-t2010-b=5
q095,sisters,Head,CrossStripe,Lexical,Keyword,quota-merge,0.939723540655794,1,1,0.8222222222222222,0.6999694424691939,0.8693202211871361,1,2,0.00031666699999999997,53.9612,books-t2010-a=7 | books-t2010-b=3
q095,sisters,Head,CrossStripe,Lexical,Keyword,global-rrf,0.9271700901987597,0.8,0.6666666666666666,0.7333333333333333,0.6519876268693146,0.8511428531302927,1,2,0.00031666699999999997,53.9771,books-t2010-a=5 | books-t2010-b=5
q095,sisters,Head,CrossStripe,Lexical,Keyword,minmax-norm,0.9335554095576937,0.9,0.8181818181818182,0.6444444444444445,0.6696277415398151,0.9056749573008228,1,2,0.00031666699999999997,54.002399999999994,books-t2010-a=6 | books-t2010-b=4
q095,sisters,Head,CrossStripe,Lexical,Keyword,zscore-norm,0.9056938818836845,0.7,0.5384615384615384,0.4222222222222222,0.5703809864594992,0.7690452190966095,0.9,2,0.00031666699999999997,53.997899999999994,books-t2010-a=4 | books-t2010-b=6
q095,sisters,Head,CrossStripe,Lexical,Keyword,idf-correct-probe,0.9959433773981804,1,1,0.7333333333333333,0.8002110508997509,0.9007619020868619,1,4,0.0007500009999999999,139.96359999999999,books-t2010-a=7 | books-t2010-b=3
q095,sisters,Head,CrossStripe,Lexical,Keyword,idf-correct-sidecar,0.9658191572992185,0.8,0.6666666666666666,1,0.7599700693601504,0.9603250160361273,1,2,0.00031666699999999997,53.996399999999994,books-t2010-a=9 | books-t2010-b=1
q096,a mentor who turns out to be wrong about everything,Tail,CrossStripe,Conceptual,Keyword,single-index,1,1,1,1,1,0,1,1,0.000416667,89.0274,books-oracle2=10
q096,a mentor who turns out to be wrong about everything,Tail,CrossStripe,Conceptual,Keyword,naive-score,0.9031648358884102,0.9,0.8181818181818182,0.7333333333333333,0.6540101793325794,0.029920149986363682,1,2,0.000416667,53.0534,books-t2010-a=6 | books-t2010-b=4
q096,a mentor who turns out to be wrong about everything,Tail,CrossStripe,Conceptual,Keyword,interleave,0.9411132168970543,0.9,0.8181818181818182,0.7333333333333333,0.6992433006718877,0.028551079005788658,1,2,0.000416667,53.0447,books-t2010-a=5 | books-t2010-b=5
q096,a mentor who turns out to be wrong about everything,Tail,CrossStripe,Conceptual,Keyword,quota-merge,0.9819213169773046,0.8,0.6666666666666666,0.9111111111111111,0.792359039649781,0.029920149986363682,1,2,0.000416667,53.0336,books-t2010-a=7 | books-t2010-b=3
q096,a mentor who turns out to be wrong about everything,Tail,CrossStripe,Conceptual,Keyword,global-rrf,0.9969785609244457,0.9,0.8181818181818182,0.7777777777777778,0.8137112427136154,0.028551079005788658,1,2,0.000416667,53.0524,books-t2010-a=5 | books-t2010-b=5
q096,a mentor who turns out to be wrong about everything,Tail,CrossStripe,Conceptual,Keyword,minmax-norm,0.9972457262125142,0.9,0.8181818181818182,0.7777777777777778,0.8185189897611519,0.027416246928458808,1,2,0.000416667,53.0794,books-t2010-a=5 | books-t2010-b=5
q096,a mentor who turns out to be wrong about everything,Tail,CrossStripe,Conceptual,Keyword,zscore-norm,0.9413803821851229,0.9,0.8181818181818182,0.7333333333333333,0.7040510477194243,0.027416246928458808,1,2,0.000416667,53.0741,books-t2010-a=5 | books-t2010-b=5
q096,a mentor who turns out to be wrong about everything,Tail,CrossStripe,Conceptual,Keyword,idf-correct-probe,0.9351567921585892,0.9,0.8181818181818182,0.8666666666666667,0.7263831734754725,0.028551079005788658,1,8,0.0016333340000000002,316.7407,books-t2010-a=6 | books-t2010-b=4
q096,a mentor who turns out to be wrong about everything,Tail,CrossStripe,Conceptual,Keyword,idf-correct-sidecar,0.9351567921585892,0.9,0.8181818181818182,0.8666666666666667,0.7263831734754725,0.028551079005788658,1,2,0.000416667,53.097300000000004,books-t2010-a=6 | books-t2010-b=4
q097,winter cold and isolation in a remote place,Torso,CrossStripe,Conceptual,Keyword,single-index,1,1,1,1,1,0.7026971674032417,1,1,0.000366667,60.8818,books-oracle2=10
q097,winter cold and isolation in a remote place,Torso,CrossStripe,Conceptual,Keyword,naive-score,0.991986187273736,1,1,0.7777777777777778,0.785562374665354,0.6696460005818794,1,2,0.0005166670000000001,54.2632,books-t2010-a=7 | books-t2010-b=3
q097,winter cold and isolation in a remote place,Torso,CrossStripe,Conceptual,Keyword,interleave,0.966492923414778,0.8,0.6666666666666666,0.6888888888888889,0.707683595414348,0.5607009152828213,1,2,0.0005166670000000001,54.2529,books-t2010-a=5 | books-t2010-b=5
q097,winter cold and isolation in a remote place,Torso,CrossStripe,Conceptual,Keyword,quota-merge,0.9711534789605554,1,1,0.5555555555555556,0.699773236733222,0.6638647017279259,1,2,0.0005166670000000001,54.2433,books-t2010-a=7 | books-t2010-b=3
q097,winter cold and isolation in a remote place,Torso,CrossStripe,Conceptual,Keyword,global-rrf,0.958778696824883,0.8,0.6666666666666666,0.5555555555555556,0.6625459973806841,0.566492669522466,1,2,0.0005166670000000001,54.260799999999996,books-t2010-a=5 | books-t2010-b=5
q097,winter cold and isolation in a remote place,Torso,CrossStripe,Conceptual,Keyword,minmax-norm,0.8584083185039522,0.5,0.3333333333333333,0.5555555555555556,0.4976082215968427,0.5706276141224137,1,2,0.0005166670000000001,54.288999999999994,books-t2010-a=2 | books-t2010-b=8
q097,winter cold and isolation in a remote place,Torso,CrossStripe,Conceptual,Keyword,zscore-norm,0.9241667360138682,0.6,0.42857142857142855,0.6888888888888889,0.5840251738232098,0.6241897177640532,1,2,0.0005166670000000001,54.2825,books-t2010-a=3 | books-t2010-b=7
q097,winter cold and isolation in a remote place,Torso,CrossStripe,Conceptual,Keyword,idf-correct-probe,0.9927525134761573,1,1,0.9111111111111111,0.8007136554965754,0.6722159593568473,1,8,0.0017166670000000003,312.0138,books-t2010-a=7 | books-t2010-b=3
q097,winter cold and isolation in a remote place,Torso,CrossStripe,Conceptual,Keyword,idf-correct-sidecar,0.9922618338491166,1,1,0.8666666666666667,0.7908211718596686,0.6722159593568473,1,2,0.0005166670000000001,54.296499999999995,books-t2010-a=7 | books-t2010-b=3
q098,money and what people will do for it,Torso,CrossStripe,Conceptual,Keyword,single-index,1,1,1,1,1,0.16866917491253652,0.9,1,0.0004,60.5689,books-oracle2=10
q098,money and what people will do for it,Torso,CrossStripe,Conceptual,Keyword,naive-score,0.9445363760678886,1,1,0.8666666666666667,0.7355362457782919,0.1686856164797245,0.9,2,0.000566667,54.3355,books-t2010-a=7 | books-t2010-b=3
q098,money and what people will do for it,Torso,CrossStripe,Conceptual,Keyword,interleave,0.9288654663322625,0.8,0.6666666666666666,0.7333333333333333,0.6761200436584001,0.1894172745881911,0.9,2,0.000566667,54.325100000000006,books-t2010-a=5 | books-t2010-b=5
q098,money and what people will do for it,Torso,CrossStripe,Conceptual,Keyword,quota-merge,0.9961841828945567,1,1,0.6888888888888889,0.7992861036797001,0.15837795694958678,0.9,2,0.000566667,54.315900000000006,books-t2010-a=7 | books-t2010-b=3
q098,money and what people will do for it,Torso,CrossStripe,Conceptual,Keyword,global-rrf,0.981060199970882,0.8,0.6666666666666666,0.6888888888888889,0.7586403658490061,0.18674342832537533,0.9,2,0.000566667,54.3316,books-t2010-a=5 | books-t2010-b=5
q098,money and what people will do for it,Torso,CrossStripe,Conceptual,Keyword,minmax-norm,0.9986934218938159,1,1,0.7777777777777778,0.8307954960046622,0.1600101663652896,0.9,2,0.000566667,54.359500000000004,books-t2010-a=7 | books-t2010-b=3
q098,money and what people will do for it,Torso,CrossStripe,Conceptual,Keyword,zscore-norm,0.9979236431017242,1,1,0.7333333333333333,0.8124760818622425,0.15837795694958678,0.9,2,0.000566667,54.376900000000006,books-t2010-a=7 | books-t2010-b=3
q098,money and what people will do for it,Torso,CrossStripe,Conceptual,Keyword,idf-correct-probe,0.9445027716123784,1,1,0.7777777777777778,0.7302774485839771,0.16171403327717243,0.9,6,0.00135,282.0397,books-t2010-a=7 | books-t2010-b=3
q098,money and what people will do for it,Torso,CrossStripe,Conceptual,Keyword,idf-correct-sidecar,0.9180159306739025,1,1,0.7777777777777778,0.6903031244389837,0.1746491506713142,0.9,2,0.000566667,54.3766,books-t2010-a=7 | books-t2010-b=3
q099,a rebellion against an unjust authority,Torso,CrossStripe,Conceptual,Keyword,single-index,1,1,1,1,1,0.6624795310311161,1,1,0.0004,60.8061,books-oracle2=10
q099,a rebellion against an unjust authority,Torso,CrossStripe,Conceptual,Keyword,naive-score,0.9988410947089096,1,1,0.8666666666666667,0.8284229486790775,0.6725759843530541,1,2,0.000566667,54.0854,books-t2010-a=6 | books-t2010-b=4
q099,a rebellion against an unjust authority,Torso,CrossStripe,Conceptual,Keyword,interleave,0.9145891415195921,0.9,0.8181818181818182,0.7333333333333333,0.6604580906681597,0.6136448224238437,0.9,2,0.000566667,54.0742,books-t2010-a=5 | books-t2010-b=5
q099,a rebellion against an unjust authority,Torso,CrossStripe,Conceptual,Keyword,quota-merge,0.9723725054755208,0.9,0.8181818181818182,0.7777777777777778,0.7172039736412851,0.5910842130842793,0.9,2,0.000566667,54.062,books-t2010-a=7 | books-t2010-b=3
q099,a rebellion against an unjust authority,Torso,CrossStripe,Conceptual,Keyword,global-rrf,0.9795188036021749,0.9,0.8181818181818182,0.6444444444444445,0.7290285182377232,0.65968537305851,0.9,2,0.000566667,54.0836,books-t2010-a=5 | books-t2010-b=5
q099,a rebellion against an unjust authority,Torso,CrossStripe,Conceptual,Keyword,minmax-norm,0.9986541955017253,1,1,0.8222222222222222,0.8224132648696566,0.6698528427967213,1,2,0.000566667,54.1166,books-t2010-a=6 | books-t2010-b=4
q099,a rebellion against an unjust authority,Torso,CrossStripe,Conceptual,Keyword,zscore-norm,0.9950382424077517,0.9,0.8181818181818182,0.7333333333333333,0.8014015123806163,0.6804671336547884,0.9,2,0.000566667,54.110099999999996,books-t2010-a=5 | books-t2010-b=5
q099,a rebellion against an unjust authority,Torso,CrossStripe,Conceptual,Keyword,idf-correct-probe,0.9986541955017253,1,1,0.8222222222222222,0.8224132648696566,0.6698528427967213,1,8,0.001933334,310.2035,books-t2010-a=6 | books-t2010-b=4
q099,a rebellion against an unjust authority,Torso,CrossStripe,Conceptual,Keyword,idf-correct-sidecar,0.9986541955017253,1,1,0.8222222222222222,0.8224132648696566,0.6698528427967213,1,2,0.000566667,54.119299999999996,books-t2010-a=6 | books-t2010-b=4
q100,the moment everything changed,Torso,CrossStripe,Conceptual,Keyword,single-index,1,1,1,1,1,0.7917063341896681,1,1,0.00035,60.2701,books-oracle2=10
q100,the moment everything changed,Torso,CrossStripe,Conceptual,Keyword,naive-score,0.99322417765716,0.8,0.6666666666666666,1,0.8375393718780861,0.7917063341896681,1,2,0.0005,52.2356,books-t2010-a=8 | books-t2010-b=2
q100,the moment everything changed,Torso,CrossStripe,Conceptual,Keyword,interleave,0.9093720216132757,0.7,0.5384615384615384,0.6,0.6134582801363316,0.6468562235661909,0.9,2,0.0005,52.2267,books-t2010-a=5 | books-t2010-b=5
q100,the moment everything changed,Torso,CrossStripe,Conceptual,Keyword,quota-merge,0.9258326133417154,0.9,0.8181818181818182,0.37777777777777777,0.623016446061843,0.7162874455029682,1,2,0.0005,52.2163,books-t2010-a=7 | books-t2010-b=3
q100,the moment everything changed,Torso,CrossStripe,Conceptual,Keyword,global-rrf,0.9004147668287359,0.7,0.5384615384615384,0.4666666666666667,0.5654970846303049,0.6429235234036081,0.9,2,0.0005,52.233599999999996,books-t2010-a=5 | books-t2010-b=5
q100,the moment everything changed,Torso,CrossStripe,Conceptual,Keyword,minmax-norm,0.9383659921271167,0.8,0.6666666666666666,0.9111111111111111,0.7310116406479804,0.7136540102475308,1,2,0.0005,52.2603,books-t2010-a=8 | books-t2010-b=2
q100,the moment everything changed,Torso,CrossStripe,Conceptual,Keyword,zscore-norm,0.9837540462487028,0.8,0.6666666666666666,0.7333333333333333,0.7783553837040471,0.7948833326720564,0.9,2,0.0005,52.254599999999996,books-t2010-a=6 | books-t2010-b=4
q100,the moment everything changed,Torso,CrossStripe,Conceptual,Keyword,idf-correct-probe,0.9925106196803467,0.8,0.6666666666666666,0.9111111111111111,0.8238983435487659,0.7948833326720564,1,6,0.001333334,230.6861,books-t2010-a=8 | books-t2010-b=2
q100,the moment everything changed,Torso,CrossStripe,Conceptual,Keyword,idf-correct-sidecar,0.9925106196803467,0.8,0.6666666666666666,0.9111111111111111,0.8238983435487659,0.7948833326720564,1,2,0.0005,52.2649,books-t2010-a=8 | books-t2010-b=2
q001,dragons and ancient magic,Torso,StripeLocal,Lexical,Vector,single-index,1,1,1,1,1,0.7305840133505547,1,1,0.000583333,72.3976,books-oracle2=10
q001,dragons and ancient magic,Torso,StripeLocal,Lexical,Vector,naive-score,1,1,1,1,0.8591367550184259,0.7305840133505547,1,2,0.00085,61.1303,books-t2010-a=8 | books-t2010-b=2
q001,dragons and ancient magic,Torso,StripeLocal,Lexical,Vector,interleave,0.9632567582073372,0.7,0.5384615384615384,0.7333333333333333,0.7131883373317408,0.6888864463474149,0.8,2,0.00085,61.117,books-t2010-a=5 | books-t2010-b=5
q001,dragons and ancient magic,Torso,StripeLocal,Lexical,Vector,quota-merge,0.9309340325482518,0.9,0.8181818181818182,0.5555555555555556,0.6515097939033694,0.736443823141967,1,2,0.00085,61.1092,books-t2010-a=7 | books-t2010-b=3
q001,dragons and ancient magic,Torso,StripeLocal,Lexical,Vector,global-rrf,0.9063158014222149,0.7,0.5384615384615384,0.6444444444444445,0.5994803117285137,0.6424696906762575,0.8,2,0.00085,61.1263,books-t2010-a=5 | books-t2010-b=5
q001,dragons and ancient magic,Torso,StripeLocal,Lexical,Vector,minmax-norm,0.9075756033218111,0.7,0.5384615384615384,0.6444444444444445,0.6050389453911565,0.6407842477494363,0.8,2,0.00085,61.1485,books-t2010-a=5 | books-t2010-b=5
q001,dragons and ancient magic,Torso,StripeLocal,Lexical,Vector,zscore-norm,0.9024480993324387,0.7,0.5384615384615384,0.6,0.5778990725875714,0.6407842477494363,0.8,2,0.00085,61.1451,books-t2010-a=5 | books-t2010-b=5
q001,dragons and ancient magic,Torso,StripeLocal,Lexical,Vector,vector-similarity,1,1,1,1,0.8591367550184259,0.7305840133505547,1,2,0.00085,61.707,books-t2010-a=8 | books-t2010-b=2
q002,a young wizard learning to control his powers at a school of magic,Torso,StripeLocal,Conceptual,Vector,single-index,1,1,1,1,1,0.6018054469565974,1,1,0.000583333,72.0503,books-oracle2=10
q002,a young wizard learning to control his powers at a school of magic,Torso,StripeLocal,Conceptual,Vector,naive-score,1,1,1,1,0.8591367550184259,0.6018054469565974,1,2,0.0008333329999999999,63.316,books-t2010-a=9 | books-t2010-b=1
q002,a young wizard learning to control his powers at a school of magic,Torso,StripeLocal,Conceptual,Vector,interleave,0.9538715764295551,0.6,0.42857142857142855,0.7333333333333333,0.690065523796593,0.4348388081432112,0.9,2,0.0008333329999999999,63.319700000000005,books-t2010-a=5 | books-t2010-b=5
q002,a young wizard learning to control his powers at a school of magic,Torso,StripeLocal,Conceptual,Vector,quota-merge,0.9678836836647059,0.8,0.6666666666666666,0.5111111111111111,0.6988195675584259,0.5461986508757382,0.9,2,0.0008333329999999999,63.298700000000004,books-t2010-a=7 | books-t2010-b=3
q002,a young wizard learning to control his powers at a school of magic,Torso,StripeLocal,Conceptual,Vector,global-rrf,0.9437838559728057,0.6,0.42857142857142855,0.6,0.644927925762929,0.42989684054045274,0.9,2,0.0008333329999999999,63.317,books-t2010-a=5 | books-t2010-b=5
q002,a young wizard learning to control his powers at a school of magic,Torso,StripeLocal,Conceptual,Vector,minmax-norm,0.9106497311836687,0.5,0.3333333333333333,0.4666666666666667,0.5495945242633167,0.4233868848081063,0.9,2,0.0008333329999999999,63.3391,books-t2010-a=4 | books-t2010-b=6
q002,a young wizard learning to control his powers at a school of magic,Torso,StripeLocal,Conceptual,Vector,zscore-norm,0.9132070779687086,0.5,0.3333333333333333,0.5111111111111111,0.5594870079002234,0.42482526963076783,0.9,2,0.0008333329999999999,63.3354,books-t2010-a=4 | books-t2010-b=6
q002,a young wizard learning to control his powers at a school of magic,Torso,StripeLocal,Conceptual,Vector,vector-similarity,1,1,1,1,0.8591367550184259,0.6018054469565974,1,2,0.0008333329999999999,63.3265,books-t2010-a=9 | books-t2010-b=1
q003,epic fantasy quest to destroy an artifact,Torso,StripeLocal,Mixed,Vector,single-index,1,1,1,1,1,0.4722669331219993,1,1,0.000316667,72.1238,books-oracle2=10
q003,epic fantasy quest to destroy an artifact,Torso,StripeLocal,Mixed,Vector,naive-score,1,1,1,1,0.8591367550184259,0.4722669331219993,1,2,0.00085,61.566,books-t2010-a=9 | books-t2010-b=1
q003,epic fantasy quest to destroy an artifact,Torso,StripeLocal,Mixed,Vector,interleave,0.8545467841526923,0.6,0.42857142857142855,0.6111111111111112,0.5657987947660931,0.33796703954621826,0.7,2,0.00085,61.5572,books-t2010-a=5 | books-t2010-b=5
q003,epic fantasy quest to destroy an artifact,Torso,StripeLocal,Mixed,Vector,quota-merge,0.910216940401111,0.8,0.6666666666666666,0.5555555555555556,0.6251434773101103,0.4066841425982186,0.9,2,0.00085,61.5484,books-t2010-a=7 | books-t2010-b=3
q003,epic fantasy quest to destroy an artifact,Torso,StripeLocal,Mixed,Vector,global-rrf,0.853088003952984,0.6,0.42857142857142855,0.5555555555555556,0.5581674502461936,0.33695355291041523,0.7,2,0.00085,61.5656,books-t2010-a=5 | books-t2010-b=5
q003,epic fantasy quest to destroy an artifact,Torso,StripeLocal,Mixed,Vector,minmax-norm,0.9454034852186222,1,1,0.9555555555555556,0.7586187075977409,0.4722669331219993,1,2,0.00085,61.5885,books-t2010-a=9 | books-t2010-b=1
q003,epic fantasy quest to destroy an artifact,Torso,StripeLocal,Mixed,Vector,zscore-norm,0.9555875535205944,0.7,0.5384615384615384,0.7777777777777778,0.7325081474616293,0.366127964178647,0.8,2,0.00085,61.5845,books-t2010-a=6 | books-t2010-b=4
q003,epic fantasy quest to destroy an artifact,Torso,StripeLocal,Mixed,Vector,vector-similarity,1,1,1,1,0.8591367550184259,0.4722669331219993,1,2,0.00085,61.5613,books-t2010-a=9 | books-t2010-b=1
q004,vampires,Head,StripeLocal,Lexical,Vector,single-index,1,1,1,1,1,1,1,1,0.000583333,71.6015,books-oracle2=10
q004,vampires,Head,StripeLocal,Lexical,Vector,naive-score,1,1,1,1,0.8591367550184259,1,1,2,0.0008333329999999999,62.7516,books-t2010-a=8 | books-t2010-b=2
q004,vampires,Head,StripeLocal,Lexical,Vector,interleave,0.9424918259698147,0.7,0.5384615384615384,0.6444444444444445,0.6373811245833554,0.8819267470574519,0.9,2,0.0008333329999999999,62.741800000000005,books-t2010-a=5 | books-t2010-b=5
q004,vampires,Head,StripeLocal,Lexical,Vector,quota-merge,0.9642047995953807,0.9,0.8181818181818182,0.5555555555555556,0.6692544038758131,0.9216017310213247,0.9,2,0.0008333329999999999,62.7325,books-t2010-a=7 | books-t2010-b=3
q004,vampires,Head,StripeLocal,Lexical,Vector,global-rrf,0.9342227940076874,0.7,0.5384615384615384,0.6,0.6102412517797705,0.8819267470574519,0.9,2,0.0008333329999999999,62.749300000000005,books-t2010-a=5 | books-t2010-b=5
q004,vampires,Head,StripeLocal,Lexical,Vector,minmax-norm,0.952767947750571,0.8,0.6666666666666666,0.6444444444444445,0.6551680260933007,0.8902813417869533,0.9,2,0.0008333329999999999,62.772800000000004,books-t2010-a=6 | books-t2010-b=4
q004,vampires,Head,StripeLocal,Lexical,Vector,zscore-norm,0.8679424573006065,0.8,0.6666666666666666,0.5555555555555556,0.5498422316250792,0.8887765216409891,0.9,2,0.0008333329999999999,62.7683,books-t2010-a=6 | books-t2010-b=4
q004,vampires,Head,StripeLocal,Lexical,Vector,vector-similarity,1,1,1,1,0.8591367550184259,1,1,2,0.0008333329999999999,62.7479,books-t2010-a=8 | books-t2010-b=2
q005,haunted house that torments the family living in it,Torso,StripeLocal,Conceptual,Vector,single-index,1,1,1,1,1,0.5438437174548738,1,1,0.000583333,73.2313,books-oracle2=10
q005,haunted house that torments the family living in it,Torso,StripeLocal,Conceptual,Vector,naive-score,1,1,1,1,0.8591367550184259,0.5438437174548738,1,2,0.0008333329999999999,63.5169,books-t2010-a=8 | books-t2010-b=2
q005,haunted house that torments the family living in it,Torso,StripeLocal,Conceptual,Vector,interleave,0.9295805693367966,0.7,0.5384615384615384,0.5555555555555556,0.6459529109347438,0.4238624635817111,1,2,0.0008333329999999999,63.509499999999996,books-t2010-a=5 | books-t2010-b=5
q005,haunted house that torments the family living in it,Torso,StripeLocal,Conceptual,Vector,quota-merge,0.9774825383052907,0.9,0.8181818181818182,0.5555555555555556,0.699680145484479,0.46608941417120164,1,2,0.0008333329999999999,63.4987,books-t2010-a=7 | books-t2010-b=3
q005,haunted house that torments the family living in it,Torso,StripeLocal,Conceptual,Vector,global-rrf,0.9278722526702974,0.7,0.5384615384615384,0.5555555555555556,0.6411451638872072,0.42131511802018135,1,2,0.0008333329999999999,63.5174,books-t2010-a=5 | books-t2010-b=5
q005,haunted house that torments the family living in it,Torso,StripeLocal,Conceptual,Vector,minmax-norm,0.9733037087790348,0.8,0.6666666666666666,0.6444444444444445,0.7045128716896958,0.4360527849098715,1,2,0.0008333329999999999,63.539899999999996,books-t2010-a=6 | books-t2010-b=4
q005,haunted house that torments the family living in it,Torso,StripeLocal,Conceptual,Vector,zscore-norm,0.846499350702114,0.7,0.5384615384615384,0.5555555555555556,0.5553273471509657,0.3984828074916824,1,2,0.0008333329999999999,63.5364,books-t2010-a=5 | books-t2010-b=5
q005,haunted house that torments the family living in it,Torso,StripeLocal,Conceptual,Vector,vector-similarity,1,1,1,1,0.8591367550184259,0.5438437174548738,1,2,0.0008333329999999999,63.5132,books-t2010-a=8 | books-t2010-b=2
q006,generation starship colonists who forget they are on a ship,Tail,StripeLocal,Conceptual,Vector,single-index,1,1,1,1,1,0.6618848514482987,1,1,0.000583333,75.9021,books-oracle2=10
q006,generation starship colonists who forget they are on a ship,Tail,StripeLocal,Conceptual,Vector,naive-score,1,1,1,1,0.8591367550184259,0.6618848514482987,1,2,0.0008333329999999999,62.7477,books-t2010-a=6 | books-t2010-b=4
q006,generation starship colonists who forget they are on a ship,Tail,StripeLocal,Conceptual,Vector,interleave,0.9419280861330394,0.9,0.8181818181818182,0.8666666666666667,0.7143945815031091,0.5290678030365416,1,2,0.0008333329999999999,62.7366,books-t2010-a=5 | books-t2010-b=5
q006,generation starship colonists who forget they are on a ship,Tail,StripeLocal,Conceptual,Vector,quota-merge,0.939953286291076,0.9,0.8181818181818182,0.9555555555555556,0.7407207765435022,0.4680615225955258,0.9,2,0.0008333329999999999,62.7284,books-t2010-a=7 | books-t2010-b=3
q006,generation starship colonists who forget they are on a ship,Tail,StripeLocal,Conceptual,Vector,global-rrf,0.9441248147620075,0.9,0.8181818181818182,0.9111111111111111,0.7499166854416996,0.5167720516421765,1,2,0.0008333329999999999,62.7452,books-t2010-a=5 | books-t2010-b=5
q006,generation starship colonists who forget they are on a ship,Tail,StripeLocal,Conceptual,Vector,minmax-norm,0.9392353035513845,0.8,0.6666666666666666,0.8666666666666667,0.7265665212168574,0.4680615225955258,0.9,2,0.0008333329999999999,62.768,books-t2010-a=4 | books-t2010-b=6
q006,generation starship colonists who forget they are on a ship,Tail,StripeLocal,Conceptual,Vector,zscore-norm,0.9121931148611185,0.9,0.8181818181818182,0.7777777777777778,0.6699123467789069,0.48262233941560684,1,2,0.0008333329999999999,62.7633,books-t2010-a=5 | books-t2010-b=5
q006,generation starship colonists who forget they are on a ship,Tail,StripeLocal,Conceptual,Vector,vector-similarity,1,1,1,1,0.8591367550184259,0.6618848514482987,1,2,0.0008333329999999999,62.7418,books-t2010-a=6 | books-t2010-b=4
q007,artificial intelligence becomes self aware,Torso,StripeLocal,Mixed,Vector,single-index,1,1,1,1,1,0.4559229630175613,1,1,0.000583333,72.2195,books-oracle2=10
q007,artificial intelligence becomes self aware,Torso,StripeLocal,Mixed,Vector,naive-score,1,1,1,1,0.8591367550184259,0.4559229630175613,1,2,0.00085,61.7444,books-t2010-a=8 | books-t2010-b=2
q007,artificial intelligence becomes self aware,Torso,StripeLocal,Mixed,Vector,interleave,0.9590149326596372,0.7,0.5384615384615384,0.6888888888888889,0.6700010656815379,0.43464638817333556,0.8,2,0.00085,61.7371,books-t2010-a=5 | books-t2010-b=5
q007,artificial intelligence becomes self aware,Torso,StripeLocal,Mixed,Vector,quota-merge,0.8982496657511737,0.9,0.8181818181818182,0.4222222222222222,0.579962436071831,0.5266445681655316,1,2,0.00085,61.7264,books-t2010-a=7 | books-t2010-b=3
q007,artificial intelligence becomes self aware,Torso,StripeLocal,Mixed,Vector,global-rrf,0.872679389913269,0.7,0.5384615384615384,0.5111111111111111,0.5215218227548264,0.487475883442712,0.8,2,0.00085,61.7442,books-t2010-a=5 | books-t2010-b=5
q007,artificial intelligence becomes self aware,Torso,StripeLocal,Mixed,Vector,minmax-norm,0.885793679298228,0.7,0.5384615384615384,0.6888888888888889,0.5754927020702739,0.4970792490840857,0.8,2,0.00085,61.7703,books-t2010-a=5 | books-t2010-b=5
q007,artificial intelligence becomes self aware,Torso,StripeLocal,Mixed,Vector,zscore-norm,0.8823025992912453,0.7,0.5384615384615384,0.5111111111111111,0.5510342428839963,0.4919148846245949,0.8,2,0.00085,61.7642,books-t2010-a=5 | books-t2010-b=5
q007,artificial intelligence becomes self aware,Torso,StripeLocal,Mixed,Vector,vector-similarity,1,1,1,1,0.8591367550184259,0.4559229630175613,1,2,0.00085,61.740700000000004,books-t2010-a=8 | books-t2010-b=2
q008,hard science fiction about terraforming Mars,Tail,StripeLocal,Mixed,Vector,single-index,1,1,1,1,1,0.9253240274250416,1,1,0.000583333,72.0887,books-oracle2=10
q008,hard science fiction about terraforming Mars,Tail,StripeLocal,Mixed,Vector,naive-score,1,1,1,1,0.8591367550184259,0.9253240274250416,1,2,0.0008333329999999999,62.5257,books-t2010-a=7 | books-t2010-b=3
q008,hard science fiction about terraforming Mars,Tail,StripeLocal,Mixed,Vector,interleave,0.9620782661523481,0.8,0.6666666666666666,0.6,0.660639341567176,0.8608838069928907,0.9,2,0.0008333329999999999,62.516,books-t2010-a=5 | books-t2010-b=5
q008,hard science fiction about terraforming Mars,Tail,StripeLocal,Mixed,Vector,quota-merge,0.8819134796693714,1,1,0.37777777777777777,0.571352157824933,0.7025143763558435,1,2,0.0008333329999999999,62.5053,books-t2010-a=7 | books-t2010-b=3
q008,hard science fiction about terraforming Mars,Tail,StripeLocal,Mixed,Vector,global-rrf,0.868335809809394,0.8,0.6666666666666666,0.4666666666666667,0.5421235689164122,0.7207186793825215,0.9,2,0.0008333329999999999,62.5248,books-t2010-a=5 | books-t2010-b=5
q008,hard science fiction about terraforming Mars,Tail,StripeLocal,Mixed,Vector,minmax-norm,0.8782083054453983,0.8,0.6666666666666666,0.7333333333333333,0.6075328539177808,0.7487582057865908,0.9,2,0.0008333329999999999,62.6128,books-t2010-a=5 | books-t2010-b=5
q008,hard science fiction about terraforming Mars,Tail,StripeLocal,Mixed,Vector,zscore-norm,0.8782083054453983,0.8,0.6666666666666666,0.7333333333333333,0.6075328539177808,0.7487582057865908,0.9,2,0.0008333329999999999,62.544,books-t2010-a=5 | books-t2010-b=5
q008,hard science fiction about terraforming Mars,Tail,StripeLocal,Mixed,Vector,vector-similarity,1,1,1,1,0.8591367550184259,0.9253240274250416,1,2,0.0008333329999999999,62.5205,books-t2010-a=7 | books-t2010-b=3
q009,cyberpunk hacker corporate dystopia,Torso,StripeLocal,Lexical,Vector,single-index,1,1,1,1,1,0.8803273038110722,1,1,0.000583333,73.1666,books-oracle2=10
q009,cyberpunk hacker corporate dystopia,Torso,StripeLocal,Lexical,Vector,naive-score,1,1,1,1,0.8591367550184259,0.8803273038110722,1,2,0.0008333329999999999,62.812799999999996,books-t2010-a=8 | books-t2010-b=2
q009,cyberpunk hacker corporate dystopia,Torso,StripeLocal,Lexical,Vector,interleave,0.9511915331293563,0.7,0.5384615384615384,0.6,0.634702661358023,0.6789377780847154,0.9,2,0.0008333329999999999,62.8152,books-t2010-a=5 | books-t2010-b=5
q009,cyberpunk hacker corporate dystopia,Torso,StripeLocal,Lexical,Vector,quota-merge,0.9645954902707755,0.9,0.8181818181818182,0.4222222222222222,0.6540260355160705,0.7898232309524605,1,2,0.0008333329999999999,62.7925,books-t2010-a=7 | books-t2010-b=3
q009,cyberpunk hacker corporate dystopia,Torso,StripeLocal,Lexical,Vector,global-rrf,0.9407309144515538,0.7,0.5384615384615384,0.5111111111111111,0.5999314440345386,0.6619272046825704,0.9,2,0.0008333329999999999,62.8092,books-t2010-a=5 | books-t2010-b=5
q009,cyberpunk hacker corporate dystopia,Torso,StripeLocal,Lexical,Vector,minmax-norm,0.882365807099276,0.5,0.3333333333333333,0.6888888888888889,0.49682308132381586,0.52380847409217,0.8,2,0.0008333329999999999,62.831399999999995,books-t2010-a=3 | books-t2010-b=7
q009,cyberpunk hacker corporate dystopia,Torso,StripeLocal,Lexical,Vector,zscore-norm,0.9373275848021316,0.7,0.5384615384615384,0.4222222222222222,0.5819337188044597,0.6577428748456396,0.9,2,0.0008333329999999999,62.8285,books-t2010-a=5 | books-t2010-b=5
q009,cyberpunk hacker corporate dystopia,Torso,StripeLocal,Lexical,Vector,vector-similarity,1,1,1,1,0.8591367550184259,0.8803273038110722,1,2,0.0008333329999999999,62.805,books-t2010-a=8 | books-t2010-b=2
q010,a locked room murder that seems impossible to have committed,Tail,StripeLocal,Conceptual,Vector,single-index,1,1,1,1,1,0.4379509121902392,1,1,0.000583333,72.0795,books-oracle2=10
q010,a locked room murder that seems impossible to have committed,Tail,StripeLocal,Conceptual,Vector,naive-score,1,1,1,1,0.8591367550184259,0.4379509121902392,1,2,0.00085,63.9453,books-t2010-a=9 | books-t2010-b=1
q010,a locked room murder that seems impossible to have committed,Tail,StripeLocal,Conceptual,Vector,interleave,0.9217576454099792,0.6,0.42857142857142855,0.6,0.5818515881200873,0.29502860387008706,0.8,2,0.00085,63.934400000000004,books-t2010-a=5 | books-t2010-b=5
q010,a locked room murder that seems impossible to have committed,Tail,StripeLocal,Conceptual,Vector,quota-merge,0.9516473380986128,0.8,0.6666666666666666,0.4666666666666667,0.638959081322175,0.36856813806000693,1,2,0.00085,63.9255,books-t2010-a=7 | books-t2010-b=3
q010,a locked room murder that seems impossible to have committed,Tail,StripeLocal,Conceptual,Vector,global-rrf,0.9193835751958496,0.6,0.42857142857142855,0.5111111111111111,0.5694124965526511,0.29409058452465564,0.8,2,0.00085,63.9428,books-t2010-a=5 | books-t2010-b=5
q010,a locked room murder that seems impossible to have committed,Tail,StripeLocal,Conceptual,Vector,minmax-norm,0.947362961412568,0.7,0.5384615384615384,0.6444444444444445,0.6525777876841199,0.3055346946335564,0.9,2,0.00085,63.965,books-t2010-a=6 | books-t2010-b=4
q010,a locked room murder that seems impossible to have committed,Tail,StripeLocal,Conceptual,Vector,zscore-norm,0.8557783555446334,0.7,0.5384615384615384,0.5555555555555556,0.5460500564540142,0.305080837707501,0.9,2,0.00085,63.9624,books-t2010-a=6 | books-t2010-b=4
q010,a locked room murder that seems impossible to have committed,Tail,StripeLocal,Conceptual,Vector,vector-similarity,1,1,1,1,0.8591367550184259,0.4379509121902392,1,2,0.00085,63.937400000000004,books-t2010-a=9 | books-t2010-b=1
q011,detective investigating a serial killer,Torso,StripeLocal,Mixed,Vector,single-index,1,1,1,1,1,0.5490149525373843,1,1,0.000583333,73.4341,books-oracle2=10
q011,detective investigating a serial killer,Torso,StripeLocal,Mixed,Vector,naive-score,1,1,1,1,0.8591367550184259,0.5490149525373843,1,2,0.0005833329999999999,96.0047,books-t2010-a=7 | books-t2010-b=3
q011,detective investigating a serial killer,Torso,StripeLocal,Mixed,Vector,interleave,0.9849567347485345,0.8,0.6666666666666666,0.8666666666666667,0.7671545638053638,0.5532246326259236,0.9,2,0.0005833329999999999,95.9927,books-t2010-a=5 | books-t2010-b=5
q011,detective investigating a serial killer,Torso,StripeLocal,Mixed,Vector,quota-merge,0.9923591642077588,1,1,0.9111111111111111,0.7955842195366978,0.5408157007473159,1,2,0.0005833329999999999,95.9832,books-t2010-a=7 | books-t2010-b=3
q011,detective investigating a serial killer,Torso,StripeLocal,Mixed,Vector,global-rrf,0.9845671911739897,0.8,0.6666666666666666,0.8222222222222222,0.7595232192854643,0.5532246326259236,0.9,2,0.0005833329999999999,96.0018,books-t2010-a=5 | books-t2010-b=5
q011,detective investigating a serial killer,Torso,StripeLocal,Mixed,Vector,minmax-norm,0.9685636898105457,0.8,0.6666666666666666,0.5111111111111111,0.6725326951431537,0.5444050048548807,0.9,2,0.0005833329999999999,96.026,books-t2010-a=5 | books-t2010-b=5
q011,detective investigating a serial killer,Torso,StripeLocal,Mixed,Vector,zscore-norm,0.9814652241627375,0.8,0.6666666666666666,0.6444444444444445,0.7256233266090579,0.5532341735020467,0.9,2,0.0005833329999999999,96.023,books-t2010-a=5 | books-t2010-b=5
q011,detective investigating a serial killer,Torso,StripeLocal,Mixed,Vector,vector-similarity,1,1,1,1,0.8591367550184259,0.5490149525373843,1,2,0.0005833329999999999,95.9973,books-t2010-a=7 | books-t2010-b=3
q012,espionage thriller cold war spy,Torso,StripeLocal,Lexical,Vector,single-index,1,1,1,1,1,1,1,1,0.000583333,73.5663,books-oracle2=10
q012,espionage thriller cold war spy,Torso,StripeLocal,Lexical,Vector,naive-score,1,1,1,1,0.8591367550184259,1,1,2,0.0008333329999999999,60.9763,books-t2010-a=10
q012,espionage thriller cold war spy,Torso,StripeLocal,Lexical,Vector,interleave,0.8724224880766273,0.5,0.3333333333333333,0.5555555555555556,0.511979037805657,0.5660986653537297,0.6,2,0.0008333329999999999,60.965700000000005,books-t2010-a=5 | books-t2010-b=5
q012,espionage thriller cold war spy,Torso,StripeLocal,Lexical,Vector,quota-merge,0.9111496183766882,0.7,0.5384615384615384,0.3333333333333333,0.5709859983484377,0.6991506754894588,0.8,2,0.0008333329999999999,60.9561,books-t2010-a=7 | books-t2010-b=3
q012,espionage thriller cold war spy,Torso,StripeLocal,Lexical,Vector,global-rrf,0.8706837371415085,0.5,0.3333333333333333,0.5111111111111111,0.5043476932857576,0.5621659651911469,0.6,2,0.0008333329999999999,60.973800000000004,books-t2010-a=5 | books-t2010-b=5
q012,espionage thriller cold war spy,Torso,StripeLocal,Lexical,Vector,minmax-norm,0.8031381640769972,0.4,0.25,0.24444444444444444,0.35915826654571814,0.43687189496071677,0.5,2,0.0008333329999999999,60.9977,books-t2010-a=4 | books-t2010-b=6
q012,espionage thriller cold war spy,Torso,StripeLocal,Lexical,Vector,zscore-norm,0.816798459810623,0.4,0.25,0.4222222222222222,0.3958817566944875,0.4557607891479487,0.5,2,0.0008333329999999999,60.9941,books-t2010-a=4 | books-t2010-b=6
q012,espionage thriller cold war spy,Torso,StripeLocal,Lexical,Vector,vector-similarity,1,1,1,1,0.8591367550184259,1,1,2,0.0008333329999999999,60.968900000000005,books-t2010-a=10
q013,teenagers forced to compete in a deadly televised game,Tail,StripeLocal,Conceptual,Vector,single-index,1,1,1,1,1,0.6141453658587722,1,1,0.000583333,72.4694,books-oracle2=10
q013,teenagers forced to compete in a deadly televised game,Tail,StripeLocal,Conceptual,Vector,naive-score,0.9632393902397784,0.9,0.8181818181818182,1,0.8239809449952643,0.6141453658587722,1,2,0.0010999999999999998,62.6268,books-t2010-a=3 | books-t2010-b=7
q013,teenagers forced to compete in a deadly televised game,Tail,StripeLocal,Conceptual,Vector,interleave,0.9570157040604178,0.7,0.5384615384615384,0.8888888888888888,0.782247663979622,0.6244349654375673,1,2,0.0010999999999999998,62.6158,books-t2010-a=5 | books-t2010-b=5
q013,teenagers forced to compete in a deadly televised game,Tail,StripeLocal,Conceptual,Vector,quota-merge,0.9700814508445748,0.6,0.42857142857142855,0.9111111111111111,0.7357376547096978,0.7126872943163152,0.9,2,0.0010999999999999998,62.607800000000005,books-t2010-a=7 | books-t2010-b=3
q013,teenagers forced to compete in a deadly televised game,Tail,StripeLocal,Conceptual,Vector,global-rrf,0.9538717893834404,0.7,0.5384615384615384,0.8333333333333334,0.7551077911760369,0.6244349654375673,1,2,0.0010999999999999998,62.6241,books-t2010-a=5 | books-t2010-b=5
q013,teenagers forced to compete in a deadly televised game,Tail,StripeLocal,Conceptual,Vector,minmax-norm,0.9632393902397784,0.9,0.8181818181818182,1,0.8239809449952643,0.6141453658587722,1,2,0.0010999999999999998,62.6477,books-t2010-a=3 | books-t2010-b=7
q013,teenagers forced to compete in a deadly televised game,Tail,StripeLocal,Conceptual,Vector,zscore-norm,0.9086428754584006,0.9,0.8181818181818182,0.9444444444444444,0.7234628975745789,0.6141453658587722,1,2,0.0010999999999999998,62.6428,books-t2010-a=3 | books-t2010-b=7
q013,teenagers forced to compete in a deadly televised game,Tail,StripeLocal,Conceptual,Vector,vector-similarity,0.9632393902397784,0.9,0.8181818181818182,1,0.8239809449952643,0.6141453658587722,1,2,0.0010999999999999998,62.6208,books-t2010-a=3 | books-t2010-b=7
q014,picture book about a bear,Torso,StripeLocal,Mixed,Vector,single-index,1,1,1,1,1,0.7619617448900868,1,1,0.000583333,74.4081,books-oracle2=10
q014,picture book about a bear,Torso,StripeLocal,Mixed,Vector,naive-score,1,1,1,1,0.8591367550184259,0.7619617448900868,1,2,0.0008333329999999999,63.3429,books-t2010-a=10
q014,picture book about a bear,Torso,StripeLocal,Mixed,Vector,interleave,0.8051876336400347,0.5,0.3333333333333333,0.3333333333333333,0.5155775057608316,0.6308779947165933,0.7,2,0.0008333329999999999,63.3307,books-t2010-a=5 | books-t2010-b=5
q014,picture book about a bear,Torso,StripeLocal,Mixed,Vector,quota-merge,0.8772145487280568,0.7,0.5384615384615384,0.3333333333333333,0.5479318221466133,0.7195315119728904,0.9,2,0.0008333329999999999,63.322900000000004,books-t2010-a=7 | books-t2010-b=3
q014,picture book about a bear,Torso,StripeLocal,Mixed,Vector,global-rrf,0.7933762541267699,0.5,0.3333333333333333,0.23809523809523808,0.4884376329572468,0.6243390580968123,0.7,2,0.0008333329999999999,63.339200000000005,books-t2010-a=5 | books-t2010-b=5
q014,picture book about a bear,Torso,StripeLocal,Mixed,Vector,minmax-norm,0.7884364631422734,0.5,0.3333333333333333,0.23809523809523808,0.4759985413898107,0.6177729226787921,0.7,2,0.0008333329999999999,63.3917,books-t2010-a=5 | books-t2010-b=5
q014,picture book about a bear,Torso,StripeLocal,Mixed,Vector,zscore-norm,0.6734902284821364,0.5,0.3333333333333333,0.14285714285714285,0.36947081015970473,0.6145959241964039,0.7,2,0.0008333329999999999,63.3587,books-t2010-a=5 | books-t2010-b=5
q014,picture book about a bear,Torso,StripeLocal,Mixed,Vector,vector-similarity,1,1,1,1,0.8591367550184259,0.7619617448900868,1,2,0.0008333329999999999,63.3343,books-t2010-a=10
q015,graphic novel superhero origin,Torso,StripeLocal,Lexical,Vector,single-index,1,1,1,1,1,0.6607438477077968,1,1,0.000583333,102.1846,books-oracle2=10
q015,graphic novel superhero origin,Torso,StripeLocal,Lexical,Vector,naive-score,1,1,1,1,0.8591367550184259,0.6607438477077968,1,2,0.0010999999999999998,63.7357,books-t2010-a=8 | books-t2010-b=2
q015,graphic novel superhero origin,Torso,StripeLocal,Lexical,Vector,interleave,0.9427485773401199,0.7,0.5384615384615384,0.5555555555555556,0.6128308736639341,0.696105495686606,0.8,2,0.0010999999999999998,63.7054,books-t2010-a=5 | books-t2010-b=5
q015,graphic novel superhero origin,Torso,StripeLocal,Lexical,Vector,quota-merge,0.9556073017168313,0.9,0.8181818181818182,0.3333333333333333,0.6228383321034493,0.7110840336725682,1,2,0.0010999999999999998,63.6949,books-t2010-a=7 | books-t2010-b=3
q015,graphic novel superhero origin,Torso,StripeLocal,Lexical,Vector,global-rrf,0.9305341865902721,0.7,0.5384615384615384,0.4666666666666667,0.5725010226778069,0.6885336488057504,0.8,2,0.0010999999999999998,63.7129,books-t2010-a=5 | books-t2010-b=5
q015,graphic novel superhero origin,Torso,StripeLocal,Lexical,Vector,minmax-norm,0.8980718792323039,0.6,0.42857142857142855,0.5111111111111111,0.5085353935383015,0.6172845477458389,0.7,2,0.0010999999999999998,63.7612,books-t2010-a=4 | books-t2010-b=6
q015,graphic novel superhero origin,Torso,StripeLocal,Lexical,Vector,zscore-norm,0.9386662986577727,0.7,0.5384615384615384,0.4666666666666667,0.5920095509614923,0.7003558729578166,0.8,2,0.0010999999999999998,63.7326,books-t2010-a=5 | books-t2010-b=5
q015,graphic novel superhero origin,Torso,StripeLocal,Lexical,Vector,vector-similarity,1,1,1,1,0.8591367550184259,0.6607438477077968,1,2,0.0010999999999999998,63.7084,books-t2010-a=8 | books-t2010-b=2
q016,zombie apocalypse survival,Torso,StripeLocal,Lexical,Vector,single-index,1,1,1,1,1,0.8301717595472909,0.9,1,0.000583333,74.6785,books-oracle2=10
q016,zombie apocalypse survival,Torso,StripeLocal,Lexical,Vector,naive-score,1,1,1,1,0.8591367550184259,0.8301717595472909,0.9,2,0.0005833329999999999,90.7147,books-t2010-a=7 | books-t2010-b=3
q016,zombie apocalypse survival,Torso,StripeLocal,Lexical,Vector,interleave,0.9547332774194691,0.8,0.6666666666666666,0.5555555555555556,0.643566563557148,0.7433519882877504,0.8,2,0.0005833329999999999,90.6995,books-t2010-a=5 | books-t2010-b=5
q016,zombie apocalypse survival,Torso,StripeLocal,Lexical,Vector,quota-merge,0.9665360437940766,1,1,0.37777777777777777,0.6547974272355895,0.7524406723161721,0.9,2,0.0005833329999999999,90.69109999999999,books-t2010-a=7 | books-t2010-b=3
q016,zombie apocalypse survival,Torso,StripeLocal,Lexical,Vector,global-rrf,0.9510555811090471,0.8,0.6666666666666666,0.4666666666666667,0.6227452408547062,0.7433519882877504,0.8,2,0.0005833329999999999,90.7072,books-t2010-a=5 | books-t2010-b=5
q016,zombie apocalypse survival,Torso,StripeLocal,Lexical,Vector,minmax-norm,0.7872502022926331,0.4,0.25,1,0.4087767047262112,0.5205496917582005,0.5,2,0.0005833329999999999,90.73049999999999,books-t2010-a=1 | books-t2010-b=9
q016,zombie apocalypse survival,Torso,StripeLocal,Lexical,Vector,zscore-norm,0.9087153049194011,0.7,0.5384615384615384,0.3333333333333333,0.5144025136485613,0.7248902722276339,0.8,2,0.0005833329999999999,90.7265,books-t2010-a=4 | books-t2010-b=6
q016,zombie apocalypse survival,Torso,StripeLocal,Lexical,Vector,vector-similarity,1,1,1,1,0.8591367550184259,0.8301717595472909,0.9,2,0.0005833329999999999,90.7026,books-t2010-a=7 | books-t2010-b=3
q017,time travel paradox,Torso,StripeLocal,Lexical,Vector,single-index,1,1,1,1,1,0.6627218810413394,1,1,0.000583333,76.774,books-oracle2=10
q017,time travel paradox,Torso,StripeLocal,Lexical,Vector,naive-score,1,1,1,1,0.8591367550184259,0.6627218810413394,1,2,0.0010999999999999998,96.6674,books-t2010-a=9 | books-t2010-b=1
q017,time travel paradox,Torso,StripeLocal,Lexical,Vector,interleave,0.9215578015385513,0.6,0.42857142857142855,0.5555555555555556,0.5712627252880871,0.6690898815026053,0.8,2,0.0010999999999999998,96.6544,books-t2010-a=5 | books-t2010-b=5
q017,time travel paradox,Torso,StripeLocal,Lexical,Vector,quota-merge,0.9478852859644009,0.8,0.6666666666666666,0.3333333333333333,0.6120426572213883,0.7860495979698324,1,2,0.0010999999999999998,96.6462,books-t2010-a=7 | books-t2010-b=3
q017,time travel paradox,Torso,StripeLocal,Lexical,Vector,global-rrf,0.9173129226606478,0.6,0.42857142857142855,0.4666666666666667,0.5532650000580082,0.6723185255591353,0.8,2,0.0010999999999999998,96.6625,books-t2010-a=5 | books-t2010-b=5
q017,time travel paradox,Torso,StripeLocal,Lexical,Vector,minmax-norm,0.9427441734300024,0.7,0.5384615384615384,0.5111111111111111,0.617322367292698,0.7399962410887726,0.9,2,0.0010999999999999998,96.7212,books-t2010-a=6 | books-t2010-b=4
q017,time travel paradox,Torso,StripeLocal,Lexical,Vector,zscore-norm,0.8326620358132288,0.7,0.5384615384615384,0.2,0.46255700156643736,0.6894824975600045,0.9,2,0.0010999999999999998,96.68419999999999,books-t2010-a=6 | books-t2010-b=4
q017,time travel paradox,Torso,StripeLocal,Lexical,Vector,vector-similarity,1,1,1,1,0.8591367550184259,0.6627218810413394,1,2,0.0010999999999999998,96.65849999999999,books-t2010-a=9 | books-t2010-b=1
q018,a girl who discovers she is the last of a magical bloodline,Tail,StripeLocal,Conceptual,Vector,single-index,1,1,1,1,1,0.40851716096154483,1,1,0.000583333,74.6458,books-oracle2=10
q018,a girl who discovers she is the last of a magical bloodline,Tail,StripeLocal,Conceptual,Vector,naive-score,0.9103914319844957,0.8,0.6666666666666666,1,0.7506093453472911,0.3612460788849587,1,2,0.0010999999999999998,89.12310000000001,books-t2010-a=5 | books-t2010-b=5
q018,a girl who discovers she is the last of a magical bloodline,Tail,StripeLocal,Conceptual,Vector,interleave,0.9087146869958634,0.8,0.6666666666666666,0.9285714285714286,0.7458015982997545,0.3626049204751658,1,2,0.0010999999999999998,89.1104,books-t2010-a=5 | books-t2010-b=5
q018,a girl who discovers she is the last of a magical bloodline,Tail,StripeLocal,Conceptual,Vector,quota-merge,0.8888479953312362,0.6,0.42857142857142855,0.9285714285714286,0.7160107416929938,0.3626049204751658,0.9,2,0.0010999999999999998,89.1019,books-t2010-a=7 | books-t2010-b=3
q018,a girl who discovers she is the last of a magical bloodline,Tail,StripeLocal,Conceptual,Vector,global-rrf,0.9083402088427216,0.8,0.6666666666666666,0.9285714285714286,0.7458015982997545,0.3626049204751658,1,2,0.0010999999999999998,89.11800000000001,books-t2010-a=5 | books-t2010-b=5
q018,a girl who discovers she is the last of a magical bloodline,Tail,StripeLocal,Conceptual,Vector,minmax-norm,0.9429649522787434,0.9,0.8181818181818182,0.7222222222222222,0.7673163799935961,0.3575775040860613,1,2,0.0010999999999999998,89.1412,books-t2010-a=4 | books-t2010-b=6
q018,a girl who discovers she is the last of a magical bloodline,Tail,StripeLocal,Conceptual,Vector,zscore-norm,0.9103914319844957,0.8,0.6666666666666666,1,0.7506093453472911,0.3612460788849587,1,2,0.0010999999999999998,89.13980000000001,books-t2010-a=5 | books-t2010-b=5
q018,a girl who discovers she is the last of a magical bloodline,Tail,StripeLocal,Conceptual,Vector,vector-similarity,0.9103914319844957,0.8,0.6666666666666666,1,0.7506093453472911,0.3612460788849587,1,2,0.0010999999999999998,89.11420000000001,books-t2010-a=5 | books-t2010-b=5
q019,dystopian society divided into rigid factions,Torso,StripeLocal,Conceptual,Vector,single-index,1,1,1,1,1,0.6236860339711708,1,1,0.000316667,72.2203,books-oracle2=10
q019,dystopian society divided into rigid factions,Torso,StripeLocal,Conceptual,Vector,naive-score,1,1,1,1,0.8591367550184259,0.6236860339711708,1,2,0.0008333329999999999,63.0455,books-t2010-a=4 | books-t2010-b=6
q019,dystopian society divided into rigid factions,Torso,StripeLocal,Conceptual,Vector,interleave,0.8755006764083573,0.9,0.8181818181818182,0.4222222222222222,0.5562201773591708,0.4471171576816035,1,2,0.0008333329999999999,63.0315,books-t2010-a=5 | books-t2010-b=5
q019,dystopian society divided into rigid factions,Torso,StripeLocal,Conceptual,Vector,quota-merge,0.9431391470304139,0.7,0.5384615384615384,0.8666666666666667,0.6579700844869306,0.44445754100314977,0.8,2,0.0008333329999999999,63.0237,books-t2010-a=7 | books-t2010-b=3
q019,dystopian society divided into rigid factions,Torso,StripeLocal,Conceptual,Vector,global-rrf,0.9761036219706546,0.9,0.8181818181818182,0.5555555555555556,0.6970680757659831,0.5225235900422932,1,2,0.0008333329999999999,63.0398,books-t2010-a=5 | books-t2010-b=5
q019,dystopian society divided into rigid factions,Torso,StripeLocal,Conceptual,Vector,minmax-norm,0.9733393507786281,0.8,0.6666666666666666,0.8666666666666667,0.7363921603522293,0.5304867151302844,0.9,2,0.0008333329999999999,63.0622,books-t2010-a=6 | books-t2010-b=4
q019,dystopian society divided into rigid factions,Torso,StripeLocal,Conceptual,Vector,zscore-norm,0.8817218342009437,0.8,0.6666666666666666,0.7777777777777778,0.6226841347490022,0.45700738238757915,0.9,2,0.0008333329999999999,63.0589,books-t2010-a=6 | books-t2010-b=4
q019,dystopian society divided into rigid factions,Torso,StripeLocal,Conceptual,Vector,vector-similarity,1,1,1,1,0.8591367550184259,0.6236860339711708,1,2,0.0008333329999999999,63.0364,books-t2010-a=4 | books-t2010-b=6
q020,supernatural creatures hidden among ordinary people,Torso,StripeLocal,Conceptual,Vector,single-index,1,1,1,1,1,0.6393458195338286,0.9,1,0.000583333,74.1058,books-oracle2=10
q020,supernatural creatures hidden among ordinary people,Torso,StripeLocal,Conceptual,Vector,naive-score,0.9244611126341428,0.8,0.6666666666666666,1,0.7872034742616232,0.6032896365670686,1,2,0.0008333329999999999,61.997600000000006,books-t2010-a=8 | books-t2010-b=2
q020,supernatural creatures hidden among ordinary people,Torso,StripeLocal,Conceptual,Vector,interleave,0.8866405644789949,0.7,0.5384615384615384,0.6666666666666666,0.6199573992283526,0.5426469794273913,0.7,2,0.0008333329999999999,61.9857,books-t2010-a=5 | books-t2010-b=5
q020,supernatural creatures hidden among ordinary people,Torso,StripeLocal,Conceptual,Vector,quota-merge,0.9126855943894164,0.7,0.5384615384615384,0.5714285714285714,0.6950512920933909,0.5681872428987848,0.9,2,0.0008333329999999999,61.977900000000005,books-t2010-a=7 | books-t2010-b=3
q020,supernatural creatures hidden among ordinary people,Torso,StripeLocal,Conceptual,Vector,global-rrf,0.9366060692751546,0.7,0.5384615384615384,0.6666666666666666,0.6933355738454525,0.5404673338874643,0.7,2,0.0008333329999999999,61.993500000000004,books-t2010-a=5 | books-t2010-b=5
q020,supernatural creatures hidden among ordinary people,Torso,StripeLocal,Conceptual,Vector,minmax-norm,0.9244611126341428,0.8,0.6666666666666666,1,0.7872034742616232,0.6032896365670686,1,2,0.0008333329999999999,62.0168,books-t2010-a=8 | books-t2010-b=2
q020,supernatural creatures hidden among ordinary people,Torso,StripeLocal,Conceptual,Vector,zscore-norm,0.9195953868786277,0.7,0.5384615384615384,0.8571428571428571,0.7580344071962019,0.5583422442696322,0.8,2,0.0008333329999999999,62.0135,books-t2010-a=6 | books-t2010-b=4
q020,supernatural creatures hidden among ordinary people,Torso,StripeLocal,Conceptual,Vector,vector-similarity,0.9244611126341428,0.8,0.6666666666666666,1,0.7872034742616232,0.6032896365670686,1,2,0.0008333329999999999,61.9898,books-t2010-a=8 | books-t2010-b=2
q021,Victorian England social class and marriage,Torso,StripeLocal,Mixed,Vector,single-index,1,1,1,1,1,0.3896689350679977,1,1,0.000583333,72.3607,books-oracle2=10
q021,Victorian England social class and marriage,Torso,StripeLocal,Mixed,Vector,naive-score,1,1,1,1,0.8591367550184259,0.3896689350679977,1,2,0.0008333329999999999,63.019,books-t2010-a=10
q021,Victorian England social class and marriage,Torso,StripeLocal,Mixed,Vector,interleave,0.8758731835248289,0.5,0.3333333333333333,0.5555555555555556,0.5138657095888998,0.36718641173364314,0.8,2,0.0008333329999999999,63.0081,books-t2010-a=5 | books-t2010-b=5
q021,Victorian England social class and marriage,Torso,StripeLocal,Mixed,Vector,quota-merge,0.7863431280028178,0.7,0.5384615384615384,0.24444444444444444,0.44492174006762114,0.3697450826598284,1,2,0.0008333329999999999,62.998200000000004,books-t2010-a=7 | books-t2010-b=3
q021,Victorian England social class and marriage,Torso,StripeLocal,Mixed,Vector,global-rrf,0.7485200825739602,0.5,0.3333333333333333,0.4666666666666667,0.38620778936463,0.3309001606585022,0.8,2,0.0008333329999999999,63.014900000000004,books-t2010-a=5 | books-t2010-b=5
q021,Victorian England social class and marriage,Torso,StripeLocal,Mixed,Vector,minmax-norm,0.642334619808332,0.3,0.17647058823529413,0.3333333333333333,0.23629864914253848,0.28429217282922126,0.6,2,0.0008333329999999999,63.0392,books-t2010-a=3 | books-t2010-b=7
q021,Victorian England social class and marriage,Torso,StripeLocal,Mixed,Vector,zscore-norm,0.8681952016819913,0.5,0.3333333333333333,0.37777777777777777,0.4822269560295005,0.37082342424312753,0.8,2,0.0008333329999999999,63.035000000000004,books-t2010-a=5 | books-t2010-b=5
q021,Victorian England social class and marriage,Torso,StripeLocal,Mixed,Vector,vector-similarity,1,1,1,1,0.8591367550184259,0.3896689350679977,1,2,0.0008333329999999999,63.0112,books-t2010-a=10
q022,memoir of growing up in poverty,Torso,StripeLocal,Conceptual,Vector,single-index,1,1,1,1,1,0.7722043463452036,1,1,0.000583333,80.8058,books-oracle2=10
q022,memoir of growing up in poverty,Torso,StripeLocal,Conceptual,Vector,naive-score,1,1,1,1,0.8591367550184259,0.7722043463452036,1,2,0.00085,63.526,books-t2010-a=9 | books-t2010-b=1
q022,memoir of growing up in poverty,Torso,StripeLocal,Conceptual,Vector,interleave,0.9443731166452495,0.6,0.42857142857142855,0.6444444444444445,0.6258550116495913,0.6134728610040013,0.8,2,0.00085,63.5148,books-t2010-a=5 | books-t2010-b=5
q022,memoir of growing up in poverty,Torso,StripeLocal,Conceptual,Vector,quota-merge,0.9549279569570922,0.8,0.6666666666666666,0.4222222222222222,0.6348149138755225,0.6821546748812083,0.9,2,0.00085,63.5048,books-t2010-a=7 | books-t2010-b=3
q022,memoir of growing up in poverty,Torso,StripeLocal,Conceptual,Vector,global-rrf,0.9300161320898319,0.6,0.42857142857142855,0.5111111111111111,0.5778938161435646,0.6115138943381812,0.8,2,0.00085,63.5232,books-t2010-a=5 | books-t2010-b=5
q022,memoir of growing up in poverty,Torso,StripeLocal,Conceptual,Vector,minmax-norm,0.9426319965083829,0.6,0.42857142857142855,0.5555555555555556,0.6134159200821551,0.6117973910603649,0.8,2,0.00085,63.547200000000004,books-t2010-a=5 | books-t2010-b=5
q022,memoir of growing up in poverty,Torso,StripeLocal,Conceptual,Vector,zscore-norm,0.9416246574352036,0.6,0.42857142857142855,0.5111111111111111,0.6074062362727343,0.6117973910603649,0.8,2,0.00085,63.5443,books-t2010-a=5 | books-t2010-b=5
q022,memoir of growing up in poverty,Torso,StripeLocal,Conceptual,Vector,vector-similarity,1,1,1,1,0.8591367550184259,0.7722043463452036,1,2,0.00085,63.5185,books-t2010-a=9 | books-t2010-b=1
q023,biography of a president,Torso,StripeLocal,Mixed,Vector,single-index,1,1,1,1,1,0.918752830540385,1,1,0.000583333,74.0276,books-oracle2=10
q023,biography of a president,Torso,StripeLocal,Mixed,Vector,naive-score,1,1,1,1,0.8591367550184259,0.918752830540385,1,2,0.0008333329999999999,64.2949,books-t2010-a=9 | books-t2010-b=1
q023,biography of a president,Torso,StripeLocal,Mixed,Vector,interleave,0.9328562580233768,0.6,0.42857142857142855,0.6444444444444445,0.6071023852789997,0.7125800356869039,0.9,2,0.0008333329999999999,64.2842,books-t2010-a=5 | books-t2010-b=5
q023,biography of a president,Torso,StripeLocal,Mixed,Vector,quota-merge,0.9609935954582615,0.8,0.6666666666666666,0.5111111111111111,0.6626945311974552,0.7820112576236812,1,2,0.0008333329999999999,64.2749,books-t2010-a=7 | books-t2010-b=3
q023,biography of a president,Torso,StripeLocal,Mixed,Vector,global-rrf,0.9328562580233768,0.6,0.42857142857142855,0.6444444444444445,0.6071023852789997,0.7125800356869039,0.9,2,0.0008333329999999999,64.2911,books-t2010-a=5 | books-t2010-b=5
q023,biography of a president,Torso,StripeLocal,Mixed,Vector,minmax-norm,0.9274549022527727,0.6,0.42857142857142855,0.5111111111111111,0.5814733155290213,0.7047931362883522,0.9,2,0.0008333329999999999,64.31490000000001,books-t2010-a=5 | books-t2010-b=5
q023,biography of a president,Torso,StripeLocal,Mixed,Vector,zscore-norm,0.8374530965917748,0.6,0.42857142857142855,0.3333333333333333,0.45742175614210945,0.6301336559023006,0.9,2,0.0008333329999999999,64.3114,books-t2010-a=5 | books-t2010-b=5
q023,biography of a president,Torso,StripeLocal,Mixed,Vector,vector-similarity,1,1,1,1,0.8591367550184259,0.918752830540385,1,2,0.0008333329999999999,64.2877,books-t2010-a=9 | books-t2010-b=1
q024,behavioral economics and irrational decision making,Tail,StripeLocal,Mixed,Vector,single-index,1,1,1,1,1,0.9331216323057908,1,1,0.000583333,73.7274,books-oracle2=10
q024,behavioral economics and irrational decision making,Tail,StripeLocal,Mixed,Vector,naive-score,1,1,1,1,0.8591367550184259,0.9331216323057908,1,2,0.0010999999999999998,61.3541,books-t2010-a=7 | books-t2010-b=3
q024,behavioral economics and irrational decision making,Tail,StripeLocal,Mixed,Vector,interleave,0.9561564391068372,0.8,0.6666666666666666,0.5555555555555556,0.6436242304399292,0.9529358953088004,0.9,2,0.0010999999999999998,61.3684,books-t2010-a=5 | books-t2010-b=5
q024,behavioral economics and irrational decision making,Tail,StripeLocal,Mixed,Vector,quota-merge,0.9651331272876195,1,1,0.5111111111111111,0.6631791078188899,0.9124411522142618,1,2,0.0010999999999999998,61.3406,books-t2010-a=7 | books-t2010-b=3
q024,behavioral economics and irrational decision making,Tail,StripeLocal,Mixed,Vector,global-rrf,0.9465550901250753,0.8,0.6666666666666666,0.4666666666666667,0.6088530131164449,0.9435184004307914,0.9,2,0.0010999999999999998,61.3563,books-t2010-a=5 | books-t2010-b=5
q024,behavioral economics and irrational decision making,Tail,StripeLocal,Mixed,Vector,minmax-norm,0.9470923121926043,0.8,0.6666666666666666,0.4666666666666667,0.6116766105888076,0.9406738595897057,0.9,2,0.0010999999999999998,61.374900000000004,books-t2010-a=5 | books-t2010-b=5
q024,behavioral economics and irrational decision making,Tail,StripeLocal,Mixed,Vector,zscore-norm,0.9478874071447099,0.8,0.6666666666666666,0.5111111111111111,0.6164843576363445,0.9435184004307914,0.9,2,0.0010999999999999998,61.3717,books-t2010-a=5 | books-t2010-b=5
q024,behavioral economics and irrational decision making,Tail,StripeLocal,Mixed,Vector,vector-similarity,1,1,1,1,0.8591367550184259,0.9331216323057908,1,2,0.0010999999999999998,61.3472,books-t2010-a=7 | books-t2010-b=3
q025,habits productivity and personal effectiveness,Torso,StripeLocal,Mixed,Vector,single-index,1,1,1,1,1,0.9061602363963839,1,1,0.000583333,72.6426,books-oracle2=10
q025,habits productivity and personal effectiveness,Torso,StripeLocal,Mixed,Vector,naive-score,1,1,1,1,0.8591367550184259,0.9061602363963839,1,2,0.0008333329999999999,62.676399999999994,books-t2010-a=8 | books-t2010-b=2
q025,habits productivity and personal effectiveness,Torso,StripeLocal,Mixed,Vector,interleave,0.9827918641830734,0.7,0.5384615384615384,0.8222222222222222,0.7655168315742213,0.7892871472850959,0.8,2,0.0008333329999999999,62.6656,books-t2010-a=5 | books-t2010-b=5
q025,habits productivity and personal effectiveness,Torso,StripeLocal,Mixed,Vector,quota-merge,0.9941603864082611,0.9,0.8181818181818182,0.7333333333333333,0.7865713699100302,0.8141139642992766,0.9,2,0.0008333329999999999,62.655699999999996,books-t2010-a=7 | books-t2010-b=3
q025,habits productivity and personal effectiveness,Torso,StripeLocal,Mixed,Vector,global-rrf,0.9814663743535345,0.7,0.5384615384615384,0.7777777777777778,0.7523268533916792,0.7825422986221502,0.8,2,0.0008333329999999999,62.6735,books-t2010-a=5 | books-t2010-b=5
q025,habits productivity and personal effectiveness,Torso,StripeLocal,Mixed,Vector,minmax-norm,0.9938098800900379,0.8,0.6666666666666666,0.9111111111111111,0.8299081661099053,0.7737950388554036,0.8,2,0.0008333329999999999,62.69949999999999,books-t2010-a=6 | books-t2010-b=4
q025,habits productivity and personal effectiveness,Torso,StripeLocal,Mixed,Vector,zscore-norm,0.9938098800900379,0.8,0.6666666666666666,0.9111111111111111,0.8299081661099053,0.7737950388554036,0.8,2,0.0008333329999999999,62.702799999999996,books-t2010-a=6 | books-t2010-b=4
q025,habits productivity and personal effectiveness,Torso,StripeLocal,Mixed,Vector,vector-similarity,1,1,1,1,0.8591367550184259,0.9061602363963839,1,2,0.0008333329999999999,62.6733,books-t2010-a=8 | books-t2010-b=2
q026,poetry collection about grief,Torso,StripeLocal,Conceptual,Vector,single-index,1,1,1,1,1,0.458398170875221,1,1,0.000583333,74.7204,books-oracle2=10
q026,poetry collection about grief,Torso,StripeLocal,Conceptual,Vector,naive-score,1,1,1,1,0.8591367550184259,0.458398170875221,1,2,0.00085,61.5417,books-t2010-a=9 | books-t2010-b=1
q026,poetry collection about grief,Torso,StripeLocal,Conceptual,Vector,interleave,0.9097131704432809,0.6,0.42857142857142855,0.6888888888888889,0.6100598023566737,0.3604090236581593,0.8,2,0.00085,61.5304,books-t2010-a=5 | books-t2010-b=5
q026,poetry collection about grief,Torso,StripeLocal,Conceptual,Vector,quota-merge,0.9834019776154257,0.8,0.6666666666666666,0.5555555555555556,0.7419676658223676,0.44128264950201623,0.9,2,0.00085,61.5205,books-t2010-a=7 | books-t2010-b=3
q026,poetry collection about grief,Torso,StripeLocal,Conceptual,Vector,global-rrf,0.961530687397684,0.6,0.42857142857142855,0.6444444444444445,0.6925801245472795,0.3943254208130847,0.8,2,0.00085,61.5392,books-t2010-a=5 | books-t2010-b=5
q026,poetry collection about grief,Torso,StripeLocal,Conceptual,Vector,minmax-norm,0.9928983373516828,0.8,0.6666666666666666,0.9111111111111111,0.8249007789805425,0.44701615958480495,0.9,2,0.00085,61.5628,books-t2010-a=7 | books-t2010-b=3
q026,poetry collection about grief,Torso,StripeLocal,Conceptual,Vector,zscore-norm,0.9595269383300222,0.6,0.42857142857142855,0.6,0.6798640434380101,0.39171810467006757,0.8,2,0.00085,61.559000000000005,books-t2010-a=5 | books-t2010-b=5
q026,poetry collection about grief,Torso,StripeLocal,Conceptual,Vector,vector-similarity,1,1,1,1,0.8591367550184259,0.458398170875221,1,2,0.00085,61.5341,books-t2010-a=9 | books-t2010-b=1
q027,existentialist philosophy and the meaning of life,Torso,StripeLocal,Mixed,Vector,single-index,1,1,1,1,1,0.8298568499066524,1,1,0.000583333,76.0017,books-oracle2=10
q027,existentialist philosophy and the meaning of life,Torso,StripeLocal,Mixed,Vector,naive-score,1,1,1,1,0.8591367550184259,0.8298568499066524,1,2,0.00085,62.0303,books-t2010-a=9 | books-t2010-b=1
q027,existentialist philosophy and the meaning of life,Torso,StripeLocal,Mixed,Vector,interleave,0.8817205675780008,0.6,0.42857142857142855,0.4444444444444444,0.5523870377122863,0.5594675592505697,0.6,2,0.00085,62.0184,books-t2010-a=5 | books-t2010-b=5
q027,existentialist philosophy and the meaning of life,Torso,StripeLocal,Mixed,Vector,quota-merge,0.840993470407536,0.8,0.6666666666666666,0.28888888888888886,0.5111818354322093,0.5661339301518352,0.8,2,0.00085,62.0093,books-t2010-a=7 | books-t2010-b=3
q027,existentialist philosophy and the meaning of life,Torso,StripeLocal,Mixed,Vector,global-rrf,0.7768374578971022,0.6,0.42857142857142855,0.3333333333333333,0.43942989872416516,0.47960670365867814,0.6,2,0.00085,62.0259,books-t2010-a=5 | books-t2010-b=5
q027,existentialist philosophy and the meaning of life,Torso,StripeLocal,Mixed,Vector,minmax-norm,0.7214312696401812,0.5,0.3333333333333333,0.35714285714285715,0.38795164675437555,0.45330882218638274,0.5,2,0.00085,62.0496,books-t2010-a=4 | books-t2010-b=6
q027,existentialist philosophy and the meaning of life,Torso,StripeLocal,Mixed,Vector,zscore-norm,0.8715290481405261,0.6,0.42857142857142855,0.4444444444444444,0.5303319014980715,0.5480184983616977,0.6,2,0.00085,62.0456,books-t2010-a=5 | books-t2010-b=5
q027,existentialist philosophy and the meaning of life,Torso,StripeLocal,Mixed,Vector,vector-similarity,1,1,1,1,0.8591367550184259,0.8298568499066524,1,2,0.00085,62.0214,books-t2010-a=9 | books-t2010-b=1
q028,evolutionary biology explained for general readers,Torso,StripeLocal,Conceptual,Vector,single-index,1,1,1,1,1,0.9324303156581432,1,1,0.000583333,74.7698,books-oracle2=10
q028,evolutionary biology explained for general readers,Torso,StripeLocal,Conceptual,Vector,naive-score,1,1,1,1,0.8591367550184259,0.9324303156581432,1,2,0.00085,61.025600000000004,books-t2010-a=10
q028,evolutionary biology explained for general readers,Torso,StripeLocal,Conceptual,Vector,interleave,0.8889149208455576,0.5,0.3333333333333333,0.5555555555555556,0.5256148439343703,0.6076565626032985,0.5,2,0.00085,61.015,books-t2010-a=5 | books-t2010-b=5
q028,evolutionary biology explained for general readers,Torso,StripeLocal,Conceptual,Vector,quota-merge,0.8035916850267083,0.7,0.5384615384615384,0.24444444444444444,0.4560519741357274,0.6061232707439259,0.7,2,0.00085,61.0061,books-t2010-a=7 | books-t2010-b=3
q028,evolutionary biology explained for general readers,Torso,StripeLocal,Conceptual,Vector,global-rrf,0.7667625231318754,0.5,0.3333333333333333,0.4666666666666667,0.3979569237101005,0.4933611851983763,0.5,2,0.00085,61.0217,books-t2010-a=5 | books-t2010-b=5
q028,evolutionary biology explained for general readers,Torso,StripeLocal,Conceptual,Vector,minmax-norm,0.8068366765426624,0.7,0.5384615384615384,0.3333333333333333,0.47357580229253365,0.6133376281097183,0.7,2,0.00085,61.046600000000005,books-t2010-a=7 | books-t2010-b=3
q028,evolutionary biology explained for general readers,Torso,StripeLocal,Conceptual,Vector,zscore-norm,0.7435578524790782,0.6,0.42857142857142855,0.24444444444444444,0.3696643054201798,0.48729813301733654,0.6,2,0.00085,61.0424,books-t2010-a=6 | books-t2010-b=4
q028,evolutionary biology explained for general readers,Torso,StripeLocal,Conceptual,Vector,vector-similarity,1,1,1,1,0.8591367550184259,0.9324303156581432,1,2,0.00085,61.017700000000005,books-t2010-a=10
q029,the history of the Roman empire,Torso,StripeLocal,Lexical,Vector,single-index,1,1,1,1,1,0.9672309121509223,1,1,0.000583333,72.9856,books-oracle2=10
q029,the history of the Roman empire,Torso,StripeLocal,Lexical,Vector,naive-score,1,1,1,1,0.8591367550184259,0.9672309121509223,1,2,0.0008333329999999999,61.0839,books-t2010-a=10
q029,the history of the Roman empire,Torso,StripeLocal,Lexical,Vector,interleave,0.896121334561703,0.5,0.3333333333333333,0.5555555555555556,0.5392603309388952,0.8954241621677538,0.8,2,0.0008333329999999999,61.073299999999996,books-t2010-a=5 | books-t2010-b=5
q029,the history of the Roman empire,Torso,StripeLocal,Lexical,Vector,quota-merge,0.8146750215612569,0.7,0.5384615384615384,0.2,0.457773590210007,0.7190065344502672,0.9,2,0.0008333329999999999,61.0651,books-t2010-a=7 | books-t2010-b=3
q029,the history of the Roman empire,Torso,StripeLocal,Lexical,Vector,global-rrf,0.7714959478891741,0.5,0.3333333333333333,0.3333333333333333,0.3859733409646469,0.6930071788247378,0.8,2,0.0008333329999999999,61.0803,books-t2010-a=5 | books-t2010-b=5
q029,the history of the Roman empire,Torso,StripeLocal,Lexical,Vector,minmax-norm,0.7933512196301321,0.6,0.42857142857142855,0.2,0.4151079550134839,0.6919936468609037,0.8,2,0.0008333329999999999,61.1049,books-t2010-a=6 | books-t2010-b=4
q029,the history of the Roman empire,Torso,StripeLocal,Lexical,Vector,zscore-norm,0.9013047969619434,0.6,0.42857142857142855,0.24444444444444444,0.515626002434169,0.8795703442743767,0.8,2,0.0008333329999999999,61.1016,books-t2010-a=6 | books-t2010-b=4
q029,the history of the Roman empire,Torso,StripeLocal,Lexical,Vector,vector-similarity,1,1,1,1,0.8591367550184259,0.9672309121509223,1,2,0.0008333329999999999,61.0764,books-t2010-a=10
q030,a novel narrated by an unreliable narrator in a decaying southern town,Tail,StripeLocal,Conceptual,Vector,single-index,1,1,1,1,1,0.3326493127539437,1,1,0.000583333,73.3065,books-oracle2=10
q030,a novel narrated by an unreliable narrator in a decaying southern town,Tail,StripeLocal,Conceptual,Vector,naive-score,1,1,1,1,0.8591367550184259,0.3326493127539437,1,2,0.0008333329999999999,62.606899999999996,books-t2010-a=6 | books-t2010-b=4
q030,a novel narrated by an unreliable narrator in a decaying southern town,Tail,StripeLocal,Conceptual,Vector,interleave,0.9950556279741614,0.9,0.8181818181818182,0.8222222222222222,0.8030231730910949,0.3348855782193156,1,2,0.0008333329999999999,62.5942,books-t2010-a=5 | books-t2010-b=5
q030,a novel narrated by an unreliable narrator in a decaying southern town,Tail,StripeLocal,Conceptual,Vector,quota-merge,0.9916480745325419,0.9,0.8181818181818182,0.8222222222222222,0.7835145060556908,0.3326493127539437,1,2,0.0008333329999999999,62.585,books-t2010-a=7 | books-t2010-b=3
q030,a novel narrated by an unreliable narrator in a decaying southern town,Tail,StripeLocal,Conceptual,Vector,global-rrf,0.9901846816805259,0.9,0.8181818181818182,0.6888888888888889,0.7634442087200737,0.3348855782193156,1,2,0.0008333329999999999,62.602599999999995,books-t2010-a=5 | books-t2010-b=5
q030,a novel narrated by an unreliable narrator in a decaying southern town,Tail,StripeLocal,Conceptual,Vector,minmax-norm,0.969547665293955,0.8,0.6666666666666666,0.4222222222222222,0.6652601254568133,0.40569607949513314,1,2,0.0008333329999999999,62.6247,books-t2010-a=4 | books-t2010-b=6
q030,a novel narrated by an unreliable narrator in a decaying southern town,Tail,StripeLocal,Conceptual,Vector,zscore-norm,0.9879838427259287,0.8,0.6666666666666666,0.9111111111111111,0.8012838700808923,0.4083429023788868,1,2,0.0008333329999999999,62.6218,books-t2010-a=4 | books-t2010-b=6
q030,a novel narrated by an unreliable narrator in a decaying southern town,Tail,StripeLocal,Conceptual,Vector,vector-similarity,1,1,1,1,0.8591367550184259,0.3326493127539437,1,2,0.0008333329999999999,62.5978,books-t2010-a=6 | books-t2010-b=4
q031,Regency romance with a reluctant duke,Tail,StripeLocal,Mixed,Vector,single-index,1,1,1,1,1,0.5732430713559219,1,1,0.000583333,72.3547,books-oracle2=10
q031,Regency romance with a reluctant duke,Tail,StripeLocal,Mixed,Vector,naive-score,1,1,1,1,0.8591367550184259,0.5732430713559219,1,2,0.00085,61.282000000000004,books-t2010-a=6 | books-t2010-b=4
q031,Regency romance with a reluctant duke,Tail,StripeLocal,Mixed,Vector,interleave,0.9418445694430592,0.9,0.8181818181818182,0.8222222222222222,0.7083848976936882,0.6781570107634031,1,2,0.00085,61.2693,books-t2010-a=5 | books-t2010-b=5
q031,Regency romance with a reluctant duke,Tail,StripeLocal,Mixed,Vector,quota-merge,0.9414020593507577,0.9,0.8181818181818182,0.9111111111111111,0.7335404821703807,0.6595610887514396,1,2,0.00085,61.2601,books-t2010-a=7 | books-t2010-b=3
q031,Regency romance with a reluctant duke,Tail,StripeLocal,Mixed,Vector,global-rrf,0.9435956410063541,0.9,0.8181818181818182,0.8222222222222222,0.7307170234497364,0.6788623297145553,1,2,0.00085,61.2774,books-t2010-a=5 | books-t2010-b=5
q031,Regency romance with a reluctant duke,Tail,StripeLocal,Mixed,Vector,minmax-norm,0.9395157190373663,1,1,0.6888888888888889,0.6776378672648511,0.6585077847265381,1,2,0.00085,61.3057,books-t2010-a=6 | books-t2010-b=4
q031,Regency romance with a reluctant duke,Tail,StripeLocal,Mixed,Vector,zscore-norm,0.998450826225048,0.9,0.8181818181818182,0.9555555555555556,0.8420525017273789,0.5902827716908037,1,2,0.00085,61.2967,books-t2010-a=5 | books-t2010-b=5
q031,Regency romance with a reluctant duke,Tail,StripeLocal,Mixed,Vector,vector-similarity,1,1,1,1,0.8591367550184259,0.5732430713559219,1,2,0.00085,61.2733,books-t2010-a=6 | books-t2010-b=4
q032,cookbook,Head,StripeLocal,Lexical,Vector,single-index,1,1,1,1,1,1,1,1,0.000583333,73.7211,books-oracle2=10
q032,cookbook,Head,StripeLocal,Lexical,Vector,naive-score,1,1,1,1,0.8591367550184259,1,1,2,0.0008333329999999999,61.2839,books-t2010-a=10
q032,cookbook,Head,StripeLocal,Lexical,Vector,interleave,0.8376180593784601,0.5,0.3333333333333333,0.35714285714285715,0.5270117322509402,0.6937613565160449,0.6,2,0.0008333329999999999,61.2722,books-t2010-a=5 | books-t2010-b=5
q032,cookbook,Head,StripeLocal,Lexical,Vector,quota-merge,0.8147904753105035,0.7,0.5384615384615384,0.28888888888888886,0.4859878740196219,0.8268133666517739,0.8,2,0.0008333329999999999,61.2642,books-t2010-a=7 | books-t2010-b=3
q032,cookbook,Head,StripeLocal,Lexical,Vector,global-rrf,0.7309521807092166,0.5,0.3333333333333333,0.2857142857142857,0.42649368483025524,0.6937613565160449,0.6,2,0.0008333329999999999,61.2796,books-t2010-a=5 | books-t2010-b=5
q032,cookbook,Head,StripeLocal,Lexical,Vector,minmax-norm,0.8474228022561557,0.8,0.6666666666666666,0.5555555555555556,0.587603829436274,0.9305687780632227,0.9,2,0.0008333329999999999,61.3023,books-t2010-a=8 | books-t2010-b=2
q032,cookbook,Head,StripeLocal,Lexical,Vector,zscore-norm,0.7235206005455134,0.5,0.3333333333333333,0.2857142857142857,0.4080449094533983,0.6840182226156365,0.6,2,0.0008333329999999999,61.3005,books-t2010-a=5 | books-t2010-b=5
q032,cookbook,Head,StripeLocal,Lexical,Vector,vector-similarity,1,1,1,1,0.8591367550184259,1,1,2,0.0008333329999999999,61.2764,books-t2010-a=10
q033,travel writing about walking across a country,Tail,StripeLocal,Conceptual,Vector,single-index,1,1,1,1,1,0.7330938740733639,1,1,0.000583333,103.3024,books-oracle2=10
q033,travel writing about walking across a country,Tail,StripeLocal,Conceptual,Vector,naive-score,1,1,1,1,0.8591367550184259,0.7330938740733639,1,2,0.00085,61.598400000000005,books-t2010-a=8 | books-t2010-b=2
q033,travel writing about walking across a country,Tail,StripeLocal,Conceptual,Vector,interleave,0.9371256707390457,0.7,0.5384615384615384,0.5555555555555556,0.6034162728204695,0.6746075773891864,0.7,2,0.00085,61.587700000000005,books-t2010-a=5 | books-t2010-b=5
q033,travel writing about walking across a country,Tail,StripeLocal,Conceptual,Vector,quota-merge,0.9595096669689207,0.9,0.8181818181818182,0.4222222222222222,0.6446454972677744,0.7084367115853141,0.9,2,0.00085,61.5782,books-t2010-a=7 | books-t2010-b=3
q033,travel writing about walking across a country,Tail,StripeLocal,Conceptual,Vector,global-rrf,0.9337384733034376,0.7,0.5384615384615384,0.5111111111111111,0.5902262946379271,0.6728010892384688,0.7,2,0.00085,61.5959,books-t2010-a=5 | books-t2010-b=5
q033,travel writing about walking across a country,Tail,StripeLocal,Conceptual,Vector,minmax-norm,0.8129282611195778,0.4,0.25,0.7777777777777778,0.40004336584801475,0.5971947860745732,0.4,2,0.00085,61.642,books-t2010-a=2 | books-t2010-b=8
q033,travel writing about walking across a country,Tail,StripeLocal,Conceptual,Vector,zscore-norm,0.91872376342379,0.7,0.5384615384615384,0.28888888888888886,0.5347451628205786,0.6688432029670266,0.7,2,0.00085,61.6169,books-t2010-a=5 | books-t2010-b=5
q033,travel writing about walking across a country,Tail,StripeLocal,Conceptual,Vector,vector-similarity,1,1,1,1,0.8591367550184259,0.7330938740733639,1,2,0.00085,61.5914,books-t2010-a=8 | books-t2010-b=2
q034,startup founder building a company from nothing,Torso,StripeLocal,Conceptual,Vector,single-index,1,1,1,1,1,0.9636452638863133,1,1,0.000583333,74.2326,books-oracle2=10
q034,startup founder building a company from nothing,Torso,StripeLocal,Conceptual,Vector,naive-score,1,1,1,1,0.8591367550184259,0.9636452638863133,1,2,0.0008333329999999999,89.3232,books-t2010-a=5 | books-t2010-b=5
q034,startup founder building a company from nothing,Torso,StripeLocal,Conceptual,Vector,interleave,0.9439310700065753,1,1,0.7333333333333333,0.717087470401435,0.9621404437403491,1,2,0.0008333329999999999,89.3097,books-t2010-a=5 | books-t2010-b=5
q034,startup founder building a company from nothing,Torso,StripeLocal,Conceptual,Vector,quota-merge,0.9823076551598096,0.8,0.6666666666666666,0.9555555555555556,0.7818634170383337,0.9239702799224406,1,2,0.0008333329999999999,89.3009,books-t2010-a=7 | books-t2010-b=3
q034,startup founder building a company from nothing,Torso,StripeLocal,Conceptual,Vector,global-rrf,0.9977805449132726,1,1,0.8666666666666667,0.8160947147685134,0.9636452638863133,1,2,0.0008333329999999999,89.317,books-t2010-a=5 | books-t2010-b=5
q034,startup founder building a company from nothing,Torso,StripeLocal,Conceptual,Vector,minmax-norm,0.9960361964740374,0.9,0.8181818181818182,0.9555555555555556,0.8396124849460046,0.9363792118010483,0.9,2,0.0008333329999999999,89.3404,books-t2010-a=4 | books-t2010-b=6
q034,startup founder building a company from nothing,Torso,StripeLocal,Conceptual,Vector,zscore-norm,0.9415676554529465,0.9,0.8181818181818182,0.9555555555555556,0.7467257820452192,0.9363792118010483,0.9,2,0.0008333329999999999,89.3383,books-t2010-a=4 | books-t2010-b=6
q034,startup founder building a company from nothing,Torso,StripeLocal,Conceptual,Vector,vector-similarity,1,1,1,1,0.8591367550184259,0.9636452638863133,1,2,0.0008333329999999999,89.3132,books-t2010-a=5 | books-t2010-b=5
q035,a marriage falling apart told from both perspectives,Tail,StripeLocal,Conceptual,Vector,single-index,1,1,1,1,1,0.22738717273230416,1,1,0.000583333,74.3248,books-oracle2=10
q035,a marriage falling apart told from both perspectives,Tail,StripeLocal,Conceptual,Vector,naive-score,1,1,1,1,0.8591367550184259,0.22738717273230416,1,2,0.0005833329999999999,61.647600000000004,books-t2010-a=3 | books-t2010-b=7
q035,a marriage falling apart told from both perspectives,Tail,StripeLocal,Conceptual,Vector,interleave,0.9147267391583452,0.8,0.6666666666666666,0.5111111111111111,0.5886889348207307,0.2725920552247616,1,2,0.0005833329999999999,61.629200000000004,books-t2010-a=5 | books-t2010-b=5
q035,a marriage falling apart told from both perspectives,Tail,StripeLocal,Conceptual,Vector,quota-merge,0.8807788662483937,0.6,0.42857142857142855,0.8666666666666667,0.551069644206168,0.27441699629568145,1,2,0.0005833329999999999,61.6194,books-t2010-a=7 | books-t2010-b=3
q035,a marriage falling apart told from both perspectives,Tail,StripeLocal,Conceptual,Vector,global-rrf,0.9174463382096802,0.8,0.6666666666666666,0.6,0.6095102575231724,0.2703330217105512,1,2,0.0005833329999999999,61.636700000000005,books-t2010-a=5 | books-t2010-b=5
q035,a marriage falling apart told from both perspectives,Tail,StripeLocal,Conceptual,Vector,minmax-norm,0.9448445928203573,1,1,0.8222222222222222,0.736287132393398,0.20148173714591291,1,2,0.0005833329999999999,61.659400000000005,books-t2010-a=3 | books-t2010-b=7
q035,a marriage falling apart told from both perspectives,Tail,StripeLocal,Conceptual,Vector,zscore-norm,0.9228117315136327,0.9,0.8181818181818182,0.4222222222222222,0.5980595823508328,0.23227507041655873,1,2,0.0005833329999999999,61.6576,books-t2010-a=4 | books-t2010-b=6
q035,a marriage falling apart told from both perspectives,Tail,StripeLocal,Conceptual,Vector,vector-similarity,1,1,1,1,0.8591367550184259,0.22738717273230416,1,2,0.0005833329999999999,61.6329,books-t2010-a=3 | books-t2010-b=7
q036,essays on race in America,Torso,StripeLocal,Mixed,Vector,single-index,1,1,1,1,1,0.8389874946397199,1,1,0.000583333,74.0152,books-oracle2=10
q036,essays on race in America,Torso,StripeLocal,Mixed,Vector,naive-score,1,1,1,1,0.8591367550184259,0.8389874946397199,1,2,0.0008333329999999999,90.00970000000001,books-t2010-a=8 | books-t2010-b=2
q036,essays on race in America,Torso,StripeLocal,Mixed,Vector,interleave,0.9630309510501921,0.7,0.5384615384615384,0.7333333333333333,0.7103639646361152,0.8168417678622673,0.9,2,0.0008333329999999999,89.99820000000001,books-t2010-a=5 | books-t2010-b=5
q036,essays on race in America,Torso,StripeLocal,Mixed,Vector,quota-merge,0.9873634850132129,0.9,0.8181818181818182,0.5555555555555556,0.750674366286113,0.8154967142170417,0.9,2,0.0008333329999999999,89.98920000000001,books-t2010-a=7 | books-t2010-b=3
q036,essays on race in America,Torso,StripeLocal,Mixed,Vector,global-rrf,0.9598516613939108,0.7,0.5384615384615384,0.6444444444444445,0.6895426419336734,0.8146313049129379,0.9,2,0.0008333329999999999,90.0062,books-t2010-a=5 | books-t2010-b=5
q036,essays on race in America,Torso,StripeLocal,Mixed,Vector,minmax-norm,0.9805412361629324,0.8,0.6666666666666666,0.7333333333333333,0.7610574737933797,0.8349571255400885,0.9,2,0.0008333329999999999,90.02900000000001,books-t2010-a=6 | books-t2010-b=4
q036,essays on race in America,Torso,StripeLocal,Mixed,Vector,zscore-norm,0.9109218935432406,0.7,0.5384615384615384,0.7333333333333333,0.6281653313578501,0.8099470441330943,0.9,2,0.0008333329999999999,90.02560000000001,books-t2010-a=5 | books-t2010-b=5
q036,essays on race in America,Torso,StripeLocal,Mixed,Vector,vector-similarity,1,1,1,1,0.8591367550184259,0.8389874946397199,1,2,0.0008333329999999999,90.0013,books-t2010-a=8 | books-t2010-b=2
q037,spiritual awakening and mindfulness practice,Torso,StripeLocal,Conceptual,Vector,single-index,1,1,1,1,1,0.9621404437403491,1,1,0.000583333,74.1024,books-oracle2=10
q037,spiritual awakening and mindfulness practice,Torso,StripeLocal,Conceptual,Vector,naive-score,1,1,1,1,0.8591367550184259,0.9621404437403491,1,2,0.0010999999999999998,63.0997,books-t2010-a=9 | books-t2010-b=1
q037,spiritual awakening and mindfulness practice,Torso,StripeLocal,Conceptual,Vector,interleave,0.9217034424959417,0.6,0.42857142857142855,0.6888888888888889,0.6196132791937953,0.6937613565160449,0.6,2,0.0010999999999999998,63.0869,books-t2010-a=5 | books-t2010-b=5
q037,spiritual awakening and mindfulness practice,Torso,StripeLocal,Conceptual,Vector,quota-merge,0.870772408762708,0.8,0.6666666666666666,0.4666666666666667,0.5512204542502923,0.8115558478722845,0.8,2,0.0010999999999999998,63.0754,books-t2010-a=7 | books-t2010-b=3
q037,spiritual awakening and mindfulness practice,Torso,StripeLocal,Conceptual,Vector,global-rrf,0.8349531955629413,0.6,0.42857142857142855,0.5555555555555556,0.48714761192198885,0.6758704024811182,0.6,2,0.0010999999999999998,63.0969,books-t2010-a=5 | books-t2010-b=5
q037,spiritual awakening and mindfulness practice,Torso,StripeLocal,Conceptual,Vector,minmax-norm,0.8932794734160455,0.8,0.6666666666666666,0.7777777777777778,0.638210978392603,0.8579809428223729,0.8,2,0.0010999999999999998,63.1252,books-t2010-a=7 | books-t2010-b=3
q037,spiritual awakening and mindfulness practice,Torso,StripeLocal,Conceptual,Vector,zscore-norm,0.8113834370159629,0.5,0.3333333333333333,0.8333333333333334,0.518161003338696,0.6421867266689009,0.5,2,0.0010999999999999998,63.1169,books-t2010-a=4 | books-t2010-b=6
q037,spiritual awakening and mindfulness practice,Torso,StripeLocal,Conceptual,Vector,vector-similarity,1,1,1,1,0.8591367550184259,0.9621404437403491,1,2,0.0010999999999999998,63.0868,books-t2010-a=9 | books-t2010-b=1
q038,immigrant family adjusting to a new country,Torso,StripeLocal,Conceptual,Vector,single-index,1,1,1,1,1,0.9041327879405042,1,1,0.001183333,74.6141,books-oracle2=10
q038,immigrant family adjusting to a new country,Torso,StripeLocal,Conceptual,Vector,naive-score,0.9650645928231532,0.9,0.8181818181818182,1,0.8299906288046852,0.8836981896647146,1,2,0.0005833329999999999,64.4033,books-t2010-a=9 | books-t2010-b=1
q038,immigrant family adjusting to a new country,Torso,StripeLocal,Conceptual,Vector,interleave,0.9129034251361557,0.6,0.42857142857142855,0.6888888888888889,0.6172088549770972,0.9239702799224406,1,2,0.0005833329999999999,64.3925,books-t2010-a=5 | books-t2010-b=5
q038,immigrant family adjusting to a new country,Torso,StripeLocal,Conceptual,Vector,quota-merge,0.9829369008631396,0.8,0.6666666666666666,0.5555555555555556,0.740965230390591,0.94546789582947,1,2,0.0005833329999999999,64.3834,books-t2010-a=7 | books-t2010-b=3
q038,immigrant family adjusting to a new country,Torso,StripeLocal,Conceptual,Vector,global-rrf,0.9654360126095548,0.6,0.42857142857142855,0.6888888888888889,0.7045369242152398,0.9239702799224406,1,2,0.0005833329999999999,64.399,books-t2010-a=5 | books-t2010-b=5
q038,immigrant family adjusting to a new country,Torso,StripeLocal,Conceptual,Vector,minmax-norm,0.9614969796507739,0.8,0.6666666666666666,1,0.8229101286074039,0.8836981896647146,1,2,0.0005833329999999999,64.4234,books-t2010-a=8 | books-t2010-b=2
q038,immigrant family adjusting to a new country,Torso,StripeLocal,Conceptual,Vector,zscore-norm,0.9728892333800598,0.6,0.42857142857142855,0.8666666666666667,0.7591287783596508,0.9239702799224406,1,2,0.0005833329999999999,64.4192,books-t2010-a=5 | books-t2010-b=5
q038,immigrant family adjusting to a new country,Torso,StripeLocal,Conceptual,Vector,vector-similarity,0.9650645928231532,0.9,0.8181818181818182,1,0.8299906288046852,0.8836981896647146,1,2,0.0005833329999999999,64.3953,books-t2010-a=9 | books-t2010-b=1
q039,art history and the Renaissance painters,Torso,StripeLocal,Mixed,Vector,single-index,1,1,1,1,1,0.7535335429380635,1,1,0.000583333,74.7778,books-oracle2=10
q039,art history and the Renaissance painters,Torso,StripeLocal,Mixed,Vector,naive-score,1,1,1,1,0.8591367550184259,0.7535335429380635,1,2,0.0005833329999999999,64.8164,books-t2010-a=10
q039,art history and the Renaissance painters,Torso,StripeLocal,Mixed,Vector,interleave,0.8747802546454643,0.5,0.3333333333333333,0.5555555555555556,0.5132045944935336,0.4484508614160973,0.5,2,0.0005833329999999999,64.8038,books-t2010-a=5 | books-t2010-b=5
q039,art history and the Renaissance painters,Torso,StripeLocal,Mixed,Vector,quota-merge,0.9123411958853509,0.7,0.5384615384615384,0.3333333333333333,0.571778078770783,0.5717191810672708,0.7,2,0.0005833329999999999,64.794,books-t2010-a=7 | books-t2010-b=3
q039,art history and the Renaissance painters,Torso,StripeLocal,Mixed,Vector,global-rrf,0.8730920473070128,0.5,0.3333333333333333,0.5111111111111111,0.5055732499736343,0.44562569098571836,0.5,2,0.0005833329999999999,64.81219999999999,books-t2010-a=5 | books-t2010-b=5
q039,art history and the Renaissance painters,Torso,StripeLocal,Mixed,Vector,minmax-norm,0.8711670813341543,0.5,0.3333333333333333,0.5111111111111111,0.5000146163109913,0.43714502204491534,0.5,2,0.0005833329999999999,64.8347,books-t2010-a=5 | books-t2010-b=5
q039,art history and the Renaissance painters,Torso,StripeLocal,Mixed,Vector,zscore-norm,0.740372998202818,0.5,0.3333333333333333,0.3333333333333333,0.35991760451928556,0.364375099377371,0.5,2,0.0005833329999999999,64.83239999999999,books-t2010-a=5 | books-t2010-b=5
q039,art history and the Renaissance painters,Torso,StripeLocal,Mixed,Vector,vector-similarity,1,1,1,1,0.8591367550184259,0.7535335429380635,1,2,0.0005833329999999999,64.80879999999999,books-t2010-a=10
q040,investing personal finance wealth,Torso,StripeLocal,Lexical,Vector,single-index,1,1,1,1,1,0.9173414328953917,1,1,0.000583333,73.1715,books-oracle2=10
q040,investing personal finance wealth,Torso,StripeLocal,Lexical,Vector,naive-score,1,1,1,1,0.8591367550184259,0.9173414328953917,1,2,0.0005833329999999999,62.6717,books-t2010-a=10
q040,investing personal finance wealth,Torso,StripeLocal,Lexical,Vector,interleave,0.8883416146381627,0.5,0.3333333333333333,0.5555555555555556,0.5249171584963516,0.5548989126424904,0.5,2,0.0005833329999999999,62.662600000000005,books-t2010-a=5 | books-t2010-b=5
q040,investing personal finance wealth,Torso,StripeLocal,Lexical,Vector,quota-merge,0.8021906366491256,0.7,0.5384615384615384,0.24444444444444444,0.4553130179895856,0.5536045253145535,0.7,2,0.0005833329999999999,62.6518,books-t2010-a=7 | books-t2010-b=3
q040,investing personal finance wealth,Torso,StripeLocal,Lexical,Vector,global-rrf,0.7655009020206868,0.5,0.3333333333333333,0.4666666666666667,0.39725923827208187,0.4584120714384754,0.5,2,0.0005833329999999999,62.6694,books-t2010-a=5 | books-t2010-b=5
q040,investing personal finance wealth,Torso,StripeLocal,Lexical,Vector,minmax-norm,0.8068439778298312,0.7,0.5384615384615384,0.4222222222222222,0.4836542770033495,0.5665665783900552,0.7,2,0.0005833329999999999,62.6924,books-t2010-a=7 | books-t2010-b=3
q040,investing personal finance wealth,Torso,StripeLocal,Lexical,Vector,zscore-norm,0.7448094360228971,0.6,0.42857142857142855,0.24444444444444444,0.3761056436471596,0.45686156279922596,0.6,2,0.0005833329999999999,62.6873,books-t2010-a=6 | books-t2010-b=4
q040,investing personal finance wealth,Torso,StripeLocal,Lexical,Vector,vector-similarity,1,1,1,1,0.8591367550184259,0.9173414328953917,1,2,0.0005833329999999999,62.6642,books-t2010-a=10
q041,love,Head,CrossStripe,Lexical,Vector,single-index,1,1,1,1,1,1,1,1,0.000583333,73.2858,books-oracle2=10
q041,love,Head,CrossStripe,Lexical,Vector,naive-score,1,1,1,1,0.8591367550184259,1,1,2,0.0005833329999999999,61.1914,books-t2010-a=5 | books-t2010-b=5
q041,love,Head,CrossStripe,Lexical,Vector,interleave,0.8920266194257944,1,1,0.6444444444444445,0.6100726201694945,1,1,2,0.0005833329999999999,61.1791,books-t2010-a=5 | books-t2010-b=5
q041,love,Head,CrossStripe,Lexical,Vector,quota-merge,0.8802035168318492,0.8,0.6666666666666666,0.7333333333333333,0.588280414006751,0.933745776545611,0.9,2,0.0005833329999999999,61.1706,books-t2010-a=7 | books-t2010-b=3
q041,love,Head,CrossStripe,Lexical,Vector,global-rrf,0.892318415566151,1,1,0.6888888888888889,0.617703964689394,1,1,2,0.0005833329999999999,61.1877,books-t2010-a=5 | books-t2010-b=5
q041,love,Head,CrossStripe,Lexical,Vector,minmax-norm,0.8905346334466029,0.9,0.8181818181818182,0.6,0.6001686612515691,0.9363792118010483,0.9,2,0.0005833329999999999,61.2099,books-t2010-a=6 | books-t2010-b=4
q041,love,Head,CrossStripe,Lexical,Vector,zscore-norm,0.9785855778138689,1,1,0.7777777777777778,0.7314119902926212,1,1,2,0.0005833329999999999,61.2076,books-t2010-a=5 | books-t2010-b=5
q041,love,Head,CrossStripe,Lexical,Vector,vector-similarity,1,1,1,1,0.8591367550184259,1,1,2,0.0005833329999999999,61.184,books-t2010-a=5 | books-t2010-b=5
q042,war,Head,CrossStripe,Lexical,Vector,single-index,1,1,1,1,1,1,1,1,0.000583333,74.6718,books-oracle2=10
q042,war,Head,CrossStripe,Lexical,Vector,naive-score,1,1,1,1,0.8591367550184259,1,1,2,0.0005833329999999999,62.9108,books-t2010-a=10
q042,war,Head,CrossStripe,Lexical,Vector,interleave,0.9018074771673396,0.5,0.3333333333333333,0.5555555555555556,0.5412532659751269,0.6144113885882995,0.6,2,0.0005833329999999999,62.8982,books-t2010-a=5 | books-t2010-b=5
q042,war,Head,CrossStripe,Lexical,Vector,quota-merge,0.8164617512327411,0.7,0.5384615384615384,0.24444444444444444,0.47009572879235867,0.6857891242733816,0.8,2,0.0005833329999999999,62.889700000000005,books-t2010-a=7 | books-t2010-b=3
q042,war,Head,CrossStripe,Lexical,Vector,global-rrf,0.7823123294104458,0.5,0.3333333333333333,0.4666666666666667,0.41359534575085694,0.5527371141376526,0.6,2,0.0005833329999999999,62.9071,books-t2010-a=5 | books-t2010-b=5
q042,war,Head,CrossStripe,Lexical,Vector,minmax-norm,0.7833470435295492,0.5,0.3333333333333333,0.5111111111111111,0.41960502956027784,0.5559141126200409,0.6,2,0.0005833329999999999,62.9294,books-t2010-a=5 | books-t2010-b=5
q042,war,Head,CrossStripe,Lexical,Vector,zscore-norm,0.7432657820628595,0.5,0.3333333333333333,0.4222222222222222,0.36836222441154876,0.5239205534131381,0.6,2,0.0005833329999999999,62.9273,books-t2010-a=5 | books-t2010-b=5
q042,war,Head,CrossStripe,Lexical,Vector,vector-similarity,1,1,1,1,0.8591367550184259,1,1,2,0.0005833329999999999,62.9022,books-t2010-a=10
q043,family,Head,CrossStripe,Lexical,Vector,single-index,1,1,1,1,1,0.8760121493430877,1,1,0.000583333,72.2777,books-oracle2=10
q043,family,Head,CrossStripe,Lexical,Vector,naive-score,0.9632393902397784,0.9,0.8181818181818182,1,0.8239809449952643,0.8385943955981612,1,2,0.0010999999999999998,61.021699999999996,books-t2010-a=6 | books-t2010-b=4
q043,family,Head,CrossStripe,Lexical,Vector,interleave,0.9468892132427109,0.8,0.6666666666666666,0.8333333333333334,0.7311704371569837,0.7761238177961368,0.9,2,0.0010999999999999998,61.009899999999995,books-t2010-a=5 | books-t2010-b=5
q043,family,Head,CrossStripe,Lexical,Vector,quota-merge,0.8788418962345119,0.9,0.8181818181818182,0.7222222222222222,0.6368279002734019,0.8974416542366758,1,2,0.0010999999999999998,61.001099999999994,books-t2010-a=7 | books-t2010-b=3
q043,family,Head,CrossStripe,Lexical,Vector,global-rrf,0.871728580010592,0.8,0.6666666666666666,0.7222222222222222,0.6174624115537566,0.7761238177961368,0.9,2,0.0010999999999999998,61.0188,books-t2010-a=5 | books-t2010-b=5
q043,family,Head,CrossStripe,Lexical,Vector,minmax-norm,0.8992340359016762,0.8,0.6666666666666666,0.7777777777777778,0.6267330751621017,0.8113499388003503,0.9,2,0.0010999999999999998,61.0417,books-t2010-a=4 | books-t2010-b=6
q043,family,Head,CrossStripe,Lexical,Vector,zscore-norm,0.8980383393038475,0.8,0.6666666666666666,0.7333333333333333,0.6135430969795596,0.8113499388003503,0.9,2,0.0010999999999999998,61.040699999999994,books-t2010-a=4 | books-t2010-b=6
q043,family,Head,CrossStripe,Lexical,Vector,vector-similarity,0.9632393902397784,0.9,0.8181818181818182,1,0.8239809449952643,0.8385943955981612,1,2,0.0010999999999999998,61.0141,books-t2010-a=6 | books-t2010-b=4
q044,death,Head,CrossStripe,Lexical,Vector,single-index,1,1,1,1,1,0.8340899081434534,1,1,0.000583333,72.9914,books-oracle2=10
q044,death,Head,CrossStripe,Lexical,Vector,naive-score,0.9753585795374031,0.8,0.6666666666666666,1,0.7883113283739142,0.7681765939173139,1,2,0.0010999999999999998,62.1088,books-t2010-a=8 | books-t2010-b=2
q044,death,Head,CrossStripe,Lexical,Vector,interleave,0.929522223092038,0.7,0.5384615384615384,0.7777777777777778,0.7098465251953453,0.7034039025374764,0.8,2,0.0010999999999999998,62.097500000000004,books-t2010-a=5 | books-t2010-b=5
q044,death,Head,CrossStripe,Lexical,Vector,quota-merge,0.9690535453081334,0.8,0.6666666666666666,0.7777777777777778,0.7563590302150885,0.7499103403108245,0.9,2,0.0010999999999999998,62.088100000000004,books-t2010-a=7 | books-t2010-b=3
q044,death,Head,CrossStripe,Lexical,Vector,global-rrf,0.9273741549556959,0.7,0.5384615384615384,0.7222222222222222,0.6974074336279094,0.7007704672820391,0.8,2,0.0010999999999999998,62.1057,books-t2010-a=5 | books-t2010-b=5
q044,death,Head,CrossStripe,Lexical,Vector,minmax-norm,0.9693598470660034,0.8,0.6666666666666666,0.9555555555555556,0.7721422080220925,0.7196458815937128,0.9,2,0.0010999999999999998,62.1303,books-t2010-a=6 | books-t2010-b=4
q044,death,Head,CrossStripe,Lexical,Vector,zscore-norm,0.9696206224603328,0.8,0.6666666666666666,1,0.7721422080220925,0.7200997385197683,0.9,2,0.0010999999999999998,62.1288,books-t2010-a=6 | books-t2010-b=4
q044,death,Head,CrossStripe,Lexical,Vector,vector-similarity,0.9753585795374031,0.8,0.6666666666666666,1,0.7883113283739142,0.7681765939173139,1,2,0.0010999999999999998,62.100500000000004,books-t2010-a=8 | books-t2010-b=2
q045,friendship,Head,CrossStripe,Lexical,Vector,single-index,1,1,1,1,1,0.8390528069087475,1,1,0.000583333,71.4426,books-oracle2=10
q045,friendship,Head,CrossStripe,Lexical,Vector,naive-score,0.9650645928231532,0.9,0.8181818181818182,1,0.8299906288046852,0.8011932506490966,1,2,0.00085,96.03359999999999,books-t2010-a=5 | books-t2010-b=5
q045,friendship,Head,CrossStripe,Lexical,Vector,interleave,0.870825890561347,0.9,0.8181818181818182,0.6111111111111112,0.6020566829499175,0.8189050329660094,1,2,0.00085,96.0204,books-t2010-a=5 | books-t2010-b=5
q045,friendship,Head,CrossStripe,Lexical,Vector,quota-merge,0.8581738620323501,0.8,0.6666666666666666,0.7222222222222222,0.5873449769844552,0.855259769079696,1,2,0.00085,96.01209999999999,books-t2010-a=7 | books-t2010-b=3
q045,friendship,Head,CrossStripe,Lexical,Vector,global-rrf,0.870825890561347,0.9,0.8181818181818182,0.6111111111111112,0.6020566829499175,0.8189050329660094,1,2,0.00085,96.03,books-t2010-a=5 | books-t2010-b=5
q045,friendship,Head,CrossStripe,Lexical,Vector,minmax-norm,0.8748516811593605,0.9,0.8181818181818182,0.7777777777777778,0.6327704892892658,0.8263784389370987,1,2,0.00085,96.0522,books-t2010-a=5 | books-t2010-b=5
q045,friendship,Head,CrossStripe,Lexical,Vector,zscore-norm,0.957423757030912,0.9,0.8181818181818182,0.8888888888888888,0.7664380933229566,0.8176598567773906,1,2,0.00085,96.048,books-t2010-a=5 | books-t2010-b=5
q045,friendship,Head,CrossStripe,Lexical,Vector,vector-similarity,0.9650645928231532,0.9,0.8181818181818182,1,0.8299906288046852,0.8011932506490966,1,2,0.00085,96.0256,books-t2010-a=5 | books-t2010-b=5
q046,coming of age story about a teenager finding their identity,Torso,CrossStripe,Conceptual,Vector,single-index,1,1,1,1,1,0.8476702169508651,1,1,0.000583333,72.7429,books-oracle2=10
q046,coming of age story about a teenager finding their identity,Torso,CrossStripe,Conceptual,Vector,naive-score,1,1,1,1,0.8591367550184259,0.8476702169508651,1,2,0.0010999999999999998,96.7958,books-t2010-a=6 | books-t2010-b=4
q046,coming of age story about a teenager finding their identity,Torso,CrossStripe,Conceptual,Vector,interleave,0.9905611312227547,0.9,0.8181818181818182,0.8666666666666667,0.7947425117046792,0.8476702169508651,1,2,0.0010999999999999998,96.7824,books-t2010-a=5 | books-t2010-b=5
q046,coming of age story about a teenager finding their identity,Torso,CrossStripe,Conceptual,Vector,quota-merge,0.9960339212873764,0.9,0.8181818181818182,0.8666666666666667,0.8050201452868875,0.8534515158048185,1,2,0.0010999999999999998,96.7711,books-t2010-a=7 | books-t2010-b=3
q046,coming of age story about a teenager finding their identity,Torso,CrossStripe,Conceptual,Vector,global-rrf,0.9894228620417627,0.9,0.8181818181818182,0.7777777777777778,0.7739211890022375,0.8534515158048185,1,2,0.0010999999999999998,96.78699999999999,books-t2010-a=5 | books-t2010-b=5
q046,coming of age story about a teenager finding their identity,Torso,CrossStripe,Conceptual,Vector,minmax-norm,0.9804818094977537,0.8,0.6666666666666666,0.8666666666666667,0.7679251304652649,0.8534515158048185,1,2,0.0010999999999999998,96.8099,books-t2010-a=4 | books-t2010-b=6
q046,coming of age story about a teenager finding their identity,Torso,CrossStripe,Conceptual,Vector,zscore-norm,0.9901200942769345,0.9,0.8181818181818182,0.8222222222222222,0.7903729921833023,0.8534515158048185,1,2,0.0010999999999999998,96.80499999999999,books-t2010-a=5 | books-t2010-b=5
q046,coming of age story about a teenager finding their identity,Torso,CrossStripe,Conceptual,Vector,vector-similarity,1,1,1,1,0.8591367550184259,0.8476702169508651,1,2,0.0010999999999999998,96.78229999999999,books-t2010-a=6 | books-t2010-b=4
q047,a story about losing someone you love and learning to go on,Torso,CrossStripe,Conceptual,Vector,single-index,1,1,1,1,1,0.8219621123515236,1,1,0.000583333,75.2875,books-oracle2=10
q047,a story about losing someone you love and learning to go on,Torso,CrossStripe,Conceptual,Vector,naive-score,1,1,1,1,0.8591367550184259,0.8219621123515236,1,2,0.0010999999999999998,62.7231,books-t2010-a=6 | books-t2010-b=4
q047,a story about losing someone you love and learning to go on,Torso,CrossStripe,Conceptual,Vector,interleave,0.9893023149250135,0.9,0.8181818181818182,0.7333333333333333,0.7549664542794238,0.7616623806065308,1,2,0.0010999999999999998,62.7132,books-t2010-a=5 | books-t2010-b=5
q047,a story about losing someone you love and learning to go on,Torso,CrossStripe,Conceptual,Vector,quota-merge,0.9856217817253635,0.9,0.8181818181818182,0.7333333333333333,0.7397921877699892,0.8558694687409335,1,2,0.0010999999999999998,62.7031,books-t2010-a=7 | books-t2010-b=3
q047,a story about losing someone you love and learning to go on,Torso,CrossStripe,Conceptual,Vector,global-rrf,0.987272472237438,0.9,0.8181818181818182,0.6444444444444445,0.734145131576982,0.7627860092244115,1,2,0.0010999999999999998,62.722,books-t2010-a=5 | books-t2010-b=5
q047,a story about losing someone you love and learning to go on,Torso,CrossStripe,Conceptual,Vector,minmax-norm,0.9893023149250135,0.9,0.8181818181818182,0.7333333333333333,0.7549664542794238,0.7616623806065308,1,2,0.0010999999999999998,62.746700000000004,books-t2010-a=5 | books-t2010-b=5
q047,a story about losing someone you love and learning to go on,Torso,CrossStripe,Conceptual,Vector,zscore-norm,0.912422347343232,0.9,0.8181818181818182,0.5111111111111111,0.6228096532993397,0.7605287790054653,1,2,0.0010999999999999998,62.7423,books-t2010-a=5 | books-t2010-b=5
q047,a story about losing someone you love and learning to go on,Torso,CrossStripe,Conceptual,Vector,vector-similarity,1,1,1,1,0.8591367550184259,0.8219621123515236,1,2,0.0010999999999999998,62.7179,books-t2010-a=6 | books-t2010-b=4
q048,World War II,Head,CrossStripe,Lexical,Vector,single-index,1,1,1,1,1,0.8700578715134215,1,1,0.000583333,73.3784,books-oracle2=10
q048,World War II,Head,CrossStripe,Lexical,Vector,naive-score,1,1,1,1,0.8591367550184259,0.8700578715134215,1,2,0.00085,63.921,books-t2010-a=9 | books-t2010-b=1
q048,World War II,Head,CrossStripe,Lexical,Vector,interleave,0.9014460543439097,0.6,0.42857142857142855,0.6888888888888889,0.5934696412805366,0.8439775107960317,1,2,0.00085,63.911,books-t2010-a=5 | books-t2010-b=5
q048,World War II,Head,CrossStripe,Lexical,Vector,quota-merge,0.9789374712834736,0.8,0.6666666666666666,0.6,0.741975924794979,0.8421620830918098,1,2,0.00085,63.9007,books-t2010-a=7 | books-t2010-b=3
q048,World War II,Head,CrossStripe,Lexical,Vector,global-rrf,0.9553944460073055,0.6,0.42857142857142855,0.6888888888888889,0.6891799416536848,0.8454823309419959,1,2,0.00085,63.919599999999996,books-t2010-a=5 | books-t2010-b=5
q048,World War II,Head,CrossStripe,Lexical,Vector,minmax-norm,0.9776547931711429,0.7,0.5384615384615384,0.8666666666666667,0.7795494258498198,0.8303828875495488,1,2,0.00085,63.9419,books-t2010-a=6 | books-t2010-b=4
q048,World War II,Head,CrossStripe,Lexical,Vector,zscore-norm,0.9622009631259724,0.6,0.42857142857142855,0.8666666666666667,0.7353895646630904,0.8350750848990938,1,2,0.00085,63.9385,books-t2010-a=5 | books-t2010-b=5
q048,World War II,Head,CrossStripe,Lexical,Vector,vector-similarity,1,1,1,1,0.8591367550184259,0.8700578715134215,1,2,0.00085,63.9323,books-t2010-a=9 | books-t2010-b=1
q049,survival against impossible odds in a hostile environment,Torso,CrossStripe,Conceptual,Vector,single-index,1,1,1,1,1,1,1,1,0.000583333,100.8212,books-oracle2=10
q049,survival against impossible odds in a hostile environment,Torso,CrossStripe,Conceptual,Vector,naive-score,1,1,1,1,0.8591367550184259,1,1,2,0.0008333329999999999,63.0901,books-t2010-a=9 | books-t2010-b=1
q049,survival against impossible odds in a hostile environment,Torso,CrossStripe,Conceptual,Vector,interleave,0.8414559724447422,0.6,0.42857142857142855,0.3333333333333333,0.5694431310970988,0.7885497208855956,0.7,2,0.0008333329999999999,63.0804,books-t2010-a=5 | books-t2010-b=5
q049,survival against impossible odds in a hostile environment,Torso,CrossStripe,Conceptual,Vector,quota-merge,0.9134436602574514,0.8,0.6666666666666666,0.3888888888888889,0.6017974474828803,0.9216017310213247,0.9,2,0.0008333329999999999,63.0682,books-t2010-a=7 | books-t2010-b=3
q049,survival against impossible odds in a hostile environment,Torso,CrossStripe,Conceptual,Vector,global-rrf,0.8316756459118779,0.6,0.42857142857142855,0.23809523809523808,0.5423032582935139,0.7885497208855956,0.7,2,0.0008333329999999999,63.0836,books-t2010-a=5 | books-t2010-b=5
q049,survival against impossible odds in a hostile environment,Torso,CrossStripe,Conceptual,Vector,minmax-norm,0.8511512516797823,0.6,0.42857142857142855,0.5238095238095238,0.6108450070589677,0.793584067764911,0.7,2,0.0008333329999999999,63.1073,books-t2010-a=5 | books-t2010-b=5
q049,survival against impossible odds in a hostile environment,Torso,CrossStripe,Conceptual,Vector,zscore-norm,0.752531336167396,0.6,0.42857142857142855,0.42857142857142855,0.5103269596382828,0.793584067764911,0.7,2,0.0008333329999999999,63.1025,books-t2010-a=5 | books-t2010-b=5
q049,survival against impossible odds in a hostile environment,Torso,CrossStripe,Conceptual,Vector,vector-similarity,1,1,1,1,0.8591367550184259,1,1,2,0.0008333329999999999,63.079299999999996,books-t2010-a=9 | books-t2010-b=1
q050,revenge,Head,CrossStripe,Lexical,Vector,single-index,1,1,1,1,1,0.5860656363839352,1,1,0.000583333,75.2048,books-oracle2=10
q050,revenge,Head,CrossStripe,Lexical,Vector,naive-score,1,1,1,1,0.8591367550184259,0.5860656363839352,1,2,0.0010999999999999998,62.3402,books-t2010-a=5 | books-t2010-b=5
q050,revenge,Head,CrossStripe,Lexical,Vector,interleave,0.9434198767361991,1,1,0.8666666666666667,0.7266710877466194,0.6266182808292744,1,2,0.0010999999999999998,62.3273,books-t2010-a=5 | books-t2010-b=5
q050,revenge,Head,CrossStripe,Lexical,Vector,quota-merge,0.9585789550357624,0.8,0.6666666666666666,0.9444444444444444,0.7881390500356373,0.5238539932833649,1,2,0.0010999999999999998,62.318,books-t2010-a=7 | books-t2010-b=3
q050,revenge,Head,CrossStripe,Lexical,Vector,global-rrf,0.99788841775729,1,1,0.8666666666666667,0.8195577906474049,0.5835724110117592,1,2,0.0010999999999999998,62.3355,books-t2010-a=5 | books-t2010-b=5
q050,revenge,Head,CrossStripe,Lexical,Vector,minmax-norm,0.9904041653966185,0.9,0.8181818181818182,0.6888888888888889,0.7634442087200737,0.580532182572066,1,2,0.0010999999999999998,62.3578,books-t2010-a=6 | books-t2010-b=4
q050,revenge,Head,CrossStripe,Lexical,Vector,zscore-norm,1,1,1,1,0.8591367550184259,0.5860656363839352,1,2,0.0010999999999999998,62.3557,books-t2010-a=5 | books-t2010-b=5
q050,revenge,Head,CrossStripe,Lexical,Vector,vector-similarity,1,1,1,1,0.8591367550184259,0.5860656363839352,1,2,0.0010999999999999998,62.3325,books-t2010-a=5 | books-t2010-b=5
q051,betrayal by someone you trusted completely,Torso,CrossStripe,Conceptual,Vector,single-index,1,1,1,1,1,0.4240924368883367,0.9,1,0.000583333,74.7723,books-oracle2=10
q051,betrayal by someone you trusted completely,Torso,CrossStripe,Conceptual,Vector,naive-score,0.7680192057463955,0.6,0.42857142857142855,1,0.5724031777711887,0.3852867245650178,1,2,0.0010999999999999998,90.3312,books-t2010-a=4 | books-t2010-b=6
q051,betrayal by someone you trusted completely,Torso,CrossStripe,Conceptual,Vector,interleave,0.7859541192879644,0.6,0.42857142857142855,1,0.599316884968077,0.32150677163693986,0.9,2,0.0010999999999999998,90.31739999999999,books-t2010-a=5 | books-t2010-b=5
q051,betrayal by someone you trusted completely,Torso,CrossStripe,Conceptual,Vector,quota-merge,0.796266454569993,0.6,0.42857142857142855,0.8571428571428571,0.5338721848757747,0.28334685401082305,0.7,2,0.0010999999999999998,90.3035,books-t2010-a=7 | books-t2010-b=3
q051,betrayal by someone you trusted completely,Torso,CrossStripe,Conceptual,Vector,global-rrf,0.7291197715749419,0.6,0.42857142857142855,0.7333333333333333,0.49879883754739224,0.3489717286622352,0.9,2,0.0010999999999999998,90.3213,books-t2010-a=5 | books-t2010-b=5
q051,betrayal by someone you trusted completely,Torso,CrossStripe,Conceptual,Vector,minmax-norm,0.7377505601436883,0.6,0.42857142857142855,0.8666666666666667,0.49879883754739224,0.42076951476279323,1,2,0.0010999999999999998,90.3432,books-t2010-a=4 | books-t2010-b=6
q051,betrayal by someone you trusted completely,Torso,CrossStripe,Conceptual,Vector,zscore-norm,0.7377505601436883,0.6,0.42857142857142855,0.8666666666666667,0.49879883754739224,0.42568909305413216,1,2,0.0010999999999999998,90.3402,books-t2010-a=4 | books-t2010-b=6
q051,betrayal by someone you trusted completely,Torso,CrossStripe,Conceptual,Vector,vector-similarity,0.7680192057463955,0.6,0.42857142857142855,1,0.5724031777711887,0.3852867245650178,1,2,0.0010999999999999998,90.3172,books-t2010-a=4 | books-t2010-b=6
q052,an orphan raised by strangers who discovers the truth about their parents,Tail,CrossStripe,Conceptual,Vector,single-index,1,1,1,1,1,0.6727318901529844,1,1,0.000583333,74.2913,books-oracle2=10
q052,an orphan raised by strangers who discovers the truth about their parents,Tail,CrossStripe,Conceptual,Vector,naive-score,1,1,1,1,0.8591367550184259,0.6727318901529844,1,2,0.0005833329999999999,88.9337,books-t2010-a=5 | books-t2010-b=5
q052,an orphan raised by strangers who discovers the truth about their parents,Tail,CrossStripe,Conceptual,Vector,interleave,0.9985418127742511,1,1,0.8222222222222222,0.817283828909779,0.6682726655583788,1,2,0.0005833329999999999,88.921,books-t2010-a=5 | books-t2010-b=5
q052,an orphan raised by strangers who discovers the truth about their parents,Tail,CrossStripe,Conceptual,Vector,quota-merge,0.9930031935483806,0.8,0.6666666666666666,0.8666666666666667,0.8048823546676368,0.5858622501640635,0.9,2,0.0005833329999999999,88.909,books-t2010-a=7 | books-t2010-b=3
q052,an orphan raised by strangers who discovers the truth about their parents,Tail,CrossStripe,Conceptual,Vector,global-rrf,0.9981466341166904,1,1,0.7777777777777778,0.8096524843898797,0.6724894909899406,1,2,0.0005833329999999999,88.93100000000001,books-t2010-a=5 | books-t2010-b=5
q052,an orphan raised by strangers who discovers the truth about their parents,Tail,CrossStripe,Conceptual,Vector,minmax-norm,0.996086306530931,1,1,0.9111111111111111,0.8136774680724213,0.669284528288398,1,2,0.0005833329999999999,88.95840000000001,books-t2010-a=5 | books-t2010-b=5
q052,an orphan raised by strangers who discovers the truth about their parents,Tail,CrossStripe,Conceptual,Vector,zscore-norm,0.9413618179892662,1,1,0.8222222222222222,0.7055280761318367,0.6084080536352995,1,2,0.0005833329999999999,88.9556,books-t2010-a=5 | books-t2010-b=5
q052,an orphan raised by strangers who discovers the truth about their parents,Tail,CrossStripe,Conceptual,Vector,vector-similarity,1,1,1,1,0.8591367550184259,0.6727318901529844,1,2,0.0005833329999999999,88.9265,books-t2010-a=5 | books-t2010-b=5
q053,political corruption and the abuse of power,Torso,CrossStripe,Mixed,Vector,single-index,1,1,1,1,1,0.49412307431218866,1,1,0.000583333,78.3387,books-oracle2=10
q053,political corruption and the abuse of power,Torso,CrossStripe,Mixed,Vector,naive-score,1,1,1,1,0.8591367550184259,0.49412307431218866,1,2,0.0008333329999999999,61.717400000000005,books-t2010-a=7 | books-t2010-b=3
q053,political corruption and the abuse of power,Torso,CrossStripe,Mixed,Vector,interleave,0.9297685280758642,0.8,0.6666666666666666,0.6111111111111112,0.6581882891708323,0.3549473089932959,0.8,2,0.0008333329999999999,61.71,books-t2010-a=5 | books-t2010-b=5
q053,political corruption and the abuse of power,Torso,CrossStripe,Mixed,Vector,quota-merge,0.8979625417432534,1,1,0.5555555555555556,0.6165025784792153,0.48618389142480306,1,2,0.0008333329999999999,61.699600000000004,books-t2010-a=7 | books-t2010-b=3
q053,political corruption and the abuse of power,Torso,CrossStripe,Mixed,Vector,global-rrf,0.8455485834628298,0.8,0.6666666666666666,0.5555555555555556,0.5576702417501473,0.3549473089932959,0.8,2,0.0008333329999999999,61.7164,books-t2010-a=5 | books-t2010-b=5
q053,political corruption and the abuse of power,Torso,CrossStripe,Mixed,Vector,minmax-norm,0.9008900973014338,1,1,0.6,0.6348219926216352,0.4889396762042116,1,2,0.0008333329999999999,61.7393,books-t2010-a=7 | books-t2010-b=3
q053,political corruption and the abuse of power,Torso,CrossStripe,Mixed,Vector,zscore-norm,0.856919686264287,0.9,0.8181818181818182,0.4444444444444444,0.568156790273511,0.41856809719224763,0.9,2,0.0008333329999999999,61.735,books-t2010-a=6 | books-t2010-b=4
q053,political corruption and the abuse of power,Torso,CrossStripe,Mixed,Vector,vector-similarity,1,1,1,1,0.8591367550184259,0.49412307431218866,1,2,0.0008333329999999999,61.7112,books-t2010-a=7 | books-t2010-b=3
q054,isolation and loneliness,Torso,CrossStripe,Conceptual,Vector,single-index,1,1,1,1,1,0.8047903498491494,1,1,0.000583333,73.8572,books-oracle2=10
q054,isolation and loneliness,Torso,CrossStripe,Conceptual,Vector,naive-score,0.9575862646317291,0.9,0.8181818181818182,1,0.8064571168384576,0.8608272741656436,1,2,0.0008333329999999999,61.480599999999995,books-t2010-a=9 | books-t2010-b=1
q054,isolation and loneliness,Torso,CrossStripe,Conceptual,Vector,interleave,0.933368072706726,0.6,0.42857142857142855,0.8333333333333334,0.7102973763939298,0.8281773792598245,1,2,0.0008333329999999999,61.46939999999999,books-t2010-a=5 | books-t2010-b=5
q054,isolation and loneliness,Torso,CrossStripe,Conceptual,Vector,quota-merge,0.8939066858096648,0.8,0.6666666666666666,0.5,0.6181867339310425,0.8320315784957935,1,2,0.0008333329999999999,61.4593,books-t2010-a=7 | books-t2010-b=3
q054,isolation and loneliness,Torso,CrossStripe,Conceptual,Vector,global-rrf,0.8781673956509446,0.6,0.42857142857142855,0.7222222222222222,0.5965893507907026,0.8320315784957935,1,2,0.0008333329999999999,61.477799999999995,books-t2010-a=5 | books-t2010-b=5
q054,isolation and loneliness,Torso,CrossStripe,Conceptual,Vector,minmax-norm,0.8809648402232022,0.6,0.42857142857142855,0.7222222222222222,0.6144577147863445,0.8349958489792164,1,2,0.0008333329999999999,61.5293,books-t2010-a=5 | books-t2010-b=5
q054,isolation and loneliness,Torso,CrossStripe,Conceptual,Vector,zscore-norm,0.8809648402232022,0.6,0.42857142857142855,0.7222222222222222,0.6144577147863445,0.8349958489792164,1,2,0.0008333329999999999,61.4972,books-t2010-a=5 | books-t2010-b=5
q054,isolation and loneliness,Torso,CrossStripe,Conceptual,Vector,vector-similarity,0.9575862646317291,0.9,0.8181818181818182,1,0.8064571168384576,0.8608272741656436,1,2,0.0008333329999999999,61.472899999999996,books-t2010-a=9 | books-t2010-b=1
q055,mother and daughter relationship across generations,Torso,CrossStripe,Conceptual,Vector,single-index,1,1,1,1,1,0.6950688800755376,1,1,0.000583333,73.0706,books-oracle2=10
q055,mother and daughter relationship across generations,Torso,CrossStripe,Conceptual,Vector,naive-score,1,1,1,1,0.8591367550184259,0.6950688800755376,1,2,0.0008333329999999999,63.0233,books-t2010-a=8 | books-t2010-b=2
q055,mother and daughter relationship across generations,Torso,CrossStripe,Conceptual,Vector,interleave,0.9714408088068568,0.7,0.5384615384615384,0.7333333333333333,0.7267625448209699,0.5343467332103888,0.8,2,0.0008333329999999999,63.0124,books-t2010-a=5 | books-t2010-b=5
q055,mother and daughter relationship across generations,Torso,CrossStripe,Conceptual,Vector,quota-merge,0.9304561386247218,0.9,0.8181818181818182,0.5555555555555556,0.6422114297461022,0.6166226965951062,1,2,0.0008333329999999999,63.002399999999994,books-t2010-a=7 | books-t2010-b=3
q055,mother and daughter relationship across generations,Torso,CrossStripe,Conceptual,Vector,global-rrf,0.9117167900361066,0.7,0.5384615384615384,0.6444444444444445,0.5991046245967,0.48357068645937723,0.8,2,0.0008333329999999999,63.020199999999996,books-t2010-a=5 | books-t2010-b=5
q055,mother and daughter relationship across generations,Torso,CrossStripe,Conceptual,Vector,minmax-norm,0.9320369243467163,0.8,0.6666666666666666,0.7777777777777778,0.6791668647500424,0.5648936117086453,0.9,2,0.0008333329999999999,63.043099999999995,books-t2010-a=6 | books-t2010-b=4
q055,mother and daughter relationship across generations,Torso,CrossStripe,Conceptual,Vector,zscore-norm,0.926062091488986,0.8,0.6666666666666666,0.6444444444444445,0.6412095610895,0.5551777438170211,0.9,2,0.0008333329999999999,63.0665,books-t2010-a=6 | books-t2010-b=4
q055,mother and daughter relationship across generations,Torso,CrossStripe,Conceptual,Vector,vector-similarity,1,1,1,1,0.8591367550184259,0.6950688800755376,1,2,0.0008333329999999999,63.0158,books-t2010-a=8 | books-t2010-b=2
q056,murder,Head,CrossStripe,Lexical,Vector,single-index,1,1,1,1,1,0.9039129791606223,1,1,0.000583333,73.8153,books-oracle2=10
q056,murder,Head,CrossStripe,Lexical,Vector,naive-score,1,1,1,1,0.8591367550184259,0.9039129791606223,1,2,0.00085,61.9786,books-t2010-a=9 | books-t2010-b=1
q056,murder,Head,CrossStripe,Lexical,Vector,interleave,0.918690359386889,0.6,0.42857142857142855,0.5555555555555556,0.5675806748769708,0.8796794898216904,0.9,2,0.00085,61.9645,books-t2010-a=5 | books-t2010-b=5
q056,murder,Head,CrossStripe,Lexical,Vector,quota-merge,0.9417561311352378,0.8,0.6666666666666666,0.28888888888888886,0.5959527683207637,0.8433247537080037,0.9,2,0.00085,61.9536,books-t2010-a=7 | books-t2010-b=3
q056,murder,Head,CrossStripe,Lexical,Vector,global-rrf,0.9062392665392109,0.6,0.42857142857142855,0.4222222222222222,0.5280017105059498,0.8819267470574519,0.9,2,0.00085,61.9755,books-t2010-a=5 | books-t2010-b=5
q056,murder,Head,CrossStripe,Lexical,Vector,minmax-norm,0.9705362185891411,0.9,0.8181818181818182,0.5555555555555556,0.7023087811827196,0.9134872336594229,1,2,0.00085,62.0059,books-t2010-a=8 | books-t2010-b=2
q056,murder,Head,CrossStripe,Lexical,Vector,zscore-norm,0.805197071944689,0.8,0.6666666666666666,0.28888888888888886,0.4677254277175766,0.8494150311045786,0.9,2,0.00085,61.9907,books-t2010-a=7 | books-t2010-b=3
q056,murder,Head,CrossStripe,Lexical,Vector,vector-similarity,1,1,1,1,0.8591367550184259,0.9039129791606223,1,2,0.00085,61.965199999999996,books-t2010-a=9 | books-t2010-b=1
q057,a journey across a ruined landscape,Torso,CrossStripe,Conceptual,Vector,single-index,1,1,1,1,1,0.44773518285642727,1,1,0.000583333,72.553,books-oracle2=10
q057,a journey across a ruined landscape,Torso,CrossStripe,Conceptual,Vector,naive-score,0.9665082878897354,0.9,0.8181818181818182,1,0.8347983758522218,0.44773518285642727,1,2,0.0005833329999999999,66.3146,books-t2010-a=7 | books-t2010-b=3
q057,a journey across a ruined landscape,Torso,CrossStripe,Conceptual,Vector,interleave,0.9744083110278848,0.8,0.6666666666666666,0.7333333333333333,0.7132949539467754,0.441107991981222,0.9,2,0.0005833329999999999,66.3036,books-t2010-a=5 | books-t2010-b=5
q057,a journey across a ruined landscape,Torso,CrossStripe,Conceptual,Vector,quota-merge,0.9444828278353156,0.9,0.8181818181818182,0.6111111111111112,0.6934325827970963,0.47319329524017417,1,2,0.0005833329999999999,66.2941,books-t2010-a=7 | books-t2010-b=3
q057,a journey across a ruined landscape,Torso,CrossStripe,Conceptual,Vector,global-rrf,0.9666110104989365,0.8,0.6666666666666666,0.6,0.6737159895757543,0.45324784587535283,0.9,2,0.0005833329999999999,66.33070000000001,books-t2010-a=5 | books-t2010-b=5
q057,a journey across a ruined landscape,Torso,CrossStripe,Conceptual,Vector,minmax-norm,0.9411905571887685,0.6,0.42857142857142855,0.8222222222222222,0.6300074739432105,0.4433290998843847,0.8,2,0.0005833329999999999,66.3364,books-t2010-a=3 | books-t2010-b=7
q057,a journey across a ruined landscape,Torso,CrossStripe,Conceptual,Vector,zscore-norm,0.9670106647657807,0.8,0.6666666666666666,0.6444444444444445,0.678523736623291,0.4536240509118439,0.9,2,0.0005833329999999999,66.3315,books-t2010-a=5 | books-t2010-b=5
q057,a journey across a ruined landscape,Torso,CrossStripe,Conceptual,Vector,vector-similarity,0.9665082878897354,0.9,0.8181818181818182,1,0.8347983758522218,0.44773518285642727,1,2,0.0005833329999999999,66.3065,books-t2010-a=7 | books-t2010-b=3
q058,religion faith and doubt,Torso,CrossStripe,Mixed,Vector,single-index,1,1,1,1,1,0.7504758920763749,0.9,1,0.000583333,72.5594,books-oracle2=10
q058,religion faith and doubt,Torso,CrossStripe,Mixed,Vector,naive-score,1,1,1,1,0.8591367550184259,0.7504758920763749,0.9,2,0.0008333329999999999,63.0334,books-t2010-a=9 | books-t2010-b=1
q058,religion faith and doubt,Torso,CrossStripe,Mixed,Vector,interleave,0.8815256260995709,0.6,0.42857142857142855,0.4444444444444444,0.5511224847937166,0.4433623407621126,0.5,2,0.0008333329999999999,63.022299999999994,books-t2010-a=5 | books-t2010-b=5
q058,religion faith and doubt,Torso,CrossStripe,Mixed,Vector,quota-merge,0.9387064524854299,0.8,0.6666666666666666,0.28888888888888886,0.5973297925554565,0.5735237014708648,0.7,2,0.0008333329999999999,63.0133,books-t2010-a=7 | books-t2010-b=3
q058,religion faith and doubt,Torso,CrossStripe,Mixed,Vector,global-rrf,0.8777598888625123,0.6,0.42857142857142855,0.3888888888888889,0.5379325066111743,0.4404716913351359,0.5,2,0.0008333329999999999,63.0312,books-t2010-a=5 | books-t2010-b=5
q058,religion faith and doubt,Torso,CrossStripe,Mixed,Vector,minmax-norm,0.9154293633910919,0.7,0.5384615384615384,0.4222222222222222,0.5642231586026637,0.5086555377029867,0.6,2,0.0008333329999999999,63.055699999999995,books-t2010-a=6 | books-t2010-b=4
q058,religion faith and doubt,Torso,CrossStripe,Mixed,Vector,zscore-norm,0.912063428429795,0.7,0.5384615384615384,0.3333333333333333,0.5483209911563363,0.5004441923412831,0.6,2,0.0008333329999999999,63.052699999999994,books-t2010-a=6 | books-t2010-b=4
q058,religion faith and doubt,Torso,CrossStripe,Mixed,Vector,vector-similarity,1,1,1,1,0.8591367550184259,0.7504758920763749,0.9,2,0.0008333329999999999,63.0265,books-t2010-a=9 | books-t2010-b=1
q059,London,Head,CrossStripe,Lexical,Vector,single-index,1,1,1,1,1,0.7923565945319208,1,1,0.000583333,73.7712,books-oracle2=10
q059,London,Head,CrossStripe,Lexical,Vector,naive-score,1,1,1,1,0.8591367550184259,0.7923565945319208,1,2,0.00085,62.1476,books-t2010-a=8 | books-t2010-b=2
q059,London,Head,CrossStripe,Lexical,Vector,interleave,0.9735819068315464,0.7,0.5384615384615384,0.8666666666666667,0.7675562898058191,0.8389710330810999,1,2,0.00085,62.1378,books-t2010-a=5 | books-t2010-b=5
q059,London,Head,CrossStripe,Lexical,Vector,quota-merge,0.9925160334030431,0.9,0.8181818181818182,0.8222222222222222,0.8155445258995767,0.7992960491172271,1,2,0.00085,62.1297,books-t2010-a=7 | books-t2010-b=3
q059,London,Head,CrossStripe,Lexical,Vector,global-rrf,0.9727482886605896,0.7,0.5384615384615384,0.8222222222222222,0.7599249452859198,0.8412182903168614,1,2,0.00085,62.1468,books-t2010-a=5 | books-t2010-b=5
q059,London,Head,CrossStripe,Lexical,Vector,minmax-norm,0.8939653609224448,0.4,0.25,0.6888888888888889,0.5476313767803643,0.8323110352014628,0.9,2,0.00085,62.1698,books-t2010-a=2 | books-t2010-b=8
q059,London,Head,CrossStripe,Lexical,Vector,zscore-norm,0.9549809417010485,0.7,0.5384615384615384,0.4222222222222222,0.6498519593241601,0.8314606649274853,1,2,0.00085,62.166199999999996,books-t2010-a=5 | books-t2010-b=5
q059,London,Head,CrossStripe,Lexical,Vector,vector-similarity,1,1,1,1,0.8591367550184259,0.7923565945319208,1,2,0.00085,62.143,books-t2010-a=8 | books-t2010-b=2
q060,Paris,Head,CrossStripe,Lexical,Vector,single-index,1,1,1,1,1,0.9202182025407148,1,1,0.000316667,73.2313,books-oracle2=10
q060,Paris,Head,CrossStripe,Lexical,Vector,naive-score,1,1,1,1,0.8591367550184259,0.9202182025407148,1,2,0.00085,63.7806,books-t2010-a=6 | books-t2010-b=4
q060,Paris,Head,CrossStripe,Lexical,Vector,interleave,0.9399684823038165,0.9,0.8181818181818182,0.8222222222222222,0.7203734896660519,0.9173414328953917,1,2,0.00085,63.7691,books-t2010-a=5 | books-t2010-b=5
q060,Paris,Head,CrossStripe,Lexical,Vector,quota-merge,0.9627071237848671,0.9,0.8181818181818182,0.7222222222222222,0.770935012899867,0.911671805955201,1,2,0.00085,63.7593,books-t2010-a=7 | books-t2010-b=3
q060,Paris,Head,CrossStripe,Lexical,Vector,global-rrf,0.9911037108183564,0.9,0.8181818181818182,0.7333333333333333,0.77293034158071,0.9134872336594229,1,2,0.00085,63.7781,books-t2010-a=5 | books-t2010-b=5
q060,Paris,Head,CrossStripe,Lexical,Vector,minmax-norm,0.992133392002006,0.9,0.8181818181818182,0.7333333333333333,0.7901777307473883,0.9134872336594229,1,2,0.00085,63.803000000000004,books-t2010-a=5 | books-t2010-b=5
q060,Paris,Head,CrossStripe,Lexical,Vector,zscore-norm,0.9417683917180918,1,1,0.6,0.6935539584352081,0.9134872336594229,1,2,0.00085,63.8252,books-t2010-a=6 | books-t2010-b=4
q060,Paris,Head,CrossStripe,Lexical,Vector,vector-similarity,1,1,1,1,0.8591367550184259,0.9202182025407148,1,2,0.00085,63.774100000000004,books-t2010-a=6 | books-t2010-b=4
q061,the sea and the people who make their living on it,Torso,CrossStripe,Conceptual,Vector,single-index,1,1,1,1,1,0.6990132604099564,1,1,0.000583333,73.8586,books-oracle2=10
q061,the sea and the people who make their living on it,Torso,CrossStripe,Conceptual,Vector,naive-score,1,1,1,1,0.8591367550184259,0.6990132604099564,1,2,0.00085,63.0246,books-t2010-a=10
q061,the sea and the people who make their living on it,Torso,CrossStripe,Conceptual,Vector,interleave,0.8460948758499078,0.5,0.3333333333333333,0.4444444444444444,0.5098428851195437,0.41271310430317293,0.6,2,0.00085,63.0148,books-t2010-a=5 | books-t2010-b=5
q061,the sea and the people who make their living on it,Torso,CrossStripe,Conceptual,Vector,quota-merge,0.9032642968668283,0.7,0.5384615384615384,0.28888888888888886,0.5560718550505631,0.5115542959060727,0.8,2,0.00085,63.0057,books-t2010-a=7 | books-t2010-b=3
q061,the sea and the people who make their living on it,Torso,CrossStripe,Conceptual,Vector,global-rrf,0.8403947449243963,0.5,0.3333333333333333,0.3333333333333333,0.489021562417102,0.41106546154376694,0.6,2,0.00085,63.0226,books-t2010-a=5 | books-t2010-b=5
q061,the sea and the people who make their living on it,Torso,CrossStripe,Conceptual,Vector,minmax-norm,0.8941604452068982,0.6,0.42857142857142855,0.6,0.5685322071089327,0.44672864522134237,0.7,2,0.00085,63.046,books-t2010-a=6 | books-t2010-b=4
q061,the sea and the people who make their living on it,Torso,CrossStripe,Conceptual,Vector,zscore-norm,0.7721040974417903,0.6,0.42857142857142855,0.37777777777777777,0.439672900674484,0.36744860718445665,0.7,2,0.00085,63.043,books-t2010-a=6 | books-t2010-b=4
q061,the sea and the people who make their living on it,Torso,CrossStripe,Conceptual,Vector,vector-similarity,1,1,1,1,0.8591367550184259,0.6990132604099564,1,2,0.00085,63.0224,books-t2010-a=10
q062,a small town where everyone is hiding something,Torso,CrossStripe,Conceptual,Vector,single-index,1,1,1,1,1,0.3679130686892517,0.9,1,0.000583333,72.7657,books-oracle2=10
q062,a small town where everyone is hiding something,Torso,CrossStripe,Conceptual,Vector,naive-score,1,1,1,1,0.8591367550184259,0.3679130686892517,0.9,2,0.0005833329999999999,96.3861,books-t2010-a=4 | books-t2010-b=6
q062,a small town where everyone is hiding something,Torso,CrossStripe,Conceptual,Vector,interleave,0.8820263091012261,0.9,0.8181818181818182,0.4222222222222222,0.55402450003013,0.3611366670366707,1,2,0.0005833329999999999,96.3747,books-t2010-a=5 | books-t2010-b=5
q062,a small town where everyone is hiding something,Torso,CrossStripe,Conceptual,Vector,quota-merge,0.85202841988953,0.7,0.5384615384615384,0.7333333333333333,0.5147696876043533,0.33568604265562746,0.9,2,0.0005833329999999999,96.36580000000001,books-t2010-a=7 | books-t2010-b=3
q062,a small town where everyone is hiding something,Torso,CrossStripe,Conceptual,Vector,global-rrf,0.8831753545118461,0.9,0.8181818181818182,0.5111111111111111,0.5664635915975661,0.36131728981752764,1,2,0.0005833329999999999,96.3824,books-t2010-a=5 | books-t2010-b=5
q062,a small town where everyone is hiding something,Torso,CrossStripe,Conceptual,Vector,minmax-norm,0.9010854913593704,1,1,0.6,0.6348219926216352,0.31610444589060904,0.9,2,0.0005833329999999999,96.4058,books-t2010-a=4 | books-t2010-b=6
q062,a small town where everyone is hiding something,Torso,CrossStripe,Conceptual,Vector,zscore-norm,0.8954895979723102,0.9,0.8181818181818182,0.5555555555555556,0.6126737651586772,0.37954461130870376,1,2,0.0005833329999999999,96.432,books-t2010-a=5 | books-t2010-b=5
q062,a small town where everyone is hiding something,Torso,CrossStripe,Conceptual,Vector,vector-similarity,1,1,1,1,0.8591367550184259,0.3679130686892517,0.9,2,0.0005833329999999999,96.3792,books-t2010-a=4 | books-t2010-b=6
q063,identity and what makes someone who they are,Torso,CrossStripe,Conceptual,Vector,single-index,1,1,1,1,1,0.8061914539560937,1,1,0.000583333,73.4242,books-oracle2=10
q063,identity and what makes someone who they are,Torso,CrossStripe,Conceptual,Vector,naive-score,1,1,1,1,0.8591367550184259,0.8061914539560937,1,2,0.0008333329999999999,62.951,books-t2010-a=7 | books-t2010-b=3
q063,identity and what makes someone who they are,Torso,CrossStripe,Conceptual,Vector,interleave,0.9665303527932985,0.8,0.6666666666666666,0.6444444444444445,0.6767749660525959,0.7602509829615375,1,2,0.0008333329999999999,62.938,books-t2010-a=5 | books-t2010-b=5
q063,identity and what makes someone who they are,Torso,CrossStripe,Conceptual,Vector,quota-merge,0.8870480687081718,1,1,0.4222222222222222,0.5757216773463101,0.8162879072780317,1,2,0.0008333329999999999,62.9265,books-t2010-a=7 | books-t2010-b=3
q063,identity and what makes someone who they are,Torso,CrossStripe,Conceptual,Vector,global-rrf,0.8731437937423209,0.8,0.6666666666666666,0.5555555555555556,0.5491170458283261,0.7602509829615375,1,2,0.0008333329999999999,62.9416,books-t2010-a=5 | books-t2010-b=5
q063,identity and what makes someone who they are,Torso,CrossStripe,Conceptual,Vector,minmax-norm,0.8229033507913277,0.6,0.42857142857142855,0.8333333333333334,0.5269370175790106,0.7329799443846801,0.9,2,0.0008333329999999999,62.964,books-t2010-a=3 | books-t2010-b=7
q063,identity and what makes someone who they are,Torso,CrossStripe,Conceptual,Vector,zscore-norm,0.8229033507913277,0.6,0.42857142857142855,0.8333333333333334,0.5269370175790106,0.7329799443846801,0.9,2,0.0008333329999999999,62.9616,books-t2010-a=3 | books-t2010-b=7
q063,identity and what makes someone who they are,Torso,CrossStripe,Conceptual,Vector,vector-similarity,1,1,1,1,0.8591367550184259,0.8061914539560937,1,2,0.0008333329999999999,62.9374,books-t2010-a=7 | books-t2010-b=3
q064,father and son,Head,CrossStripe,Lexical,Vector,single-index,1,1,1,1,1,0.8163303105756294,0.9,1,0.000583333,74.0382,books-oracle2=10
q064,father and son,Head,CrossStripe,Lexical,Vector,naive-score,0.8592823278551558,0.7,0.5384615384615384,1,0.7054316904527853,0.8388991788197572,1,2,0.0008333329999999999,63.188500000000005,books-t2010-a=6 | books-t2010-b=4
q064,father and son,Head,CrossStripe,Lexical,Vector,interleave,0.8556836441931105,0.7,0.5384615384615384,0.9047619047619048,0.6782918176492003,0.7752783906208055,0.9,2,0.0008333329999999999,63.179100000000005,books-t2010-a=5 | books-t2010-b=5
q064,father and son,Head,CrossStripe,Lexical,Vector,quota-merge,0.8950428034233026,0.7,0.5384615384615384,1,0.7366932253674426,0.8411564090387035,1,2,0.0008333329999999999,63.168600000000005,books-t2010-a=7 | books-t2010-b=3
q064,father and son,Head,CrossStripe,Lexical,Vector,global-rrf,0.8574549475029469,0.7,0.5384615384615384,0.9047619047619048,0.7054316904527853,0.7749021855843143,0.9,2,0.0008333329999999999,63.1878,books-t2010-a=5 | books-t2010-b=5
q064,father and son,Head,CrossStripe,Lexical,Vector,minmax-norm,0.8188341848907646,0.6,0.42857142857142855,1,0.6810933112865806,0.7619593023199239,0.8,2,0.0008333329999999999,63.2124,books-t2010-a=4 | books-t2010-b=6
q064,father and son,Head,CrossStripe,Lexical,Vector,zscore-norm,0.8188341848907646,0.6,0.42857142857142855,1,0.6810933112865806,0.7658135015558928,0.8,2,0.0008333329999999999,63.2242,books-t2010-a=4 | books-t2010-b=6
q064,father and son,Head,CrossStripe,Lexical,Vector,vector-similarity,0.8592823278551558,0.7,0.5384615384615384,1,0.7054316904527853,0.8388991788197572,1,2,0.0008333329999999999,63.183800000000005,books-t2010-a=6 | books-t2010-b=4
q065,escape from captivity,Torso,CrossStripe,Conceptual,Vector,single-index,1,1,1,1,1,0.8158444290731688,1,1,0.000583333,73.8708,books-oracle2=10
q065,escape from captivity,Torso,CrossStripe,Conceptual,Vector,naive-score,0.7826549847711108,0.9,0.8181818181818182,1,0.6225007870076174,0.6864635094294426,0.9,2,0.00085,62.0789,books-t2010-a=3 | books-t2010-b=7
q065,escape from captivity,Torso,CrossStripe,Conceptual,Vector,interleave,0.6867237429759231,0.8,0.6666666666666666,0.3888888888888889,0.49554656704288935,0.6905123707650755,0.8,2,0.00085,62.067099999999996,books-t2010-a=5 | books-t2010-b=5
q065,escape from captivity,Torso,CrossStripe,Conceptual,Vector,quota-merge,0.7005815509125739,0.6,0.42857142857142855,0.7222222222222222,0.4591182608675382,0.6136525645262647,0.7,2,0.00085,62.0577,books-t2010-a=7 | books-t2010-b=3
q065,escape from captivity,Torso,CrossStripe,Conceptual,Vector,global-rrf,0.725381168087413,0.8,0.6666666666666666,0.4444444444444444,0.5031779115627888,0.6480283152565006,0.8,2,0.00085,62.0754,books-t2010-a=5 | books-t2010-b=5
q065,escape from captivity,Torso,CrossStripe,Conceptual,Vector,minmax-norm,0.7727422168944659,0.9,0.8181818181818182,0.7333333333333333,0.6041813728651975,0.7058068852030595,0.9,2,0.00085,62.0996,books-t2010-a=3 | books-t2010-b=7
q065,escape from captivity,Torso,CrossStripe,Conceptual,Vector,zscore-norm,0.6811905103134981,0.9,0.8181818181818182,0.5,0.5065565276170677,0.7747753939067819,0.9,2,0.00085,62.0948,books-t2010-a=4 | books-t2010-b=6
q065,escape from captivity,Torso,CrossStripe,Conceptual,Vector,vector-similarity,0.7826549847711108,0.9,0.8181818181818182,1,0.6225007870076174,0.6864635094294426,0.9,2,0.00085,62.0715,books-t2010-a=3 | books-t2010-b=7
q066,a secret that destroys a community when it comes out,Torso,CrossStripe,Conceptual,Vector,single-index,1,1,1,1,1,0.3239847607363669,0.9,1,0.000583333,72.7374,books-oracle2=10
q066,a secret that destroys a community when it comes out,Torso,CrossStripe,Conceptual,Vector,naive-score,0.9528344332977449,0.9,0.8181818181818182,1,0.7932671386559154,0.33274670188675093,1,2,0.0008333329999999999,62.928599999999996,books-t2010-a=7 | books-t2010-b=3
q066,a secret that destroys a community when it comes out,Torso,CrossStripe,Conceptual,Vector,interleave,0.9058007266766169,0.7,0.5384615384615384,0.6428571428571429,0.6738372646244238,0.3655090437951402,1,2,0.0008333329999999999,62.9199,books-t2010-a=5 | books-t2010-b=5
q066,a secret that destroys a community when it comes out,Torso,CrossStripe,Conceptual,Vector,quota-merge,0.9414129136841523,0.9,0.8181818181818182,0.5555555555555556,0.6757437238587398,0.3835495730726139,1,2,0.0008333329999999999,62.9103,books-t2010-a=7 | books-t2010-b=3
q066,a secret that destroys a community when it comes out,Torso,CrossStripe,Conceptual,Vector,global-rrf,0.8965747806128317,0.7,0.5384615384615384,0.5,0.6335074136382968,0.3835495730726139,1,2,0.0008333329999999999,62.9283,books-t2010-a=5 | books-t2010-b=5
q066,a secret that destroys a community when it comes out,Torso,CrossStripe,Conceptual,Vector,minmax-norm,0.8747320815879226,0.6,0.42857142857142855,0.5714285714285714,0.5867698190455616,0.3827724261035803,0.9,2,0.0008333329999999999,62.952999999999996,books-t2010-a=4 | books-t2010-b=6
q066,a secret that destroys a community when it comes out,Torso,CrossStripe,Conceptual,Vector,zscore-norm,0.8985102243767024,0.7,0.5384615384615384,0.5,0.6335074136382968,0.3835495730726139,1,2,0.0008333329999999999,62.948,books-t2010-a=5 | books-t2010-b=5
q066,a secret that destroys a community when it comes out,Torso,CrossStripe,Conceptual,Vector,vector-similarity,0.9528344332977449,0.9,0.8181818181818182,1,0.7932671386559154,0.33274670188675093,1,2,0.0008333329999999999,62.9238,books-t2010-a=7 | books-t2010-b=3
q067,the American South,Torso,CrossStripe,Lexical,Vector,single-index,1,1,1,1,1,0.5939343675684545,1,1,0.000583333,100.7092,books-oracle2=10
q067,the American South,Torso,CrossStripe,Lexical,Vector,naive-score,1,1,1,1,0.8591367550184259,0.5939343675684545,1,2,0.00085,62.1266,books-t2010-a=10
q067,the American South,Torso,CrossStripe,Lexical,Vector,interleave,0.8913371234224804,0.5,0.3333333333333333,0.5555555555555556,0.5294372354415456,0.46967090176261184,0.6,2,0.00085,62.118,books-t2010-a=5 | books-t2010-b=5
q067,the American South,Torso,CrossStripe,Lexical,Vector,quota-merge,0.9181601893979688,0.7,0.5384615384615384,0.28888888888888886,0.5606925713780609,0.49325830498444884,0.8,2,0.00085,62.108900000000006,books-t2010-a=7 | books-t2010-b=3
q067,the American South,Torso,CrossStripe,Lexical,Vector,global-rrf,0.8794776300072024,0.5,0.3333333333333333,0.4666666666666667,0.49748961559042415,0.4532847678736494,0.6,2,0.00085,62.126000000000005,books-t2010-a=5 | books-t2010-b=5
q067,the American South,Torso,CrossStripe,Lexical,Vector,minmax-norm,0.7711207368184083,0.3,0.17647058823529413,0.5,0.3996502755418095,0.34368774664712626,0.4,2,0.00085,62.1984,books-t2010-a=3 | books-t2010-b=7
q067,the American South,Torso,CrossStripe,Lexical,Vector,zscore-norm,0.8541699263411069,0.4,0.25,0.5,0.5039929933708067,0.4553153145126645,0.5,2,0.00085,62.1464,books-t2010-a=4 | books-t2010-b=6
q067,the American South,Torso,CrossStripe,Lexical,Vector,vector-similarity,1,1,1,1,0.8591367550184259,0.5939343675684545,1,2,0.00085,62.1218,books-t2010-a=10
q068,grief after the death of a child,Torso,CrossStripe,Conceptual,Vector,single-index,1,1,1,1,1,0.3492079965840347,1,1,0.000583333,73.5851,books-oracle2=10
q068,grief after the death of a child,Torso,CrossStripe,Conceptual,Vector,naive-score,1,1,1,1,0.8591367550184259,0.3492079965840347,1,2,0.0008333329999999999,63.569700000000005,books-t2010-a=7 | books-t2010-b=3
q068,grief after the death of a child,Torso,CrossStripe,Conceptual,Vector,interleave,0.9833170090751636,0.8,0.6666666666666666,0.8222222222222222,0.771801567656729,0.31680532967437725,1,2,0.0008333329999999999,63.5597,books-t2010-a=5 | books-t2010-b=5
q068,grief after the death of a child,Torso,CrossStripe,Conceptual,Vector,quota-merge,0.9978248115239631,1,1,0.8666666666666667,0.8177348790565571,0.3402779015629961,1,2,0.0008333329999999999,63.5499,books-t2010-a=7 | books-t2010-b=3
q068,grief after the death of a child,Torso,CrossStripe,Conceptual,Vector,global-rrf,0.9822639071881141,0.8,0.6666666666666666,0.7777777777777778,0.7641702231368296,0.3161984783217239,1,2,0.0008333329999999999,63.5677,books-t2010-a=5 | books-t2010-b=5
q068,grief after the death of a child,Torso,CrossStripe,Conceptual,Vector,minmax-norm,0.9859299038847061,0.8,0.6666666666666666,1,0.8192131274280188,0.3291671027351782,1,2,0.0008333329999999999,63.5919,books-t2010-a=5 | books-t2010-b=5
q068,grief after the death of a child,Torso,CrossStripe,Conceptual,Vector,zscore-norm,0.9296488802543321,0.8,0.6666666666666666,0.8666666666666667,0.6871856876823716,0.3453058520961463,1,2,0.0008333329999999999,63.5859,books-t2010-a=5 | books-t2010-b=5
q068,grief after the death of a child,Torso,CrossStripe,Conceptual,Vector,vector-similarity,1,1,1,1,0.8591367550184259,0.3492079965840347,1,2,0.0008333329999999999,63.5634,books-t2010-a=7 | books-t2010-b=3
q069,an outsider who does not fit in anywhere,Torso,CrossStripe,Conceptual,Vector,single-index,1,1,1,1,1,0.4817038124873122,0.9,1,0.000583333,74.1904,books-oracle2=10
q069,an outsider who does not fit in anywhere,Torso,CrossStripe,Conceptual,Vector,naive-score,0.7753153813063062,0.7,0.5384615384615384,1,0.5385661888821192,0.3634463372545813,1,2,0.0010999999999999998,95.57119999999999,books-t2010-a=7 | books-t2010-b=3
q069,an outsider who does not fit in anywhere,Torso,CrossStripe,Conceptual,Vector,interleave,0.7625478339438979,0.7,0.5384615384615384,0.7142857142857143,0.5484586725190259,0.42438669822687974,0.9,2,0.0010999999999999998,95.5551,books-t2010-a=5 | books-t2010-b=5
q069,an outsider who does not fit in anywhere,Torso,CrossStripe,Conceptual,Vector,quota-merge,0.6276408207160543,0.7,0.5384615384615384,0.7142857142857143,0.4479406250983408,0.38899031396876044,1,2,0.0010999999999999998,95.5435,books-t2010-a=7 | books-t2010-b=3
q069,an outsider who does not fit in anywhere,Torso,CrossStripe,Conceptual,Vector,global-rrf,0.6168773179070498,0.7,0.5384615384615384,0.7142857142857143,0.4479406250983408,0.4498423332982202,0.9,2,0.0010999999999999998,95.5632,books-t2010-a=5 | books-t2010-b=5
q069,an outsider who does not fit in anywhere,Torso,CrossStripe,Conceptual,Vector,minmax-norm,0.6285157668376586,0.7,0.5384615384615384,0.5238095238095238,0.4618905197193835,0.45389108403036177,0.9,2,0.0010999999999999998,95.5932,books-t2010-a=5 | books-t2010-b=5
q069,an outsider who does not fit in anywhere,Torso,CrossStripe,Conceptual,Vector,zscore-norm,0.7837852831764832,0.7,0.5384615384615384,0.6190476190476191,0.565706061685704,0.43532212152553784,1,2,0.0010999999999999998,95.5894,books-t2010-a=6 | books-t2010-b=4
q069,an outsider who does not fit in anywhere,Torso,CrossStripe,Conceptual,Vector,vector-similarity,0.7753153813063062,0.7,0.5384615384615384,1,0.5385661888821192,0.3634463372545813,1,2,0.0010999999999999998,95.5586,books-t2010-a=7 | books-t2010-b=3
q070,school,Head,CrossStripe,Lexical,Vector,single-index,1,1,1,1,1,0.9010362095152992,1,1,0.000583333,73.8599,books-oracle2=10
q070,school,Head,CrossStripe,Lexical,Vector,naive-score,0.96085205924776,0.9,0.8181818181818182,1,0.8163496004753649,0.9010362095152992,1,2,0.0010999999999999998,90.2233,books-t2010-a=9 | books-t2010-b=1
q070,school,Head,CrossStripe,Lexical,Vector,interleave,0.9434010791362845,0.7,0.5384615384615384,0.5555555555555556,0.6107316514538688,0.7008767698919338,0.8,2,0.0010999999999999998,90.2132,books-t2010-a=5 | books-t2010-b=5
q070,school,Head,CrossStripe,Lexical,Vector,quota-merge,0.8303040998803521,0.8,0.6666666666666666,0.3333333333333333,0.5236803347977832,0.7875120243565054,1,2,0.0010999999999999998,90.2037,books-t2010-a=7 | books-t2010-b=3
q070,school,Head,CrossStripe,Lexical,Vector,global-rrf,0.8481648899139519,0.7,0.5384615384615384,0.5111111111111111,0.5102136040331837,0.6544600142207764,0.8,2,0.0010999999999999998,90.2212,books-t2010-a=5 | books-t2010-b=5
q070,school,Head,CrossStripe,Lexical,Vector,minmax-norm,0.8553294097842574,0.7,0.5384615384615384,0.6888888888888889,0.5520665301418306,0.6598842699389261,0.8,2,0.0010999999999999998,90.2441,books-t2010-a=5 | books-t2010-b=5
q070,school,Head,CrossStripe,Lexical,Vector,zscore-norm,0.8366283099495282,0.7,0.5384615384615384,0.37777777777777777,0.47063463966216257,0.6501411360385179,0.8,2,0.0010999999999999998,90.2411,books-t2010-a=5 | books-t2010-b=5
q070,school,Head,CrossStripe,Lexical,Vector,vector-similarity,0.96085205924776,0.9,0.8181818181818182,1,0.8163496004753649,0.9010362095152992,1,2,0.0010999999999999998,90.217,books-t2010-a=9 | books-t2010-b=1
q071,obsession that ruins a life,Torso,CrossStripe,Conceptual,Vector,single-index,1,1,1,1,1,0.4734143925347467,0.9,1,0.000583333,73.6986,books-oracle2=10
q071,obsession that ruins a life,Torso,CrossStripe,Conceptual,Vector,naive-score,0.7503360169121053,0.9,0.8181818181818182,1,0.6020566829499175,0.590062697546559,1,2,0.0008333329999999999,62.8322,books-t2010-a=3 | books-t2010-b=7
q071,obsession that ruins a life,Torso,CrossStripe,Conceptual,Vector,interleave,0.8788077857831443,0.8,0.6666666666666666,0.5555555555555556,0.6175702536947707,0.606150210668736,0.8,2,0.0008333329999999999,62.8196,books-t2010-a=5 | books-t2010-b=5
q071,obsession that ruins a life,Torso,CrossStripe,Conceptual,Vector,quota-merge,0.8508919023605125,0.6,0.42857142857142855,0.8333333333333334,0.5833257371764193,0.5879728426118926,0.7,2,0.0008333329999999999,62.8113,books-t2010-a=7 | books-t2010-b=3
q071,obsession that ruins a life,Torso,CrossStripe,Conceptual,Vector,global-rrf,0.879508142615612,0.8,0.6666666666666666,0.6111111111111112,0.6252015982146701,0.606150210668736,0.8,2,0.0008333329999999999,62.8282,books-t2010-a=5 | books-t2010-b=5
q071,obsession that ruins a life,Torso,CrossStripe,Conceptual,Vector,minmax-norm,0.8982658901806848,0.9,0.8181818181818182,1,0.7025747303706025,0.590062697546559,1,2,0.0008333329999999999,62.850100000000005,books-t2010-a=3 | books-t2010-b=7
q071,obsession that ruins a life,Torso,CrossStripe,Conceptual,Vector,zscore-norm,0.8956175924486373,0.9,0.8181818181818182,0.7777777777777778,0.6802431551662595,0.590602554153056,0.9,2,0.0008333329999999999,62.8556,books-t2010-a=4 | books-t2010-b=6
q071,obsession that ruins a life,Torso,CrossStripe,Conceptual,Vector,vector-similarity,0.7503360169121053,0.9,0.8181818181818182,1,0.6020566829499175,0.590062697546559,1,2,0.0008333329999999999,62.8247,books-t2010-a=3 | books-t2010-b=7
q072,slavery and its aftermath,Torso,CrossStripe,Mixed,Vector,single-index,1,1,1,1,1,0.6923249627100273,1,1,0.000583333,73.8032,books-oracle2=10
q072,slavery and its aftermath,Torso,CrossStripe,Mixed,Vector,naive-score,1,1,1,1,0.8591367550184259,0.6923249627100273,1,2,0.00085,61.7083,books-t2010-a=10
q072,slavery and its aftermath,Torso,CrossStripe,Mixed,Vector,interleave,0.8965607430985761,0.5,0.3333333333333333,0.5555555555555556,0.5351421523622341,0.575479914745247,0.8,2,0.00085,61.698,books-t2010-a=5 | books-t2010-b=5
q072,slavery and its aftermath,Torso,CrossStripe,Mixed,Vector,quota-merge,0.8256273613024321,0.7,0.5384615384615384,0.28888888888888886,0.49212586327673824,0.7549486805521335,1,2,0.00085,61.6868,books-t2010-a=7 | books-t2010-b=3
q072,slavery and its aftermath,Torso,CrossStripe,Mixed,Vector,global-rrf,0.7889534321490641,0.5,0.3333333333333333,0.4666666666666667,0.4298163578940124,0.6192632351609672,0.8,2,0.00085,61.7058,books-t2010-a=5 | books-t2010-b=5
q072,slavery and its aftermath,Torso,CrossStripe,Mixed,Vector,minmax-norm,0.8238684793816358,0.6,0.42857142857142855,0.6888888888888889,0.5342945821532172,0.6980588612344738,0.9,2,0.00085,61.7248,books-t2010-a=6 | books-t2010-b=4
q072,slavery and its aftermath,Torso,CrossStripe,Mixed,Vector,zscore-norm,0.8110623954889805,0.6,0.42857142857142855,0.37777777777777777,0.4684342470050705,0.6855174586153562,0.9,2,0.00085,61.7205,books-t2010-a=6 | books-t2010-b=4
q072,slavery and its aftermath,Torso,CrossStripe,Mixed,Vector,vector-similarity,1,1,1,1,0.8591367550184259,0.6923249627100273,1,2,0.00085,61.6977,books-t2010-a=10
q073,the Holocaust,Torso,CrossStripe,Lexical,Vector,single-index,1,1,1,1,1,0.9224654597764764,1,1,0.000583333,75.4766,books-oracle2=10
q073,the Holocaust,Torso,CrossStripe,Lexical,Vector,naive-score,1,1,1,1,0.8591367550184259,0.9224654597764764,1,2,0.0005833329999999999,65.09949999999999,books-t2010-a=9 | books-t2010-b=1
q073,the Holocaust,Torso,CrossStripe,Lexical,Vector,interleave,0.9156720677373271,0.6,0.42857142857142855,0.6,0.5774465819724531,0.7721596254947202,0.7,2,0.0005833329999999999,65.0911,books-t2010-a=5 | books-t2010-b=5
q073,the Holocaust,Torso,CrossStripe,Lexical,Vector,quota-merge,0.9442206354407213,0.8,0.6666666666666666,0.4222222222222222,0.6227595822716735,0.8688568995167625,0.9,2,0.0005833329999999999,65.08059999999999,books-t2010-a=7 | books-t2010-b=3
q073,the Holocaust,Torso,CrossStripe,Lexical,Vector,global-rrf,0.9094315117333187,0.6,0.42857142857142855,0.4666666666666667,0.5518175122224748,0.7655934900767001,0.7,2,0.0005833329999999999,65.09949999999999,books-t2010-a=5 | books-t2010-b=5
q073,the Holocaust,Torso,CrossStripe,Lexical,Vector,minmax-norm,0.9454187817136933,0.7,0.5384615384615384,0.7777777777777778,0.6672245755472141,0.8579809428223729,0.8,2,0.0005833329999999999,65.12219999999999,books-t2010-a=6 | books-t2010-b=4
q073,the Holocaust,Torso,CrossStripe,Lexical,Vector,zscore-norm,0.8341266562599975,0.6,0.42857142857142855,0.7333333333333333,0.5187814606604151,0.7849818707050382,0.7,2,0.0005833329999999999,65.118,books-t2010-a=5 | books-t2010-b=5
q073,the Holocaust,Torso,CrossStripe,Lexical,Vector,vector-similarity,1,1,1,1,0.8591367550184259,0.9224654597764764,1,2,0.0005833329999999999,65.0951,books-t2010-a=9 | books-t2010-b=1
q074,a woman who defies the expectations of her time,Torso,CrossStripe,Conceptual,Vector,single-index,1,1,1,1,1,0.715019583571087,0.9,1,0.000583333,74.2382,books-oracle2=10
q074,a woman who defies the expectations of her time,Torso,CrossStripe,Conceptual,Vector,naive-score,1,1,1,1,0.8591367550184259,0.715019583571087,0.9,2,0.0008333329999999999,62.7346,books-t2010-a=6 | books-t2010-b=4
q074,a woman who defies the expectations of her time,Torso,CrossStripe,Conceptual,Vector,interleave,0.9441027672070762,0.9,0.8181818181818182,0.9111111111111111,0.7470930879693367,0.715019583571087,0.9,2,0.0008333329999999999,62.7245,books-t2010-a=5 | books-t2010-b=5
q074,a woman who defies the expectations of her time,Torso,CrossStripe,Conceptual,Vector,quota-merge,0.9058791149426891,0.9,0.8181818181818182,0.8888888888888888,0.7026415748721372,0.7316896889118032,0.9,2,0.0008333329999999999,62.714,books-t2010-a=7 | books-t2010-b=3
q074,a woman who defies the expectations of her time,Torso,CrossStripe,Conceptual,Vector,global-rrf,0.9438543114436702,0.9,0.8181818181818182,0.9111111111111111,0.7415344543066938,0.711165384335118,0.9,2,0.0008333329999999999,62.7328,books-t2010-a=5 | books-t2010-b=5
q074,a woman who defies the expectations of her time,Torso,CrossStripe,Conceptual,Vector,minmax-norm,0.9434609621752714,0.9,0.8181818181818182,0.9111111111111111,0.7364050183468165,0.720531153129904,0.9,2,0.0008333329999999999,62.7574,books-t2010-a=5 | books-t2010-b=5
q074,a woman who defies the expectations of her time,Torso,CrossStripe,Conceptual,Vector,zscore-norm,0.9980574769566493,0.9,0.8181818181818182,0.9555555555555556,0.8369230657675014,0.720531153129904,0.9,2,0.0008333329999999999,62.7536,books-t2010-a=5 | books-t2010-b=5
q074,a woman who defies the expectations of her time,Torso,CrossStripe,Conceptual,Vector,vector-similarity,1,1,1,1,0.8591367550184259,0.715019583571087,0.9,2,0.0008333329999999999,62.7295,books-t2010-a=6 | books-t2010-b=4
q075,addiction and recovery,Torso,CrossStripe,Mixed,Vector,single-index,1,1,1,1,1,0.9173414328953917,1,1,0.000583333,73.9689,books-oracle2=10
q075,addiction and recovery,Torso,CrossStripe,Mixed,Vector,naive-score,1,1,1,1,0.8591367550184259,0.9173414328953917,1,2,0.0008333329999999999,62.334700000000005,books-t2010-a=8 | books-t2010-b=2
q075,addiction and recovery,Torso,CrossStripe,Mixed,Vector,interleave,0.9549231093831028,0.7,0.5384615384615384,0.6888888888888889,0.6604129232071552,0.7506901646259447,0.8,2,0.0008333329999999999,62.3234,books-t2010-a=5 | books-t2010-b=5
q075,addiction and recovery,Torso,CrossStripe,Mixed,Vector,quota-merge,0.9781191408166666,0.9,0.8181818181818182,0.5555555555555556,0.7091672673103308,0.8819267470574519,1,2,0.0008333329999999999,62.313900000000004,books-t2010-a=7 | books-t2010-b=3
q075,addiction and recovery,Torso,CrossStripe,Mixed,Vector,global-rrf,0.9531931574017874,0.7,0.5384615384615384,0.6,0.6479738316397189,0.745628849353889,0.8,2,0.0008333329999999999,62.3324,books-t2010-a=5 | books-t2010-b=5
q075,addiction and recovery,Torso,CrossStripe,Mixed,Vector,minmax-norm,0.9697247694002085,0.8,0.6666666666666666,0.6888888888888889,0.7004883264206644,0.8233403057378156,0.9,2,0.0008333329999999999,62.354800000000004,books-t2010-a=6 | books-t2010-b=4
q075,addiction and recovery,Torso,CrossStripe,Mixed,Vector,zscore-norm,0.8741355714592509,0.7,0.5384615384615384,0.4222222222222222,0.5183636385901642,0.7306726553292396,0.8,2,0.0008333329999999999,62.35,books-t2010-a=5 | books-t2010-b=5
q075,addiction and recovery,Torso,CrossStripe,Mixed,Vector,vector-similarity,1,1,1,1,0.8591367550184259,0.9173414328953917,1,2,0.0008333329999999999,62.3277,books-t2010-a=8 | books-t2010-b=2
q076,New York City,Head,CrossStripe,Lexical,Vector,single-index,1,1,1,1,1,0.9206500320722545,1,1,0.000583333,71.7259,books-oracle2=10
q076,New York City,Head,CrossStripe,Lexical,Vector,naive-score,1,1,1,1,0.8591367550184259,0.9206500320722545,1,2,0.00085,62.8763,books-t2010-a=6 | books-t2010-b=4
q076,New York City,Head,CrossStripe,Lexical,Vector,interleave,0.9851263068020343,0.9,0.8181818181818182,0.7333333333333333,0.74216005678787,0.9371166382005486,1,2,0.00085,62.865300000000005,books-t2010-a=5 | books-t2010-b=5
q076,New York City,Head,CrossStripe,Lexical,Vector,quota-merge,0.9894892141321978,0.9,0.8181818181818182,0.7777777777777778,0.7609761380888447,0.9371166382005486,1,2,0.00085,62.8618,books-t2010-a=7 | books-t2010-b=3
q076,New York City,Head,CrossStripe,Lexical,Vector,global-rrf,0.9851263068020343,0.9,0.8181818181818182,0.7333333333333333,0.74216005678787,0.9371166382005486,1,2,0.00085,62.8752,books-t2010-a=5 | books-t2010-b=5
q076,New York City,Head,CrossStripe,Lexical,Vector,minmax-norm,0.9585209327248763,0.9,0.8181818181818182,0.28888888888888886,0.6244557263062109,0.9580777588003657,1,2,0.00085,62.898500000000006,books-t2010-a=5 | books-t2010-b=5
q076,New York City,Head,CrossStripe,Lexical,Vector,zscore-norm,0.9674093296029422,0.9,0.8181818181818182,0.4222222222222222,0.6551695326455594,0.9513467899190737,1,2,0.00085,62.8938,books-t2010-a=5 | books-t2010-b=5
q076,New York City,Head,CrossStripe,Lexical,Vector,vector-similarity,1,1,1,1,0.8591367550184259,0.9206500320722545,1,2,0.00085,62.8703,books-t2010-a=6 | books-t2010-b=4
q077,an unlikely friendship between two very different people,Torso,CrossStripe,Conceptual,Vector,single-index,1,1,1,1,1,0.4207460128382156,0.9,1,0.000583333,72.4129,books-oracle2=10
q077,an unlikely friendship between two very different people,Torso,CrossStripe,Conceptual,Vector,naive-score,0.900852009746311,0.8,0.6666666666666666,1,0.7222680863335275,0.444196078614838,1,2,0.00085,97.84899999999999,books-t2010-a=6 | books-t2010-b=4
q077,an unlikely friendship between two very different people,Torso,CrossStripe,Conceptual,Vector,interleave,0.7999815529755824,0.7,0.5384615384615384,0.7142857142857143,0.5521890282095749,0.5132079052796019,0.9,2,0.00085,97.8381,books-t2010-a=5 | books-t2010-b=5
q077,an unlikely friendship between two very different people,Torso,CrossStripe,Conceptual,Vector,quota-merge,0.8017028420133042,0.8,0.6666666666666666,0.7857142857142857,0.5592695284068562,0.5795518350348864,1,2,0.00085,97.82979999999999,books-t2010-a=7 | books-t2010-b=3
q077,an unlikely friendship between two very different people,Torso,CrossStripe,Conceptual,Vector,global-rrf,0.7999815529755824,0.7,0.5384615384615384,0.7142857142857143,0.5521890282095749,0.5132079052796019,0.9,2,0.00085,97.85799999999999,books-t2010-a=5 | books-t2010-b=5
q077,an unlikely friendship between two very different people,Torso,CrossStripe,Conceptual,Vector,minmax-norm,0.8196945966151051,0.8,0.6666666666666666,0.7142857142857143,0.5765169175735343,0.5153127434784364,1,2,0.00085,97.86999999999999,books-t2010-a=6 | books-t2010-b=4
q077,an unlikely friendship between two very different people,Torso,CrossStripe,Conceptual,Vector,zscore-norm,0.900632526030218,0.8,0.6666666666666666,0.9285714285714286,0.7222680863335275,0.4408251927611956,1,2,0.00085,97.8668,books-t2010-a=6 | books-t2010-b=4
q077,an unlikely friendship between two very different people,Torso,CrossStripe,Conceptual,Vector,vector-similarity,0.900852009746311,0.8,0.6666666666666666,1,0.7222680863335275,0.444196078614838,1,2,0.00085,97.8436,books-t2010-a=6 | books-t2010-b=4
q078,climate change and environmental collapse,Torso,CrossStripe,Mixed,Vector,single-index,1,1,1,1,1,0.7308987695553354,1,1,0.000583333,73.7766,books-oracle2=10
q078,climate change and environmental collapse,Torso,CrossStripe,Mixed,Vector,naive-score,1,1,1,1,0.8591367550184259,0.7308987695553354,1,2,0.0010999999999999998,61.7726,books-t2010-a=8 | books-t2010-b=2
q078,climate change and environmental collapse,Torso,CrossStripe,Mixed,Vector,interleave,0.9766193661153132,0.7,0.5384615384615384,0.8666666666666667,0.7733690306062466,0.6713144660566236,0.8,2,0.0010999999999999998,61.7588,books-t2010-a=5 | books-t2010-b=5
q078,climate change and environmental collapse,Torso,CrossStripe,Mixed,Vector,quota-merge,0.9913535722976513,0.9,0.8181818181818182,0.7777777777777778,0.7899376734352055,0.7094069779849677,1,2,0.0010999999999999998,61.7631,books-t2010-a=7 | books-t2010-b=3
q078,climate change and environmental collapse,Torso,CrossStripe,Mixed,Vector,global-rrf,0.9734245419496177,0.7,0.5384615384615384,0.7333333333333333,0.7337900662352257,0.6685004080203293,0.8,2,0.0010999999999999998,61.7684,books-t2010-a=5 | books-t2010-b=5
q078,climate change and environmental collapse,Torso,CrossStripe,Mixed,Vector,minmax-norm,0.9629548766002243,0.6,0.42857142857142855,0.9555555555555556,0.7319484056723865,0.7079789718834985,0.8,2,0.0010999999999999998,61.7892,books-t2010-a=4 | books-t2010-b=6
q078,climate change and environmental collapse,Torso,CrossStripe,Mixed,Vector,zscore-norm,0.9083583618188465,0.6,0.42857142857142855,0.9111111111111111,0.6314303582517016,0.7079789718834985,0.8,2,0.0010999999999999998,61.7847,books-t2010-a=4 | books-t2010-b=6
q078,climate change and environmental collapse,Torso,CrossStripe,Mixed,Vector,vector-similarity,1,1,1,1,0.8591367550184259,0.7308987695553354,1,2,0.0010999999999999998,61.7588,books-t2010-a=8 | books-t2010-b=2
q079,memory and how unreliable it can be,Torso,CrossStripe,Conceptual,Vector,single-index,1,1,1,1,1,0.5822496500752924,1,1,0.000583333,72.8707,books-oracle2=10
q079,memory and how unreliable it can be,Torso,CrossStripe,Conceptual,Vector,naive-score,1,1,1,1,0.8591367550184259,0.5822496500752924,1,2,0.0008333329999999999,64.3675,books-t2010-a=7 | books-t2010-b=3
q079,memory and how unreliable it can be,Torso,CrossStripe,Conceptual,Vector,interleave,0.9070580419445964,0.8,0.6666666666666666,0.7333333333333333,0.6443010434370575,0.6159066312260255,0.8,2,0.0008333329999999999,64.3568,books-t2010-a=5 | books-t2010-b=5
q079,memory and how unreliable it can be,Torso,CrossStripe,Conceptual,Vector,quota-merge,0.9870631864858372,1,1,0.8222222222222222,0.7692399327187265,0.5884973055742577,1,2,0.0008333329999999999,64.3477,books-t2010-a=7 | books-t2010-b=3
q079,memory and how unreliable it can be,Torso,CrossStripe,Conceptual,Vector,global-rrf,0.9810229785788865,0.8,0.6666666666666666,0.7777777777777778,0.7448190908577424,0.569489875554868,0.8,2,0.0008333329999999999,64.3912,books-t2010-a=5 | books-t2010-b=5
q079,memory and how unreliable it can be,Torso,CrossStripe,Conceptual,Vector,minmax-norm,0.9919561987485912,0.9,0.8181818181818182,0.9555555555555556,0.8100093585706132,0.5731609660468707,0.9,2,0.0008333329999999999,64.3891,books-t2010-a=6 | books-t2010-b=4
q079,memory and how unreliable it can be,Torso,CrossStripe,Conceptual,Vector,zscore-norm,0.9860250355596123,0.8,0.6666666666666666,0.8222222222222222,0.7647786692882059,0.575725031334877,0.8,2,0.0008333329999999999,64.3843,books-t2010-a=5 | books-t2010-b=5
q079,memory and how unreliable it can be,Torso,CrossStripe,Conceptual,Vector,vector-similarity,1,1,1,1,0.8591367550184259,0.5822496500752924,1,2,0.0008333329999999999,64.3604,books-t2010-a=7 | books-t2010-b=3
q080,a doctor confronting the limits of medicine,Tail,CrossStripe,Conceptual,Vector,single-index,1,1,1,1,1,0.9126822919425964,1,1,0.000583333,73.7906,books-oracle2=10
q080,a doctor confronting the limits of medicine,Tail,CrossStripe,Conceptual,Vector,naive-score,1,1,1,1,0.8591367550184259,0.9126822919425964,1,2,0.0008333329999999999,62.4732,books-t2010-a=7 | books-t2010-b=3
q080,a doctor confronting the limits of medicine,Tail,CrossStripe,Conceptual,Vector,interleave,0.9879823467840659,0.8,0.6666666666666666,0.8222222222222222,0.786222489950423,0.8525022864652362,0.8,2,0.0008333329999999999,62.465999999999994,books-t2010-a=5 | books-t2010-b=5
q080,a doctor confronting the limits of medicine,Tail,CrossStripe,Conceptual,Vector,quota-merge,0.9441321972000577,1,1,0.8222222222222222,0.7227754652985149,0.9189022477693747,1,2,0.0008333329999999999,62.4559,books-t2010-a=7 | books-t2010-b=3
q080,a doctor confronting the limits of medicine,Tail,CrossStripe,Conceptual,Vector,global-rrf,0.932937319841388,0.8,0.6666666666666666,0.7333333333333333,0.6808966954822013,0.8495303833101181,0.8,2,0.0008333329999999999,62.4736,books-t2010-a=5 | books-t2010-b=5
q080,a doctor confronting the limits of medicine,Tail,CrossStripe,Conceptual,Vector,minmax-norm,0.9398085757324459,0.9,0.8181818181818182,0.6888888888888889,0.6946175540261361,0.8788346073587612,0.9,2,0.0008333329999999999,62.4982,books-t2010-a=6 | books-t2010-b=4
q080,a doctor confronting the limits of medicine,Tail,CrossStripe,Conceptual,Vector,zscore-norm,0.9315938292229425,0.8,0.6666666666666666,0.6444444444444445,0.6672556671528811,0.8415068954376516,0.8,2,0.0008333329999999999,62.4944,books-t2010-a=5 | books-t2010-b=5
q080,a doctor confronting the limits of medicine,Tail,CrossStripe,Conceptual,Vector,vector-similarity,1,1,1,1,0.8591367550184259,0.9126822919425964,1,2,0.0008333329999999999,62.4696,books-t2010-a=7 | books-t2010-b=3
q081,immortality and the cost of living forever,Tail,CrossStripe,Conceptual,Vector,single-index,1,1,1,1,1,0.4789924411292169,1,1,0.000583333,75.2673,books-oracle2=10
q081,immortality and the cost of living forever,Tail,CrossStripe,Conceptual,Vector,naive-score,0.9268484436261611,0.8,0.6666666666666666,1,0.7948348187815227,0.46907369513824876,1,2,0.00085,63.1981,books-t2010-a=9 | books-t2010-b=1
q081,immortality and the cost of living forever,Tail,CrossStripe,Conceptual,Vector,interleave,0.9498720639658593,0.6,0.42857142857142855,0.6444444444444445,0.6373697420359327,0.40260817369208973,0.8,2,0.00085,63.18729999999999,books-t2010-a=5 | books-t2010-b=5
q081,immortality and the cost of living forever,Tail,CrossStripe,Conceptual,Vector,quota-merge,0.8405609497308855,0.7,0.5384615384615384,0.3333333333333333,0.5224107976442406,0.49545426690552397,0.9,2,0.00085,63.177499999999995,books-t2010-a=7 | books-t2010-b=3
q081,immortality and the cost of living forever,Tail,CrossStripe,Conceptual,Vector,global-rrf,0.8530495578077578,0.6,0.42857142857142855,0.5111111111111111,0.4965218436291204,0.45601223861034446,0.8,2,0.00085,63.1947,books-t2010-a=5 | books-t2010-b=5
q081,immortality and the cost of living forever,Tail,CrossStripe,Conceptual,Vector,minmax-norm,0.869535060201629,0.6,0.42857142857142855,0.6444444444444445,0.5551711087576675,0.47361119958853026,0.8,2,0.00085,63.2185,books-t2010-a=5 | books-t2010-b=5
q081,immortality and the cost of living forever,Tail,CrossStripe,Conceptual,Vector,zscore-norm,0.9492391873133041,0.6,0.42857142857142855,0.6,0.6325619949883959,0.40336058376507183,0.8,2,0.00085,63.2153,books-t2010-a=5 | books-t2010-b=5
q081,immortality and the cost of living forever,Tail,CrossStripe,Conceptual,Vector,vector-similarity,0.9268484436261611,0.8,0.6666666666666666,1,0.7948348187815227,0.46907369513824876,1,2,0.00085,63.190999999999995,books-t2010-a=9 | books-t2010-b=1
q082,twins separated at birth,Tail,CrossStripe,Lexical,Vector,single-index,1,1,1,1,1,0.23325372558911645,0.9,1,0.000583333,76.8831,books-oracle2=10
q082,twins separated at birth,Tail,CrossStripe,Lexical,Vector,naive-score,0.879792265512799,0.6,0.42857142857142855,1,0.6209343049260343,0.3260618405214423,1,2,0.0010999999999999998,63.3324,books-t2010-a=7 | books-t2010-b=3
q082,twins separated at birth,Tail,CrossStripe,Lexical,Vector,interleave,0.823662861668129,0.6,0.42857142857142855,0.6666666666666666,0.5137788079367588,0.2367820532009381,0.9,2,0.0010999999999999998,63.3221,books-t2010-a=5 | books-t2010-b=5
q082,twins separated at birth,Tail,CrossStripe,Lexical,Vector,quota-merge,0.8777070876642604,0.6,0.42857142857142855,0.6666666666666666,0.6209343049260343,0.31334145497813687,1,2,0.0010999999999999998,63.312799999999996,books-t2010-a=7 | books-t2010-b=3
q082,twins separated at birth,Tail,CrossStripe,Lexical,Vector,global-rrf,0.8759248958022877,0.6,0.42857142857142855,0.6111111111111112,0.6142968553574437,0.23007989555833017,0.9,2,0.0010999999999999998,63.3291,books-t2010-a=5 | books-t2010-b=5
q082,twins separated at birth,Tail,CrossStripe,Lexical,Vector,minmax-norm,0.8797558716233744,0.6,0.42857142857142855,0.9444444444444444,0.6209343049260343,0.32201308628589514,1,2,0.0010999999999999998,63.352199999999996,books-t2010-a=7 | books-t2010-b=3
q082,twins separated at birth,Tail,CrossStripe,Lexical,Vector,zscore-norm,0.8759631660543364,0.6,0.42857142857142855,0.8333333333333334,0.6142968553574437,0.23147097576125944,1,2,0.0010999999999999998,63.349,books-t2010-a=6 | books-t2010-b=4
q082,twins separated at birth,Tail,CrossStripe,Lexical,Vector,vector-similarity,0.879792265512799,0.6,0.42857142857142855,1,0.6209343049260343,0.3260618405214423,1,2,0.0010999999999999998,63.3257,books-t2010-a=7 | books-t2010-b=3
q083,a letter that arrives decades too late,Tail,CrossStripe,Conceptual,Vector,single-index,1,1,1,1,1,0.5030604241315991,1,1,0.000583333,74.2465,books-oracle2=10
q083,a letter that arrives decades too late,Tail,CrossStripe,Conceptual,Vector,naive-score,0.653430220662555,0.7,0.5384615384615384,1,0.525038665603745,0.3988563261679688,1,2,0.0008333329999999999,63.6229,books-t2010-a=6 | books-t2010-b=4
q083,a letter that arrives decades too late,Tail,CrossStripe,Conceptual,Vector,interleave,0.7928872779552081,0.6,0.42857142857142855,0.9047619047619048,0.6000274374502915,0.37053448533956035,0.9,2,0.0008333329999999999,63.6125,books-t2010-a=5 | books-t2010-b=5
q083,a letter that arrives decades too late,Tail,CrossStripe,Conceptual,Vector,quota-merge,0.8387351984284732,0.8,0.6666666666666666,0.8571428571428571,0.6422637476707348,0.3911867103702628,1,2,0.0008333329999999999,63.602,books-t2010-a=7 | books-t2010-b=3
q083,a letter that arrives decades too late,Tail,CrossStripe,Conceptual,Vector,global-rrf,0.7928872779552081,0.6,0.42857142857142855,0.9047619047619048,0.6000274374502915,0.37151678189062703,0.9,2,0.0008333329999999999,63.620799999999996,books-t2010-a=5 | books-t2010-b=5
q083,a letter that arrives decades too late,Tail,CrossStripe,Conceptual,Vector,minmax-norm,0.8012567114139304,0.7,0.5384615384615384,0.9047619047619048,0.62555671302443,0.3980627862277297,1,2,0.0008333329999999999,63.645199999999996,books-t2010-a=6 | books-t2010-b=4
q083,a letter that arrives decades too late,Tail,CrossStripe,Conceptual,Vector,zscore-norm,0.650690662110553,0.7,0.5384615384615384,0.7142857142857143,0.5125995740363087,0.36832088161852067,1,2,0.0008333329999999999,63.6408,books-t2010-a=6 | books-t2010-b=4
q083,a letter that arrives decades too late,Tail,CrossStripe,Conceptual,Vector,vector-similarity,0.653430220662555,0.7,0.5384615384615384,1,0.525038665603745,0.3988563261679688,1,2,0.0008333329999999999,63.6164,books-t2010-a=6 | books-t2010-b=4
q084,music and the people who devote their lives to it,Torso,CrossStripe,Conceptual,Vector,single-index,1,1,1,1,1,0.6105840824407147,1,1,0.000583333,101.407,books-oracle2=10
q084,music and the people who devote their lives to it,Torso,CrossStripe,Conceptual,Vector,naive-score,1,1,1,1,0.8591367550184259,0.6105840824407147,1,2,0.00085,62.8974,books-t2010-a=7 | books-t2010-b=3
q084,music and the people who devote their lives to it,Torso,CrossStripe,Conceptual,Vector,interleave,0.9823497616088085,0.8,0.6666666666666666,0.7333333333333333,0.7541552085731332,0.588689936501257,1,2,0.00085,62.885,books-t2010-a=5 | books-t2010-b=5
q084,music and the people who devote their lives to it,Torso,CrossStripe,Conceptual,Vector,quota-merge,0.9949069522409781,1,1,0.6444444444444445,0.7817622755228938,0.585369688651071,1,2,0.00085,62.8773,books-t2010-a=7 | books-t2010-b=3
q084,music and the people who devote their lives to it,Torso,CrossStripe,Conceptual,Vector,global-rrf,0.981065879706346,0.8,0.6666666666666666,0.6444444444444445,0.7417161170056972,0.588689936501257,1,2,0.00085,62.8935,books-t2010-a=5 | books-t2010-b=5
q084,music and the people who devote their lives to it,Torso,CrossStripe,Conceptual,Vector,minmax-norm,0.9681044207685257,0.7,0.5384615384615384,0.7333333333333333,0.7190057605962178,0.5569750214563329,0.9,2,0.00085,62.917,books-t2010-a=4 | books-t2010-b=6
q084,music and the people who devote their lives to it,Torso,CrossStripe,Conceptual,Vector,zscore-norm,0.9815145682844982,0.8,0.6666666666666666,0.6888888888888889,0.7465238640532339,0.588689936501257,1,2,0.00085,62.9129,books-t2010-a=5 | books-t2010-b=5
q084,music and the people who devote their lives to it,Torso,CrossStripe,Conceptual,Vector,vector-similarity,1,1,1,1,0.8591367550184259,0.6105840824407147,1,2,0.00085,62.8892,books-t2010-a=7 | books-t2010-b=3
q085,a trial that divides a town,Torso,CrossStripe,Conceptual,Vector,single-index,1,1,1,1,1,0.36566891315566896,0.8,1,0.000583333,74.4046,books-oracle2=10
q085,a trial that divides a town,Torso,CrossStripe,Conceptual,Vector,naive-score,0.8538484439374456,0.8,0.6666666666666666,1,0.6498950921906343,0.3208348576564587,0.9,2,0.0008333329999999999,91.89710000000001,books-t2010-a=10
q085,a trial that divides a town,Torso,CrossStripe,Conceptual,Vector,interleave,0.732530722659733,0.4,0.25,0.6190476190476191,0.4132668084223373,0.3217014658692903,0.5,2,0.0008333329999999999,91.88770000000001,books-t2010-a=5 | books-t2010-b=5
q085,a trial that divides a town,Torso,CrossStripe,Conceptual,Vector,quota-merge,0.6251153810387652,0.5,0.3333333333333333,0.3333333333333333,0.3419708637116855,0.4039684869233275,0.7,2,0.0008333329999999999,91.87740000000001,books-t2010-a=7 | books-t2010-b=3
q085,a trial that divides a town,Torso,CrossStripe,Conceptual,Vector,global-rrf,0.6224039218693074,0.4,0.25,0.42857142857142855,0.3051174164817528,0.3913265993760266,0.5,2,0.0008333329999999999,91.8961,books-t2010-a=5 | books-t2010-b=5
q085,a trial that divides a town,Torso,CrossStripe,Conceptual,Vector,minmax-norm,0.5853674988091324,0.3,0.17647058823529413,0.6190476190476191,0.2630871966832972,0.3183275272586919,0.4,2,0.0008333329999999999,91.9199,books-t2010-a=4 | books-t2010-b=6
q085,a trial that divides a town,Torso,CrossStripe,Conceptual,Vector,zscore-norm,0.7078283250009779,0.3,0.17647058823529413,0.8095238095238095,0.3943190504433306,0.25544724241490124,0.4,2,0.0008333329999999999,91.9175,books-t2010-a=4 | books-t2010-b=6
q085,a trial that divides a town,Torso,CrossStripe,Conceptual,Vector,vector-similarity,0.8538484439374456,0.8,0.6666666666666666,1,0.6498950921906343,0.3208348576564587,0.9,2,0.0008333329999999999,91.89150000000001,books-t2010-a=10
q086,forbidden love across a social divide,Torso,CrossStripe,Conceptual,Vector,single-index,1,1,1,1,1,0.4974965967846023,0.9,1,0.000583333,73.2688,books-oracle2=10
q086,forbidden love across a social divide,Torso,CrossStripe,Conceptual,Vector,naive-score,0.6488651079937754,0.7,0.5384615384615384,1,0.47508049790192575,0.47321114227526345,0.9,2,0.0005833329999999999,90.51,books-t2010-a=6 | books-t2010-b=4
q086,forbidden love across a social divide,Torso,CrossStripe,Conceptual,Vector,interleave,0.6227305857563045,0.7,0.5384615384615384,0.6190476190476191,0.46135676888757965,0.43230747319513824,0.8,2,0.0005833329999999999,90.4992,books-t2010-a=5 | books-t2010-b=5
q086,forbidden love across a social divide,Torso,CrossStripe,Conceptual,Vector,quota-merge,0.7014375479509755,0.7,0.5384615384615384,0.7142857142857143,0.46135676888757965,0.4530003461413493,0.9,2,0.0005833329999999999,90.4894,books-t2010-a=7 | books-t2010-b=3
q086,forbidden love across a social divide,Torso,CrossStripe,Conceptual,Vector,global-rrf,0.6990828533826128,0.7,0.5384615384615384,0.6190476190476191,0.46898811340747926,0.4405407762592852,0.8,2,0.0005833329999999999,90.50789999999999,books-t2010-a=5 | books-t2010-b=5
q086,forbidden love across a social divide,Torso,CrossStripe,Conceptual,Vector,minmax-norm,0.6273748606102223,0.6,0.42857142857142855,0.23809523809523808,0.3626520581053953,0.4435748464045026,0.8,2,0.0005833329999999999,90.56009999999999,books-t2010-a=4 | books-t2010-b=6
q086,forbidden love across a social divide,Torso,CrossStripe,Conceptual,Vector,zscore-norm,0.5676732601308396,0.6,0.42857142857142855,0.6190476190476191,0.39562700356175107,0.4539628354514595,0.8,2,0.0005833329999999999,90.527,books-t2010-a=4 | books-t2010-b=6
q086,forbidden love across a social divide,Torso,CrossStripe,Conceptual,Vector,vector-similarity,0.6488651079937754,0.7,0.5384615384615384,1,0.47508049790192575,0.47321114227526345,0.9,2,0.0005833329999999999,90.5034,books-t2010-a=6 | books-t2010-b=4
q087,an old man looking back on his life,Torso,CrossStripe,Conceptual,Vector,single-index,1,1,1,1,1,0.6014161608573624,1,1,0.000583333,74.1325,books-oracle2=10
q087,an old man looking back on his life,Torso,CrossStripe,Conceptual,Vector,naive-score,1,1,1,1,0.8591367550184259,0.6014161608573624,1,2,0.0010999999999999998,63.6603,books-t2010-a=7 | books-t2010-b=3
q087,an old man looking back on his life,Torso,CrossStripe,Conceptual,Vector,interleave,0.9621468097210032,0.8,0.6666666666666666,0.6888888888888889,0.6848187914790264,0.57417631285195,0.9,2,0.0010999999999999998,63.6481,books-t2010-a=5 | books-t2010-b=5
q087,an old man looking back on his life,Torso,CrossStripe,Conceptual,Vector,quota-merge,0.9883579000125375,1,1,0.6444444444444445,0.7413369012311223,0.6410586528341677,1,2,0.0010999999999999998,63.6396,books-t2010-a=7 | books-t2010-b=3
q087,an old man looking back on his life,Torso,CrossStripe,Conceptual,Vector,global-rrf,0.9621468097210032,0.8,0.6666666666666666,0.6888888888888889,0.6848187914790264,0.57417631285195,0.9,2,0.0010999999999999998,63.6566,books-t2010-a=5 | books-t2010-b=5
q087,an old man looking back on his life,Torso,CrossStripe,Conceptual,Vector,minmax-norm,0.9776406877668751,0.9,0.8181818181818182,0.6,0.7058983380254659,0.5750376899516506,0.9,2,0.0010999999999999998,63.6811,books-t2010-a=6 | books-t2010-b=4
q087,an old man looking back on his life,Torso,CrossStripe,Conceptual,Vector,zscore-norm,0.9036757511325854,0.9,0.8181818181818182,0.5555555555555556,0.6053802906047809,0.5750376899516506,0.9,2,0.0010999999999999998,63.6785,books-t2010-a=6 | books-t2010-b=4
q087,an old man looking back on his life,Torso,CrossStripe,Conceptual,Vector,vector-similarity,1,1,1,1,0.8591367550184259,0.6014161608573624,1,2,0.0010999999999999998,63.6578,books-t2010-a=7 | books-t2010-b=3
q088,letters and diaries as a way of telling a story,Tail,CrossStripe,Conceptual,Vector,single-index,1,1,1,1,1,0.6167306781766959,1,1,0.000583333,74.6293,books-oracle2=10
q088,letters and diaries as a way of telling a story,Tail,CrossStripe,Conceptual,Vector,naive-score,1,1,1,1,0.8591367550184259,0.6167306781766959,1,2,0.00085,62.2434,books-t2010-a=8 | books-t2010-b=2
q088,letters and diaries as a way of telling a story,Tail,CrossStripe,Conceptual,Vector,interleave,0.9555432212025652,0.7,0.5384615384615384,0.6,0.6462124056485488,0.5438760020602702,0.9,2,0.00085,62.233,books-t2010-a=5 | books-t2010-b=5
q088,letters and diaries as a way of telling a story,Tail,CrossStripe,Conceptual,Vector,quota-merge,0.8765381448229503,0.9,0.8181818181818182,0.4666666666666667,0.5671490164247058,0.6657194202715805,1,2,0.00085,62.224599999999995,books-t2010-a=7 | books-t2010-b=3
q088,letters and diaries as a way of telling a story,Tail,CrossStripe,Conceptual,Vector,global-rrf,0.8565714027196584,0.7,0.5384615384615384,0.5111111111111111,0.5185544854242788,0.599011339891136,0.9,2,0.00085,62.241499999999995,books-t2010-a=5 | books-t2010-b=5
q088,letters and diaries as a way of telling a story,Tail,CrossStripe,Conceptual,Vector,minmax-norm,0.8867516736108646,0.9,0.8181818181818182,0.6,0.611812717385097,0.6558772094939914,1,2,0.00085,62.2637,books-t2010-a=7 | books-t2010-b=3
q088,letters and diaries as a way of telling a story,Tail,CrossStripe,Conceptual,Vector,zscore-norm,0.831964994132434,0.8,0.6666666666666666,0.37777777777777777,0.48866719975023293,0.6666097078800464,0.9,2,0.00085,62.2594,books-t2010-a=6 | books-t2010-b=4
q088,letters and diaries as a way of telling a story,Tail,CrossStripe,Conceptual,Vector,vector-similarity,1,1,1,1,0.8591367550184259,0.6167306781766959,1,2,0.00085,62.2375,books-t2010-a=8 | books-t2010-b=2
q089,the price of ambition,Torso,CrossStripe,Conceptual,Vector,single-index,1,1,1,1,1,0.4772886920106397,1,1,0.000583333,73.7719,books-oracle2=10
q089,the price of ambition,Torso,CrossStripe,Conceptual,Vector,naive-score,1,1,1,1,0.8591367550184259,0.4772886920106397,1,2,0.0008333329999999999,62.0078,books-t2010-a=8 | books-t2010-b=2
q089,the price of ambition,Torso,CrossStripe,Conceptual,Vector,interleave,0.9468127732475795,0.7,0.5384615384615384,0.6444444444444445,0.6413737636579049,0.4181502588509236,0.9,2,0.0008333329999999999,61.9972,books-t2010-a=5 | books-t2010-b=5
q089,the price of ambition,Torso,CrossStripe,Conceptual,Vector,quota-merge,0.8903018653500034,0.9,0.8181818181818182,0.5555555555555556,0.598862463808715,0.48822467434847056,1,2,0.0008333329999999999,61.9882,books-t2010-a=7 | books-t2010-b=3
q089,the price of ambition,Torso,CrossStripe,Conceptual,Vector,global-rrf,0.8604606658121028,0.7,0.5384615384615384,0.5111111111111111,0.5284166246697839,0.4151008035468007,0.9,2,0.0008333329999999999,62.0047,books-t2010-a=5 | books-t2010-b=5
q089,the price of ambition,Torso,CrossStripe,Conceptual,Vector,minmax-norm,0.8109206542078189,0.6,0.42857142857142855,0.5555555555555556,0.47693837269999445,0.36198214752446667,0.8,2,0.0008333329999999999,62.0711,books-t2010-a=4 | books-t2010-b=6
q089,the price of ambition,Torso,CrossStripe,Conceptual,Vector,zscore-norm,0.93641157846301,0.7,0.5384615384615384,0.5111111111111111,0.601794799286884,0.41116882532846344,0.9,2,0.0008333329999999999,62.0268,books-t2010-a=5 | books-t2010-b=5
q089,the price of ambition,Torso,CrossStripe,Conceptual,Vector,vector-similarity,1,1,1,1,0.8591367550184259,0.4772886920106397,1,2,0.0008333329999999999,62.001,books-t2010-a=8 | books-t2010-b=2
q090,a con artist whose scheme goes wrong,Tail,CrossStripe,Conceptual,Vector,single-index,1,1,1,1,1,0.3561733915819449,0.9,1,0.000583333,73.5939,books-oracle2=10
q090,a con artist whose scheme goes wrong,Tail,CrossStripe,Conceptual,Vector,naive-score,0.8728861812489203,0.8,0.6666666666666666,1,0.6636188212049803,0.46599185701410795,1,2,0.0010999999999999998,61.8703,books-t2010-a=6 | books-t2010-b=4
q090,a con artist whose scheme goes wrong,Tail,CrossStripe,Conceptual,Vector,interleave,0.8637191330542299,0.7,0.5384615384615384,0.9285714285714286,0.6470743651886829,0.4364654328840229,0.9,2,0.0010999999999999998,61.8607,books-t2010-a=5 | books-t2010-b=5
q090,a con artist whose scheme goes wrong,Tail,CrossStripe,Conceptual,Vector,quota-merge,0.8097773658151591,0.8,0.6666666666666666,0.7857142857142857,0.5631007737842953,0.4596787500960357,0.9,2,0.0010999999999999998,61.8521,books-t2010-a=7 | books-t2010-b=3
q090,a con artist whose scheme goes wrong,Tail,CrossStripe,Conceptual,Vector,global-rrf,0.8067509354297003,0.7,0.5384615384615384,0.6428571428571429,0.5417485707204613,0.4591776353160987,0.9,2,0.0010999999999999998,61.8698,books-t2010-a=5 | books-t2010-b=5
q090,a con artist whose scheme goes wrong,Tail,CrossStripe,Conceptual,Vector,minmax-norm,0.817051720238554,0.7,0.5384615384615384,0.6428571428571429,0.546556317767998,0.47135091676830276,0.9,2,0.0010999999999999998,61.8939,books-t2010-a=5 | books-t2010-b=5
q090,a con artist whose scheme goes wrong,Tail,CrossStripe,Conceptual,Vector,zscore-norm,0.8804134963480913,0.8,0.6666666666666666,0.7142857142857143,0.6636188212049803,0.452543121633638,1,2,0.0010999999999999998,61.8895,books-t2010-a=6 | books-t2010-b=4
q090,a con artist whose scheme goes wrong,Tail,CrossStripe,Conceptual,Vector,vector-similarity,0.8728861812489203,0.8,0.6666666666666666,1,0.6636188212049803,0.46599185701410795,1,2,0.0010999999999999998,61.865,books-t2010-a=6 | books-t2010-b=4
q091,prison,Head,CrossStripe,Lexical,Vector,single-index,1,1,1,1,1,0.9552009891550426,1,1,0.000583333,72.7769,books-oracle2=10
q091,prison,Head,CrossStripe,Lexical,Vector,naive-score,1,1,1,1,0.8591367550184259,0.9552009891550426,1,2,0.0008333329999999999,63.4026,books-t2010-a=9 | books-t2010-b=1
q091,prison,Head,CrossStripe,Lexical,Vector,interleave,0.9075162589851867,0.6,0.42857142857142855,0.5555555555555556,0.5526282981528645,0.7235175944889494,0.7,2,0.0008333329999999999,63.3952,books-t2010-a=5 | books-t2010-b=5
q091,prison,Head,CrossStripe,Lexical,Vector,quota-merge,0.9331799484345195,0.8,0.6666666666666666,0.28888888888888886,0.5836057161982782,0.7736962916126336,0.8,2,0.0008333329999999999,63.3868,books-t2010-a=7 | books-t2010-b=3
q091,prison,Head,CrossStripe,Lexical,Vector,global-rrf,0.8949839406398924,0.6,0.42857142857142855,0.4666666666666667,0.5178570808293802,0.7060128184736986,0.7,2,0.0008333329999999999,63.404700000000005,books-t2010-a=5 | books-t2010-b=5
q091,prison,Head,CrossStripe,Lexical,Vector,minmax-norm,0.9675403192251849,0.9,0.8181818181818182,0.6,0.70273730900061,0.8869610939367673,0.9,2,0.0008333329999999999,63.4271,books-t2010-a=8 | books-t2010-b=2
q091,prison,Head,CrossStripe,Lexical,Vector,zscore-norm,0.8460691369691793,0.8,0.6666666666666666,0.37777777777777777,0.5277513697379843,0.797920857434021,0.8,2,0.0008333329999999999,63.4245,books-t2010-a=7 | books-t2010-b=3
q091,prison,Head,CrossStripe,Lexical,Vector,vector-similarity,1,1,1,1,0.8591367550184259,0.9552009891550426,1,2,0.0008333329999999999,63.400200000000005,books-t2010-a=9 | books-t2010-b=1
q092,language and the way words shape thought,Tail,CrossStripe,Conceptual,Vector,single-index,1,1,1,1,1,0.6742614345920848,1,1,0.000583333,75.098,books-oracle2=10
q092,language and the way words shape thought,Tail,CrossStripe,Conceptual,Vector,naive-score,1,1,1,1,0.8591367550184259,0.6742614345920848,1,2,0.0010999999999999998,64.012,books-t2010-a=9 | books-t2010-b=1
q092,language and the way words shape thought,Tail,CrossStripe,Conceptual,Vector,interleave,0.944356323096008,0.6,0.42857142857142855,0.6888888888888889,0.6434665027412595,0.6893773023940928,0.9,2,0.0010999999999999998,63.9989,books-t2010-a=5 | books-t2010-b=5
q092,language and the way words shape thought,Tail,CrossStripe,Conceptual,Vector,quota-merge,0.8986814925141666,0.8,0.6666666666666666,0.5111111111111111,0.5980687621039401,0.5797280965728259,1,2,0.0010999999999999998,63.9909,books-t2010-a=7 | books-t2010-b=3
q092,language and the way words shape thought,Tail,CrossStripe,Conceptual,Vector,global-rrf,0.8684306912061814,0.6,0.42857142857142855,0.5555555555555556,0.5305093637531385,0.628310625948817,0.9,2,0.0010999999999999998,64.0077,books-t2010-a=5 | books-t2010-b=5
q092,language and the way words shape thought,Tail,CrossStripe,Conceptual,Vector,minmax-norm,0.8513244716713249,0.5,0.3333333333333333,0.8222222222222222,0.5239123944874355,0.6203652840430927,0.8,2,0.0010999999999999998,64.0601,books-t2010-a=4 | books-t2010-b=6
q092,language and the way words shape thought,Tail,CrossStripe,Conceptual,Vector,zscore-norm,0.8555750391554994,0.5,0.3333333333333333,0.9111111111111111,0.5554217868123977,0.6260510914769047,0.8,2,0.0010999999999999998,64.0279,books-t2010-a=4 | books-t2010-b=6
q092,language and the way words shape thought,Tail,CrossStripe,Conceptual,Vector,vector-similarity,1,1,1,1,0.8591367550184259,0.6742614345920848,1,2,0.0010999999999999998,64.0034,books-t2010-a=9 | books-t2010-b=1
q093,a house that holds a family's history,Torso,CrossStripe,Conceptual,Vector,single-index,1,1,1,1,1,0.543078349904302,1,1,0.000583333,108.5939,books-oracle2=10
q093,a house that holds a family's history,Torso,CrossStripe,Conceptual,Vector,naive-score,1,1,1,1,0.8591367550184259,0.543078349904302,1,2,0.0008333329999999999,98.88029999999999,books-t2010-a=5 | books-t2010-b=5
q093,a house that holds a family's history,Torso,CrossStripe,Conceptual,Vector,interleave,0.9943317175348371,1,1,0.7333333333333333,0.778155914685536,0.5301536594461046,1,2,0.0008333329999999999,98.8644,books-t2010-a=5 | books-t2010-b=5
q093,a house that holds a family's history,Torso,CrossStripe,Conceptual,Vector,quota-merge,0.9237517283248721,0.8,0.6666666666666666,0.8222222222222222,0.6478470106580906,0.4671806397431673,0.8,2,0.0008333329999999999,98.8552,books-t2010-a=7 | books-t2010-b=3
q093,a house that holds a family's history,Torso,CrossStripe,Conceptual,Vector,global-rrf,0.9400269988938159,1,1,0.7333333333333333,0.6852692117847504,0.6031496788064832,1,2,0.0008333329999999999,98.8727,books-t2010-a=5 | books-t2010-b=5
q093,a house that holds a family's history,Torso,CrossStripe,Conceptual,Vector,minmax-norm,0.9350316057495172,0.8,0.6666666666666666,0.6888888888888889,0.6850352840205515,0.6739611792485687,0.9,2,0.0008333329999999999,98.89529999999999,books-t2010-a=3 | books-t2010-b=7
q093,a house that holds a family's history,Torso,CrossStripe,Conceptual,Vector,zscore-norm,0.9981359532575766,0.9,0.8181818181818182,0.8666666666666667,0.8284114733980588,0.6061148944851182,1,2,0.0008333329999999999,98.8912,books-t2010-a=4 | books-t2010-b=6
q093,a house that holds a family's history,Torso,CrossStripe,Conceptual,Vector,vector-similarity,1,1,1,1,0.8591367550184259,0.543078349904302,1,2,0.0008333329999999999,98.8684,books-t2010-a=5 | books-t2010-b=5
q094,surveillance and the loss of privacy,Torso,CrossStripe,Mixed,Vector,single-index,1,1,1,1,1,0.692918801595373,1,1,0.000583333,108.6094,books-oracle2=10
q094,surveillance and the loss of privacy,Torso,CrossStripe,Mixed,Vector,naive-score,1,1,1,1,0.8591367550184259,0.692918801595373,1,2,0.0005833329999999999,62.267300000000006,books-t2010-a=7 | books-t2010-b=3
q094,surveillance and the loss of privacy,Torso,CrossStripe,Mixed,Vector,interleave,0.9268606847246242,0.8,0.6666666666666666,0.7777777777777778,0.6620577391412655,0.7578503764679015,1,2,0.0005833329999999999,62.255500000000005,books-t2010-a=5 | books-t2010-b=5
q094,surveillance and the loss of privacy,Torso,CrossStripe,Mixed,Vector,quota-merge,0.9423345041818769,1,1,0.7333333333333333,0.7031375757803924,0.697884043596037,1,2,0.0005833329999999999,62.2472,books-t2010-a=7 | books-t2010-b=3
q094,surveillance and the loss of privacy,Torso,CrossStripe,Mixed,Vector,global-rrf,0.9264121725633241,0.8,0.6666666666666666,0.7333333333333333,0.6572499920937289,0.7582265815043926,1,2,0.0005833329999999999,62.2635,books-t2010-a=5 | books-t2010-b=5
q094,surveillance and the loss of privacy,Torso,CrossStripe,Mixed,Vector,minmax-norm,0.9334897678859694,0.9,0.8181818181818182,0.6444444444444445,0.6677339083469256,0.6965969337079884,0.9,2,0.0005833329999999999,62.287800000000004,books-t2010-a=8 | books-t2010-b=2
q094,surveillance and the loss of privacy,Torso,CrossStripe,Mixed,Vector,zscore-norm,0.9943200554371718,1,1,0.8666666666666667,0.8004874898898788,0.7110031525498671,1,2,0.0005833329999999999,62.2839,books-t2010-a=7 | books-t2010-b=3
q094,surveillance and the loss of privacy,Torso,CrossStripe,Mixed,Vector,vector-similarity,1,1,1,1,0.8591367550184259,0.692918801595373,1,2,0.0005833329999999999,62.2593,books-t2010-a=7 | books-t2010-b=3
q095,sisters,Head,CrossStripe,Lexical,Vector,single-index,1,1,1,1,1,0.657780269585161,0.8,1,0.000583333,73.3046,books-oracle2=10
q095,sisters,Head,CrossStripe,Lexical,Vector,naive-score,1,1,1,1,0.8591367550184259,0.657780269585161,0.8,2,0.0005833329999999999,64.096,books-t2010-a=6 | books-t2010-b=4
q095,sisters,Head,CrossStripe,Lexical,Vector,interleave,0.998450826225048,0.9,0.8181818181818182,0.9555555555555556,0.8420525017273789,0.6610876547596292,0.9,2,0.0005833329999999999,64.0843,books-t2010-a=5 | books-t2010-b=5
q095,sisters,Head,CrossStripe,Lexical,Vector,quota-merge,0.939576856767383,0.9,0.8181818181818182,0.9111111111111111,0.7275307983609599,0.5921102897489073,0.8,2,0.0005833329999999999,64.075,books-t2010-a=7 | books-t2010-b=3
q095,sisters,Head,CrossStripe,Lexical,Vector,global-rrf,0.9438543114436702,0.9,0.8181818181818182,0.9111111111111111,0.7415344543066938,0.6610876547596292,0.9,2,0.0005833329999999999,64.0926,books-t2010-a=5 | books-t2010-b=5
q095,sisters,Head,CrossStripe,Lexical,Vector,minmax-norm,0.938308402130584,0.8,0.6666666666666666,0.7777777777777778,0.7090426930600512,0.6664819811417837,0.8,2,0.0005833329999999999,64.11500000000001,books-t2010-a=4 | books-t2010-b=6
q095,sisters,Head,CrossStripe,Lexical,Vector,zscore-norm,0.9379694131515544,0.8,0.6666666666666666,0.7333333333333333,0.7042349460125146,0.6664819811417837,0.8,2,0.0005833329999999999,64.1126,books-t2010-a=4 | books-t2010-b=6
q095,sisters,Head,CrossStripe,Lexical,Vector,vector-similarity,1,1,1,1,0.8591367550184259,0.657780269585161,0.8,2,0.0005833329999999999,64.08840000000001,books-t2010-a=6 | books-t2010-b=4
q096,a mentor who turns out to be wrong about everything,Tail,CrossStripe,Conceptual,Vector,single-index,1,1,1,1,1,0.18657513533462175,1,1,0.000583333,73.3316,books-oracle2=10
q096,a mentor who turns out to be wrong about everything,Tail,CrossStripe,Conceptual,Vector,naive-score,0.9452694559895504,0.9,0.8181818181818182,1,0.7749477245134956,0.15249853784949555,1,2,0.0008333329999999999,63.5775,books-t2010-a=6 | books-t2010-b=4
q096,a mentor who turns out to be wrong about everything,Tail,CrossStripe,Conceptual,Vector,interleave,0.9392436053191188,0.8,0.6666666666666666,0.8333333333333334,0.7520486104354313,0.12217571837339498,0.9,2,0.0008333329999999999,63.567299999999996,books-t2010-a=5 | books-t2010-b=5
q096,a mentor who turns out to be wrong about everything,Tail,CrossStripe,Conceptual,Vector,quota-merge,0.9312778733781693,0.8,0.6666666666666666,1,0.7710534494049908,0.15500244090740042,1,2,0.0008333329999999999,63.557199999999995,books-t2010-a=7 | books-t2010-b=3
q096,a mentor who turns out to be wrong about everything,Tail,CrossStripe,Conceptual,Vector,global-rrf,0.9399050408558077,0.8,0.6666666666666666,0.8333333333333334,0.7604308415704368,0.12394745884370689,0.9,2,0.0008333329999999999,63.574,books-t2010-a=5 | books-t2010-b=5
q096,a mentor who turns out to be wrong about everything,Tail,CrossStripe,Conceptual,Vector,minmax-norm,0.9287689150974836,0.9,0.8181818181818182,0.8888888888888888,0.7478078517099106,0.15665498534825806,1,2,0.0008333329999999999,63.5978,books-t2010-a=6 | books-t2010-b=4
q096,a mentor who turns out to be wrong about everything,Tail,CrossStripe,Conceptual,Vector,zscore-norm,0.9452694559895504,0.9,0.8181818181818182,1,0.7749477245134956,0.15249853784949555,1,2,0.0008333329999999999,63.5956,books-t2010-a=6 | books-t2010-b=4
q096,a mentor who turns out to be wrong about everything,Tail,CrossStripe,Conceptual,Vector,vector-similarity,0.9452694559895504,0.9,0.8181818181818182,1,0.7749477245134956,0.15249853784949555,1,2,0.0008333329999999999,63.5701,books-t2010-a=6 | books-t2010-b=4
q097,winter cold and isolation in a remote place,Torso,CrossStripe,Conceptual,Vector,single-index,1,1,1,1,1,1,1,1,0.000583333,72.8639,books-oracle2=10
q097,winter cold and isolation in a remote place,Torso,CrossStripe,Conceptual,Vector,naive-score,1,1,1,1,0.8591367550184259,1,1,2,0.00085,95.6801,books-t2010-a=8 | books-t2010-b=2
q097,winter cold and isolation in a remote place,Torso,CrossStripe,Conceptual,Vector,interleave,0.9330598239626944,0.7,0.5384615384615384,0.7777777777777778,0.6919590618153117,0.9363792118010483,0.9,2,0.00085,95.6703,books-t2010-a=5 | books-t2010-b=5
q097,winter cold and isolation in a remote place,Torso,CrossStripe,Conceptual,Vector,quota-merge,0.9065672732134704,0.9,0.8181818181818182,0.6444444444444445,0.634963510393134,1,1,2,0.00085,95.6608,books-t2010-a=7 | books-t2010-b=3
q097,winter cold and isolation in a remote place,Torso,CrossStripe,Conceptual,Vector,global-rrf,0.8540956914386937,0.7,0.5384615384615384,0.6666666666666666,0.5706196916921852,0.9363792118010483,0.9,2,0.00085,95.6772,books-t2010-a=5 | books-t2010-b=5
q097,winter cold and isolation in a remote place,Torso,CrossStripe,Conceptual,Vector,minmax-norm,0.8650583099280547,0.8,0.6666666666666666,0.6666666666666666,0.5957502893858359,1,1,2,0.00085,95.7005,books-t2010-a=6 | books-t2010-b=4
q097,winter cold and isolation in a remote place,Torso,CrossStripe,Conceptual,Vector,zscore-norm,0.8383718110945851,0.6,0.42857142857142855,0.7777777777777778,0.5468597481420282,0.8792136723750809,0.9,2,0.00085,95.6974,books-t2010-a=4 | books-t2010-b=6
q097,winter cold and isolation in a remote place,Torso,CrossStripe,Conceptual,Vector,vector-similarity,1,1,1,1,0.8591367550184259,1,1,2,0.00085,95.6733,books-t2010-a=8 | books-t2010-b=2
q098,money and what people will do for it,Torso,CrossStripe,Conceptual,Vector,single-index,1,1,1,1,1,0.5292514638885699,1,1,0.000583333,109.224,books-oracle2=10
q098,money and what people will do for it,Torso,CrossStripe,Conceptual,Vector,naive-score,0.9955583580987839,0.9,0.8181818181818182,1,0.8444250490529637,0.458754794978607,1,2,0.0010999999999999998,62.4203,books-t2010-a=10
q098,money and what people will do for it,Torso,CrossStripe,Conceptual,Vector,interleave,0.8957987259729603,0.5,0.3333333333333333,0.5555555555555556,0.5327998056087957,0.379377867010504,0.6,2,0.0010999999999999998,62.4117,books-t2010-a=5 | books-t2010-b=5
q098,money and what people will do for it,Torso,CrossStripe,Conceptual,Vector,quota-merge,0.8184928809335048,0.7,0.5384615384615384,0.28888888888888886,0.48810794707497973,0.2959807773273724,0.7,2,0.0010999999999999998,62.401,books-t2010-a=7 | books-t2010-b=3
q098,money and what people will do for it,Torso,CrossStripe,Conceptual,Vector,global-rrf,0.7848513210215255,0.5,0.3333333333333333,0.5111111111111111,0.43228175818811054,0.2831560822883097,0.6,2,0.0010999999999999998,62.4191,books-t2010-a=5 | books-t2010-b=5
q098,money and what people will do for it,Torso,CrossStripe,Conceptual,Vector,minmax-norm,0.7682087216655972,0.5,0.3333333333333333,0.3333333333333333,0.3795128156345471,0.2755931748553658,0.6,2,0.0010999999999999998,62.4415,books-t2010-a=5 | books-t2010-b=5
q098,money and what people will do for it,Torso,CrossStripe,Conceptual,Vector,zscore-norm,0.9018257529739024,0.6,0.42857142857142855,0.28888888888888886,0.5214806821573355,0.3761304170561188,0.6,2,0.0010999999999999998,62.4381,books-t2010-a=6 | books-t2010-b=4
q098,money and what people will do for it,Torso,CrossStripe,Conceptual,Vector,vector-similarity,0.9955583580987839,0.9,0.8181818181818182,1,0.8444250490529637,0.458754794978607,1,2,0.0010999999999999998,62.4153,books-t2010-a=10
q099,a rebellion against an unjust authority,Torso,CrossStripe,Conceptual,Vector,single-index,1,1,1,1,1,0.9371166382005486,1,1,0.000583333,73.7418,books-oracle2=10
q099,a rebellion against an unjust authority,Torso,CrossStripe,Conceptual,Vector,naive-score,1,1,1,1,0.8591367550184259,0.9371166382005486,1,2,0.0010999999999999998,62.2953,books-t2010-a=8 | books-t2010-b=2
q099,a rebellion against an unjust authority,Torso,CrossStripe,Conceptual,Vector,interleave,0.9625399455572597,0.7,0.5384615384615384,0.7333333333333333,0.7085134923290126,0.8691806955336123,0.9,2,0.0010999999999999998,62.2845,books-t2010-a=5 | books-t2010-b=5
q099,a rebellion against an unjust authority,Torso,CrossStripe,Conceptual,Vector,quota-merge,0.9822178180813091,0.9,0.8181818181818182,0.5555555555555556,0.7333617488048025,0.8760121493430877,1,2,0.0010999999999999998,62.2758,books-t2010-a=7 | books-t2010-b=3
q099,a rebellion against an unjust authority,Torso,CrossStripe,Conceptual,Vector,global-rrf,0.9570113530962259,0.7,0.5384615384615384,0.6888888888888889,0.6813736195254276,0.8691806955336123,0.9,2,0.0010999999999999998,62.2922,books-t2010-a=5 | books-t2010-b=5
q099,a rebellion against an unjust authority,Torso,CrossStripe,Conceptual,Vector,minmax-norm,0.9551844277664241,0.7,0.5384615384615384,0.6,0.6689345279579915,0.866547260278175,0.9,2,0.0010999999999999998,62.3162,books-t2010-a=5 | books-t2010-b=5
q099,a rebellion against an unjust authority,Torso,CrossStripe,Conceptual,Vector,zscore-norm,0.956349032160635,0.7,0.5384615384615384,0.6444444444444445,0.676565872477891,0.866547260278175,0.9,2,0.0010999999999999998,62.3136,books-t2010-a=5 | books-t2010-b=5
q099,a rebellion against an unjust authority,Torso,CrossStripe,Conceptual,Vector,vector-similarity,1,1,1,1,0.8591367550184259,0.9371166382005486,1,2,0.0010999999999999998,62.2886,books-t2010-a=8 | books-t2010-b=2
q100,the moment everything changed,Torso,CrossStripe,Conceptual,Vector,single-index,1,1,1,1,1,0.8236998933965709,1,1,0.000583333,100.0451,books-oracle2=10
q100,the moment everything changed,Torso,CrossStripe,Conceptual,Vector,naive-score,0.8666850486594367,0.9,0.8181818181818182,1,0.7025747303706025,0.933745776545611,1,2,0.0005833329999999999,61.7181,books-t2010-a=3 | books-t2010-b=7
q100,the moment everything changed,Torso,CrossStripe,Conceptual,Vector,interleave,0.6932520804314689,0.7,0.5384615384615384,0.5,0.45781652992981386,0.841492960259019,0.9,2,0.0005833329999999999,61.7064,books-t2010-a=5 | books-t2010-b=5
q100,the moment everything changed,Torso,CrossStripe,Conceptual,Vector,quota-merge,0.6721003390073031,0.5,0.3333333333333333,0.8888888888888888,0.4423435457550578,0.7116179486056782,0.9,2,0.0005833329999999999,61.6971,books-t2010-a=7 | books-t2010-b=3
q100,the moment everything changed,Torso,CrossStripe,Conceptual,Vector,global-rrf,0.7008855381222103,0.7,0.5384615384615384,0.5555555555555556,0.48495640273339863,0.841492960259019,0.9,2,0.0005833329999999999,61.7129,books-t2010-a=5 | books-t2010-b=5
q100,the moment everything changed,Torso,CrossStripe,Conceptual,Vector,minmax-norm,0.7187551753908572,0.9,0.8181818181818182,1,0.6020566829499175,0.933745776545611,1,2,0.0005833329999999999,61.7365,books-t2010-a=3 | books-t2010-b=7
q100,the moment everything changed,Torso,CrossStripe,Conceptual,Vector,zscore-norm,0.71675579357439,0.9,0.8181818181818182,0.7777777777777778,0.5569062622956349,0.9266360779006401,1,2,0.0005833329999999999,61.7336,books-t2010-a=3 | books-t2010-b=7
q100,the moment everything changed,Torso,CrossStripe,Conceptual,Vector,vector-similarity,0.8666850486594367,0.9,0.8181818181818182,1,0.7025747303706025,0.933745776545611,1,2,0.0005833329999999999,61.7126,books-t2010-a=3 | books-t2010-b=7
