queryId,query,shape,span,intent,mode,strategy,ndcg,recall,jaccard,kendallTau,rbo,judgedNdcg,judgedCoverage,queries,computeUnits,latencyMs,stripeMix
q001,dragons and ancient magic,Torso,StripeLocal,Lexical,Keyword,single-index,1,1,1,1,1,0.8771324975457362,1,1,0.000366667,63.4212,books-oracle=10
q001,dragons and ancient magic,Torso,StripeLocal,Lexical,Keyword,naive-score,0.9629085021362713,0.9,0.8181818181818182,0.9444444444444444,0.8116712146622653,0.871620927986919,1,2,0.00046666599999999997,57.8208,books-stripe-a=9 | books-stripe-b=1
q001,dragons and ancient magic,Torso,StripeLocal,Lexical,Keyword,interleave,0.7084407197431325,0.5,0.3333333333333333,0.8,0.5062118724963371,0.6063187790382619,1,2,0.00046666599999999997,55.66,books-stripe-a=5 | books-stripe-b=5
q001,dragons and ancient magic,Torso,StripeLocal,Lexical,Keyword,quota-merge,0.6909096678105691,0.5,0.3333333333333333,0.8,0.4790719996927523,0.5932409057986997,1,2,0.00046666599999999997,56.5935,books-stripe-a=5 | books-stripe-b=5
q001,dragons and ancient magic,Torso,StripeLocal,Lexical,Keyword,global-rrf,0.6909096678105691,0.5,0.3333333333333333,0.8,0.4790719996927523,0.5932409057986997,1,2,0.00046666599999999997,55.5086,books-stripe-a=5 | books-stripe-b=5
q001,dragons and ancient magic,Torso,StripeLocal,Lexical,Keyword,minmax-norm,0.7925325678431774,0.7,0.5384615384615384,0.9047619047619048,0.565706061685704,0.7302821051455692,1,2,0.00046666599999999997,57.1501,books-stripe-a=7 | books-stripe-b=3
q001,dragons and ancient magic,Torso,StripeLocal,Lexical,Keyword,zscore-norm,0.5281219527531784,0.6,0.42857142857142855,0.8666666666666667,0.35047891572584206,0.5740520447340661,1,2,0.00046666599999999997,57.1284,books-stripe-a=6 | books-stripe-b=4
q001,dragons and ancient magic,Torso,StripeLocal,Lexical,Keyword,idf-correct-probe,0.9991728380361162,1,1,0.9111111111111111,0.8360095938284696,0.871620927986919,1,10,0.000600002,413.2941,books-stripe-a=10
q001,dragons and ancient magic,Torso,StripeLocal,Lexical,Keyword,idf-correct-sidecar,0.9991728380361162,1,1,0.9111111111111111,0.8360095938284696,0.871620927986919,1,2,0.00046666599999999997,56.0367,books-stripe-a=10
q002,a young wizard learning to control his powers at a school of magic,Torso,StripeLocal,Conceptual,Keyword,single-index,1,1,1,1,1,0.44426423489927896,1,1,0.000433333,69.2565,books-oracle=10
q002,a young wizard learning to control his powers at a school of magic,Torso,StripeLocal,Conceptual,Keyword,naive-score,0.9980574769566493,0.9,0.8181818181818182,0.9555555555555556,0.8369230657675014,0.38559845355963623,1,2,0.000633334,57.5739,books-stripe-a=10
q002,a young wizard learning to control his powers at a school of magic,Torso,StripeLocal,Conceptual,Keyword,interleave,0.7966314553710461,0.5,0.3333333333333333,0.23809523809523808,0.5151909214844783,0.24492889556318703,1,2,0.000633334,57.5476,books-stripe-a=5 | books-stripe-b=5
q002,a young wizard learning to control his powers at a school of magic,Torso,StripeLocal,Conceptual,Keyword,quota-merge,0.7945659946822806,0.5,0.3333333333333333,0.23809523809523808,0.5103831744369417,0.24380028045371388,1,2,0.000633334,57.5324,books-stripe-a=5 | books-stripe-b=5
q002,a young wizard learning to control his powers at a school of magic,Torso,StripeLocal,Conceptual,Keyword,global-rrf,0.7945659946822806,0.5,0.3333333333333333,0.23809523809523808,0.5103831744369417,0.24380028045371388,1,2,0.000633334,57.5567,books-stripe-a=5 | books-stripe-b=5
q002,a young wizard learning to control his powers at a school of magic,Torso,StripeLocal,Conceptual,Keyword,minmax-norm,0.6631586307193901,0.3,0.17647058823529413,-0.06666666666666667,0.3292653401917185,0.17284494866437614,1,2,0.000633334,57.5996,books-stripe-a=3 | books-stripe-b=7
q002,a young wizard learning to control his powers at a school of magic,Torso,StripeLocal,Conceptual,Keyword,zscore-norm,0.7667171231977694,0.5,0.3333333333333333,0.047619047619047616,0.4517339093083947,0.21793396513730257,1,2,0.000633334,57.592400000000005,books-stripe-a=5 | books-stripe-b=5
q002,a young wizard learning to control his powers at a school of magic,Torso,StripeLocal,Conceptual,Keyword,idf-correct-probe,0.9980574769566493,0.9,0.8181818181818182,0.9555555555555556,0.8369230657675014,0.38559845355963623,1,14,0.000833338,563.8288,books-stripe-a=10
q002,a young wizard learning to control his powers at a school of magic,Torso,StripeLocal,Conceptual,Keyword,idf-correct-sidecar,0.9980574769566493,0.9,0.8181818181818182,0.9555555555555556,0.8369230657675014,0.38559845355963623,1,2,0.000633334,57.625600000000006,books-stripe-a=10
q003,epic fantasy quest to destroy an artifact,Torso,StripeLocal,Mixed,Keyword,single-index,1,1,1,1,1,0.27185979008297934,1,1,0.000416667,65.9809,books-oracle=10
q003,epic fantasy quest to destroy an artifact,Torso,StripeLocal,Mixed,Keyword,naive-score,0.7665187889687616,0.4,0.25,0.28888888888888886,0.41381367421001364,0.15522443032254213,1,2,0.00075,56.1948,books-stripe-a=4 | books-stripe-b=6
q003,epic fantasy quest to destroy an artifact,Torso,StripeLocal,Mixed,Keyword,interleave,0.8075427686373078,0.5,0.3333333333333333,0.3333333333333333,0.46433271858770836,0.1375443403341808,1,2,0.00075,56.161300000000004,books-stripe-a=5 | books-stripe-b=5
q003,epic fantasy quest to destroy an artifact,Torso,StripeLocal,Mixed,Keyword,quota-merge,0.8060840015994168,0.5,0.3333333333333333,0.24444444444444444,0.45670137406780875,0.13928253895034998,1,2,0.00075,56.133500000000005,books-stripe-a=5 | books-stripe-b=5
q003,epic fantasy quest to destroy an artifact,Torso,StripeLocal,Mixed,Keyword,global-rrf,0.8060840015994168,0.5,0.3333333333333333,0.24444444444444444,0.45670137406780875,0.13928253895034998,1,2,0.00075,56.1683,books-stripe-a=5 | books-stripe-b=5
q003,epic fantasy quest to destroy an artifact,Torso,StripeLocal,Mixed,Keyword,minmax-norm,0.7834321414757199,0.4,0.25,0.3333333333333333,0.4409535470135987,0.1382229965569541,1,2,0.00075,56.2169,books-stripe-a=4 | books-stripe-b=6
q003,epic fantasy quest to destroy an artifact,Torso,StripeLocal,Mixed,Keyword,zscore-norm,0.8028005633286321,0.4,0.25,0.37777777777777777,0.4409535470135987,0.15915640854087934,1,2,0.00075,56.2077,books-stripe-a=4 | books-stripe-b=6
q003,epic fantasy quest to destroy an artifact,Torso,StripeLocal,Mixed,Keyword,idf-correct-probe,0.8140902395613044,0.6,0.42857142857142855,0.37777777777777777,0.48520393667980755,0.13048274955077963,1,12,0.00091667,476.38840000000005,books-stripe-a=10
q003,epic fantasy quest to destroy an artifact,Torso,StripeLocal,Mixed,Keyword,idf-correct-sidecar,0.8140902395613044,0.6,0.42857142857142855,0.37777777777777777,0.48520393667980755,0.13048274955077963,1,2,0.00075,56.2179,books-stripe-a=10
q004,vampires,Head,StripeLocal,Lexical,Keyword,single-index,1,1,1,1,1,1,1,1,0.000316667,89.1844,books-oracle=10
q004,vampires,Head,StripeLocal,Lexical,Keyword,naive-score,0.6218357624884423,0.8,0.6666666666666666,1,0.445494658302094,0.9206500320722545,1,2,0.00055,52.8363,books-stripe-a=8 | books-stripe-b=2
q004,vampires,Head,StripeLocal,Lexical,Keyword,interleave,0.6989075084915657,0.5,0.3333333333333333,0.8,0.5062118724963371,0.9458352203602566,1,2,0.00055,52.8209,books-stripe-a=5 | books-stripe-b=5
q004,vampires,Head,StripeLocal,Lexical,Keyword,quota-merge,0.6938135893949754,0.5,0.3333333333333333,0.8,0.49377278092890103,0.9458352203602566,1,2,0.00055,52.798700000000004,books-stripe-a=5 | books-stripe-b=5
q004,vampires,Head,StripeLocal,Lexical,Keyword,global-rrf,0.6938135893949754,0.5,0.3333333333333333,0.8,0.49377278092890103,0.9458352203602566,1,2,0.00055,52.824200000000005,books-stripe-a=5 | books-stripe-b=5
q004,vampires,Head,StripeLocal,Lexical,Keyword,minmax-norm,0.8222445934631454,0.8,0.6666666666666666,1,0.5912458270620873,0.9371166382005486,1,2,0.00055,52.86900000000001,books-stripe-a=8 | books-stripe-b=2
q004,vampires,Head,StripeLocal,Lexical,Keyword,zscore-norm,0.6218357624884423,0.8,0.6666666666666666,1,0.445494658302094,0.9206500320722545,1,2,0.00055,52.865,books-stripe-a=8 | books-stripe-b=2
q004,vampires,Head,StripeLocal,Lexical,Keyword,idf-correct-probe,1,1,1,1,0.8591367550184259,1,1,4,0.000583334,137.85160000000002,books-stripe-a=10
q004,vampires,Head,StripeLocal,Lexical,Keyword,idf-correct-sidecar,1,1,1,1,0.8591367550184259,1,1,2,0.00055,52.9012,books-stripe-a=10
q005,haunted house that torments the family living in it,Torso,StripeLocal,Conceptual,Keyword,single-index,1,1,1,1,1,0.18831267345093142,1,1,0.000416667,67.3827,books-oracle=10
q005,haunted house that torments the family living in it,Torso,StripeLocal,Conceptual,Keyword,naive-score,0.9889142500674626,0.8,0.6666666666666666,0.9111111111111111,0.8096612841564756,0.14830646036350564,1,2,0.000616667,56.7209,books-stripe-a=7 | books-stripe-b=3
q005,haunted house that torments the family living in it,Torso,StripeLocal,Conceptual,Keyword,interleave,0.9356799155679614,0.7,0.5384615384615384,0.5111111111111111,0.6028484184014076,0.2084461233996224,1,2,0.000616667,56.703199999999995,books-stripe-a=5 | books-stripe-b=5
q005,haunted house that torments the family living in it,Torso,StripeLocal,Conceptual,Keyword,quota-merge,0.9303187313638291,0.7,0.5384615384615384,0.37777777777777777,0.5772193486514291,0.20969661175047366,1,2,0.000616667,56.6832,books-stripe-a=5 | books-stripe-b=5
q005,haunted house that torments the family living in it,Torso,StripeLocal,Conceptual,Keyword,global-rrf,0.9303187313638291,0.7,0.5384615384615384,0.37777777777777777,0.5772193486514291,0.20969661175047366,1,2,0.000616667,56.7089,books-stripe-a=5 | books-stripe-b=5
q005,haunted house that torments the family living in it,Torso,StripeLocal,Conceptual,Keyword,minmax-norm,0.9423594391688827,0.7,0.5384615384615384,0.6888888888888889,0.6502599781726972,0.21190013262024884,1,2,0.000616667,56.7596,books-stripe-a=5 | books-stripe-b=5
q005,haunted house that torments the family living in it,Torso,StripeLocal,Conceptual,Keyword,zscore-norm,0.8352674609735625,0.7,0.5384615384615384,0.5111111111111111,0.5083400547901434,0.2084461233996224,1,2,0.000616667,56.750099999999996,books-stripe-a=5 | books-stripe-b=5
q005,haunted house that torments the family living in it,Torso,StripeLocal,Conceptual,Keyword,idf-correct-probe,0.9900883909042084,0.9,0.8181818181818182,0.9111111111111111,0.8287950540890472,0.18894669614576812,1,12,0.0007833369999999999,478.2854,books-stripe-a=9 | books-stripe-b=1
q005,haunted house that torments the family living in it,Torso,StripeLocal,Conceptual,Keyword,idf-correct-sidecar,0.9894520758445774,0.9,0.8181818181818182,0.7777777777777778,0.8179776232320896,0.18916178863810795,1,2,0.000616667,56.8266,books-stripe-a=9 | books-stripe-b=1
q006,generation starship colonists who forget they are on a ship,Tail,StripeLocal,Conceptual,Keyword,single-index,1,1,1,1,1,0.4075684966350758,1,1,0.000383333,66.5234,books-oracle=10
q006,generation starship colonists who forget they are on a ship,Tail,StripeLocal,Conceptual,Keyword,naive-score,0.9975182814016397,0.9,0.8181818181818182,0.9111111111111111,0.8412388239641873,0.25375605704113835,1,2,0.0005499999999999999,56.8727,books-stripe-a=6 | books-stripe-b=4
q006,generation starship colonists who forget they are on a ship,Tail,StripeLocal,Conceptual,Keyword,interleave,0.9728614358480029,0.8,0.6666666666666666,0.6,0.7057988555063832,0.24598313159906948,1,2,0.0005499999999999999,56.9003,books-stripe-a=5 | books-stripe-b=5
q006,generation starship colonists who forget they are on a ship,Tail,StripeLocal,Conceptual,Keyword,quota-merge,0.8983171686673751,0.8,0.6666666666666666,0.5111111111111111,0.6004730610381618,0.1805219272643691,1,2,0.0005499999999999999,56.8124,books-stripe-a=5 | books-stripe-b=5
q006,generation starship colonists who forget they are on a ship,Tail,StripeLocal,Conceptual,Keyword,global-rrf,0.8983171686673751,0.8,0.6666666666666666,0.5111111111111111,0.6004730610381618,0.1805219272643691,1,2,0.0005499999999999999,56.8622,books-stripe-a=5 | books-stripe-b=5
q006,generation starship colonists who forget they are on a ship,Tail,StripeLocal,Conceptual,Keyword,minmax-norm,0.9022429359596815,0.8,0.6666666666666666,0.6444444444444445,0.6334927058650249,0.188294852706438,1,2,0.0005499999999999999,56.9309,books-stripe-a=5 | books-stripe-b=5
q006,generation starship colonists who forget they are on a ship,Tail,StripeLocal,Conceptual,Keyword,zscore-norm,0.8947788859619364,0.8,0.6666666666666666,0.37777777777777777,0.5697592546988132,0.17102929205241363,1,2,0.0005499999999999999,56.914899999999996,books-stripe-a=5 | books-stripe-b=5
q006,generation starship colonists who forget they are on a ship,Tail,StripeLocal,Conceptual,Keyword,idf-correct-probe,0.9909363563750079,0.8,0.6666666666666666,1,0.8299081661099053,0.4728868721725702,1,12,0.0007166699999999999,482.94980000000004,books-stripe-a=9 | books-stripe-b=1
q006,generation starship colonists who forget they are on a ship,Tail,StripeLocal,Conceptual,Keyword,idf-correct-sidecar,0.9955583580987839,0.9,0.8181818181818182,1,0.8444250490529637,0.41393520652060617,1,2,0.0005499999999999999,56.9116,books-stripe-a=8 | books-stripe-b=2
q007,artificial intelligence becomes self aware,Torso,StripeLocal,Mixed,Keyword,single-index,1,1,1,1,1,0.32820921765295175,1,1,0.0004,65.2048,books-oracle=10
q007,artificial intelligence becomes self aware,Torso,StripeLocal,Mixed,Keyword,naive-score,0.9486126941124706,0.7,0.5384615384615384,0.37777777777777777,0.6220579385927515,0.3672464924773325,1,2,0.000566667,55.8999,books-stripe-a=6 | books-stripe-b=4
q007,artificial intelligence becomes self aware,Torso,StripeLocal,Mixed,Keyword,interleave,0.8435934822264373,0.8,0.6666666666666666,0.2,0.5180590488850461,0.4713908009701345,1,2,0.000566667,55.8833,books-stripe-a=5 | books-stripe-b=5
q007,artificial intelligence becomes self aware,Torso,StripeLocal,Mixed,Keyword,quota-merge,0.8483382679080298,0.8,0.6666666666666666,0.24444444444444444,0.5312490270675884,0.47267427408627144,1,2,0.000566667,55.8608,books-stripe-a=5 | books-stripe-b=5
q007,artificial intelligence becomes self aware,Torso,StripeLocal,Mixed,Keyword,global-rrf,0.8483382679080298,0.8,0.6666666666666666,0.24444444444444444,0.5312490270675884,0.47267427408627144,1,2,0.000566667,55.8901,books-stripe-a=5 | books-stripe-b=5
q007,artificial intelligence becomes self aware,Torso,StripeLocal,Mixed,Keyword,minmax-norm,0.8149280665167223,0.7,0.5384615384615384,0.06666666666666667,0.48763999849566,0.5209360704735905,1,2,0.000566667,55.9186,books-stripe-a=7 | books-stripe-b=3
q007,artificial intelligence becomes self aware,Torso,StripeLocal,Mixed,Keyword,zscore-norm,0.9335526052007131,0.7,0.5384615384615384,0.28888888888888886,0.5817280876066242,0.38761492636867856,1,2,0.000566667,55.9131,books-stripe-a=6 | books-stripe-b=4
q007,artificial intelligence becomes self aware,Torso,StripeLocal,Mixed,Keyword,idf-correct-probe,0.9329569447884372,0.7,0.5384615384615384,0.24444444444444444,0.5769203405590876,0.38911827070848987,1,12,0.0007333369999999999,482.51070000000004,books-stripe-a=6 | books-stripe-b=4
q007,artificial intelligence becomes self aware,Torso,StripeLocal,Mixed,Keyword,idf-correct-sidecar,0.9329569447884372,0.7,0.5384615384615384,0.24444444444444444,0.5769203405590876,0.38911827070848987,1,2,0.000566667,55.9296,books-stripe-a=6 | books-stripe-b=4
q008,hard science fiction about terraforming Mars,Tail,StripeLocal,Mixed,Keyword,single-index,1,1,1,1,1,0.9004712874004207,1,1,0.000383333,66.582,books-oracle=10
q008,hard science fiction about terraforming Mars,Tail,StripeLocal,Mixed,Keyword,naive-score,0.9942072424262487,0.9,0.8181818181818182,0.9111111111111111,0.8258880596832615,0.8980123774524449,1,2,0.000716667,56.700100000000006,books-stripe-a=8 | books-stripe-b=2
q008,hard science fiction about terraforming Mars,Tail,StripeLocal,Mixed,Keyword,interleave,0.9384665123118537,0.6,0.42857142857142855,0.4222222222222222,0.6033374187569394,0.7795540525916405,1,2,0.000716667,56.6693,books-stripe-a=5 | books-stripe-b=5
q008,hard science fiction about terraforming Mars,Tail,StripeLocal,Mixed,Keyword,quota-merge,0.926254865210018,0.6,0.42857142857142855,0.3333333333333333,0.568566201433455,0.7515512692206406,1,2,0.000716667,56.647600000000004,books-stripe-a=5 | books-stripe-b=5
q008,hard science fiction about terraforming Mars,Tail,StripeLocal,Mixed,Keyword,global-rrf,0.926254865210018,0.6,0.42857142857142855,0.3333333333333333,0.568566201433455,0.7515512692206406,1,2,0.000716667,56.6672,books-stripe-a=5 | books-stripe-b=5
q008,hard science fiction about terraforming Mars,Tail,StripeLocal,Mixed,Keyword,minmax-norm,0.9724107218444566,0.7,0.5384615384615384,0.5555555555555556,0.7176402604450309,0.8781474528063019,1,2,0.000716667,56.7128,books-stripe-a=6 | books-stripe-b=4
q008,hard science fiction about terraforming Mars,Tail,StripeLocal,Mixed,Keyword,zscore-norm,0.8455808259477279,0.6,0.42857142857142855,0.3333333333333333,0.5086996939112381,0.6474822405356823,1,2,0.000716667,56.697100000000006,books-stripe-a=5 | books-stripe-b=5
q008,hard science fiction about terraforming Mars,Tail,StripeLocal,Mixed,Keyword,idf-correct-probe,0.996563034394657,0.9,0.8181818181818182,0.9555555555555556,0.8362376409403619,0.8987028428087189,1,14,0.000916671,618.2586,books-stripe-a=9 | books-stripe-b=1
q008,hard science fiction about terraforming Mars,Tail,StripeLocal,Mixed,Keyword,idf-correct-sidecar,0.996563034394657,0.9,0.8181818181818182,0.9555555555555556,0.8362376409403619,0.8987028428087189,1,2,0.000716667,56.7143,books-stripe-a=9 | books-stripe-b=1
q009,cyberpunk hacker corporate dystopia,Torso,StripeLocal,Lexical,Keyword,single-index,1,1,1,1,1,0.6271258586362687,1,1,0.000583333,63.6668,books-oracle=10
q009,cyberpunk hacker corporate dystopia,Torso,StripeLocal,Lexical,Keyword,naive-score,0.9438543114436702,0.9,0.8181818181818182,0.9111111111111111,0.7415344543066938,0.5575007251295324,1,2,0.000283333,55.5617,books-stripe-a=7 | books-stripe-b=3
q009,cyberpunk hacker corporate dystopia,Torso,StripeLocal,Lexical,Keyword,interleave,0.971700295226437,0.7,0.5384615384615384,0.8222222222222222,0.7366111133656862,0.5765625410653573,1,2,0.000283333,55.53530000000001,books-stripe-a=5 | books-stripe-b=5
q009,cyberpunk hacker corporate dystopia,Torso,StripeLocal,Lexical,Keyword,quota-merge,0.9160724559001475,0.7,0.5384615384615384,0.6888888888888889,0.6284617214251019,0.5035565487217941,1,2,0.000283333,55.52,books-stripe-a=5 | books-stripe-b=5
q009,cyberpunk hacker corporate dystopia,Torso,StripeLocal,Lexical,Keyword,global-rrf,0.9160724559001475,0.7,0.5384615384615384,0.6888888888888889,0.6284617214251019,0.5035565487217941,1,2,0.000283333,55.5381,books-stripe-a=5 | books-stripe-b=5
q009,cyberpunk hacker corporate dystopia,Torso,StripeLocal,Lexical,Keyword,minmax-norm,0.9438543114436702,0.9,0.8181818181818182,0.9111111111111111,0.7415344543066938,0.5575007251295324,1,2,0.000283333,55.5692,books-stripe-a=7 | books-stripe-b=3
q009,cyberpunk hacker corporate dystopia,Torso,StripeLocal,Lexical,Keyword,zscore-norm,0.9327276247818788,0.9,0.8181818181818182,0.6888888888888889,0.697043056796713,0.5231229033575913,1,2,0.000283333,55.5632,books-stripe-a=6 | books-stripe-b=4
q009,cyberpunk hacker corporate dystopia,Torso,StripeLocal,Lexical,Keyword,idf-correct-probe,0.9369432450402418,0.8,0.6666666666666666,0.9111111111111111,0.7013208042316035,0.7547872978039318,1,10,0.00041666899999999994,392.36679999999996,books-stripe-a=9 | books-stripe-b=1
q009,cyberpunk hacker corporate dystopia,Torso,StripeLocal,Lexical,Keyword,idf-correct-sidecar,0.9689714587748273,0.9,0.8181818181818182,0.7777777777777778,0.7367425634426484,0.690909029386682,1,2,0.000283333,55.579100000000004,books-stripe-a=8 | books-stripe-b=2
q010,a locked room murder that seems impossible to have committed,Tail,StripeLocal,Conceptual,Keyword,single-index,1,1,1,1,1,0.561387795497429,1,1,0.000383333,67.4148,books-oracle=10
q010,a locked room murder that seems impossible to have committed,Tail,StripeLocal,Conceptual,Keyword,naive-score,0.984976797260741,0.9,0.8181818181818182,0.7333333333333333,0.7545282267532644,0.518082312439755,1,2,0.0007,56.737300000000005,books-stripe-a=5 | books-stripe-b=5
q010,a locked room murder that seems impossible to have committed,Tail,StripeLocal,Conceptual,Keyword,interleave,0.9378022618740759,0.9,0.8181818181818182,0.6,0.6677339083469256,0.5051112711176904,1,2,0.0007,56.7244,books-stripe-a=5 | books-stripe-b=5
q010,a locked room murder that seems impossible to have committed,Tail,StripeLocal,Conceptual,Keyword,quota-merge,0.9421418731488821,0.9,0.8181818181818182,0.6888888888888889,0.7080637593330528,0.4831089036752555,1,2,0.0007,56.70910000000001,books-stripe-a=5 | books-stripe-b=5
q010,a locked room murder that seems impossible to have committed,Tail,StripeLocal,Conceptual,Keyword,global-rrf,0.9421418731488821,0.9,0.8181818181818182,0.6888888888888889,0.7080637593330528,0.4831089036752555,1,2,0.0007,56.760600000000004,books-stripe-a=5 | books-stripe-b=5
q010,a locked room murder that seems impossible to have committed,Tail,StripeLocal,Conceptual,Keyword,minmax-norm,0.9272717720842787,0.9,0.8181818181818182,0.7777777777777778,0.6494144942045057,0.5463281835227466,1,2,0.0007,56.784200000000006,books-stripe-a=6 | books-stripe-b=4
q010,a locked room murder that seems impossible to have committed,Tail,StripeLocal,Conceptual,Keyword,zscore-norm,0.9938590948531995,0.9,0.8181818181818182,0.7333333333333333,0.7814419339501527,0.5653581207060437,1,2,0.0007,56.7558,books-stripe-a=5 | books-stripe-b=5
q010,a locked room murder that seems impossible to have committed,Tail,StripeLocal,Conceptual,Keyword,idf-correct-probe,0.9890869106650795,0.9,0.8181818181818182,0.9111111111111111,0.8085818067537378,0.5831770877496449,1,14,0.0009000039999999999,559.9814,books-stripe-a=6 | books-stripe-b=4
q010,a locked room murder that seems impossible to have committed,Tail,StripeLocal,Conceptual,Keyword,idf-correct-sidecar,0.9975081667223514,0.9,0.8181818181818182,0.7777777777777778,0.8269012208961576,0.5430887904540619,1,2,0.0007,56.7997,books-stripe-a=5 | books-stripe-b=5
q011,detective investigating a serial killer,Torso,StripeLocal,Mixed,Keyword,single-index,1,1,1,1,1,0.8294342655561396,1,1,0.00035,62.8792,books-oracle=10
q011,detective investigating a serial killer,Torso,StripeLocal,Mixed,Keyword,naive-score,0.9399155744596093,0.8,0.6666666666666666,0.3333333333333333,0.6333000948274874,0.7533111229776094,1,2,0.000616667,55.1122,books-stripe-a=8 | books-stripe-b=2
q011,detective investigating a serial killer,Torso,StripeLocal,Mixed,Keyword,interleave,0.807945074535647,0.5,0.3333333333333333,0.14285714285714285,0.5211262674581525,0.6936549919259947,1,2,0.000616667,55.0901,books-stripe-a=5 | books-stripe-b=5
q011,detective investigating a serial killer,Torso,StripeLocal,Mixed,Keyword,quota-merge,0.7945794142487687,0.5,0.3333333333333333,0.047619047619047616,0.48917864760703106,0.6783198884674861,1,2,0.000616667,55.080000000000005,books-stripe-a=5 | books-stripe-b=5
q011,detective investigating a serial killer,Torso,StripeLocal,Mixed,Keyword,global-rrf,0.7945794142487687,0.5,0.3333333333333333,0.047619047619047616,0.48917864760703106,0.6783198884674861,1,2,0.000616667,55.1004,books-stripe-a=5 | books-stripe-b=5
q011,detective investigating a serial killer,Torso,StripeLocal,Mixed,Keyword,minmax-norm,0.8538001764726753,0.6,0.42857142857142855,0.21428571428571427,0.5553571302612637,0.7147091296281611,1,2,0.000616667,55.1332,books-stripe-a=6 | books-stripe-b=4
q011,detective investigating a serial killer,Torso,StripeLocal,Mixed,Keyword,zscore-norm,0.7346876527383409,0.6,0.42857142857142855,0.14285714285714285,0.4373152546837725,0.7582491156539956,1,2,0.000616667,55.145900000000005,books-stripe-a=6 | books-stripe-b=4
q011,detective investigating a serial killer,Torso,StripeLocal,Mixed,Keyword,idf-correct-probe,0.9920343182996518,0.9,0.8181818181818182,0.8666666666666667,0.7969767954723627,0.7726449311666633,1,10,0.000750003,395.42519999999996,books-stripe-a=10
q011,detective investigating a serial killer,Torso,StripeLocal,Mixed,Keyword,idf-correct-sidecar,0.9857145286953469,0.8,0.6666666666666666,0.8222222222222222,0.7772491618970699,0.7749021613856096,1,2,0.000616667,55.145,books-stripe-a=9 | books-stripe-b=1
q012,espionage thriller cold war spy,Torso,StripeLocal,Lexical,Keyword,single-index,1,1,1,1,1,0.5442601090382408,1,1,0.000383333,64.8419,books-oracle=10
q012,espionage thriller cold war spy,Torso,StripeLocal,Lexical,Keyword,naive-score,0.9805671845415729,0.8,0.6666666666666666,0.6,0.7494883167194547,0.5409830593470893,1,2,0.0005499999999999999,56.3438,books-stripe-a=6 | books-stripe-b=4
q012,espionage thriller cold war spy,Torso,StripeLocal,Lexical,Keyword,interleave,0.9458362370371259,0.7,0.5384615384615384,0.5111111111111111,0.6308583582859179,0.5071944661262269,1,2,0.0005499999999999999,56.3256,books-stripe-a=5 | books-stripe-b=5
q012,espionage thriller cold war spy,Torso,StripeLocal,Lexical,Keyword,quota-merge,0.9428815174365325,0.7,0.5384615384615384,0.4222222222222222,0.612860633055839,0.5051023012077615,1,2,0.0005499999999999999,56.3196,books-stripe-a=5 | books-stripe-b=5
q012,espionage thriller cold war spy,Torso,StripeLocal,Lexical,Keyword,global-rrf,0.9428815174365325,0.7,0.5384615384615384,0.4222222222222222,0.612860633055839,0.5051023012077615,1,2,0.0005499999999999999,56.3346,books-stripe-a=5 | books-stripe-b=5
q012,espionage thriller cold war spy,Torso,StripeLocal,Lexical,Keyword,minmax-norm,0.8905798799870672,0.5,0.3333333333333333,0.6888888888888889,0.5461904905897498,0.4815006774327683,1,2,0.0005499999999999999,56.3702,books-stripe-a=3 | books-stripe-b=7
q012,espionage thriller cold war spy,Torso,StripeLocal,Lexical,Keyword,zscore-norm,0.9248579582231415,0.6,0.42857142857142855,0.5555555555555556,0.6017323774830886,0.5369963314122905,1,2,0.0005499999999999999,56.361,books-stripe-a=4 | books-stripe-b=6
q012,espionage thriller cold war spy,Torso,StripeLocal,Lexical,Keyword,idf-correct-probe,0.99469124894805,0.9,0.8181818181818182,0.9111111111111111,0.8213425872335146,0.5561059546471936,1,12,0.0007166699999999999,480.3349,books-stripe-a=8 | books-stripe-b=2
q012,espionage thriller cold war spy,Torso,StripeLocal,Lexical,Keyword,idf-correct-sidecar,0.99469124894805,0.9,0.8181818181818182,0.9111111111111111,0.8213425872335146,0.5561059546471936,1,2,0.0005499999999999999,56.5007,books-stripe-a=8 | books-stripe-b=2
q013,teenagers forced to compete in a deadly televised game,Tail,StripeLocal,Conceptual,Keyword,single-index,1,1,1,1,1,0.6531525447657412,1,1,0.000783333,69.336,books-oracle=10
q013,teenagers forced to compete in a deadly televised game,Tail,StripeLocal,Conceptual,Keyword,naive-score,0.9974773690073312,1,1,0.7777777777777778,0.8135481068379841,0.650907491458512,1,2,0.0005499999999999999,59.3192,books-stripe-a=8 | books-stripe-b=2
q013,teenagers forced to compete in a deadly televised game,Tail,StripeLocal,Conceptual,Keyword,interleave,0.9145988036771272,0.7,0.5384615384615384,0.4666666666666667,0.566978399855092,0.5428459338542563,1,2,0.0005499999999999999,59.2898,books-stripe-a=5 | books-stripe-b=5
q013,teenagers forced to compete in a deadly televised game,Tail,StripeLocal,Conceptual,Keyword,quota-merge,0.8073729427853621,0.7,0.5384615384615384,0.37777777777777777,0.4588290079145074,0.4324013348661063,1,2,0.0005499999999999999,59.277,books-stripe-a=5 | books-stripe-b=5
q013,teenagers forced to compete in a deadly televised game,Tail,StripeLocal,Conceptual,Keyword,global-rrf,0.8073729427853621,0.7,0.5384615384615384,0.37777777777777777,0.4588290079145074,0.4324013348661063,1,2,0.0005499999999999999,59.2968,books-stripe-a=5 | books-stripe-b=5
q013,teenagers forced to compete in a deadly televised game,Tail,StripeLocal,Conceptual,Keyword,minmax-norm,0.8365891308852192,0.8,0.6666666666666666,0.5111111111111111,0.548559588796247,0.4482298203152654,1,2,0.0005499999999999999,59.3296,books-stripe-a=6 | books-stripe-b=4
q013,teenagers forced to compete in a deadly televised game,Tail,StripeLocal,Conceptual,Keyword,zscore-norm,0.7841036005596332,0.8,0.6666666666666666,0.24444444444444444,0.43223811076095564,0.37941707866981755,1,2,0.0005499999999999999,59.3192,books-stripe-a=6 | books-stripe-b=4
q013,teenagers forced to compete in a deadly televised game,Tail,StripeLocal,Conceptual,Keyword,idf-correct-probe,0.993227491060375,0.8,0.6666666666666666,0.9555555555555556,0.8162143598615184,0.6909749714280617,1,14,0.0007500039999999999,569.0808,books-stripe-a=10
q013,teenagers forced to compete in a deadly televised game,Tail,StripeLocal,Conceptual,Keyword,idf-correct-sidecar,0.9954573353715277,0.9,0.8181818181818182,0.9555555555555556,0.8232948600587997,0.6894716270882504,1,2,0.0005499999999999999,59.3661,books-stripe-a=9 | books-stripe-b=1
q014,picture book about a bear,Torso,StripeLocal,Mixed,Keyword,single-index,1,1,1,1,1,0.6819490526824201,1,1,0.000383333,92.7678,books-oracle=10
q014,picture book about a bear,Torso,StripeLocal,Mixed,Keyword,naive-score,0.9968039164828665,0.9,0.8181818181818182,0.8666666666666667,0.8241660459541591,0.6243528977273075,1,2,0.000716667,56.006099999999996,books-stripe-a=10
q014,picture book about a bear,Torso,StripeLocal,Mixed,Keyword,interleave,0.8676221478919885,0.5,0.3333333333333333,0.4666666666666667,0.516580189738953,0.4681032883832878,1,2,0.000716667,55.9895,books-stripe-a=5 | books-stripe-b=5
q014,picture book about a bear,Torso,StripeLocal,Mixed,Keyword,quota-merge,0.737668597492863,0.5,0.3333333333333333,0.28888888888888886,0.3681009468122413,0.371307178792275,1,2,0.000716667,55.9843,books-stripe-a=5 | books-stripe-b=5
q014,picture book about a bear,Torso,StripeLocal,Mixed,Keyword,global-rrf,0.737668597492863,0.5,0.3333333333333333,0.28888888888888886,0.3681009468122413,0.371307178792275,1,2,0.000716667,56.020799999999994,books-stripe-a=5 | books-stripe-b=5
q014,picture book about a bear,Torso,StripeLocal,Mixed,Keyword,minmax-norm,0.7770382049137727,0.7,0.5384615384615384,0.06666666666666667,0.4146042042050787,0.3996553791595869,1,2,0.000716667,56.040099999999995,books-stripe-a=7 | books-stripe-b=3
q014,picture book about a bear,Torso,StripeLocal,Mixed,Keyword,zscore-norm,0.7582855274802865,0.6,0.42857142857142855,0.1111111111111111,0.38126064330973763,0.3688361235554426,1,2,0.000716667,56.0271,books-stripe-a=6 | books-stripe-b=4
q014,picture book about a bear,Torso,StripeLocal,Mixed,Keyword,idf-correct-probe,0.9968039164828665,0.9,0.8181818181818182,0.8666666666666667,0.8241660459541591,0.6243528977273075,1,8,0.000816669,310.82140000000004,books-stripe-a=10
q014,picture book about a bear,Torso,StripeLocal,Mixed,Keyword,idf-correct-sidecar,0.9968039164828665,0.9,0.8181818181818182,0.8666666666666667,0.8241660459541591,0.6243528977273075,1,2,0.000716667,56.0383,books-stripe-a=10
q015,graphic novel superhero origin,Torso,StripeLocal,Lexical,Keyword,single-index,1,1,1,1,1,0.1739703281146716,1,1,0.0004,64.4909,books-oracle=10
q015,graphic novel superhero origin,Torso,StripeLocal,Lexical,Keyword,naive-score,0.8256459947297558,0.9,0.8181818181818182,0.4666666666666667,0.5147356007122762,0.11388703678807706,1,2,0.00075,55.0184,books-stripe-a=8 | books-stripe-b=2
q015,graphic novel superhero origin,Torso,StripeLocal,Lexical,Keyword,interleave,0.8807953129276782,0.7,0.5384615384615384,0.35714285714285715,0.5899217917021926,0.1001954954365351,1,2,0.00075,55.0027,books-stripe-a=5 | books-stripe-b=5
q015,graphic novel superhero origin,Torso,StripeLocal,Lexical,Keyword,quota-merge,0.8668749349062964,0.7,0.5384615384615384,0.21428571428571427,0.5447841936685287,0.10184786776388326,1,2,0.00075,54.998,books-stripe-a=5 | books-stripe-b=5
q015,graphic novel superhero origin,Torso,StripeLocal,Lexical,Keyword,global-rrf,0.8668749349062964,0.7,0.5384615384615384,0.21428571428571427,0.5447841936685287,0.10184786776388326,1,2,0.00075,55.012,books-stripe-a=5 | books-stripe-b=5
q015,graphic novel superhero origin,Torso,StripeLocal,Lexical,Keyword,minmax-norm,0.9546786412948763,0.9,0.8181818181818182,0.5555555555555556,0.6458096200542013,0.11388703678807706,1,2,0.00075,55.0467,books-stripe-a=7 | books-stripe-b=3
q015,graphic novel superhero origin,Torso,StripeLocal,Lexical,Keyword,zscore-norm,0.8058776062169137,0.9,0.8181818181818182,0.2,0.4450155470030189,0.11127943388995712,1,2,0.00075,55.0382,books-stripe-a=7 | books-stripe-b=3
q015,graphic novel superhero origin,Torso,StripeLocal,Lexical,Keyword,idf-correct-probe,0.987138517272135,0.8,0.6666666666666666,0.8666666666666667,0.8140880264312891,0.16133499780566388,1,10,0.000883336,398.0666,books-stripe-a=10
q015,graphic novel superhero origin,Torso,StripeLocal,Lexical,Keyword,idf-correct-sidecar,0.987138517272135,0.8,0.6666666666666666,0.8666666666666667,0.8140880264312891,0.16133499780566388,1,2,0.00075,55.0788,books-stripe-a=10
q016,zombie apocalypse survival,Torso,StripeLocal,Lexical,Keyword,single-index,1,1,1,1,1,0.6833467607916786,0.9,1,0.000716667,62.82,books-oracle=10
q016,zombie apocalypse survival,Torso,StripeLocal,Lexical,Keyword,naive-score,0.9861994135155357,0.9,0.8181818181818182,0.9555555555555556,0.830249481256504,0.7117414279864168,0.9,2,0.00035,54.0415,books-stripe-a=9 | books-stripe-b=1
q016,zombie apocalypse survival,Torso,StripeLocal,Lexical,Keyword,interleave,0.8894543856682573,0.6,0.42857142857142855,0.37777777777777777,0.5456155940087939,0.4178527390986822,0.9,2,0.00035,54.0273,books-stripe-a=5 | books-stripe-b=5
q016,zombie apocalypse survival,Torso,StripeLocal,Lexical,Keyword,quota-merge,0.8785780757508201,0.6,0.42857142857142855,0.28888888888888886,0.5108443766853097,0.4139200389360994,0.9,2,0.00035,54.0228,books-stripe-a=5 | books-stripe-b=5
q016,zombie apocalypse survival,Torso,StripeLocal,Lexical,Keyword,global-rrf,0.8785780757508201,0.6,0.42857142857142855,0.28888888888888886,0.5108443766853097,0.4139200389360994,0.9,2,0.00035,54.0366,books-stripe-a=5 | books-stripe-b=5
q016,zombie apocalypse survival,Torso,StripeLocal,Lexical,Keyword,minmax-norm,0.6633509371406627,0.2,0.1111111111111111,0.42857142857142855,0.3045836013287001,0.29861167226327917,1,2,0.00035,54.0682,books-stripe-a=1 | books-stripe-b=9
q016,zombie apocalypse survival,Torso,StripeLocal,Lexical,Keyword,zscore-norm,0.8749714975667436,0.5,0.3333333333333333,0.4666666666666667,0.5425828050873795,0.39359174907305683,0.9,2,0.00035,54.0593,books-stripe-a=4 | books-stripe-b=6
q016,zombie apocalypse survival,Torso,StripeLocal,Lexical,Keyword,idf-correct-probe,0.99403016478229,0.9,0.8181818181818182,1,0.8406110582050176,0.6950688800755376,0.9,8,0.000450002,308.3827,books-stripe-a=10
q016,zombie apocalypse survival,Torso,StripeLocal,Lexical,Keyword,idf-correct-sidecar,0.99403016478229,0.9,0.8181818181818182,1,0.8406110582050176,0.6950688800755376,0.9,2,0.00035,54.071999999999996,books-stripe-a=10
q017,time travel paradox,Torso,StripeLocal,Lexical,Keyword,single-index,1,1,1,1,1,0.7741767122711218,1,1,0.000366667,63.6793,books-oracle=10
q017,time travel paradox,Torso,StripeLocal,Lexical,Keyword,naive-score,0.9987213295433853,0.9,0.8181818181818182,0.9555555555555556,0.8504347328623846,0.7755136354025297,1,2,0.000516666,53.0862,books-stripe-a=7 | books-stripe-b=3
q017,time travel paradox,Torso,StripeLocal,Lexical,Keyword,interleave,0.9557358413686933,0.8,0.6666666666666666,0.4666666666666667,0.643440549514284,0.6830530589351447,1,2,0.000516666,53.0711,books-stripe-a=5 | books-stripe-b=5
q017,time travel paradox,Torso,StripeLocal,Lexical,Keyword,quota-merge,0.9442849669075785,0.8,0.6666666666666666,0.3333333333333333,0.6038615851432629,0.6669437718109856,1,2,0.000516666,53.0688,books-stripe-a=5 | books-stripe-b=5
q017,time travel paradox,Torso,StripeLocal,Lexical,Keyword,global-rrf,0.9442849669075785,0.8,0.6666666666666666,0.3333333333333333,0.6038615851432629,0.6669437718109856,1,2,0.000516666,53.079,books-stripe-a=5 | books-stripe-b=5
q017,time travel paradox,Torso,StripeLocal,Lexical,Keyword,minmax-norm,0.91682725918893,0.6,0.42857142857142855,0.6444444444444445,0.5902044128145447,0.5162379992899181,1,2,0.000516666,53.118,books-stripe-a=3 | books-stripe-b=7
q017,time travel paradox,Torso,StripeLocal,Lexical,Keyword,zscore-norm,0.9589624565174066,0.8,0.6666666666666666,0.4666666666666667,0.656952216609167,0.6799335716285262,1,2,0.000516666,53.1152,books-stripe-a=5 | books-stripe-b=5
q017,time travel paradox,Torso,StripeLocal,Lexical,Keyword,idf-correct-probe,0.9987213295433853,0.9,0.8181818181818182,0.9555555555555556,0.8504347328623846,0.7755136354025297,1,8,0.000616668,305.392,books-stripe-a=7 | books-stripe-b=3
q017,time travel paradox,Torso,StripeLocal,Lexical,Keyword,idf-correct-sidecar,0.9984407950447133,0.9,0.8181818181818182,0.8666666666666667,0.8444250490529637,0.7741767122711218,1,2,0.000516666,53.1272,books-stripe-a=7 | books-stripe-b=3
q018,a girl who discovers she is the last of a magical bloodline,Tail,StripeLocal,Conceptual,Keyword,single-index,1,1,1,1,1,0.26386772277687637,1,1,0.0004,65.7477,books-oracle=10
q018,a girl who discovers she is the last of a magical bloodline,Tail,StripeLocal,Conceptual,Keyword,naive-score,0.9639862628161299,0.7,0.5384615384615384,0.6888888888888889,0.7028343227600515,0.2035144160337911,1,2,0.00075,57.2399,books-stripe-a=3 | books-stripe-b=7
q018,a girl who discovers she is the last of a magical bloodline,Tail,StripeLocal,Conceptual,Keyword,interleave,0.9774450214535924,0.7,0.5384615384615384,0.5111111111111111,0.7334284675732318,0.2192600479327553,1,2,0.00075,57.2102,books-stripe-a=5 | books-stripe-b=5
q018,a girl who discovers she is the last of a magical bloodline,Tail,StripeLocal,Conceptual,Keyword,quota-merge,0.9720528174187777,0.7,0.5384615384615384,0.5555555555555556,0.7062885947696469,0.2035144160337911,1,2,0.00075,57.204499999999996,books-stripe-a=5 | books-stripe-b=5
q018,a girl who discovers she is the last of a magical bloodline,Tail,StripeLocal,Conceptual,Keyword,global-rrf,0.9720528174187777,0.7,0.5384615384615384,0.5555555555555556,0.7062885947696469,0.2035144160337911,1,2,0.00075,57.2185,books-stripe-a=5 | books-stripe-b=5
q018,a girl who discovers she is the last of a magical bloodline,Tail,StripeLocal,Conceptual,Keyword,minmax-norm,0.9489885885163234,0.7,0.5384615384615384,0.37777777777777777,0.6374250377586829,0.17814275378548097,1,2,0.00075,57.2729,books-stripe-a=3 | books-stripe-b=7
q018,a girl who discovers she is the last of a magical bloodline,Tail,StripeLocal,Conceptual,Keyword,zscore-norm,0.9695505101036699,0.7,0.5384615384615384,0.7333333333333333,0.7299741955636363,0.2192600479327553,1,2,0.00075,57.2474,books-stripe-a=3 | books-stripe-b=7
q018,a girl who discovers she is the last of a magical bloodline,Tail,StripeLocal,Conceptual,Keyword,idf-correct-probe,0.9737202307603907,0.8,0.6666666666666666,0.6,0.7238921040421065,0.25078354321509905,1,12,0.00091667,533.7554,books-stripe-a=8 | books-stripe-b=2
q018,a girl who discovers she is the last of a magical bloodline,Tail,StripeLocal,Conceptual,Keyword,idf-correct-sidecar,0.9669705831214912,0.8,0.6666666666666666,0.4666666666666667,0.6923827117171444,0.24914422527060795,1,2,0.00075,57.26,books-stripe-a=8 | books-stripe-b=2
q019,dystopian society divided into rigid factions,Torso,StripeLocal,Conceptual,Keyword,single-index,1,1,1,1,1,0.8544580710959402,1,1,0.00085,67.1717,books-oracle=10
q019,dystopian society divided into rigid factions,Torso,StripeLocal,Conceptual,Keyword,naive-score,0.9986175426626245,0.9,0.8181818181818182,0.9555555555555556,0.8453499962730144,0.8530196862732788,1,2,0.000583334,58.5772,books-stripe-a=10
q019,dystopian society divided into rigid factions,Torso,StripeLocal,Conceptual,Keyword,interleave,0.8536443986163746,0.5,0.3333333333333333,0.4444444444444444,0.5189398642668119,0.5739063426618802,1,2,0.000583334,58.5644,books-stripe-a=5 | books-stripe-b=5
q019,dystopian society divided into rigid factions,Torso,StripeLocal,Conceptual,Keyword,quota-merge,0.8497393870777513,0.5,0.3333333333333333,0.3888888888888889,0.5057498860842696,0.5671614939989345,1,2,0.000583334,58.5573,books-stripe-a=5 | books-stripe-b=5
q019,dystopian society divided into rigid factions,Torso,StripeLocal,Conceptual,Keyword,global-rrf,0.8497393870777513,0.5,0.3333333333333333,0.3888888888888889,0.5057498860842696,0.5671614939989345,1,2,0.000583334,58.5986,books-stripe-a=5 | books-stripe-b=5
q019,dystopian society divided into rigid factions,Torso,StripeLocal,Conceptual,Keyword,minmax-norm,0.8626637633120653,0.5,0.3333333333333333,0.5555555555555556,0.5555339931811442,0.5930735547131246,1,2,0.000583334,58.6083,books-stripe-a=5 | books-stripe-b=5
q019,dystopian society divided into rigid factions,Torso,StripeLocal,Conceptual,Keyword,zscore-norm,0.6952309508411275,0.5,0.3333333333333333,0,0.30071748636446766,0.4348956547945035,1,2,0.000583334,58.5977,books-stripe-a=5 | books-stripe-b=5
q019,dystopian society divided into rigid factions,Torso,StripeLocal,Conceptual,Keyword,idf-correct-probe,0.9986175426626245,0.9,0.8181818181818182,0.9555555555555556,0.8453499962730144,0.8530196862732788,1,14,0.000783338,566.4131,books-stripe-a=10
q019,dystopian society divided into rigid factions,Torso,StripeLocal,Conceptual,Keyword,idf-correct-sidecar,0.9986175426626245,0.9,0.8181818181818182,0.9555555555555556,0.8453499962730144,0.8530196862732788,1,2,0.000583334,58.6115,books-stripe-a=10
q020,supernatural creatures hidden among ordinary people,Torso,StripeLocal,Conceptual,Keyword,single-index,1,1,1,1,1,0.3796025655833152,1,1,0.000433333,71.7077,books-oracle=10
q020,supernatural creatures hidden among ordinary people,Torso,StripeLocal,Conceptual,Keyword,naive-score,0.8161248676085946,0.6,0.42857142857142855,0.5238095238095238,0.5702418226250408,0.41058090358519284,1,2,0.000416667,57.1209,books-stripe-a=3 | books-stripe-b=7
q020,supernatural creatures hidden among ordinary people,Torso,StripeLocal,Conceptual,Keyword,interleave,0.8462290140133301,0.5,0.3333333333333333,0.7142857142857143,0.6045103027534459,0.3713051581250208,1,2,0.000416667,57.1247,books-stripe-a=5 | books-stripe-b=5
q020,supernatural creatures hidden among ordinary people,Torso,StripeLocal,Conceptual,Keyword,quota-merge,0.8439077904073261,0.5,0.3333333333333333,0.7142857142857143,0.6045103027534459,0.3561261402721453,1,2,0.000416667,57.0973,books-stripe-a=5 | books-stripe-b=5
q020,supernatural creatures hidden among ordinary people,Torso,StripeLocal,Conceptual,Keyword,global-rrf,0.8439077904073261,0.5,0.3333333333333333,0.7142857142857143,0.6045103027534459,0.3561261402721453,1,2,0.000416667,57.1128,books-stripe-a=5 | books-stripe-b=5
q020,supernatural creatures hidden among ordinary people,Torso,StripeLocal,Conceptual,Keyword,minmax-norm,0.789936433314931,0.4,0.25,0.7142857142857143,0.5294616233105963,0.3411496816484155,1,2,0.000416667,57.1528,books-stripe-a=1 | books-stripe-b=9
q020,supernatural creatures hidden among ordinary people,Torso,StripeLocal,Conceptual,Keyword,zscore-norm,0.8095694136430823,0.5,0.3333333333333333,0.7142857142857143,0.5840661986957459,0.4034712049402218,1,2,0.000416667,57.1376,books-stripe-a=4 | books-stripe-b=6
q020,supernatural creatures hidden among ordinary people,Torso,StripeLocal,Conceptual,Keyword,idf-correct-probe,0.829132261054563,0.6,0.42857142857142855,0.5111111111111111,0.4899355954764591,0.4128338206208616,1,14,0.000616671,560.2195,books-stripe-a=10
q020,supernatural creatures hidden among ordinary people,Torso,StripeLocal,Conceptual,Keyword,idf-correct-sidecar,0.829132261054563,0.6,0.42857142857142855,0.5111111111111111,0.4899355954764591,0.4128338206208616,1,2,0.000416667,57.1673,books-stripe-a=10
q021,Victorian England social class and marriage,Torso,StripeLocal,Mixed,Keyword,single-index,1,1,1,1,1,0.5400969299866776,1,1,0.000833333,68.1747,books-oracle=10
q021,Victorian England social class and marriage,Torso,StripeLocal,Mixed,Keyword,naive-score,0.9440037566505131,0.8,0.6666666666666666,0.6666666666666666,0.7459657374914979,0.5609044224975046,1,2,0.00075,58.6425,books-stripe-a=3 | books-stripe-b=7
q021,Victorian England social class and marriage,Torso,StripeLocal,Mixed,Keyword,interleave,0.8758726254367468,0.6,0.42857142857142855,0.5555555555555556,0.604762521171534,0.4745668720322619,1,2,0.00075,58.5882,books-stripe-a=5 | books-stripe-b=5
q021,Victorian England social class and marriage,Torso,StripeLocal,Mixed,Keyword,quota-merge,0.8275581275688206,0.6,0.42857142857142855,0.5555555555555556,0.5222421989809282,0.5522305346118979,1,2,0.00075,58.5823,books-stripe-a=5 | books-stripe-b=5
q021,Victorian England social class and marriage,Torso,StripeLocal,Mixed,Keyword,global-rrf,0.8275581275688206,0.6,0.42857142857142855,0.5555555555555556,0.5222421989809282,0.5522305346118979,1,2,0.00075,58.6171,books-stripe-a=5 | books-stripe-b=5
q021,Victorian England social class and marriage,Torso,StripeLocal,Mixed,Keyword,minmax-norm,0.9368625209478538,0.9,0.8181818181818182,0.7777777777777778,0.7131931952929303,0.6726054252928654,1,2,0.00075,58.6308,books-stripe-a=1 | books-stripe-b=9
q021,Victorian England social class and marriage,Torso,StripeLocal,Mixed,Keyword,zscore-norm,0.927037472421282,0.7,0.5384615384615384,0.7777777777777778,0.7169411306242952,0.5609044224975046,1,2,0.00075,58.6222,books-stripe-a=4 | books-stripe-b=6
q021,Victorian England social class and marriage,Torso,StripeLocal,Mixed,Keyword,idf-correct-probe,0.9914590357292314,0.9,0.8181818181818182,0.8222222222222222,0.8137112427136154,0.6029802917861291,1,12,0.00091667,487.3737,books-stripe-a=1 | books-stripe-b=9
q021,Victorian England social class and marriage,Torso,StripeLocal,Mixed,Keyword,idf-correct-sidecar,0.9914590357292314,0.9,0.8181818181818182,0.8222222222222222,0.8137112427136154,0.6029802917861291,1,2,0.00075,58.6339,books-stripe-a=1 | books-stripe-b=9
q022,memoir of growing up in poverty,Torso,StripeLocal,Conceptual,Keyword,single-index,1,1,1,1,1,0.2553016358188221,1,1,0.000383333,65.7278,books-oracle=10
q022,memoir of growing up in poverty,Torso,StripeLocal,Conceptual,Keyword,naive-score,0.9317493933857186,0.9,0.8181818181818182,0.8222222222222222,0.707473886425739,0.24797997259949628,1,2,0.000716667,55.7459,books-stripe-a=2 | books-stripe-b=8
q022,memoir of growing up in poverty,Torso,StripeLocal,Conceptual,Keyword,interleave,0.6554590093558837,0.6,0.42857142857142855,0.047619047619047616,0.3820955732418952,0.19536125734501972,1,2,0.000716667,55.73159999999999,books-stripe-a=5 | books-stripe-b=5
q022,memoir of growing up in poverty,Torso,StripeLocal,Conceptual,Keyword,quota-merge,0.7073455412183451,0.6,0.42857142857142855,0.14285714285714285,0.3897269177617947,0.19873214319866211,1,2,0.000716667,55.7253,books-stripe-a=5 | books-stripe-b=5
q022,memoir of growing up in poverty,Torso,StripeLocal,Conceptual,Keyword,global-rrf,0.7073455412183451,0.6,0.42857142857142855,0.14285714285714285,0.3897269177617947,0.19873214319866211,1,2,0.000716667,55.7885,books-stripe-a=5 | books-stripe-b=5
q022,memoir of growing up in poverty,Torso,StripeLocal,Conceptual,Keyword,minmax-norm,0.8043182375887785,0.7,0.5384615384615384,0.35714285714285715,0.5250632301098102,0.21567957987614192,1,2,0.000716667,55.7771,books-stripe-a=4 | books-stripe-b=6
q022,memoir of growing up in poverty,Torso,StripeLocal,Conceptual,Keyword,zscore-norm,0.7426385813990992,0.7,0.5384615384615384,0.14285714285714285,0.4827364069278905,0.20838690078603853,1,2,0.000716667,55.766299999999994,books-stripe-a=4 | books-stripe-b=6
q022,memoir of growing up in poverty,Torso,StripeLocal,Conceptual,Keyword,idf-correct-probe,0.9382512333520892,0.8,0.6666666666666666,0.9111111111111111,0.7238313462748589,0.3695137238058051,1,10,0.000850003,394.5986,books-stripe-b=10
q022,memoir of growing up in poverty,Torso,StripeLocal,Conceptual,Keyword,idf-correct-sidecar,0.94284575441734,0.9,0.8181818181818182,0.9111111111111111,0.7383482292179173,0.3127243894163288,1,2,0.000716667,55.814299999999996,books-stripe-a=1 | books-stripe-b=9
q023,biography of a president,Torso,StripeLocal,Mixed,Keyword,single-index,1,1,1,1,1,0.2936312762892952,1,1,0.000266667,62.2205,books-oracle=10
q023,biography of a president,Torso,StripeLocal,Mixed,Keyword,naive-score,0.9804076930758296,0.9,0.8181818181818182,0.7333333333333333,0.7378303345696047,0.3057753218135815,1,2,0.00025,54.5293,books-stripe-a=1 | books-stripe-b=9
q023,biography of a president,Torso,StripeLocal,Mixed,Keyword,interleave,0.7577582474601017,0.6,0.42857142857142855,0.35714285714285715,0.43611319278063626,0.12313326414476079,1,2,0.00025,54.517900000000004,books-stripe-a=5 | books-stripe-b=5
q023,biography of a president,Torso,StripeLocal,Mixed,Keyword,quota-merge,0.8576871893688053,0.6,0.42857142857142855,0.42857142857142855,0.557452562903763,0.1579458308981289,1,2,0.00025,54.5115,books-stripe-a=5 | books-stripe-b=5
q023,biography of a president,Torso,StripeLocal,Mixed,Keyword,global-rrf,0.8576871893688053,0.6,0.42857142857142855,0.42857142857142855,0.557452562903763,0.1579458308981289,1,2,0.00025,54.5247,books-stripe-a=5 | books-stripe-b=5
q023,biography of a president,Torso,StripeLocal,Mixed,Keyword,minmax-norm,0.9804076930758296,0.9,0.8181818181818182,0.7333333333333333,0.7378303345696047,0.3057753218135815,1,2,0.00025,54.5608,books-stripe-a=1 | books-stripe-b=9
q023,biography of a president,Torso,StripeLocal,Mixed,Keyword,zscore-norm,0.8873600676815113,0.9,0.8181818181818182,0.6888888888888889,0.6306748375803293,0.20734196686126166,1,2,0.00025,54.551500000000004,books-stripe-a=2 | books-stripe-b=8
q023,biography of a president,Torso,StripeLocal,Mixed,Keyword,idf-correct-probe,0.9953577815934653,0.9,0.8181818181818182,0.7333333333333333,0.807701420152476,0.31645287063911,1,6,0.000316668,224.36239999999998,books-stripe-a=1 | books-stripe-b=9
q023,biography of a president,Torso,StripeLocal,Mixed,Keyword,idf-correct-sidecar,0.9959724439671189,0.9,0.8181818181818182,0.7777777777777778,0.8153327646723755,0.3125201704765272,1,2,0.00025,54.5614,books-stripe-a=1 | books-stripe-b=9
q024,behavioral economics and irrational decision making,Tail,StripeLocal,Mixed,Keyword,single-index,1,1,1,1,1,0.8771495496465931,1,1,0.00075,93.1373,books-oracle=10
q024,behavioral economics and irrational decision making,Tail,StripeLocal,Mixed,Keyword,naive-score,1,1,1,1,0.8591367550184259,0.8771495496465931,1,2,0.000666667,56.0344,books-stripe-b=10
q024,behavioral economics and irrational decision making,Tail,StripeLocal,Mixed,Keyword,interleave,0.6642777536383239,0.5,0.3333333333333333,0.14285714285714285,0.3593536896220193,0.4924561578749971,1,2,0.000666667,56.021899999999995,books-stripe-a=5 | books-stripe-b=5
q024,behavioral economics and irrational decision making,Tail,StripeLocal,Mixed,Keyword,quota-merge,0.8011752299155895,0.5,0.3333333333333333,0.3333333333333333,0.5126406795962678,0.5945415215857668,1,2,0.000666667,56.017399999999995,books-stripe-a=5 | books-stripe-b=5
q024,behavioral economics and irrational decision making,Tail,StripeLocal,Mixed,Keyword,global-rrf,0.8011752299155895,0.5,0.3333333333333333,0.3333333333333333,0.5126406795962678,0.5945415215857668,1,2,0.000666667,56.0304,books-stripe-a=5 | books-stripe-b=5
q024,behavioral economics and irrational decision making,Tail,StripeLocal,Mixed,Keyword,minmax-norm,0.8463947575812316,0.6,0.42857142857142855,0.35714285714285715,0.5468715423993792,0.6687002977611635,1,2,0.000666667,56.0651,books-stripe-a=4 | books-stripe-b=6
q024,behavioral economics and irrational decision making,Tail,StripeLocal,Mixed,Keyword,zscore-norm,0.7326926340624855,0.6,0.42857142857142855,0.2857142857142857,0.44635349497869414,0.5934937646151435,1,2,0.000666667,56.0565,books-stripe-a=4 | books-stripe-b=6
q024,behavioral economics and irrational decision making,Tail,StripeLocal,Mixed,Keyword,idf-correct-probe,1,1,1,1,0.8591367550184259,0.8771495496465931,1,12,0.000833337,486.3706,books-stripe-b=10
q024,behavioral economics and irrational decision making,Tail,StripeLocal,Mixed,Keyword,idf-correct-sidecar,1,1,1,1,0.8591367550184259,0.8771495496465931,1,2,0.000666667,56.0713,books-stripe-b=10
q025,habits productivity and personal effectiveness,Torso,StripeLocal,Mixed,Keyword,single-index,1,1,1,1,1,0.8758510212272971,1,1,0.000366667,66.3326,books-oracle=10
q025,habits productivity and personal effectiveness,Torso,StripeLocal,Mixed,Keyword,naive-score,0.999623570476307,1,1,0.9555555555555556,0.8459467768358835,0.8719968219913282,1,2,0.0005,54.5623,books-stripe-b=10
q025,habits productivity and personal effectiveness,Torso,StripeLocal,Mixed,Keyword,interleave,0.6122910225799093,0.5,0.3333333333333333,0.3333333333333333,0.3547371316499096,0.3545815716040797,1,2,0.0005,54.5493,books-stripe-a=5 | books-stripe-b=5
q025,habits productivity and personal effectiveness,Torso,StripeLocal,Mixed,Keyword,quota-merge,0.7355909756802387,0.5,0.3333333333333333,0.4666666666666667,0.4684451572531371,0.44255574269155096,1,2,0.0005,54.5405,books-stripe-a=5 | books-stripe-b=5
q025,habits productivity and personal effectiveness,Torso,StripeLocal,Mixed,Keyword,global-rrf,0.7355909756802387,0.5,0.3333333333333333,0.4666666666666667,0.4684451572531371,0.44255574269155096,1,2,0.0005,54.5566,books-stripe-a=5 | books-stripe-b=5
q025,habits productivity and personal effectiveness,Torso,StripeLocal,Mixed,Keyword,minmax-norm,0.8741206441214631,0.7,0.5384615384615384,0.5,0.6400850432615203,0.6177697380908703,1,2,0.0005,54.5921,books-stripe-a=3 | books-stripe-b=7
q025,habits productivity and personal effectiveness,Torso,StripeLocal,Mixed,Keyword,zscore-norm,0.7569623439251841,0.7,0.5384615384615384,0.42857142857142855,0.5395669958408353,0.5365404156663447,1,2,0.0005,54.5822,books-stripe-a=3 | books-stripe-b=7
q025,habits productivity and personal effectiveness,Torso,StripeLocal,Mixed,Keyword,idf-correct-probe,0.999623570476307,1,1,0.9555555555555556,0.8459467768358835,0.8719968219913282,1,10,0.000633336,393.12780000000004,books-stripe-b=10
q025,habits productivity and personal effectiveness,Torso,StripeLocal,Mixed,Keyword,idf-correct-sidecar,0.999623570476307,1,1,0.9555555555555556,0.8459467768358835,0.8719968219913282,1,2,0.0005,54.5939,books-stripe-b=10
q026,poetry collection about grief,Torso,StripeLocal,Conceptual,Keyword,single-index,1,1,1,1,1,0.24020345294718828,1,1,0.000383333,64.981,books-oracle=10
q026,poetry collection about grief,Torso,StripeLocal,Conceptual,Keyword,naive-score,0.9673071695723757,0.6,0.42857142857142855,0.7777777777777778,0.7237365862072029,0.1571161254012839,1,2,0.0004,54.125299999999996,books-stripe-a=5 | books-stripe-b=5
q026,poetry collection about grief,Torso,StripeLocal,Conceptual,Keyword,interleave,0.8253175671777802,0.6,0.42857142857142855,0.3333333333333333,0.4506650423187719,0.11953699263134222,1,2,0.0004,54.114599999999996,books-stripe-a=5 | books-stripe-b=5
q026,poetry collection about grief,Torso,StripeLocal,Conceptual,Keyword,quota-merge,0.8294843484306337,0.6,0.42857142857142855,0.4222222222222222,0.47148636502121377,0.12042357120386377,1,2,0.0004,54.107299999999995,books-stripe-a=5 | books-stripe-b=5
q026,poetry collection about grief,Torso,StripeLocal,Conceptual,Keyword,global-rrf,0.8294843484306337,0.6,0.42857142857142855,0.4222222222222222,0.47148636502121377,0.12042357120386377,1,2,0.0004,54.1214,books-stripe-a=5 | books-stripe-b=5
q026,poetry collection about grief,Torso,StripeLocal,Conceptual,Keyword,minmax-norm,0.7283660683352751,0.3,0.17647058823529413,0.6888888888888889,0.3271259187050455,0.10245674868882822,1,2,0.0004,54.155699999999996,books-stripe-a=8 | books-stripe-b=2
q026,poetry collection about grief,Torso,StripeLocal,Conceptual,Keyword,zscore-norm,0.9044487011112328,0.4,0.25,0.9111111111111111,0.5967584502763421,0.14924328008789928,1,2,0.0004,54.1474,books-stripe-a=7 | books-stripe-b=3
q026,poetry collection about grief,Torso,StripeLocal,Conceptual,Keyword,idf-correct-probe,0.9931710271067654,0.9,0.8181818181818182,1,0.8367937045330642,0.25851559822773,1,8,0.000500002,305.2004,books-stripe-b=10
q026,poetry collection about grief,Torso,StripeLocal,Conceptual,Keyword,idf-correct-sidecar,0.9931710271067654,0.9,0.8181818181818182,1,0.8367937045330642,0.25851559822773,1,2,0.0004,54.157,books-stripe-b=10
q027,existentialist philosophy and the meaning of life,Torso,StripeLocal,Mixed,Keyword,single-index,1,1,1,1,1,0.26834602793134127,1,1,0.0004,64.2589,books-oracle=10
q027,existentialist philosophy and the meaning of life,Torso,StripeLocal,Mixed,Keyword,naive-score,0.9653622778803491,0.7,0.5384615384615384,0.6444444444444445,0.7110367809025578,0.2858989759893945,1,2,0.000566667,55.1615,books-stripe-a=4 | books-stripe-b=6
q027,existentialist philosophy and the meaning of life,Torso,StripeLocal,Mixed,Keyword,interleave,0.9495252482517683,0.6,0.42857142857142855,0.4222222222222222,0.6549886607631932,0.27591486207800475,1,2,0.000566667,55.148399999999995,books-stripe-a=5 | books-stripe-b=5
q027,existentialist philosophy and the meaning of life,Torso,StripeLocal,Mixed,Keyword,quota-merge,0.9553985917561777,0.6,0.42857142857142855,0.5555555555555556,0.6674277523306293,0.2904474673723164,1,2,0.000566667,55.141999999999996,books-stripe-a=5 | books-stripe-b=5
q027,existentialist philosophy and the meaning of life,Torso,StripeLocal,Mixed,Keyword,global-rrf,0.9553985917561777,0.6,0.42857142857142855,0.5555555555555556,0.6674277523306293,0.2904474673723164,1,2,0.000566667,55.157,books-stripe-a=5 | books-stripe-b=5
q027,existentialist philosophy and the meaning of life,Torso,StripeLocal,Mixed,Keyword,minmax-norm,0.9865573776829807,0.8,0.6666666666666666,0.7777777777777778,0.7689312552395298,0.2803906874348498,1,2,0.000566667,55.1913,books-stripe-a=3 | books-stripe-b=7
q027,existentialist philosophy and the meaning of life,Torso,StripeLocal,Mixed,Keyword,zscore-norm,0.9682267062315649,0.7,0.5384615384615384,0.6,0.7002193500456003,0.30181842370093626,1,2,0.000566667,55.1809,books-stripe-a=4 | books-stripe-b=6
q027,existentialist philosophy and the meaning of life,Torso,StripeLocal,Mixed,Keyword,idf-correct-probe,0.8985339848711072,0.9,0.8181818181818182,0.8222222222222222,0.6823514383463432,0.30915221247360447,1,10,0.0007000029999999999,394.00870000000003,books-stripe-a=2 | books-stripe-b=8
q027,existentialist philosophy and the meaning of life,Torso,StripeLocal,Mixed,Keyword,idf-correct-sidecar,0.8985339848711072,0.9,0.8181818181818182,0.8222222222222222,0.6823514383463432,0.30915221247360447,1,2,0.000566667,55.1984,books-stripe-a=2 | books-stripe-b=8
q028,evolutionary biology explained for general readers,Torso,StripeLocal,Conceptual,Keyword,single-index,1,1,1,1,1,0.5039843032015514,1,1,0.000333333,66.5195,books-oracle=10
q028,evolutionary biology explained for general readers,Torso,StripeLocal,Conceptual,Keyword,naive-score,0.9611659318443327,1,1,0.15555555555555556,0.6586802270630756,0.42990680773028234,1,2,0.00048333400000000003,54.893899999999995,books-stripe-a=1 | books-stripe-b=9
q028,evolutionary biology explained for general readers,Torso,StripeLocal,Conceptual,Keyword,interleave,0.7607764593529136,0.6,0.42857142857142855,0.15555555555555556,0.36236176989765045,0.1993961088740835,1,2,0.00048333400000000003,54.883599999999994,books-stripe-a=5 | books-stripe-b=5
q028,evolutionary biology explained for general readers,Torso,StripeLocal,Conceptual,Keyword,quota-merge,0.7617959243107705,0.6,0.42857142857142855,0.2,0.36716951694518707,0.20251559618070197,1,2,0.00048333400000000003,54.8737,books-stripe-a=5 | books-stripe-b=5
q028,evolutionary biology explained for general readers,Torso,StripeLocal,Conceptual,Keyword,global-rrf,0.7617959243107705,0.6,0.42857142857142855,0.2,0.36716951694518707,0.20251559618070197,1,2,0.00048333400000000003,54.8882,books-stripe-a=5 | books-stripe-b=5
q028,evolutionary biology explained for general readers,Torso,StripeLocal,Conceptual,Keyword,minmax-norm,0.8371748646742624,0.9,0.8181818181818182,-0.06666666666666667,0.509776507023905,0.38166977237129635,1,2,0.00048333400000000003,54.922799999999995,books-stripe-a=2 | books-stripe-b=8
q028,evolutionary biology explained for general readers,Torso,StripeLocal,Conceptual,Keyword,zscore-norm,0.7611278787354832,0.6,0.42857142857142855,0.1111111111111111,0.38349195889181453,0.21960592270925952,1,2,0.00048333400000000003,54.9115,books-stripe-a=5 | books-stripe-b=5
q028,evolutionary biology explained for general readers,Torso,StripeLocal,Conceptual,Keyword,idf-correct-probe,0.9853219457792322,1,1,0.5111111111111111,0.7355521019617829,0.4867730426326832,1,12,0.000650004,526.1288,books-stripe-a=1 | books-stripe-b=9
q028,evolutionary biology explained for general readers,Torso,StripeLocal,Conceptual,Keyword,idf-correct-sidecar,0.97910664690288,1,1,0.2,0.7039133484023837,0.46404202909747533,1,2,0.00048333400000000003,54.9496,books-stripe-a=1 | books-stripe-b=9
q029,the history of the Roman empire,Torso,StripeLocal,Lexical,Keyword,single-index,1,1,1,1,1,0.7824816778041492,1,1,0.00075,62.7002,books-oracle=10
q029,the history of the Roman empire,Torso,StripeLocal,Lexical,Keyword,naive-score,0.9941255877161582,0.9,0.8181818181818182,0.7333333333333333,0.8142539487664278,0.7824816778041492,1,2,0.000516666,55.1307,books-stripe-a=3 | books-stripe-b=7
q029,the history of the Roman empire,Torso,StripeLocal,Lexical,Keyword,interleave,0.832174923967468,0.7,0.5384615384615384,0.15555555555555556,0.47337539872825124,0.5247399191619636,1,2,0.000516666,55.115899999999996,books-stripe-a=5 | books-stripe-b=5
q029,the history of the Roman empire,Torso,StripeLocal,Lexical,Keyword,quota-merge,0.8358050169423444,0.7,0.5384615384615384,0.24444444444444444,0.49137312395833016,0.525753451125798,1,2,0.000516666,55.108599999999996,books-stripe-a=5 | books-stripe-b=5
q029,the history of the Roman empire,Torso,StripeLocal,Lexical,Keyword,global-rrf,0.8358050169423444,0.7,0.5384615384615384,0.24444444444444444,0.49137312395833016,0.525753451125798,1,2,0.000516666,55.1241,books-stripe-a=5 | books-stripe-b=5
q029,the history of the Roman empire,Torso,StripeLocal,Lexical,Keyword,minmax-norm,0.7257524849629072,0.4,0.25,0.4222222222222222,0.31707985620267654,0.43608912959637774,1,2,0.000516666,55.161699999999996,books-stripe-a=8 | books-stripe-b=2
q029,the history of the Roman empire,Torso,StripeLocal,Lexical,Keyword,zscore-norm,0.8861802151350898,0.5,0.3333333333333333,0.4666666666666667,0.5076152738889542,0.6889204312627114,1,2,0.000516666,55.1523,books-stripe-a=7 | books-stripe-b=3
q029,the history of the Roman empire,Torso,StripeLocal,Lexical,Keyword,idf-correct-probe,0.992233868623331,0.9,0.8181818181818182,0.8222222222222222,0.8160837900392001,0.8102172499532124,1,8,0.000616668,314.2871,books-stripe-a=1 | books-stripe-b=9
q029,the history of the Roman empire,Torso,StripeLocal,Lexical,Keyword,idf-correct-sidecar,0.992233868623331,0.9,0.8181818181818182,0.8222222222222222,0.8160837900392001,0.8102172499532124,1,2,0.000516666,55.1547,books-stripe-a=1 | books-stripe-b=9
q030,a novel narrated by an unreliable narrator in a decaying southern town,Tail,StripeLocal,Conceptual,Keyword,single-index,1,1,1,1,1,0.2344141794010839,1,1,0.000433333,69.3483,books-oracle=10
q030,a novel narrated by an unreliable narrator in a decaying southern town,Tail,StripeLocal,Conceptual,Keyword,naive-score,0.9960289233591388,1,1,0.8666666666666667,0.8088697210248845,0.24298499122452352,1,2,0.0008166670000000001,57.5521,books-stripe-a=6 | books-stripe-b=4
q030,a novel narrated by an unreliable narrator in a decaying southern town,Tail,StripeLocal,Conceptual,Keyword,interleave,0.9693299441920851,0.9,0.8181818181818182,0.6888888888888889,0.7036632991971347,0.2523010398924385,1,2,0.0008166670000000001,57.538000000000004,books-stripe-a=5 | books-stripe-b=5
q030,a novel narrated by an unreliable narrator in a decaying southern town,Tail,StripeLocal,Conceptual,Keyword,quota-merge,0.9690532877790238,0.9,0.8181818181818182,0.6444444444444445,0.7036632991971347,0.25331457185627276,1,2,0.0008166670000000001,57.5308,books-stripe-a=5 | books-stripe-b=5
q030,a novel narrated by an unreliable narrator in a decaying southern town,Tail,StripeLocal,Conceptual,Keyword,global-rrf,0.9690532877790238,0.9,0.8181818181818182,0.6444444444444445,0.7036632991971347,0.25331457185627276,1,2,0.0008166670000000001,57.5452,books-stripe-a=5 | books-stripe-b=5
q030,a novel narrated by an unreliable narrator in a decaying southern town,Tail,StripeLocal,Conceptual,Keyword,minmax-norm,0.942183474789132,0.8,0.6666666666666666,0.28888888888888886,0.5915898713197596,0.2878582597715418,1,2,0.0008166670000000001,57.5965,books-stripe-a=4 | books-stripe-b=6
q030,a novel narrated by an unreliable narrator in a decaying southern town,Tail,StripeLocal,Conceptual,Keyword,zscore-norm,0.944908043716591,0.8,0.6666666666666666,0.37777777777777777,0.6024073021767171,0.2856219943061699,1,2,0.0008166670000000001,57.575500000000005,books-stripe-a=4 | books-stripe-b=6
q030,a novel narrated by an unreliable narrator in a decaying southern town,Tail,StripeLocal,Conceptual,Keyword,idf-correct-probe,0.9942626722653797,1,1,0.8222222222222222,0.7956797428423422,0.24298499122452352,1,14,0.001016671,560.7227,books-stripe-a=6 | books-stripe-b=4
q030,a novel narrated by an unreliable narrator in a decaying southern town,Tail,StripeLocal,Conceptual,Keyword,idf-correct-sidecar,0.9942626722653797,1,1,0.8222222222222222,0.7956797428423422,0.24298499122452352,1,2,0.0008166670000000001,57.629000000000005,books-stripe-a=6 | books-stripe-b=4
q031,Regency romance with a reluctant duke,Tail,StripeLocal,Mixed,Keyword,single-index,1,1,1,1,1,0.7964626293911861,1,1,0.000366667,62.4155,books-oracle=10
q031,Regency romance with a reluctant duke,Tail,StripeLocal,Mixed,Keyword,naive-score,0.991225716430368,0.9,0.8181818181818182,0.7333333333333333,0.7751281471646868,0.7889179841622441,1,2,0.000666666,53.954499999999996,books-stripe-a=3 | books-stripe-b=7
q031,Regency romance with a reluctant duke,Tail,StripeLocal,Mixed,Keyword,interleave,0.8244996648698988,0.7,0.5384615384615384,0.3333333333333333,0.44980704565601465,0.5368688053899023,1,2,0.000666666,53.9416,books-stripe-a=5 | books-stripe-b=5
q031,Regency romance with a reluctant duke,Tail,StripeLocal,Mixed,Keyword,quota-merge,0.9239421385385255,0.7,0.5384615384615384,0.4222222222222222,0.5551328401242364,0.6891596439965744,1,2,0.000666666,53.9362,books-stripe-a=5 | books-stripe-b=5
q031,Regency romance with a reluctant duke,Tail,StripeLocal,Mixed,Keyword,global-rrf,0.9239421385385255,0.7,0.5384615384615384,0.4222222222222222,0.5551328401242364,0.6891596439965744,1,2,0.000666666,53.9489,books-stripe-a=5 | books-stripe-b=5
q031,Regency romance with a reluctant duke,Tail,StripeLocal,Mixed,Keyword,minmax-norm,0.8502138437028337,0.5,0.3333333333333333,0.6666666666666666,0.49600897483927825,0.6449196249791547,1,2,0.000666666,53.983399999999996,books-stripe-a=7 | books-stripe-b=3
q031,Regency romance with a reluctant duke,Tail,StripeLocal,Mixed,Keyword,zscore-norm,0.8845061082613421,0.6,0.42857142857142855,0.5,0.5432341030771733,0.6749407874961029,1,2,0.000666666,53.9746,books-stripe-a=6 | books-stripe-b=4
q031,Regency romance with a reluctant duke,Tail,StripeLocal,Mixed,Keyword,idf-correct-probe,0.9987437390587608,0.9,0.8181818181818182,0.9555555555555556,0.8492327961005004,0.8143532324519973,1,10,0.000800002,391.1223,books-stripe-a=2 | books-stripe-b=8
q031,Regency romance with a reluctant duke,Tail,StripeLocal,Mixed,Keyword,idf-correct-sidecar,0.9987437390587608,0.9,0.8181818181818182,0.9555555555555556,0.8492327961005004,0.8143532324519973,1,2,0.000666666,53.9857,books-stripe-a=2 | books-stripe-b=8
q032,cookbook,Head,StripeLocal,Lexical,Keyword,single-index,1,1,1,1,1,1,1,1,0.000216667,57.4488,books-oracle=10
q032,cookbook,Head,StripeLocal,Lexical,Keyword,naive-score,0.8023055595330986,1,1,0.2,0.4897679013121875,1,1,2,0.000283333,53.1992,books-stripe-a=4 | books-stripe-b=6
q032,cookbook,Head,StripeLocal,Lexical,Keyword,interleave,0.8622517460389925,0.9,0.8181818181818182,0.4666666666666667,0.5956890300811711,1,1,2,0.000283333,53.1832,books-stripe-a=5 | books-stripe-b=5
q032,cookbook,Head,StripeLocal,Lexical,Keyword,quota-merge,0.9603673920485144,0.9,0.8181818181818182,0.6,0.6962244247524926,1,1,2,0.000283333,53.1894,books-stripe-a=5 | books-stripe-b=5
q032,cookbook,Head,StripeLocal,Lexical,Keyword,global-rrf,0.9603673920485144,0.9,0.8181818181818182,0.6,0.6962244247524926,1,1,2,0.000283333,53.1877,books-stripe-a=5 | books-stripe-b=5
q032,cookbook,Head,StripeLocal,Lexical,Keyword,minmax-norm,0.8995910318470782,1,1,0.7777777777777778,0.6611913328492296,1,1,2,0.000283333,53.2108,books-stripe-a=4 | books-stripe-b=6
q032,cookbook,Head,StripeLocal,Lexical,Keyword,zscore-norm,0.8941373304115913,0.9,0.8181818181818182,0.5555555555555556,0.6235762985541692,1,1,2,0.000283333,53.207,books-stripe-a=3 | books-stripe-b=7
q032,cookbook,Head,StripeLocal,Lexical,Keyword,idf-correct-probe,0.896974592529237,0.9,0.8181818181818182,0.7777777777777778,0.6523549973114726,1,1,4,0.00031666699999999997,136.6852,books-stripe-a=3 | books-stripe-b=7
q032,cookbook,Head,StripeLocal,Lexical,Keyword,idf-correct-sidecar,0.896974592529237,0.9,0.8181818181818182,0.7777777777777778,0.6523549973114726,1,1,2,0.000283333,53.207699999999996,books-stripe-a=3 | books-stripe-b=7
q033,travel writing about walking across a country,Tail,StripeLocal,Conceptual,Keyword,single-index,1,1,1,1,1,0.5801031069904631,0.9,1,0.000416667,65.7235,books-oracle=10
q033,travel writing about walking across a country,Tail,StripeLocal,Conceptual,Keyword,naive-score,0.9973835606821587,0.9,0.8181818181818182,1,0.8504347328623846,0.636159440653174,0.9,2,0.000766666,55.8532,books-stripe-a=3 | books-stripe-b=7
q033,travel writing about walking across a country,Tail,StripeLocal,Conceptual,Keyword,interleave,0.9210956694455787,0.8,0.6666666666666666,0.5555555555555556,0.6133145552575426,0.2999364167857756,0.9,2,0.000766666,55.837900000000005,books-stripe-a=5 | books-stripe-b=5
q033,travel writing about walking across a country,Tail,StripeLocal,Conceptual,Keyword,quota-merge,0.9273958284364132,0.8,0.6666666666666666,0.6888888888888889,0.6612757507635691,0.3027962089613946,0.9,2,0.000766666,55.8322,books-stripe-a=5 | books-stripe-b=5
q033,travel writing about walking across a country,Tail,StripeLocal,Conceptual,Keyword,global-rrf,0.9273958284364132,0.8,0.6666666666666666,0.6888888888888889,0.6612757507635691,0.3027962089613946,0.9,2,0.000766666,55.8451,books-stripe-a=5 | books-stripe-b=5
q033,travel writing about walking across a country,Tail,StripeLocal,Conceptual,Keyword,minmax-norm,0.9079082498709139,0.7,0.5384615384615384,0.6444444444444445,0.5860820296187246,0.30098972081067693,1,2,0.000766666,55.874500000000005,books-stripe-a=6 | books-stripe-b=4
q033,travel writing about walking across a country,Tail,StripeLocal,Conceptual,Keyword,zscore-norm,0.9671613659200858,0.7,0.5384615384615384,0.7777777777777778,0.7181094693643715,0.4550870475680668,1,2,0.000766666,55.8676,books-stripe-a=6 | books-stripe-b=4
q033,travel writing about walking across a country,Tail,StripeLocal,Conceptual,Keyword,idf-correct-probe,0.9963650765003711,0.9,0.8181818181818182,0.8222222222222222,0.8220934738486209,0.6516048447624465,0.9,10,0.000900002,394.159,books-stripe-a=3 | books-stripe-b=7
q033,travel writing about walking across a country,Tail,StripeLocal,Conceptual,Keyword,idf-correct-sidecar,0.9970211033640818,0.9,0.8181818181818182,0.9111111111111111,0.834532565416057,0.6421157597346804,0.9,2,0.000766666,55.8836,books-stripe-a=3 | books-stripe-b=7
q034,startup founder building a company from nothing,Torso,StripeLocal,Conceptual,Keyword,single-index,1,1,1,1,1,0.8128236231221232,1,1,0.00075,64.6243,books-oracle=10
q034,startup founder building a company from nothing,Torso,StripeLocal,Conceptual,Keyword,naive-score,0.998827255748741,0.9,0.8181818181818182,1,0.8552424799099213,0.8128236231221232,1,2,0.000516666,55.2305,books-stripe-a=1 | books-stripe-b=9
q034,startup founder building a company from nothing,Torso,StripeLocal,Conceptual,Keyword,interleave,0.7868858402619191,0.6,0.42857142857142855,0.3333333333333333,0.397088661787563,0.38558861141170053,1,2,0.000516666,55.217299999999994,books-stripe-a=5 | books-stripe-b=5
q034,startup founder building a company from nothing,Torso,StripeLocal,Conceptual,Keyword,quota-merge,0.907043910571968,0.6,0.42857142857142855,0.5555555555555556,0.5503756517618114,0.4920155508430389,1,2,0.000516666,55.20869999999999,books-stripe-a=5 | books-stripe-b=5
q034,startup founder building a company from nothing,Torso,StripeLocal,Conceptual,Keyword,global-rrf,0.907043910571968,0.6,0.42857142857142855,0.5555555555555556,0.5503756517618114,0.4920155508430389,1,2,0.000516666,55.225899999999996,books-stripe-a=5 | books-stripe-b=5
q034,startup founder building a company from nothing,Torso,StripeLocal,Conceptual,Keyword,minmax-norm,0.8770353927439921,0.5,0.3333333333333333,0.6,0.4948192397757976,0.41800080749070834,1,2,0.000516666,55.270999999999994,books-stripe-a=6 | books-stripe-b=4
q034,startup founder building a company from nothing,Torso,StripeLocal,Conceptual,Keyword,zscore-norm,0.8997793214519255,0.6,0.42857142857142855,0.37777777777777777,0.5187368982024121,0.48162159568966,1,2,0.000516666,55.2489,books-stripe-a=5 | books-stripe-b=5
q034,startup founder building a company from nothing,Torso,StripeLocal,Conceptual,Keyword,idf-correct-probe,0.998827255748741,0.9,0.8181818181818182,1,0.8552424799099213,0.8128236231221232,1,12,0.000683336,473.0469,books-stripe-a=1 | books-stripe-b=9
q034,startup founder building a company from nothing,Torso,StripeLocal,Conceptual,Keyword,idf-correct-sidecar,0.998827255748741,0.9,0.8181818181818182,1,0.8552424799099213,0.8128236231221232,1,2,0.000516666,55.285399999999996,books-stripe-a=1 | books-stripe-b=9
q035,a marriage falling apart told from both perspectives,Tail,StripeLocal,Conceptual,Keyword,single-index,1,1,1,1,1,0.1613817985593553,1,1,0.0004,67.2878,books-oracle=10
q035,a marriage falling apart told from both perspectives,Tail,StripeLocal,Conceptual,Keyword,naive-score,0.7587813352756421,0.6,0.42857142857142855,0.4222222222222222,0.45268596483486634,0.12547976306120173,1,2,0.00055,57.0899,books-stripe-a=6 | books-stripe-b=4
q035,a marriage falling apart told from both perspectives,Tail,StripeLocal,Conceptual,Keyword,interleave,0.8033841533767149,0.7,0.5384615384615384,0.3333333333333333,0.5076282220696965,0.11864923748114573,1,2,0.00055,57.074400000000004,books-stripe-a=5 | books-stripe-b=5
q035,a marriage falling apart told from both perspectives,Tail,StripeLocal,Conceptual,Keyword,quota-merge,0.8986203425990477,0.7,0.5384615384615384,0.37777777777777777,0.6081462694903814,0.11864923748114573,1,2,0.00055,57.0656,books-stripe-a=5 | books-stripe-b=5
q035,a marriage falling apart told from both perspectives,Tail,StripeLocal,Conceptual,Keyword,global-rrf,0.8986203425990477,0.7,0.5384615384615384,0.37777777777777777,0.6081462694903814,0.11864923748114573,1,2,0.00055,57.0825,books-stripe-a=5 | books-stripe-b=5
q035,a marriage falling apart told from both perspectives,Tail,StripeLocal,Conceptual,Keyword,minmax-norm,0.9013506930109274,0.7,0.5384615384615384,0.4666666666666667,0.6352861422939665,0.12058643565898304,1,2,0.00055,57.1329,books-stripe-a=5 | books-stripe-b=5
q035,a marriage falling apart told from both perspectives,Tail,StripeLocal,Conceptual,Keyword,zscore-norm,0.7591161772731737,0.6,0.42857142857142855,0.4666666666666667,0.45268596483486634,0.12692568543671598,1,2,0.00055,57.1072,books-stripe-a=6 | books-stripe-b=4
q035,a marriage falling apart told from both perspectives,Tail,StripeLocal,Conceptual,Keyword,idf-correct-probe,0.9153951903439643,0.7,0.5384615384615384,0.5555555555555556,0.6606891472688433,0.12886288361455328,1,12,0.00071667,479.83979999999997,books-stripe-a=4 | books-stripe-b=6
q035,a marriage falling apart told from both perspectives,Tail,StripeLocal,Conceptual,Keyword,idf-correct-sidecar,0.9153951903439643,0.7,0.5384615384615384,0.5555555555555556,0.6606891472688433,0.12886288361455328,1,2,0.00055,57.121900000000004,books-stripe-a=4 | books-stripe-b=6
q036,essays on race in America,Torso,StripeLocal,Mixed,Keyword,single-index,1,1,1,1,1,0.06518264816572998,1,1,0.00035,91.9385,books-oracle=10
q036,essays on race in America,Torso,StripeLocal,Mixed,Keyword,naive-score,0.9934956614158656,0.9,0.8181818181818182,0.8222222222222222,0.7957795370181823,0.06471203271500418,1,2,0.000616667,55.0563,books-stripe-a=1 | books-stripe-b=9
q036,essays on race in America,Torso,StripeLocal,Mixed,Keyword,interleave,0.7490280214938144,0.5,0.3333333333333333,0.2,0.3742353280318929,0.06588207394289262,1,2,0.000616667,55.0411,books-stripe-a=5 | books-stripe-b=5
q036,essays on race in America,Torso,StripeLocal,Mixed,Keyword,quota-merge,0.7539419936839691,0.5,0.3333333333333333,0.3333333333333333,0.386674419599329,0.06541145849216684,1,2,0.000616667,55.0328,books-stripe-a=5 | books-stripe-b=5
q036,essays on race in America,Torso,StripeLocal,Mixed,Keyword,global-rrf,0.7539419936839691,0.5,0.3333333333333333,0.3333333333333333,0.386674419599329,0.06541145849216684,1,2,0.000616667,55.049,books-stripe-a=5 | books-stripe-b=5
q036,essays on race in America,Torso,StripeLocal,Mixed,Keyword,minmax-norm,0.8314081369599444,0.7,0.5384615384615384,0.6,0.5507829704509803,0.049296041178145435,1,2,0.000616667,55.0768,books-stripe-a=3 | books-stripe-b=7
q036,essays on race in America,Torso,StripeLocal,Mixed,Keyword,zscore-norm,0.789934009864049,0.6,0.42857142857142855,0.1111111111111111,0.42026932566552677,0.05140107543249536,1,2,0.000616667,55.0709,books-stripe-a=4 | books-stripe-b=6
q036,essays on race in America,Torso,StripeLocal,Mixed,Keyword,idf-correct-probe,0.996086306530931,1,1,0.9111111111111111,0.8136774680724213,0.06518264816572998,1,8,0.000716669,309.3292,books-stripe-b=10
q036,essays on race in America,Torso,StripeLocal,Mixed,Keyword,idf-correct-sidecar,0.996086306530931,1,1,0.9111111111111111,0.8136774680724213,0.06518264816572998,1,2,0.000616667,55.109,books-stripe-b=10
q037,spiritual awakening and mindfulness practice,Torso,StripeLocal,Conceptual,Keyword,single-index,1,1,1,1,1,1,1,1,0.0007,65.759,books-oracle=10
q037,spiritual awakening and mindfulness practice,Torso,StripeLocal,Conceptual,Keyword,naive-score,0.9993086975088357,1,1,0.8666666666666667,0.8323057485065634,1,1,2,0.00048333299999999996,55.126400000000004,books-stripe-b=10
q037,spiritual awakening and mindfulness practice,Torso,StripeLocal,Conceptual,Keyword,interleave,0.6457108740571151,0.5,0.3333333333333333,0.35714285714285715,0.3530824785395967,0.5358685921270555,1,2,0.00048333299999999996,55.1165,books-stripe-a=5 | books-stripe-b=5
q037,spiritual awakening and mindfulness practice,Torso,StripeLocal,Conceptual,Keyword,quota-merge,0.6480228812698613,0.5,0.3333333333333333,0.42857142857142855,0.3607138230594961,0.5398012922896384,1,2,0.00048333299999999996,55.1146,books-stripe-a=5 | books-stripe-b=5
q037,spiritual awakening and mindfulness practice,Torso,StripeLocal,Conceptual,Keyword,global-rrf,0.6480228812698613,0.5,0.3333333333333333,0.42857142857142855,0.3607138230594961,0.5398012922896384,1,2,0.00048333299999999996,55.127500000000005,books-stripe-a=5 | books-stripe-b=5
q037,spiritual awakening and mindfulness practice,Torso,StripeLocal,Conceptual,Keyword,minmax-norm,0.6163449667665083,0.4,0.25,0.14285714285714285,0.33235046021075004,0.4688223405635257,1,2,0.00048333299999999996,55.16030000000001,books-stripe-a=6 | books-stripe-b=4
q037,spiritual awakening and mindfulness practice,Torso,StripeLocal,Conceptual,Keyword,zscore-norm,0.6163449667665083,0.4,0.25,0.14285714285714285,0.33235046021075004,0.4688223405635257,1,2,0.00048333299999999996,55.153800000000004,books-stripe-a=6 | books-stripe-b=4
q037,spiritual awakening and mindfulness practice,Torso,StripeLocal,Conceptual,Keyword,idf-correct-probe,0.9993086975088357,1,1,0.8666666666666667,0.8323057485065634,1,1,10,0.0006166689999999999,391.0299,books-stripe-b=10
q037,spiritual awakening and mindfulness practice,Torso,StripeLocal,Conceptual,Keyword,idf-correct-sidecar,0.9993086975088357,1,1,0.8666666666666667,0.8323057485065634,1,1,2,0.00048333299999999996,55.1578,books-stripe-b=10
q038,immigrant family adjusting to a new country,Torso,StripeLocal,Conceptual,Keyword,single-index,1,1,1,1,1,0.4042040793695303,1,1,0.000416667,64.1027,books-oracle=10
q038,immigrant family adjusting to a new country,Torso,StripeLocal,Conceptual,Keyword,naive-score,0.972676073590523,0.8,0.6666666666666666,0.6444444444444445,0.7096724232972259,0.3464270682437434,1,2,0.0006000000000000001,55.504,books-stripe-a=5 | books-stripe-b=5
q038,immigrant family adjusting to a new country,Torso,StripeLocal,Conceptual,Keyword,interleave,0.9831752743799999,0.8,0.6666666666666666,0.6,0.736907819406455,0.34508731339826015,1,2,0.0006000000000000001,55.4885,books-stripe-a=5 | books-stripe-b=5
q038,immigrant family adjusting to a new country,Torso,StripeLocal,Conceptual,Keyword,quota-merge,0.9305494735739704,0.8,0.6666666666666666,0.6,0.6495797501683125,0.26482154078272674,1,2,0.0006000000000000001,55.4803,books-stripe-a=5 | books-stripe-b=5
q038,immigrant family adjusting to a new country,Torso,StripeLocal,Conceptual,Keyword,global-rrf,0.9305494735739704,0.8,0.6666666666666666,0.6,0.6495797501683125,0.26482154078272674,1,2,0.0006000000000000001,55.4979,books-stripe-a=5 | books-stripe-b=5
q038,immigrant family adjusting to a new country,Torso,StripeLocal,Conceptual,Keyword,minmax-norm,0.9367660213158251,0.8,0.6666666666666666,0.7333333333333333,0.6964925226928718,0.323559189549175,1,2,0.0006000000000000001,55.5464,books-stripe-a=2 | books-stripe-b=8
q038,immigrant family adjusting to a new country,Torso,StripeLocal,Conceptual,Keyword,zscore-norm,0.9922832716400174,0.8,0.6666666666666666,0.8666666666666667,0.814217387665726,0.37390001096946796,1,2,0.0006000000000000001,55.521300000000004,books-stripe-a=4 | books-stripe-b=6
q038,immigrant family adjusting to a new country,Torso,StripeLocal,Conceptual,Keyword,idf-correct-probe,0.9838487299257814,0.7,0.5384615384615384,0.8666666666666667,0.7751845893096192,0.3586424921899786,1,8,0.000700002,309.8109,books-stripe-a=3 | books-stripe-b=7
q038,immigrant family adjusting to a new country,Torso,StripeLocal,Conceptual,Keyword,idf-correct-sidecar,0.9930024949186442,0.8,0.6666666666666666,0.9111111111111111,0.8277243764529054,0.4025439554444373,1,2,0.0006000000000000001,55.5362,books-stripe-a=2 | books-stripe-b=8
q039,art history and the Renaissance painters,Torso,StripeLocal,Mixed,Keyword,single-index,1,1,1,1,1,0.6291545409698538,1,1,0.000366667,65.8255,books-oracle=10
q039,art history and the Renaissance painters,Torso,StripeLocal,Mixed,Keyword,naive-score,0.9982169262594054,0.9,0.8181818181818182,0.8666666666666667,0.8296134101599429,0.5853341299768838,1,2,0.000533333,54.5983,books-stripe-a=1 | books-stripe-b=9
q039,art history and the Renaissance painters,Torso,StripeLocal,Mixed,Keyword,interleave,0.7661667051530006,0.5,0.3333333333333333,0.24444444444444444,0.379987427275929,0.37001764965519474,1,2,0.000533333,54.5878,books-stripe-a=5 | books-stripe-b=5
q039,art history and the Renaissance painters,Torso,StripeLocal,Mixed,Keyword,quota-merge,0.8744108481516302,0.5,0.3333333333333333,0.3333333333333333,0.4881368192165134,0.4283711142739604,1,2,0.000533333,54.579499999999996,books-stripe-a=5 | books-stripe-b=5
q039,art history and the Renaissance painters,Torso,StripeLocal,Mixed,Keyword,global-rrf,0.8744108481516302,0.5,0.3333333333333333,0.3333333333333333,0.4881368192165134,0.4283711142739604,1,2,0.000533333,54.595,books-stripe-a=5 | books-stripe-b=5
q039,art history and the Renaissance painters,Torso,StripeLocal,Mixed,Keyword,minmax-norm,0.8613183324291566,0.4,0.25,0.37777777777777777,0.4636207932135916,0.39432229630425214,1,2,0.000533333,54.6264,books-stripe-a=6 | books-stripe-b=4
q039,art history and the Renaissance painters,Torso,StripeLocal,Mixed,Keyword,zscore-norm,0.8639742819574648,0.4,0.25,0.4222222222222222,0.4735132768504984,0.40155543758211215,1,2,0.000533333,54.6184,books-stripe-a=6 | books-stripe-b=4
q039,art history and the Renaissance painters,Torso,StripeLocal,Mixed,Keyword,idf-correct-probe,0.9994955967160201,1,1,0.9111111111111111,0.8383154323159842,0.6310379879234398,1,8,0.000633335,363.04839999999996,books-stripe-b=10
q039,art history and the Renaissance painters,Torso,StripeLocal,Mixed,Keyword,idf-correct-sidecar,0.9994955967160201,1,1,0.9111111111111111,0.8383154323159842,0.6310379879234398,1,2,0.000533333,54.6312,books-stripe-b=10
q040,investing personal finance wealth,Torso,StripeLocal,Lexical,Keyword,single-index,1,1,1,1,1,0.8043482217369691,1,1,0.000366667,64.7129,books-oracle=10
q040,investing personal finance wealth,Torso,StripeLocal,Lexical,Keyword,naive-score,0.9818094133495059,0.8,0.6666666666666666,1,0.8121459945924998,0.7312625444731047,1,2,0.0005,55.9991,books-stripe-a=2 | books-stripe-b=8
q040,investing personal finance wealth,Torso,StripeLocal,Lexical,Keyword,interleave,0.7190800297838648,0.5,0.3333333333333333,0.2222222222222222,0.3602618239851657,0.4030996102379979,1,2,0.0005,55.9846,books-stripe-a=5 | books-stripe-b=5
q040,investing personal finance wealth,Torso,StripeLocal,Lexical,Keyword,quota-merge,0.7226999454397848,0.5,0.3333333333333333,0.2777777777777778,0.3727009155526019,0.409665745656018,1,2,0.0005,55.974799999999995,books-stripe-a=5 | books-stripe-b=5
q040,investing personal finance wealth,Torso,StripeLocal,Lexical,Keyword,global-rrf,0.7226999454397848,0.5,0.3333333333333333,0.2777777777777778,0.3727009155526019,0.409665745656018,1,2,0.0005,55.992399999999996,books-stripe-a=5 | books-stripe-b=5
q040,investing personal finance wealth,Torso,StripeLocal,Lexical,Keyword,minmax-norm,0.7238719310267927,0.5,0.3333333333333333,0.3333333333333333,0.37871059936202267,0.4128427441384062,1,2,0.0005,56.0209,books-stripe-a=5 | books-stripe-b=5
q040,investing personal finance wealth,Torso,StripeLocal,Lexical,Keyword,zscore-norm,0.842846638500652,0.5,0.3333333333333333,0.4444444444444444,0.49241862496525,0.4998533654168853,1,2,0.0005,56.0145,books-stripe-a=5 | books-stripe-b=5
q040,investing personal finance wealth,Torso,StripeLocal,Lexical,Keyword,idf-correct-probe,0.9973835606821587,0.9,0.8181818181818182,1,0.8504347328623846,0.8611375561264454,1,8,0.000600002,311.62579999999997,books-stripe-b=10
q040,investing personal finance wealth,Torso,StripeLocal,Lexical,Keyword,idf-correct-sidecar,0.9973835606821587,0.9,0.8181818181818182,1,0.8504347328623846,0.8611375561264454,1,2,0.0005,56.0261,books-stripe-b=10
q041,love,Head,CrossStripe,Lexical,Keyword,single-index,1,1,1,1,1,0.9371166382005486,1,1,0.000383333,61.9355,books-oracle=10
q041,love,Head,CrossStripe,Lexical,Keyword,naive-score,0.4223159951323672,0.1,0.05263157894736842,1,0.10428368933547501,0.655322482299031,1,2,0.000533333,53.613299999999995,books-stripe-a=10
q041,love,Head,CrossStripe,Lexical,Keyword,interleave,0.8246721115448995,0.6,0.42857142857142855,0.3333333333333333,0.44913202197955804,0.7626967045207191,1,2,0.000533333,53.5991,books-stripe-a=5 | books-stripe-b=5
q041,love,Head,CrossStripe,Lexical,Keyword,quota-merge,0.9239740079613894,0.6,0.42857142857142855,0.4222222222222222,0.5544578164477796,0.8323218380274555,1,2,0.000533333,53.589299999999994,books-stripe-a=5 | books-stripe-b=5
q041,love,Head,CrossStripe,Lexical,Keyword,global-rrf,0.9239740079613894,0.6,0.42857142857142855,0.4222222222222222,0.5544578164477796,0.8323218380274555,1,2,0.000533333,53.607099999999996,books-stripe-a=5 | books-stripe-b=5
q041,love,Head,CrossStripe,Lexical,Keyword,minmax-norm,0.8206060345551435,0.3,0.17647058823529413,0.7777777777777778,0.4041509159470447,0.8268102684686385,1,2,0.000533333,53.64149999999999,books-stripe-a=8 | books-stripe-b=2
q041,love,Head,CrossStripe,Lexical,Keyword,zscore-norm,0.9640436275815015,0.6,0.42857142857142855,0.8666666666666667,0.7125875212212102,0.86599997333695,1,2,0.000533333,53.6295,books-stripe-a=5 | books-stripe-b=5
q041,love,Head,CrossStripe,Lexical,Keyword,idf-correct-probe,0.9931224840732019,0.9,0.8181818181818182,0.9555555555555556,0.8367937045330642,1,1,4,0.000566667,136.7766,books-stripe-b=10
q041,love,Head,CrossStripe,Lexical,Keyword,idf-correct-sidecar,0.9931224840732019,0.9,0.8181818181818182,0.9555555555555556,0.8367937045330642,1,1,2,0.000533333,53.6483,books-stripe-b=10
q042,war,Head,CrossStripe,Lexical,Keyword,single-index,1,1,1,1,1,1,1,1,0.00035,60.6578,books-oracle=10
q042,war,Head,CrossStripe,Lexical,Keyword,naive-score,1,1,1,1,0.8591367550184259,1,1,2,0.0005,52.2432,books-stripe-a=1 | books-stripe-b=9
q042,war,Head,CrossStripe,Lexical,Keyword,interleave,0.9019769739720392,0.6,0.42857142857142855,0.2,0.5676261375123104,0.9012884244108894,1,2,0.0005,52.2225,books-stripe-a=5 | books-stripe-b=5
q042,war,Head,CrossStripe,Lexical,Keyword,quota-merge,0.9640375233706403,0.6,0.42857142857142855,0.3333333333333333,0.7000918047841169,0.9035456546298357,1,2,0.0005,52.216699999999996,books-stripe-a=5 | books-stripe-b=5
q042,war,Head,CrossStripe,Lexical,Keyword,global-rrf,0.9640375233706403,0.6,0.42857142857142855,0.3333333333333333,0.7000918047841169,0.9035456546298357,1,2,0.0005,52.2382,books-stripe-a=5 | books-stripe-b=5
q042,war,Head,CrossStripe,Lexical,Keyword,minmax-norm,1,1,1,1,0.8591367550184259,1,1,2,0.0005,52.2647,books-stripe-a=1 | books-stripe-b=9
q042,war,Head,CrossStripe,Lexical,Keyword,zscore-norm,0.9141323522066082,0.6,0.42857142857142855,0.4222222222222222,0.6202657188314367,0.8956885132092335,1,2,0.0005,52.2586,books-stripe-a=5 | books-stripe-b=5
q042,war,Head,CrossStripe,Lexical,Keyword,idf-correct-probe,0.9915011637922809,0.8,0.6666666666666666,0.9555555555555556,0.8327269465228456,0.9636452638863133,1,2,0.0005,52.2652,books-stripe-a=3 | books-stripe-b=7
q042,war,Head,CrossStripe,Lexical,Keyword,idf-correct-sidecar,0.9915011637922809,0.8,0.6666666666666666,0.9555555555555556,0.8327269465228456,0.9636452638863133,1,2,0.0005,52.2557,books-stripe-a=3 | books-stripe-b=7
q043,family,Head,CrossStripe,Lexical,Keyword,single-index,1,1,1,1,1,0.9621404437403491,1,1,0.0004,62.4142,books-oracle=10
q043,family,Head,CrossStripe,Lexical,Keyword,naive-score,0.6926191261856162,0.5,0.3333333333333333,0.06666666666666667,0.22922681972209832,0.7807810554752134,1,2,0.000566667,53.436899999999994,books-stripe-a=7 | books-stripe-b=3
q043,family,Head,CrossStripe,Lexical,Keyword,interleave,0.8543830060592988,0.7,0.5384615384615384,0.4222222222222222,0.49033618109944116,0.9134872336594229,1,2,0.000566667,53.3929,books-stripe-a=5 | books-stripe-b=5
q043,family,Head,CrossStripe,Lexical,Keyword,quota-merge,0.8543830060592988,0.7,0.5384615384615384,0.4222222222222222,0.49033618109944116,0.9134872336594229,1,2,0.000566667,53.387499999999996,books-stripe-a=5 | books-stripe-b=5
q043,family,Head,CrossStripe,Lexical,Keyword,global-rrf,0.8543830060592988,0.7,0.5384615384615384,0.4222222222222222,0.49033618109944116,0.9134872336594229,1,2,0.000566667,53.4053,books-stripe-a=5 | books-stripe-b=5
q043,family,Head,CrossStripe,Lexical,Keyword,minmax-norm,0.8513802183898284,0.6,0.42857142857142855,0.6888888888888889,0.5204496323801837,0.8791712690774832,1,2,0.000566667,53.4304,books-stripe-a=6 | books-stripe-b=4
q043,family,Head,CrossStripe,Lexical,Keyword,zscore-norm,0.9501253128580336,0.6,0.42857142857142855,0.9111111111111111,0.7069817022730821,0.880986696781705,1,2,0.000566667,53.424299999999995,books-stripe-a=6 | books-stripe-b=4
q043,family,Head,CrossStripe,Lexical,Keyword,idf-correct-probe,0.8871679543319066,0.8,0.6666666666666666,0.6444444444444445,0.6032607371069837,0.9580777588003657,1,2,0.000566667,53.428799999999995,books-stripe-a=4 | books-stripe-b=6
q043,family,Head,CrossStripe,Lexical,Keyword,idf-correct-sidecar,0.8859567628484274,0.8,0.6666666666666666,0.5555555555555556,0.5924433062500262,0.9580777588003657,1,2,0.000566667,53.424499999999995,books-stripe-a=4 | books-stripe-b=6
q044,death,Head,CrossStripe,Lexical,Keyword,single-index,1,1,1,1,1,0.712289012952999,0.9,1,0.000333333,61.1548,books-oracle=10
q044,death,Head,CrossStripe,Lexical,Keyword,naive-score,0.5954226307404488,0.3,0.17647058823529413,0.06666666666666667,0.12289926255236217,0.9621404437403491,1,2,0.000466667,52.6242,books-stripe-a=3 | books-stripe-b=7
q044,death,Head,CrossStripe,Lexical,Keyword,interleave,0.8743231237528267,0.4,0.25,0.5555555555555556,0.5257749881327234,0.9371166382005486,1,2,0.000466667,52.6403,books-stripe-a=5 | books-stripe-b=5
q044,death,Head,CrossStripe,Lexical,Keyword,quota-merge,0.7473015736426076,0.4,0.25,0.37777777777777777,0.38492708972591116,0.9458352203602566,1,2,0.000466667,52.591100000000004,books-stripe-a=5 | books-stripe-b=5
q044,death,Head,CrossStripe,Lexical,Keyword,global-rrf,0.7473015736426076,0.4,0.25,0.37777777777777777,0.38492708972591116,0.9458352203602566,1,2,0.000466667,52.6221,books-stripe-a=5 | books-stripe-b=5
q044,death,Head,CrossStripe,Lexical,Keyword,minmax-norm,0.6847165515178519,0.3,0.17647058823529413,0.7333333333333333,0.2956464973252105,0.9458352203602566,1,2,0.000466667,52.646800000000006,books-stripe-a=3 | books-stripe-b=7
q044,death,Head,CrossStripe,Lexical,Keyword,zscore-norm,0.5954226307404488,0.3,0.17647058823529413,0.06666666666666667,0.12289926255236217,0.9621404437403491,1,2,0.000466667,52.635400000000004,books-stripe-a=3 | books-stripe-b=7
q044,death,Head,CrossStripe,Lexical,Keyword,idf-correct-probe,0.954202309280411,0.8,0.6666666666666666,0.5555555555555556,0.7235702957965962,0.7703079918287111,0.9,4,0.000500001,137.3066,books-stripe-a=8 | books-stripe-b=2
q044,death,Head,CrossStripe,Lexical,Keyword,idf-correct-sidecar,0.758230310146662,0.8,0.6666666666666666,0.28888888888888886,0.4599868459477051,0.7954931801167132,0.9,2,0.000466667,52.628600000000006,books-stripe-a=8 | books-stripe-b=2
q045,friendship,Head,CrossStripe,Lexical,Keyword,single-index,1,1,1,1,1,0.5176550454653062,1,1,0.00035,60.5349,books-oracle=10
q045,friendship,Head,CrossStripe,Lexical,Keyword,naive-score,0.9727227660299327,0.8,0.6666666666666666,0.7777777777777778,0.7856337661613307,0.624528545696615,1,2,0.000516666,53.7444,books-stripe-a=6 | books-stripe-b=4
q045,friendship,Head,CrossStripe,Lexical,Keyword,interleave,0.8565130790510611,0.8,0.6666666666666666,0.28888888888888886,0.5233796531298571,0.735849610231517,1,2,0.000516666,53.73,books-stripe-a=5 | books-stripe-b=5
q045,friendship,Head,CrossStripe,Lexical,Keyword,quota-merge,0.8565823065930414,0.8,0.6666666666666666,0.3333333333333333,0.5233796531298571,0.7343447900855528,1,2,0.000516666,53.7208,books-stripe-a=5 | books-stripe-b=5
q045,friendship,Head,CrossStripe,Lexical,Keyword,global-rrf,0.8565823065930414,0.8,0.6666666666666666,0.3333333333333333,0.5233796531298571,0.7343447900855528,1,2,0.000516666,53.7374,books-stripe-a=5 | books-stripe-b=5
q045,friendship,Head,CrossStripe,Lexical,Keyword,minmax-norm,0.8517929103747853,0.7,0.5384615384615384,0.6444444444444445,0.5496548232435593,0.6526861594832813,1,2,0.000516666,53.7601,books-stripe-a=7 | books-stripe-b=3
q045,friendship,Head,CrossStripe,Lexical,Keyword,zscore-norm,0.9360128549878195,0.7,0.5384615384615384,0.6888888888888889,0.6501728706642442,0.6062694038121239,1,2,0.000516666,53.7553,books-stripe-a=7 | books-stripe-b=3
q045,friendship,Head,CrossStripe,Lexical,Keyword,idf-correct-probe,0.9687017703164071,0.7,0.5384615384615384,0.6444444444444445,0.7544753496053295,0.5247539524762646,1,4,0.00055,139.2763,books-stripe-a=1 | books-stripe-b=9
q045,friendship,Head,CrossStripe,Lexical,Keyword,idf-correct-sidecar,0.9727227660299327,0.8,0.6666666666666666,0.7777777777777778,0.7856337661613307,0.624528545696615,1,2,0.000516666,53.762,books-stripe-a=6 | books-stripe-b=4
q046,coming of age story about a teenager finding their identity,Torso,CrossStripe,Conceptual,Keyword,single-index,1,1,1,1,1,0.5648732390871197,1,1,0.000883333,69.0384,books-oracle=10
q046,coming of age story about a teenager finding their identity,Torso,CrossStripe,Conceptual,Keyword,naive-score,0.9960350135150619,1,1,0.7333333333333333,0.7952733920660715,0.5607326907957393,1,2,0.0008166670000000001,57.9147,books-stripe-a=5 | books-stripe-b=5
q046,coming of age story about a teenager finding their identity,Torso,CrossStripe,Conceptual,Keyword,interleave,0.851053346482849,1,1,0.1111111111111111,0.5370319906482266,0.45063865787707225,1,2,0.0008166670000000001,57.9097,books-stripe-a=5 | books-stripe-b=5
q046,coming of age story about a teenager finding their identity,Torso,CrossStripe,Conceptual,Keyword,quota-merge,0.8620277243640098,1,1,0.28888888888888886,0.5898009332017898,0.45469267377318395,1,2,0.0008166670000000001,57.8926,books-stripe-a=5 | books-stripe-b=5
q046,coming of age story about a teenager finding their identity,Torso,CrossStripe,Conceptual,Keyword,global-rrf,0.8620277243640098,1,1,0.28888888888888886,0.5898009332017898,0.45469267377318395,1,2,0.0008166670000000001,57.9084,books-stripe-a=5 | books-stripe-b=5
q046,coming of age story about a teenager finding their identity,Torso,CrossStripe,Conceptual,Keyword,minmax-norm,0.8675161689664421,1,1,0.4666666666666667,0.6213103255267519,0.44800584023078893,1,2,0.0008166670000000001,57.9366,books-stripe-a=5 | books-stripe-b=5
q046,coming of age story about a teenager finding their identity,Torso,CrossStripe,Conceptual,Keyword,zscore-norm,0.8654689513317587,1,1,0.4222222222222222,0.6081203473442097,0.44993293984877347,1,2,0.0008166670000000001,57.9304,books-stripe-a=5 | books-stripe-b=5
q046,coming of age story about a teenager finding their identity,Torso,CrossStripe,Conceptual,Keyword,idf-correct-probe,0.9882275085688949,1,1,0.5555555555555556,0.767061494286745,0.5580517233798291,1,14,0.001016671,570.6694,books-stripe-a=5 | books-stripe-b=5
q046,coming of age story about a teenager finding their identity,Torso,CrossStripe,Conceptual,Keyword,idf-correct-sidecar,0.9882275085688949,1,1,0.5555555555555556,0.767061494286745,0.5580517233798291,1,2,0.0008166670000000001,57.9515,books-stripe-a=5 | books-stripe-b=5
q047,a story about losing someone you love and learning to go on,Torso,CrossStripe,Conceptual,Keyword,single-index,1,1,1,1,1,0.1732200866986228,1,1,0.000433333,69.1742,books-oracle=10
q047,a story about losing someone you love and learning to go on,Torso,CrossStripe,Conceptual,Keyword,naive-score,0.8976038481326203,0.8,0.6666666666666666,0.7333333333333333,0.6201437848416931,0.14671115961043926,1,2,0.0008,58.6443,books-stripe-a=4 | books-stripe-b=6
q047,a story about losing someone you love and learning to go on,Torso,CrossStripe,Conceptual,Keyword,interleave,0.9172888730627947,0.8,0.6666666666666666,0.6,0.6148657586784899,0.15262121145221885,1,2,0.0008,58.6297,books-stripe-a=5 | books-stripe-b=5
q047,a story about losing someone you love and learning to go on,Torso,CrossStripe,Conceptual,Keyword,quota-merge,0.9179002793512614,0.8,0.6666666666666666,0.6444444444444445,0.6196735057260265,0.15262121145221885,1,2,0.0008,58.6201,books-stripe-a=5 | books-stripe-b=5
q047,a story about losing someone you love and learning to go on,Torso,CrossStripe,Conceptual,Keyword,global-rrf,0.9179002793512614,0.8,0.6666666666666666,0.6444444444444445,0.6196735057260265,0.15262121145221885,1,2,0.0008,58.6364,books-stripe-a=5 | books-stripe-b=5
q047,a story about losing someone you love and learning to go on,Torso,CrossStripe,Conceptual,Keyword,minmax-norm,0.9301547091955732,0.8,0.6666666666666666,0.8222222222222222,0.675269389817908,0.14259450807836577,1,2,0.0008,58.667500000000004,books-stripe-a=4 | books-stripe-b=6
q047,a story about losing someone you love and learning to go on,Torso,CrossStripe,Conceptual,Keyword,zscore-norm,0.8979773835988063,0.8,0.6666666666666666,0.7777777777777778,0.6300362684785997,0.14671115961043926,1,2,0.0008,58.659200000000006,books-stripe-a=4 | books-stripe-b=6
q047,a story about losing someone you love and learning to go on,Torso,CrossStripe,Conceptual,Keyword,idf-correct-probe,0.8638584946972804,0.8,0.6666666666666666,0.5111111111111111,0.5318046949130762,0.15479815628564772,1,8,0.000900002,315.14110000000005,books-stripe-a=5 | books-stripe-b=5
q047,a story about losing someone you love and learning to go on,Torso,CrossStripe,Conceptual,Keyword,idf-correct-sidecar,0.8952009387908791,0.8,0.6666666666666666,0.6,0.60094412284973,0.1470873646469303,1,2,0.0008,58.6871,books-stripe-a=4 | books-stripe-b=6
q048,World War II,Head,CrossStripe,Lexical,Keyword,single-index,1,1,1,1,1,0.7511000364550411,1,1,0.0004,63.2431,books-oracle=10
q048,World War II,Head,CrossStripe,Lexical,Keyword,naive-score,0.9963750036558285,0.9,0.8181818181818182,1,0.8472485077736082,0.7511000364550411,1,2,0.0004,54.9086,books-stripe-a=1 | books-stripe-b=9
q048,World War II,Head,CrossStripe,Lexical,Keyword,interleave,0.7537749259684337,0.5,0.3333333333333333,0.28888888888888886,0.3966828967058907,0.4918008070360237,1,2,0.0004,54.8944,books-stripe-a=5 | books-stripe-b=5
q048,World War II,Head,CrossStripe,Lexical,Keyword,quota-merge,0.7784158655798186,0.5,0.3333333333333333,0.4222222222222222,0.44182049473955476,0.5093155560344592,1,2,0.0004,54.8858,books-stripe-a=5 | books-stripe-b=5
q048,World War II,Head,CrossStripe,Lexical,Keyword,global-rrf,0.7784158655798186,0.5,0.3333333333333333,0.4222222222222222,0.44182049473955476,0.5093155560344592,1,2,0.0004,54.902300000000004,books-stripe-a=5 | books-stripe-b=5
q048,World War II,Head,CrossStripe,Lexical,Keyword,minmax-norm,0.8373971803378912,0.7,0.5384615384615384,0.3333333333333333,0.5238311903903775,0.6318817542608474,1,2,0.0004,54.9305,books-stripe-a=3 | books-stripe-b=7
q048,World War II,Head,CrossStripe,Lexical,Keyword,zscore-norm,0.7530434379349308,0.7,0.5384615384615384,0.06666666666666667,0.37448951697651756,0.592392579747439,1,2,0.0004,54.9241,books-stripe-a=3 | books-stripe-b=7
q048,World War II,Head,CrossStripe,Lexical,Keyword,idf-correct-probe,0.9999426168282078,1,1,0.9555555555555556,0.8543290079708894,0.7511000364550411,1,6,0.00046666800000000005,224.58079999999998,books-stripe-b=10
q048,World War II,Head,CrossStripe,Lexical,Keyword,idf-correct-sidecar,0.9999426168282078,1,1,0.9555555555555556,0.8543290079708894,0.7511000364550411,1,2,0.0004,55.042,books-stripe-b=10
q049,survival against impossible odds in a hostile environment,Torso,CrossStripe,Conceptual,Keyword,single-index,1,1,1,1,1,0.17344344279259388,1,1,0.000383333,66.6212,books-oracle=10
q049,survival against impossible odds in a hostile environment,Torso,CrossStripe,Conceptual,Keyword,naive-score,0.9908196679619742,0.9,0.8181818181818182,0.9111111111111111,0.7991917889619369,0.17429882375686856,1,2,0.000716667,57.6124,books-stripe-a=8 | books-stripe-b=2
q049,survival against impossible odds in a hostile environment,Torso,CrossStripe,Conceptual,Keyword,interleave,0.9623353600447123,0.6,0.42857142857142855,0.6444444444444445,0.6767756215062772,0.17384787899914395,1,2,0.000716667,57.5977,books-stripe-a=5 | books-stripe-b=5
q049,survival against impossible odds in a hostile environment,Torso,CrossStripe,Conceptual,Keyword,quota-merge,0.9623353600447123,0.6,0.42857142857142855,0.6444444444444445,0.6767756215062772,0.17384787899914395,1,2,0.000716667,57.5887,books-stripe-a=5 | books-stripe-b=5
q049,survival against impossible odds in a hostile environment,Torso,CrossStripe,Conceptual,Keyword,global-rrf,0.9623353600447123,0.6,0.42857142857142855,0.6444444444444445,0.6767756215062772,0.17384787899914395,1,2,0.000716667,57.6058,books-stripe-a=5 | books-stripe-b=5
q049,survival against impossible odds in a hostile environment,Torso,CrossStripe,Conceptual,Keyword,minmax-norm,0.9869518168305421,0.8,0.6666666666666666,0.6888888888888889,0.7736626521395171,0.16438007776590038,1,2,0.000716667,57.633,books-stripe-a=7 | books-stripe-b=3
q049,survival against impossible odds in a hostile environment,Torso,CrossStripe,Conceptual,Keyword,zscore-norm,0.8883704234104225,0.6,0.42857142857142855,0.6,0.5762575740855924,0.17384787899914395,1,2,0.000716667,57.6278,books-stripe-a=5 | books-stripe-b=5
q049,survival against impossible odds in a hostile environment,Torso,CrossStripe,Conceptual,Keyword,idf-correct-probe,0.9976907249621239,0.9,0.8181818181818182,0.9555555555555556,0.8444249103012451,0.18253212682101555,1,10,0.000850003,398.2896,books-stripe-a=8 | books-stripe-b=2
q049,survival against impossible odds in a hostile environment,Torso,CrossStripe,Conceptual,Keyword,idf-correct-sidecar,0.9976907249621239,0.9,0.8181818181818182,0.9555555555555556,0.8444249103012451,0.18253212682101555,1,2,0.000716667,57.6486,books-stripe-a=8 | books-stripe-b=2
q050,revenge,Head,CrossStripe,Lexical,Keyword,single-index,1,1,1,1,1,0.6767777191071676,1,1,0.0003,61.1078,books-oracle=10
q050,revenge,Head,CrossStripe,Lexical,Keyword,naive-score,0.9958924734117798,0.9,0.8181818181818182,0.9555555555555556,0.8249163820175597,0.7218510373805623,1,2,0.000283333,53.0999,books-stripe-a=6 | books-stripe-b=4
q050,revenge,Head,CrossStripe,Lexical,Keyword,interleave,0.9813905574579002,0.9,0.8181818181818182,0.7333333333333333,0.7406539320419675,0.7490819619488405,1,2,0.000283333,53.0855,books-stripe-a=5 | books-stripe-b=5
q050,revenge,Head,CrossStripe,Lexical,Keyword,quota-merge,0.973992911195796,0.9,0.8181818181818182,0.6444444444444445,0.7058827147184831,0.7513292191846019,1,2,0.000283333,53.0762,books-stripe-a=5 | books-stripe-b=5
q050,revenge,Head,CrossStripe,Lexical,Keyword,global-rrf,0.973992911195796,0.9,0.8181818181818182,0.6444444444444445,0.7058827147184831,0.7513292191846019,1,2,0.000283333,53.0932,books-stripe-a=5 | books-stripe-b=5
q050,revenge,Head,CrossStripe,Lexical,Keyword,minmax-norm,0.9958924734117798,0.9,0.8181818181818182,0.9555555555555556,0.8249163820175597,0.7218510373805623,1,2,0.000283333,53.1159,books-stripe-a=6 | books-stripe-b=4
q050,revenge,Head,CrossStripe,Lexical,Keyword,zscore-norm,0.8600070063264783,0.9,0.8181818181818182,0.6888888888888889,0.5785803213353469,0.725924222116718,1,2,0.000283333,53.112700000000004,books-stripe-a=6 | books-stripe-b=4
q050,revenge,Head,CrossStripe,Lexical,Keyword,idf-correct-probe,0.9971273962312465,0.9,0.8181818181818182,0.8666666666666667,0.8252252483092821,0.7092782559848854,1,4,0.00031666699999999997,136.81889999999999,books-stripe-a=6 | books-stripe-b=4
q050,revenge,Head,CrossStripe,Lexical,Keyword,idf-correct-sidecar,0.9971273962312465,0.9,0.8181818181818182,0.8666666666666667,0.8252252483092821,0.7092782559848854,1,2,0.000283333,53.1164,books-stripe-a=6 | books-stripe-b=4
q051,betrayal by someone you trusted completely,Torso,CrossStripe,Conceptual,Keyword,single-index,1,1,1,1,1,0.24093945340345765,1,1,0.000366667,91.9762,books-oracle=10
q051,betrayal by someone you trusted completely,Torso,CrossStripe,Conceptual,Keyword,naive-score,0.9049345198378662,0.9,0.8181818181818182,0.37777777777777777,0.6207433372047362,0.29360286981838324,1,2,0.000666666,55.1822,books-stripe-a=6 | books-stripe-b=4
q051,betrayal by someone you trusted completely,Torso,CrossStripe,Conceptual,Keyword,interleave,0.9091214693015106,0.9,0.8181818181818182,0.5111111111111111,0.6306358208416428,0.2194568859882049,1,2,0.000666666,55.1678,books-stripe-a=5 | books-stripe-b=5
q051,betrayal by someone you trusted completely,Torso,CrossStripe,Conceptual,Keyword,quota-merge,0.9830171783938203,0.9,0.8181818181818182,0.5111111111111111,0.7311538682623278,0.19199192896290954,1,2,0.000666666,55.1588,books-stripe-a=5 | books-stripe-b=5
q051,betrayal by someone you trusted completely,Torso,CrossStripe,Conceptual,Keyword,global-rrf,0.9830171783938203,0.9,0.8181818181818182,0.5111111111111111,0.7311538682623278,0.19199192896290954,1,2,0.000666666,55.174,books-stripe-a=5 | books-stripe-b=5
q051,betrayal by someone you trusted completely,Torso,CrossStripe,Conceptual,Keyword,minmax-norm,0.9807538941868839,0.9,0.8181818181818182,0.5555555555555556,0.7311538682623278,0.26442936514939575,1,2,0.000666666,55.201,books-stripe-a=6 | books-stripe-b=4
q051,betrayal by someone you trusted completely,Torso,CrossStripe,Conceptual,Keyword,zscore-norm,0.9867804895053244,0.9,0.8181818181818182,0.6444444444444445,0.7542363300817767,0.18945888600414093,1,2,0.000666666,55.1958,books-stripe-a=5 | books-stripe-b=5
q051,betrayal by someone you trusted completely,Torso,CrossStripe,Conceptual,Keyword,idf-correct-probe,0.8650576668820408,0.8,0.6666666666666666,0.28888888888888886,0.583700056034931,0.33572957891377164,1,8,0.000766668,310.9008,books-stripe-a=7 | books-stripe-b=3
q051,betrayal by someone you trusted completely,Torso,CrossStripe,Conceptual,Keyword,idf-correct-sidecar,0.8180079401849765,0.7,0.5384615384615384,0.28888888888888886,0.5127114935147881,0.3721776897440962,1,2,0.000666666,55.2191,books-stripe-a=8 | books-stripe-b=2
q052,an orphan raised by strangers who discovers the truth about their parents,Tail,CrossStripe,Conceptual,Keyword,single-index,1,1,1,1,1,0.19174418815571395,1,1,0.0009,71.9595,books-oracle=10
q052,an orphan raised by strangers who discovers the truth about their parents,Tail,CrossStripe,Conceptual,Keyword,naive-score,0.984741832662841,0.8,0.6666666666666666,0.7777777777777778,0.7837147920018732,0.19174418815571395,1,2,0.0008166670000000001,60.5811,books-stripe-a=5 | books-stripe-b=5
q052,an orphan raised by strangers who discovers the truth about their parents,Tail,CrossStripe,Conceptual,Keyword,interleave,0.8742258417391684,0.8,0.6666666666666666,0.6444444444444445,0.5976337722557529,0.20675840877419108,1,2,0.0008166670000000001,60.5661,books-stripe-a=5 | books-stripe-b=5
q052,an orphan raised by strangers who discovers the truth about their parents,Tail,CrossStripe,Conceptual,Keyword,quota-merge,0.9668593406184146,0.8,0.6666666666666666,0.7777777777777778,0.7113417978589801,0.19674175964676277,1,2,0.0008166670000000001,60.5569,books-stripe-a=5 | books-stripe-b=5
q052,an orphan raised by strangers who discovers the truth about their parents,Tail,CrossStripe,Conceptual,Keyword,global-rrf,0.9668593406184146,0.8,0.6666666666666666,0.7777777777777778,0.7113417978589801,0.19674175964676277,1,2,0.0008166670000000001,60.5733,books-stripe-a=5 | books-stripe-b=5
q052,an orphan raised by strangers who discovers the truth about their parents,Tail,CrossStripe,Conceptual,Keyword,minmax-norm,0.9582755616154298,0.8,0.6666666666666666,0.6888888888888889,0.6885004595811448,0.11074561911357589,1,2,0.0008166670000000001,60.603500000000004,books-stripe-a=6 | books-stripe-b=4
q052,an orphan raised by strangers who discovers the truth about their parents,Tail,CrossStripe,Conceptual,Keyword,zscore-norm,0.9770721092967247,0.8,0.6666666666666666,0.8222222222222222,0.7656812007715745,0.11215746546575327,1,2,0.0008166670000000001,60.5966,books-stripe-a=6 | books-stripe-b=4
q052,an orphan raised by strangers who discovers the truth about their parents,Tail,CrossStripe,Conceptual,Keyword,idf-correct-probe,0.8376952742646792,0.8,0.6666666666666666,0.6,0.5427492908211516,0.1304116780348165,1,12,0.0009833370000000001,484.26390000000004,books-stripe-a=6 | books-stripe-b=4
q052,an orphan raised by strangers who discovers the truth about their parents,Tail,CrossStripe,Conceptual,Keyword,idf-correct-sidecar,0.8376952742646792,0.8,0.6666666666666666,0.6,0.5427492908211516,0.1304116780348165,1,2,0.0008166670000000001,60.6346,books-stripe-a=6 | books-stripe-b=4
q053,political corruption and the abuse of power,Torso,CrossStripe,Mixed,Keyword,single-index,1,1,1,1,1,0.5848276962738509,0.9,1,0.0004,65.7856,books-oracle=10
q053,political corruption and the abuse of power,Torso,CrossStripe,Mixed,Keyword,naive-score,0.948573520695884,0.7,0.5384615384615384,0.4222222222222222,0.6411563949175684,0.6259432641901171,1,2,0.00075,55.4473,books-stripe-a=3 | books-stripe-b=7
q053,political corruption and the abuse of power,Torso,CrossStripe,Mixed,Keyword,interleave,0.9362383453718847,0.7,0.5384615384615384,0.5555555555555556,0.6112130209532116,0.7304577773135815,1,2,0.00075,55.433099999999996,books-stripe-a=5 | books-stripe-b=5
q053,political corruption and the abuse of power,Torso,CrossStripe,Mixed,Keyword,quota-merge,0.9450995121338153,0.7,0.5384615384615384,0.6,0.6383528937567965,0.7420308304071795,1,2,0.00075,55.4238,books-stripe-a=5 | books-stripe-b=5
q053,political corruption and the abuse of power,Torso,CrossStripe,Mixed,Keyword,global-rrf,0.9450995121338153,0.7,0.5384615384615384,0.6,0.6383528937567965,0.7420308304071795,1,2,0.00075,55.4411,books-stripe-a=5 | books-stripe-b=5
q053,political corruption and the abuse of power,Torso,CrossStripe,Mixed,Keyword,minmax-norm,0.9491866432821523,0.7,0.5384615384615384,0.5111111111111111,0.645964141965105,0.6236860339711708,1,2,0.00075,55.467,books-stripe-a=3 | books-stripe-b=7
q053,political corruption and the abuse of power,Torso,CrossStripe,Mixed,Keyword,zscore-norm,0.9494939451164974,0.7,0.5384615384615384,0.5111111111111111,0.6487877394374678,0.6286664057464499,1,2,0.00075,55.460699999999996,books-stripe-a=3 | books-stripe-b=7
q053,political corruption and the abuse of power,Torso,CrossStripe,Mixed,Keyword,idf-correct-probe,0.9001749981619394,0.7,0.5384615384615384,0.5555555555555556,0.5887136255224249,0.7486604643721531,0.9,10,0.000883336,395.29380000000003,books-stripe-a=7 | books-stripe-b=3
q053,political corruption and the abuse of power,Torso,CrossStripe,Mixed,Keyword,idf-correct-sidecar,0.9052834691360507,0.7,0.5384615384615384,0.6,0.5887136255224249,0.7568937674363,0.9,2,0.00075,55.473699999999994,books-stripe-a=7 | books-stripe-b=3
q054,isolation and loneliness,Torso,CrossStripe,Conceptual,Keyword,single-index,1,1,1,1,1,0.9371166382005486,1,1,0.000183333,61.8302,books-oracle=10
q054,isolation and loneliness,Torso,CrossStripe,Conceptual,Keyword,naive-score,0.9136875893190048,0.5,0.3333333333333333,0.7777777777777778,0.6171950382203907,0.9458352203602566,1,2,0.000616667,59.6365,books-stripe-a=8 | books-stripe-b=2
q054,isolation and loneliness,Torso,CrossStripe,Conceptual,Keyword,interleave,0.8942517777086025,0.8,0.6666666666666666,0.4222222222222222,0.5664526668682528,0.874233276401097,1,2,0.000616667,59.6209,books-stripe-a=5 | books-stripe-b=5
q054,isolation and loneliness,Torso,CrossStripe,Conceptual,Keyword,quota-merge,0.9048332886116326,0.8,0.6666666666666666,0.5555555555555556,0.6115902649019168,0.874233276401097,1,2,0.000616667,59.6121,books-stripe-a=5 | books-stripe-b=5
q054,isolation and loneliness,Torso,CrossStripe,Conceptual,Keyword,global-rrf,0.9048332886116326,0.8,0.6666666666666666,0.5555555555555556,0.6115902649019168,0.874233276401097,1,2,0.000616667,59.6285,books-stripe-a=5 | books-stripe-b=5
q054,isolation and loneliness,Torso,CrossStripe,Conceptual,Keyword,minmax-norm,0.6923915828242861,0.4,0.25,0.6444444444444445,0.34480343262447605,0.9206500320722545,1,2,0.000616667,59.652499999999996,books-stripe-a=9 | books-stripe-b=1
q054,isolation and loneliness,Torso,CrossStripe,Conceptual,Keyword,zscore-norm,0.8763443892129982,0.5,0.3333333333333333,0.5111111111111111,0.5229286963993143,0.9371166382005486,1,2,0.000616667,59.6463,books-stripe-a=8 | books-stripe-b=2
q054,isolation and loneliness,Torso,CrossStripe,Conceptual,Keyword,idf-correct-probe,0.9353442991290839,0.7,0.5384615384615384,0.4222222222222222,0.6641349430391897,0.9458352203602566,1,6,0.000683335,283.31,books-stripe-a=6 | books-stripe-b=4
q054,isolation and loneliness,Torso,CrossStripe,Conceptual,Keyword,idf-correct-sidecar,0.9353442991290839,0.7,0.5384615384615384,0.4222222222222222,0.6641349430391897,0.9458352203602566,1,2,0.000616667,59.657199999999996,books-stripe-a=6 | books-stripe-b=4
q055,mother and daughter relationship across generations,Torso,CrossStripe,Conceptual,Keyword,single-index,1,1,1,1,1,0.5979995459857458,1,1,0.0004,67.1804,books-oracle=10
q055,mother and daughter relationship across generations,Torso,CrossStripe,Conceptual,Keyword,naive-score,0.938702073460309,0.8,0.6666666666666666,0.8222222222222222,0.7142567908838584,0.5503852555879011,1,2,0.00075,56.465799999999994,books-stripe-a=2 | books-stripe-b=8
q055,mother and daughter relationship across generations,Torso,CrossStripe,Conceptual,Keyword,interleave,0.8947562070715817,0.6,0.42857142857142855,0.4666666666666667,0.5499637484629277,0.3928449618857487,1,2,0.00075,56.4507,books-stripe-a=5 | books-stripe-b=5
q055,mother and daughter relationship across generations,Torso,CrossStripe,Conceptual,Keyword,quota-merge,0.9500283081750759,0.6,0.42857142857142855,0.5555555555555556,0.6552895429311492,0.4392617175569063,1,2,0.00075,56.4428,books-stripe-a=5 | books-stripe-b=5
q055,mother and daughter relationship across generations,Torso,CrossStripe,Conceptual,Keyword,global-rrf,0.9500283081750759,0.6,0.42857142857142855,0.5555555555555556,0.6552895429311492,0.4392617175569063,1,2,0.00075,56.4584,books-stripe-a=5 | books-stripe-b=5
q055,mother and daughter relationship across generations,Torso,CrossStripe,Conceptual,Keyword,minmax-norm,0.9932985882416868,0.8,0.6666666666666666,0.8666666666666667,0.8147748383045436,0.5968020112590585,1,2,0.00075,56.48759999999999,books-stripe-a=2 | books-stripe-b=8
q055,mother and daughter relationship across generations,Torso,CrossStripe,Conceptual,Keyword,zscore-norm,0.9336786336903883,0.8,0.6666666666666666,0.6444444444444445,0.6795385421365562,0.5375759927563202,1,2,0.00075,56.4816,books-stripe-a=3 | books-stripe-b=7
q055,mother and daughter relationship across generations,Torso,CrossStripe,Conceptual,Keyword,idf-correct-probe,0.9978235769910067,0.9,0.8181818181818182,0.8666666666666667,0.8244839742000655,0.6062669003239712,1,10,0.000883336,395.1673,books-stripe-a=1 | books-stripe-b=9
q055,mother and daughter relationship across generations,Torso,CrossStripe,Conceptual,Keyword,idf-correct-sidecar,0.9978235769910067,0.9,0.8181818181818182,0.8666666666666667,0.8244839742000655,0.6062669003239712,1,2,0.00075,56.497299999999996,books-stripe-a=1 | books-stripe-b=9
q056,murder,Head,CrossStripe,Lexical,Keyword,single-index,1,1,1,1,1,0.9513467899190737,1,1,0.000333333,60.0721,books-oracle=10
q056,murder,Head,CrossStripe,Lexical,Keyword,naive-score,0.7665207814762697,0.7,0.5384615384615384,0.1111111111111111,0.38002480857996485,0.8790778465765123,1,2,0.0006000000000000001,53.4337,books-stripe-a=6 | books-stripe-b=4
q056,murder,Head,CrossStripe,Lexical,Keyword,interleave,0.9095987711562039,0.6,0.42857142857142855,0.6444444444444445,0.5908252341477143,0.8985652828545566,1,2,0.0006000000000000001,53.4165,books-stripe-a=5 | books-stripe-b=5
q056,murder,Head,CrossStripe,Lexical,Keyword,quota-merge,0.8909507875324925,0.6,0.42857142857142855,0.4666666666666667,0.5380562915941509,0.8974416542366758,1,2,0.0006000000000000001,53.4048,books-stripe-a=5 | books-stripe-b=5
q056,murder,Head,CrossStripe,Lexical,Keyword,global-rrf,0.8909507875324925,0.6,0.42857142857142855,0.4666666666666667,0.5380562915941509,0.8974416542366758,1,2,0.0006000000000000001,53.4337,books-stripe-a=5 | books-stripe-b=5
q056,murder,Head,CrossStripe,Lexical,Keyword,minmax-norm,0.9373679703299441,0.7,0.5384615384615384,0.6444444444444445,0.6569919749165006,0.8956885132092335,1,2,0.0006000000000000001,53.4505,books-stripe-a=6 | books-stripe-b=4
q056,murder,Head,CrossStripe,Lexical,Keyword,zscore-norm,0.791236613458214,0.6,0.42857142857142855,0.28888888888888886,0.40094411525913376,0.8790778465765123,1,2,0.0006000000000000001,53.4717,books-stripe-a=5 | books-stripe-b=5
q056,murder,Head,CrossStripe,Lexical,Keyword,idf-correct-probe,0.972585261762739,0.8,0.6666666666666666,0.9555555555555556,0.780312677929897,0.9458352203602566,1,2,0.0006000000000000001,53.4517,books-stripe-a=10
q056,murder,Head,CrossStripe,Lexical,Keyword,idf-correct-sidecar,0.972585261762739,0.8,0.6666666666666666,0.9555555555555556,0.780312677929897,0.9458352203602566,1,2,0.0006000000000000001,53.4436,books-stripe-a=10
q057,a journey across a ruined landscape,Torso,CrossStripe,Conceptual,Keyword,single-index,1,1,1,1,1,0.39731017693664533,0.9,1,0.000383333,65.1896,books-oracle=10
q057,a journey across a ruined landscape,Torso,CrossStripe,Conceptual,Keyword,naive-score,0.8987183479581622,1,1,0.6888888888888889,0.6794856935820263,0.3015467494148065,0.9,2,0.000383333,54.129400000000004,books-stripe-a=7 | books-stripe-b=3
q057,a journey across a ruined landscape,Torso,CrossStripe,Conceptual,Keyword,interleave,0.8952102957966435,0.8,0.6666666666666666,0.7777777777777778,0.6454487340704423,0.32304436532183595,0.9,2,0.000383333,54.1133,books-stripe-a=5 | books-stripe-b=5
q057,a journey across a ruined landscape,Torso,CrossStripe,Conceptual,Keyword,quota-merge,0.8779380377495888,0.8,0.6666666666666666,0.6444444444444445,0.610677516746958,0.3092816937051261,0.9,2,0.000383333,54.1051,books-stripe-a=5 | books-stripe-b=5
q057,a journey across a ruined landscape,Torso,CrossStripe,Conceptual,Keyword,global-rrf,0.8779380377495888,0.8,0.6666666666666666,0.6444444444444445,0.610677516746958,0.3092816937051261,0.9,2,0.000383333,54.121500000000005,books-stripe-a=5 | books-stripe-b=5
q057,a journey across a ruined landscape,Torso,CrossStripe,Conceptual,Keyword,minmax-norm,0.8945528997320262,0.8,0.6666666666666666,0.7333333333333333,0.6322587558879001,0.32304436532183595,0.9,2,0.000383333,54.148700000000005,books-stripe-a=5 | books-stripe-b=5
q057,a journey across a ruined landscape,Torso,CrossStripe,Conceptual,Keyword,zscore-norm,0.8749078214660528,0.8,0.6666666666666666,0.6444444444444445,0.6322587558879001,0.32229195524885385,0.9,2,0.000383333,54.142700000000005,books-stripe-a=5 | books-stripe-b=5
q057,a journey across a ruined landscape,Torso,CrossStripe,Conceptual,Keyword,idf-correct-probe,0.9400599141801042,1,1,0.5111111111111111,0.6851270279296949,0.3399419287285436,0.9,8,0.000483335,308.73359999999997,books-stripe-a=7 | books-stripe-b=3
q057,a journey across a ruined landscape,Torso,CrossStripe,Conceptual,Keyword,idf-correct-sidecar,0.9287141668476961,0.9,0.8181818181818182,0.6444444444444445,0.6674869132591945,0.3399419287285436,0.9,2,0.000383333,54.158100000000005,books-stripe-a=8 | books-stripe-b=2
q058,religion faith and doubt,Torso,CrossStripe,Mixed,Keyword,single-index,1,1,1,1,1,0.8100512793592932,0.9,1,0.00035,62.9892,books-oracle=10
q058,religion faith and doubt,Torso,CrossStripe,Mixed,Keyword,naive-score,0.9744089656114895,0.7,0.5384615384615384,0.8666666666666667,0.758810870827502,0.6657420965251305,0.9,2,0.00035,53.5538,books-stripe-a=3 | books-stripe-b=7
q058,religion faith and doubt,Torso,CrossStripe,Mixed,Keyword,interleave,0.7400929974072369,0.5,0.3333333333333333,0.1111111111111111,0.3784210438851586,0.4714480474588778,0.9,2,0.00035,53.5376,books-stripe-a=5 | books-stripe-b=5
q058,religion faith and doubt,Torso,CrossStripe,Mixed,Keyword,quota-merge,0.863783396909932,0.5,0.3333333333333333,0.2222222222222222,0.5060789641094287,0.5497917631253223,0.9,2,0.00035,53.5278,books-stripe-a=5 | books-stripe-b=5
q058,religion faith and doubt,Torso,CrossStripe,Mixed,Keyword,global-rrf,0.863783396909932,0.5,0.3333333333333333,0.2222222222222222,0.5060789641094287,0.5497917631253223,0.9,2,0.00035,53.5451,books-stripe-a=5 | books-stripe-b=5
q058,religion faith and doubt,Torso,CrossStripe,Mixed,Keyword,minmax-norm,0.8923715219204786,0.6,0.42857142857142855,0.2,0.5034068317064855,0.5687017193234274,0.9,2,0.00035,53.5712,books-stripe-a=4 | books-stripe-b=6
q058,religion faith and doubt,Torso,CrossStripe,Mixed,Keyword,zscore-norm,0.7297070728326618,0.6,0.42857142857142855,-0.06666666666666667,0.32093217279772296,0.47184375467463396,0.9,2,0.00035,53.5719,books-stripe-a=4 | books-stripe-b=6
q058,religion faith and doubt,Torso,CrossStripe,Mixed,Keyword,idf-correct-probe,0.9980737746893691,1,1,0.9555555555555556,0.831996882214841,0.8187698615190014,0.9,8,0.000450002,308.1763,books-stripe-b=10
q058,religion faith and doubt,Torso,CrossStripe,Mixed,Keyword,idf-correct-sidecar,0.9980737746893691,1,1,0.9555555555555556,0.831996882214841,0.8187698615190014,0.9,2,0.00035,53.5773,books-stripe-b=10
q059,London,Head,CrossStripe,Lexical,Keyword,single-index,1,1,1,1,1,0.6729729063811541,1,1,0.000316667,61.5878,books-oracle=10
q059,London,Head,CrossStripe,Lexical,Keyword,naive-score,0.9958561459144296,0.9,0.8181818181818182,0.8222222222222222,0.8085818067537378,0.6643011158363787,1,2,0.000566666,53.0141,books-stripe-a=3 | books-stripe-b=7
q059,London,Head,CrossStripe,Lexical,Keyword,interleave,0.9307708692492777,0.8,0.6666666666666666,0.7777777777777778,0.700383581492969,0.7725921958223757,1,2,0.000566666,52.9999,books-stripe-a=5 | books-stripe-b=5
q059,London,Head,CrossStripe,Lexical,Keyword,quota-merge,0.9834411587200246,0.8,0.6666666666666666,0.7777777777777778,0.7737617561100689,0.7725921958223757,1,2,0.000566666,52.9908,books-stripe-a=5 | books-stripe-b=5
q059,London,Head,CrossStripe,Lexical,Keyword,global-rrf,0.9834411587200246,0.8,0.6666666666666666,0.7777777777777778,0.7737617561100689,0.7725921958223757,1,2,0.000566666,53.011399999999995,books-stripe-a=5 | books-stripe-b=5
q059,London,Head,CrossStripe,Lexical,Keyword,minmax-norm,0.9958561459144296,0.9,0.8181818181818182,0.8222222222222222,0.8085818067537378,0.6643011158363787,1,2,0.000566666,53.0321,books-stripe-a=3 | books-stripe-b=7
q059,London,Head,CrossStripe,Lexical,Keyword,zscore-norm,0.9958561459144296,0.9,0.8181818181818182,0.8222222222222222,0.8085818067537378,0.6643011158363787,1,2,0.000566666,53.0259,books-stripe-a=3 | books-stripe-b=7
q059,London,Head,CrossStripe,Lexical,Keyword,idf-correct-probe,0.9966259247065211,0.9,0.8181818181818182,0.8666666666666667,0.8269012208961576,0.6725684701746042,1,4,0.0006,140.0452,books-stripe-a=3 | books-stripe-b=7
q059,London,Head,CrossStripe,Lexical,Keyword,idf-correct-sidecar,0.9966259247065211,0.9,0.8181818181818182,0.8666666666666667,0.8269012208961576,0.6725684701746042,1,2,0.000566666,53.030499999999996,books-stripe-a=3 | books-stripe-b=7
q060,Paris,Head,CrossStripe,Lexical,Keyword,single-index,1,1,1,1,1,0.9371166382005486,1,1,0.000266667,59.8638,books-oracle=10
q060,Paris,Head,CrossStripe,Lexical,Keyword,naive-score,0.832293904565024,1,1,0.4222222222222222,0.5489373313838589,0.9513467899190737,1,2,0.000483334,52.4909,books-stripe-a=1 | books-stripe-b=9
q060,Paris,Head,CrossStripe,Lexical,Keyword,interleave,0.7377839648518465,0.6,0.42857142857142855,0.15555555555555556,0.339316211898602,0.8503953861559569,1,2,0.000483334,52.4756,books-stripe-a=5 | books-stripe-b=5
q060,Paris,Head,CrossStripe,Lexical,Keyword,quota-merge,0.7569625643987776,0.6,0.42857142857142855,0.2,0.339316211898602,0.8503953861559569,1,2,0.000483334,52.4669,books-stripe-a=5 | books-stripe-b=5
q060,Paris,Head,CrossStripe,Lexical,Keyword,global-rrf,0.7569625643987776,0.6,0.42857142857142855,0.2,0.339316211898602,0.8503953861559569,1,2,0.000483334,52.482800000000005,books-stripe-a=5 | books-stripe-b=5
q060,Paris,Head,CrossStripe,Lexical,Keyword,minmax-norm,0.8514725041119552,1,1,0.4666666666666667,0.5489373313838589,0.9513467899190737,1,2,0.000483334,52.53680000000001,books-stripe-a=1 | books-stripe-b=9
q060,Paris,Head,CrossStripe,Lexical,Keyword,zscore-norm,0.8250951565833274,0.9,0.8181818181818182,0.24444444444444444,0.5167706062411301,0.9065477790741163,1,2,0.000483334,52.503,books-stripe-a=2 | books-stripe-b=8
q060,Paris,Head,CrossStripe,Lexical,Keyword,idf-correct-probe,0.9008153102979278,1,1,0.6,0.6396297396691717,0.9458352203602566,1,4,0.000516668,136.9789,books-stripe-a=1 | books-stripe-b=9
q060,Paris,Head,CrossStripe,Lexical,Keyword,idf-correct-sidecar,0.9008153102979278,1,1,0.6,0.6396297396691717,0.9458352203602566,1,2,0.000483334,52.5097,books-stripe-a=1 | books-stripe-b=9
q061,the sea and the people who make their living on it,Torso,CrossStripe,Conceptual,Keyword,single-index,1,1,1,1,1,0.18755069487588283,1,1,0.000416667,65.9576,books-oracle=10
q061,the sea and the people who make their living on it,Torso,CrossStripe,Conceptual,Keyword,naive-score,0.9913347726833175,0.9,0.8181818181818182,0.7333333333333333,0.7710755532399732,0.19315475495286435,1,2,0.000783333,55.7749,books-stripe-a=4 | books-stripe-b=6
q061,the sea and the people who make their living on it,Torso,CrossStripe,Conceptual,Keyword,interleave,0.9230140622512087,0.8,0.6666666666666666,0.5111111111111111,0.6268372712520316,0.1592459789568541,1,2,0.000783333,55.758900000000004,books-stripe-a=5 | books-stripe-b=5
q061,the sea and the people who make their living on it,Torso,CrossStripe,Conceptual,Keyword,quota-merge,0.9243400803943579,0.8,0.6666666666666666,0.6,0.6392763628194678,0.1590454905814987,1,2,0.000783333,55.7515,books-stripe-a=5 | books-stripe-b=5
q061,the sea and the people who make their living on it,Torso,CrossStripe,Conceptual,Keyword,global-rrf,0.9243400803943579,0.8,0.6666666666666666,0.6,0.6392763628194678,0.1590454905814987,1,2,0.000783333,55.7678,books-stripe-a=5 | books-stripe-b=5
q061,the sea and the people who make their living on it,Torso,CrossStripe,Conceptual,Keyword,minmax-norm,0.9367382579019397,0.9,0.8181818181818182,0.6888888888888889,0.6705575058192884,0.16808591057085764,1,2,0.000783333,55.7965,books-stripe-a=4 | books-stripe-b=6
q061,the sea and the people who make their living on it,Torso,CrossStripe,Conceptual,Keyword,zscore-norm,0.9367382579019397,0.9,0.8181818181818182,0.6888888888888889,0.6705575058192884,0.16808591057085764,1,2,0.000783333,55.792100000000005,books-stripe-a=4 | books-stripe-b=6
q061,the sea and the people who make their living on it,Torso,CrossStripe,Conceptual,Keyword,idf-correct-probe,0.9916626706626139,0.9,0.8181818181818182,0.8222222222222222,0.7818929840969308,0.19315475495286435,1,6,0.000850001,225.41879999999998,books-stripe-a=4 | books-stripe-b=6
q061,the sea and the people who make their living on it,Torso,CrossStripe,Conceptual,Keyword,idf-correct-sidecar,0.9913347726833175,0.9,0.8181818181818182,0.7333333333333333,0.7710755532399732,0.19315475495286435,1,2,0.000783333,55.8046,books-stripe-a=4 | books-stripe-b=6
q062,a small town where everyone is hiding something,Torso,CrossStripe,Conceptual,Keyword,single-index,1,1,1,1,1,0.29053138869206563,0.9,1,0.000416667,66.1963,books-oracle=10
q062,a small town where everyone is hiding something,Torso,CrossStripe,Conceptual,Keyword,naive-score,0.9648422505307591,0.8,0.6666666666666666,0.8222222222222222,0.7037661748683888,0.30614809793092895,1,2,0.000783333,56.5152,books-stripe-a=4 | books-stripe-b=6
q062,a small town where everyone is hiding something,Torso,CrossStripe,Conceptual,Keyword,interleave,0.965942616450955,0.9,0.8181818181818182,0.6888888888888889,0.719307787499521,0.23627447170420915,1,2,0.000783333,56.498599999999996,books-stripe-a=5 | books-stripe-b=5
q062,a small town where everyone is hiding something,Torso,CrossStripe,Conceptual,Keyword,quota-merge,0.9623612191793591,0.9,0.8181818181818182,0.6,0.6873601676483995,0.231162770551373,1,2,0.000783333,56.4918,books-stripe-a=5 | books-stripe-b=5
q062,a small town where everyone is hiding something,Torso,CrossStripe,Conceptual,Keyword,global-rrf,0.9623612191793591,0.9,0.8181818181818182,0.6,0.6873601676483995,0.231162770551373,1,2,0.000783333,56.5072,books-stripe-a=5 | books-stripe-b=5
q062,a small town where everyone is hiding something,Torso,CrossStripe,Conceptual,Keyword,minmax-norm,0.942902652892931,0.8,0.6666666666666666,0.4666666666666667,0.6177005979461289,0.25946373641402426,1,2,0.000783333,56.5341,books-stripe-a=4 | books-stripe-b=6
q062,a small town where everyone is hiding something,Torso,CrossStripe,Conceptual,Keyword,zscore-norm,0.9541522389075789,0.8,0.6666666666666666,0.7333333333333333,0.676626302064804,0.27183266113304416,1,2,0.000783333,56.529199999999996,books-stripe-a=4 | books-stripe-b=6
q062,a small town where everyone is hiding something,Torso,CrossStripe,Conceptual,Keyword,idf-correct-probe,0.9734877079734977,0.8,0.6666666666666666,0.6444444444444445,0.6945778861406744,0.2967436405917907,1,10,0.000916669,394.5847,books-stripe-a=7 | books-stripe-b=3
q062,a small town where everyone is hiding something,Torso,CrossStripe,Conceptual,Keyword,idf-correct-sidecar,0.9824043322432112,0.9,0.8181818181818182,0.7333333333333333,0.7389210018746298,0.2915068924900416,1,2,0.000783333,56.5451,books-stripe-a=6 | books-stripe-b=4
q063,identity and what makes someone who they are,Torso,CrossStripe,Conceptual,Keyword,single-index,1,1,1,1,1,0.6669739779109883,1,1,0.000416667,66.2372,books-oracle=10
q063,identity and what makes someone who they are,Torso,CrossStripe,Conceptual,Keyword,naive-score,0.9644914458840156,0.7,0.5384615384615384,0.7333333333333333,0.6929440516528105,0.6387981585674992,1,2,0.000783333,55.6727,books-stripe-a=8 | books-stripe-b=2
q063,identity and what makes someone who they are,Torso,CrossStripe,Conceptual,Keyword,interleave,0.946700540683575,0.7,0.5384615384615384,0.6444444444444445,0.6606862384907803,0.6591663215199862,1,2,0.000783333,55.6575,books-stripe-a=5 | books-stripe-b=5
q063,identity and what makes someone who they are,Torso,CrossStripe,Conceptual,Keyword,quota-merge,0.9463762121138354,0.7,0.5384615384615384,0.6444444444444445,0.6530548939708811,0.6553121222840173,1,2,0.000783333,55.649499999999996,books-stripe-a=5 | books-stripe-b=5
q063,identity and what makes someone who they are,Torso,CrossStripe,Conceptual,Keyword,global-rrf,0.9463762121138354,0.7,0.5384615384615384,0.6444444444444445,0.6530548939708811,0.6553121222840173,1,2,0.000783333,55.6668,books-stripe-a=5 | books-stripe-b=5
q063,identity and what makes someone who they are,Torso,CrossStripe,Conceptual,Keyword,minmax-norm,0.9609236791308045,0.8,0.6666666666666666,0.4222222222222222,0.6772306945070778,0.642234249044455,1,2,0.000783333,55.6948,books-stripe-a=6 | books-stripe-b=4
q063,identity and what makes someone who they are,Torso,CrossStripe,Conceptual,Keyword,zscore-norm,0.9609740429227782,0.8,0.6666666666666666,0.4666666666666667,0.6772306945070778,0.6431419628965659,1,2,0.000783333,55.6898,books-stripe-a=6 | books-stripe-b=4
q063,identity and what makes someone who they are,Torso,CrossStripe,Conceptual,Keyword,idf-correct-probe,0.9553568467563818,0.7,0.5384615384615384,0.4666666666666667,0.67930302332349,0.6286963038325649,1,4,0.000816667,140.4606,books-stripe-a=8 | books-stripe-b=2
q063,identity and what makes someone who they are,Torso,CrossStripe,Conceptual,Keyword,idf-correct-sidecar,0.9284100371946444,0.7,0.5384615384615384,0.5111111111111111,0.6684855924665326,0.6426457101871113,1,2,0.000783333,55.6954,books-stripe-a=10
q064,father and son,Head,CrossStripe,Lexical,Keyword,single-index,1,1,1,1,1,0.7331938073029861,1,1,0.000333333,62.0068,books-oracle=10
q064,father and son,Head,CrossStripe,Lexical,Keyword,naive-score,0.9905551960129668,0.8,0.6666666666666666,0.9555555555555556,0.8293458984116654,0.7886336253256271,1,2,0.000633334,53.1085,books-stripe-a=4 | books-stripe-b=6
q064,father and son,Head,CrossStripe,Lexical,Keyword,interleave,0.8119036797999093,0.7,0.5384615384615384,0.24444444444444444,0.47507440889873725,0.7528153845191526,1,2,0.000633334,53.0949,books-stripe-a=5 | books-stripe-b=5
q064,father and son,Head,CrossStripe,Lexical,Keyword,quota-merge,0.8761116775888288,0.7,0.5384615384615384,0.4222222222222222,0.5230356044047638,0.7673152655328143,1,2,0.000633334,53.0829,books-stripe-a=5 | books-stripe-b=5
q064,father and son,Head,CrossStripe,Lexical,Keyword,global-rrf,0.8761116775888288,0.7,0.5384615384615384,0.4222222222222222,0.5230356044047638,0.7673152655328143,1,2,0.000633334,53.099000000000004,books-stripe-a=5 | books-stripe-b=5
q064,father and son,Head,CrossStripe,Lexical,Keyword,minmax-norm,0.9674960096021892,0.7,0.5384615384615384,0.5555555555555556,0.6842825898348139,0.7728268350916313,1,2,0.000633334,53.126,books-stripe-a=5 | books-stripe-b=5
q064,father and son,Head,CrossStripe,Lexical,Keyword,zscore-norm,0.8578426664335042,0.7,0.5384615384615384,0.4666666666666667,0.5385314210748209,0.7728268350916313,1,2,0.000633334,53.122,books-stripe-a=5 | books-stripe-b=5
q064,father and son,Head,CrossStripe,Lexical,Keyword,idf-correct-probe,0.9997898725962474,1,1,0.9111111111111111,0.8483193241614684,0.7341015211550971,1,6,0.000700002,221.1993,books-stripe-a=2 | books-stripe-b=8
q064,father and son,Head,CrossStripe,Lexical,Keyword,idf-correct-sidecar,0.992736497290556,0.9,0.8181818181818182,0.9555555555555556,0.8364263986089467,0.7341015211550971,1,2,0.000633334,53.1268,books-stripe-a=3 | books-stripe-b=7
q065,escape from captivity,Torso,CrossStripe,Conceptual,Keyword,single-index,1,1,1,1,1,0.8974416542366758,1,1,0.000316667,62.017,books-oracle=10
q065,escape from captivity,Torso,CrossStripe,Conceptual,Keyword,naive-score,0.975554196184348,0.9,0.8181818181818182,0.7777777777777778,0.7469627824348416,0.8787277908726202,1,2,0.00031666699999999997,53.4319,books-stripe-a=4 | books-stripe-b=6
q065,escape from captivity,Torso,CrossStripe,Conceptual,Keyword,interleave,0.8902744812265192,0.9,0.8181818181818182,0.5111111111111111,0.6223714257731803,0.9007619020868619,1,2,0.00031666699999999997,53.4148,books-stripe-a=5 | books-stripe-b=5
q065,escape from captivity,Torso,CrossStripe,Conceptual,Keyword,quota-merge,0.894465869158043,0.9,0.8181818181818182,0.6,0.6300027702930796,0.9094804842465699,1,2,0.00031666699999999997,53.4046,books-stripe-a=5 | books-stripe-b=5
q065,escape from captivity,Torso,CrossStripe,Conceptual,Keyword,global-rrf,0.894465869158043,0.9,0.8181818181818182,0.6,0.6300027702930796,0.9094804842465699,1,2,0.00031666699999999997,53.4267,books-stripe-a=5 | books-stripe-b=5
q065,escape from captivity,Torso,CrossStripe,Conceptual,Keyword,minmax-norm,0.8558547778309934,0.7,0.5384615384615384,0.8222222222222222,0.5625957755435534,0.8323110352014628,1,2,0.00031666699999999997,53.465,books-stripe-a=2 | books-stripe-b=8
q065,escape from captivity,Torso,CrossStripe,Conceptual,Keyword,zscore-norm,0.8558547778309934,0.7,0.5384615384615384,0.8222222222222222,0.5625957755435534,0.8323110352014628,1,2,0.00031666699999999997,53.4552,books-stripe-a=2 | books-stripe-b=8
q065,escape from captivity,Torso,CrossStripe,Conceptual,Keyword,idf-correct-probe,0.871711758720087,0.9,0.8181818181818182,0.6888888888888889,0.6012116136748485,0.8323110352014628,1,6,0.00038333499999999995,222.4609,books-stripe-a=4 | books-stripe-b=6
q065,escape from captivity,Torso,CrossStripe,Conceptual,Keyword,idf-correct-sidecar,0.975554196184348,0.9,0.8181818181818182,0.7777777777777778,0.7469627824348416,0.8787277908726202,1,2,0.00031666699999999997,53.4417,books-stripe-a=4 | books-stripe-b=6
q066,a secret that destroys a community when it comes out,Torso,CrossStripe,Conceptual,Keyword,single-index,1,1,1,1,1,0.2333842658702877,1,1,0.000416667,65.5641,books-oracle=10
q066,a secret that destroys a community when it comes out,Torso,CrossStripe,Conceptual,Keyword,naive-score,0.9489137807845756,0.8,0.6666666666666666,0.4222222222222222,0.6332882535465627,0.14064621515182874,1,2,0.000766667,55.8398,books-stripe-a=5 | books-stripe-b=5
q066,a secret that destroys a community when it comes out,Torso,CrossStripe,Conceptual,Keyword,interleave,0.947792757850186,0.8,0.6666666666666666,0.4222222222222222,0.6233957699096561,0.14181466332100479,1,2,0.000766667,55.826,books-stripe-a=5 | books-stripe-b=5
q066,a secret that destroys a community when it comes out,Torso,CrossStripe,Conceptual,Keyword,quota-merge,0.9452017766061639,0.8,0.6666666666666666,0.37777777777777777,0.6102057917271138,0.14338011088759361,1,2,0.000766667,55.8179,books-stripe-a=5 | books-stripe-b=5
q066,a secret that destroys a community when it comes out,Torso,CrossStripe,Conceptual,Keyword,global-rrf,0.9452017766061639,0.8,0.6666666666666666,0.37777777777777777,0.6102057917271138,0.14338011088759361,1,2,0.000766667,55.8349,books-stripe-a=5 | books-stripe-b=5
q066,a secret that destroys a community when it comes out,Torso,CrossStripe,Conceptual,Keyword,minmax-norm,0.9300207761550694,0.8,0.6666666666666666,0.1111111111111111,0.5646171435466718,0.14210024816248665,1,2,0.000766667,55.8651,books-stripe-a=5 | books-stripe-b=5
q066,a secret that destroys a community when it comes out,Torso,CrossStripe,Conceptual,Keyword,zscore-norm,0.9344078830834828,0.8,0.6666666666666666,0.24444444444444444,0.5782581718759923,0.14045012063566836,1,2,0.000766667,55.8576,books-stripe-a=5 | books-stripe-b=5
q066,a secret that destroys a community when it comes out,Torso,CrossStripe,Conceptual,Keyword,idf-correct-probe,0.96198304214133,0.7,0.5384615384615384,0.7333333333333333,0.7455514313980313,0.22024733509071875,1,12,0.0009333369999999999,475.20050000000003,books-stripe-a=8 | books-stripe-b=2
q066,a secret that destroys a community when it comes out,Torso,CrossStripe,Conceptual,Keyword,idf-correct-sidecar,0.9620208006059694,0.7,0.5384615384615384,0.7333333333333333,0.7455514313980313,0.22181278265730758,1,2,0.000766667,55.8746,books-stripe-a=8 | books-stripe-b=2
q067,the American South,Torso,CrossStripe,Lexical,Keyword,single-index,1,1,1,1,1,0.2678250254741538,1,1,0.00035,88.9436,books-oracle=10
q067,the American South,Torso,CrossStripe,Lexical,Keyword,naive-score,0.8589304210927075,0.7,0.5384615384615384,0.5555555555555556,0.5525753864237559,0.21605834614829897,1,2,0.000633333,53.7254,books-stripe-a=4 | books-stripe-b=6
q067,the American South,Torso,CrossStripe,Lexical,Keyword,interleave,0.8201271041867083,0.6,0.42857142857142855,0.3333333333333333,0.4347966956153853,0.17400780629312212,1,2,0.000633333,53.7126,books-stripe-a=5 | books-stripe-b=5
q067,the American South,Torso,CrossStripe,Lexical,Keyword,quota-merge,0.9162505437251304,0.6,0.42857142857142855,0.4222222222222222,0.5401224900836071,0.20769175793701716,1,2,0.000633333,53.7019,books-stripe-a=5 | books-stripe-b=5
q067,the American South,Torso,CrossStripe,Lexical,Keyword,global-rrf,0.9162505437251304,0.6,0.42857142857142855,0.4222222222222222,0.5401224900836071,0.20769175793701716,1,2,0.000633333,53.719100000000005,books-stripe-a=5 | books-stripe-b=5
q067,the American South,Torso,CrossStripe,Lexical,Keyword,minmax-norm,0.95416661031504,0.7,0.5384615384615384,0.6,0.6530934338444409,0.2508709129016671,1,2,0.000633333,53.7444,books-stripe-a=4 | books-stripe-b=6
q067,the American South,Torso,CrossStripe,Lexical,Keyword,zscore-norm,0.8418042412004589,0.7,0.5384615384615384,0.37777777777777777,0.4895922713209449,0.21091937022415688,1,2,0.000633333,53.738600000000005,books-stripe-a=4 | books-stripe-b=6
q067,the American South,Torso,CrossStripe,Lexical,Keyword,idf-correct-probe,0.99693946391835,0.9,0.8181818181818182,1,0.849427619122904,0.27691370950257554,1,6,0.000700001,222.2195,books-stripe-a=2 | books-stripe-b=8
q067,the American South,Torso,CrossStripe,Lexical,Keyword,idf-correct-sidecar,0.99693946391835,0.9,0.8181818181818182,1,0.849427619122904,0.27691370950257554,1,2,0.000633333,53.7464,books-stripe-a=2 | books-stripe-b=8
q068,grief after the death of a child,Torso,CrossStripe,Conceptual,Keyword,single-index,1,1,1,1,1,0.13377794863052406,1,1,0.00085,69.294,books-oracle=10
q068,grief after the death of a child,Torso,CrossStripe,Conceptual,Keyword,naive-score,0.9733263455285164,0.8,0.6666666666666666,0.6444444444444445,0.7326712122179608,0.16485295623862287,1,2,0.000783333,55.7406,books-stripe-a=3 | books-stripe-b=7
q068,grief after the death of a child,Torso,CrossStripe,Conceptual,Keyword,interleave,0.8742878026771823,0.9,0.8181818181818182,0.37777777777777777,0.5605312572481527,0.1444918167635673,1,2,0.000783333,55.725899999999996,books-stripe-a=5 | books-stripe-b=5
q068,grief after the death of a child,Torso,CrossStripe,Conceptual,Keyword,quota-merge,0.8785997714857672,0.9,0.8181818181818182,0.4666666666666667,0.5813525799505945,0.1444918167635673,1,2,0.000783333,55.7604,books-stripe-a=5 | books-stripe-b=5
q068,grief after the death of a child,Torso,CrossStripe,Conceptual,Keyword,global-rrf,0.8785997714857672,0.9,0.8181818181818182,0.4666666666666667,0.5813525799505945,0.1444918167635673,1,2,0.000783333,55.735499999999995,books-stripe-a=5 | books-stripe-b=5
q068,grief after the death of a child,Torso,CrossStripe,Conceptual,Keyword,minmax-norm,0.8902041297071516,0.9,0.8181818181818182,0.6,0.6268118668965992,0.1444918167635673,1,2,0.000783333,55.762899999999995,books-stripe-a=5 | books-stripe-b=5
q068,grief after the death of a child,Torso,CrossStripe,Conceptual,Keyword,zscore-norm,0.8889856956538991,0.9,0.8181818181818182,0.5111111111111111,0.6191805223766997,0.1444918167635673,1,2,0.000783333,55.756,books-stripe-a=5 | books-stripe-b=5
q068,grief after the death of a child,Torso,CrossStripe,Conceptual,Keyword,idf-correct-probe,0.9836263435846356,0.9,0.8181818181818182,0.7333333333333333,0.7544697871208691,0.1444918167635673,1,6,0.000850001,222.5874,books-stripe-a=5 | books-stripe-b=5
q068,grief after the death of a child,Torso,CrossStripe,Conceptual,Keyword,idf-correct-sidecar,0.9836263435846356,0.9,0.8181818181818182,0.7333333333333333,0.7544697871208691,0.1444918167635673,1,2,0.000783333,55.768499999999996,books-stripe-a=5 | books-stripe-b=5
q069,an outsider who does not fit in anywhere,Torso,CrossStripe,Conceptual,Keyword,single-index,1,1,1,1,1,0.4034903470451456,1,1,0.000416667,67.6546,books-oracle=10
q069,an outsider who does not fit in anywhere,Torso,CrossStripe,Conceptual,Keyword,naive-score,0.9649982276225196,0.8,0.6666666666666666,0.4666666666666667,0.6637436304711113,0.5362763675664063,1,2,0.000783333,56.723,books-stripe-a=5 | books-stripe-b=5
q069,an outsider who does not fit in anywhere,Torso,CrossStripe,Conceptual,Keyword,interleave,0.9012419754066356,0.8,0.6666666666666666,0.6,0.6210792621933597,0.5827217730986459,1,2,0.000783333,56.711099999999995,books-stripe-a=5 | books-stripe-b=5
q069,an outsider who does not fit in anywhere,Torso,CrossStripe,Conceptual,Keyword,quota-merge,0.8992141995139403,0.8,0.6666666666666666,0.5111111111111111,0.6030815369632807,0.5858235622616328,1,2,0.000783333,56.7016,books-stripe-a=5 | books-stripe-b=5
q069,an outsider who does not fit in anywhere,Torso,CrossStripe,Conceptual,Keyword,global-rrf,0.8992141995139403,0.8,0.6666666666666666,0.5111111111111111,0.6030815369632807,0.5858235622616328,1,2,0.000783333,56.7176,books-stripe-a=5 | books-stripe-b=5
q069,an outsider who does not fit in anywhere,Torso,CrossStripe,Conceptual,Keyword,minmax-norm,0.8651622561621949,0.7,0.5384615384615384,0.6,0.5317818029729665,0.6051490910001605,1,2,0.000783333,56.773999999999994,books-stripe-a=4 | books-stripe-b=6
q069,an outsider who does not fit in anywhere,Torso,CrossStripe,Conceptual,Keyword,zscore-norm,0.8792983268260589,0.8,0.6666666666666666,0.4222222222222222,0.5903654558540112,0.5928236278335802,1,2,0.000783333,56.7412,books-stripe-a=5 | books-stripe-b=5
q069,an outsider who does not fit in anywhere,Torso,CrossStripe,Conceptual,Keyword,idf-correct-probe,0.8899670755410455,0.8,0.6666666666666666,0.6444444444444445,0.6501915041338204,0.5652552496622563,1,12,0.0009500029999999999,501.88300000000004,books-stripe-a=6 | books-stripe-b=4
q069,an outsider who does not fit in anywhere,Torso,CrossStripe,Conceptual,Keyword,idf-correct-sidecar,0.8887423828708818,0.8,0.6666666666666666,0.5555555555555556,0.642560159613921,0.5718176613660024,1,2,0.000783333,56.784299999999995,books-stripe-a=6 | books-stripe-b=4
q070,school,Head,CrossStripe,Lexical,Keyword,single-index,1,1,1,1,1,1,1,1,0.00035,59.9928,books-oracle=10
q070,school,Head,CrossStripe,Lexical,Keyword,naive-score,0.9492760364032132,0.8,0.6666666666666666,0.4222222222222222,0.6604217663398935,0.9513467899190737,1,2,0.00048333299999999996,54.9039,books-stripe-a=8 | books-stripe-b=2
q070,school,Head,CrossStripe,Lexical,Keyword,interleave,0.8950152171643562,0.5,0.3333333333333333,0.5555555555555556,0.5332015061095976,0.8613612255514265,1,2,0.00048333299999999996,54.8907,books-stripe-a=5 | books-stripe-b=5
q070,school,Head,CrossStripe,Lexical,Keyword,quota-merge,0.8950152171643562,0.5,0.3333333333333333,0.5555555555555556,0.5332015061095976,0.8613612255514265,1,2,0.00048333299999999996,54.8796,books-stripe-a=5 | books-stripe-b=5
q070,school,Head,CrossStripe,Lexical,Keyword,global-rrf,0.8950152171643562,0.5,0.3333333333333333,0.5555555555555556,0.5332015061095976,0.8613612255514265,1,2,0.00048333299999999996,54.898700000000005,books-stripe-a=5 | books-stripe-b=5
q070,school,Head,CrossStripe,Lexical,Keyword,minmax-norm,0.9353957579531936,0.8,0.6666666666666666,0.3333333333333333,0.6149624793938887,0.9371166382005486,1,2,0.00048333299999999996,54.926300000000005,books-stripe-a=8 | books-stripe-b=2
q070,school,Head,CrossStripe,Lexical,Keyword,zscore-norm,0.7061594714933017,0.4,0.25,0.37777777777777777,0.31348200547422794,0.8339287800276628,1,2,0.00048333299999999996,54.920500000000004,books-stripe-a=4 | books-stripe-b=6
q070,school,Head,CrossStripe,Lexical,Keyword,idf-correct-probe,0.9931289429998503,1,1,0.9555555555555556,0.8139036336791178,1,1,2,0.00048333299999999996,54.9247,books-stripe-a=10
q070,school,Head,CrossStripe,Lexical,Keyword,idf-correct-sidecar,0.9931289429998503,1,1,0.9555555555555556,0.8139036336791178,1,1,2,0.00048333299999999996,54.9136,books-stripe-a=10
q071,obsession that ruins a life,Torso,CrossStripe,Conceptual,Keyword,single-index,1,1,1,1,1,0.11218224663488109,1,1,0.0004,64.8407,books-oracle=10
q071,obsession that ruins a life,Torso,CrossStripe,Conceptual,Keyword,naive-score,0.9916768883038259,0.9,0.8181818181818182,0.7777777777777778,0.7865713699100302,0.11806794760743772,1,2,0.000583333,82.11269999999999,books-stripe-a=4 | books-stripe-b=6
q071,obsession that ruins a life,Torso,CrossStripe,Conceptual,Keyword,interleave,0.9876454636826589,0.9,0.8181818181818182,0.6888888888888889,0.7668552116157564,0.1839459660253357,1,2,0.000583333,82.09649999999999,books-stripe-a=5 | books-stripe-b=5
q071,obsession that ruins a life,Torso,CrossStripe,Conceptual,Keyword,quota-merge,0.9336330897707539,0.9,0.8181818181818182,0.7333333333333333,0.6663371641950716,0.17494388714344375,1,2,0.000583333,82.08579999999999,books-stripe-a=5 | books-stripe-b=5
q071,obsession that ruins a life,Torso,CrossStripe,Conceptual,Keyword,global-rrf,0.9336330897707539,0.9,0.8181818181818182,0.7333333333333333,0.6663371641950716,0.17494388714344375,1,2,0.000583333,82.1039,books-stripe-a=5 | books-stripe-b=5
q071,obsession that ruins a life,Torso,CrossStripe,Conceptual,Keyword,minmax-norm,0.9390065988330791,0.9,0.8181818181818182,0.7777777777777778,0.7131931952929303,0.12024759314736477,1,2,0.000583333,82.13409999999999,books-stripe-a=4 | books-stripe-b=6
q071,obsession that ruins a life,Torso,CrossStripe,Conceptual,Keyword,zscore-norm,0.9916768883038259,0.9,0.8181818181818182,0.7777777777777778,0.7865713699100302,0.11806794760743772,1,2,0.000583333,82.12809999999999,books-stripe-a=4 | books-stripe-b=6
q071,obsession that ruins a life,Torso,CrossStripe,Conceptual,Keyword,idf-correct-probe,0.9804555572135208,0.8,0.6666666666666666,0.6,0.7453380971035414,0.18488422808248012,1,6,0.000650001,252.7351,books-stripe-a=6 | books-stripe-b=4
q071,obsession that ruins a life,Torso,CrossStripe,Conceptual,Keyword,idf-correct-sidecar,0.9832513472870028,0.9,0.8181818181818182,0.6444444444444445,0.7584282811102434,0.19124977055456902,1,2,0.000583333,82.1506,books-stripe-a=5 | books-stripe-b=5
q072,slavery and its aftermath,Torso,CrossStripe,Mixed,Keyword,single-index,1,1,1,1,1,0.5200368575497579,0.9,1,0.000283333,62.0383,books-oracle=10
q072,slavery and its aftermath,Torso,CrossStripe,Mixed,Keyword,naive-score,0.9983257465222679,0.9,0.8181818181818182,0.9111111111111111,0.837718651753115,0.5173851641074463,0.9,2,0.000516667,53.0044,books-stripe-a=3 | books-stripe-b=7
q072,slavery and its aftermath,Torso,CrossStripe,Mixed,Keyword,interleave,0.8726215628983578,0.7,0.5384615384615384,0.4666666666666667,0.52492349360311,0.35884813216438605,0.9,2,0.000516667,52.9916,books-stripe-a=5 | books-stripe-b=5
q072,slavery and its aftermath,Torso,CrossStripe,Mixed,Keyword,quota-merge,0.8744853532611084,0.7,0.5384615384615384,0.5111111111111111,0.5381134717856522,0.362702331400355,0.9,2,0.000516667,52.9825,books-stripe-a=5 | books-stripe-b=5
q072,slavery and its aftermath,Torso,CrossStripe,Mixed,Keyword,global-rrf,0.8744853532611084,0.7,0.5384615384615384,0.5111111111111111,0.5381134717856522,0.362702331400355,0.9,2,0.000516667,53.0016,books-stripe-a=5 | books-stripe-b=5
q072,slavery and its aftermath,Torso,CrossStripe,Mixed,Keyword,minmax-norm,0.9141685258403407,0.9,0.8181818181818182,0.6444444444444445,0.6496406598112023,0.42104417085950196,0.9,2,0.000516667,53.0545,books-stripe-a=3 | books-stripe-b=7
q072,slavery and its aftermath,Torso,CrossStripe,Mixed,Keyword,zscore-norm,0.9048496339194445,0.9,0.8181818181818182,0.5555555555555556,0.6148694424877179,0.42490925932625023,0.9,2,0.000516667,53.0234,books-stripe-a=3 | books-stripe-b=7
q072,slavery and its aftermath,Torso,CrossStripe,Mixed,Keyword,idf-correct-probe,0.996773056677823,0.9,0.8181818181818182,0.9111111111111111,0.8204712625864368,0.5319234904756048,0.9,6,0.0005833349999999999,222.1583,books-stripe-a=3 | books-stripe-b=7
q072,slavery and its aftermath,Torso,CrossStripe,Mixed,Keyword,idf-correct-sidecar,0.996773056677823,0.9,0.8181818181818182,0.9111111111111111,0.8204712625864368,0.5319234904756048,0.9,2,0.000516667,53.0288,books-stripe-a=3 | books-stripe-b=7
q073,the Holocaust,Torso,CrossStripe,Lexical,Keyword,single-index,1,1,1,1,1,0.6288120885010144,1,1,0.000116667,59.3224,books-oracle=10
q073,the Holocaust,Torso,CrossStripe,Lexical,Keyword,naive-score,0.8204018601077415,0.4,0.25,0.6888888888888889,0.42622810549786666,0.4146630971540944,1,2,0.00035,55.6932,books-stripe-a=9 | books-stripe-b=1
q073,the Holocaust,Torso,CrossStripe,Lexical,Keyword,interleave,0.910203466385144,0.5,0.3333333333333333,0.7333333333333333,0.6323331018347589,0.5411134068657769,1,2,0.00035,55.6795,books-stripe-a=5 | books-stripe-b=5
q073,the Holocaust,Torso,CrossStripe,Lexical,Keyword,quota-merge,0.8548028265025174,0.5,0.3333333333333333,0.6444444444444445,0.5313538313975277,0.521759228266167,1,2,0.00035,55.6759,books-stripe-a=5 | books-stripe-b=5
q073,the Holocaust,Torso,CrossStripe,Lexical,Keyword,global-rrf,0.8548028265025174,0.5,0.3333333333333333,0.6444444444444445,0.5313538313975277,0.521759228266167,1,2,0.00035,55.6848,books-stripe-a=5 | books-stripe-b=5
q073,the Holocaust,Torso,CrossStripe,Lexical,Keyword,minmax-norm,0.8690883780345142,0.6,0.42857142857142855,0.37777777777777777,0.5427842806145187,0.6312570286147977,1,2,0.00035,55.7043,books-stripe-a=1 | books-stripe-b=9
q073,the Holocaust,Torso,CrossStripe,Lexical,Keyword,zscore-norm,0.8690883780345142,0.6,0.42857142857142855,0.37777777777777777,0.5427842806145187,0.6312570286147977,1,2,0.00035,55.6997,books-stripe-a=1 | books-stripe-b=9
q073,the Holocaust,Torso,CrossStripe,Lexical,Keyword,idf-correct-probe,0.9236848928158921,0.6,0.42857142857142855,0.4222222222222222,0.64376355105175,0.6544654064503764,1,4,0.000383334,140.5026,books-stripe-a=1 | books-stripe-b=9
q073,the Holocaust,Torso,CrossStripe,Lexical,Keyword,idf-correct-sidecar,0.9236848928158921,0.6,0.42857142857142855,0.4222222222222222,0.64376355105175,0.6544654064503764,1,2,0.00035,55.7124,books-stripe-a=1 | books-stripe-b=9
q074,a woman who defies the expectations of her time,Torso,CrossStripe,Conceptual,Keyword,single-index,1,1,1,1,1,0.42353976043085817,1,1,0.000833333,67.381,books-oracle=10
q074,a woman who defies the expectations of her time,Torso,CrossStripe,Conceptual,Keyword,naive-score,0.8165253715272051,0.8,0.6666666666666666,0.37777777777777777,0.5144330025346932,0.5462436977047832,1,2,0.0004,56.5993,books-stripe-a=4 | books-stripe-b=6
q074,a woman who defies the expectations of her time,Torso,CrossStripe,Conceptual,Keyword,interleave,0.8038695680655398,0.7,0.5384615384615384,0.24444444444444444,0.4562010927383287,0.5071450362233251,1,2,0.0004,56.5839,books-stripe-a=5 | books-stripe-b=5
q074,a woman who defies the expectations of her time,Torso,CrossStripe,Conceptual,Keyword,quota-merge,0.8236624573586885,0.7,0.5384615384615384,0.37777777777777777,0.47419881796840757,0.44015333797202616,1,2,0.0004,56.5747,books-stripe-a=5 | books-stripe-b=5
q074,a woman who defies the expectations of her time,Torso,CrossStripe,Conceptual,Keyword,global-rrf,0.8236624573586885,0.7,0.5384615384615384,0.37777777777777777,0.47419881796840757,0.44015333797202616,1,2,0.0004,56.592499999999994,books-stripe-a=5 | books-stripe-b=5
q074,a woman who defies the expectations of her time,Torso,CrossStripe,Conceptual,Keyword,minmax-norm,0.8371346496793933,0.8,0.6666666666666666,0.5111111111111111,0.5220643470545926,0.4541659122413676,1,2,0.0004,56.6202,books-stripe-a=4 | books-stripe-b=6
q074,a woman who defies the expectations of her time,Torso,CrossStripe,Conceptual,Keyword,zscore-norm,0.8069704892646102,0.7,0.5384615384615384,0.4222222222222222,0.4977323299346347,0.5367788086398705,1,2,0.0004,56.616099999999996,books-stripe-a=5 | books-stripe-b=5
q074,a woman who defies the expectations of her time,Torso,CrossStripe,Conceptual,Keyword,idf-correct-probe,0.8612215098642361,0.8,0.6666666666666666,0.6888888888888889,0.5896063922960296,0.43797614076534563,1,8,0.000500002,313.7768,books-stripe-a=3 | books-stripe-b=7
q074,a woman who defies the expectations of her time,Torso,CrossStripe,Conceptual,Keyword,idf-correct-sidecar,0.8879589071027163,0.8,0.6666666666666666,0.6888888888888889,0.6461773385378845,0.4318926211156755,1,2,0.0004,56.629,books-stripe-a=2 | books-stripe-b=8
q075,addiction and recovery,Torso,CrossStripe,Mixed,Keyword,single-index,1,1,1,1,1,0.7450010225534736,1,1,0.0003,62.3189,books-oracle=10
q075,addiction and recovery,Torso,CrossStripe,Mixed,Keyword,naive-score,0.9105060199274359,0.7,0.5384615384615384,0.37777777777777777,0.5670363436696506,0.6803537136787812,1,2,0.000283333,53.2316,books-stripe-a=5 | books-stripe-b=5
q075,addiction and recovery,Torso,CrossStripe,Mixed,Keyword,interleave,0.802777979068486,0.7,0.5384615384615384,0.28888888888888886,0.4453881072548014,0.6367797527728096,1,2,0.000283333,53.2197,books-stripe-a=5 | books-stripe-b=5
q075,addiction and recovery,Torso,CrossStripe,Mixed,Keyword,quota-merge,0.904926921471885,0.7,0.5384615384615384,0.4222222222222222,0.5590961328580288,0.6854437656797286,1,2,0.000283333,53.209700000000005,books-stripe-a=5 | books-stripe-b=5
q075,addiction and recovery,Torso,CrossStripe,Mixed,Keyword,global-rrf,0.904926921471885,0.7,0.5384615384615384,0.4222222222222222,0.5590961328580288,0.6854437656797286,1,2,0.000283333,53.2276,books-stripe-a=5 | books-stripe-b=5
q075,addiction and recovery,Torso,CrossStripe,Mixed,Keyword,minmax-norm,0.8810596065193346,0.7,0.5384615384615384,0.1111111111111111,0.4809707667473907,0.6996691094072676,1,2,0.000283333,53.253,books-stripe-a=5 | books-stripe-b=5
q075,addiction and recovery,Torso,CrossStripe,Mixed,Keyword,zscore-norm,0.8900280204542595,0.7,0.5384615384615384,0.2,0.5040532285668397,0.6946208827462986,1,2,0.000283333,53.246300000000005,books-stripe-a=5 | books-stripe-b=5
q075,addiction and recovery,Torso,CrossStripe,Mixed,Keyword,idf-correct-probe,0.988940225860314,0.8,0.6666666666666666,0.7333333333333333,0.7753161732137756,0.8214625721625727,1,6,0.00035000099999999996,225.1379,books-stripe-a=1 | books-stripe-b=9
q075,addiction and recovery,Torso,CrossStripe,Mixed,Keyword,idf-correct-sidecar,0.988940225860314,0.8,0.6666666666666666,0.7333333333333333,0.7753161732137756,0.8214625721625727,1,2,0.000283333,53.2566,books-stripe-a=1 | books-stripe-b=9
q076,New York City,Head,CrossStripe,Lexical,Keyword,single-index,1,1,1,1,1,0.7796560863979807,1,1,0.0004,63.2472,books-oracle=10
q076,New York City,Head,CrossStripe,Lexical,Keyword,naive-score,0.9760017204697853,0.9,0.8181818181818182,0.7777777777777778,0.7414676098051591,0.7562921179498961,1,2,0.00075,53.2456,books-stripe-a=3 | books-stripe-b=7
q076,New York City,Head,CrossStripe,Lexical,Keyword,interleave,0.9754030539454024,0.7,0.5384615384615384,0.5555555555555556,0.7029395457739649,0.7554334019854627,1,2,0.00075,53.232600000000005,books-stripe-a=5 | books-stripe-b=5
q076,New York City,Head,CrossStripe,Lexical,Keyword,quota-merge,0.9781020376324632,0.7,0.5384615384615384,0.6444444444444445,0.7237608684764066,0.7554334019854627,1,2,0.00075,53.2248,books-stripe-a=5 | books-stripe-b=5
q076,New York City,Head,CrossStripe,Lexical,Keyword,global-rrf,0.9781020376324632,0.7,0.5384615384615384,0.6444444444444445,0.7237608684764066,0.7554334019854627,1,2,0.00075,53.2415,books-stripe-a=5 | books-stripe-b=5
q076,New York City,Head,CrossStripe,Lexical,Keyword,minmax-norm,0.99693946391835,0.9,0.8181818181818182,1,0.849427619122904,0.8432768745969323,1,2,0.00075,53.270300000000006,books-stripe-a=2 | books-stripe-b=8
q076,New York City,Head,CrossStripe,Lexical,Keyword,zscore-norm,0.9723281810920503,0.8,0.6666666666666666,0.7777777777777778,0.7295793625603413,0.7547872978039318,1,2,0.00075,53.2646,books-stripe-a=4 | books-stripe-b=6
q076,New York City,Head,CrossStripe,Lexical,Keyword,idf-correct-probe,0.9760017204697853,0.9,0.8181818181818182,0.7777777777777778,0.7414676098051591,0.7562921179498961,1,6,0.000816668,221.7335,books-stripe-a=3 | books-stripe-b=7
q076,New York City,Head,CrossStripe,Lexical,Keyword,idf-correct-sidecar,0.9760017204697853,0.9,0.8181818181818182,0.7777777777777778,0.7414676098051591,0.7562921179498961,1,2,0.00075,53.273,books-stripe-a=3 | books-stripe-b=7
q077,an unlikely friendship between two very different people,Torso,CrossStripe,Conceptual,Keyword,single-index,1,1,1,1,1,0.3301540397681022,1,1,0.000433333,67.067,books-oracle=10
q077,an unlikely friendship between two very different people,Torso,CrossStripe,Conceptual,Keyword,naive-score,0.9856824942045787,0.9,0.8181818181818182,0.8222222222222222,0.8034365179094701,0.33362376706075536,1,2,0.000833334,56.3751,books-stripe-a=6 | books-stripe-b=4
q077,an unlikely friendship between two very different people,Torso,CrossStripe,Conceptual,Keyword,interleave,0.9968276364460505,1,1,0.7333333333333333,0.8036556232010772,0.33000573669816685,1,2,0.000833334,56.36,books-stripe-a=5 | books-stripe-b=5
q077,an unlikely friendship between two very different people,Torso,CrossStripe,Conceptual,Keyword,quota-merge,0.9439253381995997,1,1,0.7777777777777778,0.7218952174489716,0.3774785092913706,1,2,0.000833334,56.3525,books-stripe-a=5 | books-stripe-b=5
q077,an unlikely friendship between two very different people,Torso,CrossStripe,Conceptual,Keyword,global-rrf,0.9439253381995997,1,1,0.7777777777777778,0.7218952174489716,0.3774785092913706,1,2,0.000833334,56.3692,books-stripe-a=5 | books-stripe-b=5
q077,an unlikely friendship between two very different people,Torso,CrossStripe,Conceptual,Keyword,minmax-norm,0.9442607294925078,1,1,0.7777777777777778,0.7302774485839771,0.3774785092913706,1,2,0.000833334,56.398700000000005,books-stripe-a=5 | books-stripe-b=5
q077,an unlikely friendship between two very different people,Torso,CrossStripe,Conceptual,Keyword,zscore-norm,0.9988572442738854,1,1,0.8222222222222222,0.8307954960046622,0.3310617536202131,1,2,0.000833334,56.3915,books-stripe-a=5 | books-stripe-b=5
q077,an unlikely friendship between two very different people,Torso,CrossStripe,Conceptual,Keyword,idf-correct-probe,0.9183432554111551,1,1,0.7777777777777778,0.6898520742922056,0.3692452062272236,1,12,0.001000004,481.9674,books-stripe-a=5 | books-stripe-b=5
q077,an unlikely friendship between two very different people,Torso,CrossStripe,Conceptual,Keyword,idf-correct-sidecar,0.9988572442738854,1,1,0.8222222222222222,0.8307954960046622,0.3310617536202131,1,2,0.000833334,56.4133,books-stripe-a=5 | books-stripe-b=5
q078,climate change and environmental collapse,Torso,CrossStripe,Mixed,Keyword,single-index,1,1,1,1,1,0.8062973337341608,1,1,0.00035,62.4917,books-oracle=10
q078,climate change and environmental collapse,Torso,CrossStripe,Mixed,Keyword,naive-score,0.9857472962650347,0.8,0.6666666666666666,0.8222222222222222,0.7987433096237787,0.94546789582947,1,2,0.000366666,54.2697,books-stripe-a=6 | books-stripe-b=4
q078,climate change and environmental collapse,Torso,CrossStripe,Mixed,Keyword,interleave,0.9096540070489423,0.9,0.8181818181818182,0.5111111111111111,0.6331888566301377,0.8859554198836609,1,2,0.000366666,54.2575,books-stripe-a=5 | books-stripe-b=5
q078,climate change and environmental collapse,Torso,CrossStripe,Mixed,Keyword,quota-merge,0.9162724421763146,0.9,0.8181818181818182,0.6,0.673518707616265,0.8859554198836609,1,2,0.000366666,54.2485,books-stripe-a=5 | books-stripe-b=5
q078,climate change and environmental collapse,Torso,CrossStripe,Mixed,Keyword,global-rrf,0.9162724421763146,0.9,0.8181818181818182,0.6,0.673518707616265,0.8859554198836609,1,2,0.000366666,54.2649,books-stripe-a=5 | books-stripe-b=5
q078,climate change and environmental collapse,Torso,CrossStripe,Mixed,Keyword,minmax-norm,0.8676882636147429,0.6,0.42857142857142855,0.8666666666666667,0.5514299460883083,0.9621404437403491,1,2,0.000366666,54.3067,books-stripe-a=8 | books-stripe-b=2
q078,climate change and environmental collapse,Torso,CrossStripe,Mixed,Keyword,zscore-norm,0.9540885045367228,0.6,0.42857142857142855,1,0.7243209876518863,0.9621404437403491,1,2,0.000366666,54.2871,books-stripe-a=8 | books-stripe-b=2
q078,climate change and environmental collapse,Torso,CrossStripe,Mixed,Keyword,idf-correct-probe,0.9976113261367748,0.9,0.8181818181818182,0.7777777777777778,0.8240776234237948,0.8836981896647146,1,10,0.0005000019999999999,394.76849999999996,books-stripe-a=5 | books-stripe-b=5
q078,climate change and environmental collapse,Torso,CrossStripe,Mixed,Keyword,idf-correct-sidecar,0.997847763870533,0.9,0.8181818181818182,0.9111111111111111,0.8270305821305949,0.8699181219331126,1,2,0.000366666,54.3026,books-stripe-a=5 | books-stripe-b=5
q079,memory and how unreliable it can be,Torso,CrossStripe,Conceptual,Keyword,single-index,1,1,1,1,1,0.454858502406438,1,1,0.000416667,64.3987,books-oracle=10
q079,memory and how unreliable it can be,Torso,CrossStripe,Conceptual,Keyword,naive-score,0.931134004201523,0.5,0.3333333333333333,0.6,0.6673418573182411,0.42262029604933504,1,2,0.000766666,54.7775,books-stripe-a=8 | books-stripe-b=2
q079,memory and how unreliable it can be,Torso,CrossStripe,Conceptual,Keyword,interleave,0.9239266517598255,0.7,0.5384615384615384,0.3333333333333333,0.5882318176095717,0.3853702791734895,1,2,0.000766666,54.7656,books-stripe-a=5 | books-stripe-b=5
q079,memory and how unreliable it can be,Torso,CrossStripe,Conceptual,Keyword,quota-merge,0.9117080898796012,0.7,0.5384615384615384,0.3333333333333333,0.5527097136709811,0.390667589598775,1,2,0.000766666,54.756,books-stripe-a=5 | books-stripe-b=5
q079,memory and how unreliable it can be,Torso,CrossStripe,Conceptual,Keyword,global-rrf,0.9117080898796012,0.7,0.5384615384615384,0.3333333333333333,0.5527097136709811,0.390667589598775,1,2,0.000766666,54.7729,books-stripe-a=5 | books-stripe-b=5
q079,memory and how unreliable it can be,Torso,CrossStripe,Conceptual,Keyword,minmax-norm,0.8804588285706123,0.8,0.6666666666666666,-0.1111111111111111,0.5085732037294941,0.39003129897509475,1,2,0.000766666,54.800200000000004,books-stripe-a=2 | books-stripe-b=8
q079,memory and how unreliable it can be,Torso,CrossStripe,Conceptual,Keyword,zscore-norm,0.939968698357506,0.7,0.5384615384615384,0.4666666666666667,0.6310923916232951,0.3867621554449764,1,2,0.000766666,54.7973,books-stripe-a=5 | books-stripe-b=5
q079,memory and how unreliable it can be,Torso,CrossStripe,Conceptual,Keyword,idf-correct-probe,0.944332801216834,0.7,0.5384615384615384,0.4222222222222222,0.6837319729424215,0.4357959085052778,1,8,0.000866668,308.1052,books-stripe-a=6 | books-stripe-b=4
q079,memory and how unreliable it can be,Torso,CrossStripe,Conceptual,Keyword,idf-correct-sidecar,0.9448293510038884,0.7,0.5384615384615384,0.4666666666666667,0.6897416567518423,0.43761133620949955,1,2,0.000766666,54.8168,books-stripe-a=6 | books-stripe-b=4
q080,a doctor confronting the limits of medicine,Tail,CrossStripe,Conceptual,Keyword,single-index,1,1,1,1,1,0.5357916837107143,1,1,0.000366667,65.8358,books-oracle=10
q080,a doctor confronting the limits of medicine,Tail,CrossStripe,Conceptual,Keyword,naive-score,0.9669306681330991,0.7,0.5384615384615384,0.6,0.7009704011411846,0.3632559142921375,1,2,0.0007,55.6883,books-stripe-a=7 | books-stripe-b=3
q080,a doctor confronting the limits of medicine,Tail,CrossStripe,Conceptual,Keyword,interleave,0.8797879003174649,0.8,0.6666666666666666,0.4666666666666667,0.5732126867410744,0.41857106893682666,1,2,0.0007,55.675,books-stripe-a=5 | books-stripe-b=5
q080,a doctor confronting the limits of medicine,Tail,CrossStripe,Conceptual,Keyword,quota-merge,0.964113771135855,0.8,0.6666666666666666,0.5555555555555556,0.678538481209296,0.5001168248255362,1,2,0.0007,55.6665,books-stripe-a=5 | books-stripe-b=5
q080,a doctor confronting the limits of medicine,Tail,CrossStripe,Conceptual,Keyword,global-rrf,0.964113771135855,0.8,0.6666666666666666,0.5555555555555556,0.678538481209296,0.5001168248255362,1,2,0.0007,55.681799999999996,books-stripe-a=5 | books-stripe-b=5
q080,a doctor confronting the limits of medicine,Tail,CrossStripe,Conceptual,Keyword,minmax-norm,0.9539582109187984,0.7,0.5384615384615384,0.4222222222222222,0.6431167219982512,0.3558032930420299,1,2,0.0007,55.74,books-stripe-a=7 | books-stripe-b=3
q080,a doctor confronting the limits of medicine,Tail,CrossStripe,Conceptual,Keyword,zscore-norm,0.9875100155187619,0.8,0.6666666666666666,0.5555555555555556,0.7532840226777738,0.4370602829152645,1,2,0.0007,55.7042,books-stripe-a=6 | books-stripe-b=4
q080,a doctor confronting the limits of medicine,Tail,CrossStripe,Conceptual,Keyword,idf-correct-probe,0.9907738140069943,0.9,0.8181818181818182,0.8666666666666667,0.8201614128890896,0.544751919035142,1,10,0.000833336,394.5091,books-stripe-a=4 | books-stripe-b=6
q080,a doctor confronting the limits of medicine,Tail,CrossStripe,Conceptual,Keyword,idf-correct-sidecar,0.9907738140069943,0.9,0.8181818181818182,0.8666666666666667,0.8201614128890896,0.544751919035142,1,2,0.0007,55.7211,books-stripe-a=4 | books-stripe-b=6
q081,immortality and the cost of living forever,Tail,CrossStripe,Conceptual,Keyword,single-index,1,1,1,1,1,0.467288999132569,1,1,0.0004,65.7767,books-oracle=10
q081,immortality and the cost of living forever,Tail,CrossStripe,Conceptual,Keyword,naive-score,0.9893118135096269,0.8,0.6666666666666666,0.8222222222222222,0.787576525868563,0.4365566597070364,1,2,0.000566667,55.3808,books-stripe-a=5 | books-stripe-b=5
q081,immortality and the cost of living forever,Tail,CrossStripe,Conceptual,Keyword,interleave,0.9800870625419567,0.8,0.6666666666666666,0.6888888888888889,0.7324509208923481,0.4286696423788795,1,2,0.000566667,55.366899999999994,books-stripe-a=5 | books-stripe-b=5
q081,immortality and the cost of living forever,Tail,CrossStripe,Conceptual,Keyword,quota-merge,0.9036139416334611,0.8,0.6666666666666666,0.5111111111111111,0.6139351482415842,0.49356359121452165,1,2,0.000566667,55.3582,books-stripe-a=5 | books-stripe-b=5
q081,immortality and the cost of living forever,Tail,CrossStripe,Conceptual,Keyword,global-rrf,0.9036139416334611,0.8,0.6666666666666666,0.5111111111111111,0.6139351482415842,0.49356359121452165,1,2,0.000566667,55.373799999999996,books-stripe-a=5 | books-stripe-b=5
q081,immortality and the cost of living forever,Tail,CrossStripe,Conceptual,Keyword,minmax-norm,0.9021123833262791,0.8,0.6666666666666666,0.4222222222222222,0.5980329807952568,0.4895905862763075,1,2,0.000566667,55.401799999999994,books-stripe-a=5 | books-stripe-b=5
q081,immortality and the cost of living forever,Tail,CrossStripe,Conceptual,Keyword,zscore-norm,0.9760773199605688,0.8,0.6666666666666666,0.4666666666666667,0.6985510282159417,0.41996545276957126,1,2,0.000566667,55.3957,books-stripe-a=5 | books-stripe-b=5
q081,immortality and the cost of living forever,Tail,CrossStripe,Conceptual,Keyword,idf-correct-probe,0.9917939963764207,0.9,0.8181818181818182,0.7777777777777778,0.803774059706201,0.4716961755647202,1,8,0.0006666689999999999,308.3976,books-stripe-a=8 | books-stripe-b=2
q081,immortality and the cost of living forever,Tail,CrossStripe,Conceptual,Keyword,idf-correct-sidecar,0.991240630421806,0.9,0.8181818181818182,0.7333333333333333,0.7961427151863015,0.47225798987366063,1,2,0.000566667,55.4097,books-stripe-a=8 | books-stripe-b=2
q082,twins separated at birth,Tail,CrossStripe,Lexical,Keyword,single-index,1,1,1,1,1,0.32087933589191214,1,1,0.000316667,91.8621,books-oracle=10
q082,twins separated at birth,Tail,CrossStripe,Lexical,Keyword,naive-score,0.9902956548492533,0.9,0.8181818181818182,0.7333333333333333,0.7818929840969308,0.46014211528650417,1,2,0.0005833329999999999,56.0681,books-stripe-a=6 | books-stripe-b=4
q082,twins separated at birth,Tail,CrossStripe,Lexical,Keyword,interleave,0.9576543480855403,0.9,0.8181818181818182,0.4222222222222222,0.6580834465002064,0.488127269429036,1,2,0.0005833329999999999,56.0518,books-stripe-a=5 | books-stripe-b=5
q082,twins separated at birth,Tail,CrossStripe,Lexical,Keyword,quota-merge,0.8571404341938207,0.9,0.8181818181818182,0.28888888888888886,0.5451263075120855,0.5920022166856544,1,2,0.0005833329999999999,56.0441,books-stripe-a=5 | books-stripe-b=5
q082,twins separated at birth,Tail,CrossStripe,Lexical,Keyword,global-rrf,0.8571404341938207,0.9,0.8181818181818182,0.28888888888888886,0.5451263075120855,0.5920022166856544,1,2,0.0005833329999999999,56.0585,books-stripe-a=5 | books-stripe-b=5
q082,twins separated at birth,Tail,CrossStripe,Lexical,Keyword,minmax-norm,0.8760581893856966,0.9,0.8181818181818182,0.6444444444444445,0.6361418153369376,0.6051614072390783,1,2,0.0005833329999999999,56.0875,books-stripe-a=6 | books-stripe-b=4
q082,twins separated at birth,Tail,CrossStripe,Lexical,Keyword,zscore-norm,0.8721335362928924,0.9,0.8181818181818182,0.4222222222222222,0.5994183251881683,0.6023560064589024,1,2,0.0005833329999999999,56.0801,books-stripe-a=6 | books-stripe-b=4
q082,twins separated at birth,Tail,CrossStripe,Lexical,Keyword,idf-correct-probe,0.9965853911466381,0.9,0.8181818181818182,0.8666666666666667,0.8134023764218931,0.4226735110044813,1,8,0.0006833349999999999,310.9161,books-stripe-a=6 | books-stripe-b=4
q082,twins separated at birth,Tail,CrossStripe,Lexical,Keyword,idf-correct-sidecar,0.9965853911466381,0.9,0.8181818181818182,0.8666666666666667,0.8134023764218931,0.4226735110044813,1,2,0.0005833329999999999,56.0917,books-stripe-a=6 | books-stripe-b=4
q083,a letter that arrives decades too late,Tail,CrossStripe,Conceptual,Keyword,single-index,1,1,1,1,1,0.16185245180915425,1,1,0.000366667,66.2115,books-oracle=10
q083,a letter that arrives decades too late,Tail,CrossStripe,Conceptual,Keyword,naive-score,0.9599294500780013,0.7,0.5384615384615384,0.6444444444444445,0.6821543198402098,0.15286973308959226,1,2,0.000666666,56.0158,books-stripe-a=6 | books-stripe-b=4
q083,a letter that arrives decades too late,Tail,CrossStripe,Conceptual,Keyword,interleave,0.8467878161866802,0.7,0.5384615384615384,0.24444444444444444,0.4922732009516294,0.1753363682688256,1,2,0.000666666,55.9983,books-stripe-a=5 | books-stripe-b=5
q083,a letter that arrives decades too late,Tail,CrossStripe,Conceptual,Keyword,quota-merge,0.848487837672853,0.7,0.5384615384615384,0.3333333333333333,0.5047122925190655,0.1782832579220257,1,2,0.000666666,55.9891,books-stripe-a=5 | books-stripe-b=5
q083,a letter that arrives decades too late,Tail,CrossStripe,Conceptual,Keyword,global-rrf,0.848487837672853,0.7,0.5384615384615384,0.3333333333333333,0.5047122925190655,0.1782832579220257,1,2,0.000666666,56.005900000000004,books-stripe-a=5 | books-stripe-b=5
q083,a letter that arrives decades too late,Tail,CrossStripe,Conceptual,Keyword,minmax-norm,0.8632888168135165,0.7,0.5384615384615384,0.5555555555555556,0.5816362724195249,0.18035662174306094,1,2,0.000666666,56.0348,books-stripe-a=6 | books-stripe-b=4
q083,a letter that arrives decades too late,Tail,CrossStripe,Conceptual,Keyword,zscore-norm,0.8601294714437794,0.7,0.5384615384615384,0.4666666666666667,0.5585538106000758,0.174472286463402,1,2,0.000666666,56.0281,books-stripe-a=6 | books-stripe-b=4
q083,a letter that arrives decades too late,Tail,CrossStripe,Conceptual,Keyword,idf-correct-probe,0.9825276138032971,0.8,0.6666666666666666,0.7333333333333333,0.7551317102432304,0.17423680327267177,1,12,0.000833336,507.13320000000004,books-stripe-a=4 | books-stripe-b=6
q083,a letter that arrives decades too late,Tail,CrossStripe,Conceptual,Keyword,idf-correct-sidecar,0.9825276138032971,0.8,0.6666666666666666,0.7333333333333333,0.7551317102432304,0.17423680327267177,1,2,0.000666666,56.0488,books-stripe-a=4 | books-stripe-b=6
q084,music and the people who devote their lives to it,Torso,CrossStripe,Conceptual,Keyword,single-index,1,1,1,1,1,0.3311964280203346,1,1,0.000433333,66.4452,books-oracle=10
q084,music and the people who devote their lives to it,Torso,CrossStripe,Conceptual,Keyword,naive-score,0.7704878810034179,0.7,0.5384615384615384,0.06666666666666667,0.358376620084423,0.1599277718428565,1,2,0.0008,57.4147,books-stripe-a=5 | books-stripe-b=5
q084,music and the people who devote their lives to it,Torso,CrossStripe,Conceptual,Keyword,interleave,0.8196320173514458,0.7,0.5384615384615384,0.28888888888888886,0.44546266753237795,0.1596578904849966,1,2,0.0008,57.398700000000005,books-stripe-a=5 | books-stripe-b=5
q084,music and the people who devote their lives to it,Torso,CrossStripe,Conceptual,Keyword,quota-merge,0.9239660378284495,0.7,0.5384615384615384,0.37777777777777777,0.5591706931356053,0.1625485399119733,1,2,0.0008,57.3911,books-stripe-a=5 | books-stripe-b=5
q084,music and the people who devote their lives to it,Torso,CrossStripe,Conceptual,Keyword,global-rrf,0.9239660378284495,0.7,0.5384615384615384,0.37777777777777777,0.5591706931356053,0.1625485399119733,1,2,0.0008,57.4074,books-stripe-a=5 | books-stripe-b=5
q084,music and the people who devote their lives to it,Torso,CrossStripe,Conceptual,Keyword,minmax-norm,0.9465072510344426,0.8,0.6666666666666666,0.3333333333333333,0.6081138191498023,0.21251983053670379,1,2,0.0008,57.436800000000005,books-stripe-a=4 | books-stripe-b=6
q084,music and the people who devote their lives to it,Torso,CrossStripe,Conceptual,Keyword,zscore-norm,0.8411459517938138,0.8,0.6666666666666666,0.15555555555555556,0.4840622597628904,0.21163414407910852,1,2,0.0008,57.4309,books-stripe-a=4 | books-stripe-b=6
q084,music and the people who devote their lives to it,Torso,CrossStripe,Conceptual,Keyword,idf-correct-probe,0.9897484036649165,0.9,0.8181818181818182,0.9555555555555556,0.8269700298756975,0.25866256788352104,1,8,0.000900002,335.4502,books-stripe-a=3 | books-stripe-b=7
q084,music and the people who devote their lives to it,Torso,CrossStripe,Conceptual,Keyword,idf-correct-sidecar,0.9766551725986318,0.8,0.6666666666666666,0.7777777777777778,0.7439113981671848,0.23631542254702176,1,2,0.0008,57.4455,books-stripe-a=4 | books-stripe-b=6
q085,a trial that divides a town,Torso,CrossStripe,Conceptual,Keyword,single-index,1,1,1,1,1,0.1601766584003884,1,1,0.000366667,62.964,books-oracle=10
q085,a trial that divides a town,Torso,CrossStripe,Conceptual,Keyword,naive-score,0.999872026239713,1,1,0.9555555555555556,0.8515054104985265,0.15905302978250757,1,2,0.000516666,57.337900000000005,books-stripe-a=6 | books-stripe-b=4
q085,a trial that divides a town,Torso,CrossStripe,Conceptual,Keyword,interleave,0.9889850889142798,0.9,0.8181818181818182,0.7777777777777778,0.7633486854144295,0.2075239077844109,1,2,0.000516666,57.3238,books-stripe-a=5 | books-stripe-b=5
q085,a trial that divides a town,Torso,CrossStripe,Conceptual,Keyword,quota-merge,0.988504215797905,0.9,0.8181818181818182,0.7333333333333333,0.75571734089453,0.20583846485758972,1,2,0.000516666,57.3151,books-stripe-a=5 | books-stripe-b=5
q085,a trial that divides a town,Torso,CrossStripe,Conceptual,Keyword,global-rrf,0.988504215797905,0.9,0.8181818181818182,0.7333333333333333,0.75571734089453,0.20583846485758972,1,2,0.000516666,57.331700000000005,books-stripe-a=5 | books-stripe-b=5
q085,a trial that divides a town,Torso,CrossStripe,Conceptual,Keyword,minmax-norm,0.9875699086003582,0.9,0.8181818181818182,0.7333333333333333,0.7501587072318873,0.2075239077844109,1,2,0.000516666,57.3584,books-stripe-a=5 | books-stripe-b=5
q085,a trial that divides a town,Torso,CrossStripe,Conceptual,Keyword,zscore-norm,0.9128632506435432,0.9,0.8181818181818182,0.6,0.6372015682437662,0.20734328500355395,1,2,0.000516666,57.353500000000004,books-stripe-a=5 | books-stripe-b=5
q085,a trial that divides a town,Torso,CrossStripe,Conceptual,Keyword,idf-correct-probe,0.9924160788794163,0.9,0.8181818181818182,0.7777777777777778,0.7775048222462699,0.16940160862401873,1,6,0.000583334,228.2657,books-stripe-a=7 | books-stripe-b=3
q085,a trial that divides a town,Torso,CrossStripe,Conceptual,Keyword,idf-correct-sidecar,0.999872026239713,1,1,0.9555555555555556,0.8515054104985265,0.15905302978250757,1,2,0.000516666,57.3654,books-stripe-a=6 | books-stripe-b=4
q086,forbidden love across a social divide,Torso,CrossStripe,Conceptual,Keyword,single-index,1,1,1,1,1,0.27705943918221815,0.9,1,0.000416667,66.2427,books-oracle=10
q086,forbidden love across a social divide,Torso,CrossStripe,Conceptual,Keyword,naive-score,0.9622089730683614,0.7,0.5384615384615384,0.5555555555555556,0.6979442212928633,0.3374559731117584,0.9,2,0.0006000000000000001,55.7,books-stripe-a=3 | books-stripe-b=7
q086,forbidden love across a social divide,Torso,CrossStripe,Conceptual,Keyword,interleave,0.8561517147661302,0.5,0.3333333333333333,0.5111111111111111,0.5509479282645087,0.29762319940564763,0.9,2,0.0006000000000000001,55.6876,books-stripe-a=5 | books-stripe-b=5
q086,forbidden love across a social divide,Torso,CrossStripe,Conceptual,Keyword,quota-merge,0.9250481796938899,0.5,0.3333333333333333,0.5555555555555556,0.6243261028816086,0.2872102508015737,0.9,2,0.0006000000000000001,55.6783,books-stripe-a=5 | books-stripe-b=5
q086,forbidden love across a social divide,Torso,CrossStripe,Conceptual,Keyword,global-rrf,0.9250481796938899,0.5,0.3333333333333333,0.5555555555555556,0.6243261028816086,0.2872102508015737,0.9,2,0.0006000000000000001,55.6948,books-stripe-a=5 | books-stripe-b=5
q086,forbidden love across a social divide,Torso,CrossStripe,Conceptual,Keyword,minmax-norm,0.9330818007869085,0.5,0.3333333333333333,0.8222222222222222,0.6514659756851935,0.29702857907490354,0.9,2,0.0006000000000000001,55.7228,books-stripe-a=5 | books-stripe-b=5
q086,forbidden love across a social divide,Torso,CrossStripe,Conceptual,Keyword,zscore-norm,0.9433488190772973,0.6,0.42857142857142855,0.7777777777777778,0.6741763320946729,0.3374559731117584,0.9,2,0.0006000000000000001,55.7186,books-stripe-a=4 | books-stripe-b=6
q086,forbidden love across a social divide,Torso,CrossStripe,Conceptual,Keyword,idf-correct-probe,0.9433488190772973,0.6,0.42857142857142855,0.7777777777777778,0.6741763320946729,0.3374559731117584,0.9,6,0.000666668,225.18370000000002,books-stripe-a=4 | books-stripe-b=6
q086,forbidden love across a social divide,Torso,CrossStripe,Conceptual,Keyword,idf-correct-sidecar,0.9703521593241163,0.8,0.6666666666666666,0.5111111111111111,0.722796381945122,0.31852619498193296,0.9,2,0.0006000000000000001,55.7379,books-stripe-a=2 | books-stripe-b=8
q087,an old man looking back on his life,Torso,CrossStripe,Conceptual,Keyword,single-index,1,1,1,1,1,0.06698743049663076,1,1,0.000433333,67.9352,books-oracle=10
q087,an old man looking back on his life,Torso,CrossStripe,Conceptual,Keyword,naive-score,0.9646680325927465,0.9,0.8181818181818182,0.6444444444444445,0.735523387783705,0.0735212633373672,1,2,0.0008166670000000001,57.507400000000004,books-stripe-a=6 | books-stripe-b=4
q087,an old man looking back on his life,Torso,CrossStripe,Conceptual,Keyword,interleave,0.8741157954439251,0.8,0.6666666666666666,0.5555555555555556,0.6005774761032839,0.14114992817405492,1,2,0.0008166670000000001,57.4917,books-stripe-a=5 | books-stripe-b=5
q087,an old man looking back on his life,Torso,CrossStripe,Conceptual,Keyword,quota-merge,0.9623611196276439,0.8,0.6666666666666666,0.6444444444444445,0.6934641790040694,0.14273283858216604,1,2,0.0008166670000000001,57.4848,books-stripe-a=5 | books-stripe-b=5
q087,an old man looking back on his life,Torso,CrossStripe,Conceptual,Keyword,global-rrf,0.9623611196276439,0.8,0.6666666666666666,0.6444444444444445,0.6934641790040694,0.14273283858216604,1,2,0.0008166670000000001,57.5001,books-stripe-a=5 | books-stripe-b=5
q087,an old man looking back on his life,Torso,CrossStripe,Conceptual,Keyword,minmax-norm,0.9417303537347743,0.7,0.5384615384615384,0.6,0.6640308303028808,0.05321374452135718,1,2,0.0008166670000000001,57.5295,books-stripe-a=8 | books-stripe-b=2
q087,an old man looking back on his life,Torso,CrossStripe,Conceptual,Keyword,zscore-norm,0.964457905188994,0.9,0.8181818181818182,0.5555555555555556,0.7247059569267474,0.0743826404370677,1,2,0.0008166670000000001,57.5239,books-stripe-a=6 | books-stripe-b=4
q087,an old man looking back on his life,Torso,CrossStripe,Conceptual,Keyword,idf-correct-probe,0.9417303537347743,0.7,0.5384615384615384,0.6,0.6640308303028808,0.05321374452135718,1,10,0.000950003,396.1311,books-stripe-a=8 | books-stripe-b=2
q087,an old man looking back on his life,Torso,CrossStripe,Conceptual,Keyword,idf-correct-sidecar,0.9643531596252752,0.9,0.8181818181818182,0.5555555555555556,0.7218823594543847,0.07246727462071048,1,2,0.0008166670000000001,57.5614,books-stripe-a=6 | books-stripe-b=4
q088,letters and diaries as a way of telling a story,Tail,CrossStripe,Conceptual,Keyword,single-index,1,1,1,1,1,0.9603250160361273,1,1,0.0004,67.4491,books-oracle=10
q088,letters and diaries as a way of telling a story,Tail,CrossStripe,Conceptual,Keyword,naive-score,0.9571943775189308,0.8,0.6666666666666666,0.5555555555555556,0.6864263894220763,0.933745776545611,1,2,0.00075,56.937200000000004,books-stripe-a=7 | books-stripe-b=3
q088,letters and diaries as a way of telling a story,Tail,CrossStripe,Conceptual,Keyword,interleave,0.8480149133103293,0.9,0.8181818181818182,0.28888888888888886,0.5498478659333362,0.9305687780632227,1,2,0.00075,56.923300000000005,books-stripe-a=5 | books-stripe-b=5
q088,letters and diaries as a way of telling a story,Tail,CrossStripe,Conceptual,Keyword,quota-merge,0.9533383854560941,0.9,0.8181818181818182,0.37777777777777777,0.6503659133540213,0.9305687780632227,1,2,0.00075,56.914,books-stripe-a=5 | books-stripe-b=5
q088,letters and diaries as a way of telling a story,Tail,CrossStripe,Conceptual,Keyword,global-rrf,0.9533383854560941,0.9,0.8181818181818182,0.37777777777777777,0.6503659133540213,0.9305687780632227,1,2,0.00075,56.9299,books-stripe-a=5 | books-stripe-b=5
q088,letters and diaries as a way of telling a story,Tail,CrossStripe,Conceptual,Keyword,minmax-norm,0.9316202047696426,0.8,0.6666666666666666,0.4666666666666667,0.6140533952791832,0.933745776545611,1,2,0.00075,56.961600000000004,books-stripe-a=7 | books-stripe-b=3
q088,letters and diaries as a way of telling a story,Tail,CrossStripe,Conceptual,Keyword,zscore-norm,0.9571943775189308,0.8,0.6666666666666666,0.5555555555555556,0.6864263894220763,0.933745776545611,1,2,0.00075,56.9545,books-stripe-a=7 | books-stripe-b=3
q088,letters and diaries as a way of telling a story,Tail,CrossStripe,Conceptual,Keyword,idf-correct-probe,0.9787576362045881,0.9,0.8181818181818182,0.4222222222222222,0.7227389074969144,0.9305687780632227,1,10,0.000883336,396.6382,books-stripe-a=5 | books-stripe-b=5
q088,letters and diaries as a way of telling a story,Tail,CrossStripe,Conceptual,Keyword,idf-correct-sidecar,0.9571943775189308,0.8,0.6666666666666666,0.5555555555555556,0.6864263894220763,0.933745776545611,1,2,0.00075,56.97110000000001,books-stripe-a=7 | books-stripe-b=3
q089,the price of ambition,Torso,CrossStripe,Conceptual,Keyword,single-index,1,1,1,1,1,0.15090505422145187,1,1,0.00035,61.8096,books-oracle=10
q089,the price of ambition,Torso,CrossStripe,Conceptual,Keyword,naive-score,0.9920446866324779,0.8,0.6666666666666666,0.7777777777777778,0.7917559006752405,0.15700207164295626,1,2,0.00048333299999999996,53.316,books-stripe-a=4 | books-stripe-b=6
q089,the price of ambition,Torso,CrossStripe,Conceptual,Keyword,interleave,0.9815464585971824,0.9,0.8181818181818182,0.28888888888888886,0.7238971210989418,0.11429034039705659,1,2,0.00048333299999999996,53.300200000000004,books-stripe-a=5 | books-stripe-b=5
q089,the price of ambition,Torso,CrossStripe,Conceptual,Keyword,quota-merge,0.98637720021616,0.9,0.8181818181818182,0.37777777777777777,0.7315284656188412,0.1173308003044658,1,2,0.00048333299999999996,53.2904,books-stripe-a=5 | books-stripe-b=5
q089,the price of ambition,Torso,CrossStripe,Conceptual,Keyword,global-rrf,0.98637720021616,0.9,0.8181818181818182,0.37777777777777777,0.7315284656188412,0.1173308003044658,1,2,0.00048333299999999996,53.307500000000005,books-stripe-a=5 | books-stripe-b=5
q089,the price of ambition,Torso,CrossStripe,Conceptual,Keyword,minmax-norm,0.9847790061542001,0.7,0.5384615384615384,0.8222222222222222,0.7750552280751821,0.15700207164295626,1,2,0.00048333299999999996,53.333400000000005,books-stripe-a=3 | books-stripe-b=7
q089,the price of ambition,Torso,CrossStripe,Conceptual,Keyword,zscore-norm,0.9954858762378,0.9,0.8181818181818182,0.7777777777777778,0.7997613480925726,0.13910911956644026,1,2,0.00048333299999999996,53.3379,books-stripe-a=5 | books-stripe-b=5
q089,the price of ambition,Torso,CrossStripe,Conceptual,Keyword,idf-correct-probe,0.9219929047892544,0.6,0.42857142857142855,0.8666666666666667,0.6648280447589752,0.15700207164295626,1,6,0.0005500009999999999,220.9352,books-stripe-a=2 | books-stripe-b=8
q089,the price of ambition,Torso,CrossStripe,Conceptual,Keyword,idf-correct-sidecar,0.9847790061542001,0.7,0.5384615384615384,0.8222222222222222,0.7750552280751821,0.15700207164295626,1,2,0.00048333299999999996,53.3525,books-stripe-a=3 | books-stripe-b=7
q090,a con artist whose scheme goes wrong,Tail,CrossStripe,Conceptual,Keyword,single-index,1,1,1,1,1,0.3740924291935998,1,1,0.000766667,67.2264,books-oracle=10
q090,a con artist whose scheme goes wrong,Tail,CrossStripe,Conceptual,Keyword,naive-score,0.9347398214381087,0.9,0.8181818181818182,0.7333333333333333,0.6994473557309346,0.33844531485326046,1,2,0.000533333,56.0595,books-stripe-a=5 | books-stripe-b=5
q090,a con artist whose scheme goes wrong,Tail,CrossStripe,Conceptual,Keyword,interleave,0.8959883238943974,0.9,0.8181818181818182,0.6,0.6040765616325222,0.2997799736142896,1,2,0.000533333,56.045,books-stripe-a=5 | books-stripe-b=5
q090,a con artist whose scheme goes wrong,Tail,CrossStripe,Conceptual,Keyword,quota-merge,0.8536161407651798,0.9,0.8181818181818182,0.5555555555555556,0.5956943304975164,0.28097359109139863,1,2,0.000533333,56.0351,books-stripe-a=5 | books-stripe-b=5
q090,a con artist whose scheme goes wrong,Tail,CrossStripe,Conceptual,Keyword,global-rrf,0.8536161407651798,0.9,0.8181818181818182,0.5555555555555556,0.5956943304975164,0.28097359109139863,1,2,0.000533333,56.052,books-stripe-a=5 | books-stripe-b=5
q090,a con artist whose scheme goes wrong,Tail,CrossStripe,Conceptual,Keyword,minmax-norm,0.80417968442686,0.9,0.8181818181818182,0.5111111111111111,0.4838625626737654,0.24568465777633738,1,2,0.000533333,56.0814,books-stripe-a=3 | books-stripe-b=7
q090,a con artist whose scheme goes wrong,Tail,CrossStripe,Conceptual,Keyword,zscore-norm,0.9318325961705086,0.9,0.8181818181818182,0.7777777777777778,0.6640099136562737,0.3196054937459888,1,2,0.000533333,56.0751,books-stripe-a=5 | books-stripe-b=5
q090,a con artist whose scheme goes wrong,Tail,CrossStripe,Conceptual,Keyword,idf-correct-probe,0.8770732025441103,0.4,0.25,0.5555555555555556,0.5699167061005208,0.4069601230746278,1,14,0.0007333369999999999,565.9576999999999,books-stripe-a=10
q090,a con artist whose scheme goes wrong,Tail,CrossStripe,Conceptual,Keyword,idf-correct-sidecar,0.8770732025441103,0.4,0.25,0.5555555555555556,0.5699167061005208,0.4069601230746278,1,2,0.000533333,56.097,books-stripe-a=10
q091,prison,Head,CrossStripe,Lexical,Keyword,single-index,1,1,1,1,1,0.7686819077235801,1,1,0.000283333,61.6174,books-oracle=10
q091,prison,Head,CrossStripe,Lexical,Keyword,naive-score,0.9449836447287533,1,1,0.8222222222222222,0.7379087931038767,0.7193883824070996,1,2,0.00039999999999999996,52.8043,books-stripe-a=7 | books-stripe-b=3
q091,prison,Head,CrossStripe,Lexical,Keyword,interleave,0.9268076699348015,0.8,0.6666666666666666,0.7333333333333333,0.6627871047004125,0.6614929507543525,1,2,0.00039999999999999996,52.790800000000004,books-stripe-a=5 | books-stripe-b=5
q091,prison,Head,CrossStripe,Lexical,Keyword,quota-merge,0.9269785741553109,0.8,0.6666666666666666,0.6888888888888889,0.6691056548015558,0.6462354319748632,1,2,0.00039999999999999996,52.7824,books-stripe-a=5 | books-stripe-b=5
q091,prison,Head,CrossStripe,Lexical,Keyword,global-rrf,0.9269785741553109,0.8,0.6666666666666666,0.6888888888888889,0.6691056548015558,0.6462354319748632,1,2,0.00039999999999999996,52.7988,books-stripe-a=5 | books-stripe-b=5
q091,prison,Head,CrossStripe,Lexical,Keyword,minmax-norm,0.8993498721349236,0.7,0.5384615384615384,0.4222222222222222,0.5615482557294211,0.5924581950128524,1,2,0.00039999999999999996,52.8245,books-stripe-a=4 | books-stripe-b=6
q091,prison,Head,CrossStripe,Lexical,Keyword,zscore-norm,0.9293139123676938,0.8,0.6666666666666666,0.8222222222222222,0.6959366613134182,0.648050859679085,1,2,0.00039999999999999996,52.82,books-stripe-a=5 | books-stripe-b=5
q091,prison,Head,CrossStripe,Lexical,Keyword,idf-correct-probe,0.9449836447287533,1,1,0.8222222222222222,0.7379087931038767,0.7193883824070996,1,4,0.00043333399999999995,138.78,books-stripe-a=7 | books-stripe-b=3
q091,prison,Head,CrossStripe,Lexical,Keyword,idf-correct-sidecar,0.9440210278812469,0.9,0.8181818181818182,0.9111111111111111,0.7448319488523295,0.7193883824070996,1,2,0.00039999999999999996,52.8232,books-stripe-a=8 | books-stripe-b=2
q092,language and the way words shape thought,Tail,CrossStripe,Conceptual,Keyword,single-index,1,1,1,1,1,0.39848481749019854,1,1,0.0004,67.1787,books-oracle=10
q092,language and the way words shape thought,Tail,CrossStripe,Conceptual,Keyword,naive-score,0.9762062678788416,0.8,0.6666666666666666,0.6444444444444445,0.7417087361463441,0.3960130964776228,1,2,0.00075,55.853100000000005,books-stripe-a=5 | books-stripe-b=5
q092,language and the way words shape thought,Tail,CrossStripe,Conceptual,Keyword,interleave,0.8666865866019293,0.8,0.6666666666666666,0.37777777777777777,0.5325005552102674,0.3139939611790896,1,2,0.00075,55.8401,books-stripe-a=5 | books-stripe-b=5
q092,language and the way words shape thought,Tail,CrossStripe,Conceptual,Keyword,quota-merge,0.9509065312149637,0.8,0.6666666666666666,0.4222222222222222,0.6330186026309524,0.4067364289055931,1,2,0.00075,55.8294,books-stripe-a=5 | books-stripe-b=5
q092,language and the way words shape thought,Tail,CrossStripe,Conceptual,Keyword,global-rrf,0.9509065312149637,0.8,0.6666666666666666,0.4222222222222222,0.6330186026309524,0.4067364289055931,1,2,0.00075,55.850500000000004,books-stripe-a=5 | books-stripe-b=5
q092,language and the way words shape thought,Tail,CrossStripe,Conceptual,Keyword,minmax-norm,0.9242367134192764,0.6,0.42857142857142855,0.5111111111111111,0.5893229137938639,0.4028269763699849,1,2,0.00075,55.8783,books-stripe-a=7 | books-stripe-b=3
q092,language and the way words shape thought,Tail,CrossStripe,Conceptual,Keyword,zscore-norm,0.9590274588580782,0.7,0.5384615384615384,0.4222222222222222,0.6709637325141095,0.3965951395975957,1,2,0.00075,55.870200000000004,books-stripe-a=6 | books-stripe-b=4
q092,language and the way words shape thought,Tail,CrossStripe,Conceptual,Keyword,idf-correct-probe,0.9882233000857676,0.9,0.8181818181818182,0.7777777777777778,0.7901330313768807,0.41536761830818925,1,10,0.000883336,396.5591,books-stripe-a=2 | books-stripe-b=8
q092,language and the way words shape thought,Tail,CrossStripe,Conceptual,Keyword,idf-correct-sidecar,0.9882233000857676,0.9,0.8181818181818182,0.7777777777777778,0.7901330313768807,0.41536761830818925,1,2,0.00075,55.8879,books-stripe-a=2 | books-stripe-b=8
q093,a house that holds a family's history,Torso,CrossStripe,Conceptual,Keyword,single-index,1,1,1,1,1,0.6374258790526239,1,1,0.000416667,67.6341,books-oracle=10
q093,a house that holds a family's history,Torso,CrossStripe,Conceptual,Keyword,naive-score,0.9700138896446927,0.8,0.6666666666666666,0.6888888888888889,0.7419226583954424,0.6685008196601768,1,2,0.000783333,56.170899999999996,books-stripe-a=4 | books-stripe-b=6
q093,a house that holds a family's history,Torso,CrossStripe,Conceptual,Keyword,interleave,0.7986150306850857,0.7,0.5384615384615384,0.2,0.4426940731737032,0.47130248810728104,1,2,0.000783333,56.156499999999994,books-stripe-a=5 | books-stripe-b=5
q093,a house that holds a family's history,Torso,CrossStripe,Conceptual,Keyword,quota-merge,0.9067668436457579,0.7,0.5384615384615384,0.3333333333333333,0.5640334432968299,0.5626475450483948,1,2,0.000783333,56.1483,books-stripe-a=5 | books-stripe-b=5
q093,a house that holds a family's history,Torso,CrossStripe,Conceptual,Keyword,global-rrf,0.9067668436457579,0.7,0.5384615384615384,0.3333333333333333,0.5640334432968299,0.5626475450483948,1,2,0.000783333,56.1646,books-stripe-a=5 | books-stripe-b=5
q093,a house that holds a family's history,Torso,CrossStripe,Conceptual,Keyword,minmax-norm,0.8687670188524783,0.5,0.3333333333333333,0.4666666666666667,0.4866248867749359,0.44355931312283137,1,2,0.000783333,56.193799999999996,books-stripe-a=7 | books-stripe-b=3
q093,a house that holds a family's history,Torso,CrossStripe,Conceptual,Keyword,zscore-norm,0.9365594440223647,0.7,0.5384615384615384,0.6,0.6647476964534866,0.6188656028661397,1,2,0.000783333,56.186,books-stripe-a=5 | books-stripe-b=5
q093,a house that holds a family's history,Torso,CrossStripe,Conceptual,Keyword,idf-correct-probe,0.9937404584664921,0.9,0.8181818181818182,0.6888888888888889,0.7871208668930487,0.6679390053512364,1,4,0.000816667,140.9423,books-stripe-a=2 | books-stripe-b=8
q093,a house that holds a family's history,Torso,CrossStripe,Conceptual,Keyword,idf-correct-sidecar,0.9894897293028719,0.8,0.6666666666666666,0.7777777777777778,0.7911349258462769,0.6588503213228147,1,2,0.000783333,56.202999999999996,books-stripe-b=10
q094,surveillance and the loss of privacy,Torso,CrossStripe,Mixed,Keyword,single-index,1,1,1,1,1,0.4821116833040389,1,1,0.00035,64.1635,books-oracle=10
q094,surveillance and the loss of privacy,Torso,CrossStripe,Mixed,Keyword,naive-score,0.9476925839043375,0.7,0.5384615384615384,0.5555555555555556,0.6774704376117824,0.5135089207924552,1,2,0.000633334,53.2359,books-stripe-a=6 | books-stripe-b=4
q094,surveillance and the loss of privacy,Torso,CrossStripe,Mixed,Keyword,interleave,0.8488379308041125,0.5,0.3333333333333333,0.6444444444444445,0.5112882371127716,0.37880891253244237,1,2,0.000633334,53.2214,books-stripe-a=5 | books-stripe-b=5
q094,surveillance and the loss of privacy,Torso,CrossStripe,Mixed,Keyword,quota-merge,0.8544021780916525,0.5,0.3333333333333333,0.6888888888888889,0.5384281099163565,0.37662926699251525,1,2,0.000633334,53.2138,books-stripe-a=5 | books-stripe-b=5
q094,surveillance and the loss of privacy,Torso,CrossStripe,Mixed,Keyword,global-rrf,0.8544021780916525,0.5,0.3333333333333333,0.6888888888888889,0.5384281099163565,0.37662926699251525,1,2,0.000633334,53.2305,books-stripe-a=5 | books-stripe-b=5
q094,surveillance and the loss of privacy,Torso,CrossStripe,Mixed,Keyword,minmax-norm,0.8729000167807666,0.7,0.5384615384615384,0.4222222222222222,0.5769523901910976,0.4289141139272837,1,2,0.000633334,53.2568,books-stripe-a=6 | books-stripe-b=4
q094,surveillance and the loss of privacy,Torso,CrossStripe,Mixed,Keyword,zscore-norm,0.9476925839043375,0.7,0.5384615384615384,0.5555555555555556,0.6774704376117824,0.5135089207924552,1,2,0.000633334,53.2491,books-stripe-a=6 | books-stripe-b=4
q094,surveillance and the loss of privacy,Torso,CrossStripe,Mixed,Keyword,idf-correct-probe,0.9476925839043375,0.7,0.5384615384615384,0.5555555555555556,0.6774704376117824,0.5135089207924552,1,8,0.000733336,307.0393,books-stripe-a=6 | books-stripe-b=4
q094,surveillance and the loss of privacy,Torso,CrossStripe,Mixed,Keyword,idf-correct-sidecar,0.9476925839043375,0.7,0.5384615384615384,0.5555555555555556,0.6774704376117824,0.5135089207924552,1,2,0.000633334,53.2658,books-stripe-a=6 | books-stripe-b=4
q095,sisters,Head,CrossStripe,Lexical,Keyword,single-index,1,1,1,1,1,0.8964467476188773,1,1,0.000316667,90.4891,books-oracle=10
q095,sisters,Head,CrossStripe,Lexical,Keyword,naive-score,0.9983154911510037,1,1,0.9111111111111111,0.8276273626934639,0.8823980944266984,1,2,0.00043333299999999994,55.0111,books-stripe-a=5 | books-stripe-b=5
q095,sisters,Head,CrossStripe,Lexical,Keyword,interleave,0.9328828081428726,1,1,0.37777777777777777,0.6409143771160818,0.8908792425329297,1,2,0.00043333299999999994,54.9923,books-stripe-a=5 | books-stripe-b=5
q095,sisters,Head,CrossStripe,Lexical,Keyword,quota-merge,0.9348090740620908,1,1,0.5111111111111111,0.6485457216359812,0.8873452009147377,1,2,0.00043333299999999994,54.980599999999995,books-stripe-a=5 | books-stripe-b=5
q095,sisters,Head,CrossStripe,Lexical,Keyword,global-rrf,0.9348090740620908,1,1,0.5111111111111111,0.6485457216359812,0.8873452009147377,1,2,0.00043333299999999994,54.9994,books-stripe-a=5 | books-stripe-b=5
q095,sisters,Head,CrossStripe,Lexical,Keyword,minmax-norm,0.9395627942911182,1,1,0.6,0.6865030252965236,0.8964467476188773,1,2,0.00043333299999999994,55.029399999999995,books-stripe-a=5 | books-stripe-b=5
q095,sisters,Head,CrossStripe,Lexical,Keyword,zscore-norm,0.9983154911510037,1,1,0.9111111111111111,0.8276273626934639,0.8823980944266984,1,2,0.00043333299999999994,55.0239,books-stripe-a=5 | books-stripe-b=5
q095,sisters,Head,CrossStripe,Lexical,Keyword,idf-correct-probe,0.882781038810273,0.7,0.5384615384615384,0.8666666666666667,0.5579399365463923,0.9580777588003657,1,4,0.00046666699999999993,139.9467,books-stripe-a=8 | books-stripe-b=2
q095,sisters,Head,CrossStripe,Lexical,Keyword,idf-correct-sidecar,0.9983154911510037,1,1,0.9111111111111111,0.8276273626934639,0.8823980944266984,1,2,0.00043333299999999994,55.026199999999996,books-stripe-a=5 | books-stripe-b=5
q096,a mentor who turns out to be wrong about everything,Tail,CrossStripe,Conceptual,Keyword,single-index,1,1,1,1,1,0,1,1,0.000416667,68.0957,books-oracle=10
q096,a mentor who turns out to be wrong about everything,Tail,CrossStripe,Conceptual,Keyword,naive-score,0.9845364096169265,0.9,0.8181818181818182,0.6888888888888889,0.7511524634314777,0.027416246928458808,1,2,0.000783333,56.8695,books-stripe-a=5 | books-stripe-b=5
q096,a mentor who turns out to be wrong about everything,Tail,CrossStripe,Conceptual,Keyword,interleave,0.9091408147487344,0.9,0.8181818181818182,0.5555555555555556,0.6227442071438071,0.028551079005788658,1,2,0.000783333,56.827000000000005,books-stripe-a=5 | books-stripe-b=5
q096,a mentor who turns out to be wrong about everything,Tail,CrossStripe,Conceptual,Keyword,quota-merge,0.9001558050663597,0.9,0.8181818181818182,0.4666666666666667,0.5956043343402221,0.028551079005788658,1,2,0.000783333,56.8175,books-stripe-a=5 | books-stripe-b=5
q096,a mentor who turns out to be wrong about everything,Tail,CrossStripe,Conceptual,Keyword,global-rrf,0.9001558050663597,0.9,0.8181818181818182,0.4666666666666667,0.5956043343402221,0.028551079005788658,1,2,0.000783333,56.8341,books-stripe-a=5 | books-stripe-b=5
q096,a mentor who turns out to be wrong about everything,Tail,CrossStripe,Conceptual,Keyword,minmax-norm,0.9105812436126131,0.9,0.8181818181818182,0.6444444444444445,0.640741932373886,0.027416246928458808,1,2,0.000783333,56.861700000000006,books-stripe-a=5 | books-stripe-b=5
q096,a mentor who turns out to be wrong about everything,Tail,CrossStripe,Conceptual,Keyword,zscore-norm,0.9890625497680542,1,1,0.6888888888888889,0.7648704131973494,0,1,2,0.000783333,56.8556,books-stripe-a=4 | books-stripe-b=6
q096,a mentor who turns out to be wrong about everything,Tail,CrossStripe,Conceptual,Keyword,idf-correct-probe,0.8824913363328617,0.8,0.6666666666666666,0.6,0.6173627607997764,0.05596732593424747,1,8,0.000883335,310.2753,books-stripe-a=6 | books-stripe-b=4
q096,a mentor who turns out to be wrong about everything,Tail,CrossStripe,Conceptual,Keyword,idf-correct-sidecar,0.8799841821123391,0.8,0.6666666666666666,0.4666666666666667,0.5989139854229195,0.060165956168681346,1,2,0.000783333,56.889700000000005,books-stripe-a=6 | books-stripe-b=4
q097,winter cold and isolation in a remote place,Torso,CrossStripe,Conceptual,Keyword,single-index,1,1,1,1,1,0.7026971674032417,1,1,0.000366667,63.4252,books-oracle=10
q097,winter cold and isolation in a remote place,Torso,CrossStripe,Conceptual,Keyword,naive-score,0.9910692713425484,0.9,0.8181818181818182,0.5555555555555556,0.766299544190607,0.7676384534517315,1,2,0.000516666,55.1219,books-stripe-a=6 | books-stripe-b=4
q097,winter cold and isolation in a remote place,Torso,CrossStripe,Conceptual,Keyword,interleave,0.9852140601243975,0.9,0.8181818181818182,0.6444444444444445,0.7491515934924066,0.6884064400887604,1,2,0.000516666,55.107299999999995,books-stripe-a=5 | books-stripe-b=5
q097,winter cold and isolation in a remote place,Torso,CrossStripe,Conceptual,Keyword,quota-merge,0.9844082275239792,0.9,0.8181818181818182,0.6,0.7443438464448701,0.6884064400887604,1,2,0.000516666,55.097199999999994,books-stripe-a=5 | books-stripe-b=5
q097,winter cold and isolation in a remote place,Torso,CrossStripe,Conceptual,Keyword,global-rrf,0.9844082275239792,0.9,0.8181818181818182,0.6,0.7443438464448701,0.6884064400887604,1,2,0.000516666,55.1151,books-stripe-a=5 | books-stripe-b=5
q097,winter cold and isolation in a remote place,Torso,CrossStripe,Conceptual,Keyword,minmax-norm,0.9108263227775584,0.6,0.42857142857142855,0.6444444444444445,0.5698494000996089,0.5623610392079142,1,2,0.000516666,55.1451,books-stripe-a=2 | books-stripe-b=8
q097,winter cold and isolation in a remote place,Torso,CrossStripe,Conceptual,Keyword,zscore-norm,0.9472970212764277,0.8,0.6666666666666666,0.5111111111111111,0.645076816059049,0.6726054252928654,1,2,0.000516666,55.1374,books-stripe-a=4 | books-stripe-b=6
q097,winter cold and isolation in a remote place,Torso,CrossStripe,Conceptual,Keyword,idf-correct-probe,0.9949607568389192,0.9,0.8181818181818182,0.8222222222222222,0.8106543788592759,0.7755930792339353,1,8,0.000616668,340.90799999999996,books-stripe-a=6 | books-stripe-b=4
q097,winter cold and isolation in a remote place,Torso,CrossStripe,Conceptual,Keyword,idf-correct-sidecar,0.9949607568389192,0.9,0.8181818181818182,0.8222222222222222,0.8106543788592759,0.7755930792339353,1,2,0.000516666,55.151399999999995,books-stripe-a=6 | books-stripe-b=4
q098,money and what people will do for it,Torso,CrossStripe,Conceptual,Keyword,single-index,1,1,1,1,1,0.16866917491253652,0.9,1,0.0004,66.616,books-oracle=10
q098,money and what people will do for it,Torso,CrossStripe,Conceptual,Keyword,naive-score,0.9679196762158555,0.8,0.6666666666666666,0.5111111111111111,0.7000522508944484,0.13890552928867367,0.9,2,0.000733334,56.212599999999995,books-stripe-a=5 | books-stripe-b=5
q098,money and what people will do for it,Torso,CrossStripe,Conceptual,Keyword,interleave,0.8752853049078453,0.8,0.6666666666666666,0.4666666666666667,0.5863442252912213,0.1399146379331603,0.9,2,0.000733334,56.193,books-stripe-a=5 | books-stripe-b=5
q098,money and what people will do for it,Torso,CrossStripe,Conceptual,Keyword,quota-merge,0.9666203807660461,0.8,0.6666666666666666,0.5111111111111111,0.6944936172318057,0.1436819128435231,0.9,2,0.000733334,56.1843,books-stripe-a=5 | books-stripe-b=5
q098,money and what people will do for it,Torso,CrossStripe,Conceptual,Keyword,global-rrf,0.9666203807660461,0.8,0.6666666666666666,0.5111111111111111,0.6944936172318057,0.1436819128435231,0.9,2,0.000733334,56.200399999999995,books-stripe-a=5 | books-stripe-b=5
q098,money and what people will do for it,Torso,CrossStripe,Conceptual,Keyword,minmax-norm,0.9375699270619035,0.7,0.5384615384615384,0.3333333333333333,0.6133193280900164,0.16233137801701916,0.9,2,0.000733334,56.231199999999994,books-stripe-a=6 | books-stripe-b=4
q098,money and what people will do for it,Torso,CrossStripe,Conceptual,Keyword,zscore-norm,0.9679196762158555,0.8,0.6666666666666666,0.5111111111111111,0.7000522508944484,0.13890552928867367,0.9,2,0.000733334,56.252399999999994,books-stripe-a=5 | books-stripe-b=5
q098,money and what people will do for it,Torso,CrossStripe,Conceptual,Keyword,idf-correct-probe,0.9860746876910301,0.8,0.6666666666666666,0.7333333333333333,0.7628092003905629,0.1516781209197026,0.9,6,0.000800002,251.3417,books-stripe-a=5 | books-stripe-b=5
q098,money and what people will do for it,Torso,CrossStripe,Conceptual,Keyword,idf-correct-sidecar,0.9715576981927647,0.8,0.6666666666666666,0.5555555555555556,0.7000522508944484,0.13890552928867367,0.9,2,0.000733334,56.2358,books-stripe-a=5 | books-stripe-b=5
q099,a rebellion against an unjust authority,Torso,CrossStripe,Conceptual,Keyword,single-index,1,1,1,1,1,0.6460129249028221,1,1,0.000416667,64.823,books-oracle=10
q099,a rebellion against an unjust authority,Torso,CrossStripe,Conceptual,Keyword,naive-score,0.9891885218719296,1,1,0.7333333333333333,0.7648704131973494,0.676528184223295,1,2,0.000583333,55.8796,books-stripe-a=5 | books-stripe-b=5
q099,a rebellion against an unjust authority,Torso,CrossStripe,Conceptual,Keyword,interleave,0.980201790353786,1,1,0.6,0.7329227933462279,0.6848705613465123,1,2,0.000583333,55.8636,books-stripe-a=5 | books-stripe-b=5
q099,a rebellion against an unjust authority,Torso,CrossStripe,Conceptual,Keyword,quota-merge,0.9807400908869975,1,1,0.6444444444444445,0.7329227933462279,0.6848705613465123,1,2,0.000583333,55.854600000000005,books-stripe-a=5 | books-stripe-b=5
q099,a rebellion against an unjust authority,Torso,CrossStripe,Conceptual,Keyword,global-rrf,0.9807400908869975,1,1,0.6444444444444445,0.7329227933462279,0.6848705613465123,1,2,0.000583333,55.873200000000004,books-stripe-a=5 | books-stripe-b=5
q099,a rebellion against an unjust authority,Torso,CrossStripe,Conceptual,Keyword,minmax-norm,0.9860225355479267,0.9,0.8181818181818182,0.7333333333333333,0.7542978289053632,0.6789415268251429,1,2,0.000583333,55.8984,books-stripe-a=4 | books-stripe-b=6
q099,a rebellion against an unjust authority,Torso,CrossStripe,Conceptual,Keyword,zscore-norm,0.9919700377087601,1,1,0.8222222222222222,0.7831898273397692,0.6725759843530541,1,2,0.000583333,55.8937,books-stripe-a=5 | books-stripe-b=5
q099,a rebellion against an unjust authority,Torso,CrossStripe,Conceptual,Keyword,idf-correct-probe,0.9894458558642167,1,1,0.7333333333333333,0.7648704131973494,0.6808433386912794,1,8,0.000683335,307.1008,books-stripe-a=5 | books-stripe-b=5
q099,a rebellion against an unjust authority,Torso,CrossStripe,Conceptual,Keyword,idf-correct-sidecar,0.9842999152842213,0.9,0.8181818181818182,0.7333333333333333,0.7496194430922637,0.6899320227197011,1,2,0.000583333,55.9086,books-stripe-a=4 | books-stripe-b=6
q100,the moment everything changed,Torso,CrossStripe,Conceptual,Keyword,single-index,1,1,1,1,1,0.7917063341896681,1,1,0.00035,62.2224,books-oracle=10
q100,the moment everything changed,Torso,CrossStripe,Conceptual,Keyword,naive-score,0.9142619035926668,0.6,0.42857142857142855,0.6111111111111112,0.6492375146023472,0.7948833326720564,1,2,0.00048333400000000003,54.0957,books-stripe-a=4 | books-stripe-b=6
q100,the moment everything changed,Torso,CrossStripe,Conceptual,Keyword,interleave,0.733763924086216,0.5,0.3333333333333333,0.3333333333333333,0.397578818358161,0.7655934900767002,0.9,2,0.00048333400000000003,54.1092,books-stripe-a=5 | books-stripe-b=5
q100,the moment everything changed,Torso,CrossStripe,Conceptual,Keyword,quota-merge,0.737924192231893,0.5,0.3333333333333333,0.5,0.41840014106060275,0.7721596254947203,0.9,2,0.00048333400000000003,54.0797,books-stripe-a=5 | books-stripe-b=5
q100,the moment everything changed,Torso,CrossStripe,Conceptual,Keyword,global-rrf,0.737924192231893,0.5,0.3333333333333333,0.5,0.41840014106060275,0.7721596254947203,0.9,2,0.00048333400000000003,54.091,books-stripe-a=5 | books-stripe-b=5
q100,the moment everything changed,Torso,CrossStripe,Conceptual,Keyword,minmax-norm,0.7532453997847828,0.5,0.3333333333333333,0.3888888888888889,0.4323500356816455,0.7542686714597936,0.9,2,0.00048333400000000003,54.1182,books-stripe-a=5 | books-stripe-b=5
q100,the moment everything changed,Torso,CrossStripe,Conceptual,Keyword,zscore-norm,0.8585598670014483,0.5,0.3333333333333333,0.5,0.5328680831023305,0.756902106715231,0.9,2,0.00048333400000000003,54.111200000000004,books-stripe-a=5 | books-stripe-b=5
q100,the moment everything changed,Torso,CrossStripe,Conceptual,Keyword,idf-correct-probe,0.9517463315285111,0.8,0.6666666666666666,0.6111111111111112,0.7258977595937488,0.8611375561264454,1,6,0.0005500020000000001,225.85000000000002,books-stripe-a=2 | books-stripe-b=8
q100,the moment everything changed,Torso,CrossStripe,Conceptual,Keyword,idf-correct-sidecar,0.9299179032131991,0.7,0.5384615384615384,0.5,0.6734107503695292,0.8611375561264454,1,2,0.00048333400000000003,54.1255,books-stripe-a=3 | books-stripe-b=7
q001,dragons and ancient magic,Torso,StripeLocal,Lexical,Hybrid,single-index,1,1,1,1,1,0.8610869181229891,1,1,0.0047,221.9348,books-oracle=10
q001,dragons and ancient magic,Torso,StripeLocal,Lexical,Hybrid,naive-score,0.49264629801536597,0.5,0.3333333333333333,0.4666666666666667,0.2719839175626286,0.5091631677052176,1,2,0.005083333,180.3284,books-stripe-a=5 | books-stripe-b=5
q001,dragons and ancient magic,Torso,StripeLocal,Lexical,Hybrid,interleave,0.7373116630109656,0.5,0.3333333333333333,0.7333333333333333,0.5070981577905174,0.6164841714935423,1,2,0.005083333,180.31279999999998,books-stripe-a=5 | books-stripe-b=5
q001,dragons and ancient magic,Torso,StripeLocal,Lexical,Hybrid,quota-merge,0.7197806110784023,0.5,0.3333333333333333,0.7333333333333333,0.4799582849869325,0.6034062982539798,1,2,0.005083333,180.30319999999998,books-stripe-a=5 | books-stripe-b=5
q001,dragons and ancient magic,Torso,StripeLocal,Lexical,Hybrid,global-rrf,0.7197806110784023,0.5,0.3333333333333333,0.7333333333333333,0.4799582849869325,0.6034062982539798,1,2,0.005083333,180.3201,books-stripe-a=5 | books-stripe-b=5
q001,dragons and ancient magic,Torso,StripeLocal,Lexical,Hybrid,minmax-norm,0.7394257947087998,0.6,0.42857142857142855,0.5238095238095238,0.4552634436713689,0.6224158675364562,1,2,0.005083333,180.34339999999997,books-stripe-a=6 | books-stripe-b=4
q001,dragons and ancient magic,Torso,StripeLocal,Lexical,Hybrid,zscore-norm,0.3627613076732959,0.3,0.17647058823529413,0,0.1669010801928201,0.37835624866342504,1,2,0.005083333,180.3415,books-stripe-a=3 | books-stripe-b=7
q001,dragons and ancient magic,Torso,StripeLocal,Lexical,Hybrid,vector-similarity,0.8764708319697855,0.6,0.42857142857142855,0.15555555555555556,0.505696961260323,0.7305840133505547,1,2,0.005083333,180.9989,books-stripe-a=10
q001,dragons and ancient magic,Torso,StripeLocal,Lexical,Hybrid,hybrid-legs,0.992826045042387,0.9,0.8181818181818182,0.9555555555555556,0.8364263986089467,0.8610869181229891,1,2,0.005083333,182.999,books-stripe-a=10
q001,dragons and ancient magic,Torso,StripeLocal,Lexical,Hybrid,idf-correct-probe,0.8172368810061005,0.8,0.6666666666666666,0.3333333333333333,0.539312794064668,0.8820480387228063,1,2,0.005083333,180.3536,books-stripe-a=10
q001,dragons and ancient magic,Torso,StripeLocal,Lexical,Hybrid,idf-correct-sidecar,0.8172368810061005,0.8,0.6666666666666666,0.3333333333333333,0.539312794064668,0.8820480387228063,1,2,0.005083333,180.345,books-stripe-a=10
q002,a young wizard learning to control his powers at a school of magic,Torso,StripeLocal,Conceptual,Hybrid,single-index,1,1,1,1,1,0.5598501446528138,1,1,0.0053,199.6565,books-oracle=10
q002,a young wizard learning to control his powers at a school of magic,Torso,StripeLocal,Conceptual,Hybrid,naive-score,0.810013898786631,0.6,0.42857142857142855,1,0.6311351435847615,0.4007617908952341,1,2,0.011283333999999999,186.2287,books-stripe-a=6 | books-stripe-b=4
q002,a young wizard learning to control his powers at a school of magic,Torso,StripeLocal,Conceptual,Hybrid,interleave,0.7295370614061076,0.5,0.3333333333333333,1,0.5062364370024024,0.36253456657451105,1,2,0.011283333999999999,186.2142,books-stripe-a=5 | books-stripe-b=5
q002,a young wizard learning to control his powers at a school of magic,Torso,StripeLocal,Conceptual,Hybrid,quota-merge,0.557934483300914,0.5,0.3333333333333333,1,0.3653885385955901,0.3211780205324663,1,2,0.011283333999999999,186.2057,books-stripe-a=5 | books-stripe-b=5
q002,a young wizard learning to control his powers at a school of magic,Torso,StripeLocal,Conceptual,Hybrid,global-rrf,0.557934483300914,0.5,0.3333333333333333,1,0.3653885385955901,0.3211780205324663,1,2,0.011283333999999999,186.2229,books-stripe-a=5 | books-stripe-b=5
q002,a young wizard learning to control his powers at a school of magic,Torso,StripeLocal,Conceptual,Hybrid,minmax-norm,0.5304279227104561,0.5,0.3333333333333333,0.8666666666666667,0.31154757106628517,0.30094220427427915,1,2,0.011283333999999999,186.2672,books-stripe-a=5 | books-stripe-b=5
q002,a young wizard learning to control his powers at a school of magic,Torso,StripeLocal,Conceptual,Hybrid,zscore-norm,0.5304279227104561,0.5,0.3333333333333333,0.8666666666666667,0.31154757106628517,0.30094220427427915,1,2,0.011283333999999999,186.24370000000002,books-stripe-a=5 | books-stripe-b=5
q002,a young wizard learning to control his powers at a school of magic,Torso,StripeLocal,Conceptual,Hybrid,vector-similarity,0.8703332239823569,0.4,0.25,0.37777777777777777,0.5248475144382598,0.6018054469565974,1,2,0.011283333999999999,186.24530000000001,books-stripe-a=10
q002,a young wizard learning to control his powers at a school of magic,Torso,StripeLocal,Conceptual,Hybrid,hybrid-legs,0.9722969025335149,0.6,0.42857142857142855,0.7333333333333333,0.7791700164406034,0.5537561172428386,1,2,0.011283333999999999,186.323,books-stripe-a=10
q002,a young wizard learning to control his powers at a school of magic,Torso,StripeLocal,Conceptual,Hybrid,idf-correct-probe,0.9637737844289604,0.8,0.6666666666666666,0.4666666666666667,0.7046210144536516,0.4401305577301662,1,2,0.011283333999999999,186.26420000000002,books-stripe-a=10
q002,a young wizard learning to control his powers at a school of magic,Torso,StripeLocal,Conceptual,Hybrid,idf-correct-sidecar,0.9637737844289604,0.8,0.6666666666666666,0.4666666666666667,0.7046210144536516,0.4401305577301662,1,2,0.011283333999999999,186.2649,books-stripe-a=10
q003,epic fantasy quest to destroy an artifact,Torso,StripeLocal,Mixed,Hybrid,single-index,1,1,1,1,1,0.4247688858672631,1,1,0.005866667,198.9381,books-oracle=10
q003,epic fantasy quest to destroy an artifact,Torso,StripeLocal,Mixed,Hybrid,naive-score,0.6379008110001878,0.3,0.17647058823529413,1,0.47951171307884255,0.28268519311574863,1,2,0.008516665999999999,186.2365,books-stripe-a=2 | books-stripe-b=8
q003,epic fantasy quest to destroy an artifact,Torso,StripeLocal,Mixed,Hybrid,interleave,0.760274188508297,0.6,0.42857142857142855,0.7333333333333333,0.5622558497234759,0.33217976633455976,1,2,0.008516665999999999,186.2241,books-stripe-a=5 | books-stripe-b=5
q003,epic fantasy quest to destroy an artifact,Torso,StripeLocal,Mixed,Hybrid,quota-merge,0.8148707032896748,0.6,0.42857142857142855,0.8666666666666667,0.6627738971441607,0.33217976633455976,1,2,0.008516665999999999,187.8294,books-stripe-a=5 | books-stripe-b=5
q003,epic fantasy quest to destroy an artifact,Torso,StripeLocal,Mixed,Hybrid,global-rrf,0.8148707032896748,0.6,0.42857142857142855,0.8666666666666667,0.6627738971441607,0.33217976633455976,1,2,0.008516665999999999,186.2344,books-stripe-a=5 | books-stripe-b=5
q003,epic fantasy quest to destroy an artifact,Torso,StripeLocal,Mixed,Hybrid,minmax-norm,0.6877999823361407,0.4,0.25,1,0.503850092245047,0.28268519311574863,1,2,0.008516665999999999,186.2544,books-stripe-a=3 | books-stripe-b=7
q003,epic fantasy quest to destroy an artifact,Torso,StripeLocal,Mixed,Hybrid,zscore-norm,0.7224086987725351,0.6,0.42857142857142855,0.6,0.4863089220448192,0.34703225850366654,1,2,0.008516665999999999,186.2516,books-stripe-a=5 | books-stripe-b=5
q003,epic fantasy quest to destroy an artifact,Torso,StripeLocal,Mixed,Hybrid,vector-similarity,0.8857514497665571,0.6,0.42857142857142855,0.4666666666666667,0.5598374266446957,0.4736242455675459,1,2,0.008516665999999999,186.22469999999998,books-stripe-a=9 | books-stripe-b=1
q003,epic fantasy quest to destroy an artifact,Torso,StripeLocal,Mixed,Hybrid,hybrid-legs,0.8623955933446921,0.7,0.5384615384615384,0.8095238095238095,0.6838147817647299,0.40109513174593525,1,2,0.008516665999999999,186.3435,books-stripe-a=6 | books-stripe-b=4
q003,epic fantasy quest to destroy an artifact,Torso,StripeLocal,Mixed,Hybrid,idf-correct-probe,0.5536526696479335,0.4,0.25,-0.14285714285714285,0.20101689479310383,0.14919443821303943,1,2,0.008516665999999999,186.2745,books-stripe-a=8 | books-stripe-b=2
q003,epic fantasy quest to destroy an artifact,Torso,StripeLocal,Mixed,Hybrid,idf-correct-sidecar,0.5536526696479335,0.4,0.25,-0.14285714285714285,0.20101689479310383,0.14919443821303943,1,2,0.008516665999999999,186.261,books-stripe-a=8 | books-stripe-b=2
q004,vampires,Head,StripeLocal,Lexical,Hybrid,single-index,1,1,1,1,1,1,1,1,0.002883333,123.94,books-oracle=10
q004,vampires,Head,StripeLocal,Lexical,Hybrid,naive-score,0.5141355672519936,0.4,0.25,-0.06666666666666667,0.21943936429556452,0.7807810554752134,1,2,0.002766666,137.7706,books-stripe-a=4 | books-stripe-b=6
q004,vampires,Head,StripeLocal,Lexical,Hybrid,interleave,0.7779655569980296,0.5,0.3333333333333333,0.23809523809523808,0.5072332427034214,0.8446203119946951,1,2,0.002766666,137.7563,books-stripe-a=5 | books-stripe-b=5
q004,vampires,Head,StripeLocal,Lexical,Hybrid,quota-merge,0.6546333276381224,0.5,0.3333333333333333,0.14285714285714285,0.3942761037153003,0.7944514789418119,1,2,0.002766666,137.74790000000002,books-stripe-a=5 | books-stripe-b=5
q004,vampires,Head,StripeLocal,Lexical,Hybrid,global-rrf,0.6546333276381224,0.5,0.3333333333333333,0.14285714285714285,0.3942761037153003,0.7944514789418119,1,2,0.002766666,137.764,books-stripe-a=5 | books-stripe-b=5
q004,vampires,Head,StripeLocal,Lexical,Hybrid,minmax-norm,0.6518963449333407,0.5,0.3333333333333333,0.047619047619047616,0.38558500628857234,0.8000189840277595,1,2,0.002766666,137.78810000000001,books-stripe-a=5 | books-stripe-b=5
q004,vampires,Head,StripeLocal,Lexical,Hybrid,zscore-norm,0.7737565918887875,0.5,0.3333333333333333,0.14285714285714285,0.4937343982291569,0.846435739698917,1,2,0.002766666,137.7857,books-stripe-a=5 | books-stripe-b=5
q004,vampires,Head,StripeLocal,Lexical,Hybrid,vector-similarity,0.7191490174379971,0.5,0.3333333333333333,0.4666666666666667,0.39922971133469976,1,1,2,0.002766666,137.7597,books-stripe-a=10
q004,vampires,Head,StripeLocal,Lexical,Hybrid,hybrid-legs,0.9118447695078506,0.7,0.5384615384615384,0.6444444444444445,0.5871715359504879,0.9621404437403491,1,2,0.002766666,137.8164,books-stripe-a=8 | books-stripe-b=2
q004,vampires,Head,StripeLocal,Lexical,Hybrid,idf-correct-probe,0.8367858101664253,0.8,0.6666666666666666,0.5111111111111111,0.529490008560783,1,1,2,0.002766666,137.7902,books-stripe-a=10
q004,vampires,Head,StripeLocal,Lexical,Hybrid,idf-correct-sidecar,0.8367858101664253,0.8,0.6666666666666666,0.5111111111111111,0.529490008560783,1,1,2,0.002766666,137.7795,books-stripe-a=10
q005,haunted house that torments the family living in it,Torso,StripeLocal,Conceptual,Hybrid,single-index,1,1,1,1,1,0.47922348408038934,1,1,0.0047,196.6292,books-oracle=10
q005,haunted house that torments the family living in it,Torso,StripeLocal,Conceptual,Hybrid,naive-score,0.9412638719291234,0.6,0.42857142857142855,0.6,0.6762578814004313,0.346218865360428,1,2,0.01075,185.56199999999998,books-stripe-a=5 | books-stripe-b=5
q005,haunted house that torments the family living in it,Torso,StripeLocal,Conceptual,Hybrid,interleave,0.9048998336690293,0.6,0.42857142857142855,0.37777777777777777,0.5696633056687908,0.3344306066793197,1,2,0.01075,185.5477,books-stripe-a=5 | books-stripe-b=5
q005,haunted house that torments the family living in it,Torso,StripeLocal,Conceptual,Hybrid,quota-merge,0.8931366654914737,0.6,0.42857142857142855,0.28888888888888886,0.5293334546826637,0.3344306066793197,1,2,0.01075,185.539,books-stripe-a=5 | books-stripe-b=5
q005,haunted house that torments the family living in it,Torso,StripeLocal,Conceptual,Hybrid,global-rrf,0.8931366654914737,0.6,0.42857142857142855,0.28888888888888886,0.5293334546826637,0.3344306066793197,1,2,0.01075,185.55429999999998,books-stripe-a=5 | books-stripe-b=5
q005,haunted house that torments the family living in it,Torso,StripeLocal,Conceptual,Hybrid,minmax-norm,0.9036964253102565,0.6,0.42857142857142855,0.3333333333333333,0.5620319611488913,0.32999244781546266,1,2,0.01075,185.5796,books-stripe-a=5 | books-stripe-b=5
q005,haunted house that torments the family living in it,Torso,StripeLocal,Conceptual,Hybrid,zscore-norm,0.7687688523287242,0.5,0.3333333333333333,0.37777777777777777,0.44298821691479773,0.36491756549210785,1,2,0.01075,185.57569999999998,books-stripe-a=4 | books-stripe-b=6
q005,haunted house that torments the family living in it,Torso,StripeLocal,Conceptual,Hybrid,vector-similarity,0.8649722490409347,0.7,0.5384615384615384,0.5555555555555556,0.5247912810274473,0.5438437174548738,1,2,0.01075,185.5469,books-stripe-a=8 | books-stripe-b=2
q005,haunted house that torments the family living in it,Torso,StripeLocal,Conceptual,Hybrid,hybrid-legs,0.985689123618933,0.9,0.8181818181818182,0.7333333333333333,0.789189898481645,0.4811813247881008,1,2,0.01075,185.6385,books-stripe-a=8 | books-stripe-b=2
q005,haunted house that torments the family living in it,Torso,StripeLocal,Conceptual,Hybrid,idf-correct-probe,0.7919877133187297,0.3,0.17647058823529413,0.37777777777777777,0.36988809046474164,0.18894669614576812,1,2,0.01075,185.5915,books-stripe-a=9 | books-stripe-b=1
q005,haunted house that torments the family living in it,Torso,StripeLocal,Conceptual,Hybrid,idf-correct-sidecar,0.7937637567475315,0.3,0.17647058823529413,0.4222222222222222,0.3746958375122783,0.18916178863810795,1,2,0.01075,185.5847,books-stripe-a=9 | books-stripe-b=1
q006,generation starship colonists who forget they are on a ship,Tail,StripeLocal,Conceptual,Hybrid,single-index,1,1,1,1,1,0.6735399336929947,1,1,0.005866667,197.6811,books-oracle=10
q006,generation starship colonists who forget they are on a ship,Tail,StripeLocal,Conceptual,Hybrid,naive-score,0.9570577682639416,0.8,0.6666666666666666,0.6,0.7223488197880971,0.5464274842922239,1,2,0.007933333,186.2005,books-stripe-a=8 | books-stripe-b=2
q006,generation starship colonists who forget they are on a ship,Tail,StripeLocal,Conceptual,Hybrid,interleave,0.7848742236028686,0.5,0.3333333333333333,0.3333333333333333,0.5062926059509067,0.3479227638978589,1,2,0.007933333,186.1879,books-stripe-a=5 | books-stripe-b=5
q006,generation starship colonists who forget they are on a ship,Tail,StripeLocal,Conceptual,Hybrid,quota-merge,0.6477392101108411,0.5,0.3333333333333333,0.14285714285714285,0.3710033412067373,0.335627012503494,1,2,0.007933333,186.1788,books-stripe-a=5 | books-stripe-b=5
q006,generation starship colonists who forget they are on a ship,Tail,StripeLocal,Conceptual,Hybrid,global-rrf,0.6477392101108411,0.5,0.3333333333333333,0.14285714285714285,0.3710033412067373,0.335627012503494,1,2,0.007933333,186.195,books-stripe-a=5 | books-stripe-b=5
q006,generation starship colonists who forget they are on a ship,Tail,StripeLocal,Conceptual,Hybrid,minmax-norm,0.799869404853599,0.8,0.6666666666666666,0.4222222222222222,0.5362678000419767,0.4863174982986617,1,2,0.007933333,186.2189,books-stripe-a=8 | books-stripe-b=2
q006,generation starship colonists who forget they are on a ship,Tail,StripeLocal,Conceptual,Hybrid,zscore-norm,0.7018602014933515,0.7,0.5384615384615384,0.2222222222222222,0.4212370125904591,0.4507029705780901,1,2,0.007933333,186.2157,books-stripe-a=7 | books-stripe-b=3
q006,generation starship colonists who forget they are on a ship,Tail,StripeLocal,Conceptual,Hybrid,vector-similarity,0.8383197433024726,0.6,0.42857142857142855,0.28888888888888886,0.4564822911212947,0.6618848514482987,1,2,0.007933333,186.1872,books-stripe-a=10
q006,generation starship colonists who forget they are on a ship,Tail,StripeLocal,Conceptual,Hybrid,hybrid-legs,0.9848970701237831,0.8,0.6666666666666666,0.9111111111111111,0.8005936406170097,0.5616496937744685,1,2,0.007933333,186.27700000000002,books-stripe-a=10
q006,generation starship colonists who forget they are on a ship,Tail,StripeLocal,Conceptual,Hybrid,idf-correct-probe,0.8630199625356547,0.6,0.42857142857142855,0.4222222222222222,0.5127340196626966,0.4728868721725702,1,2,0.007933333,186.2334,books-stripe-a=9 | books-stripe-b=1
q006,generation starship colonists who forget they are on a ship,Tail,StripeLocal,Conceptual,Hybrid,idf-correct-sidecar,0.8489727945944685,0.5,0.3333333333333333,0.5555555555555556,0.4830478091473698,0.41393520652060617,1,2,0.007933333,186.2277,books-stripe-a=8 | books-stripe-b=2
q007,artificial intelligence becomes self aware,Torso,StripeLocal,Mixed,Hybrid,single-index,1,1,1,1,1,0.4761845756898201,1,1,0.0053,197.7589,books-oracle=10
q007,artificial intelligence becomes self aware,Torso,StripeLocal,Mixed,Hybrid,naive-score,0.9843400415132088,0.9,0.8181818181818182,0.6444444444444445,0.742186912137194,0.4109704277980597,1,2,0.011283333999999999,182.59050000000002,books-stripe-a=4 | books-stripe-b=6
q007,artificial intelligence becomes self aware,Torso,StripeLocal,Mixed,Hybrid,interleave,0.9405176785208564,1,1,0.7777777777777778,0.6951616954216573,0.5369135874552963,1,2,0.011283333999999999,182.57670000000002,books-stripe-a=5 | books-stripe-b=5
q007,artificial intelligence becomes self aware,Torso,StripeLocal,Mixed,Hybrid,quota-merge,0.9444483494944514,1,1,0.8222222222222222,0.7278602018878849,0.516211334819407,1,2,0.011283333999999999,182.56670000000003,books-stripe-a=5 | books-stripe-b=5
q007,artificial intelligence becomes self aware,Torso,StripeLocal,Mixed,Hybrid,global-rrf,0.9444483494944514,1,1,0.8222222222222222,0.7278602018878849,0.516211334819407,1,2,0.011283333999999999,182.58360000000002,books-stripe-a=5 | books-stripe-b=5
q007,artificial intelligence becomes self aware,Torso,StripeLocal,Mixed,Hybrid,minmax-norm,0.938238806910918,0.9,0.8181818181818182,0.7777777777777778,0.7002213254727967,0.47128311616369445,1,2,0.011283333999999999,182.6083,books-stripe-a=4 | books-stripe-b=6
q007,artificial intelligence becomes self aware,Torso,StripeLocal,Mixed,Hybrid,zscore-norm,0.9377902947496178,0.9,0.8181818181818182,0.7333333333333333,0.69541357842526,0.46777531270413475,1,2,0.011283333999999999,182.6048,books-stripe-a=4 | books-stripe-b=6
q007,artificial intelligence becomes self aware,Torso,StripeLocal,Mixed,Hybrid,vector-similarity,0.6949537398747138,0.3,0.17647058823529413,0.8222222222222222,0.309903268580928,0.4559229630175613,1,2,0.011283333999999999,182.5755,books-stripe-a=7 | books-stripe-b=3
q007,artificial intelligence becomes self aware,Torso,StripeLocal,Mixed,Hybrid,hybrid-legs,0.9720444681816801,0.7,0.5384615384615384,0.7333333333333333,0.7063825199303049,0.5206829958042019,1,2,0.011283333999999999,182.6399,books-stripe-a=7 | books-stripe-b=3
q007,artificial intelligence becomes self aware,Torso,StripeLocal,Mixed,Hybrid,idf-correct-probe,0.7057405361655662,0.4,0.25,0.1111111111111111,0.29099834254192875,0.38911827070848987,1,2,0.011283333999999999,182.6201,books-stripe-a=6 | books-stripe-b=4
q007,artificial intelligence becomes self aware,Torso,StripeLocal,Mixed,Hybrid,idf-correct-sidecar,0.7057405361655662,0.4,0.25,0.1111111111111111,0.29099834254192875,0.38911827070848987,1,2,0.011283333999999999,182.61210000000003,books-stripe-a=6 | books-stripe-b=4
q008,hard science fiction about terraforming Mars,Tail,StripeLocal,Mixed,Hybrid,single-index,1,1,1,1,1,0.9335880002818941,1,1,0.005866667,197.6399,books-oracle=10
q008,hard science fiction about terraforming Mars,Tail,StripeLocal,Mixed,Hybrid,naive-score,0.9387574096510569,0.8,0.6666666666666666,0.6666666666666666,0.7322820893169726,0.8948283072527992,1,2,0.007933333,189.6093,books-stripe-a=7 | books-stripe-b=3
q008,hard science fiction about terraforming Mars,Tail,StripeLocal,Mixed,Hybrid,interleave,0.8556633323898558,0.6,0.42857142857142855,0.5,0.5737747183199738,0.7621827327888693,1,2,0.007933333,189.5938,books-stripe-a=5 | books-stripe-b=5
q008,hard science fiction about terraforming Mars,Tail,StripeLocal,Mixed,Hybrid,quota-merge,0.758207486676559,0.6,0.42857142857142855,0.35714285714285715,0.4552589456692099,0.6007199359337574,1,2,0.007933333,189.5857,books-stripe-a=5 | books-stripe-b=5
q008,hard science fiction about terraforming Mars,Tail,StripeLocal,Mixed,Hybrid,global-rrf,0.758207486676559,0.6,0.42857142857142855,0.35714285714285715,0.4552589456692099,0.6007199359337574,1,2,0.007933333,189.60199999999998,books-stripe-a=5 | books-stripe-b=5
q008,hard science fiction about terraforming Mars,Tail,StripeLocal,Mixed,Hybrid,minmax-norm,0.8281532566859593,0.8,0.6666666666666666,0.5,0.5494985641164878,0.6648535603384534,1,2,0.007933333,189.62689999999998,books-stripe-a=7 | books-stripe-b=3
q008,hard science fiction about terraforming Mars,Tail,StripeLocal,Mixed,Hybrid,zscore-norm,0.6788922127183454,0.7,0.5384615384615384,0.21428571428571427,0.357369736159566,0.49080460679459337,1,2,0.007933333,189.62269999999998,books-stripe-a=6 | books-stripe-b=4
q008,hard science fiction about terraforming Mars,Tail,StripeLocal,Mixed,Hybrid,vector-similarity,0.940547339595225,0.7,0.5384615384615384,0.5111111111111111,0.6277056331836233,0.9253240274250416,1,2,0.007933333,189.5934,books-stripe-a=9 | books-stripe-b=1
q008,hard science fiction about terraforming Mars,Tail,StripeLocal,Mixed,Hybrid,hybrid-legs,0.99721289725368,1,1,0.7777777777777778,0.8069174481995998,0.9353564448735959,1,2,0.007933333,189.65949999999998,books-stripe-a=9 | books-stripe-b=1
q008,hard science fiction about terraforming Mars,Tail,StripeLocal,Mixed,Hybrid,idf-correct-probe,0.8445297997579081,0.5,0.3333333333333333,0.7777777777777778,0.5285325899714598,0.8987028428087189,1,2,0.007933333,189.6394,books-stripe-a=9 | books-stripe-b=1
q008,hard science fiction about terraforming Mars,Tail,StripeLocal,Mixed,Hybrid,idf-correct-sidecar,0.8445297997579081,0.5,0.3333333333333333,0.7777777777777778,0.5285325899714598,0.8987028428087189,1,2,0.007933333,189.63309999999998,books-stripe-a=9 | books-stripe-b=1
q009,cyberpunk hacker corporate dystopia,Torso,StripeLocal,Lexical,Hybrid,single-index,1,1,1,1,1,0.9432106656105237,1,1,0.002316667,110.4707,books-oracle=10
q009,cyberpunk hacker corporate dystopia,Torso,StripeLocal,Lexical,Hybrid,naive-score,0.7808015384488547,0.6,0.42857142857142855,-0.022222222222222223,0.41401435367797407,0.5158412992425143,1,2,0.0022,83.3091,books-stripe-a=5 | books-stripe-b=5
q009,cyberpunk hacker corporate dystopia,Torso,StripeLocal,Lexical,Hybrid,interleave,0.8383951059042504,0.6,0.42857142857142855,0.28888888888888886,0.4631769353941795,0.6085660362740236,1,2,0.0022,83.2949,books-stripe-a=5 | books-stripe-b=5
q009,cyberpunk hacker corporate dystopia,Torso,StripeLocal,Lexical,Hybrid,quota-merge,0.8361983814860757,0.6,0.42857142857142855,0.24444444444444444,0.44998695721163723,0.60278473742007,1,2,0.0022,83.2863,books-stripe-a=5 | books-stripe-b=5
q009,cyberpunk hacker corporate dystopia,Torso,StripeLocal,Lexical,Hybrid,global-rrf,0.8361983814860757,0.6,0.42857142857142855,0.24444444444444444,0.44998695721163723,0.60278473742007,1,2,0.0022,83.30330000000001,books-stripe-a=5 | books-stripe-b=5
q009,cyberpunk hacker corporate dystopia,Torso,StripeLocal,Lexical,Hybrid,minmax-norm,0.8296035678274427,0.6,0.42857142857142855,0.022222222222222223,0.41401435367797407,0.5854664327492507,1,2,0.0022,83.3738,books-stripe-a=5 | books-stripe-b=5
q009,cyberpunk hacker corporate dystopia,Torso,StripeLocal,Lexical,Hybrid,zscore-norm,0.6770003369111155,0.5,0.3333333333333333,0.022222222222222223,0.26120760661467246,0.39720581328691423,1,2,0.0022,83.3265,books-stripe-a=4 | books-stripe-b=6
q009,cyberpunk hacker corporate dystopia,Torso,StripeLocal,Lexical,Hybrid,vector-similarity,0.9107450019122717,0.8,0.6666666666666666,0.4222222222222222,0.5981453035539801,0.8803273038110722,1,2,0.0022,83.2953,books-stripe-a=10
q009,cyberpunk hacker corporate dystopia,Torso,StripeLocal,Lexical,Hybrid,hybrid-legs,0.9990493741592862,1,1,0.8666666666666667,0.8300446093895562,0.9404875240541909,1,2,0.0022,83.38810000000001,books-stripe-a=9 | books-stripe-b=1
q009,cyberpunk hacker corporate dystopia,Torso,StripeLocal,Lexical,Hybrid,idf-correct-probe,0.9027771076904061,0.7,0.5384615384615384,0.24444444444444444,0.5455759841586597,0.7547872978039318,1,2,0.0022,83.3381,books-stripe-a=9 | books-stripe-b=1
q009,cyberpunk hacker corporate dystopia,Torso,StripeLocal,Lexical,Hybrid,idf-correct-sidecar,0.8781830640220036,0.6,0.42857142857142855,0.3333333333333333,0.5055260259634697,0.690909029386682,1,2,0.0022,83.3284,books-stripe-a=8 | books-stripe-b=2
q010,a locked room murder that seems impossible to have committed,Tail,StripeLocal,Conceptual,Hybrid,single-index,1,1,1,1,1,0.5261589756365628,1,1,0.0047,201.722,books-oracle=10
q010,a locked room murder that seems impossible to have committed,Tail,StripeLocal,Conceptual,Hybrid,naive-score,0.9015319499193367,0.9,0.8181818181818182,0.5,0.6350247733267342,0.500739421902399,1,2,0.0107,201.8839,books-stripe-a=5 | books-stripe-b=5
q010,a locked room murder that seems impossible to have committed,Tail,StripeLocal,Conceptual,Hybrid,interleave,0.8499831079096258,0.9,0.8181818181818182,0.6666666666666666,0.644383506131837,0.574088660327117,1,2,0.0107,201.86610000000002,books-stripe-a=5 | books-stripe-b=5
q010,a locked room murder that seems impossible to have committed,Tail,StripeLocal,Conceptual,Hybrid,quota-merge,0.8634817883286182,0.9,0.8181818181818182,0.6666666666666666,0.653525653705343,0.5604286700078992,1,2,0.0107,201.8565,books-stripe-a=5 | books-stripe-b=5
q010,a locked room murder that seems impossible to have committed,Tail,StripeLocal,Conceptual,Hybrid,global-rrf,0.8634817883286182,0.9,0.8181818181818182,0.6666666666666666,0.653525653705343,0.5604286700078992,1,2,0.0107,201.8736,books-stripe-a=5 | books-stripe-b=5
q010,a locked room murder that seems impossible to have committed,Tail,StripeLocal,Conceptual,Hybrid,minmax-norm,0.8642709813880902,0.9,0.8181818181818182,0.5555555555555556,0.648440917115973,0.5518378280024923,1,2,0.0107,201.8981,books-stripe-a=5 | books-stripe-b=5
q010,a locked room murder that seems impossible to have committed,Tail,StripeLocal,Conceptual,Hybrid,zscore-norm,0.8971606992945743,0.9,0.8181818181818182,0.4444444444444444,0.6118976121367776,0.4907179701379782,1,2,0.0107,201.89450000000002,books-stripe-a=5 | books-stripe-b=5
q010,a locked room murder that seems impossible to have committed,Tail,StripeLocal,Conceptual,Hybrid,vector-similarity,0.7442753117900696,0.5,0.3333333333333333,0.022222222222222223,0.38443315881643436,0.4379509121902392,1,2,0.0107,201.86780000000002,books-stripe-a=8 | books-stripe-b=2
q010,a locked room murder that seems impossible to have committed,Tail,StripeLocal,Conceptual,Hybrid,hybrid-legs,0.9893560353145955,0.8,0.6666666666666666,0.9111111111111111,0.806286440150833,0.45984767592377196,1,2,0.0107,201.9644,books-stripe-a=6 | books-stripe-b=4
q010,a locked room murder that seems impossible to have committed,Tail,StripeLocal,Conceptual,Hybrid,idf-correct-probe,0.8176961002580102,0.8,0.6666666666666666,-0.1111111111111111,0.44628852329577196,0.5831770877496449,1,2,0.0107,201.913,books-stripe-a=6 | books-stripe-b=4
q010,a locked room murder that seems impossible to have committed,Tail,StripeLocal,Conceptual,Hybrid,idf-correct-sidecar,0.804594008923959,0.7,0.5384615384615384,0.15555555555555556,0.44184126838657484,0.5430887904540619,1,2,0.0107,201.9051,books-stripe-a=5 | books-stripe-b=5
q011,detective investigating a serial killer,Torso,StripeLocal,Mixed,Hybrid,single-index,1,1,1,1,1,0.6807742233562594,1,1,0.004133333,228.2381,books-oracle=10
q011,detective investigating a serial killer,Torso,StripeLocal,Mixed,Hybrid,naive-score,0.6189881625701056,0.6,0.42857142857142855,0,0.3100677603022014,0.7739756374375558,1,2,0.006216667,176.70399999999998,books-stripe-a=6 | books-stripe-b=4
q011,detective investigating a serial killer,Torso,StripeLocal,Mixed,Hybrid,interleave,0.7932695130533793,0.5,0.3333333333333333,0.14285714285714285,0.5112600040187014,0.6931454837964508,1,2,0.006216667,176.6881,books-stripe-a=5 | books-stripe-b=5
q011,detective investigating a serial killer,Torso,StripeLocal,Mixed,Hybrid,quota-merge,0.7850623994605633,0.5,0.3333333333333333,0.14285714285714285,0.49326227878862255,0.6873641849424972,1,2,0.006216667,176.6773,books-stripe-a=5 | books-stripe-b=5
q011,detective investigating a serial killer,Torso,StripeLocal,Mixed,Hybrid,global-rrf,0.7850623994605633,0.5,0.3333333333333333,0.14285714285714285,0.49326227878862255,0.6873641849424972,1,2,0.006216667,176.6944,books-stripe-a=5 | books-stripe-b=5
q011,detective investigating a serial killer,Torso,StripeLocal,Mixed,Hybrid,minmax-norm,0.8387405985412418,0.6,0.42857142857142855,0.21428571428571427,0.5464158140418637,0.7310050400561017,1,2,0.006216667,176.71939999999998,books-stripe-a=6 | books-stripe-b=4
q011,detective investigating a serial killer,Torso,StripeLocal,Mixed,Hybrid,zscore-norm,0.6595650305892495,0.6,0.42857142857142855,0,0.36033479429574283,0.7881071030015996,1,2,0.006216667,176.7171,books-stripe-a=6 | books-stripe-b=4
q011,detective investigating a serial killer,Torso,StripeLocal,Mixed,Hybrid,vector-similarity,0.6423672762099684,0.6,0.42857142857142855,-0.24444444444444444,0.2107332438801817,0.5490149525373843,1,2,0.006216667,176.6892,books-stripe-a=10
q011,detective investigating a serial killer,Torso,StripeLocal,Mixed,Hybrid,hybrid-legs,0.9774919096372413,0.8,0.6666666666666666,0.7777777777777778,0.788201468490824,0.7291157479668215,1,2,0.006216667,176.74689999999998,books-stripe-a=9 | books-stripe-b=1
q011,detective investigating a serial killer,Torso,StripeLocal,Mixed,Hybrid,idf-correct-probe,0.9189431010563291,0.6,0.42857142857142855,0.7333333333333333,0.6256015781540705,0.7726449311666633,1,2,0.006216667,176.72979999999998,books-stripe-a=10
q011,detective investigating a serial killer,Torso,StripeLocal,Mixed,Hybrid,idf-correct-sidecar,0.9176503609704242,0.6,0.42857142857142855,0.6888888888888889,0.6252560984902853,0.7749021613856096,1,2,0.006216667,176.73069999999998,books-stripe-a=9 | books-stripe-b=1
q012,espionage thriller cold war spy,Torso,StripeLocal,Lexical,Hybrid,single-index,1,1,1,1,1,0.7627860092244115,1,1,0.0047,197.6749,books-oracle=10
q012,espionage thriller cold war spy,Torso,StripeLocal,Lexical,Hybrid,naive-score,0.9002807290123805,0.7,0.5384615384615384,0.5,0.6084289125293925,0.7238845981745275,1,2,0.009583334,201.7565,books-stripe-a=6 | books-stripe-b=4
q012,espionage thriller cold war spy,Torso,StripeLocal,Lexical,Hybrid,interleave,0.8454808211612153,0.6,0.42857142857142855,0.35714285714285715,0.5374298602070047,0.6653421227576088,1,2,0.009583334,201.7422,books-stripe-a=5 | books-stripe-b=5
q012,espionage thriller cold war spy,Torso,StripeLocal,Lexical,Hybrid,quota-merge,0.8372737075683993,0.6,0.42857142857142855,0.35714285714285715,0.5194321349769256,0.66148792352164,1,2,0.009583334,201.73069999999998,books-stripe-a=5 | books-stripe-b=5
q012,espionage thriller cold war spy,Torso,StripeLocal,Lexical,Hybrid,global-rrf,0.8372737075683993,0.6,0.42857142857142855,0.35714285714285715,0.5194321349769256,0.66148792352164,1,2,0.009583334,201.7513,books-stripe-a=5 | books-stripe-b=5
q012,espionage thriller cold war spy,Torso,StripeLocal,Lexical,Hybrid,minmax-norm,0.8838186377678641,0.7,0.5384615384615384,0.3333333333333333,0.5581618785358511,0.7216273679555812,1,2,0.009583334,201.78109999999998,books-stripe-a=6 | books-stripe-b=4
q012,espionage thriller cold war spy,Torso,StripeLocal,Lexical,Hybrid,zscore-norm,0.7278715434945381,0.6,0.42857142857142855,0.14285714285714285,0.4021405954628348,0.5923461033972303,1,2,0.009583334,201.7772,books-stripe-a=5 | books-stripe-b=5
q012,espionage thriller cold war spy,Torso,StripeLocal,Lexical,Hybrid,vector-similarity,0.9351802651500685,0.5,0.3333333333333333,0.7333333333333333,0.6639237587639425,1,1,2,0.009583334,201.7455,books-stripe-a=10
q012,espionage thriller cold war spy,Torso,StripeLocal,Lexical,Hybrid,hybrid-legs,0.9903359868881585,0.9,0.8181818181818182,0.8666666666666667,0.7975702670031769,0.7616623806065308,1,2,0.009583334,201.7928,books-stripe-a=9 | books-stripe-b=1
q012,espionage thriller cold war spy,Torso,StripeLocal,Lexical,Hybrid,idf-correct-probe,0.9493404140721391,0.8,0.6666666666666666,0.6444444444444445,0.6687017349796402,0.6038066050082482,1,2,0.009583334,201.7809,books-stripe-a=7 | books-stripe-b=3
q012,espionage thriller cold war spy,Torso,StripeLocal,Lexical,Hybrid,idf-correct-sidecar,0.9493404140721391,0.8,0.6666666666666666,0.6444444444444445,0.6687017349796402,0.6038066050082482,1,2,0.009583334,201.77349999999998,books-stripe-a=7 | books-stripe-b=3
q013,teenagers forced to compete in a deadly televised game,Tail,StripeLocal,Conceptual,Hybrid,single-index,1,1,1,1,1,0.5231761540223465,1,1,0.0053,240.3799,books-oracle=10
q013,teenagers forced to compete in a deadly televised game,Tail,StripeLocal,Conceptual,Hybrid,naive-score,0.6669926298817765,0.7,0.5384615384615384,0.9047619047619048,0.525038665603745,0.42727737033609703,1,2,0.006783333,197.3418,books-stripe-a=6 | books-stripe-b=4
q013,teenagers forced to compete in a deadly televised game,Tail,StripeLocal,Conceptual,Hybrid,interleave,0.7598653105556842,0.6,0.42857142857142855,0.7333333333333333,0.5588915106763055,0.45756848892587176,1,2,0.006783333,197.327,books-stripe-a=5 | books-stripe-b=5
q013,teenagers forced to compete in a deadly televised game,Tail,StripeLocal,Conceptual,Hybrid,quota-merge,0.7580100220550611,0.6,0.42857142857142855,0.7333333333333333,0.5540837636287688,0.4570673741459347,1,2,0.006783333,197.349,books-stripe-a=5 | books-stripe-b=5
q013,teenagers forced to compete in a deadly televised game,Tail,StripeLocal,Conceptual,Hybrid,global-rrf,0.7580100220550611,0.6,0.42857142857142855,0.7333333333333333,0.5540837636287688,0.4570673741459347,1,2,0.006783333,197.3363,books-stripe-a=5 | books-stripe-b=5
q013,teenagers forced to compete in a deadly televised game,Tail,StripeLocal,Conceptual,Hybrid,minmax-norm,0.8149225031503561,0.7,0.5384615384615384,0.9047619047619048,0.62555671302443,0.45819152624493154,1,2,0.006783333,197.3602,books-stripe-a=6 | books-stripe-b=4
q013,teenagers forced to compete in a deadly televised game,Tail,StripeLocal,Conceptual,Hybrid,zscore-norm,0.5562338354636447,0.7,0.5384615384615384,0.5238095238095238,0.3576992669598056,0.41108270523518126,1,2,0.006783333,197.3563,books-stripe-a=6 | books-stripe-b=4
q013,teenagers forced to compete in a deadly televised game,Tail,StripeLocal,Conceptual,Hybrid,vector-similarity,0.5105248306860392,0.3,0.17647058823529413,0.6,0.21944192429658646,0.6141453658587722,1,2,0.006783333,197.32739999999998,books-stripe-a=9 | books-stripe-b=1
q013,teenagers forced to compete in a deadly televised game,Tail,StripeLocal,Conceptual,Hybrid,hybrid-legs,0.9828676684127224,0.7,0.5384615384615384,0.8666666666666667,0.7938128697437614,0.6430207457997025,1,2,0.006783333,197.4031,books-stripe-a=9 | books-stripe-b=1
q013,teenagers forced to compete in a deadly televised game,Tail,StripeLocal,Conceptual,Hybrid,idf-correct-probe,0.7160932297224603,0.3,0.17647058823529413,0.6888888888888889,0.3558325901454772,0.6909749714280617,1,2,0.006783333,197.3735,books-stripe-a=9 | books-stripe-b=1
q013,teenagers forced to compete in a deadly televised game,Tail,StripeLocal,Conceptual,Hybrid,idf-correct-sidecar,0.7161089641490415,0.3,0.17647058823529413,0.7333333333333333,0.3558325901454772,0.6894716270882504,1,2,0.006783333,197.3679,books-stripe-a=9 | books-stripe-b=1
q014,picture book about a bear,Torso,StripeLocal,Mixed,Hybrid,single-index,1,1,1,1,1,0.7820112576236812,1,1,0.0047,242.2782,books-oracle=10
q014,picture book about a bear,Torso,StripeLocal,Mixed,Hybrid,naive-score,0.6099840556332173,0.7,0.5384615384615384,0.9047619047619048,0.40653874913647176,0.49198607228848423,1,2,0.008483333,218.4238,books-stripe-a=7 | books-stripe-b=3
q014,picture book about a bear,Torso,StripeLocal,Mixed,Hybrid,interleave,0.7053104951434306,0.5,0.3333333333333333,1,0.5062118724963371,0.4456124402756259,1,2,0.008483333,218.4117,books-stripe-a=5 | books-stripe-b=5
q014,picture book about a bear,Torso,StripeLocal,Mixed,Hybrid,quota-merge,0.5306234145543636,0.5,0.3333333333333333,1,0.3577326295696254,0.3631977240992687,1,2,0.008483333,218.4024,books-stripe-a=5 | books-stripe-b=5
q014,picture book about a bear,Torso,StripeLocal,Mixed,Hybrid,global-rrf,0.5306234145543636,0.5,0.3333333333333333,1,0.3577326295696254,0.3631977240992687,1,2,0.008483333,218.44289999999998,books-stripe-a=5 | books-stripe-b=5
q014,picture book about a bear,Torso,StripeLocal,Mixed,Hybrid,minmax-norm,0.6099840556332173,0.7,0.5384615384615384,0.9047619047619048,0.40653874913647176,0.49198607228848423,1,2,0.008483333,218.4435,books-stripe-a=7 | books-stripe-b=3
q014,picture book about a bear,Torso,StripeLocal,Mixed,Hybrid,zscore-norm,0.45419819804727835,0.6,0.42857142857142855,0.8666666666666667,0.24997672448864822,0.36515716412295557,1,2,0.008483333,218.4384,books-stripe-a=6 | books-stripe-b=4
q014,picture book about a bear,Torso,StripeLocal,Mixed,Hybrid,vector-similarity,0.7719671131154064,0.9,0.8181818181818182,-0.15555555555555556,0.4118955482909861,0.7619617448900868,1,2,0.008483333,218.41889999999998,books-stripe-a=10
q014,picture book about a bear,Torso,StripeLocal,Mixed,Hybrid,hybrid-legs,0.9880811717522393,1,1,0.6,0.7367540387236672,0.7903995968278212,1,2,0.008483333,218.4862,books-stripe-a=10
q014,picture book about a bear,Torso,StripeLocal,Mixed,Hybrid,idf-correct-probe,0.8816394202640915,0.8,0.6666666666666666,0.4666666666666667,0.6221225563541863,0.731330599086875,1,2,0.008483333,218.4531,books-stripe-a=10
q014,picture book about a bear,Torso,StripeLocal,Mixed,Hybrid,idf-correct-sidecar,0.8816394202640915,0.8,0.6666666666666666,0.4666666666666667,0.6221225563541863,0.731330599086875,1,2,0.008483333,218.44379999999998,books-stripe-a=10
q015,graphic novel superhero origin,Torso,StripeLocal,Lexical,Hybrid,single-index,1,1,1,1,1,0.6542029213441619,1,1,0.005866667,227.741,books-oracle=10
q015,graphic novel superhero origin,Torso,StripeLocal,Lexical,Hybrid,naive-score,0.5949533866919824,0.6,0.42857142857142855,0.07142857142857142,0.28165826113449965,0.39180156654442516,1,2,0.008483333,215.7876,books-stripe-a=6 | books-stripe-b=4
q015,graphic novel superhero origin,Torso,StripeLocal,Lexical,Hybrid,interleave,0.7857879374657526,0.5,0.3333333333333333,0.23809523809523808,0.5063840168172264,0.5229658388334296,1,2,0.008483333,215.77280000000002,books-stripe-a=5 | books-stripe-b=5
q015,graphic novel superhero origin,Torso,StripeLocal,Lexical,Hybrid,quota-merge,0.6489049815580641,0.5,0.3333333333333333,0.047619047619047616,0.3710947520730571,0.433644699794349,1,2,0.008483333,215.7631,books-stripe-a=5 | books-stripe-b=5
q015,graphic novel superhero origin,Torso,StripeLocal,Lexical,Hybrid,global-rrf,0.6489049815580641,0.5,0.3333333333333333,0.047619047619047616,0.3710947520730571,0.433644699794349,1,2,0.008483333,215.781,books-stripe-a=5 | books-stripe-b=5
q015,graphic novel superhero origin,Torso,StripeLocal,Lexical,Hybrid,minmax-norm,0.6813840912661957,0.6,0.42857142857142855,0.14285714285714285,0.3822431530567193,0.44107646403252415,1,2,0.008483333,215.803,books-stripe-a=6 | books-stripe-b=4
q015,graphic novel superhero origin,Torso,StripeLocal,Lexical,Hybrid,zscore-norm,0.5949533866919824,0.6,0.42857142857142855,0.07142857142857142,0.28165826113449965,0.39180156654442516,1,2,0.008483333,215.8008,books-stripe-a=6 | books-stripe-b=4
q015,graphic novel superhero origin,Torso,StripeLocal,Lexical,Hybrid,vector-similarity,0.8576229408057031,0.4,0.25,0.37777777777777777,0.4923292199437623,0.71827520296923,1,2,0.008483333,215.7741,books-stripe-a=10
q015,graphic novel superhero origin,Torso,StripeLocal,Lexical,Hybrid,hybrid-legs,0.9481391745449894,0.6,0.42857142857142855,0.6444444444444445,0.7335834203023568,0.7051586992720472,1,2,0.008483333,215.8531,books-stripe-a=8 | books-stripe-b=2
q015,graphic novel superhero origin,Torso,StripeLocal,Lexical,Hybrid,idf-correct-probe,0.6439417104767609,0.5,0.3333333333333333,-0.05555555555555555,0.3425025257793604,0.35645860776146787,1,2,0.008483333,215.814,books-stripe-a=7 | books-stripe-b=3
q015,graphic novel superhero origin,Torso,StripeLocal,Lexical,Hybrid,idf-correct-sidecar,0.6439417104767609,0.5,0.3333333333333333,-0.05555555555555555,0.3425025257793604,0.35645860776146787,1,2,0.008483333,215.8066,books-stripe-a=7 | books-stripe-b=3
q016,zombie apocalypse survival,Torso,StripeLocal,Lexical,Hybrid,single-index,1,1,1,1,1,0.8139243967734006,0.9,1,0.004133333,227.4446,books-oracle=10
q016,zombie apocalypse survival,Torso,StripeLocal,Lexical,Hybrid,naive-score,0.9448699085715285,0.9,0.8181818181818182,0.8888888888888888,0.7749477245134956,0.7961143532473438,0.9,2,0.00565,189.8169,books-stripe-a=9 | books-stripe-b=1
q016,zombie apocalypse survival,Torso,StripeLocal,Lexical,Hybrid,interleave,0.7090081386375826,0.5,0.3333333333333333,1,0.5062118724963371,0.5495567076863395,0.9,2,0.00565,189.8032,books-stripe-a=5 | books-stripe-b=5
q016,zombie apocalypse survival,Torso,StripeLocal,Lexical,Hybrid,quota-merge,0.702866485733532,0.5,0.3333333333333333,1,0.4930218943137949,0.5505202574953317,0.9,2,0.00565,189.7948,books-stripe-a=5 | books-stripe-b=5
q016,zombie apocalypse survival,Torso,StripeLocal,Lexical,Hybrid,global-rrf,0.702866485733532,0.5,0.3333333333333333,1,0.4930218943137949,0.5505202574953317,0.9,2,0.00565,189.8103,books-stripe-a=5 | books-stripe-b=5
q016,zombie apocalypse survival,Torso,StripeLocal,Lexical,Hybrid,minmax-norm,0.8594547995077345,0.8,0.6666666666666666,0.8571428571428571,0.6674189203474404,0.7185708895062756,0.9,2,0.00565,189.83440000000002,books-stripe-a=8 | books-stripe-b=2
q016,zombie apocalypse survival,Torso,StripeLocal,Lexical,Hybrid,zscore-norm,0.5639347005427422,0.7,0.5384615384615384,1,0.37962504193958324,0.5476380123137911,0.9,2,0.00565,189.83200000000002,books-stripe-a=7 | books-stripe-b=3
q016,zombie apocalypse survival,Torso,StripeLocal,Lexical,Hybrid,vector-similarity,0.9500249635183186,0.6,0.42857142857142855,0.6444444444444445,0.6673081265473148,0.8301717595472909,0.9,2,0.00565,189.8035,books-stripe-a=10
q016,zombie apocalypse survival,Torso,StripeLocal,Lexical,Hybrid,hybrid-legs,0.9985933557830984,0.9,0.8181818181818182,0.9111111111111111,0.842803388342485,0.8480318756513257,0.9,2,0.00565,189.8838,books-stripe-a=10
q016,zombie apocalypse survival,Torso,StripeLocal,Lexical,Hybrid,idf-correct-probe,0.9453179695803353,0.8,0.6666666666666666,0.6,0.6440916961578809,0.6950688800755376,0.9,2,0.00565,189.8434,books-stripe-a=10
q016,zombie apocalypse survival,Torso,StripeLocal,Lexical,Hybrid,idf-correct-sidecar,0.9453179695803353,0.8,0.6666666666666666,0.6,0.6440916961578809,0.6950688800755376,0.9,2,0.00565,189.8324,books-stripe-a=10
q017,time travel paradox,Torso,StripeLocal,Lexical,Hybrid,single-index,1,1,1,1,1,0.8176628253772816,1,1,0.004133333,193.3529,books-oracle=10
q017,time travel paradox,Torso,StripeLocal,Lexical,Hybrid,naive-score,0.9721460631759885,1,1,0.6888888888888889,0.7049873345570292,0.7860466531735448,1,2,0.007366665999999999,192.2076,books-stripe-a=7 | books-stripe-b=3
q017,time travel paradox,Torso,StripeLocal,Lexical,Hybrid,interleave,0.9669672278240327,0.8,0.6666666666666666,0.6444444444444445,0.6788028387876265,0.663686946031784,1,2,0.007366665999999999,192.1935,books-stripe-a=5 | books-stripe-b=5
q017,time travel paradox,Torso,StripeLocal,Lexical,Hybrid,quota-merge,0.956742788889269,0.8,0.6666666666666666,0.5555555555555556,0.6384729878014994,0.6533591787845108,1,2,0.007366665999999999,192.1844,books-stripe-a=5 | books-stripe-b=5
q017,time travel paradox,Torso,StripeLocal,Lexical,Hybrid,global-rrf,0.956742788889269,0.8,0.6666666666666666,0.5555555555555556,0.6384729878014994,0.6533591787845108,1,2,0.007366665999999999,192.2011,books-stripe-a=5 | books-stripe-b=5
q017,time travel paradox,Torso,StripeLocal,Lexical,Hybrid,minmax-norm,0.9721460631759885,1,1,0.6888888888888889,0.7049873345570292,0.7860466531735448,1,2,0.007366665999999999,192.2247,books-stripe-a=7 | books-stripe-b=3
q017,time travel paradox,Torso,StripeLocal,Lexical,Hybrid,zscore-norm,0.8061242873662715,0.8,0.6666666666666666,0.3333333333333333,0.4424547850479647,0.5620128561090623,1,2,0.007366665999999999,192.2217,books-stripe-a=5 | books-stripe-b=5
q017,time travel paradox,Torso,StripeLocal,Lexical,Hybrid,vector-similarity,0.9269484056638152,0.7,0.5384615384615384,0.3333333333333333,0.5849423529884976,0.6627218810413394,1,2,0.007366665999999999,192.1955,books-stripe-a=7 | books-stripe-b=3
q017,time travel paradox,Torso,StripeLocal,Lexical,Hybrid,hybrid-legs,0.9980574769566493,0.9,0.8181818181818182,0.9555555555555556,0.8369230657675014,0.7961304680489681,1,2,0.007366665999999999,192.28130000000002,books-stripe-a=8 | books-stripe-b=2
q017,time travel paradox,Torso,StripeLocal,Lexical,Hybrid,idf-correct-probe,0.9526343956887806,0.7,0.5384615384615384,0.5555555555555556,0.6767722436909857,0.7755136354025297,1,2,0.007366665999999999,192.25130000000001,books-stripe-a=7 | books-stripe-b=3
q017,time travel paradox,Torso,StripeLocal,Lexical,Hybrid,idf-correct-sidecar,0.9512834196857909,0.7,0.5384615384615384,0.4666666666666667,0.6719644966434491,0.7741767122711218,1,2,0.007366665999999999,192.2273,books-stripe-a=7 | books-stripe-b=3
q018,a girl who discovers she is the last of a magical bloodline,Tail,StripeLocal,Conceptual,Hybrid,single-index,1,1,1,1,1,0.47886503623788657,1,1,0.005866667,233.6075,books-oracle=10
q018,a girl who discovers she is the last of a magical bloodline,Tail,StripeLocal,Conceptual,Hybrid,naive-score,0.9072658652340464,0.7,0.5384615384615384,0.5,0.6539966667866142,0.5977377694194234,1,2,0.009600000000000001,218.92270000000002,books-stripe-a=7 | books-stripe-b=3
q018,a girl who discovers she is the last of a magical bloodline,Tail,StripeLocal,Conceptual,Hybrid,interleave,0.7875435658845752,0.5,0.3333333333333333,0.42857142857142855,0.5309499421155196,0.5042304936626631,1,2,0.009600000000000001,218.9077,books-stripe-a=5 | books-stripe-b=5
q018,a girl who discovers she is the last of a magical bloodline,Tail,StripeLocal,Conceptual,Hybrid,quota-merge,0.6225136791344039,0.5,0.3333333333333333,0.23809523809523808,0.38247069918880766,0.6162560916856622,1,2,0.009600000000000001,218.89780000000002,books-stripe-a=5 | books-stripe-b=5
q018,a girl who discovers she is the last of a magical bloodline,Tail,StripeLocal,Conceptual,Hybrid,global-rrf,0.6225136791344039,0.5,0.3333333333333333,0.23809523809523808,0.38247069918880766,0.6162560916856622,1,2,0.009600000000000001,218.9147,books-stripe-a=5 | books-stripe-b=5
q018,a girl who discovers she is the last of a magical bloodline,Tail,StripeLocal,Conceptual,Hybrid,minmax-norm,0.7011834303482511,0.7,0.5384615384615384,0.2777777777777778,0.43127681875565405,0.6977802965539261,1,2,0.009600000000000001,218.9393,books-stripe-a=7 | books-stripe-b=3
q018,a girl who discovers she is the last of a magical bloodline,Tail,StripeLocal,Conceptual,Hybrid,zscore-norm,0.6038867379410231,0.6,0.42857142857142855,0.07142857142857142,0.3345654454465565,0.646993399652763,1,2,0.009600000000000001,218.9352,books-stripe-a=6 | books-stripe-b=4
q018,a girl who discovers she is the last of a magical bloodline,Tail,StripeLocal,Conceptual,Hybrid,vector-similarity,0.6362920098844423,0.5,0.3333333333333333,0.06666666666666667,0.27320265752957335,0.3612460788849587,1,2,0.009600000000000001,218.9058,books-stripe-a=9 | books-stripe-b=1
q018,a girl who discovers she is the last of a magical bloodline,Tail,StripeLocal,Conceptual,Hybrid,hybrid-legs,0.9742409377657845,0.9,0.8181818181818182,0.5555555555555556,0.7338792075012328,0.42690220073416213,1,2,0.009600000000000001,218.9861,books-stripe-a=9 | books-stripe-b=1
q018,a girl who discovers she is the last of a magical bloodline,Tail,StripeLocal,Conceptual,Hybrid,idf-correct-probe,0.7301565717239122,0.3,0.17647058823529413,0.5555555555555556,0.3525628782014528,0.25078354321509905,1,2,0.009600000000000001,218.9523,books-stripe-a=8 | books-stripe-b=2
q018,a girl who discovers she is the last of a magical bloodline,Tail,StripeLocal,Conceptual,Hybrid,idf-correct-sidecar,0.7431602587783678,0.3,0.17647058823529413,0.5111111111111111,0.37088229234387265,0.24914422527060795,1,2,0.009600000000000001,218.952,books-stripe-a=8 | books-stripe-b=2
q019,dystopian society divided into rigid factions,Torso,StripeLocal,Conceptual,Hybrid,single-index,1,1,1,1,1,0.9513467899190737,1,1,0.005866667,230.4447,books-oracle=10
q019,dystopian society divided into rigid factions,Torso,StripeLocal,Conceptual,Hybrid,naive-score,0.9227082406266744,0.8,0.6666666666666666,1,0.7821187376722532,0.8184164167698683,1,2,0.009600000000000001,219.9035,books-stripe-a=8 | books-stripe-b=2
q019,dystopian society divided into rigid factions,Torso,StripeLocal,Conceptual,Hybrid,interleave,0.7090081386375826,0.5,0.3333333333333333,1,0.5062118724963371,0.5404992972837435,1,2,0.009600000000000001,219.882,books-stripe-a=5 | books-stripe-b=5
q019,dystopian society divided into rigid factions,Torso,StripeLocal,Conceptual,Hybrid,quota-merge,0.702866485733532,0.5,0.3333333333333333,1,0.4930218943137949,0.5337544486207978,1,2,0.009600000000000001,219.87380000000002,books-stripe-a=5 | books-stripe-b=5
q019,dystopian society divided into rigid factions,Torso,StripeLocal,Conceptual,Hybrid,global-rrf,0.702866485733532,0.5,0.3333333333333333,1,0.4930218943137949,0.5337544486207978,1,2,0.009600000000000001,219.8898,books-stripe-a=5 | books-stripe-b=5
q019,dystopian society divided into rigid factions,Torso,StripeLocal,Conceptual,Hybrid,minmax-norm,0.726606413443125,0.6,0.42857142857142855,1,0.49022040067641465,0.5842973635801871,1,2,0.009600000000000001,219.9135,books-stripe-a=6 | books-stripe-b=4
q019,dystopian society divided into rigid factions,Torso,StripeLocal,Conceptual,Hybrid,zscore-norm,0.42629244590849774,0.5,0.3333333333333333,1,0.23314032860790604,0.37207162548940814,1,2,0.009600000000000001,219.9088,books-stripe-a=5 | books-stripe-b=5
q019,dystopian society divided into rigid factions,Torso,StripeLocal,Conceptual,Hybrid,vector-similarity,0.8959339044444458,0.5,0.3333333333333333,0.5111111111111111,0.5593977374781252,0.6236860339711708,1,2,0.009600000000000001,219.8813,books-stripe-a=10
q019,dystopian society divided into rigid factions,Torso,StripeLocal,Conceptual,Hybrid,hybrid-legs,0.9926401007653459,0.9,0.8181818181818182,0.9555555555555556,0.8278920683176852,0.8968146857485436,1,2,0.009600000000000001,219.9317,books-stripe-a=10
q019,dystopian society divided into rigid factions,Torso,StripeLocal,Conceptual,Hybrid,idf-correct-probe,0.8626546178570389,0.6,0.42857142857142855,0.3333333333333333,0.5222762045682091,0.8530196862732788,1,2,0.009600000000000001,219.92540000000002,books-stripe-a=10
q019,dystopian society divided into rigid factions,Torso,StripeLocal,Conceptual,Hybrid,idf-correct-sidecar,0.8626546178570389,0.6,0.42857142857142855,0.3333333333333333,0.5222762045682091,0.8530196862732788,1,2,0.009600000000000001,219.918,books-stripe-a=10
q020,supernatural creatures hidden among ordinary people,Torso,StripeLocal,Conceptual,Hybrid,single-index,1,1,1,1,1,0.8611375561264454,1,1,0.005866667,238.246,books-oracle=10
q020,supernatural creatures hidden among ordinary people,Torso,StripeLocal,Conceptual,Hybrid,naive-score,0.601470321368178,0.5,0.3333333333333333,0.3333333333333333,0.39966688904291553,0.6656062736977922,1,2,0.009616667,219.045,books-stripe-a=4 | books-stripe-b=6
q020,supernatural creatures hidden among ordinary people,Torso,StripeLocal,Conceptual,Hybrid,interleave,0.8253059038373837,0.6,0.42857142857142855,0.7142857142857143,0.6100030367185095,0.7722812624812437,1,2,0.009616667,219.02759999999998,books-stripe-a=5 | books-stripe-b=5
q020,supernatural creatures hidden among ordinary people,Torso,StripeLocal,Conceptual,Hybrid,quota-merge,0.8253059038373837,0.6,0.42857142857142855,0.7142857142857143,0.6100030367185095,0.7722812624812437,1,2,0.009616667,219.01999999999998,books-stripe-a=5 | books-stripe-b=5
q020,supernatural creatures hidden among ordinary people,Torso,StripeLocal,Conceptual,Hybrid,global-rrf,0.8253059038373837,0.6,0.42857142857142855,0.7142857142857143,0.6100030367185095,0.7722812624812437,1,2,0.009616667,219.0359,books-stripe-a=5 | books-stripe-b=5
q020,supernatural creatures hidden among ordinary people,Torso,StripeLocal,Conceptual,Hybrid,minmax-norm,0.7687686164896699,0.5,0.3333333333333333,0.42857142857142855,0.5001849364636008,0.6944228344223068,1,2,0.009616667,219.0587,books-stripe-a=4 | books-stripe-b=6
q020,supernatural creatures hidden among ordinary people,Torso,StripeLocal,Conceptual,Hybrid,zscore-norm,0.8155180176610626,0.6,0.42857142857142855,0.5,0.5684717995222036,0.7605560420430191,1,2,0.009616667,219.0555,books-stripe-a=5 | books-stripe-b=5
q020,supernatural creatures hidden among ordinary people,Torso,StripeLocal,Conceptual,Hybrid,vector-similarity,0.632808951187324,0.5,0.3333333333333333,0.2,0.33370727049040183,0.6032896365670686,1,2,0.009616667,219.0545,books-stripe-a=8 | books-stripe-b=2
q020,supernatural creatures hidden among ordinary people,Torso,StripeLocal,Conceptual,Hybrid,hybrid-legs,0.7778647733351057,0.6,0.42857142857142855,0.42857142857142855,0.5061874947521892,0.5914520598735243,1,2,0.009616667,219.0794,books-stripe-a=5 | books-stripe-b=5
q020,supernatural creatures hidden among ordinary people,Torso,StripeLocal,Conceptual,Hybrid,idf-correct-probe,0.5077332109587885,0.1,0.05263157894736842,0.21428571428571427,0.13838122731232674,0.4128338206208616,1,2,0.009616667,219.0717,books-stripe-a=10
q020,supernatural creatures hidden among ordinary people,Torso,StripeLocal,Conceptual,Hybrid,idf-correct-sidecar,0.5077332109587885,0.1,0.05263157894736842,0.21428571428571427,0.13838122731232674,0.4128338206208616,1,2,0.009616667,219.064,books-stripe-a=10
q021,Victorian England social class and marriage,Torso,StripeLocal,Mixed,Hybrid,single-index,1,1,1,1,1,0.7033569827963886,1,1,0.0047,228.6746,books-oracle=10
q021,Victorian England social class and marriage,Torso,StripeLocal,Mixed,Hybrid,naive-score,0.7219189768532667,0.5,0.3333333333333333,0.6,0.5313901136520102,0.49087305847320795,1,2,0.009033333,215.9836,books-stripe-a=6 | books-stripe-b=4
q021,Victorian England social class and marriage,Torso,StripeLocal,Mixed,Hybrid,interleave,0.7123172360429293,0.5,0.3333333333333333,0.7142857142857143,0.46177097352956914,0.44994614681503725,1,2,0.009033333,215.96689999999998,books-stripe-a=5 | books-stripe-b=5
q021,Victorian England social class and marriage,Torso,StripeLocal,Mixed,Hybrid,quota-merge,0.773155792273764,0.5,0.3333333333333333,0.9047619047619048,0.5622890209502541,0.5253015182486053,1,2,0.009033333,215.9585,books-stripe-a=5 | books-stripe-b=5
q021,Victorian England social class and marriage,Torso,StripeLocal,Mixed,Hybrid,global-rrf,0.773155792273764,0.5,0.3333333333333333,0.9047619047619048,0.5622890209502541,0.5253015182486053,1,2,0.009033333,215.97459999999998,books-stripe-a=5 | books-stripe-b=5
q021,Victorian England social class and marriage,Torso,StripeLocal,Mixed,Hybrid,minmax-norm,0.7219189768532667,0.5,0.3333333333333333,0.6,0.5313901136520102,0.49087305847320795,1,2,0.009033333,216.00459999999998,books-stripe-a=6 | books-stripe-b=4
q021,Victorian England social class and marriage,Torso,StripeLocal,Mixed,Hybrid,zscore-norm,0.7656597944156623,0.5,0.3333333333333333,0.7142857142857143,0.5622890209502541,0.515256125853789,1,2,0.009033333,215.9964,books-stripe-a=5 | books-stripe-b=5
q021,Victorian England social class and marriage,Torso,StripeLocal,Mixed,Hybrid,vector-similarity,0.6581417388100764,0.2,0.1111111111111111,0.1111111111111111,0.2807680428729534,0.3896689350679977,1,2,0.009033333,215.9684,books-stripe-b=10
q021,Victorian England social class and marriage,Torso,StripeLocal,Mixed,Hybrid,hybrid-legs,0.873441128101729,0.5,0.3333333333333333,0.7222222222222222,0.6043898489097366,0.5289370491165595,1,2,0.009033333,216.0229,books-stripe-a=2 | books-stripe-b=8
q021,Victorian England social class and marriage,Torso,StripeLocal,Mixed,Hybrid,idf-correct-probe,0.7654264785210688,0.4,0.25,0.5,0.4227256627594468,0.5849582275084145,1,2,0.009033333,216.0091,books-stripe-a=3 | books-stripe-b=7
q021,Victorian England social class and marriage,Torso,StripeLocal,Mixed,Hybrid,idf-correct-sidecar,0.7654264785210688,0.4,0.25,0.5,0.4227256627594468,0.5849582275084145,1,2,0.009033333,216.0259,books-stripe-a=3 | books-stripe-b=7
q022,memoir of growing up in poverty,Torso,StripeLocal,Conceptual,Hybrid,single-index,1,1,1,1,1,0.5949120648182181,1,1,0.0047,239.3865,books-oracle=10
q022,memoir of growing up in poverty,Torso,StripeLocal,Conceptual,Hybrid,naive-score,0.8549932671118605,0.7,0.5384615384615384,0.5,0.585627753587758,0.443331817144859,1,2,0.007933333,219.5788,books-stripe-a=3 | books-stripe-b=7
q022,memoir of growing up in poverty,Torso,StripeLocal,Conceptual,Hybrid,interleave,0.5962636340968593,0.5,0.3333333333333333,0.3333333333333333,0.354527160281723,0.30737202344204395,1,2,0.007933333,219.5617,books-stripe-a=5 | books-stripe-b=5
q022,memoir of growing up in poverty,Torso,StripeLocal,Conceptual,Hybrid,quota-merge,0.5993481365807327,0.5,0.3333333333333333,0.3333333333333333,0.3621585048016224,0.30737202344204395,1,2,0.007933333,219.5527,books-stripe-a=5 | books-stripe-b=5
q022,memoir of growing up in poverty,Torso,StripeLocal,Conceptual,Hybrid,global-rrf,0.5993481365807327,0.5,0.3333333333333333,0.3333333333333333,0.3621585048016224,0.30737202344204395,1,2,0.007933333,219.56879999999998,books-stripe-a=5 | books-stripe-b=5
q022,memoir of growing up in poverty,Torso,StripeLocal,Conceptual,Hybrid,minmax-norm,0.7018262736607621,0.7,0.5384615384615384,0.4444444444444444,0.46679029202465305,0.35934670994092477,1,2,0.007933333,219.5921,books-stripe-a=3 | books-stripe-b=7
q022,memoir of growing up in poverty,Torso,StripeLocal,Conceptual,Hybrid,zscore-norm,0.48552996414495975,0.4,0.25,-0.06666666666666667,0.2394963728302055,0.21506213683951073,1,2,0.007933333,219.5891,books-stripe-a=6 | books-stripe-b=4
q022,memoir of growing up in poverty,Torso,StripeLocal,Conceptual,Hybrid,vector-similarity,0.9070519771427321,0.6,0.42857142857142855,0.3333333333333333,0.5884214855978533,0.7722043463452036,1,2,0.007933333,219.56279999999998,books-stripe-b=10
q022,memoir of growing up in poverty,Torso,StripeLocal,Conceptual,Hybrid,hybrid-legs,0.9829159685105074,0.8,0.6666666666666666,0.9111111111111111,0.7808749456281368,0.6667136022088656,1,2,0.007933333,219.6141,books-stripe-b=10
q022,memoir of growing up in poverty,Torso,StripeLocal,Conceptual,Hybrid,idf-correct-probe,0.7700102227443305,0.7,0.5384615384615384,0.24444444444444444,0.43014008617514377,0.3127243894163288,1,2,0.007933333,219.6118,books-stripe-a=1 | books-stripe-b=9
q022,memoir of growing up in poverty,Torso,StripeLocal,Conceptual,Hybrid,idf-correct-sidecar,0.7700102227443305,0.7,0.5384615384615384,0.24444444444444444,0.43014008617514377,0.3127243894163288,1,2,0.007933333,219.5929,books-stripe-a=1 | books-stripe-b=9
q023,biography of a president,Torso,StripeLocal,Mixed,Hybrid,single-index,1,1,1,1,1,0.7247146601370741,1,1,0.001716667,130.1762,books-oracle=10
q023,biography of a president,Torso,StripeLocal,Mixed,Hybrid,naive-score,0.6694592785191303,0.5,0.3333333333333333,-0.05555555555555555,0.29947307391536193,0.3768919624784751,1,2,0.00165,115.6696,books-stripe-a=5 | books-stripe-b=5
q023,biography of a president,Torso,StripeLocal,Mixed,Hybrid,interleave,0.6898722560482269,0.5,0.3333333333333333,0.1111111111111111,0.354515978206551,0.40030207651255223,1,2,0.00165,115.6549,books-stripe-a=5 | books-stripe-b=5
q023,biography of a president,Torso,StripeLocal,Mixed,Hybrid,quota-merge,0.8188032812554445,0.5,0.3333333333333333,0.2222222222222222,0.4626653701471354,0.50072161787915,1,2,0.00165,115.6468,books-stripe-a=5 | books-stripe-b=5
q023,biography of a president,Torso,StripeLocal,Mixed,Hybrid,global-rrf,0.8188032812554445,0.5,0.3333333333333333,0.2222222222222222,0.4626653701471354,0.50072161787915,1,2,0.00165,115.66279999999999,books-stripe-a=5 | books-stripe-b=5
q023,biography of a president,Torso,StripeLocal,Mixed,Hybrid,minmax-norm,0.8152222847674168,0.5,0.3333333333333333,0.2222222222222222,0.455034025627236,0.4967889177165672,1,2,0.00165,115.7148,books-stripe-a=5 | books-stripe-b=5
q023,biography of a president,Torso,StripeLocal,Mixed,Hybrid,zscore-norm,0.6840877377485374,0.5,0.3333333333333333,0.1111111111111111,0.3446234945696443,0.39814449927856005,1,2,0.00165,115.68419999999999,books-stripe-a=5 | books-stripe-b=5
q023,biography of a president,Torso,StripeLocal,Mixed,Hybrid,vector-similarity,0.8310772950880317,0.6,0.42857142857142855,-0.06666666666666667,0.45299621823847663,0.918752830540385,1,2,0.00165,115.6558,books-stripe-b=10
q023,biography of a president,Torso,StripeLocal,Mixed,Hybrid,hybrid-legs,0.9704960995356687,0.8,0.6666666666666666,0.7333333333333333,0.7361608694706102,0.8042402401553794,1,2,0.00165,115.70649999999999,books-stripe-a=1 | books-stripe-b=9
q023,biography of a president,Torso,StripeLocal,Mixed,Hybrid,idf-correct-probe,0.752184571891152,0.6,0.42857142857142855,0.1111111111111111,0.35941388204040153,0.382707094093499,1,2,0.00165,115.693,books-stripe-a=1 | books-stripe-b=9
q023,biography of a president,Torso,StripeLocal,Mixed,Hybrid,idf-correct-sidecar,0.7464423714226983,0.6,0.42857142857142855,0.06666666666666667,0.35178253752050204,0.37877439393091616,1,2,0.00165,115.6824,books-stripe-a=1 | books-stripe-b=9
q024,behavioral economics and irrational decision making,Tail,StripeLocal,Mixed,Hybrid,single-index,1,1,1,1,1,0.9278120437729633,1,1,0.005866667,194.4326,books-oracle=10
q024,behavioral economics and irrational decision making,Tail,StripeLocal,Mixed,Hybrid,naive-score,0.9665082878897354,0.9,0.8181818181818182,1,0.8347983758522218,0.9179947783371841,1,2,0.0067666670000000005,162.5803,books-stripe-a=1 | books-stripe-b=9
q024,behavioral economics and irrational decision making,Tail,StripeLocal,Mixed,Hybrid,interleave,0.5608675242626108,0.5,0.3333333333333333,0.6,0.3530743891674381,0.48295307524247333,1,2,0.0067666670000000005,162.5675,books-stripe-a=5 | books-stripe-b=5
q024,behavioral economics and irrational decision making,Tail,StripeLocal,Mixed,Hybrid,quota-merge,0.7137371885156869,0.5,0.3333333333333333,0.6,0.46603152815555937,0.5755542276273108,1,2,0.0067666670000000005,162.5584,books-stripe-a=5 | books-stripe-b=5
q024,behavioral economics and irrational decision making,Tail,StripeLocal,Mixed,Hybrid,global-rrf,0.7137371885156869,0.5,0.3333333333333333,0.6,0.46603152815555937,0.5755542276273108,1,2,0.0067666670000000005,162.5747,books-stripe-a=5 | books-stripe-b=5
q024,behavioral economics and irrational decision making,Tail,StripeLocal,Mixed,Hybrid,minmax-norm,0.8982658901806848,0.9,0.8181818181818182,1,0.7025747303706025,0.8425101000612357,1,2,0.0067666670000000005,162.59810000000002,books-stripe-a=1 | books-stripe-b=9
q024,behavioral economics and irrational decision making,Tail,StripeLocal,Mixed,Hybrid,zscore-norm,0.6218357624884423,0.8,0.6666666666666666,1,0.445494658302094,0.6685791706564918,1,2,0.0067666670000000005,162.595,books-stripe-a=2 | books-stripe-b=8
q024,behavioral economics and irrational decision making,Tail,StripeLocal,Mixed,Hybrid,vector-similarity,0.9782652931705024,0.8,0.6666666666666666,0.7333333333333333,0.7427062118141752,0.9331216323057908,1,2,0.0067666670000000005,162.5668,books-stripe-b=10
q024,behavioral economics and irrational decision making,Tail,StripeLocal,Mixed,Hybrid,hybrid-legs,1,1,1,1,0.8591367550184259,0.9278120437729633,1,2,0.0067666670000000005,162.6483,books-stripe-b=10
q024,behavioral economics and irrational decision making,Tail,StripeLocal,Mixed,Hybrid,idf-correct-probe,0.9814731674284664,0.9,0.8181818181818182,0.6,0.743710795896307,0.8771495496465931,1,2,0.0067666670000000005,162.6098,books-stripe-b=10
q024,behavioral economics and irrational decision making,Tail,StripeLocal,Mixed,Hybrid,idf-correct-sidecar,0.9814731674284664,0.9,0.8181818181818182,0.6,0.743710795896307,0.8771495496465931,1,2,0.0067666670000000005,162.6034,books-stripe-b=10
q025,habits productivity and personal effectiveness,Torso,StripeLocal,Mixed,Hybrid,single-index,1,1,1,1,1,0.8827904758126036,1,1,0.004133333,197.4835,books-oracle=10
q025,habits productivity and personal effectiveness,Torso,StripeLocal,Mixed,Hybrid,naive-score,0.9544008836717524,0.9,0.8181818181818182,0.9444444444444444,0.8016493697909209,0.8170967796911318,1,2,0.008433334,224.9761,books-stripe-a=1 | books-stripe-b=9
q025,habits productivity and personal effectiveness,Torso,StripeLocal,Mixed,Hybrid,interleave,0.5324657695478926,0.5,0.3333333333333333,1,0.3529248825220888,0.4580442784321762,1,2,0.008433334,224.9608,books-stripe-a=5 | books-stripe-b=5
q025,habits productivity and personal effectiveness,Torso,StripeLocal,Mixed,Hybrid,quota-merge,0.7059236361537091,0.5,0.3333333333333333,1,0.49858052797643776,0.5410307819006586,1,2,0.008433334,224.953,books-stripe-a=5 | books-stripe-b=5
q025,habits productivity and personal effectiveness,Torso,StripeLocal,Mixed,Hybrid,global-rrf,0.7059236361537091,0.5,0.3333333333333333,1,0.49858052797643776,0.5410307819006586,1,2,0.008433334,224.9689,books-stripe-a=5 | books-stripe-b=5
q025,habits productivity and personal effectiveness,Torso,StripeLocal,Mixed,Hybrid,minmax-norm,0.808348285025077,0.7,0.5384615384615384,1,0.6015493039849301,0.6756806492507635,1,2,0.008433334,224.9914,books-stripe-a=3 | books-stripe-b=7
q025,habits productivity and personal effectiveness,Torso,StripeLocal,Mixed,Hybrid,zscore-norm,0.45434516988140217,0.6,0.42857142857142855,1,0.24997672448864822,0.456232899256415,1,2,0.008433334,224.9882,books-stripe-a=4 | books-stripe-b=6
q025,habits productivity and personal effectiveness,Torso,StripeLocal,Mixed,Hybrid,vector-similarity,0.9727367695930901,0.9,0.8181818181818182,0.6888888888888889,0.7342767516513132,0.9061602363963839,1,2,0.008433334,224.9617,books-stripe-b=10
q025,habits productivity and personal effectiveness,Torso,StripeLocal,Mixed,Hybrid,hybrid-legs,0.9997206450542672,1,1,0.8666666666666667,0.8483193241614684,0.8827904758126036,1,2,0.008433334,225.0154,books-stripe-b=10
q025,habits productivity and personal effectiveness,Torso,StripeLocal,Mixed,Hybrid,idf-correct-probe,0.9956647842708043,0.9,0.8181818181818182,0.6444444444444445,0.8060798981937162,0.8842952959585678,1,2,0.008433334,225.0029,books-stripe-b=10
q025,habits productivity and personal effectiveness,Torso,StripeLocal,Mixed,Hybrid,idf-correct-sidecar,0.9956647842708043,0.9,0.8181818181818182,0.6444444444444445,0.8060798981937162,0.8842952959585678,1,2,0.008433334,224.9943,books-stripe-b=10
q026,poetry collection about grief,Torso,StripeLocal,Conceptual,Hybrid,single-index,1,1,1,1,1,0.4238528209080421,1,1,0.004133333,228.2097,books-oracle=10
q026,poetry collection about grief,Torso,StripeLocal,Conceptual,Hybrid,naive-score,0.9003099829439287,0.8,0.6666666666666666,1,0.7405875004759473,0.4001084545419437,1,2,0.009033333,216.7856,books-stripe-a=2 | books-stripe-b=8
q026,poetry collection about grief,Torso,StripeLocal,Conceptual,Hybrid,interleave,0.5324657695478926,0.5,0.3333333333333333,1,0.3529248825220888,0.23193395887943896,1,2,0.009033333,216.7732,books-stripe-a=5 | books-stripe-b=5
q026,poetry collection about grief,Torso,StripeLocal,Conceptual,Hybrid,quota-merge,0.6853354338009686,0.5,0.3333333333333333,1,0.46588202151020996,0.23370711602448196,1,2,0.009033333,216.7633,books-stripe-a=5 | books-stripe-b=5
q026,poetry collection about grief,Torso,StripeLocal,Conceptual,Hybrid,global-rrf,0.6853354338009686,0.5,0.3333333333333333,1,0.46588202151020996,0.23370711602448196,1,2,0.009033333,216.7797,books-stripe-a=5 | books-stripe-b=5
q026,poetry collection about grief,Torso,StripeLocal,Conceptual,Hybrid,minmax-norm,0.7880162363540595,0.7,0.5384615384615384,1,0.565706061685704,0.3530742391268929,1,2,0.009033333,216.8056,books-stripe-a=3 | books-stripe-b=7
q026,poetry collection about grief,Torso,StripeLocal,Conceptual,Hybrid,zscore-norm,0.5250661491900976,0.7,0.5384615384615384,1,0.3341657549935786,0.3431382834535783,1,2,0.009033333,216.8049,books-stripe-a=3 | books-stripe-b=7
q026,poetry collection about grief,Torso,StripeLocal,Conceptual,Hybrid,vector-similarity,0.8361493915587996,0.5,0.3333333333333333,0.6,0.48797275789415906,0.458398170875221,1,2,0.009033333,216.7736,books-stripe-b=10
q026,poetry collection about grief,Torso,StripeLocal,Conceptual,Hybrid,hybrid-legs,0.9712390728403263,0.7,0.5384615384615384,0.7333333333333333,0.7684530140454853,0.4575231503880025,1,2,0.009033333,216.8474,books-stripe-b=10
q026,poetry collection about grief,Torso,StripeLocal,Conceptual,Hybrid,idf-correct-probe,0.6992402889965188,0.6,0.42857142857142855,0.15555555555555556,0.3653929296731705,0.36647634220602804,1,2,0.009033333,216.8176,books-stripe-a=1 | books-stripe-b=9
q026,poetry collection about grief,Torso,StripeLocal,Conceptual,Hybrid,idf-correct-sidecar,0.6992402889965188,0.6,0.42857142857142855,0.15555555555555556,0.3653929296731705,0.36647634220602804,1,2,0.009033333,216.804,books-stripe-a=1 | books-stripe-b=9
q027,existentialist philosophy and the meaning of life,Torso,StripeLocal,Mixed,Hybrid,single-index,1,1,1,1,1,0.4206092304437581,1,1,0.005866667,233.4987,books-oracle=10
q027,existentialist philosophy and the meaning of life,Torso,StripeLocal,Mixed,Hybrid,naive-score,0.8156319178374958,0.7,0.5384615384615384,0.5714285714285714,0.5466262667909335,0.43855359079529543,1,2,0.009600000000000001,222.3053,books-stripe-a=4 | books-stripe-b=6
q027,existentialist philosophy and the meaning of life,Torso,StripeLocal,Mixed,Hybrid,interleave,0.7651813374308063,0.6,0.42857142857142855,0.42857142857142855,0.4766992394442871,0.3665913951866906,1,2,0.009600000000000001,222.2893,books-stripe-a=5 | books-stripe-b=5
q027,existentialist philosophy and the meaning of life,Torso,StripeLocal,Mixed,Hybrid,quota-merge,0.7756003243512238,0.6,0.42857142857142855,0.5238095238095238,0.5038391122478721,0.37600889006469973,1,2,0.009600000000000001,222.2796,books-stripe-a=5 | books-stripe-b=5
q027,existentialist philosophy and the meaning of life,Torso,StripeLocal,Mixed,Hybrid,global-rrf,0.7756003243512238,0.6,0.42857142857142855,0.5238095238095238,0.5038391122478721,0.37600889006469973,1,2,0.009600000000000001,222.2969,books-stripe-a=5 | books-stripe-b=5
q027,existentialist philosophy and the meaning of life,Torso,StripeLocal,Mixed,Hybrid,minmax-norm,0.8156319178374958,0.7,0.5384615384615384,0.5714285714285714,0.5466262667909335,0.43855359079529543,1,2,0.009600000000000001,222.3201,books-stripe-a=4 | books-stripe-b=6
q027,existentialist philosophy and the meaning of life,Torso,StripeLocal,Mixed,Hybrid,zscore-norm,0.7195312523965637,0.6,0.42857142857142855,0.3333333333333333,0.4255857955299951,0.3731724206970016,1,2,0.009600000000000001,222.3156,books-stripe-a=5 | books-stripe-b=5
q027,existentialist philosophy and the meaning of life,Torso,StripeLocal,Mixed,Hybrid,vector-similarity,0.6924926309839995,0.7,0.5384615384615384,-0.3333333333333333,0.336618166937889,0.8102223190350939,1,2,0.009600000000000001,222.2885,books-stripe-b=10
q027,existentialist philosophy and the meaning of life,Torso,StripeLocal,Mixed,Hybrid,hybrid-legs,0.9890278762543402,0.8,0.6666666666666666,0.9111111111111111,0.8188957734788256,0.49391316354152165,1,2,0.009600000000000001,222.3414,books-stripe-a=1 | books-stripe-b=9
q027,existentialist philosophy and the meaning of life,Torso,StripeLocal,Mixed,Hybrid,idf-correct-probe,0.9173441140662618,0.6,0.42857142857142855,0.7777777777777778,0.6165747142808058,0.30915221247360447,1,2,0.009600000000000001,222.3301,books-stripe-a=2 | books-stripe-b=8
q027,existentialist philosophy and the meaning of life,Torso,StripeLocal,Mixed,Hybrid,idf-correct-sidecar,0.9173441140662618,0.6,0.42857142857142855,0.7777777777777778,0.6165747142808058,0.30915221247360447,1,2,0.009600000000000001,222.32109999999997,books-stripe-a=2 | books-stripe-b=8
q028,evolutionary biology explained for general readers,Torso,StripeLocal,Conceptual,Hybrid,single-index,1,1,1,1,1,0.8110200778124863,1,1,0.004083333,193.5133,books-oracle=10
q028,evolutionary biology explained for general readers,Torso,StripeLocal,Conceptual,Hybrid,naive-score,0.9395954887736683,0.8,0.6666666666666666,0.4222222222222222,0.6393653929492115,0.7022728091517119,1,2,0.00445,140.8588,books-stripe-a=2 | books-stripe-b=8
q028,evolutionary biology explained for general readers,Torso,StripeLocal,Conceptual,Hybrid,interleave,0.6511063109934483,0.5,0.3333333333333333,-0.047619047619047616,0.3602635472763079,0.41927654182549434,1,2,0.00445,140.8444,books-stripe-a=5 | books-stripe-b=5
q028,evolutionary biology explained for general readers,Torso,StripeLocal,Conceptual,Hybrid,quota-merge,0.7671957655042126,0.5,0.3333333333333333,0.047619047619047616,0.4684129392168924,0.5174948509753892,1,2,0.00445,140.835,books-stripe-a=5 | books-stripe-b=5
q028,evolutionary biology explained for general readers,Torso,StripeLocal,Conceptual,Hybrid,global-rrf,0.7671957655042126,0.5,0.3333333333333333,0.047619047619047616,0.4684129392168924,0.5174948509753892,1,2,0.00445,140.8513,books-stripe-a=5 | books-stripe-b=5
q028,evolutionary biology explained for general readers,Torso,StripeLocal,Conceptual,Hybrid,minmax-norm,0.9395954887736683,0.8,0.6666666666666666,0.4222222222222222,0.6393653929492115,0.7022728091517119,1,2,0.00445,140.8745,books-stripe-a=2 | books-stripe-b=8
q028,evolutionary biology explained for general readers,Torso,StripeLocal,Conceptual,Hybrid,zscore-norm,0.6714751750601369,0.7,0.5384615384615384,-0.05555555555555555,0.3415044197477977,0.4353321046842087,1,2,0.00445,140.872,books-stripe-a=3 | books-stripe-b=7
q028,evolutionary biology explained for general readers,Torso,StripeLocal,Conceptual,Hybrid,vector-similarity,0.9201583817560501,0.8,0.6666666666666666,-0.06666666666666667,0.5515686522854745,0.9324303156581432,1,2,0.00445,140.8435,books-stripe-b=10
q028,evolutionary biology explained for general readers,Torso,StripeLocal,Conceptual,Hybrid,hybrid-legs,0.9392340309658015,0.9,0.8181818181818182,0.6444444444444445,0.6957987283705612,0.8493883801989895,1,2,0.00445,140.918,books-stripe-b=10
q028,evolutionary biology explained for general readers,Torso,StripeLocal,Conceptual,Hybrid,idf-correct-probe,0.7618278260721644,0.8,0.6666666666666666,0.1111111111111111,0.4820676384328084,0.4867730426326832,1,2,0.00445,140.8882,books-stripe-a=1 | books-stripe-b=9
q028,evolutionary biology explained for general readers,Torso,StripeLocal,Conceptual,Hybrid,idf-correct-sidecar,0.7448115384268587,0.8,0.6666666666666666,-0.2,0.4321094707309893,0.46404202909747533,1,2,0.00445,140.8801,books-stripe-a=1 | books-stripe-b=9
q029,the history of the Roman empire,Torso,StripeLocal,Lexical,Hybrid,single-index,1,1,1,1,1,0.8895745431356592,1,1,0.0047,231.1728,books-oracle=10
q029,the history of the Roman empire,Torso,StripeLocal,Lexical,Hybrid,naive-score,0.8569346725108549,0.5,0.3333333333333333,0.5714285714285714,0.6209947859774341,0.8232527470503709,1,2,0.009033333000000001,220.4771,books-stripe-a=5 | books-stripe-b=5
q029,the history of the Roman empire,Torso,StripeLocal,Lexical,Hybrid,interleave,0.6701130224798855,0.5,0.3333333333333333,0,0.3534818757516456,0.623711671621091,1,2,0.009033333000000001,220.457,books-stripe-a=5 | books-stripe-b=5
q029,the history of the Roman empire,Torso,StripeLocal,Lexical,Hybrid,quota-merge,0.6771153762872675,0.5,0.3333333333333333,0.07142857142857142,0.3743031984540873,0.623711671621091,1,2,0.009033333000000001,220.4485,books-stripe-a=5 | books-stripe-b=5
q029,the history of the Roman empire,Torso,StripeLocal,Lexical,Hybrid,global-rrf,0.6771153762872675,0.5,0.3333333333333333,0.07142857142857142,0.3743031984540873,0.623711671621091,1,2,0.009033333000000001,220.4637,books-stripe-a=5 | books-stripe-b=5
q029,the history of the Roman empire,Torso,StripeLocal,Lexical,Hybrid,minmax-norm,0.5873479484147045,0.3,0.17647058823529413,0.047619047619047616,0.28421672227191075,0.5509691863641946,1,2,0.009033333000000001,220.48839999999998,books-stripe-a=7 | books-stripe-b=3
q029,the history of the Roman empire,Torso,StripeLocal,Lexical,Hybrid,zscore-norm,0.8509337203336863,0.5,0.3333333333333333,0.42857142857142855,0.5974612740112071,0.8143289649260668,1,2,0.009033333000000001,220.48499999999999,books-stripe-a=5 | books-stripe-b=5
q029,the history of the Roman empire,Torso,StripeLocal,Lexical,Hybrid,vector-similarity,0.8928806850740999,0.5,0.3333333333333333,0.6,0.5426577010577123,0.9427451374310651,1,2,0.009033333000000001,220.46009999999998,books-stripe-b=10
q029,the history of the Roman empire,Torso,StripeLocal,Lexical,Hybrid,hybrid-legs,0.9830245741623757,0.9,0.8181818181818182,0.8222222222222222,0.8066222602374806,0.8861233898257745,1,2,0.009033333000000001,220.5096,books-stripe-b=10
q029,the history of the Roman empire,Torso,StripeLocal,Lexical,Hybrid,idf-correct-probe,0.9128894576752993,0.6,0.42857142857142855,0.5555555555555556,0.6106371956475827,0.8079809844878406,1,2,0.009033333000000001,220.4959,books-stripe-a=3 | books-stripe-b=7
q029,the history of the Roman empire,Torso,StripeLocal,Lexical,Hybrid,idf-correct-sidecar,0.9128894576752993,0.6,0.42857142857142855,0.5555555555555556,0.6106371956475827,0.8079809844878406,1,2,0.009033333000000001,220.4887,books-stripe-a=3 | books-stripe-b=7
q030,a novel narrated by an unreliable narrator in a decaying southern town,Tail,StripeLocal,Conceptual,Hybrid,single-index,1,1,1,1,1,0.4113834982703896,1,1,0.005866667,428.3506,books-oracle=10
q030,a novel narrated by an unreliable narrator in a decaying southern town,Tail,StripeLocal,Conceptual,Hybrid,naive-score,0.9925630612037665,0.9,0.8181818181818182,0.7777777777777778,0.7947454204827421,0.4452170466130909,1,2,0.009066666,223.2962,books-stripe-a=6 | books-stripe-b=4
q030,a novel narrated by an unreliable narrator in a decaying southern town,Tail,StripeLocal,Conceptual,Hybrid,interleave,0.8871482607049862,0.8,0.6666666666666666,0.6,0.6284676849702696,0.4452170466130909,1,2,0.009066666,223.2809,books-stripe-a=5 | books-stripe-b=5
q030,a novel narrated by an unreliable narrator in a decaying southern town,Tail,StripeLocal,Conceptual,Hybrid,quota-merge,0.8856453842870018,0.8,0.6666666666666666,0.5111111111111111,0.6104699597401907,0.4504088353210195,1,2,0.009066666,223.2716,books-stripe-a=5 | books-stripe-b=5
q030,a novel narrated by an unreliable narrator in a decaying southern town,Tail,StripeLocal,Conceptual,Hybrid,global-rrf,0.8856453842870018,0.8,0.6666666666666666,0.5111111111111111,0.6104699597401907,0.4504088353210195,1,2,0.009066666,223.28969999999998,books-stripe-a=5 | books-stripe-b=5
q030,a novel narrated by an unreliable narrator in a decaying southern town,Tail,StripeLocal,Conceptual,Hybrid,minmax-norm,0.8986088978620315,0.9,0.8181818181818182,0.8222222222222222,0.6626352800520694,0.4358692729902467,1,2,0.009066666,223.3142,books-stripe-a=6 | books-stripe-b=4
q030,a novel narrated by an unreliable narrator in a decaying southern town,Tail,StripeLocal,Conceptual,Hybrid,zscore-norm,0.9925630612037665,0.9,0.8181818181818182,0.7777777777777778,0.7947454204827421,0.4452170466130909,1,2,0.009066666,223.3114,books-stripe-a=6 | books-stripe-b=4
q030,a novel narrated by an unreliable narrator in a decaying southern town,Tail,StripeLocal,Conceptual,Hybrid,vector-similarity,0.6929578910327853,0.3,0.17647058823529413,0.6,0.29587157696829686,0.3326493127539437,1,2,0.009066666,223.2809,books-stripe-a=4 | books-stripe-b=6
q030,a novel narrated by an unreliable narrator in a decaying southern town,Tail,StripeLocal,Conceptual,Hybrid,hybrid-legs,0.979595799476252,0.8,0.6666666666666666,0.5555555555555556,0.7274483508224079,0.4383147399933219,1,2,0.009066666,223.3605,books-stripe-a=6 | books-stripe-b=4
q030,a novel narrated by an unreliable narrator in a decaying southern town,Tail,StripeLocal,Conceptual,Hybrid,idf-correct-probe,0.5179866464652226,0.2,0.1111111111111111,0.6888888888888889,0.19674052549911827,0.24298499122452352,1,2,0.009066666,223.33079999999998,books-stripe-a=6 | books-stripe-b=4
q030,a novel narrated by an unreliable narrator in a decaying southern town,Tail,StripeLocal,Conceptual,Hybrid,idf-correct-sidecar,0.5179866464652226,0.2,0.1111111111111111,0.6888888888888889,0.19674052549911827,0.24298499122452352,1,2,0.009066666,223.3227,books-stripe-a=6 | books-stripe-b=4
q031,Regency romance with a reluctant duke,Tail,StripeLocal,Mixed,Hybrid,single-index,1,1,1,1,1,0.8149814593056524,1,1,0.0047,232.6595,books-oracle=10
q031,Regency romance with a reluctant duke,Tail,StripeLocal,Mixed,Hybrid,naive-score,0.9210255517620812,0.8,0.6666666666666666,0.5,0.6646425605784417,0.7399664361247148,1,2,0.009066666,219.8107,books-stripe-a=2 | books-stripe-b=8
q031,Regency romance with a reluctant duke,Tail,StripeLocal,Mixed,Hybrid,interleave,0.630270469414698,0.5,0.3333333333333333,0.14285714285714285,0.354070141242089,0.39313826646592454,1,2,0.009066666,219.7953,books-stripe-a=5 | books-stripe-b=5
q031,Regency romance with a reluctant duke,Tail,StripeLocal,Mixed,Hybrid,quota-merge,0.7506798287183271,0.5,0.3333333333333333,0.23809523809523808,0.4593959357103108,0.5461344240237491,1,2,0.009066666,219.7854,books-stripe-a=5 | books-stripe-b=5
q031,Regency romance with a reluctant duke,Tail,StripeLocal,Mixed,Hybrid,global-rrf,0.7506798287183271,0.5,0.3333333333333333,0.23809523809523808,0.4593959357103108,0.5461344240237491,1,2,0.009066666,219.8032,books-stripe-a=5 | books-stripe-b=5
q031,Regency romance with a reluctant duke,Tail,StripeLocal,Mixed,Hybrid,minmax-norm,0.8860122565631526,0.8,0.6666666666666666,0.4444444444444444,0.6062194610565913,0.7124226247100605,1,2,0.009066666,219.82750000000001,books-stripe-a=2 | books-stripe-b=8
q031,Regency romance with a reluctant duke,Tail,StripeLocal,Mixed,Hybrid,zscore-norm,0.6976583483096022,0.8,0.6666666666666666,0.3888888888888889,0.43332841949301304,0.4938463835023559,1,2,0.009066666,219.82410000000002,books-stripe-a=2 | books-stripe-b=8
q031,Regency romance with a reluctant duke,Tail,StripeLocal,Mixed,Hybrid,vector-similarity,0.8333468142955716,0.6,0.42857142857142855,0.6,0.4933589075054996,0.5732430713559219,1,2,0.009066666,219.7947,books-stripe-b=10
q031,Regency romance with a reluctant duke,Tail,StripeLocal,Mixed,Hybrid,hybrid-legs,0.9773136680590386,0.9,0.8181818181818182,0.7333333333333333,0.7381435214608523,0.8125907063931261,1,2,0.009066666,219.8834,books-stripe-a=1 | books-stripe-b=9
q031,Regency romance with a reluctant duke,Tail,StripeLocal,Mixed,Hybrid,idf-correct-probe,0.9166059968434486,0.5,0.3333333333333333,0.8222222222222222,0.6341003967927371,0.8143532324519973,1,2,0.009066666,219.8377,books-stripe-a=2 | books-stripe-b=8
q031,Regency romance with a reluctant duke,Tail,StripeLocal,Mixed,Hybrid,idf-correct-sidecar,0.9166059968434486,0.5,0.3333333333333333,0.8222222222222222,0.6341003967927371,0.8143532324519973,1,2,0.009066666,219.8299,books-stripe-a=2 | books-stripe-b=8
q032,cookbook,Head,StripeLocal,Lexical,Hybrid,single-index,1,1,1,1,1,1,1,1,0.00115,122.7333,books-oracle=10
q032,cookbook,Head,StripeLocal,Lexical,Hybrid,naive-score,0.8370102557898895,0.7,0.5384615384615384,0.15555555555555556,0.45480732615825215,1,1,2,0.0011,70.28179999999999,books-stripe-a=5 | books-stripe-b=5
q032,cookbook,Head,StripeLocal,Lexical,Hybrid,interleave,0.904187161523109,0.7,0.5384615384615384,0.5111111111111111,0.5921157082292413,1,1,2,0.0011,70.26979999999999,books-stripe-a=5 | books-stripe-b=5
q032,cookbook,Head,StripeLocal,Lexical,Hybrid,quota-merge,0.965223902493677,0.7,0.5384615384615384,0.7333333333333333,0.7322127200209472,1,1,2,0.0011,70.2616,books-stripe-a=5 | books-stripe-b=5
q032,cookbook,Head,StripeLocal,Lexical,Hybrid,global-rrf,0.965223902493677,0.7,0.5384615384615384,0.7333333333333333,0.7322127200209472,1,1,2,0.0011,70.2787,books-stripe-a=5 | books-stripe-b=5
q032,cookbook,Head,StripeLocal,Lexical,Hybrid,minmax-norm,0.9508790575883739,0.7,0.5384615384615384,0.37777777777777777,0.6507808295412794,1,1,2,0.0011,70.3072,books-stripe-a=5 | books-stripe-b=5
q032,cookbook,Head,StripeLocal,Lexical,Hybrid,zscore-norm,0.7555674506854813,0.5,0.3333333333333333,0.15555555555555556,0.329741165777902,1,1,2,0.0011,70.2974,books-stripe-a=7 | books-stripe-b=3
q032,cookbook,Head,StripeLocal,Lexical,Hybrid,vector-similarity,0.8161454971429899,0.6,0.42857142857142855,0.4222222222222222,0.4887787013147938,1,1,2,0.0011,70.27409999999999,books-stripe-a=1 | books-stripe-b=9
q032,cookbook,Head,StripeLocal,Lexical,Hybrid,hybrid-legs,0.9012931528335009,0.9,0.8181818181818182,0.6,0.6186474310825283,1,1,2,0.0011,70.3256,books-stripe-a=3 | books-stripe-b=7
q032,cookbook,Head,StripeLocal,Lexical,Hybrid,idf-correct-probe,0.7649042040985099,0.6,0.42857142857142855,0.24444444444444444,0.42888566534235695,1,1,2,0.0011,70.3039,books-stripe-a=3 | books-stripe-b=7
q032,cookbook,Head,StripeLocal,Lexical,Hybrid,idf-correct-sidecar,0.7649042040985099,0.6,0.42857142857142855,0.24444444444444444,0.42888566534235695,1,1,2,0.0011,70.2931,books-stripe-a=3 | books-stripe-b=7
q033,travel writing about walking across a country,Tail,StripeLocal,Conceptual,Hybrid,single-index,1,1,1,1,1,0.7962928820481029,1,1,0.0047,199.5812,books-oracle=10
q033,travel writing about walking across a country,Tail,StripeLocal,Conceptual,Hybrid,naive-score,0.8168645944327486,0.8,0.6666666666666666,0.2222222222222222,0.5362264358322893,0.5829096435164941,1,2,0.009066666,219.43630000000002,books-stripe-a=3 | books-stripe-b=7
q033,travel writing about walking across a country,Tail,StripeLocal,Conceptual,Hybrid,interleave,0.7256303945124858,0.6,0.42857142857142855,0.07142857142857142,0.411410844586571,0.5248503075305121,1,2,0.009066666,219.42090000000002,books-stripe-a=5 | books-stripe-b=5
q033,travel writing about walking across a country,Tail,StripeLocal,Conceptual,Hybrid,quota-merge,0.736429915847852,0.6,0.42857142857142855,0.14285714285714285,0.4433584644376927,0.537960452068994,1,2,0.009066666,219.41170000000002,books-stripe-a=5 | books-stripe-b=5
q033,travel writing about walking across a country,Tail,StripeLocal,Conceptual,Hybrid,global-rrf,0.736429915847852,0.6,0.42857142857142855,0.14285714285714285,0.4433584644376927,0.537960452068994,1,2,0.009066666,219.4276,books-stripe-a=5 | books-stripe-b=5
q033,travel writing about walking across a country,Tail,StripeLocal,Conceptual,Hybrid,minmax-norm,0.8168645944327486,0.8,0.6666666666666666,0.2222222222222222,0.5362264358322893,0.5829096435164941,1,2,0.009066666,219.4507,books-stripe-a=3 | books-stripe-b=7
q033,travel writing about walking across a country,Tail,StripeLocal,Conceptual,Hybrid,zscore-norm,0.6443861738242896,0.5,0.3333333333333333,0,0.29240175227054904,0.3431904036017254,1,2,0.009066666,219.4472,books-stripe-a=6 | books-stripe-b=4
q033,travel writing about walking across a country,Tail,StripeLocal,Conceptual,Hybrid,vector-similarity,0.9125365377477604,0.7,0.5384615384615384,0.5111111111111111,0.5926914413638635,0.7330938740733639,1,2,0.009066666,219.42110000000002,books-stripe-b=10
q033,travel writing about walking across a country,Tail,StripeLocal,Conceptual,Hybrid,hybrid-legs,0.9937077383962426,0.9,0.8181818181818182,0.8222222222222222,0.8058466318117394,0.7868023137132563,1,2,0.009066666,219.49530000000001,books-stripe-a=1 | books-stripe-b=9
q033,travel writing about walking across a country,Tail,StripeLocal,Conceptual,Hybrid,idf-correct-probe,0.9072388213361401,0.6,0.42857142857142855,0.3333333333333333,0.5576000609056871,0.6516048447624465,0.9,2,0.009066666,219.4891,books-stripe-a=3 | books-stripe-b=7
q033,travel writing about walking across a country,Tail,StripeLocal,Conceptual,Hybrid,idf-correct-sidecar,0.9045280959189034,0.6,0.42857142857142855,0.24444444444444444,0.545160969338251,0.6421157597346804,0.9,2,0.009066666,219.46040000000002,books-stripe-a=3 | books-stripe-b=7
q034,startup founder building a company from nothing,Torso,StripeLocal,Conceptual,Hybrid,single-index,1,1,1,1,1,0.9432106656105237,1,1,0.004133333,229.6913,books-oracle=10
q034,startup founder building a company from nothing,Torso,StripeLocal,Conceptual,Hybrid,naive-score,0.9472896759188968,0.8,0.6666666666666666,0.9444444444444444,0.7875629920084086,0.8603818544462509,1,2,0.007333333000000001,205.2972,books-stripe-a=2 | books-stripe-b=8
q034,startup founder building a company from nothing,Torso,StripeLocal,Conceptual,Hybrid,interleave,0.5703831924186621,0.5,0.3333333333333333,0.4666666666666667,0.35328440026887425,0.45726438987774115,1,2,0.007333333000000001,205.2834,books-stripe-a=5 | books-stripe-b=5
q034,startup founder building a company from nothing,Torso,StripeLocal,Conceptual,Hybrid,quota-merge,0.7398131404829522,0.5,0.3333333333333333,0.6,0.5017636431955861,0.5634652300982923,1,2,0.007333333000000001,205.2745,books-stripe-a=5 | books-stripe-b=5
q034,startup founder building a company from nothing,Torso,StripeLocal,Conceptual,Hybrid,global-rrf,0.7398131404829522,0.5,0.3333333333333333,0.6,0.5017636431955861,0.5634652300982923,1,2,0.007333333000000001,205.29149999999998,books-stripe-a=5 | books-stripe-b=5
q034,startup founder building a company from nothing,Torso,StripeLocal,Conceptual,Hybrid,minmax-norm,0.8724359357417014,0.8,0.6666666666666666,0.6666666666666666,0.6187452176124576,0.7663491917568946,1,2,0.007333333000000001,205.3142,books-stripe-a=2 | books-stripe-b=8
q034,startup founder building a company from nothing,Torso,StripeLocal,Conceptual,Hybrid,zscore-norm,0.48647293184575613,0.5,0.3333333333333333,0.3333333333333333,0.25658230817414046,0.4039256030930507,1,2,0.007333333000000001,205.3111,books-stripe-a=5 | books-stripe-b=5
q034,startup founder building a company from nothing,Torso,StripeLocal,Conceptual,Hybrid,vector-similarity,0.9536211672295236,0.6,0.42857142857142855,0.6888888888888889,0.6784523661368381,0.9636452638863133,1,2,0.007333333000000001,205.2834,books-stripe-b=10
q034,startup founder building a company from nothing,Torso,StripeLocal,Conceptual,Hybrid,hybrid-legs,0.998827255748741,0.9,0.8181818181818182,1,0.8552424799099213,0.9432106656105237,1,2,0.007333333000000001,205.3285,books-stripe-b=10
q034,startup founder building a company from nothing,Torso,StripeLocal,Conceptual,Hybrid,idf-correct-probe,0.9059661291514562,0.8,0.6666666666666666,0.6444444444444445,0.6256383320581038,0.8128236231221232,1,2,0.007333333000000001,205.3259,books-stripe-a=1 | books-stripe-b=9
q034,startup founder building a company from nothing,Torso,StripeLocal,Conceptual,Hybrid,idf-correct-sidecar,0.9059661291514562,0.8,0.6666666666666666,0.6444444444444445,0.6256383320581038,0.8128236231221232,1,2,0.007333333000000001,205.3207,books-stripe-a=1 | books-stripe-b=9
q035,a marriage falling apart told from both perspectives,Tail,StripeLocal,Conceptual,Hybrid,single-index,1,1,1,1,1,0.2449034425401577,1,1,0.005866667,230.4277,books-oracle=10
q035,a marriage falling apart told from both perspectives,Tail,StripeLocal,Conceptual,Hybrid,naive-score,0.933426999373731,0.9,0.8181818181818182,0.8666666666666667,0.7048775342442762,0.20277154190553853,1,2,0.009616666,223.65589999999997,books-stripe-b=10
q035,a marriage falling apart told from both perspectives,Tail,StripeLocal,Conceptual,Hybrid,interleave,0.5023786140293356,0.5,0.3333333333333333,0.6,0.3529248825220888,0.14063267095616705,0.9,2,0.009616666,223.6419,books-stripe-a=5 | books-stripe-b=5
q035,a marriage falling apart told from both perspectives,Tail,StripeLocal,Conceptual,Hybrid,quota-merge,0.6296396853318961,0.5,0.3333333333333333,0.6,0.39325473350821594,0.14256986913400438,0.9,2,0.009616666,223.63129999999998,books-stripe-a=5 | books-stripe-b=5
q035,a marriage falling apart told from both perspectives,Tail,StripeLocal,Conceptual,Hybrid,global-rrf,0.6296396853318961,0.5,0.3333333333333333,0.6,0.39325473350821594,0.14256986913400438,0.9,2,0.009616666,223.67299999999997,books-stripe-a=5 | books-stripe-b=5
q035,a marriage falling apart told from both perspectives,Tail,StripeLocal,Conceptual,Hybrid,minmax-norm,0.6391688329056664,0.6,0.42857142857142855,0.7333333333333333,0.38970235325572944,0.15966164660316326,1,2,0.009616666,223.6737,books-stripe-a=4 | books-stripe-b=6
q035,a marriage falling apart told from both perspectives,Tail,StripeLocal,Conceptual,Hybrid,zscore-norm,0.5099543014770718,0.6,0.42857142857142855,0.7333333333333333,0.33683788739652176,0.16793809455873354,1,2,0.009616666,223.67569999999998,books-stripe-a=4 | books-stripe-b=6
q035,a marriage falling apart told from both perspectives,Tail,StripeLocal,Conceptual,Hybrid,vector-similarity,0.7474598631887249,0.4,0.25,0.37777777777777777,0.4040368569286869,0.22625765597519895,1,2,0.009616666,223.6421,books-stripe-a=1 | books-stripe-b=9
q035,a marriage falling apart told from both perspectives,Tail,StripeLocal,Conceptual,Hybrid,hybrid-legs,0.9143991472588365,0.8,0.6666666666666666,0.6888888888888889,0.6398094541136391,0.20126469092426763,1,2,0.009616666,223.6857,books-stripe-b=10
q035,a marriage falling apart told from both perspectives,Tail,StripeLocal,Conceptual,Hybrid,idf-correct-probe,0.4225603666079219,0.1,0.05263157894736842,0.4666666666666667,0.08191712024673226,0.12886288361455328,1,2,0.009616666,223.684,books-stripe-a=4 | books-stripe-b=6
q035,a marriage falling apart told from both perspectives,Tail,StripeLocal,Conceptual,Hybrid,idf-correct-sidecar,0.4225603666079219,0.1,0.05263157894736842,0.4666666666666667,0.08191712024673226,0.12886288361455328,1,2,0.009616666,223.6751,books-stripe-a=4 | books-stripe-b=6
q036,essays on race in America,Torso,StripeLocal,Mixed,Hybrid,single-index,1,1,1,1,1,0.3979848994883636,1,1,0.00465,224.213,books-oracle=10
q036,essays on race in America,Torso,StripeLocal,Mixed,Hybrid,naive-score,0.7987387574315544,0.7,0.5384615384615384,0.5555555555555556,0.5513839536337868,0.40595877647790124,1,2,0.003933333,164.5625,books-stripe-a=2 | books-stripe-b=8
q036,essays on race in America,Torso,StripeLocal,Mixed,Hybrid,interleave,0.6305260278343746,0.5,0.3333333333333333,0.3333333333333333,0.3620122915832076,0.2144730017159226,1,2,0.003933333,164.5481,books-stripe-a=5 | books-stripe-b=5
q036,essays on race in America,Torso,StripeLocal,Mixed,Hybrid,quota-merge,0.657283235154862,0.5,0.3333333333333333,0.3333333333333333,0.4099734870892344,0.21868982714748444,1,2,0.003933333,164.5396,books-stripe-a=5 | books-stripe-b=5
q036,essays on race in America,Torso,StripeLocal,Mixed,Hybrid,global-rrf,0.657283235154862,0.5,0.3333333333333333,0.3333333333333333,0.4099734870892344,0.21868982714748444,1,2,0.003933333,164.5551,books-stripe-a=5 | books-stripe-b=5
q036,essays on race in America,Torso,StripeLocal,Mixed,Hybrid,minmax-norm,0.8067652570611765,0.7,0.5384615384615384,0.5555555555555556,0.5749174656000137,0.4175517186018494,1,2,0.003933333,164.57940000000002,books-stripe-a=2 | books-stripe-b=8
q036,essays on race in America,Torso,StripeLocal,Mixed,Hybrid,zscore-norm,0.6833455384184555,0.7,0.5384615384615384,0.5,0.4302436881970083,0.37305853192469973,1,2,0.003933333,164.5772,books-stripe-a=3 | books-stripe-b=7
q036,essays on race in America,Torso,StripeLocal,Mixed,Hybrid,vector-similarity,0.5825477687979845,0.4,0.25,0.2,0.26815021961221,0.8389874946397199,1,2,0.003933333,164.5473,books-stripe-b=10
q036,essays on race in America,Torso,StripeLocal,Mixed,Hybrid,hybrid-legs,0.9742006369018751,0.7,0.5384615384615384,0.6888888888888889,0.7411207442367933,0.5414987916944299,1,2,0.003933333,164.5937,books-stripe-b=10
q036,essays on race in America,Torso,StripeLocal,Mixed,Hybrid,idf-correct-probe,0.6626511561501225,0.4,0.25,0.28888888888888886,0.2695318688283573,0.053342500902152666,1,2,0.003933333,164.58780000000002,books-stripe-a=1 | books-stripe-b=9
q036,essays on race in America,Torso,StripeLocal,Mixed,Hybrid,idf-correct-sidecar,0.6626511561501225,0.4,0.25,0.28888888888888886,0.2695318688283573,0.053342500902152666,1,2,0.003933333,164.57860000000002,books-stripe-a=1 | books-stripe-b=9
q037,spiritual awakening and mindfulness practice,Torso,StripeLocal,Conceptual,Hybrid,single-index,1,1,1,1,1,1,1,1,0.005266667,209.411,books-oracle=10
q037,spiritual awakening and mindfulness practice,Torso,StripeLocal,Conceptual,Hybrid,naive-score,0.7871588984207767,0.6,0.42857142857142855,0.8666666666666667,0.5866008038588075,0.6643464480150214,1,2,0.005016667000000001,177.1507,books-stripe-a=4 | books-stripe-b=6
q037,spiritual awakening and mindfulness practice,Torso,StripeLocal,Conceptual,Hybrid,interleave,0.5289150978878643,0.5,0.3333333333333333,1,0.3529248825220888,0.45726438987774115,1,2,0.005016667000000001,177.1345,books-stripe-a=5 | books-stripe-b=5
q037,spiritual awakening and mindfulness practice,Torso,StripeLocal,Conceptual,Hybrid,quota-merge,0.5350567507919147,0.5,0.3333333333333333,1,0.36611486070463106,0.46304568873169455,1,2,0.005016667000000001,177.1255,books-stripe-a=5 | books-stripe-b=5
q037,spiritual awakening and mindfulness practice,Torso,StripeLocal,Conceptual,Hybrid,global-rrf,0.5350567507919147,0.5,0.3333333333333333,1,0.36611486070463106,0.46304568873169455,1,2,0.005016667000000001,177.1427,books-stripe-a=5 | books-stripe-b=5
q037,spiritual awakening and mindfulness practice,Torso,StripeLocal,Conceptual,Hybrid,minmax-norm,0.5439543606412208,0.5,0.3333333333333333,1,0.3740550715162529,0.46934491017484226,1,2,0.005016667000000001,177.1647,books-stripe-a=5 | books-stripe-b=5
q037,spiritual awakening and mindfulness practice,Torso,StripeLocal,Conceptual,Hybrid,zscore-norm,0.26050184818874994,0.3,0.17647058823529413,1,0.08864031540310795,0.24862633217369884,1,2,0.005016667000000001,177.1654,books-stripe-a=7 | books-stripe-b=3
q037,spiritual awakening and mindfulness practice,Torso,StripeLocal,Conceptual,Hybrid,vector-similarity,0.977694665823232,0.8,0.6666666666666666,0.7777777777777778,0.7563590302150885,0.9621404437403491,1,2,0.005016667000000001,177.1376,books-stripe-b=10
q037,spiritual awakening and mindfulness practice,Torso,StripeLocal,Conceptual,Hybrid,hybrid-legs,0.9984090002640655,0.9,0.8181818181818182,0.8666666666666667,0.841601451580601,1,1,2,0.005016667000000001,177.18019999999999,books-stripe-b=10
q037,spiritual awakening and mindfulness practice,Torso,StripeLocal,Conceptual,Hybrid,idf-correct-probe,0.9178725297297938,0.9,0.8181818181818182,0.15555555555555556,0.5910560035901029,1,1,2,0.005016667000000001,177.1762,books-stripe-b=10
q037,spiritual awakening and mindfulness practice,Torso,StripeLocal,Conceptual,Hybrid,idf-correct-sidecar,0.9178725297297938,0.9,0.8181818181818182,0.15555555555555556,0.5910560035901029,1,1,2,0.005016667000000001,177.1652,books-stripe-b=10
q038,immigrant family adjusting to a new country,Torso,StripeLocal,Conceptual,Hybrid,single-index,1,1,1,1,1,0.7589640079038928,1,1,0.005866667,233.0086,books-oracle=10
q038,immigrant family adjusting to a new country,Torso,StripeLocal,Conceptual,Hybrid,naive-score,0.8636141846521631,0.7,0.5384615384615384,0.4444444444444444,0.5483685668958187,0.7720844307406929,1,2,0.009066666000000001,218.1316,books-stripe-a=5 | books-stripe-b=5
q038,immigrant family adjusting to a new country,Torso,StripeLocal,Conceptual,Hybrid,interleave,0.8655238563275596,0.7,0.5384615384615384,0.4444444444444444,0.5542488894708024,0.7739708506740441,1,2,0.009066666000000001,218.1174,books-stripe-a=5 | books-stripe-b=5
q038,immigrant family adjusting to a new country,Torso,StripeLocal,Conceptual,Hybrid,quota-merge,0.8655238563275596,0.7,0.5384615384615384,0.4444444444444444,0.5542488894708024,0.7739708506740441,1,2,0.009066666000000001,218.1053,books-stripe-a=5 | books-stripe-b=5
q038,immigrant family adjusting to a new country,Torso,StripeLocal,Conceptual,Hybrid,global-rrf,0.8655238563275596,0.7,0.5384615384615384,0.4444444444444444,0.5542488894708024,0.7739708506740441,1,2,0.009066666000000001,218.11929999999998,books-stripe-a=5 | books-stripe-b=5
q038,immigrant family adjusting to a new country,Torso,StripeLocal,Conceptual,Hybrid,minmax-norm,0.868743005577041,0.7,0.5384615384615384,0.5,0.5666879810382385,0.7762181079098056,1,2,0.009066666000000001,218.1454,books-stripe-a=5 | books-stripe-b=5
q038,immigrant family adjusting to a new country,Torso,StripeLocal,Conceptual,Hybrid,zscore-norm,0.8636141846521631,0.7,0.5384615384615384,0.4444444444444444,0.5483685668958187,0.7720844307406929,1,2,0.009066666000000001,218.143,books-stripe-a=5 | books-stripe-b=5
q038,immigrant family adjusting to a new country,Torso,StripeLocal,Conceptual,Hybrid,vector-similarity,0.5006144750156625,0.3,0.17647058823529413,0.15555555555555556,0.18337026420359,0.8836981896647146,1,2,0.009066666000000001,218.1113,books-stripe-a=2 | books-stripe-b=8
q038,immigrant family adjusting to a new country,Torso,StripeLocal,Conceptual,Hybrid,hybrid-legs,0.9342571744896252,0.6,0.42857142857142855,0.5111111111111111,0.6385604896269345,0.8887765216409891,1,2,0.009066666000000001,218.1573,books-stripe-a=3 | books-stripe-b=7
q038,immigrant family adjusting to a new country,Torso,StripeLocal,Conceptual,Hybrid,idf-correct-probe,0.6808345431144345,0.2,0.1111111111111111,0.7333333333333333,0.2520544311975564,0.3586424921899786,1,2,0.009066666000000001,218.1572,books-stripe-a=4 | books-stripe-b=6
q038,immigrant family adjusting to a new country,Torso,StripeLocal,Conceptual,Hybrid,idf-correct-sidecar,0.7399281941998713,0.3,0.17647058823529413,0.6444444444444445,0.3077699402468687,0.40367257055391037,1,2,0.009066666000000001,218.1487,books-stripe-a=3 | books-stripe-b=7
q039,art history and the Renaissance painters,Torso,StripeLocal,Mixed,Hybrid,single-index,1,1,1,1,1,0.6832536573129196,1,1,0.005266667,226.8941,books-oracle=10
q039,art history and the Renaissance painters,Torso,StripeLocal,Mixed,Hybrid,naive-score,0.8677554947814717,0.7,0.5384615384615384,0.5714285714285714,0.6223206760914807,0.5896450547750945,1,2,0.009033333000000001,216.691,books-stripe-a=3 | books-stripe-b=7
q039,art history and the Renaissance painters,Torso,StripeLocal,Mixed,Hybrid,interleave,0.6397498969797579,0.5,0.3333333333333333,0.3333333333333333,0.35471417438037195,0.49667946469877905,1,2,0.009033333000000001,216.6746,books-stripe-a=5 | books-stripe-b=5
q039,art history and the Renaissance painters,Torso,StripeLocal,Mixed,Hybrid,quota-merge,0.6651789196971282,0.5,0.3333333333333333,0.42857142857142855,0.40267536988639874,0.5289832049571948,1,2,0.009033333000000001,216.6667,books-stripe-a=5 | books-stripe-b=5
q039,art history and the Renaissance painters,Torso,StripeLocal,Mixed,Hybrid,global-rrf,0.6651789196971282,0.5,0.3333333333333333,0.42857142857142855,0.40267536988639874,0.5289832049571948,1,2,0.009033333000000001,216.683,books-stripe-a=5 | books-stripe-b=5
q039,art history and the Renaissance painters,Torso,StripeLocal,Mixed,Hybrid,minmax-norm,0.748215589730176,0.7,0.5384615384615384,0.5,0.5157929448613748,0.5499819817030591,1,2,0.009033333000000001,216.70579999999998,books-stripe-a=3 | books-stripe-b=7
q039,art history and the Renaissance painters,Torso,StripeLocal,Mixed,Hybrid,zscore-norm,0.5809653272236985,0.5,0.3333333333333333,0.5238095238095238,0.3096104142755009,0.4644768809401671,1,2,0.009033333000000001,216.70409999999998,books-stripe-a=5 | books-stripe-b=5
q039,art history and the Renaissance painters,Torso,StripeLocal,Mixed,Hybrid,vector-similarity,0.874832207652487,0.7,0.5384615384615384,0.5111111111111111,0.5817490350587546,0.7535335429380635,1,2,0.009033333000000001,216.6771,books-stripe-b=10
q039,art history and the Renaissance painters,Torso,StripeLocal,Mixed,Hybrid,hybrid-legs,1,1,1,1,0.8591367550184259,0.6832536573129196,1,2,0.009033333000000001,216.724,books-stripe-b=10
q039,art history and the Renaissance painters,Torso,StripeLocal,Mixed,Hybrid,idf-correct-probe,0.9172155630554786,0.7,0.5384615384615384,0.4222222222222222,0.6278794629613832,0.5853341299768838,1,2,0.009033333000000001,216.71779999999998,books-stripe-a=1 | books-stripe-b=9
q039,art history and the Renaissance painters,Torso,StripeLocal,Mixed,Hybrid,idf-correct-sidecar,0.9172155630554786,0.7,0.5384615384615384,0.4222222222222222,0.6278794629613832,0.5853341299768838,1,2,0.009033333000000001,216.70909999999998,books-stripe-a=1 | books-stripe-b=9
q040,investing personal finance wealth,Torso,StripeLocal,Lexical,Hybrid,single-index,1,1,1,1,1,0.9371166382005486,1,1,0.0047,240.5242,books-oracle=10
q040,investing personal finance wealth,Torso,StripeLocal,Lexical,Hybrid,naive-score,0.8800327546682278,0.7,0.5384615384615384,0.9047619047619048,0.7393315831291918,0.7413029032518916,1,2,0.008483333,225.1232,books-stripe-a=3 | books-stripe-b=7
q040,investing personal finance wealth,Torso,StripeLocal,Lexical,Hybrid,interleave,0.556519014690621,0.5,0.3333333333333333,0.7333333333333333,0.3530001235978937,0.43765110854755945,1,2,0.008483333,225.1088,books-stripe-a=5 | books-stripe-b=5
q040,investing personal finance wealth,Torso,StripeLocal,Lexical,Hybrid,quota-merge,0.5801917195272348,0.5,0.3333333333333333,0.7333333333333333,0.39332997458402086,0.4526560814051062,1,2,0.008483333,225.09910000000002,books-stripe-a=5 | books-stripe-b=5
q040,investing personal finance wealth,Torso,StripeLocal,Lexical,Hybrid,global-rrf,0.5801917195272348,0.5,0.3333333333333333,0.7333333333333333,0.39332997458402086,0.4526560814051062,1,2,0.008483333,225.1156,books-stripe-a=5 | books-stripe-b=5
q040,investing personal finance wealth,Torso,StripeLocal,Lexical,Hybrid,minmax-norm,0.5987901851903147,0.6,0.42857142857142855,0.8095238095238095,0.38977759433153436,0.49837314309961855,1,2,0.008483333,225.1386,books-stripe-a=4 | books-stripe-b=6
q040,investing personal finance wealth,Torso,StripeLocal,Lexical,Hybrid,zscore-norm,0.44415169672494326,0.5,0.3333333333333333,0.3333333333333333,0.2257135863982486,0.37531552937140933,1,2,0.008483333,225.1365,books-stripe-a=5 | books-stripe-b=5
q040,investing personal finance wealth,Torso,StripeLocal,Lexical,Hybrid,vector-similarity,0.9754729068972187,0.8,0.6666666666666666,0.4666666666666667,0.7238172908843273,0.9173414328953917,1,2,0.008483333,225.1112,books-stripe-b=10
q040,investing personal finance wealth,Torso,StripeLocal,Lexical,Hybrid,hybrid-legs,0.9984407950447133,0.9,0.8181818181818182,0.8666666666666667,0.8444250490529637,0.9371166382005486,1,2,0.008483333,225.1565,books-stripe-b=10
q040,investing personal finance wealth,Torso,StripeLocal,Lexical,Hybrid,idf-correct-probe,0.982474267816245,0.9,0.8181818181818182,0.6888888888888889,0.7467163937704548,0.8611375561264454,1,2,0.008483333,225.14860000000002,books-stripe-b=10
q040,investing personal finance wealth,Torso,StripeLocal,Lexical,Hybrid,idf-correct-sidecar,0.982474267816245,0.9,0.8181818181818182,0.6888888888888889,0.7467163937704548,0.8611375561264454,1,2,0.008483333,225.1416,books-stripe-b=10
q041,love,Head,CrossStripe,Lexical,Hybrid,single-index,1,1,1,1,1,0.9636452638863133,1,1,0.004133333,228.934,books-oracle=10
q041,love,Head,CrossStripe,Lexical,Hybrid,naive-score,0.8351724227724421,0.4,0.25,0.2222222222222222,0.4299236494279775,1,1,2,0.009,216.4753,books-stripe-a=6 | books-stripe-b=4
q041,love,Head,CrossStripe,Lexical,Hybrid,interleave,0.7850546251143109,0.5,0.3333333333333333,0.28888888888888886,0.40641433813910166,1,1,2,0.009,216.4595,books-stripe-a=5 | books-stripe-b=5
q041,love,Head,CrossStripe,Lexical,Hybrid,quota-merge,0.9072508411237806,0.5,0.3333333333333333,0.4666666666666667,0.5548935810658134,1,1,2,0.009,216.4507,books-stripe-a=5 | books-stripe-b=5
q041,love,Head,CrossStripe,Lexical,Hybrid,global-rrf,0.9072508411237806,0.5,0.3333333333333333,0.4666666666666667,0.5548935810658134,1,1,2,0.009,216.4675,books-stripe-a=5 | books-stripe-b=5
q041,love,Head,CrossStripe,Lexical,Hybrid,minmax-norm,0.8303682095293453,0.4,0.25,0.16666666666666666,0.41673367124543514,1,1,2,0.009,216.4928,books-stripe-a=6 | books-stripe-b=4
q041,love,Head,CrossStripe,Lexical,Hybrid,zscore-norm,0.8351724227724421,0.4,0.25,0.2222222222222222,0.4299236494279775,1,1,2,0.009,216.489,books-stripe-a=6 | books-stripe-b=4
q041,love,Head,CrossStripe,Lexical,Hybrid,vector-similarity,0.6653048470069783,0.5,0.3333333333333333,0.2,0.2997250681100137,1,1,2,0.009,216.4621,books-stripe-b=10
q041,love,Head,CrossStripe,Lexical,Hybrid,hybrid-legs,0.9388387688355495,0.6,0.42857142857142855,0.4222222222222222,0.643061152836267,1,1,2,0.009,216.5085,books-stripe-a=4 | books-stripe-b=6
q041,love,Head,CrossStripe,Lexical,Hybrid,idf-correct-probe,0.9208438993503615,0.7,0.5384615384615384,0.6444444444444445,0.6164881695281922,0.8949419274729131,1,2,0.009,216.4949,books-stripe-a=2 | books-stripe-b=8
q041,love,Head,CrossStripe,Lexical,Hybrid,idf-correct-sidecar,0.9395465658647341,0.8,0.6666666666666666,0.5111111111111111,0.6407513076185917,0.8931264997686913,1,2,0.009,216.483,books-stripe-a=1 | books-stripe-b=9
q042,war,Head,CrossStripe,Lexical,Hybrid,single-index,1,1,1,1,1,1,1,1,0.005266667,227.7997,books-oracle=10
q042,war,Head,CrossStripe,Lexical,Hybrid,naive-score,0.9101395081542288,0.9,0.8181818181818182,0.4666666666666667,0.636561951085519,1,1,2,0.007916666,182.0678,books-stripe-a=1 | books-stripe-b=9
q042,war,Head,CrossStripe,Lexical,Hybrid,interleave,0.7349952467373405,0.5,0.3333333333333333,0.2,0.3562301670552165,0.9371166382005486,1,2,0.007916666,182.0532,books-stripe-a=5 | books-stripe-b=5
q042,war,Head,CrossStripe,Lexical,Hybrid,quota-merge,0.7960567335950428,0.5,0.3333333333333333,0.37777777777777777,0.4041913625612431,0.9404875240541909,1,2,0.007916666,182.04410000000001,books-stripe-a=5 | books-stripe-b=5
q042,war,Head,CrossStripe,Lexical,Hybrid,global-rrf,0.7960567335950428,0.5,0.3333333333333333,0.37777777777777777,0.4041913625612431,0.9404875240541909,1,2,0.007916666,182.06130000000002,books-stripe-a=5 | books-stripe-b=5
q042,war,Head,CrossStripe,Lexical,Hybrid,minmax-norm,0.8618201687415531,0.9,0.8181818181818182,0.37777777777777777,0.5641889569426259,1,1,2,0.007916666,182.0858,books-stripe-a=1 | books-stripe-b=9
q042,war,Head,CrossStripe,Lexical,Hybrid,zscore-norm,0.6831004069386142,0.5,0.3333333333333333,-0.022222222222222223,0.27417675119487966,0.918752830540385,1,2,0.007916666,182.0824,books-stripe-a=5 | books-stripe-b=5
q042,war,Head,CrossStripe,Lexical,Hybrid,vector-similarity,0.7229392883349428,0.8,0.6666666666666666,-0.24444444444444444,0.37229764445401115,1,1,2,0.007916666,182.0558,books-stripe-a=1 | books-stripe-b=9
q042,war,Head,CrossStripe,Lexical,Hybrid,hybrid-legs,0.9958709404582277,0.9,0.8181818181818182,0.9111111111111111,0.8313416620195766,1,1,2,0.007916666,182.1022,books-stripe-a=1 | books-stripe-b=9
q042,war,Head,CrossStripe,Lexical,Hybrid,idf-correct-probe,0.8342480480757198,0.4,0.25,0.6888888888888889,0.47777062760842537,0.9636452638863133,1,2,0.007916666,182.08870000000002,books-stripe-a=3 | books-stripe-b=7
q042,war,Head,CrossStripe,Lexical,Hybrid,idf-correct-sidecar,0.8342480480757198,0.4,0.25,0.6888888888888889,0.47777062760842537,0.9636452638863133,1,2,0.007916666,182.0764,books-stripe-a=3 | books-stripe-b=7
q043,family,Head,CrossStripe,Lexical,Hybrid,single-index,1,1,1,1,1,1,1,1,0.005866667,223.7082,books-oracle=10
q043,family,Head,CrossStripe,Lexical,Hybrid,naive-score,0.8371547827457914,0.8,0.6666666666666666,0.5555555555555556,0.5699532257384985,0.9580777588003657,1,2,0.007933333,222.22050000000002,books-stripe-a=3 | books-stripe-b=7
q043,family,Head,CrossStripe,Lexical,Hybrid,interleave,0.7935046402866934,0.6,0.42857142857142855,0.5555555555555556,0.456585668997456,0.921723022686679,1,2,0.007933333,222.2057,books-stripe-a=5 | books-stripe-b=5
q043,family,Head,CrossStripe,Lexical,Hybrid,quota-merge,0.8009711780777249,0.6,0.42857142857142855,0.5555555555555556,0.47740699169989775,0.9224654597764764,1,2,0.007933333,222.2012,books-stripe-a=5 | books-stripe-b=5
q043,family,Head,CrossStripe,Lexical,Hybrid,global-rrf,0.8009711780777249,0.6,0.42857142857142855,0.5555555555555556,0.47740699169989775,0.9224654597764764,1,2,0.007933333,222.2149,books-stripe-a=5 | books-stripe-b=5
q043,family,Head,CrossStripe,Lexical,Hybrid,minmax-norm,0.8371547827457914,0.8,0.6666666666666666,0.5555555555555556,0.5699532257384985,0.9580777588003657,1,2,0.007933333,222.2387,books-stripe-a=3 | books-stripe-b=7
q043,family,Head,CrossStripe,Lexical,Hybrid,zscore-norm,0.7910705564604069,0.8,0.6666666666666666,0.4444444444444444,0.48676280073864775,0.9603250160361273,1,2,0.007933333,222.2344,books-stripe-a=3 | books-stripe-b=7
q043,family,Head,CrossStripe,Lexical,Hybrid,vector-similarity,0.7224243329376183,0.4,0.25,0.4444444444444444,0.41338112061971505,0.8385943955981612,1,2,0.007933333,222.2066,books-stripe-a=1 | books-stripe-b=9
q043,family,Head,CrossStripe,Lexical,Hybrid,hybrid-legs,0.9556997762001973,0.7,0.5384615384615384,0.7777777777777778,0.6947031638302398,0.9636452638863133,1,2,0.007933333,222.2532,books-stripe-a=3 | books-stripe-b=7
q043,family,Head,CrossStripe,Lexical,Hybrid,idf-correct-probe,0.838455844843792,0.7,0.5384615384615384,0.4222222222222222,0.5160552617869547,0.9580777588003657,1,2,0.007933333,222.2387,books-stripe-a=4 | books-stripe-b=6
q043,family,Head,CrossStripe,Lexical,Hybrid,idf-correct-sidecar,0.8370553128524856,0.7,0.5384615384615384,0.3333333333333333,0.511247514739418,0.9580777588003657,1,2,0.007933333,222.2285,books-stripe-a=4 | books-stripe-b=6
q044,death,Head,CrossStripe,Lexical,Hybrid,single-index,1,1,1,1,1,0.9513467899190737,1,1,0.0047,224.5158,books-oracle=10
q044,death,Head,CrossStripe,Lexical,Hybrid,naive-score,0.9355987730284755,0.8,0.6666666666666666,0.15555555555555556,0.5729366894635577,0.9636452638863133,1,2,0.004483334,143.0914,books-stripe-a=3 | books-stripe-b=7
q044,death,Head,CrossStripe,Lexical,Hybrid,interleave,0.9189538789618078,1,1,0.8222222222222222,0.7025681554014752,0.9513467899190737,1,2,0.004483334,143.0741,books-stripe-a=5 | books-stripe-b=5
q044,death,Head,CrossStripe,Lexical,Hybrid,quota-merge,0.9923110297949136,1,1,0.7777777777777778,0.7822648801197184,0.9552009891550426,1,2,0.004483334,143.0643,books-stripe-a=5 | books-stripe-b=5
q044,death,Head,CrossStripe,Lexical,Hybrid,global-rrf,0.9923110297949136,1,1,0.7777777777777778,0.7822648801197184,0.9552009891550426,1,2,0.004483334,143.0821,books-stripe-a=5 | books-stripe-b=5
q044,death,Head,CrossStripe,Lexical,Hybrid,minmax-norm,0.986234417641128,0.9,0.8181818181818182,0.7777777777777778,0.76539873519108,0.9458352203602566,1,2,0.004483334,143.1067,books-stripe-a=4 | books-stripe-b=6
q044,death,Head,CrossStripe,Lexical,Hybrid,zscore-norm,0.8804999347139999,1,1,0.6444444444444445,0.6388341536835581,0.9371166382005486,1,2,0.004483334,143.10389999999998,books-stripe-a=5 | books-stripe-b=5
q044,death,Head,CrossStripe,Lexical,Hybrid,vector-similarity,0.7607825710418364,0.3,0.17647058823529413,0.3333333333333333,0.3428360730521327,0.8340899081434534,1,2,0.004483334,143.07309999999998,books-stripe-a=7 | books-stripe-b=3
q044,death,Head,CrossStripe,Lexical,Hybrid,hybrid-legs,0.9441769063667917,0.7,0.5384615384615384,0.7333333333333333,0.6452667823155152,0.9404875240541909,1,2,0.004483334,143.1471,books-stripe-a=5 | books-stripe-b=5
q044,death,Head,CrossStripe,Lexical,Hybrid,idf-correct-probe,0.5306972861431962,0.3,0.17647058823529413,0.4222222222222222,0.15341135721455504,0.8394962851136104,1,2,0.004483334,143.1094,books-stripe-a=8 | books-stripe-b=2
q044,death,Head,CrossStripe,Lexical,Hybrid,idf-correct-sidecar,0.6298567448388812,0.3,0.17647058823529413,0.6888888888888889,0.2441037654998681,0.8646814734016125,1,2,0.004483334,143.0972,books-stripe-a=8 | books-stripe-b=2
q045,friendship,Head,CrossStripe,Lexical,Hybrid,single-index,1,1,1,1,1,0.7984778637519749,1,1,0.005866667,192.2519,books-oracle=10
q045,friendship,Head,CrossStripe,Lexical,Hybrid,naive-score,0.9422785505362414,0.6,0.42857142857142855,0.6444444444444445,0.6584987941118629,0.7781570583877122,1,2,0.006233333000000001,154.09120000000001,books-stripe-a=5 | books-stripe-b=5
q045,friendship,Head,CrossStripe,Lexical,Hybrid,interleave,0.9539663852215529,0.6,0.42857142857142855,0.8222222222222222,0.7037319154511709,0.7894996376349216,1,2,0.006233333000000001,154.0739,books-stripe-a=5 | books-stripe-b=5
q045,friendship,Head,CrossStripe,Lexical,Hybrid,quota-merge,0.9015166267014626,0.6,0.42857142857142855,0.8666666666666667,0.630353740834071,0.7894996376349216,1,2,0.006233333000000001,154.0624,books-stripe-a=5 | books-stripe-b=5
q045,friendship,Head,CrossStripe,Lexical,Hybrid,global-rrf,0.9015166267014626,0.6,0.42857142857142855,0.8666666666666667,0.630353740834071,0.7894996376349216,1,2,0.006233333000000001,154.0843,books-stripe-a=5 | books-stripe-b=5
q045,friendship,Head,CrossStripe,Lexical,Hybrid,minmax-norm,0.9021420810230621,0.6,0.42857142857142855,0.9111111111111111,0.630353740834071,0.7923764072802446,1,2,0.006233333000000001,154.11100000000002,books-stripe-a=5 | books-stripe-b=5
q045,friendship,Head,CrossStripe,Lexical,Hybrid,zscore-norm,0.9139327790059724,0.6,0.42857142857142855,0.5555555555555556,0.6494113850507438,0.7418023222740255,1,2,0.006233333000000001,154.1048,books-stripe-a=6 | books-stripe-b=4
q045,friendship,Head,CrossStripe,Lexical,Hybrid,vector-similarity,0.833364320039848,0.6,0.42857142857142855,0.2,0.44712750716676575,0.8011932506490966,1,2,0.006233333000000001,154.0721,books-stripe-a=2 | books-stripe-b=8
q045,friendship,Head,CrossStripe,Lexical,Hybrid,hybrid-legs,0.9814900021887943,0.9,0.8181818181818182,0.5555555555555556,0.7399106967538468,0.8017421760750305,1,2,0.006233333000000001,154.1353,books-stripe-a=3 | books-stripe-b=7
q045,friendship,Head,CrossStripe,Lexical,Hybrid,idf-correct-probe,0.6368045524993594,0.4,0.25,0.3333333333333333,0.24123972643426236,0.5782247147056935,1,2,0.006233333000000001,154.1083,books-stripe-a=2 | books-stripe-b=8
q045,friendship,Head,CrossStripe,Lexical,Hybrid,idf-correct-sidecar,0.577543236673545,0.2,0.1111111111111111,0.5111111111111111,0.16137542219205653,0.624528545696615,1,2,0.006233333000000001,154.0962,books-stripe-a=6 | books-stripe-b=4
q046,coming of age story about a teenager finding their identity,Torso,CrossStripe,Conceptual,Hybrid,single-index,1,1,1,1,1,0.7327934805826553,1,1,0.005866667,203.385,books-oracle=10
q046,coming of age story about a teenager finding their identity,Torso,CrossStripe,Conceptual,Hybrid,naive-score,0.8095786569596561,0.6,0.42857142857142855,0.5238095238095238,0.5753465349384576,0.7128987126142364,0.9,2,0.009649999999999999,192.0451,books-stripe-a=4 | books-stripe-b=6
q046,coming of age story about a teenager finding their identity,Torso,CrossStripe,Conceptual,Hybrid,interleave,0.822736193258931,0.7,0.5384615384615384,0.7857142857142857,0.5859312252195914,0.7591185172308984,1,2,0.009649999999999999,192.0285,books-stripe-a=5 | books-stripe-b=5
q046,coming of age story about a teenager finding their identity,Torso,CrossStripe,Conceptual,Hybrid,quota-merge,0.8768437464546609,0.7,0.5384615384615384,0.7857142857142857,0.6816415255927396,0.7583661071579164,1,2,0.009649999999999999,192.0198,books-stripe-a=5 | books-stripe-b=5
q046,coming of age story about a teenager finding their identity,Torso,CrossStripe,Conceptual,Hybrid,global-rrf,0.8768437464546609,0.7,0.5384615384615384,0.7857142857142857,0.6816415255927396,0.7583661071579164,1,2,0.009649999999999999,192.0363,books-stripe-a=5 | books-stripe-b=5
q046,coming of age story about a teenager finding their identity,Torso,CrossStripe,Conceptual,Hybrid,minmax-norm,0.8745094618069033,0.7,0.5384615384615384,0.8571428571428571,0.6792689782671548,0.7573030895266766,1,2,0.009649999999999999,192.0627,books-stripe-a=5 | books-stripe-b=5
q046,coming of age story about a teenager finding their identity,Torso,CrossStripe,Conceptual,Hybrid,zscore-norm,0.8720919151206766,0.7,0.5384615384615384,0.7857142857142857,0.6684515474101974,0.7583661071579164,1,2,0.009649999999999999,192.0588,books-stripe-a=5 | books-stripe-b=5
q046,coming of age story about a teenager finding their identity,Torso,CrossStripe,Conceptual,Hybrid,vector-similarity,0.6801510931973945,0.4,0.25,0.022222222222222223,0.2722645460364821,0.8476702169508651,1,2,0.009649999999999999,192.0265,books-stripe-a=9 | books-stripe-b=1
q046,coming of age story about a teenager finding their identity,Torso,CrossStripe,Conceptual,Hybrid,hybrid-legs,0.9140125191955836,0.6,0.42857142857142855,0.5111111111111111,0.598728906893788,0.8443616177740022,1,2,0.009649999999999999,192.0729,books-stripe-a=8 | books-stripe-b=2
q046,coming of age story about a teenager finding their identity,Torso,CrossStripe,Conceptual,Hybrid,idf-correct-probe,0.445894159367298,0.1,0.05263157894736842,0.4666666666666667,0.0856144903160122,0.5580517233798291,1,2,0.009649999999999999,192.0763,books-stripe-a=5 | books-stripe-b=5
q046,coming of age story about a teenager finding their identity,Torso,CrossStripe,Conceptual,Hybrid,idf-correct-sidecar,0.445894159367298,0.1,0.05263157894736842,0.4666666666666667,0.0856144903160122,0.5580517233798291,1,2,0.009649999999999999,192.088,books-stripe-a=5 | books-stripe-b=5
q047,a story about losing someone you love and learning to go on,Torso,CrossStripe,Conceptual,Hybrid,single-index,1,1,1,1,1,0.66504521560959,1,1,0.005866667,231.8645,books-oracle=10
q047,a story about losing someone you love and learning to go on,Torso,CrossStripe,Conceptual,Hybrid,naive-score,0.8235441508622903,0.8,0.6666666666666666,0.24444444444444444,0.5340989959026524,0.5544823854843317,1,2,0.009616667,221.4193,books-stripe-a=4 | books-stripe-b=6
q047,a story about losing someone you love and learning to go on,Torso,CrossStripe,Conceptual,Hybrid,interleave,0.7869578101907363,0.7,0.5384615384615384,0.16666666666666666,0.504952869688911,0.5544823854843317,1,2,0.009616667,221.4006,books-stripe-a=5 | books-stripe-b=5
q047,a story about losing someone you love and learning to go on,Torso,CrossStripe,Conceptual,Hybrid,quota-merge,0.7909889665556459,0.7,0.5384615384615384,0.2777777777777778,0.5257741923913527,0.5560893274845391,1,2,0.009616667,221.3907,books-stripe-a=5 | books-stripe-b=5
q047,a story about losing someone you love and learning to go on,Torso,CrossStripe,Conceptual,Hybrid,global-rrf,0.7909889665556459,0.7,0.5384615384615384,0.2777777777777778,0.5257741923913527,0.5560893274845391,1,2,0.009616667,221.40800000000002,books-stripe-a=5 | books-stripe-b=5
q047,a story about losing someone you love and learning to go on,Torso,CrossStripe,Conceptual,Hybrid,minmax-norm,0.8267401139028895,0.8,0.6666666666666666,0.28888888888888886,0.5472889740851947,0.5583365847203007,1,2,0.009616667,221.4336,books-stripe-a=4 | books-stripe-b=6
q047,a story about losing someone you love and learning to go on,Torso,CrossStripe,Conceptual,Hybrid,zscore-norm,0.8235441508622903,0.8,0.6666666666666666,0.24444444444444444,0.5340989959026524,0.5544823854843317,1,2,0.009616667,221.4301,books-stripe-a=4 | books-stripe-b=6
q047,a story about losing someone you love and learning to go on,Torso,CrossStripe,Conceptual,Hybrid,vector-similarity,0.5360274253696761,0.3,0.17647058823529413,-0.022222222222222223,0.20373501315356132,0.7674300081809935,1,2,0.009616667,221.3985,books-stripe-a=1 | books-stripe-b=9
q047,a story about losing someone you love and learning to go on,Torso,CrossStripe,Conceptual,Hybrid,hybrid-legs,0.8838885113375722,0.7,0.5384615384615384,0.4222222222222222,0.580262298352953,0.5923240947088932,1,2,0.009616667,221.4443,books-stripe-a=3 | books-stripe-b=7
q047,a story about losing someone you love and learning to go on,Torso,CrossStripe,Conceptual,Hybrid,idf-correct-probe,0.3785527037088506,0.1,0.05263157894736842,0.1111111111111111,0.05098093876967459,0.15479815628564772,1,2,0.009616667,221.4492,books-stripe-a=5 | books-stripe-b=5
q047,a story about losing someone you love and learning to go on,Torso,CrossStripe,Conceptual,Hybrid,idf-correct-sidecar,0.3631688025539442,0,0,0.6111111111111112,0.02249666501623219,0.1470873646469303,1,2,0.009616667,221.4436,books-stripe-a=4 | books-stripe-b=6
q048,World War II,Head,CrossStripe,Lexical,Hybrid,single-index,1,1,1,1,1,0.6586360245745401,1,1,0.005266667,228.8811,books-oracle=10
q048,World War II,Head,CrossStripe,Lexical,Hybrid,naive-score,0.6629540635071426,0.7,0.5384615384615384,-0.05555555555555555,0.28570963400229155,0.5306300287373971,1,2,0.009033333,215.1674,books-stripe-a=4 | books-stripe-b=6
q048,World War II,Head,CrossStripe,Lexical,Hybrid,interleave,0.7254122088376931,0.6,0.42857142857142855,0.07142857142857142,0.3886577920357321,0.5036073110420177,1,2,0.009033333,215.1515,books-stripe-a=5 | books-stripe-b=5
q048,World War II,Head,CrossStripe,Lexical,Hybrid,quota-merge,0.8316151938471683,0.6,0.42857142857142855,0.14285714285714285,0.5016149310238535,0.42725868110869103,1,2,0.009033333,215.1413,books-stripe-a=5 | books-stripe-b=5
q048,World War II,Head,CrossStripe,Lexical,Hybrid,global-rrf,0.8316151938471683,0.6,0.42857142857142855,0.14285714285714285,0.5016149310238535,0.42725868110869103,1,2,0.009033333,215.1657,books-stripe-a=5 | books-stripe-b=5
q048,World War II,Head,CrossStripe,Lexical,Hybrid,minmax-norm,0.8908839062773194,0.7,0.5384615384615384,0.3333333333333333,0.5821853286225127,0.47465829306021995,1,2,0.009033333,215.1839,books-stripe-a=4 | books-stripe-b=6
q048,World War II,Head,CrossStripe,Lexical,Hybrid,zscore-norm,0.6629540635071426,0.7,0.5384615384615384,-0.05555555555555555,0.28570963400229155,0.5306300287373971,1,2,0.009033333,215.2081,books-stripe-a=4 | books-stripe-b=6
q048,World War II,Head,CrossStripe,Lexical,Hybrid,vector-similarity,0.5813397683831446,0.3,0.17647058823529413,0.24444444444444444,0.16949876553429813,0.8700578715134215,1,2,0.009033333,215.1539,books-stripe-b=10
q048,World War II,Head,CrossStripe,Lexical,Hybrid,hybrid-legs,0.9825728773505468,0.8,0.6666666666666666,0.7333333333333333,0.7907493374874655,0.6608832818103016,1,2,0.009033333,215.19979999999998,books-stripe-a=1 | books-stripe-b=9
q048,World War II,Head,CrossStripe,Lexical,Hybrid,idf-correct-probe,0.735761531121031,0.7,0.5384615384615384,0.2,0.4697482149739961,0.7174110983195537,1,2,0.009033333,215.2,books-stripe-a=2 | books-stripe-b=8
q048,World War II,Head,CrossStripe,Lexical,Hybrid,idf-correct-sidecar,0.735761531121031,0.7,0.5384615384615384,0.2,0.4697482149739961,0.7174110983195537,1,2,0.009033333,215.18449999999999,books-stripe-a=2 | books-stripe-b=8
q049,survival against impossible odds in a hostile environment,Torso,CrossStripe,Conceptual,Hybrid,single-index,1,1,1,1,1,0.9552009891550426,1,1,0.004133333,245.9944,books-oracle=10
q049,survival against impossible odds in a hostile environment,Torso,CrossStripe,Conceptual,Hybrid,naive-score,0.9918501778433901,0.9,0.8181818181818182,0.6,0.7682519557676104,0.9458352203602566,1,2,0.009600000000000001,220.515,books-stripe-a=4 | books-stripe-b=6
q049,survival against impossible odds in a hostile environment,Torso,CrossStripe,Conceptual,Hybrid,interleave,0.873144150098676,0.9,0.8181818181818182,0.4666666666666667,0.5984933779681175,0.874233276401097,1,2,0.009600000000000001,220.4955,books-stripe-a=5 | books-stripe-b=5
q049,survival against impossible odds in a hostile environment,Torso,CrossStripe,Conceptual,Hybrid,quota-merge,0.878288657982193,0.9,0.8181818181818182,0.5555555555555556,0.6164911031981964,0.874233276401097,1,2,0.009600000000000001,220.4855,books-stripe-a=5 | books-stripe-b=5
q049,survival against impossible odds in a hostile environment,Torso,CrossStripe,Conceptual,Hybrid,global-rrf,0.878288657982193,0.9,0.8181818181818182,0.5555555555555556,0.6164911031981964,0.874233276401097,1,2,0.009600000000000001,220.5037,books-stripe-a=5 | books-stripe-b=5
q049,survival against impossible odds in a hostile environment,Torso,CrossStripe,Conceptual,Hybrid,minmax-norm,0.8736131267045087,0.9,0.8181818181818182,0.5111111111111111,0.6033011250156542,0.874233276401097,1,2,0.009600000000000001,220.5262,books-stripe-a=5 | books-stripe-b=5
q049,survival against impossible odds in a hostile environment,Torso,CrossStripe,Conceptual,Hybrid,zscore-norm,0.9717498988759918,0.9,0.8181818181818182,0.4666666666666667,0.7038191724363392,0.9206500320722545,1,2,0.009600000000000001,220.5233,books-stripe-a=4 | books-stripe-b=6
q049,survival against impossible odds in a hostile environment,Torso,CrossStripe,Conceptual,Hybrid,vector-similarity,0.672160329234801,0.4,0.25,0.3333333333333333,0.3302352844179966,1,1,2,0.009600000000000001,220.4936,books-stripe-a=4 | books-stripe-b=6
q049,survival against impossible odds in a hostile environment,Torso,CrossStripe,Conceptual,Hybrid,hybrid-legs,0.8553753822767012,0.5,0.3333333333333333,0.5555555555555556,0.4719687762671556,1,1,2,0.009600000000000001,220.542,books-stripe-a=3 | books-stripe-b=7
q049,survival against impossible odds in a hostile environment,Torso,CrossStripe,Conceptual,Hybrid,idf-correct-probe,0.40928002474698094,0,0,0.9555555555555556,0.03755307380923638,0.18253212682101555,1,2,0.009600000000000001,220.5411,books-stripe-a=8 | books-stripe-b=2
q049,survival against impossible odds in a hostile environment,Torso,CrossStripe,Conceptual,Hybrid,idf-correct-sidecar,0.40928002474698094,0,0,0.9555555555555556,0.03755307380923638,0.18253212682101555,1,2,0.009600000000000001,220.5336,books-stripe-a=8 | books-stripe-b=2
q050,revenge,Head,CrossStripe,Lexical,Hybrid,single-index,1,1,1,1,1,0.6537290967270615,1,1,0.002316667,159.7444,books-oracle=10
q050,revenge,Head,CrossStripe,Lexical,Hybrid,naive-score,0.9914794137780507,1,1,0.6888888888888889,0.7685270474181387,0.6581170376679977,1,2,0.0033166660000000002,113.41980000000001,books-stripe-a=6 | books-stripe-b=4
q050,revenge,Head,CrossStripe,Lexical,Hybrid,interleave,0.9766928512668915,0.9,0.8181818181818182,0.7333333333333333,0.7212161347032079,0.7340935758206714,1,2,0.0033166660000000002,113.4024,books-stripe-a=5 | books-stripe-b=5
q050,revenge,Head,CrossStripe,Lexical,Hybrid,quota-merge,0.9755880357098214,0.9,0.8181818181818182,0.6444444444444445,0.7164083876556714,0.7324966068036488,1,2,0.0033166660000000002,113.394,books-stripe-a=5 | books-stripe-b=5
q050,revenge,Head,CrossStripe,Lexical,Hybrid,global-rrf,0.9755880357098214,0.9,0.8181818181818182,0.6444444444444445,0.7164083876556714,0.7324966068036488,1,2,0.0033166660000000002,113.4103,books-stripe-a=5 | books-stripe-b=5
q050,revenge,Head,CrossStripe,Lexical,Hybrid,minmax-norm,0.9656953325445374,1,1,0.5111111111111111,0.6862615696383388,0.6789870714880152,1,2,0.0033166660000000002,113.4372,books-stripe-a=6 | books-stripe-b=4
q050,revenge,Head,CrossStripe,Lexical,Hybrid,zscore-norm,0.8090578142186412,1,1,0.28888888888888886,0.4818611357497987,0.6600740353720971,1,2,0.0033166660000000002,113.43270000000001,books-stripe-a=6 | books-stripe-b=4
q050,revenge,Head,CrossStripe,Lexical,Hybrid,vector-similarity,0.9169724899662665,0.8,0.6666666666666666,0.28888888888888886,0.6018331852901084,0.5860656363839352,1,2,0.0033166660000000002,113.4024,books-stripe-a=6 | books-stripe-b=4
q050,revenge,Head,CrossStripe,Lexical,Hybrid,hybrid-legs,0.9983154911510037,1,1,0.9111111111111111,0.8276273626934639,0.6630948655218474,1,2,0.0033166660000000002,113.4509,books-stripe-a=6 | books-stripe-b=4
q050,revenge,Head,CrossStripe,Lexical,Hybrid,idf-correct-probe,0.9622261161681241,0.9,0.8181818181818182,0.8222222222222222,0.7318043973172776,0.7092782559848854,1,2,0.0033166660000000002,113.43740000000001,books-stripe-a=6 | books-stripe-b=4
q050,revenge,Head,CrossStripe,Lexical,Hybrid,idf-correct-sidecar,0.9622261161681241,0.9,0.8181818181818182,0.8222222222222222,0.7318043973172776,0.7092782559848854,1,2,0.0033166660000000002,113.424,books-stripe-a=6 | books-stripe-b=4
q051,betrayal by someone you trusted completely,Torso,CrossStripe,Conceptual,Hybrid,single-index,1,1,1,1,1,0.4228810969186693,1,1,0.005866667,193.6104,books-oracle=10
q051,betrayal by someone you trusted completely,Torso,CrossStripe,Conceptual,Hybrid,naive-score,0.6198633979947971,0.7,0.5384615384615384,0.2857142857142857,0.4810499863301733,0.5140009003086778,1,2,0.007366666000000001,180.9955,books-stripe-a=7 | books-stripe-b=3
q051,betrayal by someone you trusted completely,Torso,CrossStripe,Conceptual,Hybrid,interleave,0.5699025684392599,0.6,0.42857142857142855,0.2777777777777778,0.35703641178609624,0.49681402488183424,1,2,0.007366666000000001,180.9804,books-stripe-a=5 | books-stripe-b=5
q051,betrayal by someone you trusted completely,Torso,CrossStripe,Conceptual,Hybrid,quota-merge,0.5634760850239069,0.6,0.42857142857142855,0.1111111111111111,0.33140734203611777,0.5006757846928647,1,2,0.007366666000000001,180.97050000000002,books-stripe-a=5 | books-stripe-b=5
q051,betrayal by someone you trusted completely,Torso,CrossStripe,Conceptual,Hybrid,global-rrf,0.5634760850239069,0.6,0.42857142857142855,0.1111111111111111,0.33140734203611777,0.5006757846928647,1,2,0.007366666000000001,180.9889,books-stripe-a=5 | books-stripe-b=5
q051,betrayal by someone you trusted completely,Torso,CrossStripe,Conceptual,Hybrid,minmax-norm,0.5569888369037529,0.7,0.5384615384615384,-0.07142857142857142,0.35941760609881523,0.525118075202609,1,2,0.007366666000000001,181.0131,books-stripe-a=7 | books-stripe-b=3
q051,betrayal by someone you trusted completely,Torso,CrossStripe,Conceptual,Hybrid,zscore-norm,0.5128460671939238,0.7,0.5384615384615384,-0.07142857142857142,0.32790821377385315,0.5196845870834284,1,2,0.007366666000000001,181.0171,books-stripe-a=7 | books-stripe-b=3
q051,betrayal by someone you trusted completely,Torso,CrossStripe,Conceptual,Hybrid,vector-similarity,0.6518123042951492,0.6,0.42857142857142855,0.28888888888888886,0.3754152689378586,0.45439663776081995,1,2,0.007366666000000001,180.9789,books-stripe-a=7 | books-stripe-b=3
q051,betrayal by someone you trusted completely,Torso,CrossStripe,Conceptual,Hybrid,hybrid-legs,0.6683068795432293,0.7,0.5384615384615384,0.4444444444444444,0.5398713038241497,0.5484119621073058,1,2,0.007366666000000001,181.0279,books-stripe-a=9 | books-stripe-b=1
q051,betrayal by someone you trusted completely,Torso,CrossStripe,Conceptual,Hybrid,idf-correct-probe,0.7367537033202411,0.4,0.25,0.3333333333333333,0.3533761537628085,0.33572957891377164,1,2,0.007366666000000001,181.0212,books-stripe-a=7 | books-stripe-b=3
q051,betrayal by someone you trusted completely,Torso,CrossStripe,Conceptual,Hybrid,idf-correct-sidecar,0.769760423164642,0.5,0.3333333333333333,0.15555555555555556,0.38839624050528687,0.3721776897440962,1,2,0.007366666000000001,181.0117,books-stripe-a=8 | books-stripe-b=2
q052,an orphan raised by strangers who discovers the truth about their parents,Tail,CrossStripe,Conceptual,Hybrid,single-index,1,1,1,1,1,0.41338216391162513,1,1,0.005866667,202.8143,books-oracle=10
q052,an orphan raised by strangers who discovers the truth about their parents,Tail,CrossStripe,Conceptual,Hybrid,naive-score,0.990384529921722,0.9,0.8181818181818182,0.9111111111111111,0.7975702670031769,0.4451184849228472,1,2,0.0091,222.6226,books-stripe-a=4 | books-stripe-b=6
q052,an orphan raised by strangers who discovers the truth about their parents,Tail,CrossStripe,Conceptual,Hybrid,interleave,0.9790921887767813,0.9,0.8181818181818182,0.5111111111111111,0.7021975117258605,0.4088729968730512,1,2,0.0091,222.6046,books-stripe-a=5 | books-stripe-b=5
q052,an orphan raised by strangers who discovers the truth about their parents,Tail,CrossStripe,Conceptual,Hybrid,quota-merge,0.9151036618186563,0.9,0.8181818181818182,0.6444444444444445,0.6496406598112023,0.5073169570198044,1,2,0.0091,222.5968,books-stripe-a=5 | books-stripe-b=5
q052,an orphan raised by strangers who discovers the truth about their parents,Tail,CrossStripe,Conceptual,Hybrid,global-rrf,0.9151036618186563,0.9,0.8181818181818182,0.6444444444444445,0.6496406598112023,0.5073169570198044,1,2,0.0091,222.6135,books-stripe-a=5 | books-stripe-b=5
q052,an orphan raised by strangers who discovers the truth about their parents,Tail,CrossStripe,Conceptual,Hybrid,minmax-norm,0.9161851097296423,0.9,0.8181818181818182,0.8222222222222222,0.688781396656064,0.5334869301548497,1,2,0.0091,222.637,books-stripe-a=4 | books-stripe-b=6
q052,an orphan raised by strangers who discovers the truth about their parents,Tail,CrossStripe,Conceptual,Hybrid,zscore-norm,0.9899595573644655,0.9,0.8181818181818182,0.8222222222222222,0.7843802888206345,0.4378863420698141,1,2,0.0091,222.6334,books-stripe-a=4 | books-stripe-b=6
q052,an orphan raised by strangers who discovers the truth about their parents,Tail,CrossStripe,Conceptual,Hybrid,vector-similarity,0.7978578447845038,0.5,0.3333333333333333,0.28888888888888886,0.442555478947416,0.6727318901529844,1,2,0.0091,222.6051,books-stripe-a=4 | books-stripe-b=6
q052,an orphan raised by strangers who discovers the truth about their parents,Tail,CrossStripe,Conceptual,Hybrid,hybrid-legs,0.9837857831568408,0.8,0.6666666666666666,0.8222222222222222,0.7846750447705968,0.458229190870341,1,2,0.0091,222.6582,books-stripe-a=4 | books-stripe-b=6
q052,an orphan raised by strangers who discovers the truth about their parents,Tail,CrossStripe,Conceptual,Hybrid,idf-correct-probe,0.8487254363493004,0.5,0.3333333333333333,0.4666666666666667,0.48634221562207575,0.1304116780348165,1,2,0.0091,222.6521,books-stripe-a=6 | books-stripe-b=4
q052,an orphan raised by strangers who discovers the truth about their parents,Tail,CrossStripe,Conceptual,Hybrid,idf-correct-sidecar,0.8487254363493004,0.5,0.3333333333333333,0.4666666666666667,0.48634221562207575,0.1304116780348165,1,2,0.0091,222.6457,books-stripe-a=6 | books-stripe-b=4
q053,political corruption and the abuse of power,Torso,CrossStripe,Mixed,Hybrid,single-index,1,1,1,1,1,0.5953447921417493,1,1,0.005866667,230.6374,books-oracle=10
q053,political corruption and the abuse of power,Torso,CrossStripe,Mixed,Hybrid,naive-score,0.9807619005441242,0.9,0.8181818181818182,0.4666666666666667,0.7451694939481615,0.6557728693157748,1,2,0.009583333,222.4012,books-stripe-a=2 | books-stripe-b=8
q053,political corruption and the abuse of power,Torso,CrossStripe,Mixed,Hybrid,interleave,0.9247275243655202,0.7,0.5384615384615384,0.37777777777777777,0.6580300198256558,0.8068291213808964,1,2,0.009583333,222.38299999999998,books-stripe-a=5 | books-stripe-b=5
q053,political corruption and the abuse of power,Torso,CrossStripe,Mixed,Hybrid,quota-merge,0.9294079894471168,0.7,0.5384615384615384,0.4666666666666667,0.6628377668731925,0.795853309002242,1,2,0.009583333,222.3731,books-stripe-a=5 | books-stripe-b=5
q053,political corruption and the abuse of power,Torso,CrossStripe,Mixed,Hybrid,global-rrf,0.9294079894471168,0.7,0.5384615384615384,0.4666666666666667,0.6628377668731925,0.795853309002242,1,2,0.009583333,222.3912,books-stripe-a=5 | books-stripe-b=5
q053,political corruption and the abuse of power,Torso,CrossStripe,Mixed,Hybrid,minmax-norm,0.9888271345245837,0.9,0.8181818181818182,0.6888888888888889,0.7626933221049677,0.6300024780396539,1,2,0.009583333,222.4118,books-stripe-a=2 | books-stripe-b=8
q053,political corruption and the abuse of power,Torso,CrossStripe,Mixed,Hybrid,zscore-norm,0.9298697773637014,0.9,0.8181818181818182,0.1111111111111111,0.6162460586885907,0.71196899142551,1,2,0.009583333,222.4098,books-stripe-a=3 | books-stripe-b=7
q053,political corruption and the abuse of power,Torso,CrossStripe,Mixed,Hybrid,vector-similarity,0.7493633168922469,0.7,0.5384615384615384,-0.2,0.35510884250834845,0.49412307431218866,1,2,0.009583333,222.3833,books-stripe-a=1 | books-stripe-b=9
q053,political corruption and the abuse of power,Torso,CrossStripe,Mixed,Hybrid,hybrid-legs,0.9886635822735741,0.8,0.6666666666666666,0.7777777777777778,0.7645525036815094,0.6247551305714834,1,2,0.009583333,222.43019999999999,books-stripe-a=1 | books-stripe-b=9
q053,political corruption and the abuse of power,Torso,CrossStripe,Mixed,Hybrid,idf-correct-probe,0.8091167562274059,0.4,0.25,0.28888888888888886,0.4292527179274463,0.7486604643721531,0.9,2,0.009583333,222.4222,books-stripe-a=7 | books-stripe-b=3
q053,political corruption and the abuse of power,Torso,CrossStripe,Mixed,Hybrid,idf-correct-sidecar,0.8205535219569867,0.4,0.25,0.3333333333333333,0.4292527179274463,0.7568937674363,0.9,2,0.009583333,222.41199999999998,books-stripe-a=7 | books-stripe-b=3
q054,isolation and loneliness,Torso,CrossStripe,Conceptual,Hybrid,single-index,1,1,1,1,1,0.9636452638863133,1,1,0.00465,217.0132,books-oracle=10
q054,isolation and loneliness,Torso,CrossStripe,Conceptual,Hybrid,naive-score,0.9949400821018825,0.9,0.8181818181818182,0.8222222222222222,0.8042771984686216,1,1,2,0.004466666,159.9385,books-stripe-a=5 | books-stripe-b=5
q054,isolation and loneliness,Torso,CrossStripe,Conceptual,Hybrid,interleave,0.9369463581233118,0.9,0.8181818181818182,0.6888888888888889,0.6718115311968151,1,1,2,0.004466666,159.9214,books-stripe-a=5 | books-stripe-b=5
q054,isolation and loneliness,Torso,CrossStripe,Conceptual,Hybrid,quota-merge,0.9410050028571938,0.9,0.8181818181818182,0.7777777777777778,0.7121413821829423,1,1,2,0.004466666,159.9123,books-stripe-a=5 | books-stripe-b=5
q054,isolation and loneliness,Torso,CrossStripe,Conceptual,Hybrid,global-rrf,0.9410050028571938,0.9,0.8181818181818182,0.7777777777777778,0.7121413821829423,1,1,2,0.004466666,159.9287,books-stripe-a=5 | books-stripe-b=5
q054,isolation and loneliness,Torso,CrossStripe,Conceptual,Hybrid,minmax-norm,0.897870107075193,0.8,0.6666666666666666,0.6666666666666666,0.6291537378881906,1,1,2,0.004466666,159.952,books-stripe-a=6 | books-stripe-b=4
q054,isolation and loneliness,Torso,CrossStripe,Conceptual,Hybrid,zscore-norm,0.9951714383793735,0.9,0.8181818181818182,0.8666666666666667,0.8119085429885211,1,1,2,0.004466666,159.9486,books-stripe-a=5 | books-stripe-b=5
q054,isolation and loneliness,Torso,CrossStripe,Conceptual,Hybrid,vector-similarity,0.7612810012310464,0.3,0.17647058823529413,0.37777777777777777,0.3465863574783206,0.8608272741656436,1,2,0.004466666,159.9526,books-stripe-a=3 | books-stripe-b=7
q054,isolation and loneliness,Torso,CrossStripe,Conceptual,Hybrid,hybrid-legs,0.9772202046412725,0.7,0.5384615384615384,0.6888888888888889,0.74354583575022,0.9603250160361273,1,2,0.004466666,159.9679,books-stripe-a=5 | books-stripe-b=5
q054,isolation and loneliness,Torso,CrossStripe,Conceptual,Hybrid,idf-correct-probe,0.873675914733361,0.5,0.3333333333333333,0.24444444444444444,0.4986638580042243,0.9458352203602566,1,2,0.004466666,159.9691,books-stripe-a=6 | books-stripe-b=4
q054,isolation and loneliness,Torso,CrossStripe,Conceptual,Hybrid,idf-correct-sidecar,0.873675914733361,0.5,0.3333333333333333,0.24444444444444444,0.4986638580042243,0.9458352203602566,1,2,0.004466666,159.9497,books-stripe-a=6 | books-stripe-b=4
q055,mother and daughter relationship across generations,Torso,CrossStripe,Conceptual,Hybrid,single-index,1,1,1,1,1,0.6354545145239362,1,1,0.0053,234.6718,books-oracle=10
q055,mother and daughter relationship across generations,Torso,CrossStripe,Conceptual,Hybrid,naive-score,0.9524798985598601,0.7,0.5384615384615384,0.6,0.7021142835577028,0.4917624707454984,1,2,0.009616666,221.51850000000002,books-stripe-a=5 | books-stripe-b=5
q055,mother and daughter relationship across generations,Torso,CrossStripe,Conceptual,Hybrid,interleave,0.9424173962845598,0.7,0.5384615384615384,0.5111111111111111,0.6494747022385765,0.4757613048558837,1,2,0.009616666,221.5049,books-stripe-a=5 | books-stripe-b=5
q055,mother and daughter relationship across generations,Torso,CrossStripe,Conceptual,Hybrid,quota-merge,0.8895732736452225,0.7,0.5384615384615384,0.5555555555555556,0.5613957463853277,0.5255489463806835,1,2,0.009616666,221.4949,books-stripe-a=5 | books-stripe-b=5
q055,mother and daughter relationship across generations,Torso,CrossStripe,Conceptual,Hybrid,global-rrf,0.8895732736452225,0.7,0.5384615384615384,0.5555555555555556,0.5613957463853277,0.5255489463806835,1,2,0.009616666,221.5126,books-stripe-a=5 | books-stripe-b=5
q055,mother and daughter relationship across generations,Torso,CrossStripe,Conceptual,Hybrid,minmax-norm,0.8978833837784825,0.7,0.5384615384615384,0.5555555555555556,0.601596236137018,0.5381792264166558,1,2,0.009616666,221.5352,books-stripe-a=5 | books-stripe-b=5
q055,mother and daughter relationship across generations,Torso,CrossStripe,Conceptual,Hybrid,zscore-norm,0.894453090622749,0.5,0.3333333333333333,0.6444444444444445,0.572429557538055,0.3849746800796976,1,2,0.009616666,221.5606,books-stripe-a=7 | books-stripe-b=3
q055,mother and daughter relationship across generations,Torso,CrossStripe,Conceptual,Hybrid,vector-similarity,0.8704774253708693,0.7,0.5384615384615384,0.4222222222222222,0.5480101819241332,0.6950688800755376,1,2,0.009616666,221.5064,books-stripe-a=2 | books-stripe-b=8
q055,mother and daughter relationship across generations,Torso,CrossStripe,Conceptual,Hybrid,hybrid-legs,0.9924983823425886,1,1,0.7777777777777778,0.7954548583022606,0.63319728430499,1,2,0.009616666,221.5541,books-stripe-a=2 | books-stripe-b=8
q055,mother and daughter relationship across generations,Torso,CrossStripe,Conceptual,Hybrid,idf-correct-probe,0.9200408128987745,0.7,0.5384615384615384,0.6888888888888889,0.6442091961472944,0.6062669003239712,1,2,0.009616666,221.6027,books-stripe-a=1 | books-stripe-b=9
q055,mother and daughter relationship across generations,Torso,CrossStripe,Conceptual,Hybrid,idf-correct-sidecar,0.9200408128987745,0.7,0.5384615384615384,0.6888888888888889,0.6442091961472944,0.6062669003239712,1,2,0.009616666,221.54160000000002,books-stripe-a=1 | books-stripe-b=9
q056,murder,Head,CrossStripe,Lexical,Hybrid,single-index,1,1,1,1,1,1,1,1,0.0047,222.0542,books-oracle=10
q056,murder,Head,CrossStripe,Lexical,Hybrid,naive-score,0.7430538135917334,0.6,0.42857142857142855,0.42857142857142855,0.4785968646210454,1,1,2,0.0045,156.2991,books-stripe-a=5 | books-stripe-b=5
q056,murder,Head,CrossStripe,Lexical,Hybrid,interleave,0.8316956724911863,0.6,0.42857142857142855,0.5238095238095238,0.5731052282323096,1,1,2,0.0045,156.2829,books-stripe-a=5 | books-stripe-b=5
q056,murder,Head,CrossStripe,Lexical,Hybrid,quota-merge,0.8093718014082503,0.6,0.42857142857142855,0.5238095238095238,0.5335262638612884,1,1,2,0.0045,156.27290000000002,books-stripe-a=5 | books-stripe-b=5
q056,murder,Head,CrossStripe,Lexical,Hybrid,global-rrf,0.8093718014082503,0.6,0.42857142857142855,0.5238095238095238,0.5335262638612884,1,1,2,0.0045,156.2901,books-stripe-a=5 | books-stripe-b=5
q056,murder,Head,CrossStripe,Lexical,Hybrid,minmax-norm,0.9278329145726919,0.8,0.6666666666666666,0.7222222222222222,0.6816326379034442,1,1,2,0.0045,156.3142,books-stripe-a=7 | books-stripe-b=3
q056,murder,Head,CrossStripe,Lexical,Hybrid,zscore-norm,0.6302150035591432,0.6,0.42857142857142855,0.14285714285714285,0.32311614616332707,1,1,2,0.0045,157.8458,books-stripe-a=5 | books-stripe-b=5
q056,murder,Head,CrossStripe,Lexical,Hybrid,vector-similarity,0.7207409812962026,0.5,0.3333333333333333,0.1111111111111111,0.3639516188289772,0.9039129791606223,1,2,0.0045,156.28660000000002,books-stripe-a=10
q056,murder,Head,CrossStripe,Lexical,Hybrid,hybrid-legs,0.9847109074702021,0.8,0.6666666666666666,0.5555555555555556,0.7551576440049098,1,1,2,0.0045,156.3295,books-stripe-a=9 | books-stripe-b=1
q056,murder,Head,CrossStripe,Lexical,Hybrid,idf-correct-probe,0.7632519150218747,0.6,0.42857142857142855,0.1111111111111111,0.3983377861650372,0.9458352203602566,1,2,0.0045,156.3188,books-stripe-a=10
q056,murder,Head,CrossStripe,Lexical,Hybrid,idf-correct-sidecar,0.7632519150218747,0.6,0.42857142857142855,0.1111111111111111,0.3983377861650372,0.9458352203602566,1,2,0.0045,156.3066,books-stripe-a=10
q057,a journey across a ruined landscape,Torso,CrossStripe,Conceptual,Hybrid,single-index,1,1,1,1,1,0.3376273807993666,1,1,0.005866667,200.7011,books-oracle=10
q057,a journey across a ruined landscape,Torso,CrossStripe,Conceptual,Hybrid,naive-score,0.9275479410685058,0.9,0.8181818181818182,0.7777777777777778,0.6816838029679683,0.32217323043066104,1,2,0.008516665999999999,235.5978,books-stripe-a=5 | books-stripe-b=5
q057,a journey across a ruined landscape,Torso,CrossStripe,Conceptual,Hybrid,interleave,0.9829064416748275,0.9,0.8181818181818182,0.8222222222222222,0.7893821447617746,0.32659295850644815,1,2,0.008516665999999999,235.5812,books-stripe-a=5 | books-stripe-b=5
q057,a journey across a ruined landscape,Torso,CrossStripe,Conceptual,Hybrid,quota-merge,0.9782754316896096,0.9,0.8181818181818182,0.7777777777777778,0.7622422719581897,0.3113354397269588,1,2,0.008516665999999999,235.5717,books-stripe-a=5 | books-stripe-b=5
q057,a journey across a ruined landscape,Torso,CrossStripe,Conceptual,Hybrid,global-rrf,0.9782754316896096,0.9,0.8181818181818182,0.7777777777777778,0.7622422719581897,0.3113354397269588,1,2,0.008516665999999999,235.5874,books-stripe-a=5 | books-stripe-b=5
q057,a journey across a ruined landscape,Torso,CrossStripe,Conceptual,Hybrid,minmax-norm,0.9825533079198543,0.9,0.8181818181818182,0.8222222222222222,0.7854993449342887,0.329392914107276,1,2,0.008516665999999999,235.613,books-stripe-a=5 | books-stripe-b=5
q057,a journey across a ruined landscape,Torso,CrossStripe,Conceptual,Hybrid,zscore-norm,0.9767035291959666,0.9,0.8181818181818182,0.7333333333333333,0.7509542932175008,0.36775234807250423,1,2,0.008516665999999999,235.6331,books-stripe-a=5 | books-stripe-b=5
q057,a journey across a ruined landscape,Torso,CrossStripe,Conceptual,Hybrid,vector-similarity,0.8148295842903229,0.5,0.3333333333333333,0.5555555555555556,0.4723107198671653,0.44773518285642727,1,2,0.008516665999999999,235.5819,books-stripe-a=6 | books-stripe-b=4
q057,a journey across a ruined landscape,Torso,CrossStripe,Conceptual,Hybrid,hybrid-legs,0.9282236595470156,0.8,0.6666666666666666,0.9111111111111111,0.706112695095649,0.40256031905697925,1,2,0.008516665999999999,235.6507,books-stripe-a=6 | books-stripe-b=4
q057,a journey across a ruined landscape,Torso,CrossStripe,Conceptual,Hybrid,idf-correct-probe,0.7756743669115213,0.7,0.5384615384615384,0.37777777777777777,0.4158995132087562,0.3399419287285436,0.9,2,0.008516665999999999,235.6224,books-stripe-a=7 | books-stripe-b=3
q057,a journey across a ruined landscape,Torso,CrossStripe,Conceptual,Hybrid,idf-correct-sidecar,0.7246511247928348,0.6,0.42857142857142855,0.7333333333333333,0.3919818547821414,0.3399419287285436,0.9,2,0.008516665999999999,235.6126,books-stripe-a=8 | books-stripe-b=2
q058,religion faith and doubt,Torso,CrossStripe,Mixed,Hybrid,single-index,1,1,1,1,1,0.7329516456229702,0.9,1,0.005866667,234.0417,books-oracle=10
q058,religion faith and doubt,Torso,CrossStripe,Mixed,Hybrid,naive-score,0.7510257931475576,0.7,0.5384615384615384,0.1111111111111111,0.3791604711481848,0.43714119715161454,0.9,2,0.006150000000000001,188.69850000000002,books-stripe-a=3 | books-stripe-b=7
q058,religion faith and doubt,Torso,CrossStripe,Mixed,Hybrid,interleave,0.7338593795305858,0.5,0.3333333333333333,0.2777777777777778,0.3718034652465715,0.5198960780083761,1,2,0.006150000000000001,188.68460000000002,books-stripe-a=5 | books-stripe-b=5
q058,religion faith and doubt,Torso,CrossStripe,Mixed,Hybrid,quota-merge,0.8605002905349246,0.5,0.3333333333333333,0.3888888888888889,0.5070927299907407,0.5561823290835172,1,2,0.006150000000000001,188.67540000000002,books-stripe-a=5 | books-stripe-b=5
q058,religion faith and doubt,Torso,CrossStripe,Mixed,Hybrid,global-rrf,0.8605002905349246,0.5,0.3333333333333333,0.3888888888888889,0.5070927299907407,0.5561823290835172,1,2,0.006150000000000001,188.72060000000002,books-stripe-a=5 | books-stripe-b=5
q058,religion faith and doubt,Torso,CrossStripe,Mixed,Hybrid,minmax-norm,0.9143474802251721,0.7,0.5384615384615384,0.28888888888888886,0.5564210322331401,0.4787773320075503,0.9,2,0.006150000000000001,188.7178,books-stripe-a=3 | books-stripe-b=7
q058,religion faith and doubt,Torso,CrossStripe,Mixed,Hybrid,zscore-norm,0.6176640190022522,0.5,0.3333333333333333,-0.1111111111111111,0.20298569085062068,0.5135259252020201,1,2,0.006150000000000001,188.7144,books-stripe-a=5 | books-stripe-b=5
q058,religion faith and doubt,Torso,CrossStripe,Mixed,Hybrid,vector-similarity,0.877810930875868,0.8,0.6666666666666666,0.37777777777777777,0.6007200561258926,0.7504758920763749,0.9,2,0.006150000000000001,188.6858,books-stripe-b=10
q058,religion faith and doubt,Torso,CrossStripe,Mixed,Hybrid,hybrid-legs,0.9932994868782677,0.8,0.6666666666666666,0.8222222222222222,0.8042134958202416,0.6898520608463379,0.9,2,0.006150000000000001,188.7313,books-stripe-b=10
q058,religion faith and doubt,Torso,CrossStripe,Mixed,Hybrid,idf-correct-probe,0.8022872393150315,0.9,0.8181818181818182,-0.022222222222222223,0.5027624659192449,0.8187698615190014,0.9,2,0.006150000000000001,188.72480000000002,books-stripe-b=10
q058,religion faith and doubt,Torso,CrossStripe,Mixed,Hybrid,idf-correct-sidecar,0.8022872393150315,0.9,0.8181818181818182,-0.022222222222222223,0.5027624659192449,0.8187698615190014,0.9,2,0.006150000000000001,188.71450000000002,books-stripe-b=10
q059,London,Head,CrossStripe,Lexical,Hybrid,single-index,1,1,1,1,1,0.8427915955013713,1,1,0.003483333,175.9249,books-oracle=10
q059,London,Head,CrossStripe,Lexical,Hybrid,naive-score,0.9754499485476873,0.9,0.8181818181818182,0.4666666666666667,0.6962990973732988,0.8760121493430877,1,2,0.002816666,135.0281,books-stripe-a=6 | books-stripe-b=4
q059,London,Head,CrossStripe,Lexical,Hybrid,interleave,0.8904705690783726,0.9,0.8181818181818182,0.6,0.6061783450609899,0.8699181219331126,1,2,0.002816666,135.0123,books-stripe-a=5 | books-stripe-b=5
q059,London,Head,CrossStripe,Lexical,Hybrid,quota-merge,0.9814724503452937,0.9,0.8181818181818182,0.6888888888888889,0.7338362652852598,0.8699181219331126,1,2,0.002816666,135.0024,books-stripe-a=5 | books-stripe-b=5
q059,London,Head,CrossStripe,Lexical,Hybrid,global-rrf,0.9814724503452937,0.9,0.8181818181818182,0.6888888888888889,0.7338362652852598,0.8699181219331126,1,2,0.002816666,135.0198,books-stripe-a=5 | books-stripe-b=5
q059,London,Head,CrossStripe,Lexical,Hybrid,minmax-norm,0.9488835803816023,0.8,0.6666666666666666,0.6,0.6450384271472049,0.839657413229401,1,2,0.002816666,135.0425,books-stripe-a=7 | books-stripe-b=3
q059,London,Head,CrossStripe,Lexical,Hybrid,zscore-norm,0.9976907249621239,0.9,0.8181818181818182,0.9555555555555556,0.8444249103012451,0.8461624813550137,1,2,0.002816666,135.0402,books-stripe-a=6 | books-stripe-b=4
q059,London,Head,CrossStripe,Lexical,Hybrid,vector-similarity,0.9094367704613799,0.6,0.42857142857142855,0.37777777777777777,0.6051812719753795,0.7923565945319208,1,2,0.002816666,135.0148,books-stripe-a=3 | books-stripe-b=7
q059,London,Head,CrossStripe,Lexical,Hybrid,hybrid-legs,0.9959435834296622,0.9,0.8181818181818182,0.8666666666666667,0.8309788437460471,0.8461624813550137,1,2,0.002816666,135.0611,books-stripe-a=5 | books-stripe-b=5
q059,London,Head,CrossStripe,Lexical,Hybrid,idf-correct-probe,0.8946649506663291,0.6,0.42857142857142855,0.4666666666666667,0.5311173835056803,0.6746330303062471,1,2,0.002816666,135.0737,books-stripe-a=3 | books-stripe-b=7
q059,London,Head,CrossStripe,Lexical,Hybrid,idf-correct-sidecar,0.8946649506663291,0.6,0.42857142857142855,0.4666666666666667,0.5311173835056803,0.6746330303062471,1,2,0.002816666,135.0352,books-stripe-a=3 | books-stripe-b=7
q060,Paris,Head,CrossStripe,Lexical,Hybrid,single-index,1,1,1,1,1,0.9257857076266625,1,1,0.002316667,132.199,books-oracle=10
q060,Paris,Head,CrossStripe,Lexical,Hybrid,naive-score,0.7985905182636285,0.6,0.42857142857142855,0.2777777777777778,0.4490115820225263,1,1,2,0.0011,80.3229,books-stripe-a=4 | books-stripe-b=6
q060,Paris,Head,CrossStripe,Lexical,Hybrid,interleave,0.6772700635390011,0.5,0.3333333333333333,0.07142857142857142,0.37190426030275825,0.9621404437403491,1,2,0.0011,80.3098,books-stripe-a=5 | books-stripe-b=5
q060,Paris,Head,CrossStripe,Lexical,Hybrid,quota-merge,0.7317497095940995,0.5,0.3333333333333333,0.14285714285714285,0.37190426030275825,0.9621404437403491,1,2,0.0011,80.2992,books-stripe-a=5 | books-stripe-b=5
q060,Paris,Head,CrossStripe,Lexical,Hybrid,global-rrf,0.7317497095940995,0.5,0.3333333333333333,0.14285714285714285,0.37190426030275825,0.9621404437403491,1,2,0.0011,80.3188,books-stripe-a=5 | books-stripe-b=5
q060,Paris,Head,CrossStripe,Lexical,Hybrid,minmax-norm,0.7985905182636285,0.6,0.42857142857142855,0.2777777777777778,0.4490115820225263,1,1,2,0.0011,80.3439,books-stripe-a=4 | books-stripe-b=6
q060,Paris,Head,CrossStripe,Lexical,Hybrid,zscore-norm,0.5650456561754157,0.3,0.17647058823529413,0.07142857142857142,0.2075727083257916,0.8805432185768421,1,2,0.0011,80.3417,books-stripe-a=7 | books-stripe-b=3
q060,Paris,Head,CrossStripe,Lexical,Hybrid,vector-similarity,0.9361237443228109,0.9,0.8181818181818182,0.5111111111111111,0.6704280058331328,0.9202182025407148,1,2,0.0011,80.31739999999999,books-stripe-b=10
q060,Paris,Head,CrossStripe,Lexical,Hybrid,hybrid-legs,0.933420640375567,0.9,0.8181818181818182,0.5111111111111111,0.6814275758435939,0.9636452638863133,1,2,0.0011,80.3987,books-stripe-a=1 | books-stripe-b=9
q060,Paris,Head,CrossStripe,Lexical,Hybrid,idf-correct-probe,0.8435991629657259,0.7,0.5384615384615384,0.15555555555555556,0.4737898728283243,0.9458352203602566,1,2,0.0011,80.3476,books-stripe-a=1 | books-stripe-b=9
q060,Paris,Head,CrossStripe,Lexical,Hybrid,idf-correct-sidecar,0.8435991629657259,0.7,0.5384615384615384,0.15555555555555556,0.4737898728283243,0.9458352203602566,1,2,0.0011,80.3348,books-stripe-a=1 | books-stripe-b=9
q061,the sea and the people who make their living on it,Torso,CrossStripe,Conceptual,Hybrid,single-index,1,1,1,1,1,0.4082389994231312,1,1,0.005866667,196.417,books-oracle=10
q061,the sea and the people who make their living on it,Torso,CrossStripe,Conceptual,Hybrid,naive-score,0.909542957084405,0.8,0.6666666666666666,0.5111111111111111,0.6237224267420052,0.44436523757793434,1,2,0.009600000000000001,184.97809999999998,books-stripe-a=3 | books-stripe-b=7
q061,the sea and the people who make their living on it,Torso,CrossStripe,Conceptual,Hybrid,interleave,0.7498324601813707,0.7,0.5384615384615384,0.2222222222222222,0.4373691101273917,0.27985696110461067,1,2,0.009600000000000001,184.9621,books-stripe-a=5 | books-stripe-b=5
q061,the sea and the people who make their living on it,Torso,CrossStripe,Conceptual,Hybrid,quota-merge,0.7766621977891681,0.7,0.5384615384615384,0.3888888888888889,0.49013805268095517,0.29034966901370013,1,2,0.009600000000000001,184.9528,books-stripe-a=5 | books-stripe-b=5
q061,the sea and the people who make their living on it,Torso,CrossStripe,Conceptual,Hybrid,global-rrf,0.7766621977891681,0.7,0.5384615384615384,0.3888888888888889,0.49013805268095517,0.29034966901370013,1,2,0.009600000000000001,184.97,books-stripe-a=5 | books-stripe-b=5
q061,the sea and the people who make their living on it,Torso,CrossStripe,Conceptual,Hybrid,minmax-norm,0.7920706840965279,0.8,0.6666666666666666,0.2777777777777778,0.5260975814938754,0.3586735963693802,1,2,0.009600000000000001,184.9938,books-stripe-a=4 | books-stripe-b=6
q061,the sea and the people who make their living on it,Torso,CrossStripe,Conceptual,Hybrid,zscore-norm,0.706725000278514,0.7,0.5384615384615384,0,0.340667018032658,0.27691552278481446,1,2,0.009600000000000001,184.9899,books-stripe-a=5 | books-stripe-b=5
q061,the sea and the people who make their living on it,Torso,CrossStripe,Conceptual,Hybrid,vector-similarity,0.7782396738112451,0.5,0.3333333333333333,0.4222222222222222,0.3875217467520748,0.6990132604099564,1,2,0.009600000000000001,184.9615,books-stripe-b=10
q061,the sea and the people who make their living on it,Torso,CrossStripe,Conceptual,Hybrid,hybrid-legs,0.9684886385538405,0.7,0.5384615384615384,0.7333333333333333,0.7685803476070484,0.5421661594942957,1,2,0.009600000000000001,185.03619999999998,books-stripe-a=1 | books-stripe-b=9
q061,the sea and the people who make their living on it,Torso,CrossStripe,Conceptual,Hybrid,idf-correct-probe,0.612169011736635,0.4,0.25,0.24444444444444444,0.2263126126538566,0.19315475495286435,1,2,0.009600000000000001,185.0077,books-stripe-a=4 | books-stripe-b=6
q061,the sea and the people who make their living on it,Torso,CrossStripe,Conceptual,Hybrid,idf-correct-sidecar,0.610558785035596,0.4,0.25,0.15555555555555556,0.2154951817968991,0.19315475495286435,1,2,0.009600000000000001,184.9938,books-stripe-a=4 | books-stripe-b=6
q062,a small town where everyone is hiding something,Torso,CrossStripe,Conceptual,Hybrid,single-index,1,1,1,1,1,0.4465883061795357,1,1,0.005866667,197.5144,books-oracle=10
q062,a small town where everyone is hiding something,Torso,CrossStripe,Conceptual,Hybrid,naive-score,0.7304316327735547,0.6,0.42857142857142855,0.05555555555555555,0.44220539447528995,0.43338042041661656,1,2,0.009616667,222.74269999999999,books-stripe-a=6 | books-stripe-b=4
q062,a small town where everyone is hiding something,Torso,CrossStripe,Conceptual,Hybrid,interleave,0.8162064448749926,0.5,0.3333333333333333,0.07142857142857142,0.5248150210394913,0.5198998167379586,1,2,0.009616667,222.72459999999998,books-stripe-a=5 | books-stripe-b=5
q062,a small town where everyone is hiding something,Torso,CrossStripe,Conceptual,Hybrid,quota-merge,0.684828217779412,0.5,0.3333333333333333,-0.14285714285714285,0.38952575629532166,0.4947643392843954,1,2,0.009616667,222.71509999999998,books-stripe-a=5 | books-stripe-b=5
q062,a small town where everyone is hiding something,Torso,CrossStripe,Conceptual,Hybrid,global-rrf,0.684828217779412,0.5,0.3333333333333333,-0.14285714285714285,0.38952575629532166,0.4947643392843954,1,2,0.009616667,222.73219999999998,books-stripe-a=5 | books-stripe-b=5
q062,a small town where everyone is hiding something,Torso,CrossStripe,Conceptual,Hybrid,minmax-norm,0.7308835200017025,0.6,0.42857142857142855,0.1111111111111111,0.4498367389951894,0.43450404903449735,1,2,0.009616667,222.7567,books-stripe-a=6 | books-stripe-b=4
q062,a small town where everyone is hiding something,Torso,CrossStripe,Conceptual,Hybrid,zscore-norm,0.7289606942473396,0.6,0.42857142857142855,0,0.43231291083838325,0.43194203559395505,1,2,0.009616667,222.754,books-stripe-a=6 | books-stripe-b=4
q062,a small town where everyone is hiding something,Torso,CrossStripe,Conceptual,Hybrid,vector-similarity,0.5429891971596438,0.4,0.25,0.3333333333333333,0.20866275685499802,0.3679130686892517,0.9,2,0.009616667,222.7232,books-stripe-a=9 | books-stripe-b=1
q062,a small town where everyone is hiding something,Torso,CrossStripe,Conceptual,Hybrid,hybrid-legs,0.8180613931728457,0.8,0.6666666666666666,0.15555555555555556,0.462534531747689,0.43936303054524023,1,2,0.009616667,222.7655,books-stripe-a=8 | books-stripe-b=2
q062,a small town where everyone is hiding something,Torso,CrossStripe,Conceptual,Hybrid,idf-correct-probe,0.5722767431879947,0.2,0.1111111111111111,0.4222222222222222,0.1883089561618468,0.2967436405917907,1,2,0.009616667,222.8104,books-stripe-a=7 | books-stripe-b=3
q062,a small town where everyone is hiding something,Torso,CrossStripe,Conceptual,Hybrid,idf-correct-sidecar,0.5698345394532435,0.2,0.1111111111111111,0.4666666666666667,0.18330271121945754,0.2915068924900416,1,2,0.009616667,222.7618,books-stripe-a=6 | books-stripe-b=4
q063,identity and what makes someone who they are,Torso,CrossStripe,Conceptual,Hybrid,single-index,1,1,1,1,1,0.8246357977058286,1,1,0.005866667,230.2907,books-oracle=10
q063,identity and what makes someone who they are,Torso,CrossStripe,Conceptual,Hybrid,naive-score,0.9257852326874404,0.7,0.5384615384615384,0.7222222222222222,0.7154235972041949,0.7281814523356642,1,2,0.01015,218.3017,books-stripe-a=4 | books-stripe-b=6
q063,identity and what makes someone who they are,Torso,CrossStripe,Conceptual,Hybrid,interleave,0.8134402380413635,0.6,0.42857142857142855,0.42857142857142855,0.5134691301119015,0.7131404005552798,1,2,0.01015,218.2854,books-stripe-a=5 | books-stripe-b=5
q063,identity and what makes someone who they are,Torso,CrossStripe,Conceptual,Hybrid,quota-merge,0.8692837041696896,0.6,0.42857142857142855,0.5714285714285714,0.6216185220524858,0.7108931433195184,1,2,0.01015,218.2765,books-stripe-a=5 | books-stripe-b=5
q063,identity and what makes someone who they are,Torso,CrossStripe,Conceptual,Hybrid,global-rrf,0.8692837041696896,0.6,0.42857142857142855,0.5714285714285714,0.6216185220524858,0.7108931433195184,1,2,0.01015,218.2923,books-stripe-a=5 | books-stripe-b=5
q063,identity and what makes someone who they are,Torso,CrossStripe,Conceptual,Hybrid,minmax-norm,0.9136626660739107,0.7,0.5384615384615384,0.6111111111111112,0.66996431025819,0.7139513006171391,1,2,0.01015,218.3169,books-stripe-a=4 | books-stripe-b=6
q063,identity and what makes someone who they are,Torso,CrossStripe,Conceptual,Hybrid,zscore-norm,0.8582361202784762,0.7,0.5384615384615384,0.5,0.5634365790280843,0.7166744421734719,1,2,0.01015,218.3324,books-stripe-a=4 | books-stripe-b=6
q063,identity and what makes someone who they are,Torso,CrossStripe,Conceptual,Hybrid,vector-similarity,0.7672692768229813,0.5,0.3333333333333333,0.6888888888888889,0.4217794685696095,0.8061914539560937,1,2,0.01015,218.2838,books-stripe-b=10
q063,identity and what makes someone who they are,Torso,CrossStripe,Conceptual,Hybrid,hybrid-legs,0.9649223194380862,0.8,0.6666666666666666,0.6444444444444445,0.6916040101659302,0.8042045666311635,1,2,0.01015,218.326,books-stripe-a=2 | books-stripe-b=8
q063,identity and what makes someone who they are,Torso,CrossStripe,Conceptual,Hybrid,idf-correct-probe,0.5640063976945483,0.3,0.17647058823529413,0.3333333333333333,0.14693422481042037,0.6286963038325649,1,2,0.01015,218.3296,books-stripe-a=8 | books-stripe-b=2
q063,identity and what makes someone who they are,Torso,CrossStripe,Conceptual,Hybrid,idf-correct-sidecar,0.5065569377151332,0.3,0.17647058823529413,0.28888888888888886,0.12064558034232223,0.6426457101871113,1,2,0.01015,218.317,books-stripe-a=10
q064,father and son,Head,CrossStripe,Lexical,Hybrid,single-index,1,1,1,1,1,0.6856168682517166,1,1,0.0047,226.5553,books-oracle=10
q064,father and son,Head,CrossStripe,Lexical,Hybrid,naive-score,0.9816175578370878,0.9,0.8181818181818182,0.4666666666666667,0.7280861521574088,0.625720285327937,1,2,0.006166667,162.7287,books-stripe-a=5 | books-stripe-b=5
q064,father and son,Head,CrossStripe,Lexical,Hybrid,interleave,0.8599376130051269,0.9,0.8181818181818182,0.3333333333333333,0.5480148162207094,0.5256139437748063,1,2,0.006166667,162.7276,books-stripe-a=5 | books-stripe-b=5
q064,father and son,Head,CrossStripe,Lexical,Hybrid,quota-merge,0.9665657852149523,0.9,0.8181818181818182,0.4666666666666667,0.6888627146275215,0.601020376135496,1,2,0.006166667,162.7057,books-stripe-a=5 | books-stripe-b=5
q064,father and son,Head,CrossStripe,Lexical,Hybrid,global-rrf,0.9665657852149523,0.9,0.8181818181818182,0.4666666666666667,0.6888627146275215,0.601020376135496,1,2,0.006166667,162.724,books-stripe-a=5 | books-stripe-b=5
q064,father and son,Head,CrossStripe,Lexical,Hybrid,minmax-norm,0.9543049478398962,0.9,0.8181818181818182,0.24444444444444444,0.6249993516751672,0.5889914217825772,1,2,0.006166667,162.753,books-stripe-a=5 | books-stripe-b=5
q064,father and son,Head,CrossStripe,Lexical,Hybrid,zscore-norm,0.9816175578370878,0.9,0.8181818181818182,0.4666666666666667,0.7280861521574088,0.625720285327937,1,2,0.006166667,162.74949999999998,books-stripe-a=5 | books-stripe-b=5
q064,father and son,Head,CrossStripe,Lexical,Hybrid,vector-similarity,0.7062762296899859,0.5,0.3333333333333333,-0.1111111111111111,0.33321945147918963,0.8467563202403593,1,2,0.006166667,162.7163,books-stripe-a=4 | books-stripe-b=6
q064,father and son,Head,CrossStripe,Lexical,Hybrid,hybrid-legs,0.9814955788724363,0.7,0.5384615384615384,0.9111111111111111,0.7836437554103918,0.796938306811723,1,2,0.006166667,162.76,books-stripe-a=4 | books-stripe-b=6
q064,father and son,Head,CrossStripe,Lexical,Hybrid,idf-correct-probe,0.8720410795788962,0.6,0.42857142857142855,0.5555555555555556,0.5537080575967473,0.7341015211550971,1,2,0.006166667,162.74609999999998,books-stripe-a=2 | books-stripe-b=8
q064,father and son,Head,CrossStripe,Lexical,Hybrid,idf-correct-sidecar,0.8665038134967549,0.6,0.42857142857142855,0.6444444444444445,0.5585158046442841,0.7341015211550971,1,2,0.006166667,162.7354,books-stripe-a=3 | books-stripe-b=7
q065,escape from captivity,Torso,CrossStripe,Conceptual,Hybrid,single-index,1,1,1,1,1,0.9206500320722545,1,1,0.002916667,144.8408,books-oracle=10
q065,escape from captivity,Torso,CrossStripe,Conceptual,Hybrid,naive-score,0.8909152050489001,0.9,0.8181818181818182,0.7777777777777778,0.6534094163693694,0.8378785402874104,1,2,0.002233333,103.8133,books-stripe-a=4 | books-stripe-b=6
q065,escape from captivity,Torso,CrossStripe,Conceptual,Hybrid,interleave,0.8958263060109118,0.9,0.8181818181818182,0.5555555555555556,0.6100616954401812,0.874233276401097,1,2,0.002233333,103.8005,books-stripe-a=5 | books-stripe-b=5
q065,escape from captivity,Torso,CrossStripe,Conceptual,Hybrid,quota-merge,0.8771996054805247,0.9,0.8181818181818182,0.6,0.6225007870076174,0.9206500320722545,1,2,0.002233333,103.7906,books-stripe-a=5 | books-stripe-b=5
q065,escape from captivity,Torso,CrossStripe,Conceptual,Hybrid,global-rrf,0.8771996054805247,0.9,0.8181818181818182,0.6,0.6225007870076174,0.9206500320722545,1,2,0.002233333,103.8066,books-stripe-a=5 | books-stripe-b=5
q065,escape from captivity,Torso,CrossStripe,Conceptual,Hybrid,minmax-norm,0.877484629939693,0.9,0.8181818181818182,0.7777777777777778,0.6534094163693694,0.8842952959585678,1,2,0.002233333,103.8315,books-stripe-a=4 | books-stripe-b=6
q065,escape from captivity,Torso,CrossStripe,Conceptual,Hybrid,zscore-norm,0.8915644877872788,0.9,0.8181818181818182,0.6,0.6280594206702602,0.874233276401097,1,2,0.002233333,103.8279,books-stripe-a=5 | books-stripe-b=5
q065,escape from captivity,Torso,CrossStripe,Conceptual,Hybrid,vector-similarity,0.8487579538974378,0.8,0.6666666666666666,0.28888888888888886,0.5690455181542581,0.8158444290731688,1,2,0.002233333,103.7985,books-stripe-a=5 | books-stripe-b=5
q065,escape from captivity,Torso,CrossStripe,Conceptual,Hybrid,hybrid-legs,0.9381023006496194,0.9,0.8181818181818182,0.8666666666666667,0.7178514317372842,0.8363737201414462,1,2,0.002233333,103.8412,books-stripe-a=4 | books-stripe-b=6
q065,escape from captivity,Torso,CrossStripe,Conceptual,Hybrid,idf-correct-probe,0.8505661023330049,0.6,0.42857142857142855,0.6444444444444445,0.5393566406014655,0.8323110352014628,1,2,0.002233333,103.8356,books-stripe-a=4 | books-stripe-b=6
q065,escape from captivity,Torso,CrossStripe,Conceptual,Hybrid,idf-correct-sidecar,0.9373399427111497,0.6,0.42857142857142855,0.7333333333333333,0.6851078093614587,0.8787277908726202,1,2,0.002233333,103.8252,books-stripe-a=4 | books-stripe-b=6
q066,a secret that destroys a community when it comes out,Torso,CrossStripe,Conceptual,Hybrid,single-index,1,1,1,1,1,0.5504594407460038,1,1,0.005866667,197.4822,books-oracle=10
q066,a secret that destroys a community when it comes out,Torso,CrossStripe,Conceptual,Hybrid,naive-score,0.9926771141034222,1,1,0.5555555555555556,0.7585052025467949,0.5583903019374282,1,2,0.008516667,217.74339999999998,books-stripe-a=4 | books-stripe-b=6
q066,a secret that destroys a community when it comes out,Torso,CrossStripe,Conceptual,Hybrid,interleave,0.9724940888404462,0.9,0.8181818181818182,0.6,0.6938819894289249,0.5007075701195673,1,2,0.008516667,217.72789999999998,books-stripe-a=5 | books-stripe-b=5
q066,a secret that destroys a community when it comes out,Torso,CrossStripe,Conceptual,Hybrid,quota-merge,0.9716425678035915,0.9,0.8181818181818182,0.5555555555555556,0.6938819894289249,0.5007075701195673,1,2,0.008516667,217.7174,books-stripe-a=5 | books-stripe-b=5
q066,a secret that destroys a community when it comes out,Torso,CrossStripe,Conceptual,Hybrid,global-rrf,0.9716425678035915,0.9,0.8181818181818182,0.5555555555555556,0.6938819894289249,0.5007075701195673,1,2,0.008516667,217.7347,books-stripe-a=5 | books-stripe-b=5
q066,a secret that destroys a community when it comes out,Torso,CrossStripe,Conceptual,Hybrid,minmax-norm,0.9391011946500109,0.9,0.8181818181818182,0.28888888888888886,0.6182933927888288,0.45282770260902294,1,2,0.008516667,217.75979999999998,books-stripe-a=3 | books-stripe-b=7
q066,a secret that destroys a community when it comes out,Torso,CrossStripe,Conceptual,Hybrid,zscore-norm,0.9926771141034222,1,1,0.5555555555555556,0.7585052025467949,0.5583903019374282,1,2,0.008516667,217.75709999999998,books-stripe-a=4 | books-stripe-b=6
q066,a secret that destroys a community when it comes out,Torso,CrossStripe,Conceptual,Hybrid,vector-similarity,0.9094013257565406,0.6,0.42857142857142855,-0.022222222222222223,0.5334644385602471,0.33274670188675093,1,2,0.008516667,217.72639999999998,books-stripe-a=7 | books-stripe-b=3
q066,a secret that destroys a community when it comes out,Torso,CrossStripe,Conceptual,Hybrid,hybrid-legs,0.9792379972790313,0.8,0.6666666666666666,0.5555555555555556,0.7158089729965839,0.40783727898234673,1,2,0.008516667,217.7698,books-stripe-a=6 | books-stripe-b=4
q066,a secret that destroys a community when it comes out,Torso,CrossStripe,Conceptual,Hybrid,idf-correct-probe,0.601701445733542,0.2,0.1111111111111111,0.5,0.20875095230317503,0.22024733509071875,1,2,0.008516667,217.77169999999998,books-stripe-a=8 | books-stripe-b=2
q066,a secret that destroys a community when it comes out,Torso,CrossStripe,Conceptual,Hybrid,idf-correct-sidecar,0.6030601369545632,0.2,0.1111111111111111,0.42857142857142855,0.20875095230317503,0.22181278265730758,1,2,0.008516667,217.76149999999998,books-stripe-a=8 | books-stripe-b=2
q067,the American South,Torso,CrossStripe,Lexical,Hybrid,single-index,1,1,1,1,1,0.46940989755812,1,1,0.005866667,235.75,books-oracle=10
q067,the American South,Torso,CrossStripe,Lexical,Hybrid,naive-score,0.7151448119094415,0.4,0.25,0.6,0.4821469199386074,0.3304307832351324,1,2,0.006150000000000001,196.0022,books-stripe-a=6 | books-stripe-b=4
q067,the American South,Torso,CrossStripe,Lexical,Hybrid,interleave,0.5832096552131237,0.5,0.3333333333333333,0.5238095238095238,0.35332767036500107,0.2664250647785148,1,2,0.006150000000000001,195.9885,books-stripe-a=5 | books-stripe-b=5
q067,the American South,Torso,CrossStripe,Lexical,Hybrid,quota-merge,0.7527092222068498,0.5,0.3333333333333333,0.6190476190476191,0.49342468215670715,0.29730493136930014,1,2,0.006150000000000001,195.9788,books-stripe-a=5 | books-stripe-b=5
q067,the American South,Torso,CrossStripe,Lexical,Hybrid,global-rrf,0.7527092222068498,0.5,0.3333333333333333,0.6190476190476191,0.49342468215670715,0.29730493136930014,1,2,0.006150000000000001,195.9964,books-stripe-a=5 | books-stripe-b=5
q067,the American South,Torso,CrossStripe,Lexical,Hybrid,minmax-norm,0.6064151333230081,0.3,0.17647058823529413,0,0.33542582447764435,0.3570305147529561,1,2,0.006150000000000001,196.0206,books-stripe-a=7 | books-stripe-b=3
q067,the American South,Torso,CrossStripe,Lexical,Hybrid,zscore-norm,0.7151448119094415,0.4,0.25,0.6,0.4821469199386074,0.3304307832351324,1,2,0.006150000000000001,196.0298,books-stripe-a=6 | books-stripe-b=4
q067,the American South,Torso,CrossStripe,Lexical,Hybrid,vector-similarity,0.7791340990304592,0.4,0.25,0.3333333333333333,0.39676117696227386,0.5939343675684545,1,2,0.006150000000000001,195.9927,books-stripe-a=1 | books-stripe-b=9
q067,the American South,Torso,CrossStripe,Lexical,Hybrid,hybrid-legs,0.9816327414933459,0.8,0.6666666666666666,0.8666666666666667,0.7781787471808371,0.4772160881621669,1,2,0.006150000000000001,196.0298,books-stripe-b=10
q067,the American South,Torso,CrossStripe,Lexical,Hybrid,idf-correct-probe,0.8370907709571935,0.5,0.3333333333333333,0.5714285714285714,0.5449277137298699,0.23220771575996738,1,2,0.006150000000000001,196.0263,books-stripe-a=4 | books-stripe-b=6
q067,the American South,Torso,CrossStripe,Lexical,Hybrid,idf-correct-sidecar,0.8370907709571935,0.5,0.3333333333333333,0.5714285714285714,0.5449277137298699,0.23220771575996738,1,2,0.006150000000000001,196.0134,books-stripe-a=4 | books-stripe-b=6
q068,grief after the death of a child,Torso,CrossStripe,Conceptual,Hybrid,single-index,1,1,1,1,1,0.15641938760191726,0.9,1,0.0053,236.6095,books-oracle=10
q068,grief after the death of a child,Torso,CrossStripe,Conceptual,Hybrid,naive-score,0.9801047047182766,0.9,0.8181818181818182,0.6444444444444445,0.7450749535461146,0.1634356195398043,1,2,0.009066667,215.1615,books-stripe-a=6 | books-stripe-b=4
q068,grief after the death of a child,Torso,CrossStripe,Conceptual,Hybrid,interleave,0.8743795121258088,1,1,0.5555555555555556,0.6016456896639815,0.15459883354395715,0.9,2,0.009066667,215.1445,books-stripe-a=5 | books-stripe-b=5
q068,grief after the death of a child,Torso,CrossStripe,Conceptual,Hybrid,quota-merge,0.8812894225399823,1,1,0.6444444444444445,0.6364169069874659,0.15641938760191726,0.9,2,0.009066667,215.1362,books-stripe-a=5 | books-stripe-b=5
q068,grief after the death of a child,Torso,CrossStripe,Conceptual,Hybrid,global-rrf,0.8812894225399823,1,1,0.6444444444444445,0.6364169069874659,0.15641938760191726,0.9,2,0.009066667,215.153,books-stripe-a=5 | books-stripe-b=5
q068,grief after the death of a child,Torso,CrossStripe,Conceptual,Hybrid,minmax-norm,0.8595040225812827,0.9,0.8181818181818182,0.4222222222222222,0.5673761649349999,0.16262289358520846,1,2,0.009066667,215.1788,books-stripe-a=6 | books-stripe-b=4
q068,grief after the death of a child,Torso,CrossStripe,Conceptual,Hybrid,zscore-norm,0.9869391296274015,0.9,0.8181818181818182,0.7777777777777778,0.7905342404921193,0.1634356195398043,1,2,0.009066667,215.1743,books-stripe-a=6 | books-stripe-b=4
q068,grief after the death of a child,Torso,CrossStripe,Conceptual,Hybrid,vector-similarity,0.8762248483130841,0.4,0.25,0.022222222222222223,0.47745719453874247,0.3492079965840347,1,2,0.009066667,215.1472,books-stripe-a=3 | books-stripe-b=7
q068,grief after the death of a child,Torso,CrossStripe,Conceptual,Hybrid,hybrid-legs,0.9789286357745905,0.7,0.5384615384615384,0.7777777777777778,0.7767407636205775,0.26127371880812994,1,2,0.009066667,215.1874,books-stripe-a=3 | books-stripe-b=7
q068,grief after the death of a child,Torso,CrossStripe,Conceptual,Hybrid,idf-correct-probe,0.9266558759655904,0.6,0.42857142857142855,0.5111111111111111,0.608773556009484,0.1444918167635673,1,2,0.009066667,215.1863,books-stripe-a=5 | books-stripe-b=5
q068,grief after the death of a child,Torso,CrossStripe,Conceptual,Hybrid,idf-correct-sidecar,0.9266558759655904,0.6,0.42857142857142855,0.5111111111111111,0.608773556009484,0.1444918167635673,1,2,0.009066667,215.1769,books-stripe-a=5 | books-stripe-b=5
q069,an outsider who does not fit in anywhere,Torso,CrossStripe,Conceptual,Hybrid,single-index,1,1,1,1,1,0.5730869076132044,1,1,0.0047,235.7394,books-oracle=10
q069,an outsider who does not fit in anywhere,Torso,CrossStripe,Conceptual,Hybrid,naive-score,0.9601181680986152,0.7,0.5384615384615384,0.6444444444444445,0.7062138386613875,0.6899866186944663,1,2,0.011283333999999999,225.05550000000002,books-stripe-a=9 | books-stripe-b=1
q069,an outsider who does not fit in anywhere,Torso,CrossStripe,Conceptual,Hybrid,interleave,0.8620160160759378,0.7,0.5384615384615384,0.2222222222222222,0.5692542192128276,0.5283019992037136,1,2,0.011283333999999999,225.0402,books-stripe-a=5 | books-stripe-b=5
q069,an outsider who does not fit in anywhere,Torso,CrossStripe,Conceptual,Hybrid,quota-merge,0.7433559106879212,0.7,0.5384615384615384,0.1111111111111111,0.4507384465620637,0.49667888725874404,1,2,0.011283333999999999,225.0319,books-stripe-a=5 | books-stripe-b=5
q069,an outsider who does not fit in anywhere,Torso,CrossStripe,Conceptual,Hybrid,global-rrf,0.7433559106879212,0.7,0.5384615384615384,0.1111111111111111,0.4507384465620637,0.49667888725874404,1,2,0.011283333999999999,225.04860000000002,books-stripe-a=5 | books-stripe-b=5
q069,an outsider who does not fit in anywhere,Torso,CrossStripe,Conceptual,Hybrid,minmax-norm,0.6543886371415515,0.4,0.25,0.05555555555555555,0.28760183291147307,0.47311641032247165,1,2,0.011283333999999999,225.0714,books-stripe-a=2 | books-stripe-b=8
q069,an outsider who does not fit in anywhere,Torso,CrossStripe,Conceptual,Hybrid,zscore-norm,0.8144455191007265,0.5,0.3333333333333333,0.2777777777777778,0.4788098565605698,0.5546998076489861,1,2,0.011283333999999999,225.07010000000002,books-stripe-a=3 | books-stripe-b=7
q069,an outsider who does not fit in anywhere,Torso,CrossStripe,Conceptual,Hybrid,vector-similarity,0.7246002406259109,0.6,0.42857142857142855,0.4444444444444444,0.39624123651423104,0.3634463372545813,1,2,0.011283333999999999,225.0378,books-stripe-a=7 | books-stripe-b=3
q069,an outsider who does not fit in anywhere,Torso,CrossStripe,Conceptual,Hybrid,hybrid-legs,0.9713005539372696,0.7,0.5384615384615384,0.7333333333333333,0.7484575382042029,0.6017556034052642,1,2,0.011283333999999999,225.0814,books-stripe-a=9 | books-stripe-b=1
q069,an outsider who does not fit in anywhere,Torso,CrossStripe,Conceptual,Hybrid,idf-correct-probe,0.5847345612625143,0.3,0.17647058823529413,0.5111111111111111,0.17700787070264373,0.5652552496622563,1,2,0.011283333999999999,225.08440000000002,books-stripe-a=6 | books-stripe-b=4
q069,an outsider who does not fit in anywhere,Torso,CrossStripe,Conceptual,Hybrid,idf-correct-sidecar,0.5790589683274718,0.3,0.17647058823529413,0.4222222222222222,0.16937652618274426,0.5718176613660024,1,2,0.011283333999999999,225.10490000000001,books-stripe-a=6 | books-stripe-b=4
q070,school,Head,CrossStripe,Lexical,Hybrid,single-index,1,1,1,1,1,1,1,1,0.0047,223.7085,books-oracle=10
q070,school,Head,CrossStripe,Lexical,Hybrid,naive-score,0.9628064852902801,0.8,0.6666666666666666,0.5555555555555556,0.7105598432459954,1,1,2,0.006749999999999999,165.8177,books-stripe-a=7 | books-stripe-b=3
q070,school,Head,CrossStripe,Lexical,Hybrid,interleave,0.8810019816604463,0.6,0.42857142857142855,0.4444444444444444,0.5532001412535329,0.8967042278371755,0.9,2,0.006749999999999999,165.7843,books-stripe-a=5 | books-stripe-b=5
q070,school,Head,CrossStripe,Lexical,Hybrid,quota-merge,0.8779174791765728,0.6,0.42857142857142855,0.4444444444444444,0.5455687967336336,0.894456970601414,0.9,2,0.006749999999999999,165.7753,books-stripe-a=5 | books-stripe-b=5
q070,school,Head,CrossStripe,Lexical,Hybrid,global-rrf,0.8779174791765728,0.6,0.42857142857142855,0.4444444444444444,0.5455687967336336,0.894456970601414,0.9,2,0.006749999999999999,165.7917,books-stripe-a=5 | books-stripe-b=5
q070,school,Head,CrossStripe,Lexical,Hybrid,minmax-norm,0.9321858846136378,0.8,0.6666666666666666,0.24444444444444444,0.5970938394329559,1,1,2,0.006749999999999999,165.83939999999998,books-stripe-a=7 | books-stripe-b=3
q070,school,Head,CrossStripe,Lexical,Hybrid,zscore-norm,0.7108462789487635,0.7,0.5384615384615384,-0.05555555555555555,0.3495973847096317,0.9621404437403491,1,2,0.006749999999999999,165.81369999999998,books-stripe-a=6 | books-stripe-b=4
q070,school,Head,CrossStripe,Lexical,Hybrid,vector-similarity,0.8134165840990623,0.3,0.17647058823529413,0.4666666666666667,0.40825464772932474,0.9010362095152992,1,2,0.006749999999999999,165.78529999999998,books-stripe-a=8 | books-stripe-b=2
q070,school,Head,CrossStripe,Lexical,Hybrid,hybrid-legs,0.9781725960704173,0.8,0.6666666666666666,0.8222222222222222,0.7823671063524598,0.9636452638863133,1,2,0.006749999999999999,165.82829999999998,books-stripe-a=9 | books-stripe-b=1
q070,school,Head,CrossStripe,Lexical,Hybrid,idf-correct-probe,0.9394743688679116,0.7,0.5384615384615384,0.5555555555555556,0.6462124437390399,1,1,2,0.006749999999999999,165.8191,books-stripe-a=10
q070,school,Head,CrossStripe,Lexical,Hybrid,idf-correct-sidecar,0.9394743688679116,0.7,0.5384615384615384,0.5555555555555556,0.6462124437390399,1,1,2,0.006749999999999999,165.8063,books-stripe-a=10
q071,obsession that ruins a life,Torso,CrossStripe,Conceptual,Hybrid,single-index,1,1,1,1,1,0.3525636196336292,1,1,0.005866667,194.4788,books-oracle=10
q071,obsession that ruins a life,Torso,CrossStripe,Conceptual,Hybrid,naive-score,0.9202867117797118,0.8,0.6666666666666666,0.7333333333333333,0.6819731940596944,0.4328512160922695,1,2,0.009616666,225.4373,books-stripe-a=3 | books-stripe-b=7
q071,obsession that ruins a life,Torso,CrossStripe,Conceptual,Hybrid,interleave,0.8414236636953194,0.6,0.42857142857142855,0.4444444444444444,0.5151577710717631,0.5616177959859511,1,2,0.009616666,225.4236,books-stripe-a=5 | books-stripe-b=5
q071,obsession that ruins a life,Torso,CrossStripe,Conceptual,Hybrid,quota-merge,0.9044049037174844,0.6,0.42857142857142855,0.5555555555555556,0.6428156912960328,0.47891478923965247,1,2,0.009616666,225.4155,books-stripe-a=5 | books-stripe-b=5
q071,obsession that ruins a life,Torso,CrossStripe,Conceptual,Hybrid,global-rrf,0.9044049037174844,0.6,0.42857142857142855,0.5555555555555556,0.6428156912960328,0.47891478923965247,1,2,0.009616666,225.43210000000002,books-stripe-a=5 | books-stripe-b=5
q071,obsession that ruins a life,Torso,CrossStripe,Conceptual,Hybrid,minmax-norm,0.9748832265610896,0.8,0.6666666666666666,0.7777777777777778,0.7824912414803793,0.36322608258553324,1,2,0.009616666,225.4547,books-stripe-a=3 | books-stripe-b=7
q071,obsession that ruins a life,Torso,CrossStripe,Conceptual,Hybrid,zscore-norm,0.8618505458441167,0.8,0.6666666666666666,0.4666666666666667,0.5644497792625188,0.49229704324435947,1,2,0.009616666,225.4516,books-stripe-a=3 | books-stripe-b=7
q071,obsession that ruins a life,Torso,CrossStripe,Conceptual,Hybrid,vector-similarity,0.8482618972831486,0.6,0.42857142857142855,0.4666666666666667,0.5007372517588721,0.590062697546559,1,2,0.009616666,225.42260000000002,books-stripe-a=1 | books-stripe-b=9
q071,obsession that ruins a life,Torso,CrossStripe,Conceptual,Hybrid,hybrid-legs,0.9125419096725756,0.7,0.5384615384615384,0.7333333333333333,0.6342796283351112,0.5526276024638753,1,2,0.009616666,225.488,books-stripe-a=2 | books-stripe-b=8
q071,obsession that ruins a life,Torso,CrossStripe,Conceptual,Hybrid,idf-correct-probe,0.6516757053526344,0.3,0.17647058823529413,0.3333333333333333,0.2313259850962827,0.18488422808248012,1,2,0.009616666,225.4649,books-stripe-a=6 | books-stripe-b=4
q071,obsession that ruins a life,Torso,CrossStripe,Conceptual,Hybrid,idf-correct-sidecar,0.6541895422587013,0.3,0.17647058823529413,0.37777777777777777,0.238735514126392,0.19124977055456902,1,2,0.009616666,225.454,books-stripe-a=5 | books-stripe-b=5
q072,slavery and its aftermath,Torso,CrossStripe,Mixed,Hybrid,single-index,1,1,1,1,1,0.7761810937826192,1,1,0.00175,147.9776,books-oracle=10
q072,slavery and its aftermath,Torso,CrossStripe,Mixed,Hybrid,naive-score,0.8333354317952905,0.9,0.8181818181818182,0.28888888888888886,0.5204443958231576,0.6379996429476069,1,2,0.0022,121.97810000000001,books-stripe-a=2 | books-stripe-b=8
q072,slavery and its aftermath,Torso,CrossStripe,Mixed,Hybrid,interleave,0.7454016555181869,0.6,0.42857142857142855,0.16666666666666666,0.38742530316694096,0.6085490110260593,1,2,0.0022,121.9642,books-stripe-a=5 | books-stripe-b=5
q072,slavery and its aftermath,Torso,CrossStripe,Mixed,Hybrid,quota-merge,0.8681765967852839,0.6,0.42857142857142855,0.3333333333333333,0.5330809486212897,0.6736552052406548,1,2,0.0022,121.9551,books-stripe-a=5 | books-stripe-b=5
q072,slavery and its aftermath,Torso,CrossStripe,Mixed,Hybrid,global-rrf,0.8681765967852839,0.6,0.42857142857142855,0.3333333333333333,0.5330809486212897,0.6736552052406548,1,2,0.0022,121.9718,books-stripe-a=5 | books-stripe-b=5
q072,slavery and its aftermath,Torso,CrossStripe,Mixed,Hybrid,minmax-norm,0.9367339759552561,0.9,0.8181818181818182,0.3333333333333333,0.6209624432438426,0.6844163986187646,1,2,0.0022,121.99380000000001,books-stripe-a=2 | books-stripe-b=8
q072,slavery and its aftermath,Torso,CrossStripe,Mixed,Hybrid,zscore-norm,0.7015672749767217,0.6,0.42857142857142855,0.1111111111111111,0.33710744523826264,0.5841140400928321,1,2,0.0022,121.9931,books-stripe-a=5 | books-stripe-b=5
q072,slavery and its aftermath,Torso,CrossStripe,Mixed,Hybrid,vector-similarity,0.7166384668615313,0.6,0.42857142857142855,-0.06666666666666667,0.40900404309326327,0.6923249627100273,1,2,0.0022,121.9637,books-stripe-a=1 | books-stripe-b=9
q072,slavery and its aftermath,Torso,CrossStripe,Mixed,Hybrid,hybrid-legs,0.9887911397805409,0.9,0.8181818181818182,0.9555555555555556,0.8277375213003363,0.7511622989331158,1,2,0.0022,122.0053,books-stripe-a=2 | books-stripe-b=8
q072,slavery and its aftermath,Torso,CrossStripe,Mixed,Hybrid,idf-correct-probe,0.8178184678786783,0.5,0.3333333333333333,0.4222222222222222,0.4653774401020687,0.5319234904756048,0.9,2,0.0022,122.00070000000001,books-stripe-a=3 | books-stripe-b=7
q072,slavery and its aftermath,Torso,CrossStripe,Mixed,Hybrid,idf-correct-sidecar,0.8178184678786783,0.5,0.3333333333333333,0.4222222222222222,0.4653774401020687,0.5319234904756048,0.9,2,0.0022,121.98880000000001,books-stripe-a=3 | books-stripe-b=7
q073,the Holocaust,Torso,CrossStripe,Lexical,Hybrid,single-index,1,1,1,1,1,0.8261625241713288,1,1,0.001716667,120.708,books-oracle=10
q073,the Holocaust,Torso,CrossStripe,Lexical,Hybrid,naive-score,0.7531557738593069,0.6,0.42857142857142855,0.022222222222222223,0.338767393885118,0.7151015110140664,1,2,0.0011,104.42360000000001,books-stripe-a=5 | books-stripe-b=5
q073,the Holocaust,Torso,CrossStripe,Lexical,Hybrid,interleave,0.8431437711085688,0.6,0.42857142857142855,0.37777777777777777,0.4746102228247135,0.7338153743781218,1,2,0.0011,104.40820000000001,books-stripe-a=5 | books-stripe-b=5
q073,the Holocaust,Torso,CrossStripe,Lexical,Hybrid,quota-merge,0.9194398103814158,0.6,0.42857142857142855,0.5111111111111111,0.5875673618128344,0.7794896929594821,1,2,0.0011,104.3981,books-stripe-a=5 | books-stripe-b=5
q073,the Holocaust,Torso,CrossStripe,Lexical,Hybrid,global-rrf,0.9194398103814158,0.6,0.42857142857142855,0.5111111111111111,0.5875673618128344,0.7794896929594821,1,2,0.0011,104.41590000000001,books-stripe-a=5 | books-stripe-b=5
q073,the Holocaust,Torso,CrossStripe,Lexical,Hybrid,minmax-norm,0.9438511827762157,0.7,0.5384615384615384,0.37777777777777777,0.6312647626173754,0.8268102684686385,1,2,0.0011,104.44030000000001,books-stripe-a=4 | books-stripe-b=6
q073,the Holocaust,Torso,CrossStripe,Lexical,Hybrid,zscore-norm,0.7390172141688253,0.6,0.42857142857142855,-0.06666666666666667,0.315684932065669,0.7083705421327744,1,2,0.0011,104.4368,books-stripe-a=5 | books-stripe-b=5
q073,the Holocaust,Torso,CrossStripe,Lexical,Hybrid,vector-similarity,0.7526123655706348,0.3,0.17647058823529413,0.5111111111111111,0.3691548833918448,0.9224654597764764,1,2,0.0011,104.40910000000001,books-stripe-b=10
q073,the Holocaust,Torso,CrossStripe,Lexical,Hybrid,hybrid-legs,0.8616731415153698,0.7,0.5384615384615384,0.3333333333333333,0.5271403543593325,0.7571851349619022,1,2,0.0011,104.44800000000001,books-stripe-a=4 | books-stripe-b=6
q073,the Holocaust,Torso,CrossStripe,Lexical,Hybrid,idf-correct-probe,0.5650367931861942,0.5,0.3333333333333333,0.1111111111111111,0.3118863247796347,0.6125431652507421,1,2,0.0011,104.4419,books-stripe-a=1 | books-stripe-b=9
q073,the Holocaust,Torso,CrossStripe,Lexical,Hybrid,idf-correct-sidecar,0.5650367931861942,0.5,0.3333333333333333,0.1111111111111111,0.3118863247796347,0.6125431652507421,1,2,0.0011,104.4311,books-stripe-a=1 | books-stripe-b=9
q074,a woman who defies the expectations of her time,Torso,CrossStripe,Conceptual,Hybrid,single-index,1,1,1,1,1,0.7518030048913693,1,1,0.005866667,196.8239,books-oracle=10
q074,a woman who defies the expectations of her time,Torso,CrossStripe,Conceptual,Hybrid,naive-score,0.9237504025957917,0.8,0.6666666666666666,0.6666666666666666,0.6606602665558623,0.6835779026713613,1,2,0.011283333999999999,185.4586,books-stripe-a=6 | books-stripe-b=4
q074,a woman who defies the expectations of her time,Torso,CrossStripe,Conceptual,Hybrid,interleave,0.9747451617177911,0.8,0.6666666666666666,0.8666666666666667,0.768610553810099,0.7462354998054217,1,2,0.011283333999999999,185.4449,books-stripe-a=5 | books-stripe-b=5
q074,a woman who defies the expectations of her time,Torso,CrossStripe,Conceptual,Hybrid,quota-merge,0.9196803278478141,0.8,0.6666666666666666,0.8222222222222222,0.6549025282068719,0.7044764143703368,1,2,0.011283333999999999,185.4368,books-stripe-a=5 | books-stripe-b=5
q074,a woman who defies the expectations of her time,Torso,CrossStripe,Conceptual,Hybrid,global-rrf,0.9196803278478141,0.8,0.6666666666666666,0.8222222222222222,0.6549025282068719,0.7044764143703368,1,2,0.011283333999999999,185.452,books-stripe-a=5 | books-stripe-b=5
q074,a woman who defies the expectations of her time,Torso,CrossStripe,Conceptual,Hybrid,minmax-norm,0.9222639492230623,0.8,0.6666666666666666,0.9111111111111111,0.6952323791929991,0.6986951155163833,1,2,0.011283333999999999,185.4771,books-stripe-a=5 | books-stripe-b=5
q074,a woman who defies the expectations of her time,Torso,CrossStripe,Conceptual,Hybrid,zscore-norm,0.9222639492230623,0.8,0.6666666666666666,0.9111111111111111,0.6952323791929991,0.6986951155163833,1,2,0.011283333999999999,185.473,books-stripe-a=5 | books-stripe-b=5
q074,a woman who defies the expectations of her time,Torso,CrossStripe,Conceptual,Hybrid,vector-similarity,0.8380012171273687,0.4,0.25,0.28888888888888886,0.4401538218680395,0.715019583571087,0.9,2,0.011283333999999999,185.4808,books-stripe-a=3 | books-stripe-b=7
q074,a woman who defies the expectations of her time,Torso,CrossStripe,Conceptual,Hybrid,hybrid-legs,0.9628699679513464,0.7,0.5384615384615384,0.5555555555555556,0.7046722852841867,0.7021947233701081,1,2,0.011283333999999999,185.4848,books-stripe-a=5 | books-stripe-b=5
q074,a woman who defies the expectations of her time,Torso,CrossStripe,Conceptual,Hybrid,idf-correct-probe,0.6406011142319331,0.2,0.1111111111111111,0.6444444444444445,0.2505294051868134,0.43797614076534563,1,2,0.011283333999999999,185.5064,books-stripe-a=3 | books-stripe-b=7
q074,a woman who defies the expectations of her time,Torso,CrossStripe,Conceptual,Hybrid,idf-correct-sidecar,0.5557677882248035,0.2,0.1111111111111111,0.37777777777777777,0.13730250582317727,0.4318926211156755,1,2,0.011283333999999999,185.4797,books-stripe-a=2 | books-stripe-b=8
q075,addiction and recovery,Torso,CrossStripe,Mixed,Hybrid,single-index,1,1,1,1,1,0.8433247537080037,1,1,0.002883333,127.5567,books-oracle=10
q075,addiction and recovery,Torso,CrossStripe,Mixed,Hybrid,naive-score,0.9069327909916804,0.7,0.5384615384615384,0.5555555555555556,0.6258242989958798,0.771437012676192,1,2,0.0033166669999999997,133.11950000000002,books-stripe-a=4 | books-stripe-b=6
q075,addiction and recovery,Torso,CrossStripe,Mixed,Hybrid,interleave,0.7183321670687228,0.6,0.42857142857142855,0.07142857142857142,0.3995859838739585,0.7059073701312428,1,2,0.0033166669999999997,133.103,books-stripe-a=5 | books-stripe-b=5
q075,addiction and recovery,Torso,CrossStripe,Mixed,Hybrid,quota-merge,0.8223072444016878,0.6,0.42857142857142855,0.21428571428571427,0.5132940094771862,0.7561783250383693,1,2,0.0033166669999999997,133.09310000000002,books-stripe-a=5 | books-stripe-b=5
q075,addiction and recovery,Torso,CrossStripe,Mixed,Hybrid,global-rrf,0.8223072444016878,0.6,0.42857142857142855,0.21428571428571427,0.5132940094771862,0.7561783250383693,1,2,0.0033166669999999997,133.1095,books-stripe-a=5 | books-stripe-b=5
q075,addiction and recovery,Torso,CrossStripe,Mixed,Hybrid,minmax-norm,0.9069327909916804,0.7,0.5384615384615384,0.5555555555555556,0.6258242989958798,0.771437012676192,1,2,0.0033166669999999997,133.1328,books-stripe-a=4 | books-stripe-b=6
q075,addiction and recovery,Torso,CrossStripe,Mixed,Hybrid,zscore-norm,0.7048390204061598,0.7,0.5384615384615384,0.05555555555555555,0.3651795746059718,0.6770977406346566,1,2,0.0033166669999999997,133.131,books-stripe-a=4 | books-stripe-b=6
q075,addiction and recovery,Torso,CrossStripe,Mixed,Hybrid,vector-similarity,0.9039456904709161,0.6,0.42857142857142855,0.6444444444444445,0.571179720430602,0.9173414328953917,1,2,0.0033166669999999997,133.10330000000002,books-stripe-b=10
q075,addiction and recovery,Torso,CrossStripe,Mixed,Hybrid,hybrid-legs,0.9923603819096415,0.8,0.6666666666666666,0.8666666666666667,0.7931318980420693,0.841628131706027,1,2,0.0033166669999999997,133.1458,books-stripe-a=1 | books-stripe-b=9
q075,addiction and recovery,Torso,CrossStripe,Mixed,Hybrid,idf-correct-probe,0.9335982901242658,0.7,0.5384615384615384,0.4666666666666667,0.6472776488313347,0.8214625721625727,1,2,0.0033166669999999997,133.1379,books-stripe-a=1 | books-stripe-b=9
q075,addiction and recovery,Torso,CrossStripe,Mixed,Hybrid,idf-correct-sidecar,0.9335982901242658,0.7,0.5384615384615384,0.4666666666666667,0.6472776488313347,0.8214625721625727,1,2,0.0033166669999999997,133.1288,books-stripe-a=1 | books-stripe-b=9
q076,New York City,Head,CrossStripe,Lexical,Hybrid,single-index,1,1,1,1,1,0.874233276401097,1,1,0.0047,193.7314,books-oracle=10
q076,New York City,Head,CrossStripe,Lexical,Hybrid,naive-score,0.8816821169190916,0.8,0.6666666666666666,0.4222222222222222,0.5572520796623515,0.8124843460455191,1,2,0.008483333,185.89679999999998,books-stripe-a=4 | books-stripe-b=6
q076,New York City,Head,CrossStripe,Lexical,Hybrid,interleave,0.8536248897419771,0.7,0.5384615384615384,0.4222222222222222,0.4935523178688215,0.7712539039322259,1,2,0.008483333,185.8825,books-stripe-a=5 | books-stripe-b=5
q076,New York City,Head,CrossStripe,Lexical,Hybrid,quota-merge,0.9470114487929547,0.7,0.5384615384615384,0.5111111111111111,0.6212102380930914,0.7248371482610683,1,2,0.008483333,185.8736,books-stripe-a=5 | books-stripe-b=5
q076,New York City,Head,CrossStripe,Lexical,Hybrid,global-rrf,0.9470114487929547,0.7,0.5384615384615384,0.5111111111111111,0.6212102380930914,0.7248371482610683,1,2,0.008483333,185.8893,books-stripe-a=5 | books-stripe-b=5
q076,New York City,Head,CrossStripe,Lexical,Hybrid,minmax-norm,0.9754564957364327,0.8,0.6666666666666666,0.7333333333333333,0.723179412084405,0.7777789310309328,1,2,0.008483333,185.9137,books-stripe-a=4 | books-stripe-b=6
q076,New York City,Head,CrossStripe,Lexical,Hybrid,zscore-norm,0.788568137672975,0.7,0.5384615384615384,0.28888888888888886,0.39777517299413856,0.7793986061796825,1,2,0.008483333,185.9116,books-stripe-a=5 | books-stripe-b=5
q076,New York City,Head,CrossStripe,Lexical,Hybrid,vector-similarity,0.9276571833722612,1,1,0.24444444444444444,0.6094049847911197,0.9206500320722545,1,2,0.008483333,185.8851,books-stripe-a=2 | books-stripe-b=8
q076,New York City,Head,CrossStripe,Lexical,Hybrid,hybrid-legs,0.99690103043811,0.9,0.8181818181818182,0.9555555555555556,0.8281026071063363,0.874233276401097,1,2,0.008483333,185.9527,books-stripe-a=2 | books-stripe-b=8
q076,New York City,Head,CrossStripe,Lexical,Hybrid,idf-correct-probe,0.7769211472097343,0.7,0.5384615384615384,0.15555555555555556,0.4336897342606511,0.7562921179498961,1,2,0.008483333,185.922,books-stripe-a=3 | books-stripe-b=7
q076,New York City,Head,CrossStripe,Lexical,Hybrid,idf-correct-sidecar,0.7769211472097343,0.7,0.5384615384615384,0.15555555555555556,0.4336897342606511,0.7562921179498961,1,2,0.008483333,185.9098,books-stripe-a=3 | books-stripe-b=7
q077,an unlikely friendship between two very different people,Torso,CrossStripe,Conceptual,Hybrid,single-index,1,1,1,1,1,0.5294789458367681,1,1,0.005866667,202.4575,books-oracle=10
q077,an unlikely friendship between two very different people,Torso,CrossStripe,Conceptual,Hybrid,naive-score,0.9627759101944455,0.9,0.8181818181818182,0.8333333333333334,0.7869485885547721,0.5825726651846367,1,2,0.0102,224.44680000000002,books-stripe-a=4 | books-stripe-b=6
q077,an unlikely friendship between two very different people,Torso,CrossStripe,Conceptual,Hybrid,interleave,0.9337215634039384,1,1,0.4222222222222222,0.6508068607529885,0.4417694613755377,1,2,0.0102,224.4292,books-stripe-a=5 | books-stripe-b=5
q077,an unlikely friendship between two very different people,Torso,CrossStripe,Conceptual,Hybrid,quota-merge,0.98898428004256,1,1,0.5555555555555556,0.7589562526935728,0.511394594882274,1,2,0.0102,224.41920000000002,books-stripe-a=5 | books-stripe-b=5
q077,an unlikely friendship between two very different people,Torso,CrossStripe,Conceptual,Hybrid,global-rrf,0.98898428004256,1,1,0.5555555555555556,0.7589562526935728,0.511394594882274,1,2,0.0102,224.437,books-stripe-a=5 | books-stripe-b=5
q077,an unlikely friendship between two very different people,Torso,CrossStripe,Conceptual,Hybrid,minmax-norm,0.9627759101944455,0.9,0.8181818181818182,0.8333333333333334,0.7869485885547721,0.5825726651846367,1,2,0.0102,224.4619,books-stripe-a=4 | books-stripe-b=6
q077,an unlikely friendship between two very different people,Torso,CrossStripe,Conceptual,Hybrid,zscore-norm,0.9034176998806402,0.9,0.8181818181818182,0.6666666666666666,0.6648136324460319,0.5020828644000211,1,2,0.0102,224.47830000000002,books-stripe-a=4 | books-stripe-b=6
q077,an unlikely friendship between two very different people,Torso,CrossStripe,Conceptual,Hybrid,vector-similarity,0.745413917536034,0.4,0.25,0.6111111111111112,0.447027917276025,0.444196078614838,1,2,0.0102,224.4335,books-stripe-a=6 | books-stripe-b=4
q077,an unlikely friendship between two very different people,Torso,CrossStripe,Conceptual,Hybrid,hybrid-legs,0.9356459632817302,0.6,0.42857142857142855,0.7222222222222222,0.7052221258891935,0.6284973322962337,1,2,0.0102,224.4935,books-stripe-a=4 | books-stripe-b=6
q077,an unlikely friendship between two very different people,Torso,CrossStripe,Conceptual,Hybrid,idf-correct-probe,0.8335680080234541,0.3,0.17647058823529413,0.7333333333333333,0.43444078519012824,0.3692452062272236,1,2,0.0102,224.5123,books-stripe-a=5 | books-stripe-b=5
q077,an unlikely friendship between two very different people,Torso,CrossStripe,Conceptual,Hybrid,idf-correct-sidecar,0.7193528399178066,0.3,0.17647058823529413,0.6,0.33392273776944326,0.3310617536202131,1,2,0.0102,224.49120000000002,books-stripe-a=5 | books-stripe-b=5
q078,climate change and environmental collapse,Torso,CrossStripe,Mixed,Hybrid,single-index,1,1,1,1,1,0.8506038718599713,1,1,0.0047,235.1233,books-oracle=10
q078,climate change and environmental collapse,Torso,CrossStripe,Mixed,Hybrid,naive-score,0.8296685688930434,0.9,0.8181818181818182,0.24444444444444444,0.5681149078094655,0.8526426433917184,1,2,0.006783333,192.90879999999999,books-stripe-a=4 | books-stripe-b=6
q078,climate change and environmental collapse,Torso,CrossStripe,Mixed,Hybrid,interleave,0.8087493182611114,0.8,0.6666666666666666,0.06666666666666667,0.442084293878652,0.789225330206484,1,2,0.006783333,192.89419999999998,books-stripe-a=5 | books-stripe-b=5
q078,climate change and environmental collapse,Torso,CrossStripe,Mixed,Hybrid,quota-merge,0.8101701239255293,0.8,0.6666666666666666,0.15555555555555556,0.4545233854460881,0.7877205100605198,1,2,0.006783333,192.88309999999998,books-stripe-a=5 | books-stripe-b=5
q078,climate change and environmental collapse,Torso,CrossStripe,Mixed,Hybrid,global-rrf,0.8101701239255293,0.8,0.6666666666666666,0.15555555555555556,0.4545233854460881,0.7877205100605198,1,2,0.006783333,192.90179999999998,books-stripe-a=5 | books-stripe-b=5
q078,climate change and environmental collapse,Torso,CrossStripe,Mixed,Hybrid,minmax-norm,0.8354230309264413,0.9,0.8181818181818182,0.06666666666666667,0.48374104962529546,0.7877205100605198,1,2,0.006783333,192.9286,books-stripe-a=4 | books-stripe-b=6
q078,climate change and environmental collapse,Torso,CrossStripe,Mixed,Hybrid,zscore-norm,0.8354230309264413,0.9,0.8181818181818182,0.06666666666666667,0.48374104962529546,0.7877205100605198,1,2,0.006783333,192.9253,books-stripe-a=4 | books-stripe-b=6
q078,climate change and environmental collapse,Torso,CrossStripe,Mixed,Hybrid,vector-similarity,0.778688197154831,0.6,0.42857142857142855,0.3333333333333333,0.4734082103743497,0.7308987695553354,1,2,0.006783333,192.89419999999998,books-stripe-a=2 | books-stripe-b=8
q078,climate change and environmental collapse,Torso,CrossStripe,Mixed,Hybrid,hybrid-legs,0.8354517058459738,0.9,0.8181818181818182,0.5111111111111111,0.5916484197756924,0.8675582430469356,1,2,0.006783333,192.9391,books-stripe-a=4 | books-stripe-b=6
q078,climate change and environmental collapse,Torso,CrossStripe,Mixed,Hybrid,idf-correct-probe,0.7625106268574642,0.4,0.25,0.5555555555555556,0.3902020775443354,0.8836981896647146,1,2,0.006783333,192.93419999999998,books-stripe-a=5 | books-stripe-b=5
q078,climate change and environmental collapse,Torso,CrossStripe,Mixed,Hybrid,idf-correct-sidecar,0.765177246042885,0.4,0.25,0.7777777777777778,0.40852149168675533,0.8699181219331126,1,2,0.006783333,192.9269,books-stripe-a=5 | books-stripe-b=5
q079,memory and how unreliable it can be,Torso,CrossStripe,Conceptual,Hybrid,single-index,1,1,1,1,1,0.5241170110049477,1,1,0.0047,230.8777,books-oracle=10
q079,memory and how unreliable it can be,Torso,CrossStripe,Conceptual,Hybrid,naive-score,0.8291531048143427,0.8,0.6666666666666666,0.5555555555555556,0.5956835710244393,0.547525083863936,1,2,0.009616667,218.9327,books-stripe-a=7 | books-stripe-b=3
q079,memory and how unreliable it can be,Torso,CrossStripe,Conceptual,Hybrid,interleave,0.8259927091457993,0.7,0.5384615384615384,0.5111111111111111,0.5411379425023711,0.5379064381208549,1,2,0.009616667,218.9165,books-stripe-a=5 | books-stripe-b=5
q079,memory and how unreliable it can be,Torso,CrossStripe,Conceptual,Hybrid,quota-merge,0.8271371101099221,0.7,0.5384615384615384,0.5111111111111111,0.5063667251788867,0.4722693771490741,1,2,0.009616667,218.9074,books-stripe-a=5 | books-stripe-b=5
q079,memory and how unreliable it can be,Torso,CrossStripe,Conceptual,Hybrid,global-rrf,0.8271371101099221,0.7,0.5384615384615384,0.5111111111111111,0.5063667251788867,0.4722693771490741,1,2,0.009616667,218.9236,books-stripe-a=5 | books-stripe-b=5
q079,memory and how unreliable it can be,Torso,CrossStripe,Conceptual,Hybrid,minmax-norm,0.8202177951307987,0.8,0.6666666666666666,0.6111111111111112,0.5640914780144513,0.4709161045276126,1,2,0.009616667,218.9477,books-stripe-a=7 | books-stripe-b=3
q079,memory and how unreliable it can be,Torso,CrossStripe,Conceptual,Hybrid,zscore-norm,0.8102009075216382,0.8,0.6666666666666666,0.28888888888888886,0.48956917757110524,0.44626397584706096,1,2,0.009616667,218.9447,books-stripe-a=6 | books-stripe-b=4
q079,memory and how unreliable it can be,Torso,CrossStripe,Conceptual,Hybrid,vector-similarity,0.7004136420644851,0.4,0.25,-0.1111111111111111,0.2748376924372847,0.5822496500752924,1,2,0.009616667,218.9179,books-stripe-a=3 | books-stripe-b=7
q079,memory and how unreliable it can be,Torso,CrossStripe,Conceptual,Hybrid,hybrid-legs,0.9743086450629442,0.6,0.42857142857142855,0.7333333333333333,0.7346322858403117,0.6523705220404853,1,2,0.009616667,218.9583,books-stripe-a=5 | books-stripe-b=5
q079,memory and how unreliable it can be,Torso,CrossStripe,Conceptual,Hybrid,idf-correct-probe,0.7124513982433656,0.5,0.3333333333333333,0.2,0.37500575397305264,0.4357959085052778,1,2,0.009616667,218.9575,books-stripe-a=6 | books-stripe-b=4
q079,memory and how unreliable it can be,Torso,CrossStripe,Conceptual,Hybrid,idf-correct-sidecar,0.7170800024847548,0.5,0.3333333333333333,0.24444444444444444,0.3810154377824735,0.43761133620949955,1,2,0.009616667,218.9494,books-stripe-a=6 | books-stripe-b=4
q080,a doctor confronting the limits of medicine,Tail,CrossStripe,Conceptual,Hybrid,single-index,1,1,1,1,1,0.7164336653738365,1,1,0.0047,229.8007,books-oracle=10
q080,a doctor confronting the limits of medicine,Tail,CrossStripe,Conceptual,Hybrid,naive-score,0.9756733670329556,0.7,0.5384615384615384,0.6888888888888889,0.7276136067862146,0.7495270561412458,1,2,0.009033333,219.4725,books-stripe-a=3 | books-stripe-b=7
q080,a doctor confronting the limits of medicine,Tail,CrossStripe,Conceptual,Hybrid,interleave,0.72919940156796,0.5,0.3333333333333333,0.07142857142857142,0.3972574583753775,0.6539940423329219,1,2,0.009033333,219.4596,books-stripe-a=5 | books-stripe-b=5
q080,a doctor confronting the limits of medicine,Tail,CrossStripe,Conceptual,Hybrid,quota-merge,0.8486878041237012,0.5,0.3333333333333333,0.21428571428571427,0.5373544701670837,0.7187631129661906,1,2,0.009033333,219.4487,books-stripe-a=5 | books-stripe-b=5
q080,a doctor confronting the limits of medicine,Tail,CrossStripe,Conceptual,Hybrid,global-rrf,0.8486878041237012,0.5,0.3333333333333333,0.21428571428571427,0.5373544701670837,0.7187631129661906,1,2,0.009033333,219.4886,books-stripe-a=5 | books-stripe-b=5
q080,a doctor confronting the limits of medicine,Tail,CrossStripe,Conceptual,Hybrid,minmax-norm,0.8830236232279884,0.6,0.42857142857142855,0.1111111111111111,0.5270509932442409,0.7252664131618137,1,2,0.009033333,219.4933,books-stripe-a=4 | books-stripe-b=6
q080,a doctor confronting the limits of medicine,Tail,CrossStripe,Conceptual,Hybrid,zscore-norm,0.6727213708229853,0.5,0.3333333333333333,-0.14285714285714285,0.3250138254669216,0.6239480230119968,1,2,0.009033333,219.48829999999998,books-stripe-a=5 | books-stripe-b=5
q080,a doctor confronting the limits of medicine,Tail,CrossStripe,Conceptual,Hybrid,vector-similarity,0.8422877951167641,0.6,0.42857142857142855,0.6111111111111112,0.5345735969020777,0.9126822919425964,1,2,0.009033333,219.45929999999998,books-stripe-b=10
q080,a doctor confronting the limits of medicine,Tail,CrossStripe,Conceptual,Hybrid,hybrid-legs,0.9828830986089828,0.7,0.5384615384615384,0.9111111111111111,0.8079936953478314,0.772576800092181,1,2,0.009033333,219.5018,books-stripe-a=2 | books-stripe-b=8
q080,a doctor confronting the limits of medicine,Tail,CrossStripe,Conceptual,Hybrid,idf-correct-probe,0.8647328961871048,0.5,0.3333333333333333,0.5111111111111111,0.5180579479847361,0.544751919035142,1,2,0.009033333,219.5,books-stripe-a=4 | books-stripe-b=6
q080,a doctor confronting the limits of medicine,Tail,CrossStripe,Conceptual,Hybrid,idf-correct-sidecar,0.8647328961871048,0.5,0.3333333333333333,0.5111111111111111,0.5180579479847361,0.544751919035142,1,2,0.009033333,219.4916,books-stripe-a=4 | books-stripe-b=6
q081,immortality and the cost of living forever,Tail,CrossStripe,Conceptual,Hybrid,single-index,1,1,1,1,1,0.28848322303376994,1,1,0.005866667,233.0711,books-oracle=10
q081,immortality and the cost of living forever,Tail,CrossStripe,Conceptual,Hybrid,naive-score,0.9849081341998267,0.9,0.8181818181818182,0.5555555555555556,0.7527561390975535,0.2983913876042348,1,2,0.009066667,226.0781,books-stripe-a=5 | books-stripe-b=5
q081,immortality and the cost of living forever,Tail,CrossStripe,Conceptual,Hybrid,interleave,0.9881740394707234,0.9,0.8181818181818182,0.7333333333333333,0.77588330028751,0.3031124095458488,1,2,0.009066667,226.0631,books-stripe-a=5 | books-stripe-b=5
q081,immortality and the cost of living forever,Tail,CrossStripe,Conceptual,Hybrid,quota-merge,0.9866180003916605,0.9,0.8181818181818182,0.6,0.7710755532399732,0.3025250647733475,1,2,0.009066667,226.0539,books-stripe-a=5 | books-stripe-b=5
q081,immortality and the cost of living forever,Tail,CrossStripe,Conceptual,Hybrid,global-rrf,0.9866180003916605,0.9,0.8181818181818182,0.6,0.7710755532399732,0.3025250647733475,1,2,0.009066667,226.0704,books-stripe-a=5 | books-stripe-b=5
q081,immortality and the cost of living forever,Tail,CrossStripe,Conceptual,Hybrid,minmax-norm,0.9849081341998267,0.9,0.8181818181818182,0.5555555555555556,0.7527561390975535,0.2983913876042348,1,2,0.009066667,226.0934,books-stripe-a=5 | books-stripe-b=5
q081,immortality and the cost of living forever,Tail,CrossStripe,Conceptual,Hybrid,zscore-norm,0.930311619418449,0.9,0.8181818181818182,0.5111111111111111,0.6522380916768686,0.2983913876042348,1,2,0.009066667,226.0909,books-stripe-a=5 | books-stripe-b=5
q081,immortality and the cost of living forever,Tail,CrossStripe,Conceptual,Hybrid,vector-similarity,0.7455049804699034,0.3,0.17647058823529413,0.5555555555555556,0.35058970868126255,0.4603753673567083,1,2,0.009066667,226.0633,books-stripe-a=7 | books-stripe-b=3
q081,immortality and the cost of living forever,Tail,CrossStripe,Conceptual,Hybrid,hybrid-legs,0.9782285131098217,0.7,0.5384615384615384,0.8666666666666667,0.7727146980895008,0.3648007288229482,1,2,0.009066667,226.10229999999999,books-stripe-a=6 | books-stripe-b=4
q081,immortality and the cost of living forever,Tail,CrossStripe,Conceptual,Hybrid,idf-correct-probe,0.8011603440324536,0.3,0.17647058823529413,0.4666666666666667,0.3939580517240866,0.4535188075078769,1,2,0.009066667,226.10479999999998,books-stripe-a=7 | books-stripe-b=3
q081,immortality and the cost of living forever,Tail,CrossStripe,Conceptual,Hybrid,idf-correct-sidecar,0.8009848530222389,0.3,0.17647058823529413,0.4222222222222222,0.3939580517240866,0.4540806218168173,1,2,0.009066667,226.0951,books-stripe-a=7 | books-stripe-b=3
q082,twins separated at birth,Tail,CrossStripe,Lexical,Hybrid,single-index,1,1,1,1,1,0.42565186876042965,1,1,0.002316667,172.8006,books-oracle=10
q082,twins separated at birth,Tail,CrossStripe,Lexical,Hybrid,naive-score,0.9116536720378583,0.7,0.5384615384615384,0.2,0.5607268901977367,0.3734744327829802,1,2,0.0039,124.4391,books-stripe-a=6 | books-stripe-b=4
q082,twins separated at birth,Tail,CrossStripe,Lexical,Hybrid,interleave,0.8838427864384323,0.6,0.42857142857142855,0.3888888888888889,0.5779649981500508,0.42088174216330493,1,2,0.0039,124.4218,books-stripe-a=5 | books-stripe-b=5
q082,twins separated at birth,Tail,CrossStripe,Lexical,Hybrid,quota-merge,0.8116571005181651,0.6,0.42857142857142855,0.3333333333333333,0.47744695072936594,0.5256204463921966,1,2,0.0039,124.4119,books-stripe-a=5 | books-stripe-b=5
q082,twins separated at birth,Tail,CrossStripe,Lexical,Hybrid,global-rrf,0.8116571005181651,0.6,0.42857142857142855,0.3333333333333333,0.47744695072936594,0.5256204463921966,1,2,0.0039,124.4309,books-stripe-a=5 | books-stripe-b=5
q082,twins separated at birth,Tail,CrossStripe,Lexical,Hybrid,minmax-norm,0.8628540920432389,0.7,0.5384615384615384,0.3333333333333333,0.5116778135324773,0.5441111126650562,1,2,0.0039,124.4567,books-stripe-a=6 | books-stripe-b=4
q082,twins separated at birth,Tail,CrossStripe,Lexical,Hybrid,zscore-norm,0.7995132594449949,0.7,0.5384615384615384,0.28888888888888886,0.4110929216102578,0.5401721653347555,1,2,0.0039,124.4547,books-stripe-a=6 | books-stripe-b=4
q082,twins separated at birth,Tail,CrossStripe,Lexical,Hybrid,vector-similarity,0.8657400669790775,0.5,0.3333333333333333,0.3333333333333333,0.4912575033601812,0.23325372558911645,0.9,2,0.0039,124.4207,books-stripe-a=9 | books-stripe-b=1
q082,twins separated at birth,Tail,CrossStripe,Lexical,Hybrid,hybrid-legs,0.9084040918700149,0.6,0.42857142857142855,0.15555555555555556,0.5445675841267404,0.3506126950382515,0.9,2,0.0039,124.4847,books-stripe-a=8 | books-stripe-b=2
q082,twins separated at birth,Tail,CrossStripe,Lexical,Hybrid,idf-correct-probe,0.8388153759375911,0.3,0.17647058823529413,0.7333333333333333,0.4344241664920646,0.4226735110044813,1,2,0.0039,124.4622,books-stripe-a=6 | books-stripe-b=4
q082,twins separated at birth,Tail,CrossStripe,Lexical,Hybrid,idf-correct-sidecar,0.8388153759375911,0.3,0.17647058823529413,0.7333333333333333,0.4344241664920646,0.4226735110044813,1,2,0.0039,124.4528,books-stripe-a=6 | books-stripe-b=4
q083,a letter that arrives decades too late,Tail,CrossStripe,Conceptual,Hybrid,single-index,1,1,1,1,1,0.40956931504769106,1,1,0.0047,229.9298,books-oracle=10
q083,a letter that arrives decades too late,Tail,CrossStripe,Conceptual,Hybrid,naive-score,0.9490307705665807,0.8,0.6666666666666666,0.4666666666666667,0.6502650997396647,0.3121848635268841,1,2,0.00845,204.0222,books-stripe-a=3 | books-stripe-b=7
q083,a letter that arrives decades too late,Tail,CrossStripe,Conceptual,Hybrid,interleave,0.8514249732228613,0.7,0.5384615384615384,0.3333333333333333,0.4993035917665066,0.2876416776686879,1,2,0.00845,204.0045,books-stripe-a=5 | books-stripe-b=5
q083,a letter that arrives decades too late,Tail,CrossStripe,Conceptual,Hybrid,quota-merge,0.8528573866649979,0.7,0.5384615384615384,0.37777777777777777,0.5124935699490489,0.2994346161425659,1,2,0.00845,203.9959,books-stripe-a=5 | books-stripe-b=5
q083,a letter that arrives decades too late,Tail,CrossStripe,Conceptual,Hybrid,global-rrf,0.8528573866649979,0.7,0.5384615384615384,0.37777777777777777,0.5124935699490489,0.2994346161425659,1,2,0.00845,204.0121,books-stripe-a=5 | books-stripe-b=5
q083,a letter that arrives decades too late,Tail,CrossStripe,Conceptual,Hybrid,minmax-norm,0.8648108259535463,0.8,0.6666666666666666,0.4222222222222222,0.5497470523189798,0.3324740490646633,1,2,0.00845,204.0377,books-stripe-a=3 | books-stripe-b=7
q083,a letter that arrives decades too late,Tail,CrossStripe,Conceptual,Hybrid,zscore-norm,0.766923597806539,0.7,0.5384615384615384,-0.06666666666666667,0.34367579555309796,0.28675215337580934,1,2,0.00845,204.0546,books-stripe-a=5 | books-stripe-b=5
q083,a letter that arrives decades too late,Tail,CrossStripe,Conceptual,Hybrid,vector-similarity,0.931855966113491,0.7,0.5384615384615384,0.6,0.6377861069349654,0.3988563261679688,1,2,0.00845,204.0064,books-stripe-a=1 | books-stripe-b=9
q083,a letter that arrives decades too late,Tail,CrossStripe,Conceptual,Hybrid,hybrid-legs,0.9713452806975577,0.9,0.8181818181818182,0.7333333333333333,0.7344436404423501,0.4307225823908939,1,2,0.00845,204.0478,books-stripe-a=2 | books-stripe-b=8
q083,a letter that arrives decades too late,Tail,CrossStripe,Conceptual,Hybrid,idf-correct-probe,0.7461093753864344,0.6,0.42857142857142855,0.4666666666666667,0.425907150001552,0.17423680327267177,1,2,0.00845,204.0485,books-stripe-a=4 | books-stripe-b=6
q083,a letter that arrives decades too late,Tail,CrossStripe,Conceptual,Hybrid,idf-correct-sidecar,0.7461093753864344,0.6,0.42857142857142855,0.4666666666666667,0.425907150001552,0.17423680327267177,1,2,0.00845,204.0427,books-stripe-a=4 | books-stripe-b=6
q084,music and the people who devote their lives to it,Torso,CrossStripe,Conceptual,Hybrid,single-index,1,1,1,1,1,0.6153393479124377,1,1,0.006433333,243.9977,books-oracle=10
q084,music and the people who devote their lives to it,Torso,CrossStripe,Conceptual,Hybrid,naive-score,0.8722726666158608,0.9,0.8181818181818182,0.5555555555555556,0.6021319240257224,0.5186022295295357,1,2,0.009066667,218.52609999999999,books-stripe-a=3 | books-stripe-b=7
q084,music and the people who devote their lives to it,Torso,CrossStripe,Conceptual,Hybrid,interleave,0.7747826005108139,0.7,0.5384615384615384,0.14285714285714285,0.4616568945034661,0.4572771374400697,1,2,0.009066667,218.51219999999998,books-stripe-a=5 | books-stripe-b=5
q084,music and the people who devote their lives to it,Torso,CrossStripe,Conceptual,Hybrid,quota-merge,0.8749092161671842,0.7,0.5384615384615384,0.2857142857142857,0.6017539062951721,0.46388368575568545,1,2,0.009066667,218.5023,books-stripe-a=5 | books-stripe-b=5
q084,music and the people who devote their lives to it,Torso,CrossStripe,Conceptual,Hybrid,global-rrf,0.8749092161671842,0.7,0.5384615384615384,0.2857142857142857,0.6017539062951721,0.46388368575568545,1,2,0.009066667,218.5212,books-stripe-a=5 | books-stripe-b=5
q084,music and the people who devote their lives to it,Torso,CrossStripe,Conceptual,Hybrid,minmax-norm,0.9629754531366405,0.9,0.8181818181818182,0.6,0.7026499714464073,0.5186022295295357,1,2,0.009066667,218.5486,books-stripe-a=3 | books-stripe-b=7
q084,music and the people who devote their lives to it,Torso,CrossStripe,Conceptual,Hybrid,zscore-norm,0.7547968027434486,0.8,0.6666666666666666,0.1111111111111111,0.41375164076121435,0.4441760157524218,1,2,0.009066667,218.5437,books-stripe-a=4 | books-stripe-b=6
q084,music and the people who devote their lives to it,Torso,CrossStripe,Conceptual,Hybrid,vector-similarity,0.8665179766633944,0.7,0.5384615384615384,0.6,0.5860739125345628,0.5642664712383888,1,2,0.009066667,218.5128,books-stripe-a=2 | books-stripe-b=8
q084,music and the people who devote their lives to it,Torso,CrossStripe,Conceptual,Hybrid,hybrid-legs,0.8714043279118414,0.8,0.6666666666666666,0.6888888888888889,0.6110603211756421,0.572085295420729,1,2,0.009066667,218.59019999999998,books-stripe-a=3 | books-stripe-b=7
q084,music and the people who devote their lives to it,Torso,CrossStripe,Conceptual,Hybrid,idf-correct-probe,0.6475303029658186,0.3,0.17647058823529413,0.4666666666666667,0.21322522335720667,0.25866256788352104,1,2,0.009066667,218.5558,books-stripe-a=3 | books-stripe-b=7
q084,music and the people who devote their lives to it,Torso,CrossStripe,Conceptual,Hybrid,idf-correct-sidecar,0.606643003281889,0.3,0.17647058823529413,0.24444444444444444,0.1713851198691784,0.23631542254702176,1,2,0.009066667,218.5463,books-stripe-a=4 | books-stripe-b=6
q085,a trial that divides a town,Torso,CrossStripe,Conceptual,Hybrid,single-index,1,1,1,1,1,0.4097753609418617,1,1,0.005266667,227.006,books-oracle=10
q085,a trial that divides a town,Torso,CrossStripe,Conceptual,Hybrid,naive-score,0.9601474431618663,0.7,0.5384615384615384,0.5555555555555556,0.7057567051207285,0.31550502961295673,1,2,0.007366665999999999,184.4585,books-stripe-a=6 | books-stripe-b=4
q085,a trial that divides a town,Torso,CrossStripe,Conceptual,Hybrid,interleave,0.8328944550645953,0.6,0.42857142857142855,0.28888888888888886,0.48438328739800035,0.30627811582829434,1,2,0.007366665999999999,184.4426,books-stripe-a=5 | books-stripe-b=5
q085,a trial that divides a town,Torso,CrossStripe,Conceptual,Hybrid,quota-merge,0.9173349816414572,0.6,0.42857142857142855,0.37777777777777777,0.5849013348186852,0.2722179591479083,1,2,0.007366665999999999,184.43249999999998,books-stripe-a=5 | books-stripe-b=5
q085,a trial that divides a town,Torso,CrossStripe,Conceptual,Hybrid,global-rrf,0.9173349816414572,0.6,0.42857142857142855,0.37777777777777777,0.5849013348186852,0.2722179591479083,1,2,0.007366665999999999,184.44989999999999,books-stripe-a=5 | books-stripe-b=5
q085,a trial that divides a town,Torso,CrossStripe,Conceptual,Hybrid,minmax-norm,0.9496383641848074,0.7,0.5384615384615384,0.5111111111111111,0.6605235837814203,0.3237383326771037,1,2,0.007366665999999999,184.4752,books-stripe-a=6 | books-stripe-b=4
q085,a trial that divides a town,Torso,CrossStripe,Conceptual,Hybrid,zscore-norm,0.9644495841394894,0.7,0.5384615384615384,0.6444444444444445,0.7460865561068558,0.3251871615816572,1,2,0.007366665999999999,184.47119999999998,books-stripe-a=6 | books-stripe-b=4
q085,a trial that divides a town,Torso,CrossStripe,Conceptual,Hybrid,vector-similarity,0.8429297187325812,0.5,0.3333333333333333,0.4222222222222222,0.46041180068938453,0.3208348576564587,0.9,2,0.007366665999999999,184.44359999999998,books-stripe-a=3 | books-stripe-b=7
q085,a trial that divides a town,Torso,CrossStripe,Conceptual,Hybrid,hybrid-legs,0.9610680287056069,0.7,0.5384615384615384,0.7333333333333333,0.7268868941148926,0.33993550747750867,1,2,0.007366665999999999,184.48499999999999,books-stripe-a=5 | books-stripe-b=5
q085,a trial that divides a town,Torso,CrossStripe,Conceptual,Hybrid,idf-correct-probe,0.626075457608591,0.4,0.25,0.06666666666666667,0.22810839542885253,0.16940160862401873,1,2,0.007366665999999999,184.4819,books-stripe-a=7 | books-stripe-b=3
q085,a trial that divides a town,Torso,CrossStripe,Conceptual,Hybrid,idf-correct-sidecar,0.6473048519984919,0.3,0.17647058823529413,0.5111111111111111,0.23254249623305492,0.15905302978250757,1,2,0.007366665999999999,184.47289999999998,books-stripe-a=6 | books-stripe-b=4
q086,forbidden love across a social divide,Torso,CrossStripe,Conceptual,Hybrid,single-index,1,1,1,1,1,0.43033923104829064,0.9,1,0.0047,233.9301,books-oracle=10
q086,forbidden love across a social divide,Torso,CrossStripe,Conceptual,Hybrid,naive-score,0.9508984477646293,0.7,0.5384615384615384,0.4666666666666667,0.6812355196438319,0.49266452727922916,0.9,2,0.009616667,220.77040000000002,books-stripe-a=3 | books-stripe-b=7
q086,forbidden love across a social divide,Torso,CrossStripe,Conceptual,Hybrid,interleave,0.7313483822030243,0.5,0.3333333333333333,0.16666666666666666,0.3746087193987303,0.47625604617446715,0.9,2,0.009616667,220.75400000000002,books-stripe-a=5 | books-stripe-b=5
q086,forbidden love across a social divide,Torso,CrossStripe,Conceptual,Hybrid,quota-merge,0.8468004698952288,0.5,0.3333333333333333,0.2777777777777778,0.48831674500195754,0.46850605649264665,0.9,2,0.009616667,220.7442,books-stripe-a=5 | books-stripe-b=5
q086,forbidden love across a social divide,Torso,CrossStripe,Conceptual,Hybrid,global-rrf,0.8468004698952288,0.5,0.3333333333333333,0.2777777777777778,0.48831674500195754,0.46850605649264665,0.9,2,0.009616667,220.762,books-stripe-a=5 | books-stripe-b=5
q086,forbidden love across a social divide,Torso,CrossStripe,Conceptual,Hybrid,minmax-norm,0.8893904500724266,0.6,0.42857142857142855,0.3888888888888889,0.5936662939082399,0.4584997290218756,0.9,2,0.009616667,220.7842,books-stripe-a=4 | books-stripe-b=6
q086,forbidden love across a social divide,Torso,CrossStripe,Conceptual,Hybrid,zscore-norm,0.742212057106211,0.5,0.3333333333333333,0.3333333333333333,0.41613995659503605,0.4882812859965083,0.9,2,0.009616667,220.78320000000002,books-stripe-a=5 | books-stripe-b=5
q086,forbidden love across a social divide,Torso,CrossStripe,Conceptual,Hybrid,vector-similarity,0.935884535132557,0.7,0.5384615384615384,0.6888888888888889,0.6217351404474608,0.47321114227526345,0.9,2,0.009616667,220.75330000000002,books-stripe-b=10
q086,forbidden love across a social divide,Torso,CrossStripe,Conceptual,Hybrid,hybrid-legs,0.9688839106413173,0.7,0.5384615384615384,0.7333333333333333,0.7368401103372156,0.4982895437898291,0.9,2,0.009616667,220.79590000000002,books-stripe-a=2 | books-stripe-b=8
q086,forbidden love across a social divide,Torso,CrossStripe,Conceptual,Hybrid,idf-correct-probe,0.7498519406630597,0.2,0.1111111111111111,0.6111111111111112,0.3480399193047601,0.3374559731117584,0.9,2,0.009616667,220.80190000000002,books-stripe-a=4 | books-stripe-b=6
q086,forbidden love across a social divide,Torso,CrossStripe,Conceptual,Hybrid,idf-correct-sidecar,0.7960603082872184,0.3,0.17647058823529413,0.24444444444444444,0.3755658283134089,0.31852619498193296,0.9,2,0.009616667,220.79090000000002,books-stripe-a=2 | books-stripe-b=8
q087,an old man looking back on his life,Torso,CrossStripe,Conceptual,Hybrid,single-index,1,1,1,1,1,0.47102713312801325,1,1,0.005866667,243.8459,books-oracle=10
q087,an old man looking back on his life,Torso,CrossStripe,Conceptual,Hybrid,naive-score,0.7614076631480147,0.6,0.42857142857142855,0.8666666666666667,0.575767516818359,0.3081754980390581,0.9,2,0.007933333,218.7903,books-stripe-a=5 | books-stripe-b=5
q087,an old man looking back on his life,Torso,CrossStripe,Conceptual,Hybrid,interleave,0.7292161114950374,0.6,0.42857142857142855,0.8666666666666667,0.5094869071699125,0.2947615157822987,0.9,2,0.007933333,218.7764,books-stripe-a=5 | books-stripe-b=5
q087,an old man looking back on his life,Torso,CrossStripe,Conceptual,Hybrid,quota-merge,0.7928764010304197,0.6,0.42857142857142855,1,0.6308262772930391,0.37190170106798265,0.9,2,0.007933333,218.7672,books-stripe-a=5 | books-stripe-b=5
q087,an old man looking back on his life,Torso,CrossStripe,Conceptual,Hybrid,global-rrf,0.7928764010304197,0.6,0.42857142857142855,1,0.6308262772930391,0.37190170106798265,0.9,2,0.007933333,218.7835,books-stripe-a=5 | books-stripe-b=5
q087,an old man looking back on his life,Torso,CrossStripe,Conceptual,Hybrid,minmax-norm,0.8160041779293924,0.6,0.42857142857142855,1,0.6762855642390438,0.38042732774861643,0.9,2,0.007933333,218.8092,books-stripe-a=5 | books-stripe-b=5
q087,an old man looking back on his life,Torso,CrossStripe,Conceptual,Hybrid,zscore-norm,0.7583515816181002,0.6,0.42857142857142855,0.8666666666666667,0.575767516818359,0.30295122405776737,0.9,2,0.007933333,218.8047,books-stripe-a=5 | books-stripe-b=5
q087,an old man looking back on his life,Torso,CrossStripe,Conceptual,Hybrid,vector-similarity,0.7599547205812663,0.3,0.17647058823529413,0.3333333333333333,0.40478697985483364,0.6014161608573624,1,2,0.007933333,218.7745,books-stripe-a=1 | books-stripe-b=9
q087,an old man looking back on his life,Torso,CrossStripe,Conceptual,Hybrid,hybrid-legs,0.9245426568738404,0.6,0.42857142857142855,0.8333333333333334,0.7136110005077694,0.4393907565104425,1,2,0.007933333,218.81539999999998,books-stripe-a=2 | books-stripe-b=8
q087,an old man looking back on his life,Torso,CrossStripe,Conceptual,Hybrid,idf-correct-probe,0.5760882142292074,0.2,0.1111111111111111,0.6444444444444445,0.2652862055925002,0.05321374452135718,1,2,0.007933333,218.81959999999998,books-stripe-a=8 | books-stripe-b=2
q087,an old man looking back on his life,Torso,CrossStripe,Conceptual,Hybrid,idf-correct-sidecar,0.6161860004253156,0.3,0.17647058823529413,0.28888888888888886,0.2915473228461239,0.07246727462071048,1,2,0.007933333,218.8104,books-stripe-a=6 | books-stripe-b=4
q088,letters and diaries as a way of telling a story,Tail,CrossStripe,Conceptual,Hybrid,single-index,1,1,1,1,1,0.7403512043028215,1,1,0.0047,235.0248,books-oracle=10
q088,letters and diaries as a way of telling a story,Tail,CrossStripe,Conceptual,Hybrid,naive-score,0.7777005900818759,0.7,0.5384615384615384,0.24444444444444444,0.4691860430813039,0.7112102302028789,1,2,0.008483333,224.4673,books-stripe-a=5 | books-stripe-b=5
q088,letters and diaries as a way of telling a story,Tail,CrossStripe,Conceptual,Hybrid,interleave,0.7768282700995889,0.7,0.5384615384615384,0.1111111111111111,0.4567469515138677,0.7048903150439492,1,2,0.008483333,224.4546,books-stripe-a=5 | books-stripe-b=5
q088,letters and diaries as a way of telling a story,Tail,CrossStripe,Conceptual,Hybrid,quota-merge,0.7797566051588507,0.7,0.5384615384615384,0.24444444444444444,0.48237602126384616,0.7093948024986569,1,2,0.008483333,224.4452,books-stripe-a=5 | books-stripe-b=5
q088,letters and diaries as a way of telling a story,Tail,CrossStripe,Conceptual,Hybrid,global-rrf,0.7797566051588507,0.7,0.5384615384615384,0.24444444444444444,0.48237602126384616,0.7093948024986569,1,2,0.008483333,224.46189999999999,books-stripe-a=5 | books-stripe-b=5
q088,letters and diaries as a way of telling a story,Tail,CrossStripe,Conceptual,Hybrid,minmax-norm,0.7937876860814891,0.7,0.5384615384615384,0.24444444444444444,0.47718469352532106,0.8036018906330598,1,2,0.008483333,224.4852,books-stripe-a=3 | books-stripe-b=7
q088,letters and diaries as a way of telling a story,Tail,CrossStripe,Conceptual,Hybrid,zscore-norm,0.7879555980606204,0.7,0.5384615384615384,0.28888888888888886,0.4691860430813039,0.7112102302028789,1,2,0.008483333,224.4819,books-stripe-a=5 | books-stripe-b=5
q088,letters and diaries as a way of telling a story,Tail,CrossStripe,Conceptual,Hybrid,vector-similarity,0.7649455150912535,0.7,0.5384615384615384,0.3333333333333333,0.4555152686889381,0.6167306781766959,1,2,0.008483333,224.4548,books-stripe-a=3 | books-stripe-b=7
q088,letters and diaries as a way of telling a story,Tail,CrossStripe,Conceptual,Hybrid,hybrid-legs,0.7875827022292032,0.8,0.6666666666666666,0.2,0.4810789686338257,0.7440894146872506,1,2,0.008483333,224.4942,books-stripe-a=4 | books-stripe-b=6
q088,letters and diaries as a way of telling a story,Tail,CrossStripe,Conceptual,Hybrid,idf-correct-probe,0.5006273717577557,0.3,0.17647058823529413,0.4666666666666667,0.22464851182432474,0.9305687780632227,1,2,0.008483333,224.4972,books-stripe-a=5 | books-stripe-b=5
q088,letters and diaries as a way of telling a story,Tail,CrossStripe,Conceptual,Hybrid,idf-correct-sidecar,0.5470651366890898,0.4,0.25,0.15555555555555556,0.2378619162946932,0.8973910404319243,1,2,0.008483333,224.4894,books-stripe-a=7 | books-stripe-b=3
q089,the price of ambition,Torso,CrossStripe,Conceptual,Hybrid,single-index,1,1,1,1,1,0.41233625967167364,1,1,0.004133333,227.0285,books-oracle=10
q089,the price of ambition,Torso,CrossStripe,Conceptual,Hybrid,naive-score,0.93656327917836,0.9,0.8181818181818182,0.7777777777777778,0.7053533262016893,0.40089241082762195,1,2,0.0067333340000000005,194.7721,books-stripe-a=4 | books-stripe-b=6
q089,the price of ambition,Torso,CrossStripe,Conceptual,Hybrid,interleave,0.8484296045674575,0.8,0.6666666666666666,0.5555555555555556,0.562805447301845,0.36752646043406345,1,2,0.0067333340000000005,194.7552,books-stripe-a=5 | books-stripe-b=5
q089,the price of ambition,Torso,CrossStripe,Conceptual,Hybrid,quota-merge,0.8807149144074514,0.8,0.6666666666666666,0.6888888888888889,0.5836267700042868,0.40316520191760336,1,2,0.0067333340000000005,194.7454,books-stripe-a=5 | books-stripe-b=5
q089,the price of ambition,Torso,CrossStripe,Conceptual,Hybrid,global-rrf,0.8807149144074514,0.8,0.6666666666666666,0.6888888888888889,0.5836267700042868,0.40316520191760336,1,2,0.0067333340000000005,194.7628,books-stripe-a=5 | books-stripe-b=5
q089,the price of ambition,Torso,CrossStripe,Conceptual,Hybrid,minmax-norm,0.9047595530377581,0.9,0.8181818181818182,0.6888888888888889,0.6329803320587962,0.3899718968768524,1,2,0.0067333340000000005,194.7879,books-stripe-a=4 | books-stripe-b=6
q089,the price of ambition,Torso,CrossStripe,Conceptual,Hybrid,zscore-norm,0.8182782630690814,0.9,0.8181818181818182,0.37777777777777777,0.48363865864493605,0.33308887332986425,1,2,0.0067333340000000005,194.7842,books-stripe-a=4 | books-stripe-b=6
q089,the price of ambition,Torso,CrossStripe,Conceptual,Hybrid,vector-similarity,0.6688535559743946,0.4,0.25,0.28888888888888886,0.2888634342768891,0.4772886920106397,1,2,0.0067333340000000005,194.7537,books-stripe-a=6 | books-stripe-b=4
q089,the price of ambition,Torso,CrossStripe,Conceptual,Hybrid,hybrid-legs,0.9118221820879538,0.7,0.5384615384615384,0.7333333333333333,0.6489419915432239,0.4658611681938145,1,2,0.0067333340000000005,194.7952,books-stripe-a=6 | books-stripe-b=4
q089,the price of ambition,Torso,CrossStripe,Conceptual,Hybrid,idf-correct-probe,0.7369781409249349,0.4,0.25,0.4666666666666667,0.3134107909054298,0.15700207164295626,1,2,0.0067333340000000005,194.7912,books-stripe-a=2 | books-stripe-b=8
q089,the price of ambition,Torso,CrossStripe,Conceptual,Hybrid,idf-correct-sidecar,0.6816684564755661,0.3,0.17647058823529413,0.5555555555555556,0.2927844416849276,0.15700207164295626,1,2,0.0067333340000000005,194.8104,books-stripe-a=3 | books-stripe-b=7
q090,a con artist whose scheme goes wrong,Tail,CrossStripe,Conceptual,Hybrid,single-index,1,1,1,1,1,0.6612881507964358,1,1,0.005866667,234.2649,books-oracle=10
q090,a con artist whose scheme goes wrong,Tail,CrossStripe,Conceptual,Hybrid,naive-score,0.9321566236815021,0.8,0.6666666666666666,0.6111111111111112,0.6963097705499863,0.6545455309848196,1,2,0.009033333,226.399,books-stripe-a=5 | books-stripe-b=5
q090,a con artist whose scheme goes wrong,Tail,CrossStripe,Conceptual,Hybrid,interleave,0.8976029271808456,0.8,0.6666666666666666,0.7777777777777778,0.6687966831034562,0.5632797598574308,1,2,0.009033333,226.3816,books-stripe-a=5 | books-stripe-b=5
q090,a con artist whose scheme goes wrong,Tail,CrossStripe,Conceptual,Hybrid,quota-merge,0.896090004572283,0.8,0.6666666666666666,0.7777777777777778,0.6639889360559196,0.5637808746373678,1,2,0.009033333,226.37290000000002,books-stripe-a=5 | books-stripe-b=5
q090,a con artist whose scheme goes wrong,Tail,CrossStripe,Conceptual,Hybrid,global-rrf,0.896090004572283,0.8,0.6666666666666666,0.7777777777777778,0.6639889360559196,0.5637808746373678,1,2,0.009033333,226.3915,books-stripe-a=5 | books-stripe-b=5
q090,a con artist whose scheme goes wrong,Tail,CrossStripe,Conceptual,Hybrid,minmax-norm,0.8870241994078193,0.8,0.6666666666666666,0.6666666666666666,0.6188741849487503,0.567569448167943,1,2,0.009033333,226.4135,books-stripe-a=5 | books-stripe-b=5
q090,a con artist whose scheme goes wrong,Tail,CrossStripe,Conceptual,Hybrid,zscore-norm,0.8941344602769146,0.8,0.6666666666666666,0.7777777777777778,0.6635378859091414,0.5603267231439764,1,2,0.009033333,226.4108,books-stripe-a=5 | books-stripe-b=5
q090,a con artist whose scheme goes wrong,Tail,CrossStripe,Conceptual,Hybrid,vector-similarity,0.7022289193052518,0.5,0.3333333333333333,0.5111111111111111,0.3178199224865932,0.46599185701410795,1,2,0.009033333,226.3808,books-stripe-a=8 | books-stripe-b=2
q090,a con artist whose scheme goes wrong,Tail,CrossStripe,Conceptual,Hybrid,hybrid-legs,0.952433363402619,0.7,0.5384615384615384,0.6444444444444445,0.6641703102252763,0.6373317037183739,1,2,0.009033333,226.4218,books-stripe-a=5 | books-stripe-b=5
q090,a con artist whose scheme goes wrong,Tail,CrossStripe,Conceptual,Hybrid,idf-correct-probe,0.4780991700673536,0.1,0.05263157894736842,0.37777777777777777,0.08987434523375007,0.4069601230746278,1,2,0.009033333,226.4261,books-stripe-a=10
q090,a con artist whose scheme goes wrong,Tail,CrossStripe,Conceptual,Hybrid,idf-correct-sidecar,0.4780991700673536,0.1,0.05263157894736842,0.37777777777777777,0.08987434523375007,0.4069601230746278,1,2,0.009033333,226.4204,books-stripe-a=10
q091,prison,Head,CrossStripe,Lexical,Hybrid,single-index,1,1,1,1,1,0.8985196555413975,1,1,0.00175,145.7145,books-oracle=10
q091,prison,Head,CrossStripe,Lexical,Hybrid,naive-score,0.9929575167998639,0.9,0.8181818181818182,0.7333333333333333,0.7950245226470778,0.9621404437403491,1,2,0.002233333,114.5953,books-stripe-a=7 | books-stripe-b=3
q091,prison,Head,CrossStripe,Lexical,Hybrid,interleave,0.9303792640075015,0.8,0.6666666666666666,0.6,0.6622709411041244,0.9305687780632227,1,2,0.002233333,114.5778,books-stripe-a=5 | books-stripe-b=5
q091,prison,Head,CrossStripe,Lexical,Hybrid,quota-merge,0.924677349384543,0.8,0.6666666666666666,0.4666666666666667,0.6226919767331034,0.92663607790064,1,2,0.002233333,114.57169999999999,books-stripe-a=5 | books-stripe-b=5
q091,prison,Head,CrossStripe,Lexical,Hybrid,global-rrf,0.924677349384543,0.8,0.6666666666666666,0.4666666666666667,0.6226919767331034,0.92663607790064,1,2,0.002233333,114.5864,books-stripe-a=5 | books-stripe-b=5
q091,prison,Head,CrossStripe,Lexical,Hybrid,minmax-norm,0.9407282642749373,0.9,0.8181818181818182,0.7777777777777778,0.7260158675513549,0.9621404437403491,1,2,0.002233333,114.6262,books-stripe-a=7 | books-stripe-b=3
q091,prison,Head,CrossStripe,Lexical,Hybrid,zscore-norm,0.9586828883026002,0.8,0.6666666666666666,0.5111111111111111,0.6649162858663749,0.933745776545611,1,2,0.002233333,114.6087,books-stripe-a=5 | books-stripe-b=5
q091,prison,Head,CrossStripe,Lexical,Hybrid,vector-similarity,0.9329412131200528,0.6,0.42857142857142855,0.4222222222222222,0.6241840859916729,0.9552009891550426,1,2,0.002233333,114.5788,books-stripe-a=6 | books-stripe-b=4
q091,prison,Head,CrossStripe,Lexical,Hybrid,hybrid-legs,0.9997898725962474,1,1,0.9111111111111111,0.8483193241614684,0.8940707925817382,1,2,0.002233333,114.62259999999999,books-stripe-a=7 | books-stripe-b=3
q091,prison,Head,CrossStripe,Lexical,Hybrid,idf-correct-probe,0.7764684770243159,0.7,0.5384615384615384,0.2,0.4510483836089946,0.7193883824070996,1,2,0.002233333,114.61189999999999,books-stripe-a=7 | books-stripe-b=3
q091,prison,Head,CrossStripe,Lexical,Hybrid,idf-correct-sidecar,0.7923491827961349,0.8,0.6666666666666666,0.1111111111111111,0.4808259566166061,0.7193883824070996,1,2,0.002233333,114.6007,books-stripe-a=8 | books-stripe-b=2
q092,language and the way words shape thought,Tail,CrossStripe,Conceptual,Hybrid,single-index,1,1,1,1,1,0.634336605024364,1,1,0.005866667,233.7365,books-oracle=10
q092,language and the way words shape thought,Tail,CrossStripe,Conceptual,Hybrid,naive-score,0.7969149247116774,0.5,0.3333333333333333,0.6,0.582998594558476,0.7066101708358598,1,2,0.009616667,217.4098,books-stripe-a=6 | books-stripe-b=4
q092,language and the way words shape thought,Tail,CrossStripe,Conceptual,Hybrid,interleave,0.6169741040361961,0.6,0.42857142857142855,0.23809523809523808,0.40350596021505736,0.7220486030344899,1,2,0.009616667,217.3785,books-stripe-a=5 | books-stripe-b=5
q092,language and the way words shape thought,Tail,CrossStripe,Conceptual,Hybrid,quota-merge,0.6206295718733772,0.6,0.42857142857142855,0.3333333333333333,0.4166959383975997,0.719481656802216,1,2,0.009616667,217.3689,books-stripe-a=5 | books-stripe-b=5
q092,language and the way words shape thought,Tail,CrossStripe,Conceptual,Hybrid,global-rrf,0.6206295718733772,0.6,0.42857142857142855,0.3333333333333333,0.4166959383975997,0.719481656802216,1,2,0.009616667,217.3867,books-stripe-a=5 | books-stripe-b=5
q092,language and the way words shape thought,Tail,CrossStripe,Conceptual,Hybrid,minmax-norm,0.5846460705839058,0.5,0.3333333333333333,0.2,0.38634787542197413,0.67953527992122,1,2,0.009616667,217.41459999999998,books-stripe-a=6 | books-stripe-b=4
q092,language and the way words shape thought,Tail,CrossStripe,Conceptual,Hybrid,zscore-norm,0.8068243440236162,0.5,0.3333333333333333,0.7333333333333333,0.614507986883438,0.713951723177465,1,2,0.009616667,217.41029999999998,books-stripe-a=6 | books-stripe-b=4
q092,language and the way words shape thought,Tail,CrossStripe,Conceptual,Hybrid,vector-similarity,0.9181465265091895,0.6,0.42857142857142855,0.7777777777777778,0.5736310764732188,0.6742614345920848,1,2,0.009616667,217.3818,books-stripe-a=1 | books-stripe-b=9
q092,language and the way words shape thought,Tail,CrossStripe,Conceptual,Hybrid,hybrid-legs,0.9519396847345312,0.7,0.5384615384615384,0.7333333333333333,0.6765686833816072,0.6594011475645857,1,2,0.009616667,217.42419999999998,books-stripe-a=1 | books-stripe-b=9
q092,language and the way words shape thought,Tail,CrossStripe,Conceptual,Hybrid,idf-correct-probe,0.7910025400261456,0.4,0.25,0.16666666666666666,0.402766880355356,0.4170739521912071,1,2,0.009616667,217.42239999999998,books-stripe-a=4 | books-stripe-b=6
q092,language and the way words shape thought,Tail,CrossStripe,Conceptual,Hybrid,idf-correct-sidecar,0.7910025400261456,0.4,0.25,0.16666666666666666,0.402766880355356,0.4170739521912071,1,2,0.009616667,217.4133,books-stripe-a=4 | books-stripe-b=6
q093,a house that holds a family's history,Torso,CrossStripe,Conceptual,Hybrid,single-index,1,1,1,1,1,0.840409823302383,1,1,0.005866667,230.6401,books-oracle=10
q093,a house that holds a family's history,Torso,CrossStripe,Conceptual,Hybrid,naive-score,0.9641532684676737,0.7,0.5384615384615384,0.6444444444444445,0.7419007344616299,0.7745774321976443,1,2,0.008483333,220.87019999999998,books-stripe-a=4 | books-stripe-b=6
q093,a house that holds a family's history,Torso,CrossStripe,Conceptual,Hybrid,interleave,0.7949372321155105,0.6,0.42857142857142855,0.15555555555555556,0.4232768123784506,0.6899320227197011,1,2,0.008483333,220.8512,books-stripe-a=5 | books-stripe-b=5
q093,a house that holds a family's history,Torso,CrossStripe,Conceptual,Hybrid,quota-merge,0.8973494848604919,0.6,0.42857142857142855,0.24444444444444444,0.5314262043190352,0.6933029085733435,1,2,0.008483333,220.8423,books-stripe-a=5 | books-stripe-b=5
q093,a house that holds a family's history,Torso,CrossStripe,Conceptual,Hybrid,global-rrf,0.8973494848604919,0.6,0.42857142857142855,0.24444444444444444,0.5314262043190352,0.6933029085733435,1,2,0.008483333,220.8592,books-stripe-a=5 | books-stripe-b=5
q093,a house that holds a family's history,Torso,CrossStripe,Conceptual,Hybrid,minmax-norm,0.9230382052173645,0.6,0.42857142857142855,0.5111111111111111,0.6179656783145677,0.7214837128497756,1,2,0.008483333,220.8841,books-stripe-a=5 | books-stripe-b=5
q093,a house that holds a family's history,Torso,CrossStripe,Conceptual,Hybrid,zscore-norm,0.799804792099244,0.5,0.3333333333333333,0.5111111111111111,0.4676295556880941,0.7314917272026656,1,2,0.008483333,220.88049999999998,books-stripe-a=6 | books-stripe-b=4
q093,a house that holds a family's history,Torso,CrossStripe,Conceptual,Hybrid,vector-similarity,0.8109692450216452,0.6,0.42857142857142855,0.1111111111111111,0.5099601649840667,0.543078349904302,1,2,0.008483333,220.8544,books-stripe-a=2 | books-stripe-b=8
q093,a house that holds a family's history,Torso,CrossStripe,Conceptual,Hybrid,hybrid-legs,0.9909520967305074,0.8,0.6666666666666666,0.7777777777777778,0.8014556895446796,0.8107183745433251,1,2,0.008483333,220.8955,books-stripe-a=2 | books-stripe-b=8
q093,a house that holds a family's history,Torso,CrossStripe,Conceptual,Hybrid,idf-correct-probe,0.890603418286202,0.5,0.3333333333333333,0.6666666666666666,0.6312713033447764,0.6588503213228147,1,2,0.008483333,220.92249999999999,books-stripe-a=3 | books-stripe-b=7
q093,a house that holds a family's history,Torso,CrossStripe,Conceptual,Hybrid,idf-correct-sidecar,0.9334941552433925,0.6,0.42857142857142855,0.7333333333333333,0.6691453208728511,0.6881527023696639,1,2,0.008483333,220.8884,books-stripe-a=1 | books-stripe-b=9
q094,surveillance and the loss of privacy,Torso,CrossStripe,Mixed,Hybrid,single-index,1,1,1,1,1,0.9224654597764764,1,1,0.0053,231.3287,books-oracle=10
q094,surveillance and the loss of privacy,Torso,CrossStripe,Mixed,Hybrid,naive-score,0.986882540759947,0.8,0.6666666666666666,0.8222222222222222,0.7822919448562243,0.8985652828545566,1,2,0.0056833330000000005,172.2992,books-stripe-a=6 | books-stripe-b=4
q094,surveillance and the loss of privacy,Torso,CrossStripe,Mixed,Hybrid,interleave,0.913202090888498,0.7,0.5384615384615384,0.6444444444444445,0.5982670849808707,0.8241045999222906,1,2,0.0056833330000000005,172.28320000000002,books-stripe-a=5 | books-stripe-b=5
q094,surveillance and the loss of privacy,Torso,CrossStripe,Mixed,Hybrid,quota-merge,0.9079479606662749,0.7,0.5384615384615384,0.5111111111111111,0.5858279934134345,0.8131287875436362,1,2,0.0056833330000000005,172.2742,books-stripe-a=5 | books-stripe-b=5
q094,surveillance and the loss of privacy,Torso,CrossStripe,Mixed,Hybrid,global-rrf,0.9079479606662749,0.7,0.5384615384615384,0.5111111111111111,0.5858279934134345,0.8131287875436362,1,2,0.0056833330000000005,172.2928,books-stripe-a=5 | books-stripe-b=5
q094,surveillance and the loss of privacy,Torso,CrossStripe,Mixed,Hybrid,minmax-norm,0.9322860259785694,0.8,0.6666666666666666,0.7777777777777778,0.6817738974355394,0.8985652828545566,1,2,0.0056833330000000005,172.31980000000001,books-stripe-a=6 | books-stripe-b=4
q094,surveillance and the loss of privacy,Torso,CrossStripe,Mixed,Hybrid,zscore-norm,0.9853224749331808,0.8,0.6666666666666666,0.7333333333333333,0.7592094830367753,0.8918343139732646,1,2,0.0056833330000000005,172.31570000000002,books-stripe-a=6 | books-stripe-b=4
q094,surveillance and the loss of privacy,Torso,CrossStripe,Mixed,Hybrid,vector-similarity,0.8577023686845316,0.5,0.3333333333333333,0.5111111111111111,0.4654548004585304,0.692918801595373,1,2,0.0056833330000000005,172.28150000000002,books-stripe-a=5 | books-stripe-b=5
q094,surveillance and the loss of privacy,Torso,CrossStripe,Mixed,Hybrid,hybrid-legs,0.9842967860956892,0.8,0.6666666666666666,0.7333333333333333,0.7804395875025989,0.8886785614399936,1,2,0.0056833330000000005,172.32500000000002,books-stripe-a=7 | books-stripe-b=3
q094,surveillance and the loss of privacy,Torso,CrossStripe,Mixed,Hybrid,idf-correct-probe,0.7669828234639288,0.2,0.1111111111111111,0.37777777777777777,0.32517336052166673,0.5135089207924552,1,2,0.0056833330000000005,172.32510000000002,books-stripe-a=6 | books-stripe-b=4
q094,surveillance and the loss of privacy,Torso,CrossStripe,Mixed,Hybrid,idf-correct-sidecar,0.7669828234639288,0.2,0.1111111111111111,0.37777777777777777,0.32517336052166673,0.5135089207924552,1,2,0.0056833330000000005,172.3152,books-stripe-a=6 | books-stripe-b=4
q095,sisters,Head,CrossStripe,Lexical,Hybrid,single-index,1,1,1,1,1,0.8030568587713032,0.9,1,0.002883333,154.9262,books-oracle=10
q095,sisters,Head,CrossStripe,Lexical,Hybrid,naive-score,0.9302273768008846,0.9,0.8181818181818182,0.8666666666666667,0.7131931952929303,0.8153146393406336,0.9,2,0.00165,117.46770000000001,books-stripe-a=4 | books-stripe-b=6
q095,sisters,Head,CrossStripe,Lexical,Hybrid,interleave,0.9167988630620854,0.8,0.6666666666666666,0.5555555555555556,0.6143097455980978,0.8734958500015968,0.9,2,0.00165,117.44900000000001,books-stripe-a=5 | books-stripe-b=5
q095,sisters,Head,CrossStripe,Lexical,Hybrid,quota-merge,0.9186767374427128,0.8,0.6666666666666666,0.6444444444444445,0.6323074708281768,0.8708624147461594,0.9,2,0.00165,117.44080000000001,books-stripe-a=5 | books-stripe-b=5
q095,sisters,Head,CrossStripe,Lexical,Hybrid,global-rrf,0.9186767374427128,0.8,0.6666666666666666,0.6444444444444445,0.6323074708281768,0.8708624147461594,0.9,2,0.00165,117.45700000000001,books-stripe-a=5 | books-stripe-b=5
q095,sisters,Head,CrossStripe,Lexical,Hybrid,minmax-norm,0.929267362808118,0.9,0.8181818181818182,0.9111111111111111,0.7100069702041537,0.8698467435111636,0.9,2,0.00165,117.4813,books-stripe-a=3 | books-stripe-b=7
q095,sisters,Head,CrossStripe,Lexical,Hybrid,zscore-norm,0.9296181162967466,0.9,0.8181818181818182,0.7777777777777778,0.7033007116560236,0.8192473395032164,0.9,2,0.00165,117.47840000000001,books-stripe-a=4 | books-stripe-b=6
q095,sisters,Head,CrossStripe,Lexical,Hybrid,vector-similarity,0.9101611380551412,0.6,0.42857142857142855,0.6888888888888889,0.6410320517688948,0.657780269585161,0.8,2,0.00165,117.45150000000001,books-stripe-a=4 | books-stripe-b=6
q095,sisters,Head,CrossStripe,Lexical,Hybrid,hybrid-legs,0.9851534011567502,0.9,0.8181818181818182,1,0.8137112427136154,0.8153146393406336,0.9,2,0.00165,117.4911,books-stripe-a=4 | books-stripe-b=6
q095,sisters,Head,CrossStripe,Lexical,Hybrid,idf-correct-probe,0.8204806062357182,0.6,0.42857142857142855,0.28888888888888886,0.4674546498330453,0.9035456546298357,1,2,0.00165,117.48400000000001,books-stripe-a=7 | books-stripe-b=3
q095,sisters,Head,CrossStripe,Lexical,Hybrid,idf-correct-sidecar,0.9521529455028092,0.7,0.5384615384615384,0.6444444444444445,0.6928412100208484,0.8823980944266984,1,2,0.00165,117.4735,books-stripe-a=5 | books-stripe-b=5
q096,a mentor who turns out to be wrong about everything,Tail,CrossStripe,Conceptual,Hybrid,single-index,1,1,1,1,1,0.1006876594140106,1,1,0.005866667,244.1107,books-oracle=10
q096,a mentor who turns out to be wrong about everything,Tail,CrossStripe,Conceptual,Hybrid,naive-score,0.9399717715200058,0.8,0.6666666666666666,0.7777777777777778,0.7531632367216342,0.09653121191524808,1,2,0.007933333,224.46820000000002,books-stripe-a=6 | books-stripe-b=4
q096,a mentor who turns out to be wrong about everything,Tail,CrossStripe,Conceptual,Hybrid,interleave,0.8833352841779373,0.7,0.5384615384615384,0.8888888888888888,0.6703223148733991,0.13569199092996131,1,2,0.007933333,224.449,books-stripe-a=5 | books-stripe-b=5
q096,a mentor who turns out to be wrong about everything,Tail,CrossStripe,Conceptual,Hybrid,quota-merge,0.8812989124276944,0.7,0.5384615384615384,0.8333333333333334,0.6299924638872718,0.1422669472330171,1,2,0.007933333,224.4386,books-stripe-a=5 | books-stripe-b=5
q096,a mentor who turns out to be wrong about everything,Tail,CrossStripe,Conceptual,Hybrid,global-rrf,0.8812989124276944,0.7,0.5384615384615384,0.8333333333333334,0.6299924638872718,0.1422669472330171,1,2,0.007933333,224.45630000000003,books-stripe-a=5 | books-stripe-b=5
q096,a mentor who turns out to be wrong about everything,Tail,CrossStripe,Conceptual,Hybrid,minmax-norm,0.8853752567386279,0.8,0.6666666666666666,0.7222222222222222,0.6526451893009493,0.1315355434311988,1,2,0.007933333,224.4812,books-stripe-a=6 | books-stripe-b=4
q096,a mentor who turns out to be wrong about everything,Tail,CrossStripe,Conceptual,Hybrid,zscore-norm,0.937069463952177,0.7,0.5384615384615384,0.8888888888888888,0.7648306784846632,0.1006876594140106,1,2,0.007933333,224.4761,books-stripe-a=5 | books-stripe-b=5
q096,a mentor who turns out to be wrong about everything,Tail,CrossStripe,Conceptual,Hybrid,vector-similarity,0.6949655059578127,0.5,0.3333333333333333,0.6,0.3371755537557691,0.15249853784949555,1,2,0.007933333,224.44490000000002,books-stripe-a=1 | books-stripe-b=9
q096,a mentor who turns out to be wrong about everything,Tail,CrossStripe,Conceptual,Hybrid,hybrid-legs,0.9241652837458919,0.6,0.42857142857142855,0.6444444444444445,0.6198630169170919,0.09653121191524808,1,2,0.007933333,224.48530000000002,books-stripe-a=3 | books-stripe-b=7
q096,a mentor who turns out to be wrong about everything,Tail,CrossStripe,Conceptual,Hybrid,idf-correct-probe,0.644623290859407,0.5,0.3333333333333333,0.06666666666666667,0.2197675646015328,0.05596732593424747,1,2,0.007933333,224.49360000000001,books-stripe-a=6 | books-stripe-b=4
q096,a mentor who turns out to be wrong about everything,Tail,CrossStripe,Conceptual,Hybrid,idf-correct-sidecar,0.6411705174127031,0.5,0.3333333333333333,0.022222222222222223,0.2225911620738956,0.060165956168681346,1,2,0.007933333,224.48520000000002,books-stripe-a=6 | books-stripe-b=4
q097,winter cold and isolation in a remote place,Torso,CrossStripe,Conceptual,Hybrid,single-index,1,1,1,1,1,1,1,1,0.005866667,230.6875,books-oracle=10
q097,winter cold and isolation in a remote place,Torso,CrossStripe,Conceptual,Hybrid,naive-score,0.9755406310306086,0.7,0.5384615384615384,0.6888888888888889,0.7330621414117364,0.9404875240541909,1,2,0.007916666,210.4298,books-stripe-a=5 | books-stripe-b=5
q097,winter cold and isolation in a remote place,Torso,CrossStripe,Conceptual,Hybrid,interleave,0.9505797116141325,0.7,0.5384615384615384,0.5111111111111111,0.6324772494895168,0.9404875240541909,1,2,0.007916666,210.4128,books-stripe-a=5 | books-stripe-b=5
q097,winter cold and isolation in a remote place,Torso,CrossStripe,Conceptual,Hybrid,quota-merge,0.9477574766019297,0.7,0.5384615384615384,0.4666666666666667,0.6192872713069745,0.9404875240541909,1,2,0.007916666,210.4054,books-stripe-a=5 | books-stripe-b=5
q097,winter cold and isolation in a remote place,Torso,CrossStripe,Conceptual,Hybrid,global-rrf,0.9477574766019297,0.7,0.5384615384615384,0.4666666666666667,0.6192872713069745,0.9404875240541909,1,2,0.007916666,210.4206,books-stripe-a=5 | books-stripe-b=5
q097,winter cold and isolation in a remote place,Torso,CrossStripe,Conceptual,Hybrid,minmax-norm,0.8965217110805275,0.5,0.3333333333333333,0.6444444444444445,0.5385553909629718,0.8825845340300185,1,2,0.007916666,210.44389999999999,books-stripe-a=3 | books-stripe-b=7
q097,winter cold and isolation in a remote place,Torso,CrossStripe,Conceptual,Hybrid,zscore-norm,0.9755406310306086,0.7,0.5384615384615384,0.6888888888888889,0.7330621414117364,0.9404875240541909,1,2,0.007916666,210.4528,books-stripe-a=5 | books-stripe-b=5
q097,winter cold and isolation in a remote place,Torso,CrossStripe,Conceptual,Hybrid,vector-similarity,0.7568080428194409,0.5,0.3333333333333333,-0.06666666666666667,0.33688782344511065,1,1,2,0.007916666,210.4178,books-stripe-a=7 | books-stripe-b=3
q097,winter cold and isolation in a remote place,Torso,CrossStripe,Conceptual,Hybrid,hybrid-legs,0.9622619274428605,0.7,0.5384615384615384,0.7333333333333333,0.7329029097125741,1,1,2,0.007916666,210.4574,books-stripe-a=6 | books-stripe-b=4
q097,winter cold and isolation in a remote place,Torso,CrossStripe,Conceptual,Hybrid,idf-correct-probe,0.8665067072311053,0.6,0.42857142857142855,0.4222222222222222,0.536368972163281,0.7816871066439105,1,2,0.007916666,210.4837,books-stripe-a=8 | books-stripe-b=2
q097,winter cold and isolation in a remote place,Torso,CrossStripe,Conceptual,Hybrid,idf-correct-sidecar,0.8665067072311053,0.6,0.42857142857142855,0.4222222222222222,0.536368972163281,0.7816871066439105,1,2,0.007916666,210.449,books-stripe-a=8 | books-stripe-b=2
q098,money and what people will do for it,Torso,CrossStripe,Conceptual,Hybrid,single-index,1,1,1,1,1,0.5284944345176634,1,1,0.005866667,233.9932,books-oracle=10
q098,money and what people will do for it,Torso,CrossStripe,Conceptual,Hybrid,naive-score,0.846680637996888,0.7,0.5384615384615384,0.1111111111111111,0.5340975798395278,0.7010011590319568,1,2,0.011283333999999999,218.49960000000002,books-stripe-a=4 | books-stripe-b=6
q098,money and what people will do for it,Torso,CrossStripe,Conceptual,Hybrid,interleave,0.6782881583266722,0.6,0.42857142857142855,0,0.3836120835026597,0.7696030935648468,1,2,0.011283333999999999,218.4853,books-stripe-a=5 | books-stripe-b=5
q098,money and what people will do for it,Torso,CrossStripe,Conceptual,Hybrid,quota-merge,0.679886775394049,0.6,0.42857142857142855,0,0.3884198305501963,0.7669292473020309,1,2,0.011283333999999999,218.4762,books-stripe-a=5 | books-stripe-b=5
q098,money and what people will do for it,Torso,CrossStripe,Conceptual,Hybrid,global-rrf,0.679886775394049,0.6,0.42857142857142855,0,0.3884198305501963,0.7669292473020309,1,2,0.011283333999999999,218.4918,books-stripe-a=5 | books-stripe-b=5
q098,money and what people will do for it,Torso,CrossStripe,Conceptual,Hybrid,minmax-norm,0.7211577550362054,0.7,0.5384615384615384,0,0.41275820971640087,0.7023321753170906,1,2,0.011283333999999999,218.5157,books-stripe-a=4 | books-stripe-b=6
q098,money and what people will do for it,Torso,CrossStripe,Conceptual,Hybrid,zscore-norm,0.6759382273705632,0.6,0.42857142857142855,0,0.3785273469132896,0.7686331142139137,1,2,0.011283333999999999,218.5131,books-stripe-a=5 | books-stripe-b=5
q098,money and what people will do for it,Torso,CrossStripe,Conceptual,Hybrid,vector-similarity,0.8717423522016123,0.5,0.3333333333333333,0.1111111111111111,0.5133679916419159,0.5292514638885699,1,2,0.011283333999999999,218.4832,books-stripe-a=1 | books-stripe-b=9
q098,money and what people will do for it,Torso,CrossStripe,Conceptual,Hybrid,hybrid-legs,0.9217999660259385,0.6,0.42857142857142855,0.4666666666666667,0.6245260866558539,0.6297387758001571,1,2,0.011283333999999999,218.5256,books-stripe-a=2 | books-stripe-b=8
q098,money and what people will do for it,Torso,CrossStripe,Conceptual,Hybrid,idf-correct-probe,0.5197133290834534,0.1,0.05263157894736842,0.5111111111111111,0.08773186684505441,0.1516781209197026,0.9,2,0.011283333999999999,218.5273,books-stripe-a=5 | books-stripe-b=5
q098,money and what people will do for it,Torso,CrossStripe,Conceptual,Hybrid,idf-correct-sidecar,0.5008659425730397,0.1,0.05263157894736842,0.3333333333333333,0.06419835487882743,0.13890552928867367,0.9,2,0.011283333999999999,218.5157,books-stripe-a=5 | books-stripe-b=5
q099,a rebellion against an unjust authority,Torso,CrossStripe,Conceptual,Hybrid,single-index,1,1,1,1,1,0.918752830540385,1,1,0.005266667,234.4035,books-oracle=10
q099,a rebellion against an unjust authority,Torso,CrossStripe,Conceptual,Hybrid,naive-score,0.9543050596002727,0.9,0.8181818181818182,0.7222222222222222,0.7424306842834568,0.8760121493430877,1,2,0.009616667,225.8531,books-stripe-a=5 | books-stripe-b=5
q099,a rebellion against an unjust authority,Torso,CrossStripe,Conceptual,Hybrid,interleave,0.8723896145389364,0.9,0.8181818181818182,0.5555555555555556,0.6071414195392875,0.8760121493430877,1,2,0.009616667,225.8355,books-stripe-a=5 | books-stripe-b=5
q099,a rebellion against an unjust authority,Torso,CrossStripe,Conceptual,Hybrid,quota-merge,0.9472099024427431,0.9,0.8181818181818182,0.7222222222222222,0.7152908114798718,0.8702308504891342,1,2,0.009616667,225.8274,books-stripe-a=5 | books-stripe-b=5
q099,a rebellion against an unjust authority,Torso,CrossStripe,Conceptual,Hybrid,global-rrf,0.9472099024427431,0.9,0.8181818181818182,0.7222222222222222,0.7152908114798718,0.8702308504891342,1,2,0.009616667,225.8432,books-stripe-a=5 | books-stripe-b=5
q099,a rebellion against an unjust authority,Torso,CrossStripe,Conceptual,Hybrid,minmax-norm,0.9543050596002727,0.9,0.8181818181818182,0.7222222222222222,0.7424306842834568,0.8760121493430877,1,2,0.009616667,225.868,books-stripe-a=5 | books-stripe-b=5
q099,a rebellion against an unjust authority,Torso,CrossStripe,Conceptual,Hybrid,zscore-norm,0.8803401229659827,0.9,0.8181818181818182,0.6666666666666666,0.6419126368627719,0.8760121493430877,1,2,0.009616667,225.865,books-stripe-a=5 | books-stripe-b=5
q099,a rebellion against an unjust authority,Torso,CrossStripe,Conceptual,Hybrid,vector-similarity,0.9137889799952749,0.6,0.42857142857142855,0.3333333333333333,0.560379826446746,0.9371166382005486,1,2,0.009616667,225.83540000000002,books-stripe-a=2 | books-stripe-b=8
q099,a rebellion against an unjust authority,Torso,CrossStripe,Conceptual,Hybrid,hybrid-legs,0.9888576825290758,0.8,0.6666666666666666,0.7333333333333333,0.7796730088662528,0.9270201848786105,1,2,0.009616667,225.8769,books-stripe-a=4 | books-stripe-b=6
q099,a rebellion against an unjust authority,Torso,CrossStripe,Conceptual,Hybrid,idf-correct-probe,0.7798616700256051,0.5,0.3333333333333333,0.5111111111111111,0.37734802952241614,0.6808433386912794,1,2,0.009616667,225.90640000000002,books-stripe-a=5 | books-stripe-b=5
q099,a rebellion against an unjust authority,Torso,CrossStripe,Conceptual,Hybrid,idf-correct-sidecar,0.7780202449194012,0.5,0.3333333333333333,0.5111111111111111,0.37629095750642677,0.6899320227197011,1,2,0.009616667,225.87050000000002,books-stripe-a=4 | books-stripe-b=6
q100,the moment everything changed,Torso,CrossStripe,Conceptual,Hybrid,single-index,1,1,1,1,1,0.8701249883466593,1,1,0.005866667,229.4007,books-oracle=10
q100,the moment everything changed,Torso,CrossStripe,Conceptual,Hybrid,naive-score,0.9156760614514123,0.8,0.6666666666666666,0.6,0.6654851155575496,0.793584067764911,1,2,0.0056500000000000005,179.474,books-stripe-a=6 | books-stripe-b=4
q100,the moment everything changed,Torso,CrossStripe,Conceptual,Hybrid,interleave,0.9138989241786895,0.8,0.6666666666666666,0.6,0.6480953269428846,0.8553475075669357,1,2,0.0056500000000000005,179.4564,books-stripe-a=5 | books-stripe-b=5
q100,the moment everything changed,Torso,CrossStripe,Conceptual,Hybrid,quota-merge,0.9121426134255758,0.8,0.6666666666666666,0.5111111111111111,0.6349053487603423,0.84860265890399,1,2,0.0056500000000000005,179.4466,books-stripe-a=5 | books-stripe-b=5
q100,the moment everything changed,Torso,CrossStripe,Conceptual,Hybrid,global-rrf,0.9121426134255758,0.8,0.6666666666666666,0.5111111111111111,0.6349053487603423,0.84860265890399,1,2,0.0056500000000000005,179.4642,books-stripe-a=5 | books-stripe-b=5
q100,the moment everything changed,Torso,CrossStripe,Conceptual,Hybrid,minmax-norm,0.9156760614514123,0.8,0.6666666666666666,0.6,0.6654851155575496,0.793584067764911,1,2,0.0056500000000000005,179.4886,books-stripe-a=6 | books-stripe-b=4
q100,the moment everything changed,Torso,CrossStripe,Conceptual,Hybrid,zscore-norm,0.9615643404039994,0.8,0.6666666666666666,0.5555555555555556,0.7253563013874704,0.8572048559638628,1,2,0.0056500000000000005,179.4855,books-stripe-a=5 | books-stripe-b=5
q100,the moment everything changed,Torso,CrossStripe,Conceptual,Hybrid,vector-similarity,0.7701076912363097,0.5,0.3333333333333333,0.37777777777777777,0.3983763838008073,0.8415908474314976,1,2,0.0056500000000000005,179.4556,books-stripe-a=6 | books-stripe-b=4
q100,the moment everything changed,Torso,CrossStripe,Conceptual,Hybrid,hybrid-legs,0.9621500603401717,0.8,0.6666666666666666,0.6444444444444445,0.7269622837471763,0.8701249883466593,1,2,0.0056500000000000005,179.49699999999999,books-stripe-a=6 | books-stripe-b=4
q100,the moment everything changed,Torso,CrossStripe,Conceptual,Hybrid,idf-correct-probe,0.804331761449267,0.3,0.17647058823529413,0.6111111111111112,0.43519687768784254,0.8611375561264454,1,2,0.0056500000000000005,179.495,books-stripe-a=2 | books-stripe-b=8
q100,the moment everything changed,Torso,CrossStripe,Conceptual,Hybrid,idf-correct-sidecar,0.8115786951785752,0.3,0.17647058823529413,0.6666666666666666,0.477248484366545,0.8611375561264454,1,2,0.0056500000000000005,179.4872,books-stripe-a=3 | books-stripe-b=7
