queryId,query,shape,span,intent,mode,strategy,ndcg,recall,jaccard,kendallTau,rbo,judgedNdcg,judgedCoverage,queries,computeUnits,latencyMs,stripeMix
q001,dragons and ancient magic,Torso,StripeLocal,Lexical,Keyword,single-index,1,1,1,1,1,0.8992570819408976,1,1,0.000733333,118.2402,books-oracle2=10
q001,dragons and ancient magic,Torso,StripeLocal,Lexical,Keyword,naive-score,0.553471989476528,0.4,0.25,0.3333333333333333,0.2904978969296968,0.8318900084959158,1,2,0.000416667,126.337,books-t2016-a=10
q001,dragons and ancient magic,Torso,StripeLocal,Lexical,Keyword,interleave,0.7928464332388696,0.7,0.5384615384615384,1,0.565706061685704,0.6334188186076893,0.7,2,0.000416667,123.9725,books-t2016-a=7 | books-t2016-b=3
q001,dragons and ancient magic,Torso,StripeLocal,Lexical,Keyword,quota-merge,0.8982658901806848,0.9,0.8181818181818182,1,0.7025747303706025,0.7652703440669496,0.9,2,0.000416667,124.8931,books-t2016-a=9 | books-t2016-b=1
q001,dragons and ancient magic,Torso,StripeLocal,Lexical,Keyword,global-rrf,0.7867047803348189,0.7,0.5384615384615384,1,0.5525160835031617,0.6266739699447436,0.7,2,0.000416667,123.8271,books-t2016-a=7 | books-t2016-b=3
q001,dragons and ancient magic,Torso,StripeLocal,Lexical,Keyword,minmax-norm,0.4760933211036122,0.4,0.25,0.2222222222222222,0.2748384586531583,0.7024492689442777,0.9,2,0.000416667,125.4152,books-t2016-a=9 | books-t2016-b=1
q001,dragons and ancient magic,Torso,StripeLocal,Lexical,Keyword,zscore-norm,0.502332799956674,0.4,0.25,0.2222222222222222,0.2748384586531583,0.7312658296687922,0.9,2,0.000416667,125.6513,books-t2016-a=9 | books-t2016-b=1
q001,dragons and ancient magic,Torso,StripeLocal,Lexical,Keyword,idf-correct-probe,0.553471989476528,0.4,0.25,0.3333333333333333,0.2904978969296968,0.8318900084959158,1,10,0.002000001,499.2689,books-t2016-a=10
q001,dragons and ancient magic,Torso,StripeLocal,Lexical,Keyword,semantic-score,1,1,1,1,0.8591367550184259,0.8992570819408976,1,2,0.000416667,123.864,books-t2016-a=10
q001,dragons and ancient magic,Torso,StripeLocal,Lexical,Keyword,semantic-rerank,1,1,1,1,0.8591367550184259,0.8992570819408976,1,4,0.0009333330000000001,243.1834,books-t2016-a=10
q001,dragons and ancient magic,Torso,StripeLocal,Lexical,Keyword,idf-correct-sidecar,0.553471989476528,0.4,0.25,0.3333333333333333,0.2904978969296968,0.8318900084959158,1,2,0.000416667,124.4393,books-t2016-a=10
q002,a young wizard learning to control his powers at a school of magic,Torso,StripeLocal,Conceptual,Keyword,single-index,1,1,1,1,1,0.6410626846301555,1,1,0.000883333,129.1502,books-oracle2=10
q002,a young wizard learning to control his powers at a school of magic,Torso,StripeLocal,Conceptual,Keyword,naive-score,0.6804029903122125,0.6,0.42857142857142855,0.28888888888888886,0.3606008166373412,0.46160179656604383,1,2,0.000533333,125.9251,books-t2016-a=10
q002,a young wizard learning to control his powers at a school of magic,Torso,StripeLocal,Conceptual,Keyword,interleave,0.7090081386375826,0.5,0.3333333333333333,1,0.5062118724963371,0.45009330964340455,0.5,2,0.000533333,125.8907,books-t2016-a=5 | books-t2016-b=5
q002,a young wizard learning to control his powers at a school of magic,Torso,StripeLocal,Conceptual,Keyword,quota-merge,0.8982658901806848,0.9,0.8181818181818182,1,0.7025747303706025,0.535721199922737,0.9,2,0.000533333,125.8838,books-t2016-a=9 | books-t2016-b=1
q002,a young wizard learning to control his powers at a school of magic,Torso,StripeLocal,Conceptual,Keyword,global-rrf,0.6914770867050193,0.5,0.3333333333333333,1,0.4790719996927523,0.44355437302362344,0.5,2,0.000533333,125.9007,books-t2016-a=5 | books-t2016-b=5
q002,a young wizard learning to control his powers at a school of magic,Torso,StripeLocal,Conceptual,Keyword,minmax-norm,0.4265570362152637,0.4,0.25,0.2,0.2656464441086313,0.2540726131859431,0.5,2,0.000533333,125.9475,books-t2016-a=5 | books-t2016-b=5
q002,a young wizard learning to control his powers at a school of magic,Torso,StripeLocal,Conceptual,Keyword,zscore-norm,0.44697836848905903,0.4,0.25,0.2,0.2732777886285308,0.2638669173837605,0.5,2,0.000533333,125.9364,books-t2016-a=5 | books-t2016-b=5
q002,a young wizard learning to control his powers at a school of magic,Torso,StripeLocal,Conceptual,Keyword,idf-correct-probe,0.6804029903122125,0.6,0.42857142857142855,0.28888888888888886,0.3606008166373412,0.46160179656604383,1,14,0.003266667,679.8063999999999,books-t2016-a=10
q002,a young wizard learning to control his powers at a school of magic,Torso,StripeLocal,Conceptual,Keyword,semantic-score,1,1,1,1,0.8591367550184259,0.6410626846301555,1,2,0.000533333,125.9031,books-t2016-a=10
q002,a young wizard learning to control his powers at a school of magic,Torso,StripeLocal,Conceptual,Keyword,semantic-rerank,1,1,1,1,0.8591367550184259,0.6410626846301555,1,4,0.001216666,223.1406,books-t2016-a=10
q002,a young wizard learning to control his powers at a school of magic,Torso,StripeLocal,Conceptual,Keyword,idf-correct-sidecar,0.6804029903122125,0.6,0.42857142857142855,0.28888888888888886,0.3606008166373412,0.46160179656604383,1,2,0.000533333,126.0006,books-t2016-a=10
q003,epic fantasy quest to destroy an artifact,Torso,StripeLocal,Mixed,Keyword,single-index,1,1,1,1,1,0.5921767482452864,1,1,0.000833333,117.828,books-oracle2=10
q003,epic fantasy quest to destroy an artifact,Torso,StripeLocal,Mixed,Keyword,naive-score,0.48326541719774435,0.2,0.1111111111111111,0.06666666666666667,0.14479910451120312,0.3210658759558149,1,2,0.0005166670000000001,107.89,books-t2016-a=10
q003,epic fantasy quest to destroy an artifact,Torso,StripeLocal,Mixed,Keyword,interleave,0.7090081386375826,0.5,0.3333333333333333,1,0.5062118724963371,0.4290049652415975,0.5,2,0.0005166670000000001,107.86470000000001,books-t2016-a=5 | books-t2016-b=5
q003,epic fantasy quest to destroy an artifact,Torso,StripeLocal,Mixed,Keyword,quota-merge,0.7503360169121053,0.9,0.8181818181818182,1,0.6020566829499175,0.46242645594608695,0.9,2,0.0005166670000000001,107.8533,books-t2016-a=9 | books-t2016-b=1
q003,epic fantasy quest to destroy an artifact,Torso,StripeLocal,Mixed,Keyword,global-rrf,0.551852109981079,0.5,0.3333333333333333,1,0.38487250237321036,0.3579496735339051,0.5,2,0.0005166670000000001,107.90320000000001,books-t2016-a=5 | books-t2016-b=5
q003,epic fantasy quest to destroy an artifact,Torso,StripeLocal,Mixed,Keyword,minmax-norm,0.4160398937323065,0.2,0.1111111111111111,0.05555555555555555,0.1309954975518752,0.2775713227119227,0.9,2,0.0005166670000000001,107.90780000000001,books-t2016-a=9 | books-t2016-b=1
q003,epic fantasy quest to destroy an artifact,Torso,StripeLocal,Mixed,Keyword,zscore-norm,0.3493155072650929,0.2,0.1111111111111111,0.14285714285714285,0.1115585072336559,0.25913979477560395,0.8,2,0.0005166670000000001,107.9278,books-t2016-a=8 | books-t2016-b=2
q003,epic fantasy quest to destroy an artifact,Torso,StripeLocal,Mixed,Keyword,idf-correct-probe,0.48326541719774435,0.2,0.1111111111111111,0.06666666666666667,0.14479910451120312,0.3210658759558149,1,12,0.003033336,553.1677,books-t2016-a=10
q003,epic fantasy quest to destroy an artifact,Torso,StripeLocal,Mixed,Keyword,semantic-score,1,1,1,1,0.8591367550184259,0.5921767482452864,1,2,0.0005166670000000001,107.91000000000001,books-t2016-a=10
q003,epic fantasy quest to destroy an artifact,Torso,StripeLocal,Mixed,Keyword,semantic-rerank,1,1,1,1,0.8591367550184259,0.5921767482452864,1,4,0.001183334,206.2371,books-t2016-a=10
q003,epic fantasy quest to destroy an artifact,Torso,StripeLocal,Mixed,Keyword,idf-correct-sidecar,0.48326541719774435,0.2,0.1111111111111111,0.06666666666666667,0.14479910451120312,0.3210658759558149,1,2,0.0005166670000000001,107.9582,books-t2016-a=10
q004,vampires,Head,StripeLocal,Lexical,Keyword,single-index,1,1,1,1,1,0.9552009891550426,1,1,0.000316667,126.0675,books-oracle2=10
q004,vampires,Head,StripeLocal,Lexical,Keyword,naive-score,0.4878156485111959,0.2,0.1111111111111111,-0.15555555555555556,0.14880952524611346,1,1,2,0.00036666700000000005,114.984,books-t2016-a=10
q004,vampires,Head,StripeLocal,Lexical,Keyword,interleave,0.8397756453957087,0.8,0.6666666666666666,1,0.6183856998656723,0.7266742077930218,0.8,2,0.00036666700000000005,114.96039999999999,books-t2016-a=8 | books-t2016-b=2
q004,vampires,Head,StripeLocal,Lexical,Keyword,quota-merge,0.8968795782858947,0.9,0.8181818181818182,1,0.7025747303706025,0.8192153149268111,0.9,2,0.00036666700000000005,114.965,books-t2016-a=9 | books-t2016-b=1
q004,vampires,Head,StripeLocal,Lexical,Keyword,global-rrf,0.8222445934631454,0.8,0.6666666666666666,1,0.5912458270620873,0.7114166890135326,0.8,2,0.00036666700000000005,114.96549999999999,books-t2016-a=8 | books-t2016-b=2
q004,vampires,Head,StripeLocal,Lexical,Keyword,minmax-norm,0.39403087596037767,0.1,0.05263157894736842,0.05555555555555555,0.12447114607990889,0.8611375561264454,0.9,2,0.00036666700000000005,114.9857,books-t2016-a=9 | books-t2016-b=1
q004,vampires,Head,StripeLocal,Lexical,Keyword,zscore-norm,0.4202338460785796,0.1,0.05263157894736842,0.05555555555555555,0.12447114607990889,0.9148568823583789,0.9,2,0.00036666700000000005,114.9825,books-t2016-a=9 | books-t2016-b=1
q004,vampires,Head,StripeLocal,Lexical,Keyword,idf-correct-probe,0.4878156485111959,0.2,0.1111111111111111,-0.15555555555555556,0.14880952524611346,1,1,4,0.000766667,202.8465,books-t2016-a=10
q004,vampires,Head,StripeLocal,Lexical,Keyword,semantic-score,0.996613781890067,0.9,0.8181818181818182,0.9555555555555556,0.8321153187199649,0.9552009891550426,1,2,0.00036666700000000005,114.9664,books-t2016-a=10
q004,vampires,Head,StripeLocal,Lexical,Keyword,semantic-rerank,0.996613781890067,0.9,0.8181818181818182,0.9555555555555556,0.8321153187199649,0.9552009891550426,1,4,0.000883333,209.9304,books-t2016-a=10
q004,vampires,Head,StripeLocal,Lexical,Keyword,idf-correct-sidecar,0.4878156485111959,0.2,0.1111111111111111,-0.15555555555555556,0.14880952524611346,1,1,2,0.00036666700000000005,115.0088,books-t2016-a=10
q005,haunted house that torments the family living in it,Torso,StripeLocal,Conceptual,Keyword,single-index,1,1,1,1,1,0.38992750144456234,0.9,1,0.000416667,129.5391,books-oracle2=10
q005,haunted house that torments the family living in it,Torso,StripeLocal,Conceptual,Keyword,naive-score,0.7879231662971673,0.7,0.5384615384615384,-0.15555555555555556,0.4396106674845513,0.26345968909761464,1,2,0.00095,118.5078,books-t2016-a=10
q005,haunted house that torments the family living in it,Torso,StripeLocal,Conceptual,Keyword,interleave,0.6567549071716947,0.4,0.25,1,0.4634247179532753,0.20730227538207865,0.5,2,0.00095,118.4782,books-t2016-a=5 | books-t2016-b=5
q005,haunted house that torments the family living in it,Torso,StripeLocal,Conceptual,Keyword,quota-merge,0.7006284388016701,0.8,0.6666666666666666,1,0.5361870665874071,0.2742705668226063,0.9,2,0.00095,118.4757,books-t2016-a=9 | books-t2016-b=1
q005,haunted house that torments the family living in it,Torso,StripeLocal,Conceptual,Keyword,global-rrf,0.5067595732143495,0.4,0.25,1,0.358098923485054,0.1931480529713884,0.5,2,0.00095,118.4838,books-t2016-a=5 | books-t2016-b=5
q005,haunted house that torments the family living in it,Torso,StripeLocal,Conceptual,Keyword,minmax-norm,0.395544542694795,0.2,0.1111111111111111,0.4,0.21790178253900483,0.10243359249096232,0.5,2,0.00095,118.5169,books-t2016-a=5 | books-t2016-b=5
q005,haunted house that torments the family living in it,Torso,StripeLocal,Conceptual,Keyword,zscore-norm,0.549776098284931,0.3,0.17647058823529413,-0.06666666666666667,0.2874732830445177,0.12818266696331826,0.6,2,0.00095,118.51,books-t2016-a=6 | books-t2016-b=4
q005,haunted house that torments the family living in it,Torso,StripeLocal,Conceptual,Keyword,idf-correct-probe,0.7879231662971673,0.7,0.5384615384615384,-0.15555555555555556,0.4396106674845513,0.26345968909761464,1,12,0.003033334,626.1327,books-t2016-a=10
q005,haunted house that torments the family living in it,Torso,StripeLocal,Conceptual,Keyword,semantic-score,0.9452694559895504,0.9,0.8181818181818182,1,0.7749477245134956,0.39636893707915316,1,2,0.00095,118.4899,books-t2016-a=10
q005,haunted house that torments the family living in it,Torso,StripeLocal,Conceptual,Keyword,semantic-rerank,0.9452694559895504,0.9,0.8181818181818182,1,0.7749477245134956,0.39636893707915316,1,4,0.001616667,218.757,books-t2016-a=10
q005,haunted house that torments the family living in it,Torso,StripeLocal,Conceptual,Keyword,idf-correct-sidecar,0.7879231662971673,0.7,0.5384615384615384,-0.15555555555555556,0.4396106674845513,0.26345968909761464,1,2,0.00095,118.5276,books-t2016-a=10
q006,generation starship colonists who forget they are on a ship,Tail,StripeLocal,Conceptual,Keyword,single-index,1,1,1,1,1,0.8058978804587239,1,1,0.000383333,149.0385,books-oracle2=10
q006,generation starship colonists who forget they are on a ship,Tail,StripeLocal,Conceptual,Keyword,naive-score,0.8549175979363731,0.5,0.3333333333333333,0.24444444444444444,0.48337602037779315,0.41393520652060617,1,2,0.00085,116.6475,books-t2016-a=10
q006,generation starship colonists who forget they are on a ship,Tail,StripeLocal,Conceptual,Keyword,interleave,0.750279118279739,0.6,0.42857142857142855,1,0.5305502516625419,0.6245506139578406,0.6,2,0.00085,116.63109999999999,books-t2016-a=6 | books-t2016-b=4
q006,generation starship colonists who forget they are on a ship,Tail,StripeLocal,Conceptual,Keyword,quota-merge,0.7503360169121053,0.9,0.8181818181818182,1,0.6020566829499175,0.6420949653003681,0.9,2,0.00085,116.6315,books-t2016-a=9 | books-t2016-b=1
q006,generation starship colonists who forget they are on a ship,Tail,StripeLocal,Conceptual,Keyword,global-rrf,0.5848181930785961,0.6,0.42857142857142855,1,0.40289233143827186,0.5222021554400454,0.6,2,0.00085,116.63759999999999,books-t2016-a=6 | books-t2016-b=4
q006,generation starship colonists who forget they are on a ship,Tail,StripeLocal,Conceptual,Keyword,minmax-norm,0.5602510143882421,0.4,0.25,0.5714285714285714,0.3181345536320239,0.1805219272643691,0.8,2,0.00085,116.65979999999999,books-t2016-a=8 | books-t2016-b=2
q006,generation starship colonists who forget they are on a ship,Tail,StripeLocal,Conceptual,Keyword,zscore-norm,0.8026269175610727,0.5,0.3333333333333333,0.2777777777777778,0.44299098021891337,0.3997955711930069,0.9,2,0.00085,116.654,books-t2016-a=9 | books-t2016-b=1
q006,generation starship colonists who forget they are on a ship,Tail,StripeLocal,Conceptual,Keyword,idf-correct-probe,0.8549175979363731,0.5,0.3333333333333333,0.24444444444444444,0.48337602037779315,0.41393520652060617,1,12,0.0029000010000000006,563.8468,books-t2016-a=10
q006,generation starship colonists who forget they are on a ship,Tail,StripeLocal,Conceptual,Keyword,semantic-score,1,1,1,1,0.8591367550184259,0.8058978804587239,1,2,0.00085,116.6368,books-t2016-a=10
q006,generation starship colonists who forget they are on a ship,Tail,StripeLocal,Conceptual,Keyword,semantic-rerank,1,1,1,1,0.8591367550184259,0.8058978804587239,1,4,0.0014833329999999999,213.9653,books-t2016-a=10
q006,generation starship colonists who forget they are on a ship,Tail,StripeLocal,Conceptual,Keyword,idf-correct-sidecar,0.8549175979363731,0.5,0.3333333333333333,0.24444444444444444,0.48337602037779315,0.41393520652060617,1,2,0.00085,116.67439999999999,books-t2016-a=10
q007,artificial intelligence becomes self aware,Torso,StripeLocal,Mixed,Keyword,single-index,1,1,1,1,1,0.38505084024211833,0.9,1,0.0004,120.7741,books-oracle2=10
q007,artificial intelligence becomes self aware,Torso,StripeLocal,Mixed,Keyword,naive-score,0.6551525828128056,0.4,0.25,0.15555555555555556,0.2557119620081674,0.40275811396485084,1,2,0.000983333,106.089,books-t2016-a=10
q007,artificial intelligence becomes self aware,Torso,StripeLocal,Mixed,Keyword,interleave,0.6174155885988724,0.4,0.25,1,0.3948829691878219,0.2843704581770256,0.5,2,0.000983333,106.0783,books-t2016-a=5 | books-t2016-b=5
q007,artificial intelligence becomes self aware,Torso,StripeLocal,Mixed,Keyword,quota-merge,0.8141375893525689,0.8,0.6666666666666666,1,0.5912458270620873,0.366066788126227,0.9,2,0.000983333,106.1001,books-t2016-a=9 | books-t2016-b=1
q007,artificial intelligence becomes self aware,Torso,StripeLocal,Mixed,Keyword,global-rrf,0.6076002248035588,0.4,0.25,1,0.3768852439577429,0.2815836407210774,0.5,2,0.000983333,106.0864,books-t2016-a=5 | books-t2016-b=5
q007,artificial intelligence becomes self aware,Torso,StripeLocal,Mixed,Keyword,minmax-norm,0.372665980957796,0.3,0.17647058823529413,-0.06666666666666667,0.14783597291597791,0.24392985889162802,0.6,2,0.000983333,106.1083,books-t2016-a=6 | books-t2016-b=4
q007,artificial intelligence becomes self aware,Torso,StripeLocal,Mixed,Keyword,zscore-norm,0.42564100844849545,0.3,0.17647058823529413,-0.06666666666666667,0.1610259510985202,0.2696213427336677,0.6,2,0.000983333,106.1039,books-t2016-a=6 | books-t2016-b=4
q007,artificial intelligence becomes self aware,Torso,StripeLocal,Mixed,Keyword,idf-correct-probe,0.6551525828128056,0.4,0.25,0.15555555555555556,0.2557119620081674,0.40275811396485084,1,12,0.0028500010000000004,559.257,books-t2016-a=10
q007,artificial intelligence becomes self aware,Torso,StripeLocal,Mixed,Keyword,semantic-score,0.8872060143130129,0.8,0.6666666666666666,1,0.693872708214561,0.4833292832335391,1,2,0.000983333,106.0919,books-t2016-a=10
q007,artificial intelligence becomes self aware,Torso,StripeLocal,Mixed,Keyword,semantic-rerank,0.8872060143130129,0.8,0.6666666666666666,1,0.693872708214561,0.4833292832335391,1,4,0.001533333,199.5805,books-t2016-a=10
q007,artificial intelligence becomes self aware,Torso,StripeLocal,Mixed,Keyword,idf-correct-sidecar,0.6551525828128056,0.4,0.25,0.15555555555555556,0.2557119620081674,0.40275811396485084,1,2,0.000983333,106.1492,books-t2016-a=10
q008,hard science fiction about terraforming Mars,Tail,StripeLocal,Mixed,Keyword,single-index,1,1,1,1,1,0.9651148425268248,1,1,0.000383333,114.5537,books-oracle2=10
q008,hard science fiction about terraforming Mars,Tail,StripeLocal,Mixed,Keyword,naive-score,0.8474489754597548,0.5,0.3333333333333333,0.6888888888888889,0.5125078280244367,0.9235555828333397,1,2,0.000916667,118.9943,books-t2016-a=10
q008,hard science fiction about terraforming Mars,Tail,StripeLocal,Mixed,Keyword,interleave,0.7090081386375826,0.5,0.3333333333333333,1,0.5062118724963371,0.7987894776910067,0.5,2,0.000916667,118.9764,books-t2016-a=5 | books-t2016-b=5
q008,hard science fiction about terraforming Mars,Tail,StripeLocal,Mixed,Keyword,quota-merge,0.8982658901806848,0.9,0.8181818181818182,1,0.7025747303706025,0.876884877971461,0.9,2,0.000916667,118.9779,books-t2016-a=9 | books-t2016-b=1
q008,hard science fiction about terraforming Mars,Tail,StripeLocal,Mixed,Keyword,global-rrf,0.7090081386375826,0.5,0.3333333333333333,1,0.5062118724963371,0.7987894776910067,0.5,2,0.000916667,118.9853,books-t2016-a=5 | books-t2016-b=5
q008,hard science fiction about terraforming Mars,Tail,StripeLocal,Mixed,Keyword,minmax-norm,0.7643579663114202,0.5,0.3333333333333333,0.6428571428571429,0.47882651630824574,0.8995358260326258,0.8,2,0.000916667,119.0117,books-t2016-a=8 | books-t2016-b=2
q008,hard science fiction about terraforming Mars,Tail,StripeLocal,Mixed,Keyword,zscore-norm,0.7643579663114202,0.5,0.3333333333333333,0.6428571428571429,0.47882651630824574,0.8995358260326258,0.8,2,0.000916667,119.0095,books-t2016-a=8 | books-t2016-b=2
q008,hard science fiction about terraforming Mars,Tail,StripeLocal,Mixed,Keyword,idf-correct-probe,0.8474489754597548,0.5,0.3333333333333333,0.6888888888888889,0.5125078280244367,0.9235555828333397,1,14,0.003133335,631.5607,books-t2016-a=10
q008,hard science fiction about terraforming Mars,Tail,StripeLocal,Mixed,Keyword,semantic-score,1,1,1,1,0.8591367550184259,0.9651148425268248,1,2,0.000916667,118.98010000000001,books-t2016-a=10
q008,hard science fiction about terraforming Mars,Tail,StripeLocal,Mixed,Keyword,semantic-rerank,1,1,1,1,0.8591367550184259,0.9651148425268248,1,4,0.0014833329999999999,232.7702,books-t2016-a=10
q008,hard science fiction about terraforming Mars,Tail,StripeLocal,Mixed,Keyword,idf-correct-sidecar,0.8474489754597548,0.5,0.3333333333333333,0.6888888888888889,0.5125078280244367,0.9235555828333397,1,2,0.000916667,119.0296,books-t2016-a=10
q009,cyberpunk hacker corporate dystopia,Torso,StripeLocal,Lexical,Keyword,single-index,1,1,1,1,1,0.9603250160361273,1,1,0.000283333,114.7996,books-oracle2=10
q009,cyberpunk hacker corporate dystopia,Torso,StripeLocal,Lexical,Keyword,naive-score,0.8841257458778776,0.6,0.42857142857142855,-0.1111111111111111,0.5011382578876643,0.6271258586362687,1,2,0.0003,115.518,books-t2016-a=10
q009,cyberpunk hacker corporate dystopia,Torso,StripeLocal,Lexical,Keyword,interleave,1,1,1,1,0.8591367550184259,0.9603250160361273,1,2,0.0003,115.4897,books-t2016-a=10
q009,cyberpunk hacker corporate dystopia,Torso,StripeLocal,Lexical,Keyword,quota-merge,1,1,1,1,0.8591367550184259,0.9603250160361273,1,2,0.0003,115.4648,books-t2016-a=10
q009,cyberpunk hacker corporate dystopia,Torso,StripeLocal,Lexical,Keyword,global-rrf,1,1,1,1,0.8591367550184259,0.9603250160361273,1,2,0.0003,115.4709,books-t2016-a=10
q009,cyberpunk hacker corporate dystopia,Torso,StripeLocal,Lexical,Keyword,minmax-norm,0.8841257458778776,0.6,0.42857142857142855,-0.1111111111111111,0.5011382578876643,0.6271258586362687,1,2,0.0003,115.4862,books-t2016-a=10
q009,cyberpunk hacker corporate dystopia,Torso,StripeLocal,Lexical,Keyword,zscore-norm,0.8841257458778776,0.6,0.42857142857142855,-0.1111111111111111,0.5011382578876643,0.6271258586362687,1,2,0.0003,115.4817,books-t2016-a=10
q009,cyberpunk hacker corporate dystopia,Torso,StripeLocal,Lexical,Keyword,idf-correct-probe,0.8841257458778776,0.6,0.42857142857142855,-0.1111111111111111,0.5011382578876643,0.6271258586362687,1,10,0.0019333350000000004,459.64549999999997,books-t2016-a=10
q009,cyberpunk hacker corporate dystopia,Torso,StripeLocal,Lexical,Keyword,semantic-score,1,1,1,1,0.8591367550184259,0.9603250160361273,1,2,0.0003,115.4675,books-t2016-a=10
q009,cyberpunk hacker corporate dystopia,Torso,StripeLocal,Lexical,Keyword,semantic-rerank,1,1,1,1,0.8591367550184259,0.9603250160361273,1,3,0.0006833329999999999,212.9734,books-t2016-a=10
q009,cyberpunk hacker corporate dystopia,Torso,StripeLocal,Lexical,Keyword,idf-correct-sidecar,0.8841257458778776,0.6,0.42857142857142855,-0.1111111111111111,0.5011382578876643,0.6271258586362687,1,2,0.0003,115.5053,books-t2016-a=10
q010,a locked room murder that seems impossible to have committed,Tail,StripeLocal,Conceptual,Keyword,single-index,1,1,1,1,1,0.9094245487194395,1,1,0.000383333,122.9768,books-oracle2=10
q010,a locked room murder that seems impossible to have committed,Tail,StripeLocal,Conceptual,Keyword,naive-score,0.821086850230889,0.6,0.42857142857142855,0.1111111111111111,0.4784477318131512,0.6088077294454569,1,2,0.00085,135.0487,books-t2016-a=10
q010,a locked room murder that seems impossible to have committed,Tail,StripeLocal,Conceptual,Keyword,interleave,0.7090081386375826,0.5,0.3333333333333333,1,0.5062118724963371,0.5170393563828395,0.5,2,0.00085,135.0377,books-t2016-a=5 | books-t2016-b=5
q010,a locked room murder that seems impossible to have committed,Tail,StripeLocal,Conceptual,Keyword,quota-merge,0.7503360169121053,0.9,0.8181818181818182,1,0.6020566829499175,0.6954342388930896,0.9,2,0.00085,135.0403,books-t2016-a=9 | books-t2016-b=1
q010,a locked room murder that seems impossible to have committed,Tail,StripeLocal,Conceptual,Keyword,global-rrf,0.5579937628851295,0.5,0.3333333333333333,1,0.39806248055575266,0.43187733379573107,0.5,2,0.00085,135.0433,books-t2016-a=5 | books-t2016-b=5
q010,a locked room murder that seems impossible to have committed,Tail,StripeLocal,Conceptual,Keyword,minmax-norm,0.6575440120904417,0.5,0.3333333333333333,-0.23809523809523808,0.3917259984094338,0.5049059675118446,0.7,2,0.00085,135.0657,books-t2016-a=7 | books-t2016-b=3
q010,a locked room murder that seems impossible to have committed,Tail,StripeLocal,Conceptual,Keyword,zscore-norm,0.7356857839940604,0.6,0.42857142857142855,-0.2857142857142857,0.4285034691430747,0.5505173505573906,0.8,2,0.00085,135.0601,books-t2016-a=8 | books-t2016-b=2
q010,a locked room murder that seems impossible to have committed,Tail,StripeLocal,Conceptual,Keyword,idf-correct-probe,0.821086850230889,0.6,0.42857142857142855,0.1111111111111111,0.4784477318131512,0.6088077294454569,1,14,0.0031500010000000004,649.9489,books-t2016-a=10
q010,a locked room murder that seems impossible to have committed,Tail,StripeLocal,Conceptual,Keyword,semantic-score,1,1,1,1,0.8591367550184259,0.9094245487194395,1,2,0.00085,135.0426,books-t2016-a=10
q010,a locked room murder that seems impossible to have committed,Tail,StripeLocal,Conceptual,Keyword,semantic-rerank,1,1,1,1,0.8591367550184259,0.9094245487194395,1,4,0.001383333,232.6612,books-t2016-a=10
q010,a locked room murder that seems impossible to have committed,Tail,StripeLocal,Conceptual,Keyword,idf-correct-sidecar,0.821086850230889,0.6,0.42857142857142855,0.1111111111111111,0.4784477318131512,0.6088077294454569,1,2,0.00085,135.1293,books-t2016-a=10
q011,detective investigating a serial killer,Torso,StripeLocal,Mixed,Keyword,single-index,1,1,1,1,1,0.9371166382005486,1,1,0.00035,120.1698,books-oracle2=10
q011,detective investigating a serial killer,Torso,StripeLocal,Mixed,Keyword,naive-score,0.7194911051018876,0.4,0.25,0.28888888888888886,0.4191728687714455,0.9007619020868619,1,2,0.000366667,112.8255,books-t2016-a=10
q011,detective investigating a serial killer,Torso,StripeLocal,Mixed,Keyword,interleave,1,1,1,1,0.8591367550184259,0.9371166382005486,1,2,0.000366667,112.80969999999999,books-t2016-a=10
q011,detective investigating a serial killer,Torso,StripeLocal,Mixed,Keyword,quota-merge,1,1,1,1,0.8591367550184259,0.9371166382005486,1,2,0.000366667,112.8129,books-t2016-a=10
q011,detective investigating a serial killer,Torso,StripeLocal,Mixed,Keyword,global-rrf,1,1,1,1,0.8591367550184259,0.9371166382005486,1,2,0.000366667,112.8147,books-t2016-a=10
q011,detective investigating a serial killer,Torso,StripeLocal,Mixed,Keyword,minmax-norm,0.7194911051018876,0.4,0.25,0.28888888888888886,0.4191728687714455,0.9007619020868619,1,2,0.000366667,112.8343,books-t2016-a=10
q011,detective investigating a serial killer,Torso,StripeLocal,Mixed,Keyword,zscore-norm,0.7194911051018876,0.4,0.25,0.28888888888888886,0.4191728687714455,0.9007619020868619,1,2,0.000366667,112.8486,books-t2016-a=10
q011,detective investigating a serial killer,Torso,StripeLocal,Mixed,Keyword,idf-correct-probe,0.7194911051018876,0.4,0.25,0.28888888888888886,0.4191728687714455,0.9007619020868619,1,10,0.002166668,503.2169,books-t2016-a=10
q011,detective investigating a serial killer,Torso,StripeLocal,Mixed,Keyword,semantic-score,1,1,1,1,0.8591367550184259,0.9371166382005486,1,2,0.000366667,112.8158,books-t2016-a=10
q011,detective investigating a serial killer,Torso,StripeLocal,Mixed,Keyword,semantic-rerank,1,1,1,1,0.8591367550184259,0.9371166382005486,1,3,0.000766667,211.47899999999998,books-t2016-a=10
q011,detective investigating a serial killer,Torso,StripeLocal,Mixed,Keyword,idf-correct-sidecar,0.7194911051018876,0.4,0.25,0.28888888888888886,0.4191728687714455,0.9007619020868619,1,2,0.000366667,112.8646,books-t2016-a=10
q012,espionage thriller cold war spy,Torso,StripeLocal,Lexical,Keyword,single-index,1,1,1,1,1,0.9636452638863133,1,1,0.000383333,118.5016,books-oracle2=10
q012,espionage thriller cold war spy,Torso,StripeLocal,Lexical,Keyword,naive-score,0.6590517569902067,0.6,0.42857142857142855,0.3333333333333333,0.35996446710252744,0.809418279305309,1,2,0.00045000000000000004,118.30409999999999,books-t2016-a=10
q012,espionage thriller cold war spy,Torso,StripeLocal,Lexical,Keyword,interleave,0.7090081386375826,0.5,0.3333333333333333,1,0.5062118724963371,0.5548989126424904,0.5,2,0.00045000000000000004,118.29289999999999,books-t2016-a=5 | books-t2016-b=5
q012,espionage thriller cold war spy,Torso,StripeLocal,Lexical,Keyword,quota-merge,0.8982658901806848,0.9,0.8181818181818182,1,0.7025747303706025,0.8611375561264454,0.9,2,0.00045000000000000004,118.2939,books-t2016-a=9 | books-t2016-b=1
q012,espionage thriller cold war spy,Torso,StripeLocal,Lexical,Keyword,global-rrf,0.7090081386375826,0.5,0.3333333333333333,1,0.5062118724963371,0.5548989126424904,0.5,2,0.00045000000000000004,118.3307,books-t2016-a=5 | books-t2016-b=5
q012,espionage thriller cold war spy,Torso,StripeLocal,Lexical,Keyword,minmax-norm,0.44528294897961335,0.3,0.17647058823529413,0.8666666666666667,0.2569945426838159,0.4830276715640845,0.6,2,0.00045000000000000004,118.3321,books-t2016-a=6 | books-t2016-b=4
q012,espionage thriller cold war spy,Torso,StripeLocal,Lexical,Keyword,zscore-norm,0.5517517674311628,0.4,0.25,0.5,0.29283893339326134,0.6650838744145217,0.8,2,0.00045000000000000004,118.3162,books-t2016-a=8 | books-t2016-b=2
q012,espionage thriller cold war spy,Torso,StripeLocal,Lexical,Keyword,idf-correct-probe,0.6590517569902067,0.6,0.42857142857142855,0.3333333333333333,0.35996446710252744,0.809418279305309,1,12,0.0024333350000000004,546.7877,books-t2016-a=10
q012,espionage thriller cold war spy,Torso,StripeLocal,Lexical,Keyword,semantic-score,1,1,1,1,0.8591367550184259,0.9636452638863133,1,2,0.00045000000000000004,118.2978,books-t2016-a=10
q012,espionage thriller cold war spy,Torso,StripeLocal,Lexical,Keyword,semantic-rerank,1,1,1,1,0.8591367550184259,0.9636452638863133,1,4,0.001,230.4232,books-t2016-a=10
q012,espionage thriller cold war spy,Torso,StripeLocal,Lexical,Keyword,idf-correct-sidecar,0.6590517569902067,0.6,0.42857142857142855,0.3333333333333333,0.35996446710252744,0.809418279305309,1,2,0.00045000000000000004,118.339,books-t2016-a=10
q013,teenagers forced to compete in a deadly televised game,Tail,StripeLocal,Conceptual,Keyword,single-index,1,1,1,1,1,0.7343367791270035,1,1,0.000783333,136.8753,books-oracle2=10
q013,teenagers forced to compete in a deadly televised game,Tail,StripeLocal,Conceptual,Keyword,naive-score,0.8986582324729453,0.6,0.42857142857142855,0.5111111111111111,0.6201198581933006,0.6938121494841856,0.9,2,0.00045000000000000004,132.8608,books-t2016-a=10
q013,teenagers forced to compete in a deadly televised game,Tail,StripeLocal,Conceptual,Keyword,interleave,0.7090081386375826,0.5,0.3333333333333333,1,0.5062118724963371,0.5428459338542563,0.5,2,0.00045000000000000004,132.85250000000002,books-t2016-a=5 | books-t2016-b=5
q013,teenagers forced to compete in a deadly televised game,Tail,StripeLocal,Conceptual,Keyword,quota-merge,0.8982658901806848,0.9,0.8181818181818182,1,0.7025747303706025,0.6624092881092656,0.9,2,0.00045000000000000004,132.8544,books-t2016-a=9 | books-t2016-b=1
q013,teenagers forced to compete in a deadly televised game,Tail,StripeLocal,Conceptual,Keyword,global-rrf,0.7090081386375826,0.5,0.3333333333333333,1,0.5062118724963371,0.5428459338542563,0.5,2,0.00045000000000000004,132.8579,books-t2016-a=5 | books-t2016-b=5
q013,teenagers forced to compete in a deadly televised game,Tail,StripeLocal,Conceptual,Keyword,minmax-norm,0.696728610735644,0.5,0.3333333333333333,0.6190476190476191,0.43210606943140906,0.6072539156268033,0.7,2,0.00045000000000000004,132.88320000000002,books-t2016-a=7 | books-t2016-b=3
q013,teenagers forced to compete in a deadly televised game,Tail,StripeLocal,Conceptual,Keyword,zscore-norm,0.7884162866835438,0.5,0.3333333333333333,0.6190476190476191,0.5543078700416844,0.6710247421346786,0.7,2,0.00045000000000000004,132.8733,books-t2016-a=7 | books-t2016-b=3
q013,teenagers forced to compete in a deadly televised game,Tail,StripeLocal,Conceptual,Keyword,idf-correct-probe,0.8986582324729453,0.6,0.42857142857142855,0.5111111111111111,0.6201198581933006,0.6938121494841856,0.9,14,0.0029833340000000002,650.4725999999999,books-t2016-a=10
q013,teenagers forced to compete in a deadly televised game,Tail,StripeLocal,Conceptual,Keyword,semantic-score,1,1,1,1,0.8591367550184259,0.7343367791270035,1,2,0.00045000000000000004,132.8697,books-t2016-a=10
q013,teenagers forced to compete in a deadly televised game,Tail,StripeLocal,Conceptual,Keyword,semantic-rerank,1,1,1,1,0.8591367550184259,0.7343367791270035,1,4,0.0010833330000000001,246.2006,books-t2016-a=10
q013,teenagers forced to compete in a deadly televised game,Tail,StripeLocal,Conceptual,Keyword,idf-correct-sidecar,0.8986582324729453,0.6,0.42857142857142855,0.5111111111111111,0.6201198581933006,0.6938121494841856,0.9,2,0.00045000000000000004,132.90210000000002,books-t2016-a=10
q014,picture book about a bear,Torso,StripeLocal,Mixed,Keyword,single-index,1,1,1,1,1,0.7259801576438485,1,1,0.000383333,103.0348,books-oracle2=10
q014,picture book about a bear,Torso,StripeLocal,Mixed,Keyword,naive-score,0.8132172972591148,0.6,0.42857142857142855,0.28888888888888886,0.4523157825046385,0.748827411332079,1,2,0.000866667,111.1703,books-t2016-a=10
q014,picture book about a bear,Torso,StripeLocal,Mixed,Keyword,interleave,0.7090081386375826,0.5,0.3333333333333333,1,0.5062118724963371,0.512976671442856,0.5,2,0.000866667,111.1455,books-t2016-a=5 | books-t2016-b=5
q014,picture book about a bear,Torso,StripeLocal,Mixed,Keyword,quota-merge,0.8982658901806848,0.9,0.8181818181818182,1,0.7025747303706025,0.6382795456860613,0.9,2,0.000866667,111.1469,books-t2016-a=9 | books-t2016-b=1
q014,picture book about a bear,Torso,StripeLocal,Mixed,Keyword,global-rrf,0.702866485733532,0.5,0.3333333333333333,1,0.4930218943137949,0.5062318227799104,0.5,2,0.000866667,111.1507,books-t2016-a=5 | books-t2016-b=5
q014,picture book about a bear,Torso,StripeLocal,Mixed,Keyword,minmax-norm,0.7102795790728047,0.5,0.3333333333333333,0.4444444444444444,0.3876475523523066,0.6408003843967744,0.9,2,0.000866667,111.1776,books-t2016-a=9 | books-t2016-b=1
q014,picture book about a bear,Torso,StripeLocal,Mixed,Keyword,zscore-norm,0.6169462205856028,0.5,0.3333333333333333,0.4444444444444444,0.3876475523523066,0.5595710619722489,0.9,2,0.000866667,111.1686,books-t2016-a=9 | books-t2016-b=1
q014,picture book about a bear,Torso,StripeLocal,Mixed,Keyword,idf-correct-probe,0.8132172972591148,0.6,0.42857142857142855,0.28888888888888886,0.4523157825046385,0.748827411332079,1,8,0.002133335,369.8773,books-t2016-a=10
q014,picture book about a bear,Torso,StripeLocal,Mixed,Keyword,semantic-score,1,1,1,1,0.8591367550184259,0.7259801576438485,1,2,0.000866667,111.1539,books-t2016-a=10
q014,picture book about a bear,Torso,StripeLocal,Mixed,Keyword,semantic-rerank,1,1,1,1,0.8591367550184259,0.7259801576438485,1,4,0.0014,213.6266,books-t2016-a=10
q014,picture book about a bear,Torso,StripeLocal,Mixed,Keyword,idf-correct-sidecar,0.8132172972591148,0.6,0.42857142857142855,0.28888888888888886,0.4523157825046385,0.748827411332079,1,2,0.000866667,111.1875,books-t2016-a=10
q015,graphic novel superhero origin,Torso,StripeLocal,Lexical,Keyword,single-index,1,1,1,1,1,0.6661655791569835,1,1,0.0004,139.3454,books-oracle2=10
q015,graphic novel superhero origin,Torso,StripeLocal,Lexical,Keyword,naive-score,0.5860366581574935,0.2,0.1111111111111111,-0.2,0.14125425086216573,0.3020991228731015,1,2,0.000983333,114.8602,books-t2016-a=10
q015,graphic novel superhero origin,Torso,StripeLocal,Lexical,Keyword,interleave,0.7090081386375826,0.5,0.3333333333333333,1,0.5062118724963371,0.4453217435147531,0.5,2,0.000983333,114.8445,books-t2016-a=5 | books-t2016-b=5
q015,graphic novel superhero origin,Torso,StripeLocal,Lexical,Keyword,quota-merge,0.7503360169121053,0.9,0.8181818181818182,1,0.6020566829499175,0.5093174795900215,0.9,2,0.000983333,114.8426,books-t2016-a=9 | books-t2016-b=1
q015,graphic novel superhero origin,Torso,StripeLocal,Lexical,Keyword,global-rrf,0.5530813239643293,0.5,0.3333333333333333,1,0.38769609984557324,0.35129585064885077,0.5,2,0.000983333,114.8584,books-t2016-a=5 | books-t2016-b=5
q015,graphic novel superhero origin,Torso,StripeLocal,Lexical,Keyword,minmax-norm,0.21066389677484687,0,0,0.4,0.03730748683568197,0.10218008536971003,0.5,2,0.000983333,114.8745,books-t2016-a=5 | books-t2016-b=5
q015,graphic novel superhero origin,Torso,StripeLocal,Lexical,Keyword,zscore-norm,0.2695081046107951,0,0,0.4,0.03730748683568197,0.15826700943276445,0.5,2,0.000983333,114.8669,books-t2016-a=5 | books-t2016-b=5
q015,graphic novel superhero origin,Torso,StripeLocal,Lexical,Keyword,idf-correct-probe,0.5860366581574935,0.2,0.1111111111111111,-0.2,0.14125425086216573,0.3020991228731015,1,10,0.002466668,457.0637,books-t2016-a=10
q015,graphic novel superhero origin,Torso,StripeLocal,Lexical,Keyword,semantic-score,1,1,1,1,0.8591367550184259,0.6661655791569835,1,2,0.000983333,114.84570000000001,books-t2016-a=10
q015,graphic novel superhero origin,Torso,StripeLocal,Lexical,Keyword,semantic-rerank,1,1,1,1,0.8591367550184259,0.6661655791569835,1,4,0.001533333,216.3005,books-t2016-a=10
q015,graphic novel superhero origin,Torso,StripeLocal,Lexical,Keyword,idf-correct-sidecar,0.5860366581574935,0.2,0.1111111111111111,-0.2,0.14125425086216573,0.3020991228731015,1,2,0.000983333,114.9066,books-t2016-a=10
q016,zombie apocalypse survival,Torso,StripeLocal,Lexical,Keyword,single-index,1,1,1,1,1,0.9371166382005486,1,1,0.00035,111.654,books-oracle2=10
q016,zombie apocalypse survival,Torso,StripeLocal,Lexical,Keyword,naive-score,0.897331990754572,0.6,0.42857142857142855,0.15555555555555556,0.5531770769456003,0.8664852524325113,1,2,0.0008,114.1606,books-t2016-a=10
q016,zombie apocalypse survival,Torso,StripeLocal,Lexical,Keyword,interleave,0.7928464332388696,0.7,0.5384615384615384,1,0.565706061685704,0.652838907607229,0.8,2,0.0008,114.1469,books-t2016-a=7 | books-t2016-b=3
q016,zombie apocalypse survival,Torso,StripeLocal,Lexical,Keyword,quota-merge,0.8982658901806848,0.9,0.8181818181818182,1,0.7025747303706025,0.8069727764867022,0.9,2,0.0008,114.1524,books-t2016-a=9 | books-t2016-b=1
q016,zombie apocalypse survival,Torso,StripeLocal,Lexical,Keyword,global-rrf,0.7928464332388696,0.7,0.5384615384615384,1,0.565706061685704,0.652838907607229,0.8,2,0.0008,114.1511,books-t2016-a=7 | books-t2016-b=3
q016,zombie apocalypse survival,Torso,StripeLocal,Lexical,Keyword,minmax-norm,0.8150937880541897,0.5,0.3333333333333333,0.16666666666666666,0.4798054772976272,0.769438476228004,1,2,0.0008,114.17790000000001,books-t2016-a=9 | books-t2016-b=1
q016,zombie apocalypse survival,Torso,StripeLocal,Lexical,Keyword,zscore-norm,0.826394516492266,0.5,0.3333333333333333,0.16666666666666666,0.4798054772976272,0.777671779292151,1,2,0.0008,114.16380000000001,books-t2016-a=9 | books-t2016-b=1
q016,zombie apocalypse survival,Torso,StripeLocal,Lexical,Keyword,idf-correct-probe,0.897331990754572,0.6,0.42857142857142855,0.15555555555555556,0.5531770769456003,0.8664852524325113,1,8,0.0019166679999999998,367.7649,books-t2016-a=10
q016,zombie apocalypse survival,Torso,StripeLocal,Lexical,Keyword,semantic-score,1,1,1,1,0.8591367550184259,0.9371166382005486,1,2,0.0008,114.14710000000001,books-t2016-a=10
q016,zombie apocalypse survival,Torso,StripeLocal,Lexical,Keyword,semantic-rerank,1,1,1,1,0.8591367550184259,0.9371166382005486,1,4,0.0013166660000000002,211.57670000000002,books-t2016-a=10
q016,zombie apocalypse survival,Torso,StripeLocal,Lexical,Keyword,idf-correct-sidecar,0.897331990754572,0.6,0.42857142857142855,0.15555555555555556,0.5531770769456003,0.8664852524325113,1,2,0.0008,114.1928,books-t2016-a=10
q017,time travel paradox,Torso,StripeLocal,Lexical,Keyword,single-index,1,1,1,1,1,0.7532408526292106,1,1,0.000366667,114.5126,books-oracle2=10
q017,time travel paradox,Torso,StripeLocal,Lexical,Keyword,naive-score,0.9423361461724717,0.8,0.6666666666666666,0.06666666666666667,0.604116960420564,0.82437660640531,1,2,0.000383334,121.9222,books-t2016-a=10
q017,time travel paradox,Torso,StripeLocal,Lexical,Keyword,interleave,1,1,1,1,0.8591367550184259,0.7532408526292106,1,2,0.000383334,121.9099,books-t2016-a=10
q017,time travel paradox,Torso,StripeLocal,Lexical,Keyword,quota-merge,1,1,1,1,0.8591367550184259,0.7532408526292106,1,2,0.000383334,121.911,books-t2016-a=10
q017,time travel paradox,Torso,StripeLocal,Lexical,Keyword,global-rrf,1,1,1,1,0.8591367550184259,0.7532408526292106,1,2,0.000383334,121.91499999999999,books-t2016-a=10
q017,time travel paradox,Torso,StripeLocal,Lexical,Keyword,minmax-norm,0.9423361461724717,0.8,0.6666666666666666,0.06666666666666667,0.604116960420564,0.82437660640531,1,2,0.000383334,121.9392,books-t2016-a=10
q017,time travel paradox,Torso,StripeLocal,Lexical,Keyword,zscore-norm,0.9423361461724717,0.8,0.6666666666666666,0.06666666666666667,0.604116960420564,0.82437660640531,1,2,0.000383334,121.9273,books-t2016-a=10
q017,time travel paradox,Torso,StripeLocal,Lexical,Keyword,idf-correct-probe,0.9423361461724717,0.8,0.6666666666666666,0.06666666666666667,0.604116960420564,0.82437660640531,1,8,0.0014833350000000001,373.5213,books-t2016-a=10
q017,time travel paradox,Torso,StripeLocal,Lexical,Keyword,semantic-score,1,1,1,1,0.8591367550184259,0.7532408526292106,1,2,0.000383334,121.9114,books-t2016-a=10
q017,time travel paradox,Torso,StripeLocal,Lexical,Keyword,semantic-rerank,1,1,1,1,0.8591367550184259,0.7532408526292106,1,3,0.000800001,221.6447,books-t2016-a=10
q017,time travel paradox,Torso,StripeLocal,Lexical,Keyword,idf-correct-sidecar,0.9423361461724717,0.8,0.6666666666666666,0.06666666666666667,0.604116960420564,0.82437660640531,1,2,0.000383334,121.94709999999999,books-t2016-a=10
q018,a girl who discovers she is the last of a magical bloodline,Tail,StripeLocal,Conceptual,Keyword,single-index,1,1,1,1,1,0.5830213044457034,1,1,0.0004,121.672,books-oracle2=10
q018,a girl who discovers she is the last of a magical bloodline,Tail,StripeLocal,Conceptual,Keyword,naive-score,0.5594790620315574,0.2,0.1111111111111111,-0.15555555555555556,0.26938063777564175,0.2836116041397007,1,2,0.000483333,117.23270000000001,books-t2016-a=10
q018,a girl who discovers she is the last of a magical bloodline,Tail,StripeLocal,Conceptual,Keyword,interleave,0.7306341140339346,0.5,0.3333333333333333,1,0.5064707249481558,0.3998919526853441,0.5,2,0.000483333,117.224,books-t2016-a=5 | books-t2016-b=5
q018,a girl who discovers she is the last of a magical bloodline,Tail,StripeLocal,Conceptual,Keyword,quota-merge,0.8982658901806848,0.9,0.8181818181818182,1,0.7025747303706025,0.48586743353344847,0.9,2,0.000483333,117.22460000000001,books-t2016-a=9 | books-t2016-b=1
q018,a girl who discovers she is the last of a magical bloodline,Tail,StripeLocal,Conceptual,Keyword,global-rrf,0.7306341140339346,0.5,0.3333333333333333,1,0.5064707249481558,0.3998919526853441,0.5,2,0.000483333,117.22970000000001,books-t2016-a=5 | books-t2016-b=5
q018,a girl who discovers she is the last of a magical bloodline,Tail,StripeLocal,Conceptual,Keyword,minmax-norm,0.4244990509943695,0.1,0.05263157894736842,-0.14285714285714285,0.16217586198062472,0.17034964791167806,0.7,2,0.000483333,117.2829,books-t2016-a=7 | books-t2016-b=3
q018,a girl who discovers she is the last of a magical bloodline,Tail,StripeLocal,Conceptual,Keyword,zscore-norm,0.47687390404997276,0.2,0.1111111111111111,-0.2777777777777778,0.18651424114682938,0.20317770883627978,0.8,2,0.000483333,117.2521,books-t2016-a=8 | books-t2016-b=2
q018,a girl who discovers she is the last of a magical bloodline,Tail,StripeLocal,Conceptual,Keyword,idf-correct-probe,0.5594790620315574,0.2,0.1111111111111111,-0.15555555555555556,0.26938063777564175,0.2836116041397007,1,12,0.002500001,538.9166,books-t2016-a=10
q018,a girl who discovers she is the last of a magical bloodline,Tail,StripeLocal,Conceptual,Keyword,semantic-score,1,1,1,1,0.8591367550184259,0.5830213044457034,1,2,0.000483333,117.22840000000001,books-t2016-a=10
q018,a girl who discovers she is the last of a magical bloodline,Tail,StripeLocal,Conceptual,Keyword,semantic-rerank,1,1,1,1,0.8591367550184259,0.5830213044457034,1,4,0.001016666,221.57920000000001,books-t2016-a=10
q018,a girl who discovers she is the last of a magical bloodline,Tail,StripeLocal,Conceptual,Keyword,idf-correct-sidecar,0.5594790620315574,0.2,0.1111111111111111,-0.15555555555555556,0.26938063777564175,0.2836116041397007,1,2,0.000483333,117.2731,books-t2016-a=10
q019,dystopian society divided into rigid factions,Torso,StripeLocal,Conceptual,Keyword,single-index,1,1,1,1,1,0.8787277908726202,1,1,0.000416667,130.2227,books-oracle2=10
q019,dystopian society divided into rigid factions,Torso,StripeLocal,Conceptual,Keyword,naive-score,0.7760504527012048,0.7,0.5384615384615384,0.15555555555555556,0.41638289902847087,0.9155260051911699,1,2,0.000566667,149.3817,books-t2016-a=10
q019,dystopian society divided into rigid factions,Torso,StripeLocal,Conceptual,Keyword,interleave,0.7090081386375826,0.5,0.3333333333333333,1,0.5062118724963371,0.4920155508430389,0.5,2,0.000566667,149.4091,books-t2016-a=5 | books-t2016-b=5
q019,dystopian society divided into rigid factions,Torso,StripeLocal,Conceptual,Keyword,quota-merge,0.7503360169121053,0.9,0.8181818181818182,1,0.6020566829499175,0.6773498879385955,0.9,2,0.000566667,149.3698,books-t2016-a=9 | books-t2016-b=1
q019,dystopian society divided into rigid factions,Torso,StripeLocal,Conceptual,Keyword,global-rrf,0.561078265369003,0.5,0.3333333333333333,1,0.4056938250756522,0.41078622841851326,0.5,2,0.000566667,149.373,books-t2016-a=5 | books-t2016-b=5
q019,dystopian society divided into rigid factions,Torso,StripeLocal,Conceptual,Keyword,minmax-norm,0.6599287396846203,0.7,0.5384615384615384,-0.21428571428571427,0.3673211231011256,0.7177349704682086,0.8,2,0.000566667,149.41549999999998,books-t2016-a=8 | books-t2016-b=2
q019,dystopian society divided into rigid factions,Torso,StripeLocal,Conceptual,Keyword,zscore-norm,0.5095759446321663,0.6,0.42857142857142855,-0.047619047619047616,0.31746508239351995,0.5955807573049827,0.7,2,0.000566667,149.39479999999998,books-t2016-a=7 | books-t2016-b=3
q019,dystopian society divided into rigid factions,Torso,StripeLocal,Conceptual,Keyword,idf-correct-probe,0.7760504527012048,0.7,0.5384615384615384,0.15555555555555556,0.41638289902847087,0.9155260051911699,1,14,0.0028500020000000004,663.0824,books-t2016-a=10
q019,dystopian society divided into rigid factions,Torso,StripeLocal,Conceptual,Keyword,semantic-score,1,1,1,1,0.8591367550184259,0.8787277908726202,1,2,0.000566667,149.37369999999999,books-t2016-a=10
q019,dystopian society divided into rigid factions,Torso,StripeLocal,Conceptual,Keyword,semantic-rerank,1,1,1,1,0.8591367550184259,0.8787277908726202,1,4,0.0010999999999999998,256.3721,books-t2016-a=10
q019,dystopian society divided into rigid factions,Torso,StripeLocal,Conceptual,Keyword,idf-correct-sidecar,0.7760504527012048,0.7,0.5384615384615384,0.15555555555555556,0.41638289902847087,0.9155260051911699,1,2,0.000566667,149.4124,books-t2016-a=10
q020,supernatural creatures hidden among ordinary people,Torso,StripeLocal,Conceptual,Keyword,single-index,1,1,1,1,1,0.8302431379692398,1,1,0.000433333,120.9317,books-oracle2=10
q020,supernatural creatures hidden among ordinary people,Torso,StripeLocal,Conceptual,Keyword,naive-score,0.5469160088418185,0.3,0.17647058823529413,-0.06666666666666667,0.22088969829203686,0.823724412715786,1,2,0.0010500000000000002,118.139,books-t2016-a=10
q020,supernatural creatures hidden among ordinary people,Torso,StripeLocal,Conceptual,Keyword,interleave,0.7090081386375826,0.5,0.3333333333333333,1,0.5062118724963371,0.5062457025615641,0.5,2,0.0010500000000000002,118.12639999999999,books-t2016-a=5 | books-t2016-b=5
q020,supernatural creatures hidden among ordinary people,Torso,StripeLocal,Conceptual,Keyword,quota-merge,0.7503360169121053,0.9,0.8181818181818182,1,0.6020566829499175,0.625000536003074,0.9,2,0.0010500000000000002,118.12559999999999,books-t2016-a=9 | books-t2016-b=1
q020,supernatural creatures hidden among ordinary people,Torso,StripeLocal,Conceptual,Keyword,global-rrf,0.5549366124649523,0.5,0.3333333333333333,1,0.39250384689310985,0.42212573071006176,0.5,2,0.0010500000000000002,118.1338,books-t2016-a=5 | books-t2016-b=5
q020,supernatural creatures hidden among ordinary people,Torso,StripeLocal,Conceptual,Keyword,minmax-norm,0.44200187343130154,0.3,0.17647058823529413,-0.3333333333333333,0.18052188180409295,0.674850161174833,0.9,2,0.0010500000000000002,118.1599,books-t2016-a=9 | books-t2016-b=1
q020,supernatural creatures hidden among ordinary people,Torso,StripeLocal,Conceptual,Keyword,zscore-norm,0.3467947799069084,0.1,0.05263157894736842,-0.14285714285714285,0.12703737642414709,0.582834705781143,0.7,2,0.0010500000000000002,118.1518,books-t2016-a=7 | books-t2016-b=3
q020,supernatural creatures hidden among ordinary people,Torso,StripeLocal,Conceptual,Keyword,idf-correct-probe,0.5469160088418185,0.3,0.17647058823529413,-0.06666666666666667,0.22088969829203686,0.823724412715786,1,14,0.0035333340000000004,646.6527,books-t2016-a=10
q020,supernatural creatures hidden among ordinary people,Torso,StripeLocal,Conceptual,Keyword,semantic-score,0.9997902869138835,1,1,0.9555555555555556,0.8492442713815191,0.8345582924372243,1,2,0.0010500000000000002,118.1325,books-t2016-a=10
q020,supernatural creatures hidden among ordinary people,Torso,StripeLocal,Conceptual,Keyword,semantic-rerank,0.9997902869138835,1,1,0.9555555555555556,0.8492442713815191,0.8345582924372243,1,4,0.0016000000000000003,218.8611,books-t2016-a=10
q020,supernatural creatures hidden among ordinary people,Torso,StripeLocal,Conceptual,Keyword,idf-correct-sidecar,0.5469160088418185,0.3,0.17647058823529413,-0.06666666666666667,0.22088969829203686,0.823724412715786,1,2,0.0010500000000000002,118.1708,books-t2016-a=10
q021,Victorian England social class and marriage,Torso,StripeLocal,Mixed,Keyword,single-index,1,1,1,1,1,0.9458352203602566,1,1,0.000416667,141.0321,books-oracle2=10
q021,Victorian England social class and marriage,Torso,StripeLocal,Mixed,Keyword,naive-score,0.9118072215518296,0.7,0.5384615384615384,0.28888888888888886,0.6273480441048468,0.8809750481083818,1,2,0.0009,126.2286,books-t2016-a=10
q021,Victorian England social class and marriage,Torso,StripeLocal,Mixed,Keyword,interleave,0.750279118279739,0.6,0.42857142857142855,1,0.5305502516625419,0.5765974596418076,0.6,2,0.0009,126.2129,books-t2016-a=6 | books-t2016-b=4
q021,Victorian England social class and marriage,Torso,StripeLocal,Mixed,Keyword,quota-merge,0.7503360169121053,0.9,0.8181818181818182,1,0.6020566829499175,0.7312550236209935,0.9,2,0.0009,126.2179,books-t2016-a=9 | books-t2016-b=1
q021,Victorian England social class and marriage,Torso,StripeLocal,Mixed,Keyword,global-rrf,0.5992647425272859,0.6,0.42857142857142855,1,0.4224008597219573,0.4936826942904609,0.6,2,0.0009,126.2193,books-t2016-a=6 | books-t2016-b=4
q021,Victorian England social class and marriage,Torso,StripeLocal,Mixed,Keyword,minmax-norm,0.6846862802264856,0.7,0.5384615384615384,0.2222222222222222,0.4656049914935566,0.6855831910027426,0.9,2,0.0009,126.2474,books-t2016-a=9 | books-t2016-b=1
q021,Victorian England social class and marriage,Torso,StripeLocal,Mixed,Keyword,zscore-norm,0.8326161534950653,0.7,0.5384615384615384,0.2222222222222222,0.5661230389142415,0.7668125134272682,0.9,2,0.0009,126.2369,books-t2016-a=9 | books-t2016-b=1
q021,Victorian England social class and marriage,Torso,StripeLocal,Mixed,Keyword,idf-correct-probe,0.9118072215518296,0.7,0.5384615384615384,0.28888888888888886,0.6273480441048468,0.8809750481083818,1,12,0.0028500010000000004,558.2208,books-t2016-a=10
q021,Victorian England social class and marriage,Torso,StripeLocal,Mixed,Keyword,semantic-score,1,1,1,1,0.8591367550184259,0.9458352203602566,1,2,0.0009,126.22720000000001,books-t2016-a=10
q021,Victorian England social class and marriage,Torso,StripeLocal,Mixed,Keyword,semantic-rerank,1,1,1,1,0.8591367550184259,0.9458352203602566,1,4,0.00145,224.5916,books-t2016-a=10
q021,Victorian England social class and marriage,Torso,StripeLocal,Mixed,Keyword,idf-correct-sidecar,0.9118072215518296,0.7,0.5384615384615384,0.28888888888888886,0.6273480441048468,0.8809750481083818,1,2,0.0009,126.2603,books-t2016-a=10
q022,memoir of growing up in poverty,Torso,StripeLocal,Conceptual,Keyword,single-index,1,1,1,1,1,0.8702308504891342,1,1,0.0008,121.3445,books-oracle2=10
q022,memoir of growing up in poverty,Torso,StripeLocal,Conceptual,Keyword,naive-score,0.4787051178871753,0.4,0.25,-0.3333333333333333,0.19326402046436292,0.4912400799741739,1,2,0.00043333300000000005,116.2201,books-t2016-a=10
q022,memoir of growing up in poverty,Torso,StripeLocal,Conceptual,Keyword,interleave,0.750279118279739,0.6,0.42857142857142855,1,0.5305502516625419,0.5617303664519657,0.6,2,0.00043333300000000005,116.2077,books-t2016-a=6 | books-t2016-b=4
q022,memoir of growing up in poverty,Torso,StripeLocal,Conceptual,Keyword,quota-merge,0.8982658901806848,0.9,0.8181818181818182,1,0.7025747303706025,0.7394069356884794,0.9,2,0.00043333300000000005,116.2094,books-t2016-a=9 | books-t2016-b=1
q022,memoir of growing up in poverty,Torso,StripeLocal,Conceptual,Keyword,global-rrf,0.750279118279739,0.6,0.42857142857142855,1,0.5305502516625419,0.5617303664519657,0.6,2,0.00043333300000000005,116.2108,books-t2016-a=6 | books-t2016-b=4
q022,memoir of growing up in poverty,Torso,StripeLocal,Conceptual,Keyword,minmax-norm,0.34965819653647456,0.2,0.1111111111111111,-0.21428571428571427,0.11068736945554722,0.2898041945184304,0.8,2,0.00043333300000000005,116.2338,books-t2016-a=8 | books-t2016-b=2
q022,memoir of growing up in poverty,Torso,StripeLocal,Conceptual,Keyword,zscore-norm,0.38151863662079055,0.2,0.1111111111111111,-0.21428571428571427,0.11068736945554722,0.3445508878113281,0.8,2,0.00043333300000000005,116.22800000000001,books-t2016-a=8 | books-t2016-b=2
q022,memoir of growing up in poverty,Torso,StripeLocal,Conceptual,Keyword,idf-correct-probe,0.4787051178871753,0.4,0.25,-0.3333333333333333,0.19326402046436292,0.4912400799741739,1,10,0.001966667,463.9657,books-t2016-a=10
q022,memoir of growing up in poverty,Torso,StripeLocal,Conceptual,Keyword,semantic-score,1,1,1,1,0.8591367550184259,0.8702308504891342,1,2,0.00043333300000000005,116.21170000000001,books-t2016-a=10
q022,memoir of growing up in poverty,Torso,StripeLocal,Conceptual,Keyword,semantic-rerank,1,1,1,1,0.8591367550184259,0.8702308504891342,1,4,0.000983333,221.47,books-t2016-a=10
q022,memoir of growing up in poverty,Torso,StripeLocal,Conceptual,Keyword,idf-correct-sidecar,0.4787051178871753,0.4,0.25,-0.3333333333333333,0.19326402046436292,0.4912400799741739,1,2,0.00043333300000000005,116.24340000000001,books-t2016-a=10
q023,biography of a president,Torso,StripeLocal,Mixed,Keyword,single-index,1,1,1,1,1,0.8311874307822867,1,1,0.000266667,123.1108,books-oracle2=10
q023,biography of a president,Torso,StripeLocal,Mixed,Keyword,naive-score,0.7631446828618809,0.7,0.5384615384615384,0.24444444444444444,0.4123552160343139,0.5459833449283926,1,2,0.0005666670000000001,126.1079,books-t2016-a=10
q023,biography of a president,Torso,StripeLocal,Mixed,Keyword,interleave,0.9666058194709976,0.9,0.8181818181818182,0.6444444444444445,0.7198326093395258,0.7001447357220337,0.9,2,0.0005666670000000001,126.0945,books-t2016-a=9 | books-t2016-b=1
q023,biography of a president,Torso,StripeLocal,Mixed,Keyword,quota-merge,0.9666058194709976,0.9,0.8181818181818182,0.6444444444444445,0.7198326093395258,0.7001447357220337,0.9,2,0.0005666670000000001,126.1,books-t2016-a=9 | books-t2016-b=1
q023,biography of a president,Torso,StripeLocal,Mixed,Keyword,global-rrf,0.9666058194709976,0.9,0.8181818181818182,0.6444444444444445,0.7198326093395258,0.7001447357220337,0.9,2,0.0005666670000000001,126.099,books-t2016-a=9 | books-t2016-b=1
q023,biography of a president,Torso,StripeLocal,Mixed,Keyword,minmax-norm,0.7473345052985422,0.7,0.5384615384615384,-0.06666666666666667,0.3721596778846466,0.5049148267900744,0.9,2,0.0005666670000000001,126.1199,books-t2016-a=9 | books-t2016-b=1
q023,biography of a president,Torso,StripeLocal,Mixed,Keyword,zscore-norm,0.7699517662733621,0.7,0.5384615384615384,0.24444444444444444,0.4272025821758356,0.5459833449283926,0.9,2,0.0005666670000000001,126.113,books-t2016-a=9 | books-t2016-b=1
q023,biography of a president,Torso,StripeLocal,Mixed,Keyword,idf-correct-probe,0.7631446828618809,0.7,0.5384615384615384,0.24444444444444444,0.4123552160343139,0.5459833449283926,1,6,0.0013000010000000003,301.0849,books-t2016-a=10
q023,biography of a president,Torso,StripeLocal,Mixed,Keyword,semantic-score,1,1,1,1,0.8591367550184259,0.8311874307822867,1,2,0.0005666670000000001,126.1003,books-t2016-a=10
q023,biography of a president,Torso,StripeLocal,Mixed,Keyword,semantic-rerank,1,1,1,1,0.8591367550184259,0.8311874307822867,1,4,0.0009166670000000001,227.03719999999998,books-t2016-a=10
q023,biography of a president,Torso,StripeLocal,Mixed,Keyword,idf-correct-sidecar,0.7631446828618809,0.7,0.5384615384615384,0.24444444444444444,0.4123552160343139,0.5459833449283926,1,2,0.0005666670000000001,126.1255,books-t2016-a=10
q024,behavioral economics and irrational decision making,Tail,StripeLocal,Mixed,Keyword,single-index,1,1,1,1,1,0.996413589210944,1,1,0.000366667,109.6853,books-oracle2=10
q024,behavioral economics and irrational decision making,Tail,StripeLocal,Mixed,Keyword,naive-score,0.9743119463052399,0.8,0.6666666666666666,0.6888888888888889,0.7628182698914298,0.8771495496465931,1,2,0.0008,115.1302,books-t2016-a=10
q024,behavioral economics and irrational decision making,Tail,StripeLocal,Mixed,Keyword,interleave,0.7928464332388696,0.7,0.5384615384615384,1,0.565706061685704,0.7430995284447038,0.7,2,0.0008,115.114,books-t2016-a=7 | books-t2016-b=3
q024,behavioral economics and irrational decision making,Tail,StripeLocal,Mixed,Keyword,quota-merge,0.8982658901806848,0.9,0.8181818181818182,1,0.7025747303706025,0.8500058461373946,0.9,2,0.0008,115.1165,books-t2016-a=9 | books-t2016-b=1
q024,behavioral economics and irrational decision making,Tail,StripeLocal,Mixed,Keyword,global-rrf,0.7867047803348189,0.7,0.5384615384615384,1,0.5525160835031617,0.7358139885974354,0.7,2,0.0008,115.1181,books-t2016-a=7 | books-t2016-b=3
q024,behavioral economics and irrational decision making,Tail,StripeLocal,Mixed,Keyword,minmax-norm,0.86677214942209,0.7,0.5384615384615384,0.8888888888888888,0.6477874824399122,0.7383128570505997,0.9,2,0.0008,115.1409,books-t2016-a=9 | books-t2016-b=1
q024,behavioral economics and irrational decision making,Tail,StripeLocal,Mixed,Keyword,zscore-norm,0.8998826852753016,0.7,0.5384615384615384,0.8888888888888888,0.6930206037792205,0.7694394563133906,0.9,2,0.0008,115.1347,books-t2016-a=9 | books-t2016-b=1
q024,behavioral economics and irrational decision making,Tail,StripeLocal,Mixed,Keyword,idf-correct-probe,0.9743119463052399,0.8,0.6666666666666666,0.6888888888888889,0.7628182698914298,0.8771495496465931,1,12,0.002833334,551.3408,books-t2016-a=10
q024,behavioral economics and irrational decision making,Tail,StripeLocal,Mixed,Keyword,semantic-score,1,1,1,1,0.8591367550184259,0.996413589210944,1,2,0.0008,115.1224,books-t2016-a=10
q024,behavioral economics and irrational decision making,Tail,StripeLocal,Mixed,Keyword,semantic-rerank,1,1,1,1,0.8591367550184259,0.996413589210944,1,4,0.00115,210.5417,books-t2016-a=10
q024,behavioral economics and irrational decision making,Tail,StripeLocal,Mixed,Keyword,idf-correct-sidecar,0.9743119463052399,0.8,0.6666666666666666,0.6888888888888889,0.7628182698914298,0.8771495496465931,1,2,0.0008,115.156,books-t2016-a=10
q025,habits productivity and personal effectiveness,Torso,StripeLocal,Mixed,Keyword,single-index,1,1,1,1,1,0.9007619020868619,1,1,0.000366667,115.2798,books-oracle2=10
q025,habits productivity and personal effectiveness,Torso,StripeLocal,Mixed,Keyword,naive-score,0.8783683053375434,0.6,0.42857142857142855,0.06666666666666667,0.5110126497469929,0.8758510212272971,1,2,0.00039999999999999996,121.8305,books-t2016-a=10
q025,habits productivity and personal effectiveness,Torso,StripeLocal,Mixed,Keyword,interleave,0.8397756453957087,0.8,0.6666666666666666,1,0.6183856998656723,0.7176959816759683,0.8,2,0.00039999999999999996,121.8533,books-t2016-a=8 | books-t2016-b=2
q025,habits productivity and personal effectiveness,Torso,StripeLocal,Mixed,Keyword,quota-merge,0.8982658901806848,0.9,0.8181818181818182,1,0.7025747303706025,0.8069727764867022,0.9,2,0.00039999999999999996,121.8271,books-t2016-a=9 | books-t2016-b=1
q025,habits productivity and personal effectiveness,Torso,StripeLocal,Mixed,Keyword,global-rrf,0.8397756453957087,0.8,0.6666666666666666,1,0.6183856998656723,0.7176959816759683,0.8,2,0.00039999999999999996,121.8301,books-t2016-a=8 | books-t2016-b=2
q025,habits productivity and personal effectiveness,Torso,StripeLocal,Mixed,Keyword,minmax-norm,0.7945261610595618,0.5,0.3333333333333333,0.1111111111111111,0.4575374255814109,0.7563319531273597,0.9,2,0.00039999999999999996,121.843,books-t2016-a=9 | books-t2016-b=1
q025,habits productivity and personal effectiveness,Torso,StripeLocal,Mixed,Keyword,zscore-norm,0.8246402381747877,0.5,0.3333333333333333,0.1111111111111111,0.4758568397238308,0.7935846732309992,0.9,2,0.00039999999999999996,121.83930000000001,books-t2016-a=9 | books-t2016-b=1
q025,habits productivity and personal effectiveness,Torso,StripeLocal,Mixed,Keyword,idf-correct-probe,0.8783683053375434,0.6,0.42857142857142855,0.06666666666666667,0.5110126497469929,0.8758510212272971,1,10,0.0019000010000000003,492.3556,books-t2016-a=10
q025,habits productivity and personal effectiveness,Torso,StripeLocal,Mixed,Keyword,semantic-score,1,1,1,1,0.8591367550184259,0.9007619020868619,1,2,0.00039999999999999996,121.8229,books-t2016-a=10
q025,habits productivity and personal effectiveness,Torso,StripeLocal,Mixed,Keyword,semantic-rerank,1,1,1,1,0.8591367550184259,0.9007619020868619,1,4,0.000933333,243.6556,books-t2016-a=10
q025,habits productivity and personal effectiveness,Torso,StripeLocal,Mixed,Keyword,idf-correct-sidecar,0.8783683053375434,0.6,0.42857142857142855,0.06666666666666667,0.5110126497469929,0.8758510212272971,1,2,0.00039999999999999996,121.85570000000001,books-t2016-a=10
q026,poetry collection about grief,Torso,StripeLocal,Conceptual,Keyword,single-index,1,1,1,1,1,0.5266214940679362,1,1,0.000383333,116.0616,books-oracle2=10
q026,poetry collection about grief,Torso,StripeLocal,Conceptual,Keyword,naive-score,0.7370553263688493,0.6,0.42857142857142855,-0.06666666666666667,0.38216656782146385,0.35423046405352,1,2,0.000466666,137.8155,books-t2016-a=10
q026,poetry collection about grief,Torso,StripeLocal,Conceptual,Keyword,interleave,0.7090081386375826,0.5,0.3333333333333333,1,0.5062118724963371,0.35343533807877925,0.5,2,0.000466666,137.8076,books-t2016-a=5 | books-t2016-b=5
q026,poetry collection about grief,Torso,StripeLocal,Conceptual,Keyword,quota-merge,0.8982658901806848,0.9,0.8181818181818182,1,0.7025747303706025,0.4769593183655779,0.9,2,0.000466666,137.8039,books-t2016-a=9 | books-t2016-b=1
q026,poetry collection about grief,Torso,StripeLocal,Conceptual,Keyword,global-rrf,0.7071528501369595,0.5,0.3333333333333333,1,0.5014041254488005,0.3516543119340908,0.5,2,0.000466666,137.8065,books-t2016-a=5 | books-t2016-b=5
q026,poetry collection about grief,Torso,StripeLocal,Conceptual,Keyword,minmax-norm,0.43267314572564053,0.3,0.17647058823529413,-0.3333333333333333,0.15191786612018265,0.16006581433373535,0.6,2,0.000466666,137.8299,books-t2016-a=6 | books-t2016-b=4
q026,poetry collection about grief,Torso,StripeLocal,Conceptual,Keyword,zscore-norm,0.5827433265505778,0.4,0.25,0.07142857142857142,0.2971726701165558,0.21817920756641232,0.8,2,0.000466666,137.82569999999998,books-t2016-a=8 | books-t2016-b=2
q026,poetry collection about grief,Torso,StripeLocal,Conceptual,Keyword,idf-correct-probe,0.7370553263688493,0.6,0.42857142857142855,-0.06666666666666667,0.38216656782146385,0.35423046405352,1,8,0.0015666670000000003,395.19320000000005,books-t2016-a=10
q026,poetry collection about grief,Torso,StripeLocal,Conceptual,Keyword,semantic-score,1,1,1,1,0.8591367550184259,0.5266214940679362,1,2,0.000466666,137.80769999999998,books-t2016-a=10
q026,poetry collection about grief,Torso,StripeLocal,Conceptual,Keyword,semantic-rerank,1,1,1,1,0.8591367550184259,0.5266214940679362,1,4,0.001016666,240.01729999999998,books-t2016-a=10
q026,poetry collection about grief,Torso,StripeLocal,Conceptual,Keyword,idf-correct-sidecar,0.7370553263688493,0.6,0.42857142857142855,-0.06666666666666667,0.38216656782146385,0.35423046405352,1,2,0.000466666,137.8515,books-t2016-a=10
q027,existentialist philosophy and the meaning of life,Torso,StripeLocal,Mixed,Keyword,single-index,1,1,1,1,1,0.6963089954129986,1,1,0.0004,115.3158,books-oracle2=10
q027,existentialist philosophy and the meaning of life,Torso,StripeLocal,Mixed,Keyword,naive-score,0.6374402923167026,0.5,0.3333333333333333,0.06666666666666667,0.3175638715266517,0.3198705329740252,0.9,2,0.00046666700000000004,106.351,books-t2016-a=10
q027,existentialist philosophy and the meaning of life,Torso,StripeLocal,Mixed,Keyword,interleave,0.7090081386375826,0.5,0.3333333333333333,1,0.5062118724963371,0.43437406383463406,0.5,2,0.00046666700000000004,106.3366,books-t2016-a=5 | books-t2016-b=5
q027,existentialist philosophy and the meaning of life,Torso,StripeLocal,Mixed,Keyword,quota-merge,0.8982658901806848,0.9,0.8181818181818182,1,0.7025747303706025,0.5783646677693074,0.9,2,0.00046666700000000004,106.3392,books-t2016-a=9 | books-t2016-b=1
q027,existentialist philosophy and the meaning of life,Torso,StripeLocal,Mixed,Keyword,global-rrf,0.7090081386375826,0.5,0.3333333333333333,1,0.5062118724963371,0.43437406383463406,0.5,2,0.00046666700000000004,106.3418,books-t2016-a=5 | books-t2016-b=5
q027,existentialist philosophy and the meaning of life,Torso,StripeLocal,Mixed,Keyword,minmax-norm,0.3634736597298853,0.4,0.25,0.14285714285714285,0.20925556714712398,0.1941460160402648,0.8,2,0.00046666700000000004,106.3965,books-t2016-a=8 | books-t2016-b=2
q027,existentialist philosophy and the meaning of life,Torso,StripeLocal,Mixed,Keyword,zscore-norm,0.469105504552741,0.4,0.25,0.14285714285714285,0.25471485409312866,0.23947483295400904,0.8,2,0.00046666700000000004,106.3593,books-t2016-a=8 | books-t2016-b=2
q027,existentialist philosophy and the meaning of life,Torso,StripeLocal,Mixed,Keyword,idf-correct-probe,0.6374402923167026,0.5,0.3333333333333333,0.06666666666666667,0.3175638715266517,0.3198705329740252,0.9,10,0.002166668,457.6213,books-t2016-a=10
q027,existentialist philosophy and the meaning of life,Torso,StripeLocal,Mixed,Keyword,semantic-score,1,1,1,1,0.8591367550184259,0.6963089954129986,1,2,0.00046666700000000004,106.3461,books-t2016-a=10
q027,existentialist philosophy and the meaning of life,Torso,StripeLocal,Mixed,Keyword,semantic-rerank,1,1,1,1,0.8591367550184259,0.6963089954129986,1,4,0.001116667,199.6479,books-t2016-a=10
q027,existentialist philosophy and the meaning of life,Torso,StripeLocal,Mixed,Keyword,idf-correct-sidecar,0.6374402923167026,0.5,0.3333333333333333,0.06666666666666667,0.3175638715266517,0.3198705329740252,0.9,2,0.00046666700000000004,106.37740000000001,books-t2016-a=10
q028,evolutionary biology explained for general readers,Torso,StripeLocal,Conceptual,Keyword,single-index,1,1,1,1,1,0.8154515380847709,1,1,0.000683333,118.5886,books-oracle2=10
q028,evolutionary biology explained for general readers,Torso,StripeLocal,Conceptual,Keyword,naive-score,0.8360866011688941,0.5,0.3333333333333333,0.6,0.47762357928898747,0.7452168482442885,0.9,2,0.000383333,126.9652,books-t2016-a=10
q028,evolutionary biology explained for general readers,Torso,StripeLocal,Conceptual,Keyword,interleave,0.8397756453957087,0.8,0.6666666666666666,1,0.6183856998656723,0.676862095886659,0.8,2,0.000383333,126.952,books-t2016-a=8 | books-t2016-b=2
q028,evolutionary biology explained for general readers,Torso,StripeLocal,Conceptual,Keyword,quota-merge,0.8982658901806848,0.9,0.8181818181818182,1,0.7025747303706025,0.7334828146264887,0.9,2,0.000383333,126.95609999999999,books-t2016-a=9 | books-t2016-b=1
q028,evolutionary biology explained for general readers,Torso,StripeLocal,Conceptual,Keyword,global-rrf,0.8222445934631454,0.8,0.6666666666666666,1,0.5912458270620873,0.6587885032039311,0.8,2,0.000383333,126.9563,books-t2016-a=8 | books-t2016-b=2
q028,evolutionary biology explained for general readers,Torso,StripeLocal,Conceptual,Keyword,minmax-norm,0.6520836028410666,0.5,0.3333333333333333,0.6111111111111112,0.4125022152714326,0.5194759540724612,0.8,2,0.000383333,126.9789,books-t2016-a=9 | books-t2016-b=1
q028,evolutionary biology explained for general readers,Torso,StripeLocal,Conceptual,Keyword,zscore-norm,0.8064902512855725,0.5,0.3333333333333333,0.6111111111111112,0.4709253147932833,0.6698535975951914,0.8,2,0.000383333,126.97189999999999,books-t2016-a=9 | books-t2016-b=1
q028,evolutionary biology explained for general readers,Torso,StripeLocal,Conceptual,Keyword,idf-correct-probe,0.8360866011688941,0.5,0.3333333333333333,0.6,0.47762357928898747,0.7452168482442885,0.9,12,0.002283334,566.8302,books-t2016-a=10
q028,evolutionary biology explained for general readers,Torso,StripeLocal,Conceptual,Keyword,semantic-score,1,1,1,1,0.8591367550184259,0.8154515380847709,1,2,0.000383333,126.9562,books-t2016-a=10
q028,evolutionary biology explained for general readers,Torso,StripeLocal,Conceptual,Keyword,semantic-rerank,1,1,1,1,0.8591367550184259,0.8154515380847709,1,4,0.0008999990000000001,221.7438,books-t2016-a=10
q028,evolutionary biology explained for general readers,Torso,StripeLocal,Conceptual,Keyword,idf-correct-sidecar,0.8360866011688941,0.5,0.3333333333333333,0.6,0.47762357928898747,0.7452168482442885,0.9,2,0.000383333,127.0129,books-t2016-a=10
q029,the history of the Roman empire,Torso,StripeLocal,Lexical,Keyword,single-index,1,1,1,1,1,1,1,1,0.000366667,144.9797,books-oracle2=10
q029,the history of the Roman empire,Torso,StripeLocal,Lexical,Keyword,naive-score,0.8423538170047624,0.4,0.25,0.06666666666666667,0.486949536779543,0.8686260645392271,0.9,2,0.000416667,133.56900000000002,books-t2016-a=10
q029,the history of the Roman empire,Torso,StripeLocal,Lexical,Keyword,interleave,0.8397756453957087,0.8,0.6666666666666666,1,0.6183856998656723,0.8878933618418482,0.8,2,0.000416667,133.5585,books-t2016-a=8 | books-t2016-b=2
q029,the history of the Roman empire,Torso,StripeLocal,Lexical,Keyword,quota-merge,0.7503360169121053,0.9,0.8181818181818182,1,0.6020566829499175,0.7055351418456111,0.9,2,0.000416667,133.5612,books-t2016-a=9 | books-t2016-b=1
q029,the history of the Roman empire,Torso,StripeLocal,Lexical,Keyword,global-rrf,0.6743147201945658,0.8,0.6666666666666666,1,0.49072777964140235,0.6514373675755188,0.8,2,0.000416667,133.5747,books-t2016-a=8 | books-t2016-b=2
q029,the history of the Roman empire,Torso,StripeLocal,Lexical,Keyword,minmax-norm,0.6176019785604122,0.4,0.25,0.05555555555555555,0.3710033129109886,0.6208282785729077,0.9,2,0.000416667,133.5848,books-t2016-a=9 | books-t2016-b=1
q029,the history of the Roman empire,Torso,StripeLocal,Lexical,Keyword,zscore-norm,0.797913848499037,0.4,0.25,0.05555555555555555,0.47152136033167347,0.8566305789396028,0.9,2,0.000416667,133.5787,books-t2016-a=9 | books-t2016-b=1
q029,the history of the Roman empire,Torso,StripeLocal,Lexical,Keyword,idf-correct-probe,0.8423538170047624,0.4,0.25,0.06666666666666667,0.486949536779543,0.8686260645392271,0.9,8,0.001516668,395.7508,books-t2016-a=10
q029,the history of the Roman empire,Torso,StripeLocal,Lexical,Keyword,semantic-score,1,1,1,1,0.8591367550184259,1,1,2,0.000416667,133.56230000000002,books-t2016-a=10
q029,the history of the Roman empire,Torso,StripeLocal,Lexical,Keyword,semantic-rerank,1,1,1,1,0.8591367550184259,1,1,4,0.000966667,234.2815,books-t2016-a=10
q029,the history of the Roman empire,Torso,StripeLocal,Lexical,Keyword,idf-correct-sidecar,0.8423538170047624,0.4,0.25,0.06666666666666667,0.486949536779543,0.8686260645392271,0.9,2,0.000416667,133.60330000000002,books-t2016-a=10
q030,a novel narrated by an unreliable narrator in a decaying southern town,Tail,StripeLocal,Conceptual,Keyword,single-index,1,1,1,1,1,0.384870659622864,1,1,0.000883333,122.1114,books-oracle2=10
q030,a novel narrated by an unreliable narrator in a decaying southern town,Tail,StripeLocal,Conceptual,Keyword,naive-score,0.6363427252838753,0.5,0.3333333333333333,-0.6444444444444445,0.2377552298009027,0.2986574914033283,1,2,0.001066666,121.58940000000001,books-t2016-a=10
q030,a novel narrated by an unreliable narrator in a decaying southern town,Tail,StripeLocal,Conceptual,Keyword,interleave,0.7090081386375826,0.5,0.3333333333333333,1,0.5062118724963371,0.21356431053272526,0.5,2,0.001066666,121.5747,books-t2016-a=5 | books-t2016-b=5
q030,a novel narrated by an unreliable narrator in a decaying southern town,Tail,StripeLocal,Conceptual,Keyword,quota-merge,0.8982658901806848,0.9,0.8181818181818182,1,0.7025747303706025,0.3314265792524061,0.9,2,0.001066666,121.5721,books-t2016-a=9 | books-t2016-b=1
q030,a novel narrated by an unreliable narrator in a decaying southern town,Tail,StripeLocal,Conceptual,Keyword,global-rrf,0.7090081386375826,0.5,0.3333333333333333,1,0.5062118724963371,0.21356431053272526,0.5,2,0.001066666,121.5806,books-t2016-a=5 | books-t2016-b=5
q030,a novel narrated by an unreliable narrator in a decaying southern town,Tail,StripeLocal,Conceptual,Keyword,minmax-norm,0.3224230433309791,0.2,0.1111111111111111,-0.23809523809523808,0.12077365538403105,0.19310075926226636,0.7,2,0.001066666,121.6186,books-t2016-a=7 | books-t2016-b=3
q030,a novel narrated by an unreliable narrator in a decaying southern town,Tail,StripeLocal,Conceptual,Keyword,zscore-norm,0.33069174278943947,0.2,0.1111111111111111,-0.23809523809523808,0.13066613902093777,0.19763422602044298,0.7,2,0.001066666,121.605,books-t2016-a=7 | books-t2016-b=3
q030,a novel narrated by an unreliable narrator in a decaying southern town,Tail,StripeLocal,Conceptual,Keyword,idf-correct-probe,0.6363427252838753,0.5,0.3333333333333333,-0.6444444444444445,0.2377552298009027,0.2986574914033283,1,14,0.0035166670000000002,649.0135,books-t2016-a=10
q030,a novel narrated by an unreliable narrator in a decaying southern town,Tail,StripeLocal,Conceptual,Keyword,semantic-score,1,1,1,1,0.8591367550184259,0.384870659622864,1,2,0.001066666,121.5794,books-t2016-a=10
q030,a novel narrated by an unreliable narrator in a decaying southern town,Tail,StripeLocal,Conceptual,Keyword,semantic-rerank,1,1,1,1,0.8591367550184259,0.384870659622864,1,4,0.0016166660000000001,228.56310000000002,books-t2016-a=10
q030,a novel narrated by an unreliable narrator in a decaying southern town,Tail,StripeLocal,Conceptual,Keyword,idf-correct-sidecar,0.6363427252838753,0.5,0.3333333333333333,-0.6444444444444445,0.2377552298009027,0.2986574914033283,1,2,0.001066666,121.6503,books-t2016-a=10
q031,Regency romance with a reluctant duke,Tail,StripeLocal,Mixed,Keyword,single-index,1,1,1,1,1,0.9036170842557388,1,1,0.000366667,128.8263,books-oracle2=10
q031,Regency romance with a reluctant duke,Tail,StripeLocal,Mixed,Keyword,naive-score,0.9086563301222846,0.4,0.25,0.4666666666666667,0.5851454342989295,0.868060211327897,1,2,0.000433334,135.5426,books-t2016-a=10
q031,Regency romance with a reluctant duke,Tail,StripeLocal,Mixed,Keyword,interleave,0.7090081386375826,0.5,0.3333333333333333,1,0.5062118724963371,0.7247570897552641,0.5,2,0.000433334,135.5284,books-t2016-a=5 | books-t2016-b=5
q031,Regency romance with a reluctant duke,Tail,StripeLocal,Mixed,Keyword,quota-merge,0.8982658901806848,0.9,0.8181818181818182,1,0.7025747303706025,0.8119442985396175,0.9,2,0.000433334,135.5335,books-t2016-a=9 | books-t2016-b=1
q031,Regency romance with a reluctant duke,Tail,StripeLocal,Mixed,Keyword,global-rrf,0.6979266947490356,0.5,0.3333333333333333,1,0.4805828027463588,0.7175790023270577,0.5,2,0.000433334,135.5332,books-t2016-a=5 | books-t2016-b=5
q031,Regency romance with a reluctant duke,Tail,StripeLocal,Mixed,Keyword,minmax-norm,0.7334700796421022,0.4,0.25,0.6,0.5162698741191091,0.7168042326868812,0.6,2,0.000433334,135.5541,books-t2016-a=6 | books-t2016-b=4
q031,Regency romance with a reluctant duke,Tail,StripeLocal,Mixed,Keyword,zscore-norm,0.845335390734086,0.4,0.25,0.6111111111111112,0.5301863400421197,0.8153952396655255,0.9,2,0.000433334,135.5507,books-t2016-a=9 | books-t2016-b=1
q031,Regency romance with a reluctant duke,Tail,StripeLocal,Mixed,Keyword,idf-correct-probe,0.9086563301222846,0.4,0.25,0.4666666666666667,0.5851454342989295,0.868060211327897,1,10,0.0019000020000000005,484.1386,books-t2016-a=10
q031,Regency romance with a reluctant duke,Tail,StripeLocal,Mixed,Keyword,semantic-score,1,1,1,1,0.8591367550184259,0.9036170842557388,1,2,0.000433334,135.5537,books-t2016-a=10
q031,Regency romance with a reluctant duke,Tail,StripeLocal,Mixed,Keyword,semantic-rerank,1,1,1,1,0.8591367550184259,0.9036170842557388,1,4,0.000983334,229.98329999999999,books-t2016-a=10
q031,Regency romance with a reluctant duke,Tail,StripeLocal,Mixed,Keyword,idf-correct-sidecar,0.9086563301222846,0.4,0.25,0.4666666666666667,0.5851454342989295,0.868060211327897,1,2,0.000433334,141.2262,books-t2016-a=10
q032,cookbook,Head,StripeLocal,Lexical,Keyword,single-index,1,1,1,1,1,1,1,1,0.000216667,108.1496,books-oracle2=10
q032,cookbook,Head,StripeLocal,Lexical,Keyword,naive-score,0.6948210545752929,0.6,0.42857142857142855,-0.1111111111111111,0.29538802755668275,1,1,2,0.000233334,109.8489,books-t2016-a=10
q032,cookbook,Head,StripeLocal,Lexical,Keyword,interleave,1,1,1,1,0.8687466326996596,1,1,2,0.000233334,109.8366,books-t2016-a=10
q032,cookbook,Head,StripeLocal,Lexical,Keyword,quota-merge,1,1,1,1,0.8687466326996596,1,1,2,0.000233334,109.8386,books-t2016-a=10
q032,cookbook,Head,StripeLocal,Lexical,Keyword,global-rrf,1,1,1,1,0.8687466326996596,1,1,2,0.000233334,109.841,books-t2016-a=10
q032,cookbook,Head,StripeLocal,Lexical,Keyword,minmax-norm,0.6948210545752929,0.6,0.42857142857142855,-0.1111111111111111,0.29538802755668275,1,1,2,0.000233334,109.8577,books-t2016-a=10
q032,cookbook,Head,StripeLocal,Lexical,Keyword,zscore-norm,0.6948210545752929,0.6,0.42857142857142855,-0.1111111111111111,0.29538802755668275,1,1,2,0.000233334,109.8533,books-t2016-a=10
q032,cookbook,Head,StripeLocal,Lexical,Keyword,idf-correct-probe,0.6948210545752929,0.6,0.42857142857142855,-0.1111111111111111,0.29538802755668275,1,1,4,0.000600001,195.9108,books-t2016-a=10
q032,cookbook,Head,StripeLocal,Lexical,Keyword,semantic-score,1,1,1,1,0.8687466326996596,1,1,2,0.000233334,109.84,books-t2016-a=10
q032,cookbook,Head,StripeLocal,Lexical,Keyword,semantic-rerank,1,1,1,1,0.8687466326996596,1,1,3,0.000450001,205.1881,books-t2016-a=10
q032,cookbook,Head,StripeLocal,Lexical,Keyword,idf-correct-sidecar,0.6948210545752929,0.6,0.42857142857142855,-0.1111111111111111,0.29538802755668275,1,1,2,0.000233334,109.86319999999999,books-t2016-a=10
q033,travel writing about walking across a country,Tail,StripeLocal,Conceptual,Keyword,single-index,1,1,1,1,1,0.8668697194724753,1,1,0.000416667,116.3376,books-oracle2=10
q033,travel writing about walking across a country,Tail,StripeLocal,Conceptual,Keyword,naive-score,0.6532161514109452,0.5,0.3333333333333333,0.022222222222222223,0.26452166504456903,0.6889422725611506,0.9,2,0.000966666,127.3741,books-t2016-a=10
q033,travel writing about walking across a country,Tail,StripeLocal,Conceptual,Keyword,interleave,0.7090081386375826,0.5,0.3333333333333333,1,0.5062118724963371,0.6658094116446698,0.5,2,0.000966666,127.3612,books-t2016-a=5 | books-t2016-b=5
q033,travel writing about walking across a country,Tail,StripeLocal,Conceptual,Keyword,quota-merge,0.7503360169121053,0.9,0.8181818181818182,1,0.6020566829499175,0.6196348741434116,0.9,2,0.000966666,127.3599,books-t2016-a=9 | books-t2016-b=1
q033,travel writing about walking across a country,Tail,StripeLocal,Conceptual,Keyword,global-rrf,0.5435472134364396,0.5,0.3333333333333333,1,0.3785539522720672,0.5094321170977895,0.5,2,0.000966666,127.3664,books-t2016-a=5 | books-t2016-b=5
q033,travel writing about walking across a country,Tail,StripeLocal,Conceptual,Keyword,minmax-norm,0.48264416822241923,0.4,0.25,-0.07142857142857142,0.22977022635014774,0.48755108147269977,0.7,2,0.000966666,127.3917,books-t2016-a=8 | books-t2016-b=2
q033,travel writing about walking across a country,Tail,StripeLocal,Conceptual,Keyword,zscore-norm,0.5114760728729096,0.3,0.17647058823529413,-0.047619047619047616,0.20543184718394308,0.58660686222127,0.6,2,0.000966666,127.3849,books-t2016-a=7 | books-t2016-b=3
q033,travel writing about walking across a country,Tail,StripeLocal,Conceptual,Keyword,idf-correct-probe,0.6532161514109452,0.5,0.3333333333333333,0.022222222222222223,0.26452166504456903,0.6889422725611506,0.9,10,0.0024500010000000003,527.5949,books-t2016-a=10
q033,travel writing about walking across a country,Tail,StripeLocal,Conceptual,Keyword,semantic-score,1,1,1,1,0.8591367550184259,0.8668697194724753,1,2,0.000966666,127.36999999999999,books-t2016-a=10
q033,travel writing about walking across a country,Tail,StripeLocal,Conceptual,Keyword,semantic-rerank,1,1,1,1,0.8591367550184259,0.8668697194724753,1,4,0.001516666,237.7452,books-t2016-a=10
q033,travel writing about walking across a country,Tail,StripeLocal,Conceptual,Keyword,idf-correct-sidecar,0.6532161514109452,0.5,0.3333333333333333,0.022222222222222223,0.26452166504456903,0.6889422725611506,0.9,2,0.000966666,127.4002,books-t2016-a=10
q034,startup founder building a company from nothing,Torso,StripeLocal,Conceptual,Keyword,single-index,1,1,1,1,1,0.8809750481083818,1,1,0.000366667,118.9801,books-oracle2=10
q034,startup founder building a company from nothing,Torso,StripeLocal,Conceptual,Keyword,naive-score,0.7715465207243796,0.7,0.5384615384615384,-0.06666666666666667,0.4022197051722964,0.8790778465765123,1,2,0.000416667,114.5112,books-t2016-a=10
q034,startup founder building a company from nothing,Torso,StripeLocal,Conceptual,Keyword,interleave,0.7928464332388696,0.7,0.5384615384615384,1,0.565706061685704,0.6250675609787679,0.7,2,0.000416667,114.5016,books-t2016-a=7 | books-t2016-b=3
q034,startup founder building a company from nothing,Torso,StripeLocal,Conceptual,Keyword,quota-merge,0.8982658901806848,0.9,0.8181818181818182,1,0.7025747303706025,0.7603946380673431,0.9,2,0.000416667,114.5016,books-t2016-a=9 | books-t2016-b=1
q034,startup founder building a company from nothing,Torso,StripeLocal,Conceptual,Keyword,global-rrf,0.7867047803348189,0.7,0.5384615384615384,1,0.5525160835031617,0.6183227123158221,0.7,2,0.000416667,114.5052,books-t2016-a=7 | books-t2016-b=3
q034,startup founder building a company from nothing,Torso,StripeLocal,Conceptual,Keyword,minmax-norm,0.5804472093006977,0.5,0.3333333333333333,-0.07142857142857142,0.27881745366006777,0.6475384205962826,0.8,2,0.000416667,114.5322,books-t2016-a=8 | books-t2016-b=2
q034,startup founder building a company from nothing,Torso,StripeLocal,Conceptual,Keyword,zscore-norm,0.6620060011629092,0.5,0.3333333333333333,-0.07142857142857142,0.3242767406060726,0.722513162296013,0.8,2,0.000416667,114.525,books-t2016-a=8 | books-t2016-b=2
q034,startup founder building a company from nothing,Torso,StripeLocal,Conceptual,Keyword,idf-correct-probe,0.7715465207243796,0.7,0.5384615384615384,-0.06666666666666667,0.4022197051722964,0.8790778465765123,1,12,0.002316668,549.0805,books-t2016-a=10
q034,startup founder building a company from nothing,Torso,StripeLocal,Conceptual,Keyword,semantic-score,1,1,1,1,0.8591367550184259,0.8809750481083818,1,2,0.000416667,114.5069,books-t2016-a=10
q034,startup founder building a company from nothing,Torso,StripeLocal,Conceptual,Keyword,semantic-rerank,1,1,1,1,0.8591367550184259,0.8809750481083818,1,4,0.00095,214.5752,books-t2016-a=10
q034,startup founder building a company from nothing,Torso,StripeLocal,Conceptual,Keyword,idf-correct-sidecar,0.7715465207243796,0.7,0.5384615384615384,-0.06666666666666667,0.4022197051722964,0.8790778465765123,1,2,0.000416667,114.5389,books-t2016-a=10
q035,a marriage falling apart told from both perspectives,Tail,StripeLocal,Conceptual,Keyword,single-index,1,1,1,1,1,0.22738717273230416,1,1,0.0008,122.1068,books-oracle2=10
q035,a marriage falling apart told from both perspectives,Tail,StripeLocal,Conceptual,Keyword,naive-score,0.5132201764964992,0.2,0.1111111111111111,-0.2,0.1559578872912884,0.16418013877149182,0.9,2,0.000866667,114.1591,books-t2016-a=10
q035,a marriage falling apart told from both perspectives,Tail,StripeLocal,Conceptual,Keyword,interleave,0.7090081386375826,0.5,0.3333333333333333,1,0.5062118724963371,0.12776691089815462,0.5,2,0.000866667,114.14949999999999,books-t2016-a=5 | books-t2016-b=5
q035,a marriage falling apart told from both perspectives,Tail,StripeLocal,Conceptual,Keyword,quota-merge,0.8982658901806848,0.9,0.8181818181818182,1,0.7025747303706025,0.19669319885842204,0.9,2,0.000866667,114.1488,books-t2016-a=9 | books-t2016-b=1
q035,a marriage falling apart told from both perspectives,Tail,StripeLocal,Conceptual,Keyword,global-rrf,0.702866485733532,0.5,0.3333333333333333,1,0.4930218943137949,0.12582971272031732,0.5,2,0.000866667,114.15469999999999,books-t2016-a=5 | books-t2016-b=5
q035,a marriage falling apart told from both perspectives,Tail,StripeLocal,Conceptual,Keyword,minmax-norm,0.3209365774520298,0.1,0.05263157894736842,-0.23809523809523808,0.08603703453708453,0.11240934710017654,0.7,2,0.000866667,114.1742,books-t2016-a=7 | books-t2016-b=3
q035,a marriage falling apart told from both perspectives,Tail,StripeLocal,Conceptual,Keyword,zscore-norm,0.39089568983309403,0.1,0.05263157894736842,-0.14285714285714285,0.0994353336966156,0.15708620747054378,0.8,2,0.000866667,114.1698,books-t2016-a=8 | books-t2016-b=2
q035,a marriage falling apart told from both perspectives,Tail,StripeLocal,Conceptual,Keyword,idf-correct-probe,0.5132201764964992,0.2,0.1111111111111111,-0.2,0.1559578872912884,0.16418013877149182,0.9,12,0.0031333339999999998,547.0757,books-t2016-a=10
q035,a marriage falling apart told from both perspectives,Tail,StripeLocal,Conceptual,Keyword,semantic-score,0.9528344332977449,0.9,0.8181818181818182,1,0.7932671386559154,0.2038455597748512,0.9,2,0.000866667,114.15589999999999,books-t2016-a=9 | books-t2016-b=1
q035,a marriage falling apart told from both perspectives,Tail,StripeLocal,Conceptual,Keyword,semantic-rerank,0.9528344332977449,0.9,0.8181818181818182,1,0.7932671386559154,0.2038455597748512,0.9,4,0.0014,225.73469999999998,books-t2016-a=9 | books-t2016-b=1
q035,a marriage falling apart told from both perspectives,Tail,StripeLocal,Conceptual,Keyword,idf-correct-sidecar,0.5132201764964992,0.2,0.1111111111111111,-0.2,0.1559578872912884,0.16418013877149182,0.9,2,0.000866667,114.19019999999999,books-t2016-a=10
q036,essays on race in America,Torso,StripeLocal,Mixed,Keyword,single-index,1,1,1,1,1,0.7459020150710894,1,1,0.0007,117.5473,books-oracle2=10
q036,essays on race in America,Torso,StripeLocal,Mixed,Keyword,naive-score,0.5425012007344451,0.4,0.25,-0.06666666666666667,0.20251176242339697,0.2224056687046039,0.8,2,0.000366667,173.0454,books-t2016-a=10
q036,essays on race in America,Torso,StripeLocal,Mixed,Keyword,interleave,0.8982658901806848,0.9,0.8181818181818182,1,0.7025747303706025,0.6679698418023787,0.9,2,0.000366667,173.0339,books-t2016-a=9 | books-t2016-b=1
q036,essays on race in America,Torso,StripeLocal,Mixed,Keyword,quota-merge,0.8982658901806848,0.9,0.8181818181818182,1,0.7025747303706025,0.6679698418023787,0.9,2,0.000366667,173.03439999999998,books-t2016-a=9 | books-t2016-b=1
q036,essays on race in America,Torso,StripeLocal,Mixed,Keyword,global-rrf,0.8982658901806848,0.9,0.8181818181818182,1,0.7025747303706025,0.6679698418023787,0.9,2,0.000366667,173.0376,books-t2016-a=9 | books-t2016-b=1
q036,essays on race in America,Torso,StripeLocal,Mixed,Keyword,minmax-norm,0.4790671561589066,0.4,0.25,-0.16666666666666666,0.18217246959837247,0.20085651270870478,0.7,2,0.000366667,173.05339999999998,books-t2016-a=9 | books-t2016-b=1
q036,essays on race in America,Torso,StripeLocal,Mixed,Keyword,zscore-norm,0.5111343450032702,0.4,0.25,-0.16666666666666666,0.18980381411827194,0.2065912403237671,0.7,2,0.000366667,173.0502,books-t2016-a=9 | books-t2016-b=1
q036,essays on race in America,Torso,StripeLocal,Mixed,Keyword,idf-correct-probe,0.5425012007344451,0.4,0.25,-0.06666666666666667,0.20251176242339697,0.2224056687046039,0.8,8,0.001500001,433.299,books-t2016-a=10
q036,essays on race in America,Torso,StripeLocal,Mixed,Keyword,semantic-score,1,1,1,1,0.8591367550184259,0.7459020150710894,1,2,0.000366667,173.03789999999998,books-t2016-a=10
q036,essays on race in America,Torso,StripeLocal,Mixed,Keyword,semantic-rerank,1,1,1,1,0.8591367550184259,0.7459020150710894,1,4,0.000716667,285.3225,books-t2016-a=10
q036,essays on race in America,Torso,StripeLocal,Mixed,Keyword,idf-correct-sidecar,0.5425012007344451,0.4,0.25,-0.06666666666666667,0.20251176242339697,0.2224056687046039,0.8,2,0.000366667,173.0657,books-t2016-a=10
q037,spiritual awakening and mindfulness practice,Torso,StripeLocal,Conceptual,Keyword,single-index,1,1,1,1,1,0.9094804842465699,1,1,0.00035,149.7683,books-oracle2=10
q037,spiritual awakening and mindfulness practice,Torso,StripeLocal,Conceptual,Keyword,naive-score,0.7818129230505226,0.6,0.42857142857142855,0.28888888888888886,0.38271743697097677,1,1,2,0.000366667,119.8829,books-t2016-a=10
q037,spiritual awakening and mindfulness practice,Torso,StripeLocal,Conceptual,Keyword,interleave,1,1,1,1,0.8591367550184259,0.9094804842465699,1,2,0.000366667,119.8712,books-t2016-a=10
q037,spiritual awakening and mindfulness practice,Torso,StripeLocal,Conceptual,Keyword,quota-merge,1,1,1,1,0.8591367550184259,0.9094804842465699,1,2,0.000366667,119.8699,books-t2016-a=10
q037,spiritual awakening and mindfulness practice,Torso,StripeLocal,Conceptual,Keyword,global-rrf,1,1,1,1,0.8591367550184259,0.9094804842465699,1,2,0.000366667,119.8999,books-t2016-a=10
q037,spiritual awakening and mindfulness practice,Torso,StripeLocal,Conceptual,Keyword,minmax-norm,0.7818129230505226,0.6,0.42857142857142855,0.28888888888888886,0.38271743697097677,1,1,2,0.000366667,119.89160000000001,books-t2016-a=10
q037,spiritual awakening and mindfulness practice,Torso,StripeLocal,Conceptual,Keyword,zscore-norm,0.7818129230505226,0.6,0.42857142857142855,0.28888888888888886,0.38271743697097677,1,1,2,0.000366667,119.8883,books-t2016-a=10
q037,spiritual awakening and mindfulness practice,Torso,StripeLocal,Conceptual,Keyword,idf-correct-probe,0.7818129230505226,0.6,0.42857142857142855,0.28888888888888886,0.38271743697097677,1,1,10,0.001900001,467.9144,books-t2016-a=10
q037,spiritual awakening and mindfulness practice,Torso,StripeLocal,Conceptual,Keyword,semantic-score,1,1,1,1,0.8591367550184259,0.9094804842465699,1,2,0.000366667,119.8756,books-t2016-a=10
q037,spiritual awakening and mindfulness practice,Torso,StripeLocal,Conceptual,Keyword,semantic-rerank,1,1,1,1,0.8591367550184259,0.9094804842465699,1,3,0.000766667,217.0439,books-t2016-a=10
q037,spiritual awakening and mindfulness practice,Torso,StripeLocal,Conceptual,Keyword,idf-correct-sidecar,0.7818129230505226,0.6,0.42857142857142855,0.28888888888888886,0.38271743697097677,1,1,2,0.000366667,119.90520000000001,books-t2016-a=10
q038,immigrant family adjusting to a new country,Torso,StripeLocal,Conceptual,Keyword,single-index,1,1,1,1,1,0.4885673694144746,1,1,0.000416667,118.6215,books-oracle2=10
q038,immigrant family adjusting to a new country,Torso,StripeLocal,Conceptual,Keyword,naive-score,0.653816728050011,0.6,0.42857142857142855,-0.022222222222222223,0.3350648830807941,0.4670872984165931,1,2,0.001,114.4155,books-t2016-a=10
q038,immigrant family adjusting to a new country,Torso,StripeLocal,Conceptual,Keyword,interleave,0.7090081386375826,0.5,0.3333333333333333,1,0.5062118724963371,0.36624882724413593,0.5,2,0.001,114.4051,books-t2016-a=5 | books-t2016-b=5
q038,immigrant family adjusting to a new country,Torso,StripeLocal,Conceptual,Keyword,quota-merge,0.7503360169121053,0.9,0.8181818181818182,1,0.6020566829499175,0.3734618680566413,0.9,2,0.001,114.4019,books-t2016-a=9 | books-t2016-b=1
q038,immigrant family adjusting to a new country,Torso,StripeLocal,Conceptual,Keyword,global-rrf,0.561078265369003,0.5,0.3333333333333333,1,0.4056938250756522,0.3314362604907678,0.5,2,0.001,114.4101,books-t2016-a=5 | books-t2016-b=5
q038,immigrant family adjusting to a new country,Torso,StripeLocal,Conceptual,Keyword,minmax-norm,0.3912718135781678,0.4,0.25,0.14285714285714285,0.2357247791204524,0.3659186606825093,0.7,2,0.001,114.4312,books-t2016-a=7 | books-t2016-b=3
q038,immigrant family adjusting to a new country,Torso,StripeLocal,Conceptual,Keyword,zscore-norm,0.42264314612338233,0.4,0.25,0.2857142857142857,0.24961993522910805,0.37636891548909734,0.8,2,0.001,114.4263,books-t2016-a=8 | books-t2016-b=2
q038,immigrant family adjusting to a new country,Torso,StripeLocal,Conceptual,Keyword,idf-correct-probe,0.653816728050011,0.6,0.42857142857142855,-0.022222222222222223,0.3350648830807941,0.4670872984165931,1,8,0.002116668,375.1638,books-t2016-a=10
q038,immigrant family adjusting to a new country,Torso,StripeLocal,Conceptual,Keyword,semantic-score,1,1,1,1,0.8591367550184259,0.4885673694144746,1,2,0.001,114.4085,books-t2016-a=10
q038,immigrant family adjusting to a new country,Torso,StripeLocal,Conceptual,Keyword,semantic-rerank,1,1,1,1,0.8591367550184259,0.4885673694144746,1,4,0.00165,223.2893,books-t2016-a=10
q038,immigrant family adjusting to a new country,Torso,StripeLocal,Conceptual,Keyword,idf-correct-sidecar,0.653816728050011,0.6,0.42857142857142855,-0.022222222222222223,0.3350648830807941,0.4670872984165931,1,2,0.001,114.4419,books-t2016-a=10
q039,art history and the Renaissance painters,Torso,StripeLocal,Mixed,Keyword,single-index,1,1,1,1,1,0.767504899304029,1,1,0.000366667,115.1196,books-oracle2=10
q039,art history and the Renaissance painters,Torso,StripeLocal,Mixed,Keyword,naive-score,0.8643582805420565,0.8,0.6666666666666666,0.5111111111111111,0.5633452445765943,0.6873671912085241,1,2,0.000416667,114.55869999999999,books-t2016-a=10
q039,art history and the Renaissance painters,Torso,StripeLocal,Mixed,Keyword,interleave,0.7928464332388696,0.7,0.5384615384615384,1,0.565706061685704,0.6745529658207194,0.7,2,0.000416667,114.54629999999999,books-t2016-a=7 | books-t2016-b=3
q039,art history and the Renaissance painters,Torso,StripeLocal,Mixed,Keyword,quota-merge,0.7503360169121053,0.9,0.8181818181818182,1,0.6020566829499175,0.5825915454933412,0.9,2,0.000416667,114.5469,books-t2016-a=9 | books-t2016-b=1
q039,art history and the Renaissance painters,Torso,StripeLocal,Mixed,Keyword,global-rrf,0.621243855133676,0.7,0.5384615384615384,1,0.42485816327889175,0.5225888361621926,0.7,2,0.000416667,114.55069999999999,books-t2016-a=7 | books-t2016-b=3
q039,art history and the Renaissance painters,Torso,StripeLocal,Mixed,Keyword,minmax-norm,0.6531773254994149,0.7,0.5384615384615384,0.35714285714285715,0.42612916958244884,0.5428458864744695,0.8,2,0.000416667,114.5676,books-t2016-a=8 | books-t2016-b=2
q039,art history and the Renaissance painters,Torso,StripeLocal,Mixed,Keyword,zscore-norm,0.804244235866138,0.8,0.6666666666666666,0.4444444444444444,0.4957006700879615,0.6495022001358091,0.9,2,0.000416667,114.5655,books-t2016-a=9 | books-t2016-b=1
q039,art history and the Renaissance painters,Torso,StripeLocal,Mixed,Keyword,idf-correct-probe,0.8643582805420565,0.8,0.6666666666666666,0.5111111111111111,0.5633452445765943,0.6873671912085241,1,8,0.001550001,373.2978,books-t2016-a=10
q039,art history and the Renaissance painters,Torso,StripeLocal,Mixed,Keyword,semantic-score,1,1,1,1,0.8591367550184259,0.767504899304029,1,2,0.000416667,114.5513,books-t2016-a=10
q039,art history and the Renaissance painters,Torso,StripeLocal,Mixed,Keyword,semantic-rerank,1,1,1,1,0.8591367550184259,0.767504899304029,1,4,0.000783333,209.1915,books-t2016-a=10
q039,art history and the Renaissance painters,Torso,StripeLocal,Mixed,Keyword,idf-correct-sidecar,0.8643582805420565,0.8,0.6666666666666666,0.5111111111111111,0.5633452445765943,0.6873671912085241,1,2,0.000416667,114.5833,books-t2016-a=10
q040,investing personal finance wealth,Torso,StripeLocal,Lexical,Keyword,single-index,1,1,1,1,1,0.9155260051911699,1,1,0.000366667,118.9837,books-oracle2=10
q040,investing personal finance wealth,Torso,StripeLocal,Lexical,Keyword,naive-score,0.9400254077827467,0.7,0.5384615384615384,0.6444444444444445,0.6681417528760942,0.8611375561264454,1,2,0.00039999999999999996,128.2418,books-t2016-a=10
q040,investing personal finance wealth,Torso,StripeLocal,Lexical,Keyword,interleave,0.8397756453957087,0.8,0.6666666666666666,1,0.6183856998656723,0.6903194716793352,0.8,2,0.00039999999999999996,128.2237,books-t2016-a=8 | books-t2016-b=2
q040,investing personal finance wealth,Torso,StripeLocal,Lexical,Keyword,quota-merge,0.7503360169121053,0.9,0.8181818181818182,1,0.6020566829499175,0.7001264362426346,0.9,2,0.00039999999999999996,128.2256,books-t2016-a=9 | books-t2016-b=1
q040,investing personal finance wealth,Torso,StripeLocal,Lexical,Keyword,global-rrf,0.6743147201945658,0.8,0.6666666666666666,1,0.49072777964140235,0.5938326304753202,0.8,2,0.00039999999999999996,128.2239,books-t2016-a=8 | books-t2016-b=2
q040,investing personal finance wealth,Torso,StripeLocal,Lexical,Keyword,minmax-norm,0.5803660730103848,0.6,0.42857142857142855,0.7142857142857143,0.38074786319826126,0.5323489060180919,0.8,2,0.00039999999999999996,128.2506,books-t2016-a=8 | books-t2016-b=2
q040,investing personal finance wealth,Torso,StripeLocal,Lexical,Keyword,zscore-norm,0.8701501457585988,0.6,0.42857142857142855,0.7142857142857143,0.6265501730486703,0.7312625444731047,0.8,2,0.00039999999999999996,128.2421,books-t2016-a=8 | books-t2016-b=2
q040,investing personal finance wealth,Torso,StripeLocal,Lexical,Keyword,idf-correct-probe,0.9400254077827467,0.7,0.5384615384615384,0.6444444444444445,0.6681417528760942,0.8611375561264454,1,8,0.0017,438.54690000000005,books-t2016-a=10
q040,investing personal finance wealth,Torso,StripeLocal,Lexical,Keyword,semantic-score,1,1,1,1,0.8591367550184259,0.9155260051911699,1,2,0.00039999999999999996,128.2299,books-t2016-a=10
q040,investing personal finance wealth,Torso,StripeLocal,Lexical,Keyword,semantic-rerank,1,1,1,1,0.8591367550184259,0.9155260051911699,1,4,0.000916666,240.5564,books-t2016-a=10
q040,investing personal finance wealth,Torso,StripeLocal,Lexical,Keyword,idf-correct-sidecar,0.9400254077827467,0.7,0.5384615384615384,0.6444444444444445,0.6681417528760942,0.8611375561264454,1,2,0.00039999999999999996,128.261,books-t2016-a=10
q041,love,Head,CrossStripe,Lexical,Keyword,single-index,1,1,1,1,1,0.9636452638863133,1,1,0.000383333,116.801,books-oracle2=10
q041,love,Head,CrossStripe,Lexical,Keyword,naive-score,0.8379814825886351,0.5,0.3333333333333333,0.15555555555555556,0.43886947763312206,1,1,2,0.00045000000000000004,127.0162,books-t2016-a=10
q041,love,Head,CrossStripe,Lexical,Keyword,interleave,0.750279118279739,0.6,0.42857142857142855,1,0.5305502516625419,0.618519700841442,0.6,2,0.00045000000000000004,127.0063,books-t2016-a=6 | books-t2016-b=4
q041,love,Head,CrossStripe,Lexical,Keyword,quota-merge,0.8982658901806848,0.9,0.8181818181818182,1,0.7025747303706025,0.8611375561264454,0.9,2,0.00045000000000000004,127.0032,books-t2016-a=9 | books-t2016-b=1
q041,love,Head,CrossStripe,Lexical,Keyword,global-rrf,0.7327480663471757,0.6,0.42857142857142855,1,0.5034103788589569,0.6032621820619527,0.6,2,0.00045000000000000004,127.0069,books-t2016-a=6 | books-t2016-b=4
q041,love,Head,CrossStripe,Lexical,Keyword,minmax-norm,0.5746491055174268,0.3,0.17647058823529413,0.8666666666666667,0.34984377532493666,0.5711601909662336,0.6,2,0.00045000000000000004,127.0256,books-t2016-a=6 | books-t2016-b=4
q041,love,Head,CrossStripe,Lexical,Keyword,zscore-norm,0.8379814825886351,0.5,0.3333333333333333,0.15555555555555556,0.43886947763312206,1,1,2,0.00045000000000000004,127.0215,books-t2016-a=10
q041,love,Head,CrossStripe,Lexical,Keyword,idf-correct-probe,0.8379814825886351,0.5,0.3333333333333333,0.15555555555555556,0.43886947763312206,1,1,4,0.0008500000000000001,214.4469,books-t2016-a=10
q041,love,Head,CrossStripe,Lexical,Keyword,semantic-score,0.9992302212079083,1,1,0.9555555555555556,0.8408173408760061,0.9636452638863133,1,2,0.00045000000000000004,127.0084,books-t2016-a=10
q041,love,Head,CrossStripe,Lexical,Keyword,semantic-rerank,0.9992302212079083,1,1,0.9555555555555556,0.8408173408760061,0.9636452638863133,1,4,0.0008,220.65460000000002,books-t2016-a=10
q041,love,Head,CrossStripe,Lexical,Keyword,idf-correct-sidecar,0.8379814825886351,0.5,0.3333333333333333,0.15555555555555556,0.43886947763312206,1,1,2,0.00045000000000000004,127.0342,books-t2016-a=10
q042,war,Head,CrossStripe,Lexical,Keyword,single-index,1,1,1,1,1,0.9206500320722545,1,1,0.00035,125.0721,books-oracle2=10
q042,war,Head,CrossStripe,Lexical,Keyword,naive-score,0.6435413052514504,0.5,0.3333333333333333,0.022222222222222223,0.32901409984730967,1,1,2,0.000416667,124.6404,books-t2016-a=10
q042,war,Head,CrossStripe,Lexical,Keyword,interleave,0.750279118279739,0.6,0.42857142857142855,1,0.5305502516625419,0.596259923771798,0.7,2,0.000416667,124.63130000000001,books-t2016-a=6 | books-t2016-b=4
q042,war,Head,CrossStripe,Lexical,Keyword,quota-merge,0.8982658901806848,0.9,0.8181818181818182,1,0.7025747303706025,0.798254194326994,0.9,2,0.000416667,124.6345,books-t2016-a=9 | books-t2016-b=1
q042,war,Head,CrossStripe,Lexical,Keyword,global-rrf,0.7471946157958655,0.6,0.42857142857142855,1,0.5229189071426423,0.5923272236092153,0.7,2,0.000416667,124.6359,books-t2016-a=6 | books-t2016-b=4
q042,war,Head,CrossStripe,Lexical,Keyword,minmax-norm,0.4126211461497544,0.4,0.25,0.14285714285714285,0.2426026024757337,0.8106041489232144,0.9,2,0.000416667,124.65220000000001,books-t2016-a=8 | books-t2016-b=2
q042,war,Head,CrossStripe,Lexical,Keyword,zscore-norm,0.47836420991125383,0.4,0.25,0.14285714285714285,0.2697424752793186,0.8729485209403983,0.9,2,0.000416667,124.65180000000001,books-t2016-a=8 | books-t2016-b=2
q042,war,Head,CrossStripe,Lexical,Keyword,idf-correct-probe,0.6435413052514504,0.5,0.3333333333333333,0.022222222222222223,0.32901409984730967,1,1,2,0.000416667,124.6616,books-t2016-a=10
q042,war,Head,CrossStripe,Lexical,Keyword,semantic-score,0.9665082878897354,0.9,0.8181818181818182,1,0.8347983758522218,0.8570292438733028,0.9,2,0.000416667,124.6358,books-t2016-a=9 | books-t2016-b=1
q042,war,Head,CrossStripe,Lexical,Keyword,semantic-rerank,0.9665082878897354,0.9,0.8181818181818182,1,0.8347983758522218,0.8570292438733028,0.9,4,0.000766667,228.4949,books-t2016-a=9 | books-t2016-b=1
q042,war,Head,CrossStripe,Lexical,Keyword,idf-correct-sidecar,0.6435413052514504,0.5,0.3333333333333333,0.022222222222222223,0.32901409984730967,1,1,2,0.000416667,124.65010000000001,books-t2016-a=10
q043,family,Head,CrossStripe,Lexical,Keyword,single-index,1,1,1,1,1,0.9458352203602566,1,1,0.000383333,114.9409,books-oracle2=10
q043,family,Head,CrossStripe,Lexical,Keyword,naive-score,0.7210067831938445,0.4,0.25,0.022222222222222223,0.32996484729542214,0.9636452638863133,1,2,0.00045000000000000004,115.0613,books-t2016-a=10
q043,family,Head,CrossStripe,Lexical,Keyword,interleave,0.7090081386375826,0.5,0.3333333333333333,1,0.5062118724963371,0.5241764241540953,0.6,2,0.00045000000000000004,115.05290000000001,books-t2016-a=5 | books-t2016-b=5
q043,family,Head,CrossStripe,Lexical,Keyword,quota-merge,0.8982658901806848,0.9,0.8181818181818182,1,0.7025747303706025,0.8124843460455191,0.9,2,0.00045000000000000004,115.0507,books-t2016-a=9 | books-t2016-b=1
q043,family,Head,CrossStripe,Lexical,Keyword,global-rrf,0.6834801453003456,0.5,0.3333333333333333,1,0.4610742744626733,0.5005041712652153,0.6,2,0.00045000000000000004,115.0578,books-t2016-a=5 | books-t2016-b=5
q043,family,Head,CrossStripe,Lexical,Keyword,minmax-norm,0.38823637446021886,0.3,0.17647058823529413,0.21428571428571427,0.24649819068125392,0.6410457898283652,0.8,2,0.00045000000000000004,115.0733,books-t2016-a=8 | books-t2016-b=2
q043,family,Head,CrossStripe,Lexical,Keyword,zscore-norm,0.5146802688006322,0.3,0.17647058823529413,0.21428571428571427,0.2917313120205621,0.7510916729774053,0.8,2,0.00045000000000000004,115.0705,books-t2016-a=8 | books-t2016-b=2
q043,family,Head,CrossStripe,Lexical,Keyword,idf-correct-probe,0.7210067831938445,0.4,0.25,0.022222222222222223,0.32996484729542214,0.9636452638863133,1,2,0.00045000000000000004,115.0752,books-t2016-a=10
q043,family,Head,CrossStripe,Lexical,Keyword,semantic-score,1,1,1,1,0.8591367550184259,0.9458352203602566,1,2,0.00045000000000000004,115.0549,books-t2016-a=10
q043,family,Head,CrossStripe,Lexical,Keyword,semantic-rerank,1,1,1,1,0.8591367550184259,0.9458352203602566,1,4,0.000983333,205.1756,books-t2016-a=10
q043,family,Head,CrossStripe,Lexical,Keyword,idf-correct-sidecar,0.7210067831938445,0.4,0.25,0.022222222222222223,0.32996484729542214,0.9636452638863133,1,2,0.00045000000000000004,115.0795,books-t2016-a=10
q044,death,Head,CrossStripe,Lexical,Keyword,single-index,1,1,1,1,1,0.9552009891550426,1,1,0.000333333,109.2305,books-oracle2=10
q044,death,Head,CrossStripe,Lexical,Keyword,naive-score,0.4872939146545182,0.4,0.25,-0.37777777777777777,0.1760401221680736,0.6324743418802591,0.8,2,0.000383333,108.0096,books-t2016-a=10
q044,death,Head,CrossStripe,Lexical,Keyword,interleave,0.7542256706266872,0.6,0.42857142857142855,1,0.5413676825194994,0.5864705783196168,0.6,2,0.000383333,108.0016,books-t2016-a=7 | books-t2016-b=3
q044,death,Head,CrossStripe,Lexical,Keyword,quota-merge,0.8599463584664889,0.8,0.6666666666666666,1,0.6674189203474404,0.7497840929900338,0.8,2,0.000383333,108.0007,books-t2016-a=9 | books-t2016-b=1
q044,death,Head,CrossStripe,Lexical,Keyword,global-rrf,0.7542256706266872,0.6,0.42857142857142855,1,0.5413676825194994,0.5864705783196168,0.6,2,0.000383333,108.005,books-t2016-a=7 | books-t2016-b=3
q044,death,Head,CrossStripe,Lexical,Keyword,minmax-norm,0.38157700385405147,0.3,0.17647058823529413,-0.3333333333333333,0.13700151231742555,0.47429736910244746,0.7,2,0.000383333,108.0208,books-t2016-a=9 | books-t2016-b=1
q044,death,Head,CrossStripe,Lexical,Keyword,zscore-norm,0.38157700385405147,0.3,0.17647058823529413,-0.3333333333333333,0.13700151231742555,0.47429736910244746,0.7,2,0.000383333,108.0187,books-t2016-a=9 | books-t2016-b=1
q044,death,Head,CrossStripe,Lexical,Keyword,idf-correct-probe,0.4872939146545182,0.4,0.25,-0.37777777777777777,0.1760401221680736,0.6324743418802591,0.8,4,0.00075,195.0026,books-t2016-a=10
q044,death,Head,CrossStripe,Lexical,Keyword,semantic-score,0.96085205924776,0.9,0.8181818181818182,1,0.8163496004753649,0.8818370670556825,0.9,2,0.000383333,108.0037,books-t2016-a=10
q044,death,Head,CrossStripe,Lexical,Keyword,semantic-rerank,0.96085205924776,0.9,0.8181818181818182,1,0.8163496004753649,0.8818370670556825,0.9,4,0.0009999990000000001,210.06119999999999,books-t2016-a=10
q044,death,Head,CrossStripe,Lexical,Keyword,idf-correct-sidecar,0.4872939146545182,0.4,0.25,-0.37777777777777777,0.1760401221680736,0.6324743418802591,0.8,2,0.000383333,108.0279,books-t2016-a=10
q045,friendship,Head,CrossStripe,Lexical,Keyword,single-index,1,1,1,1,1,0.9065477790741163,1,1,0.00035,110.0141,books-oracle2=10
q045,friendship,Head,CrossStripe,Lexical,Keyword,naive-score,0.6602115024820676,0.3,0.17647058823529413,0.28888888888888886,0.3046788368170653,0.761959278121219,0.9,2,0.000783334,137.4056,books-t2016-a=10
q045,friendship,Head,CrossStripe,Lexical,Keyword,interleave,0.38149104386188165,0.4,0.25,1,0.2076005632315227,0.4970218470861344,0.5,2,0.000783334,137.3955,books-t2016-a=6 | books-t2016-b=4
q045,friendship,Head,CrossStripe,Lexical,Keyword,quota-merge,0.5293961191240072,0.7,0.5384615384615384,1,0.36130562779716346,0.6847519665933876,0.8,2,0.000783334,137.3958,books-t2016-a=9 | books-t2016-b=1
q045,friendship,Head,CrossStripe,Lexical,Keyword,global-rrf,0.38149104386188165,0.4,0.25,1,0.2076005632315227,0.4970218470861344,0.5,2,0.000783334,137.39950000000002,books-t2016-a=6 | books-t2016-b=4
q045,friendship,Head,CrossStripe,Lexical,Keyword,minmax-norm,0.5233464242288866,0.3,0.17647058823529413,0.16666666666666666,0.25623362112924747,0.655759254929217,0.9,2,0.000783334,137.4143,books-t2016-a=9 | books-t2016-b=1
q045,friendship,Head,CrossStripe,Lexical,Keyword,zscore-norm,0.5570256552656527,0.3,0.17647058823529413,0.16666666666666666,0.25623362112924747,0.6905718216825851,0.9,2,0.000783334,137.4129,books-t2016-a=9 | books-t2016-b=1
q045,friendship,Head,CrossStripe,Lexical,Keyword,idf-correct-probe,0.6602115024820676,0.3,0.17647058823529413,0.28888888888888886,0.3046788368170653,0.761959278121219,0.9,4,0.001133334,224.8742,books-t2016-a=10
q045,friendship,Head,CrossStripe,Lexical,Keyword,semantic-score,0.6411062244279281,0.8,0.6666666666666666,1,0.49072777964140235,0.8032328648063682,0.9,2,0.000783334,137.4019,books-t2016-a=10
q045,friendship,Head,CrossStripe,Lexical,Keyword,semantic-rerank,0.6411062244279281,0.8,0.6666666666666666,1,0.49072777964140235,0.8032328648063682,0.9,4,0.001116667,239.4975,books-t2016-a=10
q045,friendship,Head,CrossStripe,Lexical,Keyword,idf-correct-sidecar,0.6602115024820676,0.3,0.17647058823529413,0.28888888888888886,0.3046788368170653,0.761959278121219,0.9,2,0.000783334,137.4193,books-t2016-a=10
q046,coming of age story about a teenager finding their identity,Torso,CrossStripe,Conceptual,Keyword,single-index,1,1,1,1,1,0.9513467899190737,1,1,0.000883333,117.6525,books-oracle2=10
q046,coming of age story about a teenager finding their identity,Torso,CrossStripe,Conceptual,Keyword,naive-score,0.6488173016010107,0.6,0.42857142857142855,-0.022222222222222223,0.22333238570727998,0.8173542599094301,0.9,2,0.000533333,120.4129,books-t2016-a=10
q046,coming of age story about a teenager finding their identity,Torso,CrossStripe,Conceptual,Keyword,interleave,0.7090081386375826,0.5,0.3333333333333333,1,0.5062118724963371,0.5170393563828395,0.5,2,0.000533333,120.4002,books-t2016-a=5 | books-t2016-b=5
q046,coming of age story about a teenager finding their identity,Torso,CrossStripe,Conceptual,Keyword,quota-merge,0.7503360169121053,0.9,0.8181818181818182,1,0.6020566829499175,0.7351092228569625,0.9,2,0.000533333,120.396,books-t2016-a=9 | books-t2016-b=1
q046,coming of age story about a teenager finding their identity,Torso,CrossStripe,Conceptual,Keyword,global-rrf,0.5592229768683799,0.5,0.3333333333333333,1,0.40088607802811543,0.4346814188488407,0.5,2,0.000533333,120.4062,books-t2016-a=5 | books-t2016-b=5
q046,coming of age story about a teenager finding their identity,Torso,CrossStripe,Conceptual,Keyword,minmax-norm,0.19858464496881179,0.3,0.17647058823529413,0.3333333333333333,0.09185240975161732,0.2942014298771665,0.4,2,0.000533333,120.4292,books-t2016-a=4 | books-t2016-b=6
q046,coming of age story about a teenager finding their identity,Torso,CrossStripe,Conceptual,Keyword,zscore-norm,0.34896007321115047,0.4,0.25,-0.06666666666666667,0.12398471206772897,0.5084827624374211,0.6,2,0.000533333,120.4237,books-t2016-a=6 | books-t2016-b=4
q046,coming of age story about a teenager finding their identity,Torso,CrossStripe,Conceptual,Keyword,idf-correct-probe,0.6488173016010107,0.6,0.42857142857142855,-0.022222222222222223,0.22333238570727998,0.8173542599094301,0.9,14,0.002816667,645.7411999999999,books-t2016-a=10
q046,coming of age story about a teenager finding their identity,Torso,CrossStripe,Conceptual,Keyword,semantic-score,1,1,1,1,0.8591367550184259,0.9513467899190737,1,2,0.000533333,120.40459999999999,books-t2016-a=10
q046,coming of age story about a teenager finding their identity,Torso,CrossStripe,Conceptual,Keyword,semantic-rerank,1,1,1,1,0.8591367550184259,0.9513467899190737,1,4,0.0012000000000000001,222.33839999999998,books-t2016-a=10
q046,coming of age story about a teenager finding their identity,Torso,CrossStripe,Conceptual,Keyword,idf-correct-sidecar,0.6488173016010107,0.6,0.42857142857142855,-0.022222222222222223,0.22333238570727998,0.8173542599094301,0.9,2,0.000533333,120.44359999999999,books-t2016-a=10
q047,a story about losing someone you love and learning to go on,Torso,CrossStripe,Conceptual,Keyword,single-index,1,1,1,1,1,0.47202214623534144,1,1,0.000883333,140.6855,books-oracle2=10
q047,a story about losing someone you love and learning to go on,Torso,CrossStripe,Conceptual,Keyword,naive-score,0.7509481857489985,0.8,0.6666666666666666,-0.022222222222222223,0.37158947958247524,0.2400589085271405,0.9,2,0.000533333,124.85040000000001,books-t2016-a=10
q047,a story about losing someone you love and learning to go on,Torso,CrossStripe,Conceptual,Keyword,interleave,0.7090081386375826,0.5,0.3333333333333333,1,0.5062118724963371,0.3699984186627525,0.5,2,0.000533333,124.8403,books-t2016-a=5 | books-t2016-b=5
q047,a story about losing someone you love and learning to go on,Torso,CrossStripe,Conceptual,Keyword,quota-merge,0.7503360169121053,0.9,0.8181818181818182,1,0.6020566829499175,0.3577604039687367,0.9,2,0.000533333,124.8366,books-t2016-a=9 | books-t2016-b=1
q047,a story about losing someone you love and learning to go on,Torso,CrossStripe,Conceptual,Keyword,global-rrf,0.5549366124649523,0.5,0.3333333333333333,1,0.39250384689310985,0.2858784468112502,0.5,2,0.000533333,124.8448,books-t2016-a=5 | books-t2016-b=5
q047,a story about losing someone you love and learning to go on,Torso,CrossStripe,Conceptual,Keyword,minmax-norm,0.32913861059842137,0.4,0.25,-0.3333333333333333,0.17295870714247544,0.06980638416972876,0.4,2,0.000533333,124.86680000000001,books-t2016-a=4 | books-t2016-b=6
q047,a story about losing someone you love and learning to go on,Torso,CrossStripe,Conceptual,Keyword,zscore-norm,0.4926808112968659,0.5,0.3333333333333333,-0.6,0.2340652758279568,0.1576173456663443,0.5,2,0.000533333,124.86290000000001,books-t2016-a=5 | books-t2016-b=5
q047,a story about losing someone you love and learning to go on,Torso,CrossStripe,Conceptual,Keyword,idf-correct-probe,0.7509481857489985,0.8,0.6666666666666666,-0.022222222222222223,0.37158947958247524,0.2400589085271405,0.9,8,0.001666667,383.0469,books-t2016-a=10
q047,a story about losing someone you love and learning to go on,Torso,CrossStripe,Conceptual,Keyword,semantic-score,1,1,1,1,0.8591367550184259,0.47202214623534144,1,2,0.000533333,124.846,books-t2016-a=10
q047,a story about losing someone you love and learning to go on,Torso,CrossStripe,Conceptual,Keyword,semantic-rerank,1,1,1,1,0.8591367550184259,0.47202214623534144,1,4,0.001016666,223.3023,books-t2016-a=10
q047,a story about losing someone you love and learning to go on,Torso,CrossStripe,Conceptual,Keyword,idf-correct-sidecar,0.7509481857489985,0.8,0.6666666666666666,-0.022222222222222223,0.37158947958247524,0.2400589085271405,0.9,2,0.000533333,124.8956,books-t2016-a=10
q048,World War II,Head,CrossStripe,Lexical,Keyword,single-index,1,1,1,1,1,0.911671805955201,1,1,0.0004,116.5675,books-oracle2=10
q048,World War II,Head,CrossStripe,Lexical,Keyword,naive-score,0.8078845803416977,0.7,0.5384615384615384,0.5555555555555556,0.49351263572667886,0.8842952959585678,1,2,0.000483333,112.5999,books-t2016-a=10
q048,World War II,Head,CrossStripe,Lexical,Keyword,interleave,0.7090081386375826,0.5,0.3333333333333333,1,0.5062118724963371,0.5170393563828395,0.5,2,0.000483333,112.5882,books-t2016-a=5 | books-t2016-b=5
q048,World War II,Head,CrossStripe,Lexical,Keyword,quota-merge,0.8982658901806848,0.9,0.8181818181818182,1,0.7025747303706025,0.7784789890218371,0.9,2,0.000483333,112.58630000000001,books-t2016-a=9 | books-t2016-b=1
q048,World War II,Head,CrossStripe,Lexical,Keyword,global-rrf,0.7071528501369595,0.5,0.3333333333333333,1,0.5014041254488005,0.5159107412733663,0.5,2,0.000483333,112.5951,books-t2016-a=5 | books-t2016-b=5
q048,World War II,Head,CrossStripe,Lexical,Keyword,minmax-norm,0.688139326444837,0.7,0.5384615384615384,0.2857142857142857,0.42879811345803404,0.7319999708726049,0.8,2,0.000483333,112.614,books-t2016-a=8 | books-t2016-b=2
q048,World War II,Head,CrossStripe,Lexical,Keyword,zscore-norm,0.6244293977892919,0.7,0.5384615384615384,0.2857142857142857,0.42879811345803404,0.6507706484480792,0.8,2,0.000483333,112.6045,books-t2016-a=8 | books-t2016-b=2
q048,World War II,Head,CrossStripe,Lexical,Keyword,idf-correct-probe,0.8078845803416977,0.7,0.5384615384615384,0.5555555555555556,0.49351263572667886,0.8842952959585678,1,6,0.0012000000000000001,287.3865,books-t2016-a=10
q048,World War II,Head,CrossStripe,Lexical,Keyword,semantic-score,1,1,1,1,0.8591367550184259,0.911671805955201,1,2,0.000483333,112.5904,books-t2016-a=10
q048,World War II,Head,CrossStripe,Lexical,Keyword,semantic-rerank,1,1,1,1,0.8591367550184259,0.911671805955201,1,4,0.000833333,215.8554,books-t2016-a=10
q048,World War II,Head,CrossStripe,Lexical,Keyword,idf-correct-sidecar,0.8078845803416977,0.7,0.5384615384615384,0.5555555555555556,0.49351263572667886,0.8842952959585678,1,2,0.000483333,112.61720000000001,books-t2016-a=10
q049,survival against impossible odds in a hostile environment,Torso,CrossStripe,Conceptual,Keyword,single-index,1,1,1,1,1,0.7529610672737173,1,1,0.000383333,119.7005,books-oracle2=10
q049,survival against impossible odds in a hostile environment,Torso,CrossStripe,Conceptual,Keyword,naive-score,0.531229702252958,0.4,0.25,-0.2,0.19407151263421113,0.4641352887215936,0.9,2,0.00045000000000000004,116.2,books-t2016-a=10
q049,survival against impossible odds in a hostile environment,Torso,CrossStripe,Conceptual,Keyword,interleave,0.7090081386375826,0.5,0.3333333333333333,1,0.5062118724963371,0.36624882724413593,0.5,2,0.00045000000000000004,116.1857,books-t2016-a=5 | books-t2016-b=5
q049,survival against impossible odds in a hostile environment,Torso,CrossStripe,Conceptual,Keyword,quota-merge,0.7503360169121053,0.9,0.8181818181818182,1,0.6020566829499175,0.5979999200108501,0.9,2,0.00045000000000000004,116.18430000000001,books-t2016-a=9 | books-t2016-b=1
q049,survival against impossible odds in a hostile environment,Torso,CrossStripe,Conceptual,Keyword,global-rrf,0.5435472134364396,0.5,0.3333333333333333,1,0.3785539522720672,0.32489732387098663,0.5,2,0.00045000000000000004,116.1904,books-t2016-a=5 | books-t2016-b=5
q049,survival against impossible odds in a hostile environment,Torso,CrossStripe,Conceptual,Keyword,minmax-norm,0.30853261899641493,0.2,0.1111111111111111,-0.2,0.0722451283332388,0.2540885283880231,0.6,2,0.00045000000000000004,116.2103,books-t2016-a=6 | books-t2016-b=4
q049,survival against impossible odds in a hostile environment,Torso,CrossStripe,Conceptual,Keyword,zscore-norm,0.4151916015975834,0.3,0.17647058823529413,-0.14285714285714285,0.11650265096542001,0.3594423005923048,0.8,2,0.00045000000000000004,116.2054,books-t2016-a=8 | books-t2016-b=2
q049,survival against impossible odds in a hostile environment,Torso,CrossStripe,Conceptual,Keyword,idf-correct-probe,0.531229702252958,0.4,0.25,-0.2,0.19407151263421113,0.4641352887215936,0.9,10,0.0019333340000000003,464.1699,books-t2016-a=10
q049,survival against impossible odds in a hostile environment,Torso,CrossStripe,Conceptual,Keyword,semantic-score,1,1,1,1,0.8591367550184259,0.7529610672737173,1,2,0.00045000000000000004,116.1901,books-t2016-a=10
q049,survival against impossible odds in a hostile environment,Torso,CrossStripe,Conceptual,Keyword,semantic-rerank,1,1,1,1,0.8591367550184259,0.7529610672737173,1,4,0.0008,283.7904,books-t2016-a=10
q049,survival against impossible odds in a hostile environment,Torso,CrossStripe,Conceptual,Keyword,idf-correct-sidecar,0.531229702252958,0.4,0.25,-0.2,0.19407151263421113,0.4641352887215936,0.9,2,0.00045000000000000004,116.2268,books-t2016-a=10
q050,revenge,Head,CrossStripe,Lexical,Keyword,single-index,1,1,1,1,1,0.9636452638863133,1,1,0.0003,122.1819,books-oracle2=10
q050,revenge,Head,CrossStripe,Lexical,Keyword,naive-score,0.5288051373508601,0.4,0.25,0.1111111111111111,0.22387163642892724,0.7867745979570051,0.9,2,0.00031666699999999997,116.33420000000001,books-t2016-a=10
q050,revenge,Head,CrossStripe,Lexical,Keyword,interleave,0.6674694895118615,0.7,0.5384615384615384,1,0.5267487788351172,0.8214625721625727,0.9,2,0.00031666699999999997,116.32520000000001,books-t2016-a=9 | books-t2016-b=1
q050,revenge,Head,CrossStripe,Lexical,Keyword,quota-merge,0.6674694895118615,0.7,0.5384615384615384,1,0.5267487788351172,0.8214625721625727,0.9,2,0.00031666699999999997,116.325,books-t2016-a=9 | books-t2016-b=1
q050,revenge,Head,CrossStripe,Lexical,Keyword,global-rrf,0.6674694895118615,0.7,0.5384615384615384,1,0.5267487788351172,0.8214625721625727,0.9,2,0.00031666699999999997,116.32820000000001,books-t2016-a=9 | books-t2016-b=1
q050,revenge,Head,CrossStripe,Lexical,Keyword,minmax-norm,0.425093805599732,0.4,0.25,-0.05555555555555555,0.19753238089046132,0.6441462288986695,0.9,2,0.00031666699999999997,116.3459,books-t2016-a=9 | books-t2016-b=1
q050,revenge,Head,CrossStripe,Lexical,Keyword,zscore-norm,0.49847086219491926,0.4,0.25,-0.05555555555555555,0.2158517950328811,0.7792787212923583,0.9,2,0.00031666699999999997,116.3403,books-t2016-a=9 | books-t2016-b=1
q050,revenge,Head,CrossStripe,Lexical,Keyword,idf-correct-probe,0.5288051373508601,0.4,0.25,0.1111111111111111,0.22387163642892724,0.7867745979570051,0.9,4,0.000683334,253.2195,books-t2016-a=10
q050,revenge,Head,CrossStripe,Lexical,Keyword,semantic-score,0.7513946131180256,0.7,0.5384615384615384,1,0.5345427019850243,0.9580777588003657,1,2,0.00031666699999999997,116.3281,books-t2016-a=10
q050,revenge,Head,CrossStripe,Lexical,Keyword,semantic-rerank,0.7513946131180256,0.7,0.5384615384615384,1,0.5345427019850243,0.9580777588003657,1,4,0.000833333,209.9267,books-t2016-a=10
q050,revenge,Head,CrossStripe,Lexical,Keyword,idf-correct-sidecar,0.5288051373508601,0.4,0.25,0.1111111111111111,0.22387163642892724,0.7867745979570051,0.9,2,0.00031666699999999997,116.3559,books-t2016-a=10
q051,betrayal by someone you trusted completely,Torso,CrossStripe,Conceptual,Keyword,single-index,1,1,1,1,1,0.47258712270399317,1,1,0.00075,118.275,books-oracle2=10
q051,betrayal by someone you trusted completely,Torso,CrossStripe,Conceptual,Keyword,naive-score,0.5771598132790391,0.7,0.5384615384615384,-0.6444444444444445,0.248026727035444,0.3580956418245563,1,2,0.000433334,113.9312,books-t2016-a=10
q051,betrayal by someone you trusted completely,Torso,CrossStripe,Conceptual,Keyword,interleave,0.7090081386375826,0.5,0.3333333333333333,1,0.5062118724963371,0.2447241561502993,0.5,2,0.000433334,113.9198,books-t2016-a=5 | books-t2016-b=5
q051,betrayal by someone you trusted completely,Torso,CrossStripe,Conceptual,Keyword,quota-merge,0.8982658901806848,0.9,0.8181818181818182,1,0.7025747303706025,0.40811015326636424,0.9,2,0.000433334,113.9184,books-t2016-a=9 | books-t2016-b=1
q051,betrayal by someone you trusted completely,Torso,CrossStripe,Conceptual,Keyword,global-rrf,0.7090081386375826,0.5,0.3333333333333333,1,0.5062118724963371,0.2447241561502993,0.5,2,0.000433334,113.9238,books-t2016-a=5 | books-t2016-b=5
q051,betrayal by someone you trusted completely,Torso,CrossStripe,Conceptual,Keyword,minmax-norm,0.47932762827701825,0.6,0.42857142857142855,-0.6111111111111112,0.21287091701228184,0.2990261455175923,0.9,2,0.000433334,113.9407,books-t2016-a=9 | books-t2016-b=1
q051,betrayal by someone you trusted completely,Torso,CrossStripe,Conceptual,Keyword,zscore-norm,0.4294284569410654,0.5,0.3333333333333333,-0.5714285714285714,0.18853253784607735,0.2887693189317983,0.8,2,0.000433334,113.9375,books-t2016-a=8 | books-t2016-b=2
q051,betrayal by someone you trusted completely,Torso,CrossStripe,Conceptual,Keyword,idf-correct-probe,0.5771598132790391,0.7,0.5384615384615384,-0.6444444444444445,0.248026727035444,0.3580956418245563,1,8,0.0015666680000000002,370.7457,books-t2016-a=10
q051,betrayal by someone you trusted completely,Torso,CrossStripe,Conceptual,Keyword,semantic-score,0.7503360169121053,0.9,0.8181818181818182,1,0.6020566829499175,0.36882322689956853,0.9,2,0.000433334,113.9235,books-t2016-a=9 | books-t2016-b=1
q051,betrayal by someone you trusted completely,Torso,CrossStripe,Conceptual,Keyword,semantic-rerank,0.7503360169121053,0.9,0.8181818181818182,1,0.6020566829499175,0.36882322689956853,0.9,4,0.000783334,208.7088,books-t2016-a=9 | books-t2016-b=1
q051,betrayal by someone you trusted completely,Torso,CrossStripe,Conceptual,Keyword,idf-correct-sidecar,0.5771598132790391,0.7,0.5384615384615384,-0.6444444444444445,0.248026727035444,0.3580956418245563,1,2,0.000433334,113.9509,books-t2016-a=10
q052,an orphan raised by strangers who discovers the truth about their parents,Tail,CrossStripe,Conceptual,Keyword,single-index,1,1,1,1,1,0.5897273724141199,1,1,0.000433333,120.0372,books-oracle2=10
q052,an orphan raised by strangers who discovers the truth about their parents,Tail,CrossStripe,Conceptual,Keyword,naive-score,0.610587341715364,0.4,0.25,0.28888888888888886,0.3480647445766907,0.2736616032316784,0.9,2,0.001066666,118.7738,books-t2016-a=10
q052,an orphan raised by strangers who discovers the truth about their parents,Tail,CrossStripe,Conceptual,Keyword,interleave,0.7090081386375826,0.5,0.3333333333333333,1,0.5062118724963371,0.42645191844258556,0.5,2,0.001066666,118.74,books-t2016-a=5 | books-t2016-b=5
q052,an orphan raised by strangers who discovers the truth about their parents,Tail,CrossStripe,Conceptual,Keyword,quota-merge,0.7503360169121053,0.9,0.8181818181818182,1,0.6020566829499175,0.4450135257087533,0.9,2,0.001066666,118.7335,books-t2016-a=9 | books-t2016-b=1
q052,an orphan raised by strangers who discovers the truth about their parents,Tail,CrossStripe,Conceptual,Keyword,global-rrf,0.5579937628851295,0.5,0.3333333333333333,1,0.39806248055575266,0.32413491323122484,0.5,2,0.001066666,118.7461,books-t2016-a=5 | books-t2016-b=5
q052,an orphan raised by strangers who discovers the truth about their parents,Tail,CrossStripe,Conceptual,Keyword,minmax-norm,0.2935332805028751,0.2,0.1111111111111111,0,0.17383438611527355,0.05697096475378073,0.5,2,0.001066666,118.7689,books-t2016-a=5 | books-t2016-b=5
q052,an orphan raised by strangers who discovers the truth about their parents,Tail,CrossStripe,Conceptual,Keyword,zscore-norm,0.3827208684405041,0.2,0.1111111111111111,0,0.24620738025816669,0.07936366146212503,0.5,2,0.001066666,118.7634,books-t2016-a=5 | books-t2016-b=5
q052,an orphan raised by strangers who discovers the truth about their parents,Tail,CrossStripe,Conceptual,Keyword,idf-correct-probe,0.610587341715364,0.4,0.25,0.28888888888888886,0.3480647445766907,0.2736616032316784,0.9,12,0.003,547.1922999999999,books-t2016-a=10
q052,an orphan raised by strangers who discovers the truth about their parents,Tail,CrossStripe,Conceptual,Keyword,semantic-score,1,1,1,1,0.8591367550184259,0.5897273724141199,1,2,0.001066666,118.746,books-t2016-a=10
q052,an orphan raised by strangers who discovers the truth about their parents,Tail,CrossStripe,Conceptual,Keyword,semantic-rerank,1,1,1,1,0.8591367550184259,0.5897273724141199,1,4,0.0016166660000000001,231.9351,books-t2016-a=10
q052,an orphan raised by strangers who discovers the truth about their parents,Tail,CrossStripe,Conceptual,Keyword,idf-correct-sidecar,0.610587341715364,0.4,0.25,0.28888888888888886,0.3480647445766907,0.2736616032316784,0.9,2,0.001066666,118.788,books-t2016-a=10
q053,political corruption and the abuse of power,Torso,CrossStripe,Mixed,Keyword,single-index,1,1,1,1,1,0.7531847608974032,0.9,1,0.0004,119.9552,books-oracle2=10
q053,political corruption and the abuse of power,Torso,CrossStripe,Mixed,Keyword,naive-score,0.7172404862533923,0.7,0.5384615384615384,-0.06666666666666667,0.3092499008204158,0.7991521783169468,0.9,2,0.000533333,112.76440000000001,books-t2016-a=10
q053,political corruption and the abuse of power,Torso,CrossStripe,Mixed,Keyword,interleave,0.7090081386375826,0.5,0.3333333333333333,1,0.5062118724963371,0.512976671442856,0.5,2,0.000533333,112.75240000000001,books-t2016-a=5 | books-t2016-b=5
q053,political corruption and the abuse of power,Torso,CrossStripe,Mixed,Keyword,quota-merge,0.8982658901806848,0.9,0.8181818181818182,1,0.7025747303706025,0.6294067764234096,0.8,2,0.000533333,112.7508,books-t2016-a=9 | books-t2016-b=1
q053,political corruption and the abuse of power,Torso,CrossStripe,Mixed,Keyword,global-rrf,0.701011197232909,0.5,0.3333333333333333,1,0.4882141472662583,0.5035983875244731,0.5,2,0.000533333,112.7569,books-t2016-a=5 | books-t2016-b=5
q053,political corruption and the abuse of power,Torso,CrossStripe,Mixed,Keyword,minmax-norm,0.47639316985924135,0.5,0.3333333333333333,-0.14285714285714285,0.18081765123120452,0.538218876590151,0.6,2,0.000533333,112.77510000000001,books-t2016-a=7 | books-t2016-b=3
q053,political corruption and the abuse of power,Torso,CrossStripe,Mixed,Keyword,zscore-norm,0.49069994154619134,0.5,0.3333333333333333,-0.14285714285714285,0.18081765123120452,0.5488914903790449,0.6,2,0.000533333,112.7711,books-t2016-a=7 | books-t2016-b=3
q053,political corruption and the abuse of power,Torso,CrossStripe,Mixed,Keyword,idf-correct-probe,0.7172404862533923,0.7,0.5384615384615384,-0.06666666666666667,0.3092499008204158,0.7991521783169468,0.9,10,0.002150001,456.4452,books-t2016-a=10
q053,political corruption and the abuse of power,Torso,CrossStripe,Mixed,Keyword,semantic-score,1,1,1,1,0.8591367550184259,0.7531847608974032,0.9,2,0.000533333,112.7569,books-t2016-a=10
q053,political corruption and the abuse of power,Torso,CrossStripe,Mixed,Keyword,semantic-rerank,1,1,1,1,0.8591367550184259,0.7531847608974032,0.9,4,0.000883333,215.9182,books-t2016-a=10
q053,political corruption and the abuse of power,Torso,CrossStripe,Mixed,Keyword,idf-correct-sidecar,0.7172404862533923,0.7,0.5384615384615384,-0.06666666666666667,0.3092499008204158,0.7991521783169468,0.9,2,0.000533333,112.7887,books-t2016-a=10
q054,isolation and loneliness,Torso,CrossStripe,Conceptual,Keyword,single-index,1,1,1,1,1,1,1,1,0.000333333,113.0291,books-oracle2=10
q054,isolation and loneliness,Torso,CrossStripe,Conceptual,Keyword,naive-score,0.6018877697857207,0.4,0.25,-0.022222222222222223,0.22571556486912386,0.9052116356304492,0.9,2,0.00035,122.0261,books-t2016-a=10
q054,isolation and loneliness,Torso,CrossStripe,Conceptual,Keyword,interleave,0.8982658901806848,0.9,0.8181818181818182,1,0.7025747303706025,0.8611375561264454,0.9,2,0.00035,122.0169,books-t2016-a=9 | books-t2016-b=1
q054,isolation and loneliness,Torso,CrossStripe,Conceptual,Keyword,quota-merge,0.8982658901806848,0.9,0.8181818181818182,1,0.7025747303706025,0.8611375561264454,0.9,2,0.00035,122.0167,books-t2016-a=9 | books-t2016-b=1
q054,isolation and loneliness,Torso,CrossStripe,Conceptual,Keyword,global-rrf,0.8982658901806848,0.9,0.8181818181818182,1,0.7025747303706025,0.8611375561264454,0.9,2,0.00035,122.0201,books-t2016-a=9 | books-t2016-b=1
q054,isolation and loneliness,Torso,CrossStripe,Conceptual,Keyword,minmax-norm,0.5151593347362567,0.3,0.17647058823529413,0.1111111111111111,0.18818720752037688,0.7759944384848244,0.8,2,0.00035,122.0344,books-t2016-a=9 | books-t2016-b=1
q054,isolation and loneliness,Torso,CrossStripe,Conceptual,Keyword,zscore-norm,0.5642083013090902,0.3,0.17647058823529413,0.1111111111111111,0.20137718570291913,0.8389574121760601,0.8,2,0.00035,122.0313,books-t2016-a=9 | books-t2016-b=1
q054,isolation and loneliness,Torso,CrossStripe,Conceptual,Keyword,idf-correct-probe,0.6018877697857207,0.4,0.25,-0.022222222222222223,0.22571556486912386,0.9052116356304492,0.9,6,0.001083334,293.0101,books-t2016-a=10
q054,isolation and loneliness,Torso,CrossStripe,Conceptual,Keyword,semantic-score,1,1,1,1,0.8591367550184259,1,1,2,0.00035,122.0226,books-t2016-a=10
q054,isolation and loneliness,Torso,CrossStripe,Conceptual,Keyword,semantic-rerank,1,1,1,1,0.8591367550184259,1,1,4,0.0008666660000000001,217.5775,books-t2016-a=10
q054,isolation and loneliness,Torso,CrossStripe,Conceptual,Keyword,idf-correct-sidecar,0.6018877697857207,0.4,0.25,-0.022222222222222223,0.22571556486912386,0.9052116356304492,0.9,2,0.00035,122.0407,books-t2016-a=10
q055,mother and daughter relationship across generations,Torso,CrossStripe,Conceptual,Keyword,single-index,1,1,1,1,1,0.7728093620816464,0.9,1,0.0004,147.7572,books-oracle2=10
q055,mother and daughter relationship across generations,Torso,CrossStripe,Conceptual,Keyword,naive-score,0.7629532642185927,0.7,0.5384615384615384,0.06666666666666667,0.3749016016878974,0.7153556332146364,0.9,2,0.00046666700000000004,117.94,books-t2016-a=10
q055,mother and daughter relationship across generations,Torso,CrossStripe,Conceptual,Keyword,interleave,0.7090081386375826,0.5,0.3333333333333333,1,0.5062118724963371,0.4069934732337994,0.4,2,0.00046666700000000004,117.9273,books-t2016-a=5 | books-t2016-b=5
q055,mother and daughter relationship across generations,Torso,CrossStripe,Conceptual,Keyword,quota-merge,0.7503360169121053,0.9,0.8181818181818182,1,0.6020566829499175,0.5872037834482715,0.8,2,0.00046666700000000004,117.926,books-t2016-a=9 | books-t2016-b=1
q055,mother and daughter relationship across generations,Torso,CrossStripe,Conceptual,Keyword,global-rrf,0.561078265369003,0.5,0.3333333333333333,1,0.4056938250756522,0.3257641508092738,0.4,2,0.00046666700000000004,117.9321,books-t2016-a=5 | books-t2016-b=5
q055,mother and daughter relationship across generations,Torso,CrossStripe,Conceptual,Keyword,minmax-norm,0.5573171086366503,0.5,0.3333333333333333,0.14285714285714285,0.27256627144852136,0.547015886766474,0.7,2,0.00046666700000000004,117.9518,books-t2016-a=7 | books-t2016-b=3
q055,mother and daughter relationship across generations,Torso,CrossStripe,Conceptual,Keyword,zscore-norm,0.5573171086366503,0.5,0.3333333333333333,0.14285714285714285,0.27256627144852136,0.547015886766474,0.7,2,0.00046666700000000004,117.9474,books-t2016-a=7 | books-t2016-b=3
q055,mother and daughter relationship across generations,Torso,CrossStripe,Conceptual,Keyword,idf-correct-probe,0.7629532642185927,0.7,0.5384615384615384,0.06666666666666667,0.3749016016878974,0.7153556332146364,0.9,10,0.0019666680000000004,455.3746,books-t2016-a=10
q055,mother and daughter relationship across generations,Torso,CrossStripe,Conceptual,Keyword,semantic-score,1,1,1,1,0.8591367550184259,0.7728093620816464,0.9,2,0.00046666700000000004,117.9334,books-t2016-a=10
q055,mother and daughter relationship across generations,Torso,CrossStripe,Conceptual,Keyword,semantic-rerank,1,1,1,1,0.8591367550184259,0.7728093620816464,0.9,4,0.001,212.8791,books-t2016-a=10
q055,mother and daughter relationship across generations,Torso,CrossStripe,Conceptual,Keyword,idf-correct-sidecar,0.7629532642185927,0.7,0.5384615384615384,0.06666666666666667,0.3749016016878974,0.7153556332146364,0.9,2,0.00046666700000000004,117.9953,books-t2016-a=10
q056,murder,Head,CrossStripe,Lexical,Keyword,single-index,1,1,1,1,1,0.874233276401097,1,1,0.000333333,113.7138,books-oracle2=10
q056,murder,Head,CrossStripe,Lexical,Keyword,naive-score,0.48048502813648747,0.3,0.17647058823529413,0.24444444444444444,0.1477575030596524,1,1,2,0.000383333,110.4405,books-t2016-a=10
q056,murder,Head,CrossStripe,Lexical,Keyword,interleave,0.8397756453957087,0.8,0.6666666666666666,1,0.6183856998656723,0.6405824681579917,0.8,2,0.000383333,110.4285,books-t2016-a=8 | books-t2016-b=2
q056,murder,Head,CrossStripe,Lexical,Keyword,quota-merge,0.8982658901806848,0.9,0.8181818181818182,1,0.7025747303706025,0.7353708325275424,0.9,2,0.000383333,110.4282,books-t2016-a=9 | books-t2016-b=1
q056,murder,Head,CrossStripe,Lexical,Keyword,global-rrf,0.8222445934631454,0.8,0.6666666666666666,1,0.5912458270620873,0.6253249493785024,0.8,2,0.000383333,110.43209999999999,books-t2016-a=8 | books-t2016-b=2
q056,murder,Head,CrossStripe,Lexical,Keyword,minmax-norm,0.3657706956138453,0.2,0.1111111111111111,0.5555555555555556,0.12341912389344777,0.7799082337019198,0.9,2,0.000383333,110.4474,books-t2016-a=9 | books-t2016-b=1
q056,murder,Head,CrossStripe,Lexical,Keyword,zscore-norm,0.4297363478440789,0.2,0.1111111111111111,0.5555555555555556,0.12341912389344777,0.9148568823583789,0.9,2,0.000383333,110.44409999999999,books-t2016-a=9 | books-t2016-b=1
q056,murder,Head,CrossStripe,Lexical,Keyword,idf-correct-probe,0.48048502813648747,0.3,0.17647058823529413,0.24444444444444444,0.1477575030596524,1,1,2,0.000383333,110.455,books-t2016-a=10
q056,murder,Head,CrossStripe,Lexical,Keyword,semantic-score,1,1,1,1,0.8591367550184259,0.874233276401097,1,2,0.000383333,110.4297,books-t2016-a=10
q056,murder,Head,CrossStripe,Lexical,Keyword,semantic-rerank,1,1,1,1,0.8591367550184259,0.874233276401097,1,4,0.0008999990000000001,201.0004,books-t2016-a=10
q056,murder,Head,CrossStripe,Lexical,Keyword,idf-correct-sidecar,0.48048502813648747,0.3,0.17647058823529413,0.24444444444444444,0.1477575030596524,1,1,2,0.000383333,110.4521,books-t2016-a=10
q057,a journey across a ruined landscape,Torso,CrossStripe,Conceptual,Keyword,single-index,1,1,1,1,1,0.7433080921566422,1,1,0.000383333,128.0131,books-oracle2=10
q057,a journey across a ruined landscape,Torso,CrossStripe,Conceptual,Keyword,naive-score,0.6179344798457442,0.5,0.3333333333333333,-0.28888888888888886,0.23076680049851797,0.6176475513656271,0.9,2,0.0009000000000000001,128.4494,books-t2016-a=10
q057,a journey across a ruined landscape,Torso,CrossStripe,Conceptual,Keyword,interleave,0.7090081386375826,0.5,0.3333333333333333,1,0.5062118724963371,0.44945636817208773,0.5,2,0.0009000000000000001,128.441,books-t2016-a=5 | books-t2016-b=5
q057,a journey across a ruined landscape,Torso,CrossStripe,Conceptual,Keyword,quota-merge,0.8982658901806848,0.9,0.8181818181818182,1,0.7025747303706025,0.6599924627599809,0.9,2,0.0009000000000000001,128.4392,books-t2016-a=9 | books-t2016-b=1
q057,a journey across a ruined landscape,Torso,CrossStripe,Conceptual,Keyword,global-rrf,0.7090081386375826,0.5,0.3333333333333333,1,0.5062118724963371,0.44945636817208773,0.5,2,0.0009000000000000001,128.4456,books-t2016-a=5 | books-t2016-b=5
q057,a journey across a ruined landscape,Torso,CrossStripe,Conceptual,Keyword,minmax-norm,0.377502567219263,0.3,0.17647058823529413,-0.7142857142857143,0.11844688509765841,0.38611912734829723,0.7,2,0.0009000000000000001,128.464,books-t2016-a=7 | books-t2016-b=3
q057,a journey across a ruined landscape,Torso,CrossStripe,Conceptual,Keyword,zscore-norm,0.5138978306069577,0.4,0.25,-0.7142857142857143,0.16123403964072,0.5500379222961241,0.8,2,0.0009000000000000001,128.4587,books-t2016-a=8 | books-t2016-b=2
q057,a journey across a ruined landscape,Torso,CrossStripe,Conceptual,Keyword,idf-correct-probe,0.6179344798457442,0.5,0.3333333333333333,-0.28888888888888886,0.23076680049851797,0.6176475513656271,0.9,8,0.002166667,386.07090000000005,books-t2016-a=10
q057,a journey across a ruined landscape,Torso,CrossStripe,Conceptual,Keyword,semantic-score,1,1,1,1,0.8591367550184259,0.7433080921566422,1,2,0.0009000000000000001,128.4453,books-t2016-a=10
q057,a journey across a ruined landscape,Torso,CrossStripe,Conceptual,Keyword,semantic-rerank,1,1,1,1,0.8591367550184259,0.7433080921566422,1,4,0.0014333330000000002,222.3929,books-t2016-a=10
q057,a journey across a ruined landscape,Torso,CrossStripe,Conceptual,Keyword,idf-correct-sidecar,0.6179344798457442,0.5,0.3333333333333333,-0.28888888888888886,0.23076680049851797,0.6176475513656271,0.9,2,0.0009000000000000001,128.4728,books-t2016-a=10
q058,religion faith and doubt,Torso,CrossStripe,Mixed,Keyword,single-index,1,1,1,1,1,0.9513467899190737,1,1,0.0007,115.8263,books-oracle2=10
q058,religion faith and doubt,Torso,CrossStripe,Mixed,Keyword,naive-score,0.6018233884594455,0.5,0.3333333333333333,-0.37777777777777777,0.2158532637857211,0.8519735205589275,0.9,2,0.0004,117.8451,books-t2016-a=10
q058,religion faith and doubt,Torso,CrossStripe,Mixed,Keyword,interleave,0.7928464332388696,0.7,0.5384615384615384,1,0.565706061685704,0.6482759388143466,0.7,2,0.0004,117.83,books-t2016-a=7 | books-t2016-b=3
q058,religion faith and doubt,Torso,CrossStripe,Mixed,Keyword,quota-merge,0.8982658901806848,0.9,0.8181818181818182,1,0.7025747303706025,0.816338545281488,0.9,2,0.0004,117.8293,books-t2016-a=9 | books-t2016-b=1
q058,religion faith and doubt,Torso,CrossStripe,Mixed,Keyword,global-rrf,0.7928464332388696,0.7,0.5384615384615384,1,0.565706061685704,0.6482759388143466,0.7,2,0.0004,117.8339,books-t2016-a=7 | books-t2016-b=3
q058,religion faith and doubt,Torso,CrossStripe,Mixed,Keyword,minmax-norm,0.38960500970513584,0.3,0.17647058823529413,-0.07142857142857142,0.1623687584057752,0.6591432855712495,0.7,2,0.0004,117.8505,books-t2016-a=8 | books-t2016-b=2
q058,religion faith and doubt,Torso,CrossStripe,Mixed,Keyword,zscore-norm,0.5406399857671479,0.4,0.25,-0.2777777777777778,0.18670713757197976,0.7735752515802521,0.8,2,0.0004,117.8475,books-t2016-a=9 | books-t2016-b=1
q058,religion faith and doubt,Torso,CrossStripe,Mixed,Keyword,idf-correct-probe,0.6018233884594455,0.5,0.3333333333333333,-0.37777777777777777,0.2158532637857211,0.8519735205589275,0.9,8,0.0015000010000000002,375.5962,books-t2016-a=10
q058,religion faith and doubt,Torso,CrossStripe,Mixed,Keyword,semantic-score,1,1,1,1,0.8591367550184259,0.9513467899190737,1,2,0.0004,117.8336,books-t2016-a=10
q058,religion faith and doubt,Torso,CrossStripe,Mixed,Keyword,semantic-rerank,1,1,1,1,0.8591367550184259,0.9513467899190737,1,4,0.00075,211.9803,books-t2016-a=10
q058,religion faith and doubt,Torso,CrossStripe,Mixed,Keyword,idf-correct-sidecar,0.6018233884594455,0.5,0.3333333333333333,-0.37777777777777777,0.2158532637857211,0.8519735205589275,0.9,2,0.0004,117.8675,books-t2016-a=10
q059,London,Head,CrossStripe,Lexical,Keyword,single-index,1,1,1,1,1,0.8450923023011543,1,1,0.000316667,105.9988,books-oracle2=10
q059,London,Head,CrossStripe,Lexical,Keyword,naive-score,0.845368627889495,0.5,0.3333333333333333,0.3333333333333333,0.4833252425420402,0.8985196555413975,0.9,2,0.00036666700000000005,134.8465,books-t2016-a=10
q059,London,Head,CrossStripe,Lexical,Keyword,interleave,0.7867047803348189,0.7,0.5384615384615384,1,0.5525160835031617,0.8184903835858576,0.9,2,0.00036666700000000005,134.8339,books-t2016-a=8 | books-t2016-b=2
q059,London,Head,CrossStripe,Lexical,Keyword,quota-merge,0.8381031870442944,0.8,0.6666666666666666,1,0.6183856998656723,0.8701930429604297,1,2,0.00036666700000000005,134.8347,books-t2016-a=9 | books-t2016-b=1
q059,London,Head,CrossStripe,Lexical,Keyword,global-rrf,0.7867047803348189,0.7,0.5384615384615384,1,0.5525160835031617,0.8184903835858576,0.9,2,0.00036666700000000005,134.8381,books-t2016-a=8 | books-t2016-b=2
q059,London,Head,CrossStripe,Lexical,Keyword,minmax-norm,0.7791823980144623,0.5,0.3333333333333333,0.2222222222222222,0.44939934185418223,0.9636452638863133,1,2,0.00036666700000000005,134.85240000000002,books-t2016-a=9 | books-t2016-b=1
q059,London,Head,CrossStripe,Lexical,Keyword,zscore-norm,0.8044691460599439,0.5,0.3333333333333333,0.2222222222222222,0.44939934185418223,0.9636452638863133,1,2,0.00036666700000000005,134.85060000000001,books-t2016-a=9 | books-t2016-b=1
q059,London,Head,CrossStripe,Lexical,Keyword,idf-correct-probe,0.845368627889495,0.5,0.3333333333333333,0.3333333333333333,0.4833252425420402,0.8985196555413975,0.9,4,0.000733334,220.8361,books-t2016-a=10
q059,London,Head,CrossStripe,Lexical,Keyword,semantic-score,0.8799963895720468,0.8,0.6666666666666666,1,0.6819382353474002,0.8646814734016125,1,2,0.00036666700000000005,134.8394,books-t2016-a=9 | books-t2016-b=1
q059,London,Head,CrossStripe,Lexical,Keyword,semantic-rerank,0.8799963895720468,0.8,0.6666666666666666,1,0.6819382353474002,0.8646814734016125,1,4,0.000716667,226.2337,books-t2016-a=9 | books-t2016-b=1
q059,London,Head,CrossStripe,Lexical,Keyword,idf-correct-sidecar,0.845368627889495,0.5,0.3333333333333333,0.3333333333333333,0.4833252425420402,0.8985196555413975,0.9,2,0.00036666700000000005,134.8702,books-t2016-a=10
q060,Paris,Head,CrossStripe,Lexical,Keyword,single-index,1,1,1,1,1,0.9065477790741163,1,1,0.000266667,122.7723,books-oracle2=10
q060,Paris,Head,CrossStripe,Lexical,Keyword,naive-score,0.7258822566764939,0.7,0.5384615384615384,-0.1111111111111111,0.357241476206854,0.9636452638863133,1,2,0.000283334,119.7255,books-t2016-a=10
q060,Paris,Head,CrossStripe,Lexical,Keyword,interleave,0.8854470518205627,0.9,0.8181818181818182,1,0.7025747303706025,0.8361760372634244,1,2,0.000283334,119.71379999999999,books-t2016-a=9 | books-t2016-b=1
q060,Paris,Head,CrossStripe,Lexical,Keyword,quota-merge,0.7375171785519832,0.9,0.8181818181818182,1,0.6020566829499175,0.7665509037566882,1,2,0.000283334,119.714,books-t2016-a=9 | books-t2016-b=1
q060,Paris,Head,CrossStripe,Lexical,Keyword,global-rrf,0.7375171785519832,0.9,0.8181818181818182,1,0.6020566829499175,0.7665509037566882,1,2,0.000283334,119.717,books-t2016-a=9 | books-t2016-b=1
q060,Paris,Head,CrossStripe,Lexical,Keyword,minmax-norm,0.6210943715836986,0.6,0.42857142857142855,-0.05555555555555555,0.2801341544870858,0.8809750481083818,1,2,0.000283334,119.7319,books-t2016-a=9 | books-t2016-b=1
q060,Paris,Head,CrossStripe,Lexical,Keyword,zscore-norm,0.7258822566764939,0.7,0.5384615384615384,-0.1111111111111111,0.357241476206854,0.9636452638863133,1,2,0.000283334,119.7742,books-t2016-a=10
q060,Paris,Head,CrossStripe,Lexical,Keyword,idf-correct-probe,0.7258822566764939,0.7,0.5384615384615384,-0.1111111111111111,0.357241476206854,0.9636452638863133,1,4,0.000650001,205.36090000000002,books-t2016-a=10
q060,Paris,Head,CrossStripe,Lexical,Keyword,semantic-score,0.9497064355095599,0.9,0.8181818181818182,1,0.7932671386559154,0.8918343139732646,1,2,0.000283334,119.7201,books-t2016-a=9 | books-t2016-b=1
q060,Paris,Head,CrossStripe,Lexical,Keyword,semantic-rerank,0.9497064355095599,0.9,0.8181818181818182,1,0.7932671386559154,0.8918343139732646,1,4,0.000616667,207.80579999999998,books-t2016-a=9 | books-t2016-b=1
q060,Paris,Head,CrossStripe,Lexical,Keyword,idf-correct-sidecar,0.7258822566764939,0.7,0.5384615384615384,-0.1111111111111111,0.357241476206854,0.9636452638863133,1,2,0.000283334,119.7371,books-t2016-a=10
q061,the sea and the people who make their living on it,Torso,CrossStripe,Conceptual,Keyword,single-index,1,1,1,1,1,0.16868694662780107,1,1,0.000416667,113.3873,books-oracle2=10
q061,the sea and the people who make their living on it,Torso,CrossStripe,Conceptual,Keyword,naive-score,0.681540356544132,0.6,0.42857142857142855,0.3333333333333333,0.35407398964634,0.14408545378626936,1,2,0.0005,121.3996,books-t2016-a=10
q061,the sea and the people who make their living on it,Torso,CrossStripe,Conceptual,Keyword,interleave,0.7090081386375826,0.5,0.3333333333333333,1,0.5062118724963371,0.08562594192327806,0.5,2,0.0005,121.38810000000001,books-t2016-a=5 | books-t2016-b=5
q061,the sea and the people who make their living on it,Torso,CrossStripe,Conceptual,Keyword,quota-merge,0.8982658901806848,0.9,0.8181818181818182,1,0.7025747303706025,0.15552278490465327,0.9,2,0.0005,121.38550000000001,books-t2016-a=9 | books-t2016-b=1
q061,the sea and the people who make their living on it,Torso,CrossStripe,Conceptual,Keyword,global-rrf,0.6997819832496587,0.5,0.3333333333333333,1,0.4853905497938954,0.08397829916387205,0.5,2,0.0005,121.3935,books-t2016-a=5 | books-t2016-b=5
q061,the sea and the people who make their living on it,Torso,CrossStripe,Conceptual,Keyword,minmax-norm,0.5188860577263579,0.5,0.3333333333333333,0.047619047619047616,0.24627267857955415,0.11006991286809995,0.7,2,0.0005,121.415,books-t2016-a=7 | books-t2016-b=3
q061,the sea and the people who make their living on it,Torso,CrossStripe,Conceptual,Keyword,zscore-norm,0.5615619327879878,0.5,0.3333333333333333,0.21428571428571427,0.2756021525346804,0.12156062644756346,0.8,2,0.0005,121.4102,books-t2016-a=8 | books-t2016-b=2
q061,the sea and the people who make their living on it,Torso,CrossStripe,Conceptual,Keyword,idf-correct-probe,0.681540356544132,0.6,0.42857142857142855,0.3333333333333333,0.35407398964634,0.14408545378626936,1,6,0.001233334,288.70090000000005,books-t2016-a=10
q061,the sea and the people who make their living on it,Torso,CrossStripe,Conceptual,Keyword,semantic-score,1,1,1,1,0.8591367550184259,0.16868694662780107,1,2,0.0005,121.393,books-t2016-a=10
q061,the sea and the people who make their living on it,Torso,CrossStripe,Conceptual,Keyword,semantic-rerank,1,1,1,1,0.8591367550184259,0.16868694662780107,1,4,0.0010500000000000002,213.0215,books-t2016-a=10
q061,the sea and the people who make their living on it,Torso,CrossStripe,Conceptual,Keyword,idf-correct-sidecar,0.681540356544132,0.6,0.42857142857142855,0.3333333333333333,0.35407398964634,0.14408545378626936,1,2,0.0005,121.4687,books-t2016-a=10
q062,a small town where everyone is hiding something,Torso,CrossStripe,Conceptual,Keyword,single-index,1,1,1,1,1,0.5385850302409322,1,1,0.000416667,133.4054,books-oracle2=10
q062,a small town where everyone is hiding something,Torso,CrossStripe,Conceptual,Keyword,naive-score,0.6207631424176686,0.5,0.3333333333333333,0.022222222222222223,0.3068455598720553,0.4992072306251247,1,2,0.001033334,106.7559,books-t2016-a=10
q062,a small town where everyone is hiding something,Torso,CrossStripe,Conceptual,Keyword,interleave,0.7090081386375826,0.5,0.3333333333333333,1,0.5062118724963371,0.356152373922198,0.5,2,0.001033334,106.7439,books-t2016-a=5 | books-t2016-b=5
q062,a small town where everyone is hiding something,Torso,CrossStripe,Conceptual,Keyword,quota-merge,0.8982658901806848,0.9,0.8181818181818182,1,0.7025747303706025,0.4483247934795024,0.9,2,0.001033334,106.7411,books-t2016-a=9 | books-t2016-b=1
q062,a small town where everyone is hiding something,Torso,CrossStripe,Conceptual,Keyword,global-rrf,0.701011197232909,0.5,0.3333333333333333,1,0.4882141472662583,0.35255538885776844,0.5,2,0.001033334,106.7501,books-t2016-a=5 | books-t2016-b=5
q062,a small town where everyone is hiding something,Torso,CrossStripe,Conceptual,Keyword,minmax-norm,0.2087067256020388,0.1,0.05263157894736842,-0.3333333333333333,0.04924653511809535,0.16296098641945425,0.4,2,0.001033334,106.7729,books-t2016-a=4 | books-t2016-b=6
q062,a small town where everyone is hiding something,Torso,CrossStripe,Conceptual,Keyword,zscore-norm,0.24247482116574368,0.1,0.05263157894736842,-0.3333333333333333,0.07278004708432233,0.21294555838424534,0.4,2,0.001033334,106.7684,books-t2016-a=4 | books-t2016-b=6
q062,a small town where everyone is hiding something,Torso,CrossStripe,Conceptual,Keyword,idf-correct-probe,0.6207631424176686,0.5,0.3333333333333333,0.022222222222222223,0.3068455598720553,0.4992072306251247,1,10,0.002533335,443.135,books-t2016-a=10
q062,a small town where everyone is hiding something,Torso,CrossStripe,Conceptual,Keyword,semantic-score,1,1,1,1,0.8591367550184259,0.5385850302409322,1,2,0.001033334,106.7485,books-t2016-a=10
q062,a small town where everyone is hiding something,Torso,CrossStripe,Conceptual,Keyword,semantic-rerank,1,1,1,1,0.8591367550184259,0.5385850302409322,1,4,0.001583334,223.8204,books-t2016-a=10
q062,a small town where everyone is hiding something,Torso,CrossStripe,Conceptual,Keyword,idf-correct-sidecar,0.6207631424176686,0.5,0.3333333333333333,0.022222222222222223,0.3068455598720553,0.4992072306251247,1,2,0.001033334,106.7806,books-t2016-a=10
q063,identity and what makes someone who they are,Torso,CrossStripe,Conceptual,Keyword,single-index,1,1,1,1,1,0.7766054942524037,1,1,0.00085,113.8362,books-oracle2=10
q063,identity and what makes someone who they are,Torso,CrossStripe,Conceptual,Keyword,naive-score,0.7306130447123338,0.5,0.3333333333333333,0.1111111111111111,0.3662471733190683,0.655714744292243,1,2,0.0005,118.7546,books-t2016-a=10
q063,identity and what makes someone who they are,Torso,CrossStripe,Conceptual,Keyword,interleave,0.7090081386375826,0.5,0.3333333333333333,1,0.5062118724963371,0.5170393563828395,0.5,2,0.0005,118.745,books-t2016-a=5 | books-t2016-b=5
q063,identity and what makes someone who they are,Torso,CrossStripe,Conceptual,Keyword,quota-merge,0.7503360169121053,0.9,0.8181818181818182,1,0.6020566829499175,0.6030425784629088,0.9,2,0.0005,118.7423,books-t2016-a=9 | books-t2016-b=1
q063,identity and what makes someone who they are,Torso,CrossStripe,Conceptual,Keyword,global-rrf,0.551852109981079,0.5,0.3333333333333333,1,0.38487250237321036,0.4251324851327854,0.5,2,0.0005,118.75070000000001,books-t2016-a=5 | books-t2016-b=5
q063,identity and what makes someone who they are,Torso,CrossStripe,Conceptual,Keyword,minmax-norm,0.5322176617872159,0.4,0.25,-0.23809523809523808,0.2326587273965996,0.5351893101975447,0.7,2,0.0005,118.7714,books-t2016-a=7 | books-t2016-b=3
q063,identity and what makes someone who they are,Torso,CrossStripe,Conceptual,Keyword,zscore-norm,0.5889090054098742,0.4,0.25,-0.23809523809523808,0.2778918487359077,0.5653837633117633,0.7,2,0.0005,118.7668,books-t2016-a=7 | books-t2016-b=3
q063,identity and what makes someone who they are,Torso,CrossStripe,Conceptual,Keyword,idf-correct-probe,0.7306130447123338,0.5,0.3333333333333333,0.1111111111111111,0.3662471733190683,0.655714744292243,1,4,0.0009,203.04680000000002,books-t2016-a=10
q063,identity and what makes someone who they are,Torso,CrossStripe,Conceptual,Keyword,semantic-score,1,1,1,1,0.8591367550184259,0.7766054942524037,1,2,0.0005,118.749,books-t2016-a=10
q063,identity and what makes someone who they are,Torso,CrossStripe,Conceptual,Keyword,semantic-rerank,1,1,1,1,0.8591367550184259,0.7766054942524037,1,4,0.0008500000000000001,212.0532,books-t2016-a=10
q063,identity and what makes someone who they are,Torso,CrossStripe,Conceptual,Keyword,idf-correct-sidecar,0.7306130447123338,0.5,0.3333333333333333,0.1111111111111111,0.3662471733190683,0.655714744292243,1,2,0.0005,118.7786,books-t2016-a=10
q064,father and son,Head,CrossStripe,Lexical,Keyword,single-index,1,1,1,1,1,0.8147830871320675,1,1,0.00035,114.0958,books-oracle2=10
q064,father and son,Head,CrossStripe,Lexical,Keyword,naive-score,0.7651424677831477,0.3,0.17647058823529413,0.022222222222222223,0.37941998564389157,0.8472383874193253,1,2,0.0004,114.33239999999999,books-t2016-a=10
q064,father and son,Head,CrossStripe,Lexical,Keyword,interleave,0.7928464332388696,0.7,0.5384615384615384,1,0.565706061685704,0.6014381564376422,0.7,2,0.0004,114.3239,books-t2016-a=7 | books-t2016-b=3
q064,father and son,Head,CrossStripe,Lexical,Keyword,quota-merge,0.8982658901806848,0.9,0.8181818181818182,1,0.7025747303706025,0.6908362429137304,0.9,2,0.0004,114.3231,books-t2016-a=9 | books-t2016-b=1
q064,father and son,Head,CrossStripe,Lexical,Keyword,global-rrf,0.7928464332388696,0.7,0.5384615384615384,1,0.565706061685704,0.6014381564376422,0.7,2,0.0004,114.3284,books-t2016-a=7 | books-t2016-b=3
q064,father and son,Head,CrossStripe,Lexical,Keyword,minmax-norm,0.6756021911325988,0.3,0.17647058823529413,0,0.3449463563807249,0.7040680811502366,0.8,2,0.0004,114.3443,books-t2016-a=8 | books-t2016-b=2
q064,father and son,Head,CrossStripe,Lexical,Keyword,zscore-norm,0.697009118377271,0.3,0.17647058823529413,0,0.3449463563807249,0.7413311377035069,0.8,2,0.0004,114.3416,books-t2016-a=8 | books-t2016-b=2
q064,father and son,Head,CrossStripe,Lexical,Keyword,idf-correct-probe,0.7651424677831477,0.3,0.17647058823529413,0.022222222222222223,0.37941998564389157,0.8472383874193253,1,6,0.0011333340000000002,280.8004,books-t2016-a=10
q064,father and son,Head,CrossStripe,Lexical,Keyword,semantic-score,1,1,1,1,0.8591367550184259,0.8147830871320675,1,2,0.0004,114.331,books-t2016-a=10
q064,father and son,Head,CrossStripe,Lexical,Keyword,semantic-rerank,1,1,1,1,0.8591367550184259,0.8147830871320675,1,4,0.000916666,204.0162,books-t2016-a=10
q064,father and son,Head,CrossStripe,Lexical,Keyword,idf-correct-sidecar,0.7651424677831477,0.3,0.17647058823529413,0.022222222222222223,0.37941998564389157,0.8472383874193253,1,2,0.0004,114.3514,books-t2016-a=10
q065,escape from captivity,Torso,CrossStripe,Conceptual,Keyword,single-index,1,1,1,1,1,0.6829708425885647,1,1,0.000316667,140.4752,books-oracle2=10
q065,escape from captivity,Torso,CrossStripe,Conceptual,Keyword,naive-score,0.5798299323112802,0.5,0.3333333333333333,-0.022222222222222223,0.2671329796304138,0.825763175064137,0.9,2,0.00036666700000000005,116.8349,books-t2016-a=10
q065,escape from captivity,Torso,CrossStripe,Conceptual,Keyword,interleave,0.7928464332388696,0.7,0.5384615384615384,1,0.565706061685704,0.4573785961802305,0.7,2,0.00036666700000000005,116.8228,books-t2016-a=7 | books-t2016-b=3
q065,escape from captivity,Torso,CrossStripe,Conceptual,Keyword,quota-merge,0.7503360169121053,0.9,0.8181818181818182,1,0.6020566829499175,0.5758753356156887,0.9,2,0.00036666700000000005,116.82169999999999,books-t2016-a=9 | books-t2016-b=1
q065,escape from captivity,Torso,CrossStripe,Conceptual,Keyword,global-rrf,0.6449165599702898,0.7,0.5384615384615384,1,0.465188014265019,0.44577440726244116,0.7,2,0.00036666700000000005,116.8274,books-t2016-a=7 | books-t2016-b=3
q065,escape from captivity,Torso,CrossStripe,Conceptual,Keyword,minmax-norm,0.4593506376835007,0.4,0.25,0.05555555555555555,0.20647746109171042,0.6198142466439147,0.8,2,0.00036666700000000005,116.8484,books-t2016-a=9 | books-t2016-b=1
q065,escape from captivity,Torso,CrossStripe,Conceptual,Keyword,zscore-norm,0.5179329277585251,0.4,0.25,0.05555555555555555,0.20647746109171042,0.7363990664127359,0.8,2,0.00036666700000000005,116.845,books-t2016-a=9 | books-t2016-b=1
q065,escape from captivity,Torso,CrossStripe,Conceptual,Keyword,idf-correct-probe,0.5798299323112802,0.5,0.3333333333333333,-0.022222222222222223,0.2671329796304138,0.825763175064137,0.9,6,0.0011000010000000002,288.2296,books-t2016-a=10
q065,escape from captivity,Torso,CrossStripe,Conceptual,Keyword,semantic-score,1,1,1,1,0.8591367550184259,0.6829708425885647,1,2,0.00036666700000000005,116.8235,books-t2016-a=10
q065,escape from captivity,Torso,CrossStripe,Conceptual,Keyword,semantic-rerank,1,1,1,1,0.8591367550184259,0.6829708425885647,1,4,0.000883333,208.21249999999998,books-t2016-a=10
q065,escape from captivity,Torso,CrossStripe,Conceptual,Keyword,idf-correct-sidecar,0.5798299323112802,0.5,0.3333333333333333,-0.022222222222222223,0.2671329796304138,0.825763175064137,0.9,2,0.00036666700000000005,116.8529,books-t2016-a=10
q066,a secret that destroys a community when it comes out,Torso,CrossStripe,Conceptual,Keyword,single-index,1,1,1,1,1,0.5272025967400592,1,1,0.000416667,144.6555,books-oracle2=10
q066,a secret that destroys a community when it comes out,Torso,CrossStripe,Conceptual,Keyword,naive-score,0.6448961436589712,0.3,0.17647058823529413,-0.2,0.2716823163465315,0.2990409050394851,0.9,2,0.0009833329999999999,113.25930000000001,books-t2016-a=10
q066,a secret that destroys a community when it comes out,Torso,CrossStripe,Conceptual,Keyword,interleave,0.7090081386375826,0.5,0.3333333333333333,1,0.5062118724963371,0.38998054033477086,0.5,2,0.0009833329999999999,113.2501,books-t2016-a=5 | books-t2016-b=5
q066,a secret that destroys a community when it comes out,Torso,CrossStripe,Conceptual,Keyword,quota-merge,0.8982658901806848,0.9,0.8181818181818182,1,0.7025747303706025,0.47480696973363024,0.9,2,0.0009833329999999999,113.2482,books-t2016-a=9 | books-t2016-b=1
q066,a secret that destroys a community when it comes out,Torso,CrossStripe,Conceptual,Keyword,global-rrf,0.702866485733532,0.5,0.3333333333333333,1,0.4930218943137949,0.38998054033477086,0.5,2,0.0009833329999999999,113.25540000000001,books-t2016-a=5 | books-t2016-b=5
q066,a secret that destroys a community when it comes out,Torso,CrossStripe,Conceptual,Keyword,minmax-norm,0.3849229075243908,0.2,0.1111111111111111,-0.6,0.10311389601743438,0.19548076094412284,0.6,2,0.0009833329999999999,113.2753,books-t2016-a=6 | books-t2016-b=4
q066,a secret that destroys a community when it comes out,Torso,CrossStripe,Conceptual,Keyword,zscore-norm,0.4663902120529689,0.3,0.17647058823529413,-0.5238095238095238,0.15145968422313869,0.22237342699066037,0.7,2,0.0009833329999999999,113.2701,books-t2016-a=7 | books-t2016-b=3
q066,a secret that destroys a community when it comes out,Torso,CrossStripe,Conceptual,Keyword,idf-correct-probe,0.6448961436589712,0.3,0.17647058823529413,-0.2,0.2716823163465315,0.2990409050394851,0.9,12,0.003066667,534.8408,books-t2016-a=10
q066,a secret that destroys a community when it comes out,Torso,CrossStripe,Conceptual,Keyword,semantic-score,0.9575862646317291,0.9,0.8181818181818182,1,0.8064571168384576,0.4786110335796825,0.9,2,0.0009833329999999999,113.2553,books-t2016-a=9 | books-t2016-b=1
q066,a secret that destroys a community when it comes out,Torso,CrossStripe,Conceptual,Keyword,semantic-rerank,0.9575862646317291,0.9,0.8181818181818182,1,0.8064571168384576,0.4786110335796825,0.9,4,0.0016333329999999998,207.2046,books-t2016-a=9 | books-t2016-b=1
q066,a secret that destroys a community when it comes out,Torso,CrossStripe,Conceptual,Keyword,idf-correct-sidecar,0.6448961436589712,0.3,0.17647058823529413,-0.2,0.2716823163465315,0.2990409050394851,0.9,2,0.0009833329999999999,113.2887,books-t2016-a=10
q067,the American South,Torso,CrossStripe,Lexical,Keyword,single-index,1,1,1,1,1,0.6029888954823899,1,1,0.00035,109.6123,books-oracle2=10
q067,the American South,Torso,CrossStripe,Lexical,Keyword,naive-score,0.5052621067119192,0.1,0.05263157894736842,0.15555555555555556,0.142915205539954,0.3012540395482073,1,2,0.000366667,125.4179,books-t2016-a=10
q067,the American South,Torso,CrossStripe,Lexical,Keyword,interleave,0.8538484439374456,0.8,0.6666666666666666,1,0.6498950921906343,0.5527710453475877,0.9,2,0.000366667,125.4061,books-t2016-a=9 | books-t2016-b=1
q067,the American South,Torso,CrossStripe,Lexical,Keyword,quota-merge,0.8538484439374456,0.8,0.6666666666666666,1,0.6498950921906343,0.5527710453475877,0.9,2,0.000366667,125.4076,books-t2016-a=9 | books-t2016-b=1
q067,the American South,Torso,CrossStripe,Lexical,Keyword,global-rrf,0.8538484439374456,0.8,0.6666666666666666,1,0.6498950921906343,0.5527710453475877,0.9,2,0.000366667,125.4099,books-t2016-a=9 | books-t2016-b=1
q067,the American South,Torso,CrossStripe,Lexical,Keyword,minmax-norm,0.4436632845651232,0.1,0.05263157894736842,-0.05555555555555555,0.13024100689473003,0.27860744579408564,0.9,2,0.000366667,125.4251,books-t2016-a=9 | books-t2016-b=1
q067,the American South,Torso,CrossStripe,Lexical,Keyword,zscore-norm,0.47901649906617116,0.1,0.05263157894736842,-0.05555555555555555,0.14013349053163673,0.30012542443873413,0.9,2,0.000366667,125.4222,books-t2016-a=9 | books-t2016-b=1
q067,the American South,Torso,CrossStripe,Lexical,Keyword,idf-correct-probe,0.5052621067119192,0.1,0.05263157894736842,0.15555555555555556,0.142915205539954,0.3012540395482073,1,6,0.0011000010000000002,294.2327,books-t2016-a=10
q067,the American South,Torso,CrossStripe,Lexical,Keyword,semantic-score,0.9528344332977449,0.9,0.8181818181818182,1,0.7932671386559154,0.6727111401530721,1,2,0.000366667,125.4106,books-t2016-a=10
q067,the American South,Torso,CrossStripe,Lexical,Keyword,semantic-rerank,0.9528344332977449,0.9,0.8181818181818182,1,0.7932671386559154,0.6727111401530721,1,4,0.000883333,213.078,books-t2016-a=10
q067,the American South,Torso,CrossStripe,Lexical,Keyword,idf-correct-sidecar,0.5052621067119192,0.1,0.05263157894736842,0.15555555555555556,0.142915205539954,0.3012540395482073,1,2,0.000366667,125.431,books-t2016-a=10
q068,grief after the death of a child,Torso,CrossStripe,Conceptual,Keyword,single-index,1,1,1,1,1,0.14480891677161004,1,1,0.000416667,139.5782,books-oracle2=10
q068,grief after the death of a child,Torso,CrossStripe,Conceptual,Keyword,naive-score,0.5528367425642802,0.4,0.25,0.022222222222222223,0.29738190686390675,0.12294746886479349,1,2,0.0005,123.1672,books-t2016-a=10
q068,grief after the death of a child,Torso,CrossStripe,Conceptual,Keyword,interleave,0.7090081386375826,0.5,0.3333333333333333,1,0.5062118724963371,0.06864486269473313,0.5,2,0.0005,123.1541,books-t2016-a=5 | books-t2016-b=5
q068,grief after the death of a child,Torso,CrossStripe,Conceptual,Keyword,quota-merge,0.8982658901806848,0.9,0.8181818181818182,1,0.7025747303706025,0.12710437455772444,0.9,2,0.0005,123.1521,books-t2016-a=9 | books-t2016-b=1
q068,grief after the death of a child,Torso,CrossStripe,Conceptual,Keyword,global-rrf,0.702866485733532,0.5,0.3333333333333333,1,0.4930218943137949,0.0676040712879805,0.5,2,0.0005,123.1602,books-t2016-a=5 | books-t2016-b=5
q068,grief after the death of a child,Torso,CrossStripe,Conceptual,Keyword,minmax-norm,0.32517774399433785,0.2,0.1111111111111111,0,0.17064163006496813,0.08893192794662406,0.5,2,0.0005,123.1807,books-t2016-a=5 | books-t2016-b=5
q068,grief after the death of a child,Torso,CrossStripe,Conceptual,Keyword,zscore-norm,0.33896131783508776,0.2,0.1111111111111111,0,0.17064163006496813,0.09337858498416564,0.5,2,0.0005,123.177,books-t2016-a=5 | books-t2016-b=5
q068,grief after the death of a child,Torso,CrossStripe,Conceptual,Keyword,idf-correct-probe,0.5528367425642802,0.4,0.25,0.022222222222222223,0.29738190686390675,0.12294746886479349,1,6,0.001216667,347.7613,books-t2016-a=10
q068,grief after the death of a child,Torso,CrossStripe,Conceptual,Keyword,semantic-score,0.7503360169121053,0.9,0.8181818181818182,1,0.6020566829499175,0.11456995236672107,0.9,2,0.0005,123.1631,books-t2016-a=9 | books-t2016-b=1
q068,grief after the death of a child,Torso,CrossStripe,Conceptual,Keyword,semantic-rerank,0.7503360169121053,0.9,0.8181818181818182,1,0.6020566829499175,0.11456995236672107,0.9,4,0.0011666670000000001,220.7193,books-t2016-a=9 | books-t2016-b=1
q068,grief after the death of a child,Torso,CrossStripe,Conceptual,Keyword,idf-correct-sidecar,0.5528367425642802,0.4,0.25,0.022222222222222223,0.29738190686390675,0.12294746886479349,1,2,0.0005,123.1911,books-t2016-a=10
q069,an outsider who does not fit in anywhere,Torso,CrossStripe,Conceptual,Keyword,single-index,1,1,1,1,1,0.8201670138758812,1,1,0.00085,116.4362,books-oracle2=10
q069,an outsider who does not fit in anywhere,Torso,CrossStripe,Conceptual,Keyword,naive-score,0.5714316787880674,0.5,0.3333333333333333,-0.022222222222222223,0.26694059865219877,0.4515681806106907,0.9,2,0.0005166670000000001,115.0101,books-t2016-a=10
q069,an outsider who does not fit in anywhere,Torso,CrossStripe,Conceptual,Keyword,interleave,0.7090081386375826,0.5,0.3333333333333333,1,0.5062118724963371,0.5548989126424904,0.5,2,0.0005166670000000001,114.9964,books-t2016-a=5 | books-t2016-b=5
q069,an outsider who does not fit in anywhere,Torso,CrossStripe,Conceptual,Keyword,quota-merge,0.7503360169121053,0.9,0.8181818181818182,1,0.6020566829499175,0.6100799932492107,0.9,2,0.0005166670000000001,114.9933,books-t2016-a=9 | books-t2016-b=1
q069,an outsider who does not fit in anywhere,Torso,CrossStripe,Conceptual,Keyword,global-rrf,0.5549366124649523,0.5,0.3333333333333333,1,0.39250384689310985,0.46692474155501906,0.5,2,0.0005166670000000001,115.0291,books-t2016-a=5 | books-t2016-b=5
q069,an outsider who does not fit in anywhere,Torso,CrossStripe,Conceptual,Keyword,minmax-norm,0.5036257959766107,0.5,0.3333333333333333,-0.16666666666666666,0.22876104396221,0.39963958350893836,0.8,2,0.0005166670000000001,115.0244,books-t2016-a=9 | books-t2016-b=1
q069,an outsider who does not fit in anywhere,Torso,CrossStripe,Conceptual,Keyword,zscore-norm,0.3373642816125972,0.4,0.25,-0.3333333333333333,0.17711819914510343,0.30032759398269704,0.7,2,0.0005166670000000001,115.0252,books-t2016-a=7 | books-t2016-b=3
q069,an outsider who does not fit in anywhere,Torso,CrossStripe,Conceptual,Keyword,idf-correct-probe,0.5714316787880674,0.5,0.3333333333333333,-0.022222222222222223,0.26694059865219877,0.4515681806106907,0.9,12,0.002083335,539.8728,books-t2016-a=10
q069,an outsider who does not fit in anywhere,Torso,CrossStripe,Conceptual,Keyword,semantic-score,1,1,1,1,0.8591367550184259,0.8201670138758812,1,2,0.0005166670000000001,115.0004,books-t2016-a=10
q069,an outsider who does not fit in anywhere,Torso,CrossStripe,Conceptual,Keyword,semantic-rerank,1,1,1,1,0.8591367550184259,0.8201670138758812,1,4,0.000866667,217.21089999999998,books-t2016-a=10
q069,an outsider who does not fit in anywhere,Torso,CrossStripe,Conceptual,Keyword,idf-correct-sidecar,0.5714316787880674,0.5,0.3333333333333333,-0.022222222222222223,0.26694059865219877,0.4515681806106907,0.9,2,0.0005166670000000001,115.0435,books-t2016-a=10
q070,school,Head,CrossStripe,Lexical,Keyword,single-index,1,1,1,1,1,0.8884634281196222,1,1,0.00035,114.6249,books-oracle2=10
q070,school,Head,CrossStripe,Lexical,Keyword,naive-score,0.5811806580168449,0.5,0.3333333333333333,0.1111111111111111,0.2501233745334712,0.9636452638863133,1,2,0.00045,111.1601,books-t2016-a=10
q070,school,Head,CrossStripe,Lexical,Keyword,interleave,0.7273270313605756,0.6,0.42857142857142855,1,0.5305502516625419,0.5765974596418076,0.6,2,0.00045,111.14630000000001,books-t2016-a=6 | books-t2016-b=4
q070,school,Head,CrossStripe,Lexical,Keyword,quota-merge,0.8666850486594367,0.9,0.8181818181818182,1,0.7025747303706025,0.8124843460455191,0.9,2,0.00045,111.14630000000001,books-t2016-a=9 | books-t2016-b=1
q070,school,Head,CrossStripe,Lexical,Keyword,global-rrf,0.7220368994933797,0.6,0.42857142857142855,1,0.5173602734799996,0.5698526109788621,0.6,2,0.00045,111.1517,books-t2016-a=6 | books-t2016-b=4
q070,school,Head,CrossStripe,Lexical,Keyword,minmax-norm,0.4118116175543521,0.5,0.3333333333333333,-0.2857142857142857,0.19922156799045732,0.6698623505528797,0.8,2,0.00045,111.16860000000001,books-t2016-a=8 | books-t2016-b=2
q070,school,Head,CrossStripe,Lexical,Keyword,zscore-norm,0.49160467401923347,0.5,0.3333333333333333,-0.2857142857142857,0.19922156799045732,0.8200685179888282,0.8,2,0.00045,111.16560000000001,books-t2016-a=8 | books-t2016-b=2
q070,school,Head,CrossStripe,Lexical,Keyword,idf-correct-probe,0.5811806580168449,0.5,0.3333333333333333,0.1111111111111111,0.2501233745334712,0.9636452638863133,1,2,0.00045,111.17530000000001,books-t2016-a=10
q070,school,Head,CrossStripe,Lexical,Keyword,semantic-score,0.9636953938929018,0.9,0.8181818181818182,1,0.7682519557676104,0.9458352203602566,1,2,0.00045,111.1485,books-t2016-a=10
q070,school,Head,CrossStripe,Lexical,Keyword,semantic-rerank,0.9636953938929018,0.9,0.8181818181818182,1,0.7682519557676104,0.9458352203602566,1,4,0.0007999999999999999,205.14460000000003,books-t2016-a=10
q070,school,Head,CrossStripe,Lexical,Keyword,idf-correct-sidecar,0.5811806580168449,0.5,0.3333333333333333,0.1111111111111111,0.2501233745334712,0.9636452638863133,1,2,0.00045,111.17930000000001,books-t2016-a=10
q071,obsession that ruins a life,Torso,CrossStripe,Conceptual,Keyword,single-index,1,1,1,1,1,0.5432315326856668,1,1,0.0004,114.8689,books-oracle2=10
q071,obsession that ruins a life,Torso,CrossStripe,Conceptual,Keyword,naive-score,0.5254041980982901,0.6,0.42857142857142855,-0.5555555555555556,0.21419380239256955,0.28147330200992454,1,2,0.00046666700000000004,151.2694,books-t2016-a=10
q071,obsession that ruins a life,Torso,CrossStripe,Conceptual,Keyword,interleave,0.734074358950379,0.5,0.3333333333333333,0.8666666666666667,0.5070981577905174,0.25471225536375813,0.5,2,0.00046666700000000004,151.26049999999998,books-t2016-a=5 | books-t2016-b=5
q071,obsession that ruins a life,Torso,CrossStripe,Conceptual,Keyword,quota-merge,0.8982658901806848,0.9,0.8181818181818182,1,0.7025747303706025,0.4279274099969768,0.9,2,0.00046666700000000004,151.2591,books-t2016-a=9 | books-t2016-b=1
q071,obsession that ruins a life,Torso,CrossStripe,Conceptual,Keyword,global-rrf,0.7322190704497559,0.5,0.3333333333333333,0.8666666666666667,0.5022904107429808,0.25207882010832083,0.5,2,0.00046666700000000004,151.26579999999998,books-t2016-a=5 | books-t2016-b=5
q071,obsession that ruins a life,Torso,CrossStripe,Conceptual,Keyword,minmax-norm,0.478266464298761,0.5,0.3333333333333333,-0.5111111111111111,0.1799242776635877,0.23615742360211048,0.9,2,0.00046666700000000004,151.2841,books-t2016-a=9 | books-t2016-b=1
q071,obsession that ruins a life,Torso,CrossStripe,Conceptual,Keyword,zscore-norm,0.478266464298761,0.5,0.3333333333333333,-0.5111111111111111,0.1799242776635877,0.23615742360211048,0.9,2,0.00046666700000000004,151.2799,books-t2016-a=9 | books-t2016-b=1
q071,obsession that ruins a life,Torso,CrossStripe,Conceptual,Keyword,idf-correct-probe,0.5254041980982901,0.6,0.42857142857142855,-0.5555555555555556,0.21419380239256955,0.28147330200992454,1,6,0.0014166670000000001,324.9139,books-t2016-a=10
q071,obsession that ruins a life,Torso,CrossStripe,Conceptual,Keyword,semantic-score,1,1,1,1,0.8591367550184259,0.5432315326856668,1,2,0.00046666700000000004,151.26829999999998,books-t2016-a=10
q071,obsession that ruins a life,Torso,CrossStripe,Conceptual,Keyword,semantic-rerank,1,1,1,1,0.8591367550184259,0.5432315326856668,1,4,0.001,251.36339999999998,books-t2016-a=10
q071,obsession that ruins a life,Torso,CrossStripe,Conceptual,Keyword,idf-correct-sidecar,0.5254041980982901,0.6,0.42857142857142855,-0.5555555555555556,0.21419380239256955,0.28147330200992454,1,2,0.00046666700000000004,151.3001,books-t2016-a=10
q072,slavery and its aftermath,Torso,CrossStripe,Mixed,Keyword,single-index,1,1,1,1,1,0.7923565945319208,1,1,0.000283333,111.9679,books-oracle2=10
q072,slavery and its aftermath,Torso,CrossStripe,Mixed,Keyword,naive-score,0.8124778414968306,0.7,0.5384615384615384,0.28888888888888886,0.51272333025418,0.7200611580858195,0.9,2,0.0003,112.0661,books-t2016-a=10
q072,slavery and its aftermath,Torso,CrossStripe,Mixed,Keyword,interleave,0.8982658901806848,0.9,0.8181818181818182,1,0.7025747303706025,0.6687009595818981,0.9,2,0.0003,112.05680000000001,books-t2016-a=9 | books-t2016-b=1
q072,slavery and its aftermath,Torso,CrossStripe,Mixed,Keyword,quota-merge,0.8982658901806848,0.9,0.8181818181818182,1,0.7025747303706025,0.6687009595818981,0.9,2,0.0003,112.05810000000001,books-t2016-a=9 | books-t2016-b=1
q072,slavery and its aftermath,Torso,CrossStripe,Mixed,Keyword,global-rrf,0.8982658901806848,0.9,0.8181818181818182,1,0.7025747303706025,0.6687009595818981,0.9,2,0.0003,112.0661,books-t2016-a=9 | books-t2016-b=1
q072,slavery and its aftermath,Torso,CrossStripe,Mixed,Keyword,minmax-norm,0.6817818925926838,0.6,0.42857142857142855,0.3888888888888889,0.3792884667963128,0.6355765364618493,0.8,2,0.0003,112.075,books-t2016-a=9 | books-t2016-b=1
q072,slavery and its aftermath,Torso,CrossStripe,Mixed,Keyword,zscore-norm,0.76820835167478,0.6,0.42857142857142855,0.3888888888888889,0.48237526727855445,0.6888000999669507,0.8,2,0.0003,112.0725,books-t2016-a=9 | books-t2016-b=1
q072,slavery and its aftermath,Torso,CrossStripe,Mixed,Keyword,idf-correct-probe,0.8124778414968306,0.7,0.5384615384615384,0.28888888888888886,0.51272333025418,0.7200611580858195,0.9,6,0.001016667,283.8403,books-t2016-a=10
q072,slavery and its aftermath,Torso,CrossStripe,Mixed,Keyword,semantic-score,1,1,1,1,0.8591367550184259,0.7923565945319208,1,2,0.0003,112.0627,books-t2016-a=10
q072,slavery and its aftermath,Torso,CrossStripe,Mixed,Keyword,semantic-rerank,1,1,1,1,0.8591367550184259,0.7923565945319208,1,4,0.000633333,198.6841,books-t2016-a=10
q072,slavery and its aftermath,Torso,CrossStripe,Mixed,Keyword,idf-correct-sidecar,0.8124778414968306,0.7,0.5384615384615384,0.28888888888888886,0.51272333025418,0.7200611580858195,0.9,2,0.0003,112.08510000000001,books-t2016-a=10
q073,the Holocaust,Torso,CrossStripe,Lexical,Keyword,single-index,1,1,1,1,1,0.5726085373295241,1,1,0.000216667,122.8136,books-oracle2=10
q073,the Holocaust,Torso,CrossStripe,Lexical,Keyword,naive-score,0.5567832294486802,0.3,0.17647058823529413,0.37777777777777777,0.2353386103630933,0.7028589725739574,1,2,0.000233334,106.0102,books-t2016-a=10
q073,the Holocaust,Torso,CrossStripe,Lexical,Keyword,interleave,1,1,1,1,0.8621053906367673,0.5726085373295241,1,2,0.000233334,105.99759999999999,books-t2016-a=10
q073,the Holocaust,Torso,CrossStripe,Lexical,Keyword,quota-merge,1,1,1,1,0.8621053906367673,0.5726085373295241,1,2,0.000233334,105.99719999999999,books-t2016-a=10
q073,the Holocaust,Torso,CrossStripe,Lexical,Keyword,global-rrf,1,1,1,1,0.8621053906367673,0.5726085373295241,1,2,0.000233334,106.00219999999999,books-t2016-a=10
q073,the Holocaust,Torso,CrossStripe,Lexical,Keyword,minmax-norm,0.5567832294486802,0.3,0.17647058823529413,0.37777777777777777,0.2353386103630933,0.7028589725739574,1,2,0.000233334,106.0146,books-t2016-a=10
q073,the Holocaust,Torso,CrossStripe,Lexical,Keyword,zscore-norm,0.5567832294486802,0.3,0.17647058823529413,0.37777777777777777,0.2353386103630933,0.7028589725739574,1,2,0.000233334,106.02289999999999,books-t2016-a=10
q073,the Holocaust,Torso,CrossStripe,Lexical,Keyword,idf-correct-probe,0.5567832294486802,0.3,0.17647058823529413,0.37777777777777777,0.2353386103630933,0.7028589725739574,1,4,0.000733334,191.7083,books-t2016-a=10
q073,the Holocaust,Torso,CrossStripe,Lexical,Keyword,semantic-score,1,1,1,1,0.8621053906367673,0.5726085373295241,1,2,0.000233334,106.0042,books-t2016-a=10
q073,the Holocaust,Torso,CrossStripe,Lexical,Keyword,semantic-rerank,1,1,1,1,0.8621053906367673,0.5726085373295241,1,3,0.000616667,206.38619999999997,books-t2016-a=10
q073,the Holocaust,Torso,CrossStripe,Lexical,Keyword,idf-correct-sidecar,0.5567832294486802,0.3,0.17647058823529413,0.37777777777777777,0.2353386103630933,0.7028589725739574,1,2,0.000233334,106.03229999999999,books-t2016-a=10
q074,a woman who defies the expectations of her time,Torso,CrossStripe,Conceptual,Keyword,single-index,1,1,1,1,1,0.5342302653497181,1,1,0.000416667,127.525,books-oracle2=10
q074,a woman who defies the expectations of her time,Torso,CrossStripe,Conceptual,Keyword,naive-score,0.6950954512790514,0.4,0.25,0.2,0.3204904387276366,0.40619016855146717,0.9,2,0.00048333400000000003,128.1377,books-t2016-a=10
q074,a woman who defies the expectations of her time,Torso,CrossStripe,Conceptual,Keyword,interleave,0.7317720006833259,0.5,0.3333333333333333,0.8666666666666667,0.5062871135721421,0.3627002582582286,0.6,2,0.00048333400000000003,128.12019999999998,books-t2016-a=5 | books-t2016-b=5
q074,a woman who defies the expectations of her time,Torso,CrossStripe,Conceptual,Keyword,quota-merge,0.8982658901806848,0.9,0.8181818181818182,1,0.7025747303706025,0.43393351491815935,0.9,2,0.00048333400000000003,128.12,books-t2016-a=9 | books-t2016-b=1
q074,a woman who defies the expectations of her time,Torso,CrossStripe,Conceptual,Keyword,global-rrf,0.7299768812964377,0.5,0.3333333333333333,0.7333333333333333,0.4986557690522426,0.3627002582582286,0.6,2,0.00048333400000000003,128.12439999999998,books-t2016-a=5 | books-t2016-b=5
q074,a woman who defies the expectations of her time,Torso,CrossStripe,Conceptual,Keyword,minmax-norm,0.6119825898243737,0.4,0.25,-0.05555555555555555,0.25967063538538504,0.3915191851589646,0.9,2,0.00048333400000000003,128.14319999999998,books-t2016-a=8 | books-t2016-b=2
q074,a woman who defies the expectations of her time,Torso,CrossStripe,Conceptual,Keyword,zscore-norm,0.6322454707673897,0.4,0.25,0,0.26730197990528454,0.3997574989134087,0.9,2,0.00048333400000000003,128.1386,books-t2016-a=8 | books-t2016-b=2
q074,a woman who defies the expectations of her time,Torso,CrossStripe,Conceptual,Keyword,idf-correct-probe,0.6950954512790514,0.4,0.25,0.2,0.3204904387276366,0.40619016855146717,0.9,8,0.001633334,382.64390000000003,books-t2016-a=10
q074,a woman who defies the expectations of her time,Torso,CrossStripe,Conceptual,Keyword,semantic-score,1,1,1,1,0.8591367550184259,0.5342302653497181,1,2,0.00048333400000000003,128.12439999999998,books-t2016-a=10
q074,a woman who defies the expectations of her time,Torso,CrossStripe,Conceptual,Keyword,semantic-rerank,1,1,1,1,0.8591367550184259,0.5342302653497181,1,4,0.001133334,225.5803,books-t2016-a=10
q074,a woman who defies the expectations of her time,Torso,CrossStripe,Conceptual,Keyword,idf-correct-sidecar,0.6950954512790514,0.4,0.25,0.2,0.3204904387276366,0.40619016855146717,0.9,2,0.00048333400000000003,128.1676,books-t2016-a=10
q075,addiction and recovery,Torso,CrossStripe,Mixed,Keyword,single-index,1,1,1,1,1,0.8113499146016455,1,1,0.0003,150.7257,books-oracle2=10
q075,addiction and recovery,Torso,CrossStripe,Mixed,Keyword,naive-score,0.5322790077875037,0.4,0.25,0.4666666666666667,0.22801226403966765,0.9224654597764764,1,2,0.00035,119.16390000000001,books-t2016-a=10
q075,addiction and recovery,Torso,CrossStripe,Mixed,Keyword,interleave,0.8397756453957087,0.8,0.6666666666666666,1,0.6183856998656723,0.5919292580770653,0.8,2,0.00035,119.1555,books-t2016-a=8 | books-t2016-b=2
q075,addiction and recovery,Torso,CrossStripe,Mixed,Keyword,quota-merge,0.7503360169121053,0.9,0.8181818181818182,1,0.6020566829499175,0.646393486134431,0.9,2,0.00035,119.1551,books-t2016-a=9 | books-t2016-b=1
q075,addiction and recovery,Torso,CrossStripe,Mixed,Keyword,global-rrf,0.6743147201945658,0.8,0.6666666666666666,1,0.49072777964140235,0.541859172544208,0.8,2,0.00035,119.1589,books-t2016-a=8 | books-t2016-b=2
q075,addiction and recovery,Torso,CrossStripe,Mixed,Keyword,minmax-norm,0.4040197287621022,0.4,0.25,0.5714285714285714,0.20558909761907784,0.7147369368637186,0.8,2,0.00035,119.1743,books-t2016-a=8 | books-t2016-b=2
q075,addiction and recovery,Torso,CrossStripe,Mixed,Keyword,zscore-norm,0.5322790077875037,0.4,0.25,0.4666666666666667,0.22801226403966765,0.9224654597764764,1,2,0.00035,119.1712,books-t2016-a=10
q075,addiction and recovery,Torso,CrossStripe,Mixed,Keyword,idf-correct-probe,0.5322790077875037,0.4,0.25,0.4666666666666667,0.22801226403966765,0.9224654597764764,1,6,0.001066667,291.1698,books-t2016-a=10
q075,addiction and recovery,Torso,CrossStripe,Mixed,Keyword,semantic-score,1,1,1,1,0.8591367550184259,0.8113499146016455,1,2,0.00035,119.15820000000001,books-t2016-a=10
q075,addiction and recovery,Torso,CrossStripe,Mixed,Keyword,semantic-rerank,1,1,1,1,0.8591367550184259,0.8113499146016455,1,4,0.0008666660000000001,208.1004,books-t2016-a=10
q075,addiction and recovery,Torso,CrossStripe,Mixed,Keyword,idf-correct-sidecar,0.5322790077875037,0.4,0.25,0.4666666666666667,0.22801226403966765,0.9224654597764764,1,2,0.00035,119.18440000000001,books-t2016-a=10
q076,New York City,Head,CrossStripe,Lexical,Keyword,single-index,1,1,1,1,1,0.8168144296020593,1,1,0.0004,111.5386,books-oracle2=10
q076,New York City,Head,CrossStripe,Lexical,Keyword,naive-score,0.7480598935080733,0.6,0.42857142857142855,0.15555555555555556,0.39959577178247235,0.8660534229009714,1,2,0.000483333,112.7305,books-t2016-a=10
q076,New York City,Head,CrossStripe,Lexical,Keyword,interleave,0.7090081386375826,0.5,0.3333333333333333,1,0.5062118724963371,0.5548989126424904,0.5,2,0.000483333,112.71780000000001,books-t2016-a=5 | books-t2016-b=5
q076,New York City,Head,CrossStripe,Lexical,Keyword,quota-merge,0.8982658901806848,0.9,0.8181818181818182,1,0.7025747303706025,0.6871486705327574,0.9,2,0.000483333,112.7175,books-t2016-a=9 | books-t2016-b=1
q076,New York City,Head,CrossStripe,Lexical,Keyword,global-rrf,0.6865372957205228,0.5,0.3333333333333333,1,0.46663290812531616,0.5330752584449809,0.5,2,0.000483333,112.72250000000001,books-t2016-a=5 | books-t2016-b=5
q076,New York City,Head,CrossStripe,Lexical,Keyword,minmax-norm,0.4779398325187678,0.5,0.3333333333333333,-0.14285714285714285,0.31174578307166534,0.5224543801398467,0.7,2,0.000483333,112.74080000000001,books-t2016-a=7 | books-t2016-b=3
q076,New York City,Head,CrossStripe,Lexical,Keyword,zscore-norm,0.6102036777924951,0.5,0.3333333333333333,-0.14285714285714285,0.35235207304792043,0.7015597318655167,0.7,2,0.000483333,112.7385,books-t2016-a=7 | books-t2016-b=3
q076,New York City,Head,CrossStripe,Lexical,Keyword,idf-correct-probe,0.7480598935080733,0.6,0.42857142857142855,0.15555555555555556,0.39959577178247235,0.8660534229009714,1,6,0.0012000000000000001,280.85110000000003,books-t2016-a=10
q076,New York City,Head,CrossStripe,Lexical,Keyword,semantic-score,0.96085205924776,0.9,0.8181818181818182,1,0.8163496004753649,0.7497704226616289,0.9,2,0.000483333,112.7227,books-t2016-a=9 | books-t2016-b=1
q076,New York City,Head,CrossStripe,Lexical,Keyword,semantic-rerank,0.96085205924776,0.9,0.8181818181818182,1,0.8163496004753649,0.7497704226616289,0.9,4,0.000833333,202.3702,books-t2016-a=9 | books-t2016-b=1
q076,New York City,Head,CrossStripe,Lexical,Keyword,idf-correct-sidecar,0.7480598935080733,0.6,0.42857142857142855,0.15555555555555556,0.39959577178247235,0.8660534229009714,1,2,0.000483333,112.75590000000001,books-t2016-a=10
q077,an unlikely friendship between two very different people,Torso,CrossStripe,Conceptual,Keyword,single-index,1,1,1,1,1,0.6598572393683119,1,1,0.000433333,115.7484,books-oracle2=10
q077,an unlikely friendship between two very different people,Torso,CrossStripe,Conceptual,Keyword,naive-score,0.5485489685018377,0.4,0.25,0.3333333333333333,0.2845825490588908,0.3961503690654171,1,2,0.00055,118.9555,books-t2016-a=10
q077,an unlikely friendship between two very different people,Torso,CrossStripe,Conceptual,Keyword,interleave,0.7090081386375826,0.5,0.3333333333333333,1,0.5062118724963371,0.4190357357216495,0.5,2,0.00055,118.9437,books-t2016-a=5 | books-t2016-b=5
q077,an unlikely friendship between two very different people,Torso,CrossStripe,Conceptual,Keyword,quota-merge,0.8982658901806848,0.9,0.8181818181818182,1,0.7025747303706025,0.5508831392428265,0.9,2,0.00055,118.9384,books-t2016-a=9 | books-t2016-b=1
q077,an unlikely friendship between two very different people,Torso,CrossStripe,Conceptual,Keyword,global-rrf,0.7071528501369595,0.5,0.3333333333333333,1,0.5014041254488005,0.4164023004662121,0.5,2,0.00055,118.95,books-t2016-a=5 | books-t2016-b=5
q077,an unlikely friendship between two very different people,Torso,CrossStripe,Conceptual,Keyword,minmax-norm,0.3168755294671078,0.3,0.17647058823529413,0.4666666666666667,0.1942458404811615,0.21157187308908756,0.6,2,0.00055,118.9738,books-t2016-a=6 | books-t2016-b=4
q077,an unlikely friendship between two very different people,Torso,CrossStripe,Conceptual,Keyword,zscore-norm,0.38823784126157124,0.3,0.17647058823529413,0.4666666666666667,0.22138571328474643,0.2773806461068972,0.6,2,0.00055,118.9689,books-t2016-a=6 | books-t2016-b=4
q077,an unlikely friendship between two very different people,Torso,CrossStripe,Conceptual,Keyword,idf-correct-probe,0.5485489685018377,0.4,0.25,0.3333333333333333,0.2845825490588908,0.3961503690654171,1,12,0.0025666680000000007,551.0716,books-t2016-a=10
q077,an unlikely friendship between two very different people,Torso,CrossStripe,Conceptual,Keyword,semantic-score,1,1,1,1,0.8591367550184259,0.6598572393683119,1,2,0.00055,118.953,books-t2016-a=10
q077,an unlikely friendship between two very different people,Torso,CrossStripe,Conceptual,Keyword,semantic-rerank,1,1,1,1,0.8591367550184259,0.6598572393683119,1,4,0.001216667,216.48340000000002,books-t2016-a=10
q077,an unlikely friendship between two very different people,Torso,CrossStripe,Conceptual,Keyword,idf-correct-sidecar,0.5485489685018377,0.4,0.25,0.3333333333333333,0.2845825490588908,0.3961503690654171,1,2,0.00055,118.9884,books-t2016-a=10
q078,climate change and environmental collapse,Torso,CrossStripe,Mixed,Keyword,single-index,1,1,1,1,1,0.9035456546298357,1,1,0.000733333,113.2934,books-oracle2=10
q078,climate change and environmental collapse,Torso,CrossStripe,Mixed,Keyword,naive-score,0.7957277506447006,0.7,0.5384615384615384,0.4666666666666667,0.5058945763526836,1,1,2,0.000383333,154.4455,books-t2016-a=10
q078,climate change and environmental collapse,Torso,CrossStripe,Mixed,Keyword,interleave,0.8397756453957087,0.8,0.6666666666666666,1,0.6183856998656723,0.7284896354972437,0.8,2,0.000383333,154.4369,books-t2016-a=8 | books-t2016-b=2
q078,climate change and environmental collapse,Torso,CrossStripe,Mixed,Keyword,quota-merge,0.8982658901806848,0.9,0.8181818181818182,1,0.7025747303706025,0.8214625721625727,0.9,2,0.000383333,154.43630000000002,books-t2016-a=9 | books-t2016-b=1
q078,climate change and environmental collapse,Torso,CrossStripe,Mixed,Keyword,global-rrf,0.8397756453957087,0.8,0.6666666666666666,1,0.6183856998656723,0.7284896354972437,0.8,2,0.000383333,154.44,books-t2016-a=8 | books-t2016-b=2
q078,climate change and environmental collapse,Torso,CrossStripe,Mixed,Keyword,minmax-norm,0.5331356536660109,0.6,0.42857142857142855,0.5714285714285714,0.3252590055434271,0.6698623505528797,0.8,2,0.000383333,154.4558,books-t2016-a=8 | books-t2016-b=2
q078,climate change and environmental collapse,Torso,CrossStripe,Mixed,Keyword,zscore-norm,0.7957277506447006,0.7,0.5384615384615384,0.4666666666666667,0.5058945763526836,1,1,2,0.000383333,154.4537,books-t2016-a=10
q078,climate change and environmental collapse,Torso,CrossStripe,Mixed,Keyword,idf-correct-probe,0.7957277506447006,0.7,0.5384615384615384,0.4666666666666667,0.5058945763526836,1,1,10,0.0018500010000000004,489.50509999999997,books-t2016-a=10
q078,climate change and environmental collapse,Torso,CrossStripe,Mixed,Keyword,semantic-score,1,1,1,1,0.8591367550184259,0.9035456546298357,1,2,0.000383333,154.44070000000002,books-t2016-a=10
q078,climate change and environmental collapse,Torso,CrossStripe,Mixed,Keyword,semantic-rerank,1,1,1,1,0.8591367550184259,0.9035456546298357,1,4,0.000916666,249.4303,books-t2016-a=10
q078,climate change and environmental collapse,Torso,CrossStripe,Mixed,Keyword,idf-correct-sidecar,0.7957277506447006,0.7,0.5384615384615384,0.4666666666666667,0.5058945763526836,1,1,2,0.000383333,154.46800000000002,books-t2016-a=10
q079,memory and how unreliable it can be,Torso,CrossStripe,Conceptual,Keyword,single-index,1,1,1,1,1,0.8079952329869924,1,1,0.000416667,110.8561,books-oracle2=10
q079,memory and how unreliable it can be,Torso,CrossStripe,Conceptual,Keyword,naive-score,0.6332330829477879,0.4,0.25,0.1111111111111111,0.29426818105736396,0.4517616563420973,1,2,0.0005,123.7854,books-t2016-a=10
q079,memory and how unreliable it can be,Torso,CrossStripe,Conceptual,Keyword,interleave,0.7090081386375826,0.5,0.3333333333333333,1,0.5062118724963371,0.4352262164535626,0.5,2,0.0005,123.7719,books-t2016-a=5 | books-t2016-b=5
q079,memory and how unreliable it can be,Torso,CrossStripe,Conceptual,Keyword,quota-merge,0.7503360169121053,0.9,0.8181818181818182,1,0.6020566829499175,0.6119667993753815,0.9,2,0.0005,123.7696,books-t2016-a=9 | books-t2016-b=1
q079,memory and how unreliable it can be,Torso,CrossStripe,Conceptual,Keyword,global-rrf,0.561078265369003,0.5,0.3333333333333333,1,0.4056938250756522,0.35399689402903695,0.5,2,0.0005,123.7778,books-t2016-a=5 | books-t2016-b=5
q079,memory and how unreliable it can be,Torso,CrossStripe,Conceptual,Keyword,minmax-norm,0.4961569484426555,0.3,0.17647058823529413,0.14285714285714285,0.2370667025776145,0.34036088229196415,0.8,2,0.0005,123.79650000000001,books-t2016-a=8 | books-t2016-b=2
q079,memory and how unreliable it can be,Torso,CrossStripe,Conceptual,Keyword,zscore-norm,0.49321125857920406,0.3,0.17647058823529413,0.14285714285714285,0.2370667025776145,0.33939733248297194,0.8,2,0.0005,123.7938,books-t2016-a=8 | books-t2016-b=2
q079,memory and how unreliable it can be,Torso,CrossStripe,Conceptual,Keyword,idf-correct-probe,0.6332330829477879,0.4,0.25,0.1111111111111111,0.29426818105736396,0.4517616563420973,1,8,0.0016000010000000002,382.9127,books-t2016-a=10
q079,memory and how unreliable it can be,Torso,CrossStripe,Conceptual,Keyword,semantic-score,1,1,1,1,0.8591367550184259,0.8079952329869924,1,2,0.0005,123.7769,books-t2016-a=10
q079,memory and how unreliable it can be,Torso,CrossStripe,Conceptual,Keyword,semantic-rerank,1,1,1,1,0.8591367550184259,0.8079952329869924,1,4,0.001033333,219.1619,books-t2016-a=10
q079,memory and how unreliable it can be,Torso,CrossStripe,Conceptual,Keyword,idf-correct-sidecar,0.6332330829477879,0.4,0.25,0.1111111111111111,0.29426818105736396,0.4517616563420973,1,2,0.0005,123.8088,books-t2016-a=10
q080,a doctor confronting the limits of medicine,Tail,CrossStripe,Conceptual,Keyword,single-index,1,1,1,1,1,0.6565286203675113,0.9,1,0.000366667,113.3315,books-oracle2=10
q080,a doctor confronting the limits of medicine,Tail,CrossStripe,Conceptual,Keyword,naive-score,0.6535330356235034,0.4,0.25,0.06666666666666667,0.2425122315708963,0.5767960715732888,0.9,2,0.000383334,114.643,books-t2016-a=10
q080,a doctor confronting the limits of medicine,Tail,CrossStripe,Conceptual,Keyword,interleave,0.8982658901806848,0.9,0.8181818181818182,1,0.7025747303706025,0.6144150697465572,0.9,2,0.000383334,114.6315,books-t2016-a=9 | books-t2016-b=1
q080,a doctor confronting the limits of medicine,Tail,CrossStripe,Conceptual,Keyword,quota-merge,0.7503360169121053,0.9,0.8181818181818182,1,0.6020566829499175,0.5227455748907005,0.9,2,0.000383334,114.63170000000001,books-t2016-a=9 | books-t2016-b=1
q080,a doctor confronting the limits of medicine,Tail,CrossStripe,Conceptual,Keyword,global-rrf,0.7503360169121053,0.9,0.8181818181818182,1,0.6020566829499175,0.5227455748907005,0.9,2,0.000383334,114.6358,books-t2016-a=9 | books-t2016-b=1
q080,a doctor confronting the limits of medicine,Tail,CrossStripe,Conceptual,Keyword,minmax-norm,0.5850515901795607,0.4,0.25,-0.1111111111111111,0.21588669080507092,0.5458512238471197,0.9,2,0.000383334,114.6534,books-t2016-a=9 | books-t2016-b=1
q080,a doctor confronting the limits of medicine,Tail,CrossStripe,Conceptual,Keyword,zscore-norm,0.6275516331164386,0.4,0.25,-0.1111111111111111,0.23821826600941373,0.5767960715732888,0.9,2,0.000383334,114.64880000000001,books-t2016-a=9 | books-t2016-b=1
q080,a doctor confronting the limits of medicine,Tail,CrossStripe,Conceptual,Keyword,idf-correct-probe,0.6535330356235034,0.4,0.25,0.06666666666666667,0.2425122315708963,0.5767960715732888,0.9,10,0.002083335,453.1573,books-t2016-a=10
q080,a doctor confronting the limits of medicine,Tail,CrossStripe,Conceptual,Keyword,semantic-score,1,1,1,1,0.8591367550184259,0.6565286203675113,0.9,2,0.000383334,114.63640000000001,books-t2016-a=10
q080,a doctor confronting the limits of medicine,Tail,CrossStripe,Conceptual,Keyword,semantic-rerank,1,1,1,1,0.8591367550184259,0.6565286203675113,0.9,4,0.0009166669999999999,206.2749,books-t2016-a=10
q080,a doctor confronting the limits of medicine,Tail,CrossStripe,Conceptual,Keyword,idf-correct-sidecar,0.6535330356235034,0.4,0.25,0.06666666666666667,0.2425122315708963,0.5767960715732888,0.9,2,0.000383334,114.66810000000001,books-t2016-a=10
q081,immortality and the cost of living forever,Tail,CrossStripe,Conceptual,Keyword,single-index,1,1,1,1,1,0.7051376025558594,1,1,0.0004,112.7132,books-oracle2=10
q081,immortality and the cost of living forever,Tail,CrossStripe,Conceptual,Keyword,naive-score,0.5111330628354991,0.3,0.17647058823529413,0.15555555555555556,0.19511982090009894,0.4897196478934375,1,2,0.0009333330000000001,112.035,books-t2016-a=10
q081,immortality and the cost of living forever,Tail,CrossStripe,Conceptual,Keyword,interleave,0.7090081386375826,0.5,0.3333333333333333,1,0.5062118724963371,0.4815349905431303,0.5,2,0.0009333330000000001,112.0243,books-t2016-a=5 | books-t2016-b=5
q081,immortality and the cost of living forever,Tail,CrossStripe,Conceptual,Keyword,quota-merge,0.8982658901806848,0.9,0.8181818181818182,1,0.7025747303706025,0.6382049852256944,0.9,2,0.0009333330000000001,112.02210000000001,books-t2016-a=9 | books-t2016-b=1
q081,immortality and the cost of living forever,Tail,CrossStripe,Conceptual,Keyword,global-rrf,0.6914770867050193,0.5,0.3333333333333333,1,0.4790719996927523,0.466277471763641,0.5,2,0.0009333330000000001,112.0292,books-t2016-a=5 | books-t2016-b=5
q081,immortality and the cost of living forever,Tail,CrossStripe,Conceptual,Keyword,minmax-norm,0.44681925175170134,0.3,0.17647058823529413,0.1111111111111111,0.18842155640439476,0.40332811525989454,0.9,2,0.0009333330000000001,112.04820000000001,books-t2016-a=9 | books-t2016-b=1
q081,immortality and the cost of living forever,Tail,CrossStripe,Conceptual,Keyword,zscore-norm,0.3975092939955081,0.3,0.17647058823529413,0.1111111111111111,0.18842155640439476,0.3917239263421052,0.9,2,0.0009333330000000001,112.07390000000001,books-t2016-a=9 | books-t2016-b=1
q081,immortality and the cost of living forever,Tail,CrossStripe,Conceptual,Keyword,idf-correct-probe,0.5111330628354991,0.3,0.17647058823529413,0.15555555555555556,0.19511982090009894,0.4897196478934375,1,8,0.0020333340000000004,363.9253,books-t2016-a=10
q081,immortality and the cost of living forever,Tail,CrossStripe,Conceptual,Keyword,semantic-score,0.9452694559895504,0.9,0.8181818181818182,1,0.7749477245134956,0.6822790647296981,0.9,2,0.0009333330000000001,112.0331,books-t2016-a=9 | books-t2016-b=1
q081,immortality and the cost of living forever,Tail,CrossStripe,Conceptual,Keyword,semantic-rerank,0.9452694559895504,0.9,0.8181818181818182,1,0.7749477245134956,0.6822790647296981,0.9,4,0.001283333,200.6572,books-t2016-a=9 | books-t2016-b=1
q081,immortality and the cost of living forever,Tail,CrossStripe,Conceptual,Keyword,idf-correct-sidecar,0.5111330628354991,0.3,0.17647058823529413,0.15555555555555556,0.19511982090009894,0.4897196478934375,1,2,0.0009333330000000001,112.0595,books-t2016-a=10
q082,twins separated at birth,Tail,CrossStripe,Lexical,Keyword,single-index,1,1,1,1,1,0.6401407429665223,1,1,0.000316667,110.6322,books-oracle2=10
q082,twins separated at birth,Tail,CrossStripe,Lexical,Keyword,naive-score,0.751310400432792,0.6,0.42857142857142855,0.15555555555555556,0.3874153854233447,0.5289474768750833,1,2,0.0007,110.58890000000001,books-t2016-a=10
q082,twins separated at birth,Tail,CrossStripe,Lexical,Keyword,interleave,0.8213173080328741,0.8,0.6666666666666666,1,0.6183856998656723,0.570557611797505,0.8,2,0.0007,110.5796,books-t2016-a=8 | books-t2016-b=2
q082,twins separated at birth,Tail,CrossStripe,Lexical,Keyword,quota-merge,0.8760354139866187,0.8,0.6666666666666666,1,0.693872708214561,0.6040869936030091,0.9,2,0.0007,110.5797,books-t2016-a=9 | books-t2016-b=1
q082,twins separated at birth,Tail,CrossStripe,Lexical,Keyword,global-rrf,0.8213173080328741,0.8,0.6666666666666666,1,0.6183856998656723,0.570557611797505,0.8,2,0.0007,110.5844,books-t2016-a=8 | books-t2016-b=2
q082,twins separated at birth,Tail,CrossStripe,Lexical,Keyword,minmax-norm,0.6384858643899888,0.5,0.3333333333333333,0.2777777777777778,0.3260446498166483,0.4418487302961607,0.9,2,0.0007,110.6008,books-t2016-a=9 | books-t2016-b=1
q082,twins separated at birth,Tail,CrossStripe,Lexical,Keyword,zscore-norm,0.6925114031543586,0.5,0.3333333333333333,0.2777777777777778,0.35318452262023325,0.5096100757483566,0.9,2,0.0007,110.6007,books-t2016-a=9 | books-t2016-b=1
q082,twins separated at birth,Tail,CrossStripe,Lexical,Keyword,idf-correct-probe,0.751310400432792,0.6,0.42857142857142855,0.15555555555555556,0.3874153854233447,0.5289474768750833,1,8,0.0018666670000000002,363.8578,books-t2016-a=10
q082,twins separated at birth,Tail,CrossStripe,Lexical,Keyword,semantic-score,0.9729664221247798,0.8,0.6666666666666666,1,0.7808749456281368,0.6546924619090813,1,2,0.0007,110.5849,books-t2016-a=10
q082,twins separated at birth,Tail,CrossStripe,Lexical,Keyword,semantic-rerank,0.9729664221247798,0.8,0.6666666666666666,1,0.7808749456281368,0.6546924619090813,1,4,0.00105,199.89530000000002,books-t2016-a=10
q082,twins separated at birth,Tail,CrossStripe,Lexical,Keyword,idf-correct-sidecar,0.751310400432792,0.6,0.42857142857142855,0.15555555555555556,0.3874153854233447,0.5289474768750833,1,2,0.0007,110.6105,books-t2016-a=10
q083,a letter that arrives decades too late,Tail,CrossStripe,Conceptual,Keyword,single-index,1,1,1,1,1,0.5634531320927862,1,1,0.00075,117.8419,books-oracle2=10
q083,a letter that arrives decades too late,Tail,CrossStripe,Conceptual,Keyword,naive-score,0.6402040567704559,0.2,0.1111111111111111,0.1111111111111111,0.34148317737353606,0.44798204461174834,1,2,0.000383334,148.0207,books-t2016-a=10
q083,a letter that arrives decades too late,Tail,CrossStripe,Conceptual,Keyword,interleave,1,1,1,1,0.8591367550184259,0.5634531320927862,1,2,0.000383334,148.0083,books-t2016-a=10
q083,a letter that arrives decades too late,Tail,CrossStripe,Conceptual,Keyword,quota-merge,1,1,1,1,0.8591367550184259,0.5634531320927862,1,2,0.000383334,148.0078,books-t2016-a=10
q083,a letter that arrives decades too late,Tail,CrossStripe,Conceptual,Keyword,global-rrf,1,1,1,1,0.8591367550184259,0.5634531320927862,1,2,0.000383334,148.0128,books-t2016-a=10
q083,a letter that arrives decades too late,Tail,CrossStripe,Conceptual,Keyword,minmax-norm,0.6402040567704559,0.2,0.1111111111111111,0.1111111111111111,0.34148317737353606,0.44798204461174834,1,2,0.000383334,148.0281,books-t2016-a=10
q083,a letter that arrives decades too late,Tail,CrossStripe,Conceptual,Keyword,zscore-norm,0.6402040567704559,0.2,0.1111111111111111,0.1111111111111111,0.34148317737353606,0.44798204461174834,1,2,0.000383334,148.0249,books-t2016-a=10
q083,a letter that arrives decades too late,Tail,CrossStripe,Conceptual,Keyword,idf-correct-probe,0.6402040567704559,0.2,0.1111111111111111,0.1111111111111111,0.34148317737353606,0.44798204461174834,1,12,0.002283335,579.4575,books-t2016-a=10
q083,a letter that arrives decades too late,Tail,CrossStripe,Conceptual,Keyword,semantic-score,1,1,1,1,0.8591367550184259,0.5634531320927862,1,2,0.000383334,148.0168,books-t2016-a=10
q083,a letter that arrives decades too late,Tail,CrossStripe,Conceptual,Keyword,semantic-rerank,1,1,1,1,0.8591367550184259,0.5634531320927862,1,3,0.000766667,253.48239999999998,books-t2016-a=10
q083,a letter that arrives decades too late,Tail,CrossStripe,Conceptual,Keyword,idf-correct-sidecar,0.6402040567704559,0.2,0.1111111111111111,0.1111111111111111,0.34148317737353606,0.44798204461174834,1,2,0.000383334,148.04489999999998,books-t2016-a=10
q084,music and the people who devote their lives to it,Torso,CrossStripe,Conceptual,Keyword,single-index,1,1,1,1,1,0.5177867004403194,1,1,0.000433333,148.9924,books-oracle2=10
q084,music and the people who devote their lives to it,Torso,CrossStripe,Conceptual,Keyword,naive-score,0.4812329929521332,0.3,0.17647058823529413,0.2,0.15083016898568768,0.524024807548963,0.9,2,0.000533333,118.96929999999999,books-t2016-a=10
q084,music and the people who devote their lives to it,Torso,CrossStripe,Conceptual,Keyword,interleave,0.7090081386375826,0.5,0.3333333333333333,1,0.5062118724963371,0.26550590918503353,0.5,2,0.000533333,118.95729999999999,books-t2016-a=5 | books-t2016-b=5
q084,music and the people who devote their lives to it,Torso,CrossStripe,Conceptual,Keyword,quota-merge,0.8982658901806848,0.9,0.8181818181818182,1,0.7025747303706025,0.3994336225321119,0.9,2,0.000533333,118.9545,books-t2016-a=9 | books-t2016-b=1
q084,music and the people who devote their lives to it,Torso,CrossStripe,Conceptual,Keyword,global-rrf,0.7090081386375826,0.5,0.3333333333333333,1,0.5062118724963371,0.26550590918503353,0.5,2,0.000533333,118.9634,books-t2016-a=5 | books-t2016-b=5
q084,music and the people who devote their lives to it,Torso,CrossStripe,Conceptual,Keyword,minmax-norm,0.28654791285850817,0.2,0.1111111111111111,0.06666666666666667,0.10587138553589501,0.3851037980328689,0.6,2,0.000533333,118.98379999999999,books-t2016-a=6 | books-t2016-b=4
q084,music and the people who devote their lives to it,Torso,CrossStripe,Conceptual,Keyword,zscore-norm,0.32396925785253833,0.2,0.1111111111111111,0.06666666666666667,0.10587138553589501,0.4558184188589492,0.6,2,0.000533333,118.9812,books-t2016-a=6 | books-t2016-b=4
q084,music and the people who devote their lives to it,Torso,CrossStripe,Conceptual,Keyword,idf-correct-probe,0.4812329929521332,0.3,0.17647058823529413,0.2,0.15083016898568768,0.524024807548963,0.9,8,0.001683333,377.9773,books-t2016-a=10
q084,music and the people who devote their lives to it,Torso,CrossStripe,Conceptual,Keyword,semantic-score,1,1,1,1,0.8591367550184259,0.5177867004403194,1,2,0.000533333,118.9669,books-t2016-a=10
q084,music and the people who devote their lives to it,Torso,CrossStripe,Conceptual,Keyword,semantic-rerank,1,1,1,1,0.8591367550184259,0.5177867004403194,1,4,0.0012000000000000001,214.12509999999997,books-t2016-a=10
q084,music and the people who devote their lives to it,Torso,CrossStripe,Conceptual,Keyword,idf-correct-sidecar,0.4812329929521332,0.3,0.17647058823529413,0.2,0.15083016898568768,0.524024807548963,0.9,2,0.000533333,119.00989999999999,books-t2016-a=10
q085,a trial that divides a town,Torso,CrossStripe,Conceptual,Keyword,single-index,1,1,1,1,1,0.5650798698401289,1,1,0.000733333,117.7622,books-oracle2=10
q085,a trial that divides a town,Torso,CrossStripe,Conceptual,Keyword,naive-score,0.5163095034792481,0.3,0.17647058823529413,-0.1111111111111111,0.2586327588584432,0.2718579219488854,1,2,0.000416667,127.13329999999999,books-t2016-a=10
q085,a trial that divides a town,Torso,CrossStripe,Conceptual,Keyword,interleave,0.750279118279739,0.6,0.42857142857142855,1,0.5305502516625419,0.4164023004662121,0.6,2,0.000416667,127.1206,books-t2016-a=6 | books-t2016-b=4
q085,a trial that divides a town,Torso,CrossStripe,Conceptual,Keyword,quota-merge,0.7503360169121053,0.9,0.8181818181818182,1,0.6020566829499175,0.433238400025901,0.9,2,0.000416667,127.1198,books-t2016-a=9 | books-t2016-b=1
q085,a trial that divides a town,Torso,CrossStripe,Conceptual,Keyword,global-rrf,0.5992647425272859,0.6,0.42857142857142855,1,0.4224008597219573,0.3346111637327461,0.6,2,0.000416667,127.12509999999999,books-t2016-a=6 | books-t2016-b=4
q085,a trial that divides a town,Torso,CrossStripe,Conceptual,Keyword,minmax-norm,0.44629985165119,0.3,0.17647058823529413,-0.2222222222222222,0.2147741324738399,0.23383162893125709,0.9,2,0.000416667,127.14349999999999,books-t2016-a=9 | books-t2016-b=1
q085,a trial that divides a town,Torso,CrossStripe,Conceptual,Keyword,zscore-norm,0.45844233911371945,0.3,0.17647058823529413,-0.2222222222222222,0.2147741324738399,0.24618158352747754,0.9,2,0.000416667,127.14009999999999,books-t2016-a=9 | books-t2016-b=1
q085,a trial that divides a town,Torso,CrossStripe,Conceptual,Keyword,idf-correct-probe,0.5163095034792481,0.3,0.17647058823529413,-0.1111111111111111,0.2586327588584432,0.2718579219488854,1,6,0.001333334,301.2217,books-t2016-a=10
q085,a trial that divides a town,Torso,CrossStripe,Conceptual,Keyword,semantic-score,1,1,1,1,0.8591367550184259,0.5650798698401289,1,2,0.000416667,127.1373,books-t2016-a=10
q085,a trial that divides a town,Torso,CrossStripe,Conceptual,Keyword,semantic-rerank,1,1,1,1,0.8591367550184259,0.5650798698401289,1,4,0.0009333330000000001,231.4835,books-t2016-a=10
q085,a trial that divides a town,Torso,CrossStripe,Conceptual,Keyword,idf-correct-sidecar,0.5163095034792481,0.3,0.17647058823529413,-0.1111111111111111,0.2586327588584432,0.2718579219488854,1,2,0.000416667,127.15249999999999,books-t2016-a=10
q086,forbidden love across a social divide,Torso,CrossStripe,Conceptual,Keyword,single-index,1,1,1,1,1,0.6972107453967223,0.9,1,0.000416667,124.6694,books-oracle2=10
q086,forbidden love across a social divide,Torso,CrossStripe,Conceptual,Keyword,naive-score,0.7059081991494855,0.5,0.3333333333333333,-0.022222222222222223,0.29350541257916785,0.42108274553036745,0.9,2,0.001016667,144.4297,books-t2016-a=10
q086,forbidden love across a social divide,Torso,CrossStripe,Conceptual,Keyword,interleave,0.7090081386375826,0.5,0.3333333333333333,1,0.5062118724963371,0.4436754342834794,0.4,2,0.001016667,144.4173,books-t2016-a=5 | books-t2016-b=5
q086,forbidden love across a social divide,Torso,CrossStripe,Conceptual,Keyword,quota-merge,0.7503360169121053,0.9,0.8181818181818182,1,0.6020566829499175,0.4980619688393515,0.8,2,0.001016667,144.417,books-t2016-a=9 | books-t2016-b=1
q086,forbidden love across a social divide,Torso,CrossStripe,Conceptual,Keyword,global-rrf,0.561078265369003,0.5,0.3333333333333333,1,0.4056938250756522,0.36244611185895376,0.4,2,0.001016667,144.4233,books-t2016-a=5 | books-t2016-b=5
q086,forbidden love across a social divide,Torso,CrossStripe,Conceptual,Keyword,minmax-norm,0.5036617291803043,0.3,0.17647058823529413,0.23809523809523808,0.20631801597944013,0.21683113212436303,0.6,2,0.001016667,144.4419,books-t2016-a=7 | books-t2016-b=3
q086,forbidden love across a social divide,Torso,CrossStripe,Conceptual,Keyword,zscore-norm,0.533886929227788,0.3,0.17647058823529413,0.2857142857142857,0.21693844537977303,0.2815805354327878,0.7,2,0.001016667,144.4375,books-t2016-a=8 | books-t2016-b=2
q086,forbidden love across a social divide,Torso,CrossStripe,Conceptual,Keyword,idf-correct-probe,0.7059081991494855,0.5,0.3333333333333333,-0.022222222222222223,0.29350541257916785,0.42108274553036745,0.9,6,0.0017833340000000001,315.18190000000004,books-t2016-a=10
q086,forbidden love across a social divide,Torso,CrossStripe,Conceptual,Keyword,semantic-score,1,1,1,1,0.8591367550184259,0.6972107453967223,0.9,2,0.001016667,144.4228,books-t2016-a=10
q086,forbidden love across a social divide,Torso,CrossStripe,Conceptual,Keyword,semantic-rerank,1,1,1,1,0.8591367550184259,0.6972107453967223,0.9,4,0.0015666669999999999,236.836,books-t2016-a=10
q086,forbidden love across a social divide,Torso,CrossStripe,Conceptual,Keyword,idf-correct-sidecar,0.7059081991494855,0.5,0.3333333333333333,-0.022222222222222223,0.29350541257916785,0.42108274553036745,0.9,2,0.001016667,144.4629,books-t2016-a=10
q087,an old man looking back on his life,Torso,CrossStripe,Conceptual,Keyword,single-index,1,1,1,1,1,0.545297743353414,1,1,0.000433333,122.0127,books-oracle2=10
q087,an old man looking back on his life,Torso,CrossStripe,Conceptual,Keyword,naive-score,0.5834948483040753,0.5,0.3333333333333333,-0.06666666666666667,0.2441179568083867,0.18775683019353817,1,2,0.000533333,120.0937,books-t2016-a=10
q087,an old man looking back on his life,Torso,CrossStripe,Conceptual,Keyword,interleave,0.7090081386375826,0.5,0.3333333333333333,1,0.5062118724963371,0.4516456758146934,0.5,2,0.000533333,120.08200000000001,books-t2016-a=5 | books-t2016-b=5
q087,an old man looking back on his life,Torso,CrossStripe,Conceptual,Keyword,quota-merge,0.7503360169121053,0.9,0.8181818181818182,1,0.6020566829499175,0.40207643562932904,0.9,2,0.000533333,120.0781,books-t2016-a=9 | books-t2016-b=1
q087,an old man looking back on his life,Torso,CrossStripe,Conceptual,Keyword,global-rrf,0.5592229768683799,0.5,0.3333333333333333,1,0.40088607802811543,0.3669614766396699,0.5,2,0.000533333,120.0896,books-t2016-a=5 | books-t2016-b=5
q087,an old man looking back on his life,Torso,CrossStripe,Conceptual,Keyword,minmax-norm,0.19095959331368353,0.2,0.1111111111111111,-1,0.058676733215664495,0.053681701740288565,0.4,2,0.000533333,120.10950000000001,books-t2016-a=4 | books-t2016-b=6
q087,an old man looking back on his life,Torso,CrossStripe,Conceptual,Keyword,zscore-norm,0.2938255537055958,0.4,0.25,-0.6,0.1306100139724673,0.0768093944699102,0.6,2,0.000533333,120.1059,books-t2016-a=6 | books-t2016-b=4
q087,an old man looking back on his life,Torso,CrossStripe,Conceptual,Keyword,idf-correct-probe,0.5834948483040753,0.5,0.3333333333333333,-0.06666666666666667,0.2441179568083867,0.18775683019353817,1,10,0.002033334,463.37370000000004,books-t2016-a=10
q087,an old man looking back on his life,Torso,CrossStripe,Conceptual,Keyword,semantic-score,0.9632393902397784,0.9,0.8181818181818182,1,0.8239809449952643,0.5358661772273401,0.9,2,0.000533333,120.0916,books-t2016-a=9 | books-t2016-b=1
q087,an old man looking back on his life,Torso,CrossStripe,Conceptual,Keyword,semantic-rerank,0.9632393902397784,0.9,0.8181818181818182,1,0.8239809449952643,0.5358661772273401,0.9,4,0.000883333,225.9975,books-t2016-a=9 | books-t2016-b=1
q087,an old man looking back on his life,Torso,CrossStripe,Conceptual,Keyword,idf-correct-sidecar,0.5834948483040753,0.5,0.3333333333333333,-0.06666666666666667,0.2441179568083867,0.18775683019353817,1,2,0.000533333,120.1222,books-t2016-a=10
q088,letters and diaries as a way of telling a story,Tail,CrossStripe,Conceptual,Keyword,single-index,1,1,1,1,1,0.864136823079159,1,1,0.000833333,141.0978,books-oracle2=10
q088,letters and diaries as a way of telling a story,Tail,CrossStripe,Conceptual,Keyword,naive-score,0.5935303682041561,0.3,0.17647058823529413,0.3333333333333333,0.19623633352307684,1,1,2,0.000966666,133.7874,books-t2016-a=10
q088,letters and diaries as a way of telling a story,Tail,CrossStripe,Conceptual,Keyword,interleave,0.7090081386375826,0.5,0.3333333333333333,1,0.5062118724963371,0.44945636817208773,0.5,2,0.000966666,133.7753,books-t2016-a=5 | books-t2016-b=5
q088,letters and diaries as a way of telling a story,Tail,CrossStripe,Conceptual,Keyword,quota-merge,0.8573952050944006,0.8,0.6666666666666666,1,0.6597875758275411,0.6768908984198146,0.9,2,0.000966666,133.773,books-t2016-a=9 | books-t2016-b=1
q088,letters and diaries as a way of telling a story,Tail,CrossStripe,Conceptual,Keyword,global-rrf,0.6896217982043962,0.5,0.3333333333333333,1,0.47426425264521566,0.4338226443561074,0.5,2,0.000966666,133.7804,books-t2016-a=5 | books-t2016-b=5
q088,letters and diaries as a way of telling a story,Tail,CrossStripe,Conceptual,Keyword,minmax-norm,0.47572870676023377,0.3,0.17647058823529413,0.2857142857142857,0.16128474763419176,0.7759944384848244,0.8,2,0.000966666,133.8002,books-t2016-a=8 | books-t2016-b=2
q088,letters and diaries as a way of telling a story,Tail,CrossStripe,Conceptual,Keyword,zscore-norm,0.4876123570252889,0.3,0.17647058823529413,0.2857142857142857,0.1711772312710985,0.7877736340270854,0.8,2,0.000966666,133.796,books-t2016-a=8 | books-t2016-b=2
q088,letters and diaries as a way of telling a story,Tail,CrossStripe,Conceptual,Keyword,idf-correct-probe,0.5935303682041561,0.3,0.17647058823529413,0.3333333333333333,0.19623633352307684,1,1,10,0.002516666,480.42150000000004,books-t2016-a=10
q088,letters and diaries as a way of telling a story,Tail,CrossStripe,Conceptual,Keyword,semantic-score,0.9575862646317291,0.9,0.8181818181818182,1,0.8064571168384576,0.796938306811723,1,2,0.000966666,133.7791,books-t2016-a=10
q088,letters and diaries as a way of telling a story,Tail,CrossStripe,Conceptual,Keyword,semantic-rerank,0.9575862646317291,0.9,0.8181818181818182,1,0.8064571168384576,0.796938306811723,1,4,0.0014999990000000001,253.87099999999998,books-t2016-a=10
q088,letters and diaries as a way of telling a story,Tail,CrossStripe,Conceptual,Keyword,idf-correct-sidecar,0.5935303682041561,0.3,0.17647058823529413,0.3333333333333333,0.19623633352307684,1,1,2,0.000966666,133.8167,books-t2016-a=10
q089,the price of ambition,Torso,CrossStripe,Conceptual,Keyword,single-index,1,1,1,1,1,0.22423780372528593,0.9,1,0.00035,113.2654,books-oracle2=10
q089,the price of ambition,Torso,CrossStripe,Conceptual,Keyword,naive-score,0.6669228437331979,0.7,0.5384615384615384,-0.4666666666666667,0.30054135776871904,0.22529397387236616,0.9,2,0.000366667,123.746,books-t2016-a=10
q089,the price of ambition,Torso,CrossStripe,Conceptual,Keyword,interleave,0.8982658901806848,0.9,0.8181818181818182,1,0.7025747303706025,0.1976621586263517,0.8,2,0.000366667,123.73209999999999,books-t2016-a=9 | books-t2016-b=1
q089,the price of ambition,Torso,CrossStripe,Conceptual,Keyword,quota-merge,0.8982658901806848,0.9,0.8181818181818182,1,0.7025747303706025,0.1976621586263517,0.8,2,0.000366667,123.73379999999999,books-t2016-a=9 | books-t2016-b=1
q089,the price of ambition,Torso,CrossStripe,Conceptual,Keyword,global-rrf,0.8982658901806848,0.9,0.8181818181818182,1,0.7025747303706025,0.1976621586263517,0.8,2,0.000366667,123.7366,books-t2016-a=9 | books-t2016-b=1
q089,the price of ambition,Torso,CrossStripe,Conceptual,Keyword,minmax-norm,0.5464165070463042,0.6,0.42857142857142855,-0.5555555555555556,0.23943478908323754,0.17960104240436758,0.8,2,0.000366667,123.75229999999999,books-t2016-a=9 | books-t2016-b=1
q089,the price of ambition,Torso,CrossStripe,Conceptual,Keyword,zscore-norm,0.6669228437331979,0.7,0.5384615384615384,-0.4666666666666667,0.30054135776871904,0.22529397387236616,0.9,2,0.000366667,123.7487,books-t2016-a=10
q089,the price of ambition,Torso,CrossStripe,Conceptual,Keyword,idf-correct-probe,0.6669228437331979,0.7,0.5384615384615384,-0.4666666666666667,0.30054135776871904,0.22529397387236616,0.9,6,0.0011000010000000002,297.3093,books-t2016-a=10
q089,the price of ambition,Torso,CrossStripe,Conceptual,Keyword,semantic-score,0.9665082878897354,0.9,0.8181818181818182,1,0.8347983758522218,0.22423780372528593,0.8,2,0.000366667,123.7371,books-t2016-a=9 | books-t2016-b=1
q089,the price of ambition,Torso,CrossStripe,Conceptual,Keyword,semantic-rerank,0.9665082878897354,0.9,0.8181818181818182,1,0.8347983758522218,0.22423780372528593,0.8,4,0.000883333,217.503,books-t2016-a=9 | books-t2016-b=1
q089,the price of ambition,Torso,CrossStripe,Conceptual,Keyword,idf-correct-sidecar,0.6669228437331979,0.7,0.5384615384615384,-0.4666666666666667,0.30054135776871904,0.22529397387236616,0.9,2,0.000366667,123.7654,books-t2016-a=10
q090,a con artist whose scheme goes wrong,Tail,CrossStripe,Conceptual,Keyword,single-index,1,1,1,1,1,0.43386860291911117,1,1,0.000383333,116.4362,books-oracle2=10
q090,a con artist whose scheme goes wrong,Tail,CrossStripe,Conceptual,Keyword,naive-score,0.8174075054394575,0.6,0.42857142857142855,0.28888888888888886,0.490708586518597,0.4495282490940193,1,2,0.00045000000000000004,115.34100000000001,books-t2016-a=10
q090,a con artist whose scheme goes wrong,Tail,CrossStripe,Conceptual,Keyword,interleave,0.750279118279739,0.6,0.42857142857142855,1,0.5305502516625419,0.26762737846352636,0.6,2,0.00045000000000000004,115.33200000000001,books-t2016-a=6 | books-t2016-b=4
q090,a con artist whose scheme goes wrong,Tail,CrossStripe,Conceptual,Keyword,quota-merge,0.8982658901806848,0.9,0.8181818181818182,1,0.7025747303706025,0.3807587280566134,0.9,2,0.00045000000000000004,115.3322,books-t2016-a=9 | books-t2016-b=1
q090,a con artist whose scheme goes wrong,Tail,CrossStripe,Conceptual,Keyword,global-rrf,0.7296635638633023,0.6,0.42857142857142855,1,0.49577903433905746,0.258168995683159,0.6,2,0.00045000000000000004,115.3375,books-t2016-a=6 | books-t2016-b=4
q090,a con artist whose scheme goes wrong,Tail,CrossStripe,Conceptual,Keyword,minmax-norm,0.6956996594147611,0.6,0.42857142857142855,0.2777777777777778,0.36713298260814786,0.38494959072768486,0.9,2,0.00045000000000000004,115.3568,books-t2016-a=9 | books-t2016-b=1
q090,a con artist whose scheme goes wrong,Tail,CrossStripe,Conceptual,Keyword,zscore-norm,0.7481786171208847,0.6,0.42857142857142855,0.2777777777777778,0.41236610394745593,0.3904330763976642,0.9,2,0.00045000000000000004,115.3566,books-t2016-a=9 | books-t2016-b=1
q090,a con artist whose scheme goes wrong,Tail,CrossStripe,Conceptual,Keyword,idf-correct-probe,0.8174075054394575,0.6,0.42857142857142855,0.28888888888888886,0.490708586518597,0.4495282490940193,1,14,0.002866667,621.4956,books-t2016-a=10
q090,a con artist whose scheme goes wrong,Tail,CrossStripe,Conceptual,Keyword,semantic-score,1,1,1,1,0.8591367550184259,0.43386860291911117,1,2,0.00045000000000000004,115.3388,books-t2016-a=10
q090,a con artist whose scheme goes wrong,Tail,CrossStripe,Conceptual,Keyword,semantic-rerank,1,1,1,1,0.8591367550184259,0.43386860291911117,1,4,0.0010833330000000001,211.37380000000002,books-t2016-a=10
q090,a con artist whose scheme goes wrong,Tail,CrossStripe,Conceptual,Keyword,idf-correct-sidecar,0.8174075054394575,0.6,0.42857142857142855,0.28888888888888886,0.490708586518597,0.4495282490940193,1,2,0.00045000000000000004,115.3722,books-t2016-a=10
q091,prison,Head,CrossStripe,Lexical,Keyword,single-index,1,1,1,1,1,0.8257951996405422,1,1,0.000283333,125.6381,books-oracle2=10
q091,prison,Head,CrossStripe,Lexical,Keyword,naive-score,0.6818893854926521,0.4,0.25,0.4222222222222222,0.29749834687814786,0.806128776556615,0.9,2,0.0003,129.62490000000003,books-t2016-a=10
q091,prison,Head,CrossStripe,Lexical,Keyword,interleave,0.8982658901806848,0.9,0.8181818181818182,1,0.7025747303706025,0.7470929760101063,0.9,2,0.0003,129.61210000000003,books-t2016-a=9 | books-t2016-b=1
q091,prison,Head,CrossStripe,Lexical,Keyword,quota-merge,0.8982658901806848,0.9,0.8181818181818182,1,0.7025747303706025,0.7470929760101063,0.9,2,0.0003,129.6125,books-t2016-a=9 | books-t2016-b=1
q091,prison,Head,CrossStripe,Lexical,Keyword,global-rrf,0.8982658901806848,0.9,0.8181818181818182,1,0.7025747303706025,0.7470929760101063,0.9,2,0.0003,129.61630000000002,books-t2016-a=9 | books-t2016-b=1
q091,prison,Head,CrossStripe,Lexical,Keyword,minmax-norm,0.6075436518953294,0.4,0.25,0.2777777777777778,0.26169698704296734,0.7388040050579644,0.9,2,0.0003,129.6302,books-t2016-a=9 | books-t2016-b=1
q091,prison,Head,CrossStripe,Lexical,Keyword,zscore-norm,0.6458393913191691,0.4,0.25,0.2777777777777778,0.2800164011853872,0.7925233312898979,0.9,2,0.0003,129.6284,books-t2016-a=9 | books-t2016-b=1
q091,prison,Head,CrossStripe,Lexical,Keyword,idf-correct-probe,0.6818893854926521,0.4,0.25,0.4222222222222222,0.29749834687814786,0.806128776556615,0.9,4,0.0006666669999999999,216.9429,books-t2016-a=10
q091,prison,Head,CrossStripe,Lexical,Keyword,semantic-score,0.9528344332977449,0.9,0.8181818181818182,1,0.7932671386559154,0.8008123022420398,0.9,2,0.0003,129.61870000000002,books-t2016-a=9 | books-t2016-b=1
q091,prison,Head,CrossStripe,Lexical,Keyword,semantic-rerank,0.9528344332977449,0.9,0.8181818181818182,1,0.7932671386559154,0.8008123022420398,0.9,4,0.000916666,236.22840000000002,books-t2016-a=9 | books-t2016-b=1
q091,prison,Head,CrossStripe,Lexical,Keyword,idf-correct-sidecar,0.6818893854926521,0.4,0.25,0.4222222222222222,0.29749834687814786,0.806128776556615,0.9,2,0.0003,129.64450000000002,books-t2016-a=10
q092,language and the way words shape thought,Tail,CrossStripe,Conceptual,Keyword,single-index,1,1,1,1,1,0.6313166698745006,1,1,0.0004,145.2734,books-oracle2=10
q092,language and the way words shape thought,Tail,CrossStripe,Conceptual,Keyword,naive-score,0.8558975127463844,0.5,0.3333333333333333,0.37777777777777777,0.5025523503134948,0.46554422898299774,0.9,2,0.000483333,118.8357,books-t2016-a=10
q092,language and the way words shape thought,Tail,CrossStripe,Conceptual,Keyword,interleave,0.7090081386375826,0.5,0.3333333333333333,1,0.5062118724963371,0.5149251823550608,0.5,2,0.000483333,118.8224,books-t2016-a=5 | books-t2016-b=5
q092,language and the way words shape thought,Tail,CrossStripe,Conceptual,Keyword,quota-merge,0.8982658901806848,0.9,0.8181818181818182,1,0.7025747303706025,0.5777111820355341,0.9,2,0.000483333,118.8201,books-t2016-a=9 | books-t2016-b=1
q092,language and the way words shape thought,Tail,CrossStripe,Conceptual,Keyword,global-rrf,0.6853354338009686,0.5,0.3333333333333333,1,0.46588202151020996,0.5023647313286924,0.5,2,0.000483333,118.8269,books-t2016-a=5 | books-t2016-b=5
q092,language and the way words shape thought,Tail,CrossStripe,Conceptual,Keyword,minmax-norm,0.7269734684274979,0.5,0.3333333333333333,0.5,0.43663779762070065,0.4302237562519139,0.8,2,0.000483333,118.8447,books-t2016-a=8 | books-t2016-b=2
q092,language and the way words shape thought,Tail,CrossStripe,Conceptual,Keyword,zscore-norm,0.7269734684274979,0.5,0.3333333333333333,0.5,0.43663779762070065,0.4302237562519139,0.8,2,0.000483333,118.8421,books-t2016-a=8 | books-t2016-b=2
q092,language and the way words shape thought,Tail,CrossStripe,Conceptual,Keyword,idf-correct-probe,0.8558975127463844,0.5,0.3333333333333333,0.37777777777777777,0.5025523503134948,0.46554422898299774,0.9,10,0.002000001,466.15880000000004,books-t2016-a=10
q092,language and the way words shape thought,Tail,CrossStripe,Conceptual,Keyword,semantic-score,1,1,1,1,0.8591367550184259,0.6313166698745006,1,2,0.000483333,118.8298,books-t2016-a=10
q092,language and the way words shape thought,Tail,CrossStripe,Conceptual,Keyword,semantic-rerank,1,1,1,1,0.8591367550184259,0.6313166698745006,1,4,0.001016666,213.81220000000002,books-t2016-a=10
q092,language and the way words shape thought,Tail,CrossStripe,Conceptual,Keyword,idf-correct-sidecar,0.8558975127463844,0.5,0.3333333333333333,0.37777777777777777,0.5025523503134948,0.46554422898299774,0.9,2,0.000483333,118.86410000000001,books-t2016-a=10
q093,a house that holds a family's history,Torso,CrossStripe,Conceptual,Keyword,single-index,1,1,1,1,1,0.785860571719324,1,1,0.000416667,112.8607,books-oracle2=10
q093,a house that holds a family's history,Torso,CrossStripe,Conceptual,Keyword,naive-score,0.9307357348398773,0.8,0.6666666666666666,0.4222222222222222,0.6005126830701292,0.7370990674660768,1,2,0.0005,136.7425,books-t2016-a=10
q093,a house that holds a family's history,Torso,CrossStripe,Conceptual,Keyword,interleave,0.7090081386375826,0.5,0.3333333333333333,1,0.5062118724963371,0.47511711518320515,0.5,2,0.0005,136.7296,books-t2016-a=5 | books-t2016-b=5
q093,a house that holds a family's history,Torso,CrossStripe,Conceptual,Keyword,quota-merge,0.8982658901806848,0.9,0.8181818181818182,1,0.7025747303706025,0.7131532310300318,0.9,2,0.0005,136.7267,books-t2016-a=9 | books-t2016-b=1
q093,a house that holds a family's history,Torso,CrossStripe,Conceptual,Keyword,global-rrf,0.702866485733532,0.5,0.3333333333333333,1,0.4930218943137949,0.4683722665202595,0.5,2,0.0005,136.73590000000002,books-t2016-a=5 | books-t2016-b=5
q093,a house that holds a family's history,Torso,CrossStripe,Conceptual,Keyword,minmax-norm,0.6631027766053563,0.5,0.3333333333333333,0,0.424480145548341,0.5481540639795447,0.5,2,0.0005,136.7571,books-t2016-a=5 | books-t2016-b=5
q093,a house that holds a family's history,Torso,CrossStripe,Conceptual,Keyword,zscore-norm,0.6941209399514483,0.5,0.3333333333333333,0,0.43048982935776187,0.5965377185773227,0.5,2,0.0005,136.7661,books-t2016-a=5 | books-t2016-b=5
q093,a house that holds a family's history,Torso,CrossStripe,Conceptual,Keyword,idf-correct-probe,0.9307357348398773,0.8,0.6666666666666666,0.4222222222222222,0.6005126830701292,0.7370990674660768,1,4,0.0009,221.9188,books-t2016-a=10
q093,a house that holds a family's history,Torso,CrossStripe,Conceptual,Keyword,semantic-score,1,1,1,1,0.8591367550184259,0.785860571719324,1,2,0.0005,136.7698,books-t2016-a=10
q093,a house that holds a family's history,Torso,CrossStripe,Conceptual,Keyword,semantic-rerank,1,1,1,1,0.8591367550184259,0.785860571719324,1,4,0.0010500000000000002,234.0036,books-t2016-a=10
q093,a house that holds a family's history,Torso,CrossStripe,Conceptual,Keyword,idf-correct-sidecar,0.9307357348398773,0.8,0.6666666666666666,0.4222222222222222,0.6005126830701292,0.7370990674660768,1,2,0.0005,136.7674,books-t2016-a=10
q094,surveillance and the loss of privacy,Torso,CrossStripe,Mixed,Keyword,single-index,1,1,1,1,1,0.6432033683353302,1,1,0.00035,127.0154,books-oracle2=10
q094,surveillance and the loss of privacy,Torso,CrossStripe,Mixed,Keyword,naive-score,0.5595295951076983,0.4,0.25,0.3333333333333333,0.22549847539346293,0.7615182666852239,1,2,0.000833334,113.9623,books-t2016-a=10
q094,surveillance and the loss of privacy,Torso,CrossStripe,Mixed,Keyword,interleave,0.7933040681978583,0.6,0.42857142857142855,0.4666666666666667,0.5489990270393987,0.46501526044827085,0.6,2,0.000833334,113.9496,books-t2016-a=5 | books-t2016-b=5
q094,surveillance and the loss of privacy,Torso,CrossStripe,Mixed,Keyword,quota-merge,0.8785545492086577,1,1,0.7333333333333333,0.6448438374929789,0.5927134279280171,1,2,0.000833334,113.949,books-t2016-a=9 | books-t2016-b=1
q094,surveillance and the loss of privacy,Torso,CrossStripe,Mixed,Keyword,global-rrf,0.674068598269035,0.6,0.42857142857142855,0.3333333333333333,0.4137097622952293,0.40812686799474934,0.6,2,0.000833334,113.9541,books-t2016-a=5 | books-t2016-b=5
q094,surveillance and the loss of privacy,Torso,CrossStripe,Mixed,Keyword,minmax-norm,0.5049074369070716,0.4,0.25,0.5555555555555556,0.2324412392270789,0.6109055769590315,0.9,2,0.000833334,113.9708,books-t2016-a=8 | books-t2016-b=2
q094,surveillance and the loss of privacy,Torso,CrossStripe,Mixed,Keyword,zscore-norm,0.578592102610229,0.5,0.3333333333333333,0.3333333333333333,0.2567796183932837,0.7124357130358671,1,2,0.000833334,113.9681,books-t2016-a=9 | books-t2016-b=1
q094,surveillance and the loss of privacy,Torso,CrossStripe,Mixed,Keyword,idf-correct-probe,0.5595295951076983,0.4,0.25,0.3333333333333333,0.22549847539346293,0.7615182666852239,1,8,0.0019333350000000002,422.7016,books-t2016-a=10
q094,surveillance and the loss of privacy,Torso,CrossStripe,Mixed,Keyword,semantic-score,1,1,1,1,0.8591367550184259,0.6432033683353302,1,2,0.000833334,113.9547,books-t2016-a=9 | books-t2016-b=1
q094,surveillance and the loss of privacy,Torso,CrossStripe,Mixed,Keyword,semantic-rerank,1,1,1,1,0.8591367550184259,0.6432033683353302,1,4,0.001366667,222.154,books-t2016-a=9 | books-t2016-b=1
q094,surveillance and the loss of privacy,Torso,CrossStripe,Mixed,Keyword,idf-correct-sidecar,0.5595295951076983,0.4,0.25,0.3333333333333333,0.22549847539346293,0.7615182666852239,1,2,0.000833334,113.9838,books-t2016-a=10
q095,sisters,Head,CrossStripe,Lexical,Keyword,single-index,1,1,1,1,1,1,1,1,0.000316667,126.9771,books-oracle2=10
q095,sisters,Head,CrossStripe,Lexical,Keyword,naive-score,0.8839012115049545,0.7,0.5384615384615384,0.24444444444444444,0.5713255895984115,1,1,2,0.000333334,113.26989999999999,books-t2016-a=10
q095,sisters,Head,CrossStripe,Lexical,Keyword,interleave,0.8982658901806848,0.9,0.8181818181818182,1,0.7025747303706025,0.8611375561264454,0.9,2,0.000333334,113.2575,books-t2016-a=9 | books-t2016-b=1
q095,sisters,Head,CrossStripe,Lexical,Keyword,quota-merge,0.8982658901806848,0.9,0.8181818181818182,1,0.7025747303706025,0.8611375561264454,0.9,2,0.000333334,113.25819999999999,books-t2016-a=9 | books-t2016-b=1
q095,sisters,Head,CrossStripe,Lexical,Keyword,global-rrf,0.8982658901806848,0.9,0.8181818181818182,1,0.7025747303706025,0.8611375561264454,0.9,2,0.000333334,113.273,books-t2016-a=9 | books-t2016-b=1
q095,sisters,Head,CrossStripe,Lexical,Keyword,minmax-norm,0.7582871784872884,0.6,0.42857142857142855,0.3888888888888889,0.496946342045362,0.8611375561264454,0.9,2,0.000333334,113.27799999999999,books-t2016-a=9 | books-t2016-b=1
q095,sisters,Head,CrossStripe,Lexical,Keyword,zscore-norm,0.8839012115049545,0.7,0.5384615384615384,0.24444444444444444,0.5713255895984115,1,1,2,0.000333334,113.2751,books-t2016-a=10
q095,sisters,Head,CrossStripe,Lexical,Keyword,idf-correct-probe,0.8839012115049545,0.7,0.5384615384615384,0.24444444444444444,0.5713255895984115,1,1,4,0.000733334,200.3222,books-t2016-a=10
q095,sisters,Head,CrossStripe,Lexical,Keyword,semantic-score,1,1,1,1,0.8591367550184259,1,1,2,0.000333334,113.2614,books-t2016-a=10
q095,sisters,Head,CrossStripe,Lexical,Keyword,semantic-rerank,1,1,1,1,0.8591367550184259,1,1,4,0.0008500000000000001,205.7411,books-t2016-a=10
q095,sisters,Head,CrossStripe,Lexical,Keyword,idf-correct-sidecar,0.8839012115049545,0.7,0.5384615384615384,0.24444444444444444,0.5713255895984115,1,1,2,0.000333334,113.28529999999999,books-t2016-a=10
q096,a mentor who turns out to be wrong about everything,Tail,CrossStripe,Conceptual,Keyword,single-index,1,1,1,1,1,0.2537112618045938,1,1,0.000866667,119.9444,books-oracle2=10
q096,a mentor who turns out to be wrong about everything,Tail,CrossStripe,Conceptual,Keyword,naive-score,0.6216042844821057,0.5,0.3333333333333333,-0.1111111111111111,0.25013240051349556,0.10039540132376334,1,2,0.0005,136.08100000000002,books-t2016-a=10
q096,a mentor who turns out to be wrong about everything,Tail,CrossStripe,Conceptual,Keyword,interleave,0.7090081386375826,0.5,0.3333333333333333,1,0.5062118724963371,0.1708180262388058,0.5,2,0.0005,136.0695,books-t2016-a=5 | books-t2016-b=5
q096,a mentor who turns out to be wrong about everything,Tail,CrossStripe,Conceptual,Keyword,quota-merge,0.8982658901806848,0.9,0.8181818181818182,1,0.7025747303706025,0.2350824107192476,0.9,2,0.0005,136.068,books-t2016-a=9 | books-t2016-b=1
q096,a mentor who turns out to be wrong about everything,Tail,CrossStripe,Conceptual,Keyword,global-rrf,0.7059236361537091,0.5,0.3333333333333333,1,0.49858052797643776,0.1708180262388058,0.5,2,0.0005,136.07420000000002,books-t2016-a=5 | books-t2016-b=5
q096,a mentor who turns out to be wrong about everything,Tail,CrossStripe,Conceptual,Keyword,minmax-norm,0.5257672710439844,0.4,0.25,0.05555555555555555,0.20271155952784198,0.09395029556356031,0.9,2,0.0005,136.09380000000002,books-t2016-a=9 | books-t2016-b=1
q096,a mentor who turns out to be wrong about everything,Tail,CrossStripe,Conceptual,Keyword,zscore-norm,0.5257672710439844,0.4,0.25,0.05555555555555555,0.20271155952784198,0.09395029556356031,0.9,2,0.0005,136.08960000000002,books-t2016-a=9 | books-t2016-b=1
q096,a mentor who turns out to be wrong about everything,Tail,CrossStripe,Conceptual,Keyword,idf-correct-probe,0.6216042844821057,0.5,0.3333333333333333,-0.1111111111111111,0.25013240051349556,0.10039540132376334,1,8,0.0018000009999999999,397.3714,books-t2016-a=10
q096,a mentor who turns out to be wrong about everything,Tail,CrossStripe,Conceptual,Keyword,semantic-score,0.9452694559895504,0.9,0.8181818181818182,1,0.7749477245134956,0.24750039494763593,0.9,2,0.0005,136.0744,books-t2016-a=9 | books-t2016-b=1
q096,a mentor who turns out to be wrong about everything,Tail,CrossStripe,Conceptual,Keyword,semantic-rerank,0.9452694559895504,0.9,0.8181818181818182,1,0.7749477245134956,0.24750039494763593,0.9,4,0.000966667,233.66160000000002,books-t2016-a=9 | books-t2016-b=1
q096,a mentor who turns out to be wrong about everything,Tail,CrossStripe,Conceptual,Keyword,idf-correct-sidecar,0.6216042844821057,0.5,0.3333333333333333,-0.1111111111111111,0.25013240051349556,0.10039540132376334,1,2,0.0005,136.1136,books-t2016-a=10
q097,winter cold and isolation in a remote place,Torso,CrossStripe,Conceptual,Keyword,single-index,1,1,1,1,1,0.9007619020868619,1,1,0.000366667,113.0728,books-oracle2=10
q097,winter cold and isolation in a remote place,Torso,CrossStripe,Conceptual,Keyword,naive-score,0.6848406344305307,0.6,0.42857142857142855,0.06666666666666667,0.3186159074117411,0.9007619020868619,1,2,0.000383334,113.29039999999999,books-t2016-a=10
q097,winter cold and isolation in a remote place,Torso,CrossStripe,Conceptual,Keyword,interleave,1,1,1,1,0.8591367550184259,0.9007619020868619,1,2,0.000383334,113.26509999999999,books-t2016-a=10
q097,winter cold and isolation in a remote place,Torso,CrossStripe,Conceptual,Keyword,quota-merge,1,1,1,1,0.8591367550184259,0.9007619020868619,1,2,0.000383334,113.2632,books-t2016-a=10
q097,winter cold and isolation in a remote place,Torso,CrossStripe,Conceptual,Keyword,global-rrf,1,1,1,1,0.8591367550184259,0.9007619020868619,1,2,0.000383334,113.27,books-t2016-a=10
q097,winter cold and isolation in a remote place,Torso,CrossStripe,Conceptual,Keyword,minmax-norm,0.6848406344305307,0.6,0.42857142857142855,0.06666666666666667,0.3186159074117411,0.9007619020868619,1,2,0.000383334,113.28949999999999,books-t2016-a=10
q097,winter cold and isolation in a remote place,Torso,CrossStripe,Conceptual,Keyword,zscore-norm,0.6848406344305307,0.6,0.42857142857142855,0.06666666666666667,0.3186159074117411,0.9007619020868619,1,2,0.000383334,113.27969999999999,books-t2016-a=10
q097,winter cold and isolation in a remote place,Torso,CrossStripe,Conceptual,Keyword,idf-correct-probe,0.6848406344305307,0.6,0.42857142857142855,0.06666666666666667,0.3186159074117411,0.9007619020868619,1,8,0.001466668,366.1714,books-t2016-a=10
q097,winter cold and isolation in a remote place,Torso,CrossStripe,Conceptual,Keyword,semantic-score,1,1,1,1,0.8591367550184259,0.9007619020868619,1,2,0.000383334,113.2701,books-t2016-a=10
q097,winter cold and isolation in a remote place,Torso,CrossStripe,Conceptual,Keyword,semantic-rerank,1,1,1,1,0.8591367550184259,0.9007619020868619,1,3,0.000783334,211.4546,books-t2016-a=10
q097,winter cold and isolation in a remote place,Torso,CrossStripe,Conceptual,Keyword,idf-correct-sidecar,0.6848406344305307,0.6,0.42857142857142855,0.06666666666666667,0.3186159074117411,0.9007619020868619,1,2,0.000383334,113.2969,books-t2016-a=10
q098,money and what people will do for it,Torso,CrossStripe,Conceptual,Keyword,single-index,1,1,1,1,1,0.45588669635300233,1,1,0.0004,158.0937,books-oracle2=10
q098,money and what people will do for it,Torso,CrossStripe,Conceptual,Keyword,naive-score,0.6838126641477555,0.6,0.42857142857142855,0.24444444444444444,0.31192974165428694,0.4332810451104749,0.9,2,0.00046666700000000004,104.4181,books-t2016-a=10
q098,money and what people will do for it,Torso,CrossStripe,Conceptual,Keyword,interleave,0.7090081386375826,0.5,0.3333333333333333,1,0.5062118724963371,0.19720861339970028,0.5,2,0.00046666700000000004,104.4058,books-t2016-a=5 | books-t2016-b=5
q098,money and what people will do for it,Torso,CrossStripe,Conceptual,Keyword,quota-merge,0.8982658901806848,0.9,0.8181818181818182,1,0.7025747303706025,0.41755555540972267,0.9,2,0.00046666700000000004,104.40679999999999,books-t2016-a=9 | books-t2016-b=1
q098,money and what people will do for it,Torso,CrossStripe,Conceptual,Keyword,global-rrf,0.6896217982043962,0.5,0.3333333333333333,1,0.47426425264521566,0.19418103054407934,0.5,2,0.00046666700000000004,104.4112,books-t2016-a=5 | books-t2016-b=5
q098,money and what people will do for it,Torso,CrossStripe,Conceptual,Keyword,minmax-norm,0.5447615676747466,0.5,0.3333333333333333,0.35714285714285715,0.2472235460001385,0.36721842173103136,0.8,2,0.00046666700000000004,104.4305,books-t2016-a=8 | books-t2016-b=2
q098,money and what people will do for it,Torso,CrossStripe,Conceptual,Keyword,zscore-norm,0.5618489168876357,0.5,0.3333333333333333,0.35714285714285715,0.2472235460001385,0.3993571186705236,0.8,2,0.00046666700000000004,104.4258,books-t2016-a=8 | books-t2016-b=2
q098,money and what people will do for it,Torso,CrossStripe,Conceptual,Keyword,idf-correct-probe,0.6838126641477555,0.6,0.42857142857142855,0.24444444444444444,0.31192974165428694,0.4332810451104749,0.9,6,0.001333334,272.5502,books-t2016-a=10
q098,money and what people will do for it,Torso,CrossStripe,Conceptual,Keyword,semantic-score,0.9650645928231532,0.9,0.8181818181818182,1,0.8299906288046852,0.44467487664504296,0.9,2,0.00046666700000000004,104.41329999999999,books-t2016-a=9 | books-t2016-b=1
q098,money and what people will do for it,Torso,CrossStripe,Conceptual,Keyword,semantic-rerank,0.9650645928231532,0.9,0.8181818181818182,1,0.8299906288046852,0.44467487664504296,0.9,4,0.001,200.45389999999998,books-t2016-a=9 | books-t2016-b=1
q098,money and what people will do for it,Torso,CrossStripe,Conceptual,Keyword,idf-correct-sidecar,0.6838126641477555,0.6,0.42857142857142855,0.24444444444444444,0.31192974165428694,0.4332810451104749,0.9,2,0.00046666700000000004,104.4443,books-t2016-a=10
q099,a rebellion against an unjust authority,Torso,CrossStripe,Conceptual,Keyword,single-index,1,1,1,1,1,0.6542594646677912,1,1,0.000833333,133.8566,books-oracle2=10
q099,a rebellion against an unjust authority,Torso,CrossStripe,Conceptual,Keyword,naive-score,0.5592675339902342,0.5,0.3333333333333333,-0.06666666666666667,0.244431142691939,0.675646597976685,1,2,0.0005,114.8289,books-t2016-a=10
q099,a rebellion against an unjust authority,Torso,CrossStripe,Conceptual,Keyword,interleave,0.7090081386375826,0.5,0.3333333333333333,1,0.5062118724963371,0.36624882724413593,0.5,2,0.0005,114.805,books-t2016-a=5 | books-t2016-b=5
q099,a rebellion against an unjust authority,Torso,CrossStripe,Conceptual,Keyword,quota-merge,0.8982658901806848,0.9,0.8181818181818182,1,0.7025747303706025,0.575115438522631,0.9,2,0.0005,114.80090000000001,books-t2016-a=9 | books-t2016-b=1
q099,a rebellion against an unjust authority,Torso,CrossStripe,Conceptual,Keyword,global-rrf,0.7059236361537091,0.5,0.3333333333333333,1,0.49858052797643776,0.3623161270815531,0.5,2,0.0005,114.81020000000001,books-t2016-a=5 | books-t2016-b=5
q099,a rebellion against an unjust authority,Torso,CrossStripe,Conceptual,Keyword,minmax-norm,0.4311796199045641,0.3,0.17647058823529413,0.35714285714285715,0.17775665912945085,0.5233251542064811,0.8,2,0.0005,114.83130000000001,books-t2016-a=8 | books-t2016-b=2
q099,a rebellion against an unjust authority,Torso,CrossStripe,Conceptual,Keyword,zscore-norm,0.34804134123575114,0.3,0.17647058823529413,0.14285714285714285,0.17497494412113368,0.42581317702315213,0.7,2,0.0005,114.82700000000001,books-t2016-a=7 | books-t2016-b=3
q099,a rebellion against an unjust authority,Torso,CrossStripe,Conceptual,Keyword,idf-correct-probe,0.5592675339902342,0.5,0.3333333333333333,-0.06666666666666667,0.244431142691939,0.675646597976685,1,8,0.0016000010000000002,371.5634,books-t2016-a=10
q099,a rebellion against an unjust authority,Torso,CrossStripe,Conceptual,Keyword,semantic-score,1,1,1,1,0.8591367550184259,0.6542594646677912,1,2,0.0005,114.81030000000001,books-t2016-a=10
q099,a rebellion against an unjust authority,Torso,CrossStripe,Conceptual,Keyword,semantic-rerank,1,1,1,1,0.8591367550184259,0.6542594646677912,1,4,0.001033333,214.4002,books-t2016-a=10
q099,a rebellion against an unjust authority,Torso,CrossStripe,Conceptual,Keyword,idf-correct-sidecar,0.5592675339902342,0.5,0.3333333333333333,-0.06666666666666667,0.244431142691939,0.675646597976685,1,2,0.0005,114.84540000000001,books-t2016-a=10
q100,the moment everything changed,Torso,CrossStripe,Conceptual,Keyword,single-index,1,1,1,1,1,0.36885567213865283,0.9,1,0.00035,124.7808,books-oracle2=10
q100,the moment everything changed,Torso,CrossStripe,Conceptual,Keyword,naive-score,0.4813936923441377,0.2,0.1111111111111111,-0.022222222222222223,0.18847930993683307,0.857980942822373,0.9,2,0.000366667,114.05000000000001,books-t2016-a=10
q100,the moment everything changed,Torso,CrossStripe,Conceptual,Keyword,interleave,0.8982658901806848,0.9,0.8181818181818182,1,0.7025747303706025,0.2984900352767555,0.8,2,0.000366667,114.03760000000001,books-t2016-a=9 | books-t2016-b=1
q100,the moment everything changed,Torso,CrossStripe,Conceptual,Keyword,quota-merge,0.8982658901806848,0.9,0.8181818181818182,1,0.7025747303706025,0.2984900352767555,0.8,2,0.000366667,114.0383,books-t2016-a=9 | books-t2016-b=1
q100,the moment everything changed,Torso,CrossStripe,Conceptual,Keyword,global-rrf,0.8982658901806848,0.9,0.8181818181818182,1,0.7025747303706025,0.2984900352767555,0.8,2,0.000366667,114.04090000000001,books-t2016-a=9 | books-t2016-b=1
q100,the moment everything changed,Torso,CrossStripe,Conceptual,Keyword,minmax-norm,0.4148961202971602,0.2,0.1111111111111111,-0.16666666666666666,0.17939190087571422,0.7877736340270854,0.9,2,0.000366667,114.0582,books-t2016-a=9 | books-t2016-b=1
q100,the moment everything changed,Torso,CrossStripe,Conceptual,Keyword,zscore-norm,0.4813936923441377,0.2,0.1111111111111111,-0.022222222222222223,0.18847930993683307,0.857980942822373,0.9,2,0.000366667,114.05420000000001,books-t2016-a=10
q100,the moment everything changed,Torso,CrossStripe,Conceptual,Keyword,idf-correct-probe,0.4813936923441377,0.2,0.1111111111111111,-0.022222222222222223,0.18847930993683307,0.857980942822373,0.9,6,0.001133334,286.276,books-t2016-a=10
q100,the moment everything changed,Torso,CrossStripe,Conceptual,Keyword,semantic-score,1,1,1,1,0.8591367550184259,0.36885567213865283,0.9,2,0.000366667,114.04140000000001,books-t2016-a=10
q100,the moment everything changed,Torso,CrossStripe,Conceptual,Keyword,semantic-rerank,1,1,1,1,0.8591367550184259,0.36885567213865283,0.9,4,0.000883333,207.27949999999998,books-t2016-a=10
q100,the moment everything changed,Torso,CrossStripe,Conceptual,Keyword,idf-correct-sidecar,0.4813936923441377,0.2,0.1111111111111111,-0.022222222222222223,0.18847930993683307,0.857980942822373,0.9,2,0.000366667,114.06750000000001,books-t2016-a=10
