queryId,query,shape,span,intent,mode,strategy,ndcg,recall,jaccard,kendallTau,rbo,judgedNdcg,judgedCoverage,queries,computeUnits,latencyMs,stripeMix
q001,dragons and ancient magic,Torso,StripeLocal,Lexical,Keyword,single-index,1,1,1,1,1,0.8771324975457362,1,1,0.000366667,64.7421,books-oracle2=10
q001,dragons and ancient magic,Torso,StripeLocal,Lexical,Keyword,naive-score,0.9999426168282078,1,1,0.9555555555555556,0.8543290079708894,0.8771324975457362,1,2,0.00045,59.0624,books-t2016-a=10
q001,dragons and ancient magic,Torso,StripeLocal,Lexical,Keyword,interleave,0.7928464332388696,0.7,0.5384615384615384,1,0.565706061685704,0.6482759388143466,0.7,2,0.00045,56.882999999999996,books-t2016-a=7 | books-t2016-b=3
q001,dragons and ancient magic,Torso,StripeLocal,Lexical,Keyword,quota-merge,0.8968795782858947,0.9,0.8181818181818182,1,0.7025747303706025,0.7799838091678013,0.9,2,0.00045,57.7654,books-t2016-a=9 | books-t2016-b=1
q001,dragons and ancient magic,Torso,StripeLocal,Lexical,Keyword,global-rrf,0.7753153813063062,0.7,0.5384615384615384,1,0.5385661888821192,0.6330184200348572,0.7,2,0.00045,56.7468,books-t2016-a=7 | books-t2016-b=3
q001,dragons and ancient magic,Torso,StripeLocal,Lexical,Keyword,minmax-norm,0.8968795782858947,0.9,0.8181818181818182,1,0.7025747303706025,0.7799838091678013,0.9,2,0.00045,58.2558,books-t2016-a=9 | books-t2016-b=1
q001,dragons and ancient magic,Torso,StripeLocal,Lexical,Keyword,zscore-norm,0.9299901141391061,0.9,0.8181818181818182,1,0.7478078517099106,0.8088003698923159,0.9,2,0.00045,58.4367,books-t2016-a=9 | books-t2016-b=1
q001,dragons and ancient magic,Torso,StripeLocal,Lexical,Keyword,idf-correct-probe,0.9999426168282078,1,1,0.9555555555555556,0.8543290079708894,0.8771324975457362,1,10,0.0005833359999999999,414.5702,books-t2016-a=10
q001,dragons and ancient magic,Torso,StripeLocal,Lexical,Keyword,idf-correct-sidecar,0.9999426168282078,1,1,0.9555555555555556,0.8543290079708894,0.8771324975457362,1,2,0.00045,57.277,books-t2016-a=10
q002,a young wizard learning to control his powers at a school of magic,Torso,StripeLocal,Conceptual,Keyword,single-index,1,1,1,1,1,0.44426423489927896,1,1,0.000883333,76.1343,books-oracle2=10
q002,a young wizard learning to control his powers at a school of magic,Torso,StripeLocal,Conceptual,Keyword,naive-score,1,1,1,1,0.8591367550184259,0.44426423489927896,1,2,0.0006000000000000001,60.3954,books-t2016-a=10
q002,a young wizard learning to control his powers at a school of magic,Torso,StripeLocal,Conceptual,Keyword,interleave,0.7090081386375826,0.5,0.3333333333333333,1,0.5062118724963371,0.24797590926817462,0.5,2,0.0006000000000000001,60.3643,books-t2016-a=5 | books-t2016-b=5
q002,a young wizard learning to control his powers at a school of magic,Torso,StripeLocal,Conceptual,Keyword,quota-merge,0.8982658901806848,0.9,0.8181818181818182,1,0.7025747303706025,0.34105555806411364,0.9,2,0.0006000000000000001,60.3585,books-t2016-a=9 | books-t2016-b=1
q002,a young wizard learning to control his powers at a school of magic,Torso,StripeLocal,Conceptual,Keyword,global-rrf,0.6914770867050193,0.5,0.3333333333333333,1,0.4790719996927523,0.23271839048868528,0.5,2,0.0006000000000000001,60.3712,books-t2016-a=5 | books-t2016-b=5
q002,a young wizard learning to control his powers at a school of magic,Torso,StripeLocal,Conceptual,Keyword,minmax-norm,0.7364688405969434,0.6,0.42857142857142855,1,0.4998364453231934,0.2536964081494521,0.6,2,0.0006000000000000001,60.407,books-t2016-a=6 | books-t2016-b=4
q002,a young wizard learning to control his powers at a school of magic,Torso,StripeLocal,Conceptual,Keyword,zscore-norm,0.7559772824704064,0.6,0.42857142857142855,1,0.5412383212850621,0.25675704275947936,0.6,2,0.0006000000000000001,60.3981,books-t2016-a=6 | books-t2016-b=4
q002,a young wizard learning to control his powers at a school of magic,Torso,StripeLocal,Conceptual,Keyword,idf-correct-probe,1,1,1,1,0.8591367550184259,0.44426423489927896,1,14,0.000800004,570.3554,books-t2016-a=10
q002,a young wizard learning to control his powers at a school of magic,Torso,StripeLocal,Conceptual,Keyword,idf-correct-sidecar,1,1,1,1,0.8591367550184259,0.44426423489927896,1,2,0.0006000000000000001,60.4364,books-t2016-a=10
q003,epic fantasy quest to destroy an artifact,Torso,StripeLocal,Mixed,Keyword,single-index,1,1,1,1,1,0.2748545757000134,1,1,0.000416667,65.5659,books-oracle2=10
q003,epic fantasy quest to destroy an artifact,Torso,StripeLocal,Mixed,Keyword,naive-score,1,1,1,1,0.8591367550184259,0.2748545757000134,1,2,0.000583334,58.3244,books-t2016-a=10
q003,epic fantasy quest to destroy an artifact,Torso,StripeLocal,Mixed,Keyword,interleave,0.7090081386375826,0.5,0.3333333333333333,1,0.5062118724963371,0.10215318969620807,0.5,2,0.000583334,58.2963,books-t2016-a=5 | books-t2016-b=5
q003,epic fantasy quest to destroy an artifact,Torso,StripeLocal,Mixed,Keyword,quota-merge,0.7503360169121053,0.9,0.8181818181818182,1,0.6020566829499175,0.2215581053424953,0.9,2,0.000583334,58.2856,books-t2016-a=9 | books-t2016-b=1
q003,epic fantasy quest to destroy an artifact,Torso,StripeLocal,Mixed,Keyword,global-rrf,0.561078265369003,0.5,0.3333333333333333,1,0.4056938250756522,0.08121977771228285,0.5,2,0.000583334,58.3065,books-t2016-a=5 | books-t2016-b=5
q003,epic fantasy quest to destroy an artifact,Torso,StripeLocal,Mixed,Keyword,minmax-norm,0.6713162324019756,0.7,0.5384615384615384,1,0.530123402193115,0.11863790162186175,0.7,2,0.000583334,58.3451,books-t2016-a=7 | books-t2016-b=3
q003,epic fantasy quest to destroy an artifact,Torso,StripeLocal,Mixed,Keyword,zscore-norm,0.6692553047806487,0.7,0.5384615384615384,1,0.5241137183836942,0.11781916503611795,0.7,2,0.000583334,58.3376,books-t2016-a=7 | books-t2016-b=3
q003,epic fantasy quest to destroy an artifact,Torso,StripeLocal,Mixed,Keyword,idf-correct-probe,1,1,1,1,0.8591367550184259,0.2748545757000134,1,12,0.000750004,481.5519,books-t2016-a=10
q003,epic fantasy quest to destroy an artifact,Torso,StripeLocal,Mixed,Keyword,idf-correct-sidecar,1,1,1,1,0.8591367550184259,0.2748545757000134,1,2,0.000583334,58.3636,books-t2016-a=10
q004,vampires,Head,StripeLocal,Lexical,Keyword,single-index,1,1,1,1,1,1,1,1,0.000316667,62.6776,books-oracle2=10
q004,vampires,Head,StripeLocal,Lexical,Keyword,naive-score,0.999872026239713,1,1,0.9555555555555556,0.8515054104985265,1,1,2,0.00036666700000000005,55.0954,books-t2016-a=10
q004,vampires,Head,StripeLocal,Lexical,Keyword,interleave,0.8396899509368946,0.8,0.6666666666666666,0.9285714285714286,0.6183856998656723,0.7663491917568946,0.8,2,0.00036666700000000005,55.167899999999996,books-t2016-a=8 | books-t2016-b=2
q004,vampires,Head,StripeLocal,Lexical,Keyword,quota-merge,0.8981625076634807,0.9,0.8181818181818182,0.9444444444444444,0.7025747303706025,0.8611375561264454,0.9,2,0.00036666700000000005,55.0701,books-t2016-a=9 | books-t2016-b=1
q004,vampires,Head,StripeLocal,Lexical,Keyword,global-rrf,0.8221588990043313,0.8,0.6666666666666666,0.9285714285714286,0.5912458270620873,0.7510916729774053,0.8,2,0.00036666700000000005,55.0699,books-t2016-a=8 | books-t2016-b=2
q004,vampires,Head,StripeLocal,Lexical,Keyword,minmax-norm,0.8981625076634807,0.9,0.8181818181818182,0.9444444444444444,0.7025747303706025,0.8611375561264454,0.9,2,0.00036666700000000005,55.0958,books-t2016-a=9 | books-t2016-b=1
q004,vampires,Head,StripeLocal,Lexical,Keyword,zscore-norm,0.9527310507805407,0.9,0.8181818181818182,0.9444444444444444,0.7932671386559154,0.9148568823583789,0.9,2,0.00036666700000000005,55.0923,books-t2016-a=9 | books-t2016-b=1
q004,vampires,Head,StripeLocal,Lexical,Keyword,idf-correct-probe,0.999872026239713,1,1,0.9555555555555556,0.8515054104985265,1,1,4,0.00040000100000000003,140.1352,books-t2016-a=10
q004,vampires,Head,StripeLocal,Lexical,Keyword,idf-correct-sidecar,0.999872026239713,1,1,0.9555555555555556,0.8515054104985265,1,1,2,0.00036666700000000005,55.110099999999996,books-t2016-a=10
q005,haunted house that torments the family living in it,Torso,StripeLocal,Conceptual,Keyword,single-index,1,1,1,1,1,0.18831267345093142,1,1,0.000416667,65.785,books-oracle2=10
q005,haunted house that torments the family living in it,Torso,StripeLocal,Conceptual,Keyword,naive-score,1,1,1,1,0.8591367550184259,0.18831267345093142,1,2,0.000583334,59.6316,books-t2016-a=10
q005,haunted house that torments the family living in it,Torso,StripeLocal,Conceptual,Keyword,interleave,0.7090081386375826,0.5,0.3333333333333333,1,0.5062118724963371,0.11426118922355413,0.5,2,0.000583334,59.609399999999994,books-t2016-a=5 | books-t2016-b=5
q005,haunted house that torments the family living in it,Torso,StripeLocal,Conceptual,Keyword,quota-merge,0.8982658901806848,0.9,0.8181818181818182,1,0.7025747303706025,0.13865340920935687,0.9,2,0.000583334,59.600899999999996,books-t2016-a=9 | books-t2016-b=1
q005,haunted house that torments the family living in it,Torso,StripeLocal,Conceptual,Keyword,global-rrf,0.702866485733532,0.5,0.3333333333333333,1,0.4930218943137949,0.11317379711412412,0.5,2,0.000583334,59.617799999999995,books-t2016-a=5 | books-t2016-b=5
q005,haunted house that torments the family living in it,Torso,StripeLocal,Conceptual,Keyword,minmax-norm,0.715194922341517,0.5,0.3333333333333333,1,0.5221140399426648,0.11507281737805601,0.5,2,0.000583334,59.65,books-t2016-a=5 | books-t2016-b=5
q005,haunted house that torments the family living in it,Torso,StripeLocal,Conceptual,Keyword,zscore-norm,0.7651488938246465,0.5,0.3333333333333333,1,0.6064878981268345,0.13165245737404796,0.5,2,0.000583334,59.640499999999996,books-t2016-a=5 | books-t2016-b=5
q005,haunted house that torments the family living in it,Torso,StripeLocal,Conceptual,Keyword,idf-correct-probe,1,1,1,1,0.8591367550184259,0.18831267345093142,1,12,0.000750004,482.97200000000004,books-t2016-a=10
q005,haunted house that torments the family living in it,Torso,StripeLocal,Conceptual,Keyword,idf-correct-sidecar,1,1,1,1,0.8591367550184259,0.18831267345093142,1,2,0.000583334,59.743599999999994,books-t2016-a=10
q006,generation starship colonists who forget they are on a ship,Tail,StripeLocal,Conceptual,Keyword,single-index,1,1,1,1,1,0.4075684966350758,1,1,0.000383333,65.456,books-oracle2=10
q006,generation starship colonists who forget they are on a ship,Tail,StripeLocal,Conceptual,Keyword,naive-score,1,1,1,1,0.8591367550184259,0.4075684966350758,1,2,0.0005,58.3386,books-t2016-a=10
q006,generation starship colonists who forget they are on a ship,Tail,StripeLocal,Conceptual,Keyword,interleave,0.750279118279739,0.6,0.42857142857142855,1,0.5305502516625419,0.236490496387114,0.6,2,0.0005,58.2915,books-t2016-a=6 | books-t2016-b=4
q006,generation starship colonists who forget they are on a ship,Tail,StripeLocal,Conceptual,Keyword,quota-merge,0.7503360169121053,0.9,0.8181818181818182,1,0.6020566829499175,0.1805219272643691,0.9,2,0.0005,58.3073,books-t2016-a=9 | books-t2016-b=1
q006,generation starship colonists who forget they are on a ship,Tail,StripeLocal,Conceptual,Keyword,global-rrf,0.6023492450111593,0.6,0.42857142857142855,1,0.43003220424185684,0.17102929205241363,0.6,2,0.0005,58.308899999999994,books-t2016-a=6 | books-t2016-b=4
q006,generation starship colonists who forget they are on a ship,Tail,StripeLocal,Conceptual,Keyword,minmax-norm,0.7139450702984881,0.8,0.6666666666666666,1,0.5729105567361764,0.1805219272643691,0.8,2,0.0005,58.403,books-t2016-a=8 | books-t2016-b=2
q006,generation starship colonists who forget they are on a ship,Tail,StripeLocal,Conceptual,Keyword,zscore-norm,0.9103914319844957,0.8,0.6666666666666666,1,0.7506093453472911,0.24598313159906948,0.8,2,0.0005,58.3501,books-t2016-a=8 | books-t2016-b=2
q006,generation starship colonists who forget they are on a ship,Tail,StripeLocal,Conceptual,Keyword,idf-correct-probe,1,1,1,1,0.8591367550184259,0.4075684966350758,1,12,0.00066667,482.5015,books-t2016-a=10
q006,generation starship colonists who forget they are on a ship,Tail,StripeLocal,Conceptual,Keyword,idf-correct-sidecar,1,1,1,1,0.8591367550184259,0.4075684966350758,1,2,0.0005,58.3392,books-t2016-a=10
q007,artificial intelligence becomes self aware,Torso,StripeLocal,Mixed,Keyword,single-index,1,1,1,1,1,0.32820921765295175,1,1,0.000833333,64.5325,books-oracle2=10
q007,artificial intelligence becomes self aware,Torso,StripeLocal,Mixed,Keyword,naive-score,1,1,1,1,0.8591367550184259,0.32820921765295175,1,2,0.000483333,57.5133,books-t2016-a=10
q007,artificial intelligence becomes self aware,Torso,StripeLocal,Mixed,Keyword,interleave,0.7090081386375826,0.5,0.3333333333333333,1,0.5062118724963371,0.13486502551792331,0.5,2,0.000483333,57.4938,books-t2016-a=5 | books-t2016-b=5
q007,artificial intelligence becomes self aware,Torso,StripeLocal,Mixed,Keyword,quota-merge,0.8982658901806848,0.9,0.8181818181818182,1,0.7025747303706025,0.2867559046596483,0.9,2,0.000483333,57.4927,books-t2016-a=9 | books-t2016-b=1
q007,artificial intelligence becomes self aware,Torso,StripeLocal,Mixed,Keyword,global-rrf,0.7090081386375826,0.5,0.3333333333333333,1,0.5062118724963371,0.13486502551792331,0.5,2,0.000483333,57.5012,books-t2016-a=5 | books-t2016-b=5
q007,artificial intelligence becomes self aware,Torso,StripeLocal,Mixed,Keyword,minmax-norm,0.7001053941164951,0.6,0.42857142857142855,1,0.4411871801946462,0.15768198913262843,0.6,2,0.000483333,57.526,books-t2016-a=6 | books-t2016-b=4
q007,artificial intelligence becomes self aware,Torso,StripeLocal,Mixed,Keyword,zscore-norm,0.7471946157958655,0.6,0.42857142857142855,1,0.5229189071426423,0.16594565012356424,0.6,2,0.000483333,57.5251,books-t2016-a=6 | books-t2016-b=4
q007,artificial intelligence becomes self aware,Torso,StripeLocal,Mixed,Keyword,idf-correct-probe,1,1,1,1,0.8591367550184259,0.32820921765295175,1,12,0.000650003,479.6818,books-t2016-a=10
q007,artificial intelligence becomes self aware,Torso,StripeLocal,Mixed,Keyword,idf-correct-sidecar,1,1,1,1,0.8591367550184259,0.32820921765295175,1,2,0.000483333,57.5717,books-t2016-a=10
q008,hard science fiction about terraforming Mars,Tail,StripeLocal,Mixed,Keyword,single-index,1,1,1,1,1,0.8987028428087189,1,1,0.000383333,65.3586,books-oracle2=10
q008,hard science fiction about terraforming Mars,Tail,StripeLocal,Mixed,Keyword,naive-score,0.9450270556949292,1,1,0.9111111111111111,0.7454287294151986,0.9004712874004207,1,2,0.00045000000000000004,58.6834,books-t2016-a=10
q008,hard science fiction about terraforming Mars,Tail,StripeLocal,Mixed,Keyword,interleave,0.6086698618789458,0.5,0.3333333333333333,0.6,0.4056938250756522,0.7795540525916405,0.5,2,0.00045000000000000004,58.6669,books-t2016-a=5 | books-t2016-b=5
q008,hard science fiction about terraforming Mars,Tail,StripeLocal,Mixed,Keyword,quota-merge,0.8101269570498169,0.9,0.8181818181818182,0.8333333333333334,0.6020566829499175,0.8171213152512977,0.9,2,0.00045000000000000004,58.6664,books-t2016-a=9 | books-t2016-b=1
q008,hard science fiction about terraforming Mars,Tail,StripeLocal,Mixed,Keyword,global-rrf,0.5916923294394184,0.5,0.3333333333333333,0.6,0.3709226077521677,0.7515512692206406,0.5,2,0.00045000000000000004,58.6726,books-t2016-a=5 | books-t2016-b=5
q008,hard science fiction about terraforming Mars,Tail,StripeLocal,Mixed,Keyword,minmax-norm,0.8407458793816444,0.8,0.6666666666666666,0.8571428571428571,0.6085600607303003,0.880011558102897,0.8,2,0.00045000000000000004,58.7025,books-t2016-a=8 | books-t2016-b=2
q008,hard science fiction about terraforming Mars,Tail,StripeLocal,Mixed,Keyword,zscore-norm,0.8460360112488402,0.8,0.6666666666666666,0.8571428571428571,0.6217500389128426,0.880011558102897,0.8,2,0.00045000000000000004,58.6878,books-t2016-a=8 | books-t2016-b=2
q008,hard science fiction about terraforming Mars,Tail,StripeLocal,Mixed,Keyword,idf-correct-probe,0.9450270556949292,1,1,0.9111111111111111,0.7454287294151986,0.9004712874004207,1,14,0.000650004,595.2834,books-t2016-a=10
q008,hard science fiction about terraforming Mars,Tail,StripeLocal,Mixed,Keyword,idf-correct-sidecar,0.9450270556949292,1,1,0.9111111111111111,0.7454287294151986,0.9004712874004207,1,2,0.00045000000000000004,58.765,books-t2016-a=10
q009,cyberpunk hacker corporate dystopia,Torso,StripeLocal,Lexical,Keyword,single-index,1,1,1,1,1,0.6271258586362687,1,1,0.000283333,63.362,books-oracle2=10
q009,cyberpunk hacker corporate dystopia,Torso,StripeLocal,Lexical,Keyword,naive-score,0.998827255748741,0.9,0.8181818181818182,1,0.8552424799099213,0.6271258586362687,1,2,0.00016666699999999998,71.3979,books-t2016-a=10
q009,cyberpunk hacker corporate dystopia,Torso,StripeLocal,Lexical,Keyword,interleave,0.996997099978131,0.9,0.8181818181818182,0.8666666666666667,0.8396173020054271,0.5859460545264317,1,2,0.00016666699999999998,71.3187,books-t2016-a=10
q009,cyberpunk hacker corporate dystopia,Torso,StripeLocal,Lexical,Keyword,quota-merge,0.996997099978131,0.9,0.8181818181818182,0.8666666666666667,0.8396173020054271,0.5859460545264317,1,2,0.00016666699999999998,71.3198,books-t2016-a=10
q009,cyberpunk hacker corporate dystopia,Torso,StripeLocal,Lexical,Keyword,global-rrf,0.996997099978131,0.9,0.8181818181818182,0.8666666666666667,0.8396173020054271,0.5859460545264317,1,2,0.00016666699999999998,71.3221,books-t2016-a=10
q009,cyberpunk hacker corporate dystopia,Torso,StripeLocal,Lexical,Keyword,minmax-norm,0.998827255748741,0.9,0.8181818181818182,1,0.8552424799099213,0.6271258586362687,1,2,0.00016666699999999998,71.3418,books-t2016-a=10
q009,cyberpunk hacker corporate dystopia,Torso,StripeLocal,Lexical,Keyword,zscore-norm,0.998827255748741,0.9,0.8181818181818182,1,0.8552424799099213,0.6271258586362687,1,2,0.00016666699999999998,71.3357,books-t2016-a=10
q009,cyberpunk hacker corporate dystopia,Torso,StripeLocal,Lexical,Keyword,idf-correct-probe,0.998827255748741,0.9,0.8181818181818182,1,0.8552424799099213,0.6271258586362687,1,10,0.00030000299999999997,443.52000000000004,books-t2016-a=10
q009,cyberpunk hacker corporate dystopia,Torso,StripeLocal,Lexical,Keyword,idf-correct-sidecar,0.998827255748741,0.9,0.8181818181818182,1,0.8552424799099213,0.6271258586362687,1,2,0.00016666699999999998,71.3592,books-t2016-a=10
q010,a locked room murder that seems impossible to have committed,Tail,StripeLocal,Conceptual,Keyword,single-index,1,1,1,1,1,0.561387795497429,1,1,0.000383333,67.7492,books-oracle2=10
q010,a locked room murder that seems impossible to have committed,Tail,StripeLocal,Conceptual,Keyword,naive-score,1,1,1,1,0.8591367550184259,0.561387795497429,1,2,0.0005,62.0653,books-t2016-a=10
q010,a locked room murder that seems impossible to have committed,Tail,StripeLocal,Conceptual,Keyword,interleave,0.7090081386375826,0.5,0.3333333333333333,1,0.5062118724963371,0.3020668302023321,0.5,2,0.0005,62.0365,books-t2016-a=5 | books-t2016-b=5
q010,a locked room murder that seems impossible to have committed,Tail,StripeLocal,Conceptual,Keyword,quota-merge,0.8982658901806848,0.9,0.8181818181818182,1,0.7025747303706025,0.5135171093167364,0.9,2,0.0005,62.0376,books-t2016-a=9 | books-t2016-b=1
q010,a locked room murder that seems impossible to have committed,Tail,StripeLocal,Conceptual,Keyword,global-rrf,0.7071528501369595,0.5,0.3333333333333333,1,0.5014041254488005,0.29943339494689475,0.5,2,0.0005,62.0469,books-t2016-a=5 | books-t2016-b=5
q010,a locked room murder that seems impossible to have committed,Tail,StripeLocal,Conceptual,Keyword,minmax-norm,0.8032251630392397,0.7,0.5384615384615384,1,0.5940473206994678,0.37543075230169215,0.7,2,0.0005,62.062999999999995,books-t2016-a=7 | books-t2016-b=3
q010,a locked room murder that seems impossible to have committed,Tail,StripeLocal,Conceptual,Keyword,zscore-norm,0.9088785093759332,0.8,0.6666666666666666,1,0.7458015982997545,0.4513795373944209,0.8,2,0.0005,62.0597,books-t2016-a=8 | books-t2016-b=2
q010,a locked room murder that seems impossible to have committed,Tail,StripeLocal,Conceptual,Keyword,idf-correct-probe,1,1,1,1,0.8591367550184259,0.561387795497429,1,14,0.000700004,582.1712,books-t2016-a=10
q010,a locked room murder that seems impossible to have committed,Tail,StripeLocal,Conceptual,Keyword,idf-correct-sidecar,1,1,1,1,0.8591367550184259,0.561387795497429,1,2,0.0005,62.102799999999995,books-t2016-a=10
q011,detective investigating a serial killer,Torso,StripeLocal,Mixed,Keyword,single-index,1,1,1,1,1,0.8294342655561396,1,1,0.00035,93.422,books-oracle2=10
q011,detective investigating a serial killer,Torso,StripeLocal,Mixed,Keyword,naive-score,0.998827255748741,0.9,0.8181818181818182,1,0.8552424799099213,0.765813477357188,0.9,2,0.000216667,57.646,books-t2016-a=10
q011,detective investigating a serial killer,Torso,StripeLocal,Mixed,Keyword,interleave,0.998827255748741,0.9,0.8181818181818182,1,0.8552424799099213,0.765813477357188,0.9,2,0.000216667,57.6267,books-t2016-a=10
q011,detective investigating a serial killer,Torso,StripeLocal,Mixed,Keyword,quota-merge,0.998827255748741,0.9,0.8181818181818182,1,0.8552424799099213,0.765813477357188,0.9,2,0.000216667,57.6282,books-t2016-a=10
q011,detective investigating a serial killer,Torso,StripeLocal,Mixed,Keyword,global-rrf,0.998827255748741,0.9,0.8181818181818182,1,0.8552424799099213,0.765813477357188,0.9,2,0.000216667,57.630199999999995,books-t2016-a=10
q011,detective investigating a serial killer,Torso,StripeLocal,Mixed,Keyword,minmax-norm,0.998827255748741,0.9,0.8181818181818182,1,0.8552424799099213,0.765813477357188,0.9,2,0.000216667,57.6509,books-t2016-a=10
q011,detective investigating a serial killer,Torso,StripeLocal,Mixed,Keyword,zscore-norm,0.998827255748741,0.9,0.8181818181818182,1,0.8552424799099213,0.765813477357188,0.9,2,0.000216667,57.6451,books-t2016-a=10
q011,detective investigating a serial killer,Torso,StripeLocal,Mixed,Keyword,idf-correct-probe,0.998827255748741,0.9,0.8181818181818182,1,0.8552424799099213,0.765813477357188,0.9,10,0.000350003,407.2021,books-t2016-a=10
q011,detective investigating a serial killer,Torso,StripeLocal,Mixed,Keyword,idf-correct-sidecar,0.998827255748741,0.9,0.8181818181818182,1,0.8552424799099213,0.765813477357188,0.9,2,0.000216667,57.674499999999995,books-t2016-a=10
q012,espionage thriller cold war spy,Torso,StripeLocal,Lexical,Keyword,single-index,1,1,1,1,1,0.5442601090382408,1,1,0.000383333,65.0242,books-oracle2=10
q012,espionage thriller cold war spy,Torso,StripeLocal,Lexical,Keyword,naive-score,1,1,1,1,0.8591367550184259,0.5442601090382408,1,2,0.00045000000000000004,57.8546,books-t2016-a=10
q012,espionage thriller cold war spy,Torso,StripeLocal,Lexical,Keyword,interleave,0.7090081386375826,0.5,0.3333333333333333,1,0.5062118724963371,0.4251297631316246,0.5,2,0.00045000000000000004,57.8178,books-t2016-a=5 | books-t2016-b=5
q012,espionage thriller cold war spy,Torso,StripeLocal,Lexical,Keyword,quota-merge,0.8982658901806848,0.9,0.8181818181818182,1,0.7025747303706025,0.49047082562903205,0.9,2,0.00045000000000000004,57.818,books-t2016-a=9 | books-t2016-b=1
q012,espionage thriller cold war spy,Torso,StripeLocal,Lexical,Keyword,global-rrf,0.6853354338009686,0.5,0.3333333333333333,1,0.46588202151020996,0.4089086945431431,0.5,2,0.00045000000000000004,57.8238,books-t2016-a=5 | books-t2016-b=5
q012,espionage thriller cold war spy,Torso,StripeLocal,Lexical,Keyword,minmax-norm,0.7296635638633023,0.6,0.42857142857142855,1,0.49577903433905746,0.43320559627481753,0.6,2,0.00045000000000000004,57.8446,books-t2016-a=6 | books-t2016-b=4
q012,espionage thriller cold war spy,Torso,StripeLocal,Lexical,Keyword,zscore-norm,0.8955618778791151,0.8,0.6666666666666666,1,0.7090781081509852,0.5027750069378988,0.8,2,0.00045000000000000004,57.863299999999995,books-t2016-a=8 | books-t2016-b=2
q012,espionage thriller cold war spy,Torso,StripeLocal,Lexical,Keyword,idf-correct-probe,1,1,1,1,0.8591367550184259,0.5442601090382408,1,12,0.00061667,488.1709,books-t2016-a=10
q012,espionage thriller cold war spy,Torso,StripeLocal,Lexical,Keyword,idf-correct-sidecar,1,1,1,1,0.8591367550184259,0.5442601090382408,1,2,0.00045000000000000004,57.916799999999995,books-t2016-a=10
q013,teenagers forced to compete in a deadly televised game,Tail,StripeLocal,Conceptual,Keyword,single-index,1,1,1,1,1,0.6531525447657412,1,1,0.000383333,67.8267,books-oracle2=10
q013,teenagers forced to compete in a deadly televised game,Tail,StripeLocal,Conceptual,Keyword,naive-score,1,1,1,1,0.8591367550184259,0.6531525447657412,1,2,0.00045000000000000004,61.9431,books-t2016-a=10
q013,teenagers forced to compete in a deadly televised game,Tail,StripeLocal,Conceptual,Keyword,interleave,0.7090081386375826,0.5,0.3333333333333333,1,0.5062118724963371,0.5428459338542563,0.5,2,0.00045000000000000004,61.9287,books-t2016-a=5 | books-t2016-b=5
q013,teenagers forced to compete in a deadly televised game,Tail,StripeLocal,Conceptual,Keyword,quota-merge,0.8982658901806848,0.9,0.8181818181818182,1,0.7025747303706025,0.597023422718358,0.9,2,0.00045000000000000004,61.9306,books-t2016-a=9 | books-t2016-b=1
q013,teenagers forced to compete in a deadly televised game,Tail,StripeLocal,Conceptual,Keyword,global-rrf,0.7090081386375826,0.5,0.3333333333333333,1,0.5062118724963371,0.5428459338542563,0.5,2,0.00045000000000000004,61.9347,books-t2016-a=5 | books-t2016-b=5
q013,teenagers forced to compete in a deadly televised game,Tail,StripeLocal,Conceptual,Keyword,minmax-norm,0.8016265459718631,0.7,0.5384615384615384,1,0.5892395736519311,0.5833918647140804,0.7,2,0.00045000000000000004,61.957100000000004,books-t2016-a=7 | books-t2016-b=3
q013,teenagers forced to compete in a deadly televised game,Tail,StripeLocal,Conceptual,Keyword,zscore-norm,0.8801650971889757,0.7,0.5384615384615384,1,0.7393315831291918,0.6490938441792686,0.7,2,0.00045000000000000004,61.9513,books-t2016-a=7 | books-t2016-b=3
q013,teenagers forced to compete in a deadly televised game,Tail,StripeLocal,Conceptual,Keyword,idf-correct-probe,1,1,1,1,0.8591367550184259,0.6531525447657412,1,14,0.000650004,578.8974999999999,books-t2016-a=10
q013,teenagers forced to compete in a deadly televised game,Tail,StripeLocal,Conceptual,Keyword,idf-correct-sidecar,1,1,1,1,0.8591367550184259,0.6531525447657412,1,2,0.00045000000000000004,61.998400000000004,books-t2016-a=10
q014,picture book about a bear,Torso,StripeLocal,Mixed,Keyword,single-index,1,1,1,1,1,0.6984156588107141,1,1,0.000383333,65.905,books-oracle2=10
q014,picture book about a bear,Torso,StripeLocal,Mixed,Keyword,naive-score,0.9931289429998503,1,1,0.9555555555555556,0.8139036336791178,0.6819490526824201,1,2,0.00045000000000000004,57.736999999999995,books-t2016-a=10
q014,picture book about a bear,Torso,StripeLocal,Mixed,Keyword,interleave,0.7090081386375826,0.5,0.3333333333333333,1,0.5062118724963371,0.38657300637263625,0.5,2,0.00045000000000000004,57.7225,books-t2016-a=5 | books-t2016-b=5
q014,picture book about a bear,Torso,StripeLocal,Mixed,Keyword,quota-merge,0.8982658901806848,0.9,0.8181818181818182,1,0.7025747303706025,0.5870126476385915,0.9,2,0.00045000000000000004,57.7249,books-t2016-a=9 | books-t2016-b=1
q014,picture book about a bear,Torso,StripeLocal,Mixed,Keyword,global-rrf,0.7059236361537091,0.5,0.3333333333333333,1,0.49858052797643776,0.3860111920636959,0.5,2,0.00045000000000000004,57.7296,books-t2016-a=5 | books-t2016-b=5
q014,picture book about a bear,Torso,StripeLocal,Mixed,Keyword,minmax-norm,0.8946278682037756,0.9,0.8181818181818182,0.9444444444444444,0.7025747303706025,0.5782940654788834,0.9,2,0.00045000000000000004,57.7515,books-t2016-a=9 | books-t2016-b=1
q014,picture book about a bear,Torso,StripeLocal,Mixed,Keyword,zscore-norm,0.8946278682037756,0.9,0.8181818181818182,0.9444444444444444,0.7025747303706025,0.5782940654788834,0.9,2,0.00045000000000000004,57.7465,books-t2016-a=9 | books-t2016-b=1
q014,picture book about a bear,Torso,StripeLocal,Mixed,Keyword,idf-correct-probe,0.9931289429998503,1,1,0.9555555555555556,0.8139036336791178,0.6819490526824201,1,8,0.0005500020000000001,316.7803,books-t2016-a=10
q014,picture book about a bear,Torso,StripeLocal,Mixed,Keyword,idf-correct-sidecar,0.9931289429998503,1,1,0.9555555555555556,0.8139036336791178,0.6819490526824201,1,2,0.00045000000000000004,57.7648,books-t2016-a=10
q015,graphic novel superhero origin,Torso,StripeLocal,Lexical,Keyword,single-index,1,1,1,1,1,0.1739703281146716,1,1,0.0004,65.4766,books-oracle2=10
q015,graphic novel superhero origin,Torso,StripeLocal,Lexical,Keyword,naive-score,1,1,1,1,0.8591367550184259,0.1739703281146716,1,2,0.00055,57.454,books-t2016-a=10
q015,graphic novel superhero origin,Torso,StripeLocal,Lexical,Keyword,interleave,0.7090081386375826,0.5,0.3333333333333333,1,0.5062118724963371,0.05612598924810018,0.5,2,0.00055,57.4396,books-t2016-a=5 | books-t2016-b=5
q015,graphic novel superhero origin,Torso,StripeLocal,Lexical,Keyword,quota-merge,0.8982658901806848,0.9,0.8181818181818182,1,0.7025747303706025,0.15631391294048338,0.9,2,0.00055,57.4383,books-t2016-a=9 | books-t2016-b=1
q015,graphic novel superhero origin,Torso,StripeLocal,Lexical,Keyword,global-rrf,0.702866485733532,0.5,0.3333333333333333,1,0.4930218943137949,0.05512608830415084,0.5,2,0.00055,57.4458,books-t2016-a=5 | books-t2016-b=5
q015,graphic novel superhero origin,Torso,StripeLocal,Lexical,Keyword,minmax-norm,0.6451218220067916,0.5,0.3333333333333333,1,0.38850754201467785,0.05274276526886225,0.5,2,0.00055,57.4771,books-t2016-a=5 | books-t2016-b=5
q015,graphic novel superhero origin,Torso,StripeLocal,Lexical,Keyword,zscore-norm,0.7573627909572856,0.5,0.3333333333333333,1,0.5784555054047933,0.0587637510779921,0.5,2,0.00055,57.4863,books-t2016-a=5 | books-t2016-b=5
q015,graphic novel superhero origin,Torso,StripeLocal,Lexical,Keyword,idf-correct-probe,1,1,1,1,0.8591367550184259,0.1739703281146716,1,10,0.000683336,404.3179,books-t2016-a=10
q015,graphic novel superhero origin,Torso,StripeLocal,Lexical,Keyword,idf-correct-sidecar,1,1,1,1,0.8591367550184259,0.1739703281146716,1,2,0.00055,57.5118,books-t2016-a=10
q016,zombie apocalypse survival,Torso,StripeLocal,Lexical,Keyword,single-index,1,1,1,1,1,0.6833467607916786,0.9,1,0.00035,64.0257,books-oracle2=10
q016,zombie apocalypse survival,Torso,StripeLocal,Lexical,Keyword,naive-score,0.9997902869138835,1,1,0.9555555555555556,0.8492442713815191,0.6833467607916786,0.9,2,0.0004,56.109899999999996,books-t2016-a=10
q016,zombie apocalypse survival,Torso,StripeLocal,Lexical,Keyword,interleave,0.792736733639747,0.7,0.5384615384615384,0.9047619047619048,0.565706061685704,0.5094143375663166,0.7,2,0.0004,56.097899999999996,books-t2016-a=7 | books-t2016-b=3
q016,zombie apocalypse survival,Torso,StripeLocal,Lexical,Keyword,quota-merge,0.8981020678006153,0.9,0.8181818181818182,0.9444444444444444,0.7025747303706025,0.6083445862756894,0.9,2,0.0004,56.1005,books-t2016-a=9 | books-t2016-b=1
q016,zombie apocalypse survival,Torso,StripeLocal,Lexical,Keyword,global-rrf,0.792736733639747,0.7,0.5384615384615384,0.9047619047619048,0.565706061685704,0.5094143375663166,0.7,2,0.0004,56.1021,books-t2016-a=7 | books-t2016-b=3
q016,zombie apocalypse survival,Torso,StripeLocal,Lexical,Keyword,minmax-norm,0.8981020678006153,0.9,0.8181818181818182,0.9444444444444444,0.7025747303706025,0.6083445862756894,0.9,2,0.0004,56.1232,books-t2016-a=9 | books-t2016-b=1
q016,zombie apocalypse survival,Torso,StripeLocal,Lexical,Keyword,zscore-norm,0.9312126036538266,0.9,0.8181818181818182,0.9444444444444444,0.7478078517099106,0.6042279347436159,0.9,2,0.0004,56.1187,books-t2016-a=9 | books-t2016-b=1
q016,zombie apocalypse survival,Torso,StripeLocal,Lexical,Keyword,idf-correct-probe,0.9997902869138835,1,1,0.9555555555555556,0.8492442713815191,0.6833467607916786,0.9,8,0.000500002,315.2635,books-t2016-a=10
q016,zombie apocalypse survival,Torso,StripeLocal,Lexical,Keyword,idf-correct-sidecar,0.9997902869138835,1,1,0.9555555555555556,0.8492442713815191,0.6833467607916786,0.9,2,0.0004,56.134,books-t2016-a=10
q017,time travel paradox,Torso,StripeLocal,Lexical,Keyword,single-index,1,1,1,1,1,0.7741767122711218,1,1,0.000366667,64.0525,books-oracle2=10
q017,time travel paradox,Torso,StripeLocal,Lexical,Keyword,naive-score,1,1,1,1,0.8591367550184259,0.7741767122711218,1,2,0.000216667,56.161100000000005,books-t2016-a=10
q017,time travel paradox,Torso,StripeLocal,Lexical,Keyword,interleave,1,1,1,1,0.8591367550184259,0.7741767122711218,1,2,0.000216667,56.1572,books-t2016-a=10
q017,time travel paradox,Torso,StripeLocal,Lexical,Keyword,quota-merge,1,1,1,1,0.8591367550184259,0.7741767122711218,1,2,0.000216667,56.1556,books-t2016-a=10
q017,time travel paradox,Torso,StripeLocal,Lexical,Keyword,global-rrf,1,1,1,1,0.8591367550184259,0.7741767122711218,1,2,0.000216667,56.1544,books-t2016-a=10
q017,time travel paradox,Torso,StripeLocal,Lexical,Keyword,minmax-norm,1,1,1,1,0.8591367550184259,0.7741767122711218,1,2,0.000216667,56.1741,books-t2016-a=10
q017,time travel paradox,Torso,StripeLocal,Lexical,Keyword,zscore-norm,1,1,1,1,0.8591367550184259,0.7741767122711218,1,2,0.000216667,56.1696,books-t2016-a=10
q017,time travel paradox,Torso,StripeLocal,Lexical,Keyword,idf-correct-probe,1,1,1,1,0.8591367550184259,0.7741767122711218,1,8,0.000316669,315.6754,books-t2016-a=10
q017,time travel paradox,Torso,StripeLocal,Lexical,Keyword,idf-correct-sidecar,1,1,1,1,0.8591367550184259,0.7741767122711218,1,2,0.000216667,56.193900000000006,books-t2016-a=10
q018,a girl who discovers she is the last of a magical bloodline,Tail,StripeLocal,Conceptual,Keyword,single-index,1,1,1,1,1,0.26386772277687637,1,1,0.0004,66.7843,books-oracle2=10
q018,a girl who discovers she is the last of a magical bloodline,Tail,StripeLocal,Conceptual,Keyword,naive-score,1,1,1,1,0.8591367550184259,0.26386772277687637,1,2,0.000483333,59.461,books-t2016-a=10
q018,a girl who discovers she is the last of a magical bloodline,Tail,StripeLocal,Conceptual,Keyword,interleave,0.7556125341311287,0.5,0.3333333333333333,0.4666666666666667,0.5063932165450956,0.20820512522538429,0.5,2,0.000483333,59.4415,books-t2016-a=5 | books-t2016-b=5
q018,a girl who discovers she is the last of a magical bloodline,Tail,StripeLocal,Conceptual,Keyword,quota-merge,0.9448702856742311,0.9,0.8181818181818182,0.6444444444444445,0.7027560744193608,0.21428314091571035,0.9,2,0.000483333,59.440799999999996,books-t2016-a=9 | books-t2016-b=1
q018,a girl who discovers she is the last of a magical bloodline,Tail,StripeLocal,Conceptual,Keyword,global-rrf,0.7494708812270782,0.5,0.3333333333333333,0.4666666666666667,0.49320323836255336,0.20820512522538429,0.5,2,0.000483333,59.447199999999995,books-t2016-a=5 | books-t2016-b=5
q018,a girl who discovers she is the last of a magical bloodline,Tail,StripeLocal,Conceptual,Keyword,minmax-norm,0.8570136081399501,0.7,0.5384615384615384,0.5714285714285714,0.6077403318431095,0.21080282718331858,0.7,2,0.000483333,59.4766,books-t2016-a=7 | books-t2016-b=3
q018,a girl who discovers she is the last of a magical bloodline,Tail,StripeLocal,Conceptual,Keyword,zscore-norm,0.8951627075637957,0.8,0.6666666666666666,0.6111111111111112,0.6368864580568503,0.21080282718331858,0.8,2,0.000483333,59.466499999999996,books-t2016-a=8 | books-t2016-b=2
q018,a girl who discovers she is the last of a magical bloodline,Tail,StripeLocal,Conceptual,Keyword,idf-correct-probe,1,1,1,1,0.8591367550184259,0.26386772277687637,1,12,0.000650003,518.0553,books-t2016-a=10
q018,a girl who discovers she is the last of a magical bloodline,Tail,StripeLocal,Conceptual,Keyword,idf-correct-sidecar,1,1,1,1,0.8591367550184259,0.26386772277687637,1,2,0.000483333,59.481,books-t2016-a=10
q019,dystopian society divided into rigid factions,Torso,StripeLocal,Conceptual,Keyword,single-index,1,1,1,1,1,0.8544580710959402,1,1,0.00085,67.0808,books-oracle2=10
q019,dystopian society divided into rigid factions,Torso,StripeLocal,Conceptual,Keyword,naive-score,1,1,1,1,0.8591367550184259,0.8544580710959402,1,2,0.0005,59.9728,books-t2016-a=10
q019,dystopian society divided into rigid factions,Torso,StripeLocal,Conceptual,Keyword,interleave,0.7090081386375826,0.5,0.3333333333333333,1,0.5062118724963371,0.5548989126424904,0.5,2,0.0005,59.9591,books-t2016-a=5 | books-t2016-b=5
q019,dystopian society divided into rigid factions,Torso,StripeLocal,Conceptual,Keyword,quota-merge,0.8982658901806848,0.9,0.8181818181818182,1,0.7025747303706025,0.7233481028673153,0.9,2,0.0005,59.9604,books-t2016-a=9 | books-t2016-b=1
q019,dystopian society divided into rigid factions,Torso,StripeLocal,Conceptual,Keyword,global-rrf,0.7071528501369595,0.5,0.3333333333333333,1,0.5014041254488005,0.552265477387053,0.5,2,0.0005,59.9642,books-t2016-a=5 | books-t2016-b=5
q019,dystopian society divided into rigid factions,Torso,StripeLocal,Conceptual,Keyword,minmax-norm,0.8633878661756301,0.8,0.6666666666666666,1,0.678236351204398,0.6960820507820503,0.8,2,0.0005,60.0176,books-t2016-a=8 | books-t2016-b=2
q019,dystopian society divided into rigid factions,Torso,StripeLocal,Conceptual,Keyword,zscore-norm,0.6657085436236935,0.7,0.5384615384615384,1,0.5142212347467875,0.5396870823562863,0.7,2,0.0005,59.991,books-t2016-a=7 | books-t2016-b=3
q019,dystopian society divided into rigid factions,Torso,StripeLocal,Conceptual,Keyword,idf-correct-probe,1,1,1,1,0.8591367550184259,0.8544580710959402,1,14,0.000700004,604.693,books-t2016-a=10
q019,dystopian society divided into rigid factions,Torso,StripeLocal,Conceptual,Keyword,idf-correct-sidecar,1,1,1,1,0.8591367550184259,0.8544580710959402,1,2,0.0005,59.9981,books-t2016-a=10
q020,supernatural creatures hidden among ordinary people,Torso,StripeLocal,Conceptual,Keyword,single-index,1,1,1,1,1,0.3796025655833152,1,1,0.000883333,67.3051,books-oracle2=10
q020,supernatural creatures hidden among ordinary people,Torso,StripeLocal,Conceptual,Keyword,naive-score,1,1,1,1,0.8591367550184259,0.3796025655833152,1,2,0.000516666,77.3614,books-t2016-a=10
q020,supernatural creatures hidden among ordinary people,Torso,StripeLocal,Conceptual,Keyword,interleave,0.7090081386375826,0.5,0.3333333333333333,1,0.5062118724963371,0.07336392209936006,0.5,2,0.000516666,77.3472,books-t2016-a=5 | books-t2016-b=5
q020,supernatural creatures hidden among ordinary people,Torso,StripeLocal,Conceptual,Keyword,quota-merge,0.8982658901806848,0.9,0.8181818181818182,1,0.7025747303706025,0.29419248513214735,0.9,2,0.000516666,77.3469,books-t2016-a=9 | books-t2016-b=1
q020,supernatural creatures hidden among ordinary people,Torso,StripeLocal,Conceptual,Keyword,global-rrf,0.6896217982043962,0.5,0.3333333333333333,1,0.47426425264521566,0.07336392209936006,0.5,2,0.000516666,77.3542,books-t2016-a=5 | books-t2016-b=5
q020,supernatural creatures hidden among ordinary people,Torso,StripeLocal,Conceptual,Keyword,minmax-norm,0.8982658901806848,0.9,0.8181818181818182,1,0.7025747303706025,0.29419248513214735,0.9,2,0.000516666,77.3956,books-t2016-a=9 | books-t2016-b=1
q020,supernatural creatures hidden among ordinary people,Torso,StripeLocal,Conceptual,Keyword,zscore-norm,0.6754660028414403,0.7,0.5384615384615384,1,0.542562493760551,0.22476126319537013,0.7,2,0.000516666,77.4017,books-t2016-a=7 | books-t2016-b=3
q020,supernatural creatures hidden among ordinary people,Torso,StripeLocal,Conceptual,Keyword,idf-correct-probe,1,1,1,1,0.8591367550184259,0.3796025655833152,1,14,0.00071667,635.8784,books-t2016-a=10
q020,supernatural creatures hidden among ordinary people,Torso,StripeLocal,Conceptual,Keyword,idf-correct-sidecar,1,1,1,1,0.8591367550184259,0.3796025655833152,1,2,0.000516666,77.39110000000001,books-t2016-a=10
q021,Victorian England social class and marriage,Torso,StripeLocal,Mixed,Keyword,single-index,1,1,1,1,1,0.5400969299866776,1,1,0.000416667,93.3974,books-oracle2=10
q021,Victorian England social class and marriage,Torso,StripeLocal,Mixed,Keyword,naive-score,0.999623570476307,1,1,0.9555555555555556,0.8459467768358835,0.5400969299866776,1,2,0.000533334,58.7026,books-t2016-a=10
q021,Victorian England social class and marriage,Torso,StripeLocal,Mixed,Keyword,interleave,0.750279118279739,0.6,0.42857142857142855,1,0.5305502516625419,0.3568898003216982,0.6,2,0.000533334,58.6898,books-t2016-a=6 | books-t2016-b=4
q021,Victorian England social class and marriage,Torso,StripeLocal,Mixed,Keyword,quota-merge,0.7503360169121053,0.9,0.8181818181818182,1,0.6020566829499175,0.46333430201540127,0.9,2,0.000533334,58.692099999999996,books-t2016-a=9 | books-t2016-b=1
q021,Victorian England social class and marriage,Torso,StripeLocal,Mixed,Keyword,global-rrf,0.5962075921071087,0.6,0.42857142857142855,1,0.4168422260593145,0.3443220615949166,0.6,2,0.000533334,58.7204,books-t2016-a=6 | books-t2016-b=4
q021,Victorian England social class and marriage,Torso,StripeLocal,Mixed,Keyword,minmax-norm,0.750055050371181,0.9,0.8181818181818182,0.9444444444444444,0.6020566829499175,0.46333430201540127,0.9,2,0.000533334,58.7192,books-t2016-a=9 | books-t2016-b=1
q021,Victorian England social class and marriage,Torso,StripeLocal,Mixed,Keyword,zscore-norm,0.8979849236397607,0.9,0.8181818181818182,0.9444444444444444,0.7025747303706025,0.4749384909331906,0.9,2,0.000533334,58.7118,books-t2016-a=9 | books-t2016-b=1
q021,Victorian England social class and marriage,Torso,StripeLocal,Mixed,Keyword,idf-correct-probe,0.999623570476307,1,1,0.9555555555555556,0.8459467768358835,0.5400969299866776,1,12,0.000700004,480.32439999999997,books-t2016-a=10
q021,Victorian England social class and marriage,Torso,StripeLocal,Mixed,Keyword,idf-correct-sidecar,0.999623570476307,1,1,0.9555555555555556,0.8459467768358835,0.5400969299866776,1,2,0.000533334,58.7273,books-t2016-a=10
q022,memoir of growing up in poverty,Torso,StripeLocal,Conceptual,Keyword,single-index,1,1,1,1,1,0.2553016358188221,1,1,0.000383333,93.1658,books-oracle2=10
q022,memoir of growing up in poverty,Torso,StripeLocal,Conceptual,Keyword,naive-score,1,1,1,1,0.8591367550184259,0.2553016358188221,1,2,0.00043333300000000005,57.5493,books-t2016-a=10
q022,memoir of growing up in poverty,Torso,StripeLocal,Conceptual,Keyword,interleave,0.750279118279739,0.6,0.42857142857142855,1,0.5305502516625419,0.15995579805444526,0.6,2,0.00043333300000000005,57.5371,books-t2016-a=6 | books-t2016-b=4
q022,memoir of growing up in poverty,Torso,StripeLocal,Conceptual,Keyword,quota-merge,0.8982658901806848,0.9,0.8181818181818182,1,0.7025747303706025,0.22559832586711007,0.9,2,0.00043333300000000005,57.5396,books-t2016-a=9 | books-t2016-b=1
q022,memoir of growing up in poverty,Torso,StripeLocal,Conceptual,Keyword,global-rrf,0.7441374653756885,0.6,0.42857142857142855,1,0.5173602734799996,0.15899224824545302,0.6,2,0.00043333300000000005,57.5863,books-t2016-a=6 | books-t2016-b=4
q022,memoir of growing up in poverty,Torso,StripeLocal,Conceptual,Keyword,minmax-norm,0.8222445934631454,0.8,0.6666666666666666,1,0.5912458270620873,0.20278403650463284,0.8,2,0.00043333300000000005,57.564800000000005,books-t2016-a=8 | books-t2016-b=2
q022,memoir of growing up in poverty,Torso,StripeLocal,Conceptual,Keyword,zscore-norm,0.9225325275335639,0.8,0.6666666666666666,1,0.7811937904522025,0.23287098705795356,0.8,2,0.00043333300000000005,57.558400000000006,books-t2016-a=8 | books-t2016-b=2
q022,memoir of growing up in poverty,Torso,StripeLocal,Conceptual,Keyword,idf-correct-probe,1,1,1,1,0.8591367550184259,0.2553016358188221,1,10,0.000566669,393.9933,books-t2016-a=10
q022,memoir of growing up in poverty,Torso,StripeLocal,Conceptual,Keyword,idf-correct-sidecar,1,1,1,1,0.8591367550184259,0.2553016358188221,1,2,0.00043333300000000005,57.5775,books-t2016-a=10
q023,biography of a president,Torso,StripeLocal,Mixed,Keyword,single-index,1,1,1,1,1,0.2936312762892952,1,1,0.000266667,62.8328,books-oracle2=10
q023,biography of a president,Torso,StripeLocal,Mixed,Keyword,naive-score,0.9978186987224108,0.9,0.8181818181818182,1,0.8520562548211447,0.2936312762892952,1,2,0.00030000000000000003,54.2465,books-t2016-a=10
q023,biography of a president,Torso,StripeLocal,Mixed,Keyword,interleave,0.9479739266955374,0.9,0.8181818181818182,0.6444444444444445,0.7033411728894093,0.22420005435251794,0.9,2,0.00030000000000000003,54.2354,books-t2016-a=9 | books-t2016-b=1
q023,biography of a president,Torso,StripeLocal,Mixed,Keyword,quota-merge,0.9479739266955374,0.9,0.8181818181818182,0.6444444444444445,0.7033411728894093,0.22420005435251794,0.9,2,0.00030000000000000003,54.2368,books-t2016-a=9 | books-t2016-b=1
q023,biography of a president,Torso,StripeLocal,Mixed,Keyword,global-rrf,0.9479739266955374,0.9,0.8181818181818182,0.6444444444444445,0.7033411728894093,0.22420005435251794,0.9,2,0.00030000000000000003,54.2385,books-t2016-a=9 | books-t2016-b=1
q023,biography of a president,Torso,StripeLocal,Mixed,Keyword,minmax-norm,0.9479739266955374,0.9,0.8181818181818182,0.6444444444444445,0.7033411728894093,0.22420005435251794,0.9,2,0.00030000000000000003,54.259,books-t2016-a=9 | books-t2016-b=1
q023,biography of a president,Torso,StripeLocal,Mixed,Keyword,zscore-norm,0.9978186987224108,0.9,0.8181818181818182,1,0.8520562548211447,0.2936312762892952,1,2,0.00030000000000000003,54.2523,books-t2016-a=10
q023,biography of a president,Torso,StripeLocal,Mixed,Keyword,idf-correct-probe,0.9978186987224108,0.9,0.8181818181818182,1,0.8520562548211447,0.2936312762892952,1,6,0.000366668,222.5507,books-t2016-a=10
q023,biography of a president,Torso,StripeLocal,Mixed,Keyword,idf-correct-sidecar,0.9978186987224108,0.9,0.8181818181818182,1,0.8520562548211447,0.2936312762892952,1,2,0.00030000000000000003,54.2641,books-t2016-a=10
q024,behavioral economics and irrational decision making,Tail,StripeLocal,Mixed,Keyword,single-index,1,1,1,1,1,0.8771495496465931,1,1,0.000366667,64.1695,books-oracle2=10
q024,behavioral economics and irrational decision making,Tail,StripeLocal,Mixed,Keyword,naive-score,1,1,1,1,0.8591367550184259,0.8771495496465931,1,2,0.000416667,57.893299999999996,books-t2016-a=10
q024,behavioral economics and irrational decision making,Tail,StripeLocal,Mixed,Keyword,interleave,0.7928464332388696,0.7,0.5384615384615384,1,0.565706061685704,0.6609749941694139,0.7,2,0.000416667,57.8632,books-t2016-a=7 | books-t2016-b=3
q024,behavioral economics and irrational decision making,Tail,StripeLocal,Mixed,Keyword,quota-merge,0.8982658901806848,0.9,0.8181818181818182,1,0.7025747303706025,0.7383128570505997,0.9,2,0.000416667,57.8671,books-t2016-a=9 | books-t2016-b=1
q024,behavioral economics and irrational decision making,Tail,StripeLocal,Mixed,Keyword,global-rrf,0.7928464332388696,0.7,0.5384615384615384,1,0.565706061685704,0.6609749941694139,0.7,2,0.000416667,57.8667,books-t2016-a=7 | books-t2016-b=3
q024,behavioral economics and irrational decision making,Tail,StripeLocal,Mixed,Keyword,minmax-norm,0.8982658901806848,0.9,0.8181818181818182,1,0.7025747303706025,0.7383128570505997,0.9,2,0.000416667,57.887299999999996,books-t2016-a=9 | books-t2016-b=1
q024,behavioral economics and irrational decision making,Tail,StripeLocal,Mixed,Keyword,zscore-norm,0.9452694559895504,0.9,0.8181818181818182,1,0.7749477245134956,0.7859200723499067,0.9,2,0.000416667,57.9052,books-t2016-a=9 | books-t2016-b=1
q024,behavioral economics and irrational decision making,Tail,StripeLocal,Mixed,Keyword,idf-correct-probe,1,1,1,1,0.8591367550184259,0.8771495496465931,1,12,0.000583337,479.5505,books-t2016-a=10
q024,behavioral economics and irrational decision making,Tail,StripeLocal,Mixed,Keyword,idf-correct-sidecar,1,1,1,1,0.8591367550184259,0.8771495496465931,1,2,0.000416667,57.8987,books-t2016-a=10
q025,habits productivity and personal effectiveness,Torso,StripeLocal,Mixed,Keyword,single-index,1,1,1,1,1,0.8758510212272971,1,1,0.000366667,64.5327,books-oracle2=10
q025,habits productivity and personal effectiveness,Torso,StripeLocal,Mixed,Keyword,naive-score,1,1,1,1,0.8591367550184259,0.8758510212272971,1,2,0.000233333,56.093500000000006,books-t2016-a=10
q025,habits productivity and personal effectiveness,Torso,StripeLocal,Mixed,Keyword,interleave,0.8397756453957087,0.8,0.6666666666666666,1,0.6183856998656723,0.6637908459935704,0.8,2,0.000233333,56.0809,books-t2016-a=8 | books-t2016-b=2
q025,habits productivity and personal effectiveness,Torso,StripeLocal,Mixed,Keyword,quota-merge,0.8982658901806848,0.9,0.8181818181818182,1,0.7025747303706025,0.7563319531273597,0.9,2,0.000233333,56.083600000000004,books-t2016-a=9 | books-t2016-b=1
q025,habits productivity and personal effectiveness,Torso,StripeLocal,Mixed,Keyword,global-rrf,0.8397756453957087,0.8,0.6666666666666666,1,0.6183856998656723,0.6637908459935704,0.8,2,0.000233333,56.085100000000004,books-t2016-a=8 | books-t2016-b=2
q025,habits productivity and personal effectiveness,Torso,StripeLocal,Mixed,Keyword,minmax-norm,0.8982658901806848,0.9,0.8181818181818182,1,0.7025747303706025,0.7563319531273597,0.9,2,0.000233333,56.1362,books-t2016-a=9 | books-t2016-b=1
q025,habits productivity and personal effectiveness,Torso,StripeLocal,Mixed,Keyword,zscore-norm,0.9528344332977449,0.9,0.8181818181818182,1,0.7932671386559154,0.7935846732309992,0.9,2,0.000233333,56.1051,books-t2016-a=9 | books-t2016-b=1
q025,habits productivity and personal effectiveness,Torso,StripeLocal,Mixed,Keyword,idf-correct-probe,1,1,1,1,0.8591367550184259,0.8758510212272971,1,10,0.000366669,393.00120000000004,books-t2016-a=10
q025,habits productivity and personal effectiveness,Torso,StripeLocal,Mixed,Keyword,idf-correct-sidecar,1,1,1,1,0.8591367550184259,0.8758510212272971,1,2,0.000233333,56.1144,books-t2016-a=10
q026,poetry collection about grief,Torso,StripeLocal,Conceptual,Keyword,single-index,1,1,1,1,1,0.24020345294718828,1,1,0.000383333,63.7492,books-oracle2=10
q026,poetry collection about grief,Torso,StripeLocal,Conceptual,Keyword,naive-score,1,1,1,1,0.8591367550184259,0.24020345294718828,1,2,0.000466666,56.723000000000006,books-t2016-a=10
q026,poetry collection about grief,Torso,StripeLocal,Conceptual,Keyword,interleave,0.7090081386375826,0.5,0.3333333333333333,1,0.5062118724963371,0.12509509129249974,0.5,2,0.000466666,56.709900000000005,books-t2016-a=5 | books-t2016-b=5
q026,poetry collection about grief,Torso,StripeLocal,Conceptual,Keyword,quota-merge,0.8982658901806848,0.9,0.8181818181818182,1,0.7025747303706025,0.2083527824280959,0.9,2,0.000466666,56.711400000000005,books-t2016-a=9 | books-t2016-b=1
q026,poetry collection about grief,Torso,StripeLocal,Conceptual,Keyword,global-rrf,0.7090081386375826,0.5,0.3333333333333333,1,0.5062118724963371,0.12509509129249974,0.5,2,0.000466666,56.715500000000006,books-t2016-a=5 | books-t2016-b=5
q026,poetry collection about grief,Torso,StripeLocal,Conceptual,Keyword,minmax-norm,0.7559772824704064,0.6,0.42857142857142855,1,0.5412383212850621,0.14072543340409327,0.6,2,0.000466666,56.7395,books-t2016-a=6 | books-t2016-b=4
q026,poetry collection about grief,Torso,StripeLocal,Conceptual,Keyword,zscore-norm,0.801411000698173,0.6,0.42857142857142855,1,0.6171852489637188,0.15076382273093178,0.6,2,0.000466666,56.7334,books-t2016-a=6 | books-t2016-b=4
q026,poetry collection about grief,Torso,StripeLocal,Conceptual,Keyword,idf-correct-probe,1,1,1,1,0.8591367550184259,0.24020345294718828,1,8,0.000566668,311.7498,books-t2016-a=10
q026,poetry collection about grief,Torso,StripeLocal,Conceptual,Keyword,idf-correct-sidecar,1,1,1,1,0.8591367550184259,0.24020345294718828,1,2,0.000466666,56.7622,books-t2016-a=10
q027,existentialist philosophy and the meaning of life,Torso,StripeLocal,Mixed,Keyword,single-index,1,1,1,1,1,0.26834602793134127,1,1,0.0004,64.3852,books-oracle2=10
q027,existentialist philosophy and the meaning of life,Torso,StripeLocal,Mixed,Keyword,naive-score,1,1,1,1,0.8591367550184259,0.26834602793134127,1,2,0.00046666700000000004,56.9841,books-t2016-a=10
q027,existentialist philosophy and the meaning of life,Torso,StripeLocal,Mixed,Keyword,interleave,0.7090081386375826,0.5,0.3333333333333333,1,0.5062118724963371,0.1739975156636121,0.5,2,0.00046666700000000004,56.9706,books-t2016-a=5 | books-t2016-b=5
q027,existentialist philosophy and the meaning of life,Torso,StripeLocal,Mixed,Keyword,quota-merge,0.7503360169121053,0.9,0.8181818181818182,1,0.6020566829499175,0.22337219163970765,0.9,2,0.00046666700000000004,56.9726,books-t2016-a=9 | books-t2016-b=1
q027,existentialist philosophy and the meaning of life,Torso,StripeLocal,Mixed,Keyword,global-rrf,0.5374055605323891,0.5,0.3333333333333333,1,0.3653639740895249,0.15806792834635383,0.5,2,0.00046666700000000004,56.975699999999996,books-t2016-a=5 | books-t2016-b=5
q027,existentialist philosophy and the meaning of life,Torso,StripeLocal,Mixed,Keyword,minmax-norm,0.6218357624884423,0.8,0.6666666666666666,1,0.445494658302094,0.1941460160402648,0.8,2,0.00046666700000000004,56.999399999999994,books-t2016-a=8 | books-t2016-b=2
q027,existentialist philosophy and the meaning of life,Torso,StripeLocal,Mixed,Keyword,zscore-norm,0.8955618778791151,0.8,0.6666666666666666,1,0.7090781081509852,0.22177084891552895,0.8,2,0.00046666700000000004,56.993399999999994,books-t2016-a=8 | books-t2016-b=2
q027,existentialist philosophy and the meaning of life,Torso,StripeLocal,Mixed,Keyword,idf-correct-probe,1,1,1,1,0.8591367550184259,0.26834602793134127,1,10,0.000600003,395.4036,books-t2016-a=10
q027,existentialist philosophy and the meaning of life,Torso,StripeLocal,Mixed,Keyword,idf-correct-sidecar,1,1,1,1,0.8591367550184259,0.26834602793134127,1,2,0.00046666700000000004,57.009899999999995,books-t2016-a=10
q028,evolutionary biology explained for general readers,Torso,StripeLocal,Conceptual,Keyword,single-index,1,1,1,1,1,0.5194759540724612,1,1,0.000683333,66.8534,books-oracle2=10
q028,evolutionary biology explained for general readers,Torso,StripeLocal,Conceptual,Keyword,naive-score,0.999872026239713,1,1,0.9555555555555556,0.8515054104985265,0.5194759540724612,1,2,0.00023333299999999998,57.442600000000006,books-t2016-a=10
q028,evolutionary biology explained for general readers,Torso,StripeLocal,Conceptual,Keyword,interleave,0.8355501717055175,0.8,0.6666666666666666,0.5714285714285714,0.6183856998656723,0.4270451074542271,0.8,2,0.00023333299999999998,57.4209,books-t2016-a=8 | books-t2016-b=2
q028,evolutionary biology explained for general readers,Torso,StripeLocal,Conceptual,Keyword,quota-merge,0.7446222869306514,0.9,0.8181818181818182,0.6666666666666666,0.5705472906249553,0.44839176719664786,0.9,2,0.00023333299999999998,57.419500000000006,books-t2016-a=9 | books-t2016-b=1
q028,evolutionary biology explained for general readers,Torso,StripeLocal,Conceptual,Keyword,global-rrf,0.6876202984369377,0.8,0.6666666666666666,0.5714285714285714,0.5178676524449872,0.4270451074542271,0.8,2,0.00023333299999999998,57.4264,books-t2016-a=8 | books-t2016-b=2
q028,evolutionary biology explained for general readers,Torso,StripeLocal,Conceptual,Keyword,minmax-norm,0.7502326343949012,0.9,0.8181818181818182,0.9444444444444444,0.6020566829499175,0.4526378212654903,0.9,2,0.00023333299999999998,57.4457,books-t2016-a=9 | books-t2016-b=1
q028,evolutionary biology explained for general readers,Torso,StripeLocal,Conceptual,Keyword,zscore-norm,0.9312730435166922,0.9,0.8181818181818182,0.9444444444444444,0.7478078517099106,0.4867730426326832,0.9,2,0.00023333299999999998,57.4527,books-t2016-a=9 | books-t2016-b=1
q028,evolutionary biology explained for general readers,Torso,StripeLocal,Conceptual,Keyword,idf-correct-probe,0.999872026239713,1,1,0.9555555555555556,0.8515054104985265,0.5194759540724612,1,12,0.00040000299999999996,482.8951,books-t2016-a=10
q028,evolutionary biology explained for general readers,Torso,StripeLocal,Conceptual,Keyword,idf-correct-sidecar,0.999872026239713,1,1,0.9555555555555556,0.8515054104985265,0.5194759540724612,1,2,0.00023333299999999998,57.4778,books-t2016-a=10
q029,the history of the Roman empire,Torso,StripeLocal,Lexical,Keyword,single-index,1,1,1,1,1,0.7824816778041492,1,1,0.000366667,63.3859,books-oracle2=10
q029,the history of the Roman empire,Torso,StripeLocal,Lexical,Keyword,naive-score,1,1,1,1,0.8591367550184259,0.7824816778041492,1,2,0.00025,73.6975,books-t2016-a=10
q029,the history of the Roman empire,Torso,StripeLocal,Lexical,Keyword,interleave,0.8397756453957087,0.8,0.6666666666666666,1,0.6183856998656723,0.7264793769803675,0.8,2,0.00025,73.6815,books-t2016-a=8 | books-t2016-b=2
q029,the history of the Roman empire,Torso,StripeLocal,Lexical,Keyword,quota-merge,0.7503360169121053,0.9,0.8181818181818182,1,0.6020566829499175,0.5158855358932293,0.9,2,0.00025,73.6843,books-t2016-a=9 | books-t2016-b=1
q029,the history of the Roman empire,Torso,StripeLocal,Lexical,Keyword,global-rrf,0.6743147201945658,0.8,0.6666666666666666,1,0.49072777964140235,0.5017677253477787,0.8,2,0.00025,73.6839,books-t2016-a=8 | books-t2016-b=2
q029,the history of the Roman empire,Torso,StripeLocal,Lexical,Keyword,minmax-norm,0.7503360169121053,0.9,0.8181818181818182,1,0.6020566829499175,0.5158855358932293,0.9,2,0.00025,73.7065,books-t2016-a=9 | books-t2016-b=1
q029,the history of the Roman empire,Torso,StripeLocal,Lexical,Keyword,zscore-norm,0.9313764260338964,0.9,0.8181818181818182,1,0.7478078517099106,0.745815664943054,0.9,2,0.00025,73.7008,books-t2016-a=9 | books-t2016-b=1
q029,the history of the Roman empire,Torso,StripeLocal,Lexical,Keyword,idf-correct-probe,1,1,1,1,0.8591367550184259,0.7824816778041492,1,8,0.000350002,359.92650000000003,books-t2016-a=10
q029,the history of the Roman empire,Torso,StripeLocal,Lexical,Keyword,idf-correct-sidecar,1,1,1,1,0.8591367550184259,0.7824816778041492,1,2,0.00025,73.7139,books-t2016-a=10
q030,a novel narrated by an unreliable narrator in a decaying southern town,Tail,StripeLocal,Conceptual,Keyword,single-index,1,1,1,1,1,0.2344141794010839,1,1,0.000883333,97.7927,books-oracle2=10
q030,a novel narrated by an unreliable narrator in a decaying southern town,Tail,StripeLocal,Conceptual,Keyword,naive-score,1,1,1,1,0.8591367550184259,0.2344141794010839,1,2,0.000533333,63.177699999999994,books-t2016-a=10
q030,a novel narrated by an unreliable narrator in a decaying southern town,Tail,StripeLocal,Conceptual,Keyword,interleave,0.7090081386375826,0.5,0.3333333333333333,1,0.5062118724963371,0.1384417910472958,0.5,2,0.000533333,63.161899999999996,books-t2016-a=5 | books-t2016-b=5
q030,a novel narrated by an unreliable narrator in a decaying southern town,Tail,StripeLocal,Conceptual,Keyword,quota-merge,0.8982658901806848,0.9,0.8181818181818182,1,0.7025747303706025,0.2243562662056719,0.9,2,0.000533333,63.158699999999996,books-t2016-a=9 | books-t2016-b=1
q030,a novel narrated by an unreliable narrator in a decaying southern town,Tail,StripeLocal,Conceptual,Keyword,global-rrf,0.702866485733532,0.5,0.3333333333333333,1,0.4930218943137949,0.1384417910472958,0.5,2,0.000533333,63.167899999999996,books-t2016-a=5 | books-t2016-b=5
q030,a novel narrated by an unreliable narrator in a decaying southern town,Tail,StripeLocal,Conceptual,Keyword,minmax-norm,0.7691737284022556,0.7,0.5384615384615384,1,0.5253762106995769,0.16415029926869043,0.7,2,0.000533333,63.19799999999999,books-t2016-a=7 | books-t2016-b=3
q030,a novel narrated by an unreliable narrator in a decaying southern town,Tail,StripeLocal,Conceptual,Keyword,zscore-norm,0.7792639293297918,0.7,0.5384615384615384,1,0.5484586725190259,0.16608787167290281,0.7,2,0.000533333,63.1979,books-t2016-a=7 | books-t2016-b=3
q030,a novel narrated by an unreliable narrator in a decaying southern town,Tail,StripeLocal,Conceptual,Keyword,idf-correct-probe,1,1,1,1,0.8591367550184259,0.2344141794010839,1,14,0.0007333369999999999,584.2499,books-t2016-a=10
q030,a novel narrated by an unreliable narrator in a decaying southern town,Tail,StripeLocal,Conceptual,Keyword,idf-correct-sidecar,1,1,1,1,0.8591367550184259,0.2344141794010839,1,2,0.000533333,63.247099999999996,books-t2016-a=10
q031,Regency romance with a reluctant duke,Tail,StripeLocal,Mixed,Keyword,single-index,1,1,1,1,1,0.7964626293911861,1,1,0.000733333,64.9729,books-oracle2=10
q031,Regency romance with a reluctant duke,Tail,StripeLocal,Mixed,Keyword,naive-score,1,1,1,1,0.8591367550184259,0.7964626293911861,1,2,0.000266667,73.9692,books-t2016-a=10
q031,Regency romance with a reluctant duke,Tail,StripeLocal,Mixed,Keyword,interleave,0.7090081386375826,0.5,0.3333333333333333,1,0.5062118724963371,0.6980780325622417,0.5,2,0.000266667,73.95439999999999,books-t2016-a=5 | books-t2016-b=5
q031,Regency romance with a reluctant duke,Tail,StripeLocal,Mixed,Keyword,quota-merge,0.8982658901806848,0.9,0.8181818181818182,1,0.7025747303706025,0.7396083074439227,0.9,2,0.000266667,73.9546,books-t2016-a=9 | books-t2016-b=1
q031,Regency romance with a reluctant duke,Tail,StripeLocal,Mixed,Keyword,global-rrf,0.6853354338009686,0.5,0.3333333333333333,1,0.46588202151020996,0.673173247686594,0.5,2,0.000266667,73.95899999999999,books-t2016-a=5 | books-t2016-b=5
q031,Regency romance with a reluctant duke,Tail,StripeLocal,Mixed,Keyword,minmax-norm,0.8982658901806848,0.9,0.8181818181818182,1,0.7025747303706025,0.7396083074439227,0.9,2,0.000266667,73.98209999999999,books-t2016-a=9 | books-t2016-b=1
q031,Regency romance with a reluctant duke,Tail,StripeLocal,Mixed,Keyword,zscore-norm,0.9313764260338964,0.9,0.8181818181818182,1,0.7478078517099106,0.7627623223498119,0.9,2,0.000266667,73.97569999999999,books-t2016-a=9 | books-t2016-b=1
q031,Regency romance with a reluctant duke,Tail,StripeLocal,Mixed,Keyword,idf-correct-probe,1,1,1,1,0.8591367550184259,0.7964626293911861,1,10,0.000400003,442.4246,books-t2016-a=10
q031,Regency romance with a reluctant duke,Tail,StripeLocal,Mixed,Keyword,idf-correct-sidecar,1,1,1,1,0.8591367550184259,0.7964626293911861,1,2,0.000266667,74.00189999999999,books-t2016-a=10
q032,cookbook,Head,StripeLocal,Lexical,Keyword,single-index,1,1,1,1,1,1,1,1,0.000216667,57.6096,books-oracle2=10
q032,cookbook,Head,StripeLocal,Lexical,Keyword,naive-score,0.996086306530931,1,1,0.9111111111111111,0.8225856938329161,1,1,2,0.000133334,54.9221,books-t2016-a=10
q032,cookbook,Head,StripeLocal,Lexical,Keyword,interleave,0.9434772599079913,1,1,0.9111111111111111,0.7391183466614853,1,1,2,0.000133334,54.9089,books-t2016-a=10
q032,cookbook,Head,StripeLocal,Lexical,Keyword,quota-merge,0.9434772599079913,1,1,0.9111111111111111,0.7391183466614853,1,1,2,0.000133334,54.9156,books-t2016-a=10
q032,cookbook,Head,StripeLocal,Lexical,Keyword,global-rrf,0.9434772599079913,1,1,0.9111111111111111,0.7391183466614853,1,1,2,0.000133334,54.9126,books-t2016-a=10
q032,cookbook,Head,StripeLocal,Lexical,Keyword,minmax-norm,0.996086306530931,1,1,0.9111111111111111,0.8225856938329161,1,1,2,0.000133334,54.9307,books-t2016-a=10
q032,cookbook,Head,StripeLocal,Lexical,Keyword,zscore-norm,0.996086306530931,1,1,0.9111111111111111,0.8225856938329161,1,1,2,0.000133334,54.9266,books-t2016-a=10
q032,cookbook,Head,StripeLocal,Lexical,Keyword,idf-correct-probe,0.996086306530931,1,1,0.9111111111111111,0.8225856938329161,1,1,4,0.00016666800000000002,139.3674,books-t2016-a=10
q032,cookbook,Head,StripeLocal,Lexical,Keyword,idf-correct-sidecar,0.996086306530931,1,1,0.9111111111111111,0.8225856938329161,1,1,2,0.000133334,54.9313,books-t2016-a=10
q033,travel writing about walking across a country,Tail,StripeLocal,Conceptual,Keyword,single-index,1,1,1,1,1,0.5801031069904631,0.9,1,0.000416667,94.0975,books-oracle2=10
q033,travel writing about walking across a country,Tail,StripeLocal,Conceptual,Keyword,naive-score,1,1,1,1,0.8591367550184259,0.5801031069904631,0.9,2,0.00048333400000000003,58.882999999999996,books-t2016-a=10
q033,travel writing about walking across a country,Tail,StripeLocal,Conceptual,Keyword,interleave,0.7090081386375826,0.5,0.3333333333333333,1,0.5062118724963371,0.4500279920970592,0.5,2,0.00048333400000000003,58.8698,books-t2016-a=5 | books-t2016-b=5
q033,travel writing about walking across a country,Tail,StripeLocal,Conceptual,Keyword,quota-merge,0.7503360169121053,0.9,0.8181818181818182,1,0.6020566829499175,0.3041445695308537,0.8,2,0.00048333400000000003,58.8716,books-t2016-a=9 | books-t2016-b=1
q033,travel writing about walking across a country,Tail,StripeLocal,Conceptual,Keyword,global-rrf,0.5435472134364396,0.5,0.3333333333333333,1,0.3785539522720672,0.297737153490387,0.5,2,0.00048333400000000003,58.8762,books-t2016-a=5 | books-t2016-b=5
q033,travel writing about walking across a country,Tail,StripeLocal,Conceptual,Keyword,minmax-norm,0.6692553047806487,0.7,0.5384615384615384,1,0.5241137183836942,0.3041445695308537,0.6,2,0.00048333400000000003,58.9011,books-t2016-a=7 | books-t2016-b=3
q033,travel writing about walking across a country,Tail,StripeLocal,Conceptual,Keyword,zscore-norm,0.8217972590426432,0.7,0.5384615384615384,1,0.6382727941336994,0.4564354081375259,0.6,2,0.00048333400000000003,58.8957,books-t2016-a=7 | books-t2016-b=3
q033,travel writing about walking across a country,Tail,StripeLocal,Conceptual,Keyword,idf-correct-probe,1,1,1,1,0.8591367550184259,0.5801031069904631,0.9,10,0.00061667,395.65799999999996,books-t2016-a=10
q033,travel writing about walking across a country,Tail,StripeLocal,Conceptual,Keyword,idf-correct-sidecar,1,1,1,1,0.8591367550184259,0.5801031069904631,0.9,2,0.00048333400000000003,58.913799999999995,books-t2016-a=10
q034,startup founder building a company from nothing,Torso,StripeLocal,Conceptual,Keyword,single-index,1,1,1,1,1,0.8128236231221232,1,1,0.000366667,64.4583,books-oracle2=10
q034,startup founder building a company from nothing,Torso,StripeLocal,Conceptual,Keyword,naive-score,1,1,1,1,0.8591367550184259,0.8128236231221232,1,2,0.000416667,58.0408,books-t2016-a=10
q034,startup founder building a company from nothing,Torso,StripeLocal,Conceptual,Keyword,interleave,0.7928464332388696,0.7,0.5384615384615384,1,0.565706061685704,0.6250675609787679,0.7,2,0.000416667,58.0287,books-t2016-a=7 | books-t2016-b=3
q034,startup founder building a company from nothing,Torso,StripeLocal,Conceptual,Keyword,quota-merge,0.8982658901806848,0.9,0.8181818181818182,1,0.7025747303706025,0.6866773965464534,0.9,2,0.000416667,58.0279,books-t2016-a=9 | books-t2016-b=1
q034,startup founder building a company from nothing,Torso,StripeLocal,Conceptual,Keyword,global-rrf,0.7867047803348189,0.7,0.5384615384615384,1,0.5525160835031617,0.6183227123158221,0.7,2,0.000416667,58.0324,books-t2016-a=7 | books-t2016-b=3
q034,startup founder building a company from nothing,Torso,StripeLocal,Conceptual,Keyword,minmax-norm,0.8222445934631454,0.8,0.6666666666666666,1,0.5912458270620873,0.6475384205962826,0.8,2,0.000416667,58.0553,books-t2016-a=8 | books-t2016-b=2
q034,startup founder building a company from nothing,Torso,StripeLocal,Conceptual,Keyword,zscore-norm,0.900852009746311,0.8,0.6666666666666666,1,0.7222680863335275,0.7174788154166978,0.8,2,0.000416667,58.0481,books-t2016-a=8 | books-t2016-b=2
q034,startup founder building a company from nothing,Torso,StripeLocal,Conceptual,Keyword,idf-correct-probe,1,1,1,1,0.8591367550184259,0.8128236231221232,1,12,0.000583337,480.22900000000004,books-t2016-a=10
q034,startup founder building a company from nothing,Torso,StripeLocal,Conceptual,Keyword,idf-correct-sidecar,1,1,1,1,0.8591367550184259,0.8128236231221232,1,2,0.000416667,58.0677,books-t2016-a=10
q035,a marriage falling apart told from both perspectives,Tail,StripeLocal,Conceptual,Keyword,single-index,1,1,1,1,1,0.1613817985593553,1,1,0.0004,66.0009,books-oracle2=10
q035,a marriage falling apart told from both perspectives,Tail,StripeLocal,Conceptual,Keyword,naive-score,1,1,1,1,0.8591367550184259,0.1613817985593553,1,2,0.00046666700000000004,59.4838,books-t2016-a=10
q035,a marriage falling apart told from both perspectives,Tail,StripeLocal,Conceptual,Keyword,interleave,0.7090081386375826,0.5,0.3333333333333333,1,0.5062118724963371,0.09616046648881256,0.5,2,0.00046666700000000004,59.4715,books-t2016-a=5 | books-t2016-b=5
q035,a marriage falling apart told from both perspectives,Tail,StripeLocal,Conceptual,Keyword,quota-merge,0.8982658901806848,0.9,0.8181818181818182,1,0.7025747303706025,0.12483069824663377,0.9,2,0.00046666700000000004,59.4714,books-t2016-a=9 | books-t2016-b=1
q035,a marriage falling apart told from both perspectives,Tail,StripeLocal,Conceptual,Keyword,global-rrf,0.701011197232909,0.5,0.3333333333333333,1,0.4882141472662583,0.09346691539140393,0.5,2,0.00046666700000000004,59.4771,books-t2016-a=5 | books-t2016-b=5
q035,a marriage falling apart told from both perspectives,Tail,StripeLocal,Conceptual,Keyword,minmax-norm,0.758091236960919,0.7,0.5384615384615384,1,0.5070567965571571,0.08798337793000607,0.7,2,0.00046666700000000004,59.536,books-t2016-a=7 | books-t2016-b=3
q035,a marriage falling apart told from both perspectives,Tail,StripeLocal,Conceptual,Keyword,zscore-norm,0.8222445934631454,0.8,0.6666666666666666,1,0.5912458270620873,0.11353886385728175,0.8,2,0.00046666700000000004,59.5024,books-t2016-a=8 | books-t2016-b=2
q035,a marriage falling apart told from both perspectives,Tail,StripeLocal,Conceptual,Keyword,idf-correct-probe,1,1,1,1,0.8591367550184259,0.1613817985593553,1,12,0.000633337,483.1622,books-t2016-a=10
q035,a marriage falling apart told from both perspectives,Tail,StripeLocal,Conceptual,Keyword,idf-correct-sidecar,1,1,1,1,0.8591367550184259,0.1613817985593553,1,2,0.00046666700000000004,59.5109,books-t2016-a=10
q036,essays on race in America,Torso,StripeLocal,Mixed,Keyword,single-index,1,1,1,1,1,0.06518264816572998,1,1,0.00035,63.574,books-oracle2=10
q036,essays on race in America,Torso,StripeLocal,Mixed,Keyword,naive-score,0.996086306530931,1,1,0.9111111111111111,0.8136774680724213,0.06518264816572998,1,2,0.000366667,55.8256,books-t2016-a=10
q036,essays on race in America,Torso,StripeLocal,Mixed,Keyword,interleave,0.8968795782858947,0.9,0.8181818181818182,1,0.7025747303706025,0.05244282378997492,0.9,2,0.000366667,55.8126,books-t2016-a=9 | books-t2016-b=1
q036,essays on race in America,Torso,StripeLocal,Mixed,Keyword,quota-merge,0.8968795782858947,0.9,0.8181818181818182,1,0.7025747303706025,0.05244282378997492,0.9,2,0.000366667,55.8123,books-t2016-a=9 | books-t2016-b=1
q036,essays on race in America,Torso,StripeLocal,Mixed,Keyword,global-rrf,0.8968795782858947,0.9,0.8181818181818182,1,0.7025747303706025,0.05244282378997492,0.9,2,0.000366667,55.8161,books-t2016-a=9 | books-t2016-b=1
q036,essays on race in America,Torso,StripeLocal,Mixed,Keyword,minmax-norm,0.8957401214890351,0.9,0.8181818181818182,0.8888888888888888,0.6842553162281825,0.06381235560282644,0.9,2,0.000366667,55.832100000000004,books-t2016-a=9 | books-t2016-b=1
q036,essays on race in America,Torso,StripeLocal,Mixed,Keyword,zscore-norm,0.996086306530931,1,1,0.9111111111111111,0.8136774680724213,0.06518264816572998,1,2,0.000366667,55.829,books-t2016-a=10
q036,essays on race in America,Torso,StripeLocal,Mixed,Keyword,idf-correct-probe,0.996086306530931,1,1,0.9111111111111111,0.8136774680724213,0.06518264816572998,1,8,0.00046666899999999996,313.1602,books-t2016-a=10
q036,essays on race in America,Torso,StripeLocal,Mixed,Keyword,idf-correct-sidecar,0.996086306530931,1,1,0.9111111111111111,0.8136774680724213,0.06518264816572998,1,2,0.000366667,55.8421,books-t2016-a=10
q037,spiritual awakening and mindfulness practice,Torso,StripeLocal,Conceptual,Keyword,single-index,1,1,1,1,1,1,1,1,0.00035,63.6782,books-oracle2=10
q037,spiritual awakening and mindfulness practice,Torso,StripeLocal,Conceptual,Keyword,naive-score,1,1,1,1,0.8591367550184259,1,1,2,0.00019999999999999998,63.0291,books-t2016-a=10
q037,spiritual awakening and mindfulness practice,Torso,StripeLocal,Conceptual,Keyword,interleave,1,1,1,1,0.8591367550184259,1,1,2,0.00019999999999999998,63.0026,books-t2016-a=10
q037,spiritual awakening and mindfulness practice,Torso,StripeLocal,Conceptual,Keyword,quota-merge,1,1,1,1,0.8591367550184259,1,1,2,0.00019999999999999998,63.0021,books-t2016-a=10
q037,spiritual awakening and mindfulness practice,Torso,StripeLocal,Conceptual,Keyword,global-rrf,1,1,1,1,0.8591367550184259,1,1,2,0.00019999999999999998,63.0067,books-t2016-a=10
q037,spiritual awakening and mindfulness practice,Torso,StripeLocal,Conceptual,Keyword,minmax-norm,1,1,1,1,0.8591367550184259,1,1,2,0.00019999999999999998,63.0216,books-t2016-a=10
q037,spiritual awakening and mindfulness practice,Torso,StripeLocal,Conceptual,Keyword,zscore-norm,1,1,1,1,0.8591367550184259,1,1,2,0.00019999999999999998,63.0179,books-t2016-a=10
q037,spiritual awakening and mindfulness practice,Torso,StripeLocal,Conceptual,Keyword,idf-correct-probe,1,1,1,1,0.8591367550184259,1,1,10,0.00033333599999999994,400.318,books-t2016-a=10
q037,spiritual awakening and mindfulness practice,Torso,StripeLocal,Conceptual,Keyword,idf-correct-sidecar,1,1,1,1,0.8591367550184259,1,1,2,0.00019999999999999998,63.033,books-t2016-a=10
q038,immigrant family adjusting to a new country,Torso,StripeLocal,Conceptual,Keyword,single-index,1,1,1,1,1,0.4042040793695303,1,1,0.000416667,64.4816,books-oracle2=10
q038,immigrant family adjusting to a new country,Torso,StripeLocal,Conceptual,Keyword,naive-score,1,1,1,1,0.8591367550184259,0.4042040793695303,1,2,0.0005,57.5758,books-t2016-a=10
q038,immigrant family adjusting to a new country,Torso,StripeLocal,Conceptual,Keyword,interleave,0.7090081386375826,0.5,0.3333333333333333,1,0.5062118724963371,0.31571544423960973,0.5,2,0.0005,57.5615,books-t2016-a=5 | books-t2016-b=5
q038,immigrant family adjusting to a new country,Torso,StripeLocal,Conceptual,Keyword,quota-merge,0.8982658901806848,0.9,0.8181818181818182,1,0.7025747303706025,0.3758374066734774,0.9,2,0.0005,57.5587,books-t2016-a=9 | books-t2016-b=1
q038,immigrant family adjusting to a new country,Torso,StripeLocal,Conceptual,Keyword,global-rrf,0.702866485733532,0.5,0.3333333333333333,1,0.4930218943137949,0.3089705955766641,0.5,2,0.0005,57.57,books-t2016-a=5 | books-t2016-b=5
q038,immigrant family adjusting to a new country,Torso,StripeLocal,Conceptual,Keyword,minmax-norm,0.782034566417973,0.7,0.5384615384615384,1,0.5560900170389254,0.3349882097442749,0.7,2,0.0005,57.5865,books-t2016-a=7 | books-t2016-b=3
q038,immigrant family adjusting to a new country,Torso,StripeLocal,Conceptual,Keyword,zscore-norm,0.7856941111066765,0.7,0.5384615384615384,1,0.5669074478958828,0.33581827170682144,0.7,2,0.0005,57.5827,books-t2016-a=7 | books-t2016-b=3
q038,immigrant family adjusting to a new country,Torso,StripeLocal,Conceptual,Keyword,idf-correct-probe,1,1,1,1,0.8591367550184259,0.4042040793695303,1,8,0.000600002,311.4214,books-t2016-a=10
q038,immigrant family adjusting to a new country,Torso,StripeLocal,Conceptual,Keyword,idf-correct-sidecar,1,1,1,1,0.8591367550184259,0.4042040793695303,1,2,0.0005,57.625800000000005,books-t2016-a=10
q039,art history and the Renaissance painters,Torso,StripeLocal,Mixed,Keyword,single-index,1,1,1,1,1,0.6291545409698538,1,1,0.000366667,63.8595,books-oracle2=10
q039,art history and the Renaissance painters,Torso,StripeLocal,Mixed,Keyword,naive-score,1,1,1,1,0.8591367550184259,0.6291545409698538,1,2,0.000416667,56.9738,books-t2016-a=10
q039,art history and the Renaissance painters,Torso,StripeLocal,Mixed,Keyword,interleave,0.7926691251797475,0.7,0.5384615384615384,0.9047619047619048,0.565706061685704,0.45745533669526783,0.7,2,0.000416667,56.9616,books-t2016-a=7 | books-t2016-b=3
q039,art history and the Renaissance painters,Torso,StripeLocal,Mixed,Keyword,quota-merge,0.750055050371181,0.9,0.8181818181818182,0.9444444444444444,0.6020566829499175,0.47862628543532265,0.9,2,0.000416667,56.9614,books-t2016-a=9 | books-t2016-b=1
q039,art history and the Renaissance painters,Torso,StripeLocal,Mixed,Keyword,global-rrf,0.621066547074554,0.7,0.5384615384615384,0.9047619047619048,0.42485816327889175,0.38414247076613117,0.7,2,0.000416667,56.9656,books-t2016-a=7 | books-t2016-b=3
q039,art history and the Renaissance painters,Torso,StripeLocal,Mixed,Keyword,minmax-norm,0.7154579929070506,0.8,0.6666666666666666,1,0.577718303783713,0.47862628543532265,0.8,2,0.000416667,56.983,books-t2016-a=8 | books-t2016-b=2
q039,art history and the Renaissance painters,Torso,StripeLocal,Mixed,Keyword,zscore-norm,0.9313764260338964,0.9,0.8181818181818182,1,0.7478078517099106,0.5438801570601702,0.9,2,0.000416667,56.9794,books-t2016-a=9 | books-t2016-b=1
q039,art history and the Renaissance painters,Torso,StripeLocal,Mixed,Keyword,idf-correct-probe,1,1,1,1,0.8591367550184259,0.6291545409698538,1,8,0.000516669,311.8734,books-t2016-a=10
q039,art history and the Renaissance painters,Torso,StripeLocal,Mixed,Keyword,idf-correct-sidecar,1,1,1,1,0.8591367550184259,0.6291545409698538,1,2,0.000416667,56.9953,books-t2016-a=10
q040,investing personal finance wealth,Torso,StripeLocal,Lexical,Keyword,single-index,1,1,1,1,1,0.8043482217369691,1,1,0.000366667,63.4926,books-oracle2=10
q040,investing personal finance wealth,Torso,StripeLocal,Lexical,Keyword,naive-score,1,1,1,1,0.8591367550184259,0.8043482217369691,1,2,0.00039999999999999996,73.26929999999999,books-t2016-a=10
q040,investing personal finance wealth,Torso,StripeLocal,Lexical,Keyword,interleave,0.8397756453957087,0.8,0.6666666666666666,1,0.6183856998656723,0.6489337257869131,0.8,2,0.00039999999999999996,73.2533,books-t2016-a=8 | books-t2016-b=2
q040,investing personal finance wealth,Torso,StripeLocal,Lexical,Keyword,quota-merge,0.7503360169121053,0.9,0.8181818181818182,1,0.6020566829499175,0.6057034333424619,0.9,2,0.00039999999999999996,73.2542,books-t2016-a=9 | books-t2016-b=1
q040,investing personal finance wealth,Torso,StripeLocal,Lexical,Keyword,global-rrf,0.691845772127129,0.8,0.6666666666666666,1,0.5178676524449872,0.5677044033623875,0.8,2,0.00039999999999999996,73.25739999999999,books-t2016-a=8 | books-t2016-b=2
q040,investing personal finance wealth,Torso,StripeLocal,Lexical,Keyword,minmax-norm,0.6218357624884423,0.8,0.6666666666666666,1,0.445494658302094,0.5323489060180919,0.8,2,0.00039999999999999996,73.27329999999999,books-t2016-a=8 | books-t2016-b=2
q040,investing personal finance wealth,Torso,StripeLocal,Lexical,Keyword,zscore-norm,0.9268484436261611,0.8,0.6666666666666666,1,0.7948348187815227,0.7304324825105581,0.8,2,0.00039999999999999996,73.28819999999999,books-t2016-a=8 | books-t2016-b=2
q040,investing personal finance wealth,Torso,StripeLocal,Lexical,Keyword,idf-correct-probe,1,1,1,1,0.8591367550184259,0.8043482217369691,1,8,0.0005000019999999999,359.3676,books-t2016-a=10
q040,investing personal finance wealth,Torso,StripeLocal,Lexical,Keyword,idf-correct-sidecar,1,1,1,1,0.8591367550184259,0.8043482217369691,1,2,0.00039999999999999996,73.29069999999999,books-t2016-a=10
q041,love,Head,CrossStripe,Lexical,Keyword,single-index,1,1,1,1,1,0.9371166382005486,1,1,0.000383333,91.9124,books-oracle2=10
q041,love,Head,CrossStripe,Lexical,Keyword,naive-score,1,1,1,1,0.8591367550184259,0.9371166382005486,1,2,0.00045000000000000004,57.1497,books-t2016-a=10
q041,love,Head,CrossStripe,Lexical,Keyword,interleave,0.750279118279739,0.6,0.42857142857142855,1,0.5305502516625419,0.618519700841442,0.6,2,0.00045000000000000004,57.1368,books-t2016-a=6 | books-t2016-b=4
q041,love,Head,CrossStripe,Lexical,Keyword,quota-merge,0.8982658901806848,0.9,0.8181818181818182,1,0.7025747303706025,0.8016250801806363,0.9,2,0.00045000000000000004,57.134800000000006,books-t2016-a=9 | books-t2016-b=1
q041,love,Head,CrossStripe,Lexical,Keyword,global-rrf,0.726606413443125,0.6,0.42857142857142855,1,0.49022040067641465,0.596517333399007,0.6,2,0.00045000000000000004,57.140800000000006,books-t2016-a=6 | books-t2016-b=4
q041,love,Head,CrossStripe,Lexical,Keyword,minmax-norm,0.7001053941164951,0.6,0.42857142857142855,1,0.4411871801946462,0.5711601909662336,0.6,2,0.00045000000000000004,57.1572,books-t2016-a=6 | books-t2016-b=4
q041,love,Head,CrossStripe,Lexical,Keyword,zscore-norm,1,1,1,1,0.8591367550184259,0.9371166382005486,1,2,0.00045000000000000004,57.154500000000006,books-t2016-a=10
q041,love,Head,CrossStripe,Lexical,Keyword,idf-correct-probe,1,1,1,1,0.8591367550184259,0.9371166382005486,1,4,0.00048333400000000003,143.7819,books-t2016-a=10
q041,love,Head,CrossStripe,Lexical,Keyword,idf-correct-sidecar,1,1,1,1,0.8591367550184259,0.9371166382005486,1,2,0.00045000000000000004,57.161100000000005,books-t2016-a=10
q042,war,Head,CrossStripe,Lexical,Keyword,single-index,1,1,1,1,1,0.94546789582947,1,1,0.00035,63.3247,books-oracle2=10
q042,war,Head,CrossStripe,Lexical,Keyword,naive-score,0.998827255748741,0.9,0.8181818181818182,1,0.8552424799099213,1,1,2,0.000416667,55.2121,books-t2016-a=10
q042,war,Head,CrossStripe,Lexical,Keyword,interleave,0.750279118279739,0.6,0.42857142857142855,1,0.5305502516625419,0.6780321767872511,0.7,2,0.000416667,55.1991,books-t2016-a=6 | books-t2016-b=4
q042,war,Head,CrossStripe,Lexical,Keyword,quota-merge,0.8982658901806848,0.9,0.8181818181818182,1,0.7025747303706025,0.9206500320722545,1,2,0.000416667,55.2081,books-t2016-a=9 | books-t2016-b=1
q042,war,Head,CrossStripe,Lexical,Keyword,global-rrf,0.750279118279739,0.6,0.42857142857142855,1,0.5305502516625419,0.6780321767872511,0.7,2,0.000416667,55.2094,books-t2016-a=6 | books-t2016-b=4
q042,war,Head,CrossStripe,Lexical,Keyword,minmax-norm,0.8222445934631454,0.8,0.6666666666666666,1,0.5912458270620873,0.8106041489232144,0.9,2,0.000416667,55.2389,books-t2016-a=8 | books-t2016-b=2
q042,war,Head,CrossStripe,Lexical,Keyword,zscore-norm,0.9084169870545055,0.8,0.6666666666666666,1,0.7405875004759473,0.8729485209403983,0.9,2,0.000416667,55.2219,books-t2016-a=8 | books-t2016-b=2
q042,war,Head,CrossStripe,Lexical,Keyword,idf-correct-probe,0.998827255748741,0.9,0.8181818181818182,1,0.8552424799099213,1,1,2,0.000416667,55.2295,books-t2016-a=10
q042,war,Head,CrossStripe,Lexical,Keyword,idf-correct-sidecar,0.998827255748741,0.9,0.8181818181818182,1,0.8552424799099213,1,1,2,0.000416667,55.2254,books-t2016-a=10
q043,family,Head,CrossStripe,Lexical,Keyword,single-index,1,1,1,1,1,0.9621404437403491,1,1,0.000383333,65.9604,books-oracle2=10
q043,family,Head,CrossStripe,Lexical,Keyword,naive-score,0.9963750036558285,0.9,0.8181818181818182,1,0.8472485077736082,1,1,2,0.000283334,73.46130000000001,books-t2016-a=10
q043,family,Head,CrossStripe,Lexical,Keyword,interleave,0.7090081386375826,0.5,0.3333333333333333,1,0.5062118724963371,0.563987596670912,0.6,2,0.000283334,73.44720000000001,books-t2016-a=5 | books-t2016-b=5
q043,family,Head,CrossStripe,Lexical,Keyword,quota-merge,0.7489497050173152,0.9,0.8181818181818182,1,0.6020566829499175,0.7799082337019198,0.9,2,0.000283334,73.4449,books-t2016-a=9 | books-t2016-b=1
q043,family,Head,CrossStripe,Lexical,Keyword,global-rrf,0.5549366124649523,0.5,0.3333333333333333,1,0.39250384689310985,0.47601342558344073,0.6,2,0.000283334,73.4516,books-t2016-a=5 | books-t2016-b=5
q043,family,Head,CrossStripe,Lexical,Keyword,minmax-norm,0.6218357624884423,0.8,0.6666666666666666,1,0.445494658302094,0.6410457898283652,0.8,2,0.000283334,73.46860000000001,books-t2016-a=8 | books-t2016-b=2
q043,family,Head,CrossStripe,Lexical,Keyword,zscore-norm,0.9084169870545055,0.8,0.6666666666666666,1,0.7405875004759473,0.8364586133797036,0.8,2,0.000283334,73.46440000000001,books-t2016-a=8 | books-t2016-b=2
q043,family,Head,CrossStripe,Lexical,Keyword,idf-correct-probe,0.9963750036558285,0.9,0.8181818181818182,1,0.8472485077736082,1,1,2,0.000283334,73.4744,books-t2016-a=10
q043,family,Head,CrossStripe,Lexical,Keyword,idf-correct-sidecar,0.9963750036558285,0.9,0.8181818181818182,1,0.8472485077736082,1,1,2,0.000283334,73.4621,books-t2016-a=10
q044,death,Head,CrossStripe,Lexical,Keyword,single-index,1,1,1,1,1,0.7283513076812134,0.9,1,0.000333333,63.5038,books-oracle2=10
q044,death,Head,CrossStripe,Lexical,Keyword,naive-score,0.9760995246803541,0.9,0.8181818181818182,0.8222222222222222,0.7953918285711954,0.7105412641551567,0.9,2,0.000383333,53.8402,books-t2016-a=10
q044,death,Head,CrossStripe,Lexical,Keyword,interleave,0.7703546065099245,0.7,0.5384615384615384,0.7142857142857143,0.5520650333563838,0.47735936172866955,0.6,2,0.000383333,53.826,books-t2016-a=7 | books-t2016-b=3
q044,death,Head,CrossStripe,Lexical,Keyword,quota-merge,0.8873294310435393,0.9,0.8181818181818182,0.5,0.6375099812080696,0.5936681750438687,0.8,2,0.000383333,53.824200000000005,books-t2016-a=9 | books-t2016-b=1
q044,death,Head,CrossStripe,Lexical,Keyword,global-rrf,0.7466819016733105,0.7,0.5384615384615384,0.7142857142857143,0.5117351823702565,0.4640755764459428,0.6,2,0.000383333,53.8308,books-t2016-a=7 | books-t2016-b=3
q044,death,Head,CrossStripe,Lexical,Keyword,minmax-norm,0.8775090975783457,0.9,0.8181818181818182,0.7777777777777778,0.6742334713568388,0.6021930138330347,0.8,2,0.000383333,53.852000000000004,books-t2016-a=9 | books-t2016-b=1
q044,death,Head,CrossStripe,Lexical,Keyword,zscore-norm,0.7295792243097661,0.9,0.8181818181818182,0.7777777777777778,0.5737154239361538,0.520963691408509,0.8,2,0.000383333,53.846000000000004,books-t2016-a=9 | books-t2016-b=1
q044,death,Head,CrossStripe,Lexical,Keyword,idf-correct-probe,0.9760995246803541,0.9,0.8181818181818182,0.8222222222222222,0.7953918285711954,0.7105412641551567,0.9,4,0.000416667,138.8287,books-t2016-a=10
q044,death,Head,CrossStripe,Lexical,Keyword,idf-correct-sidecar,0.9760995246803541,0.9,0.8181818181818182,0.8222222222222222,0.7953918285711954,0.7105412641551567,0.9,2,0.000383333,53.8528,books-t2016-a=10
q045,friendship,Head,CrossStripe,Lexical,Keyword,single-index,1,1,1,1,1,0.4608083674976965,0.9,1,0.00035,61.7069,books-oracle2=10
q045,friendship,Head,CrossStripe,Lexical,Keyword,naive-score,0.9709121496183852,0.7,0.5384615384615384,0.9111111111111111,0.771983089938489,0.583348741586778,1,2,0.000266667,60.8429,books-t2016-a=10
q045,friendship,Head,CrossStripe,Lexical,Keyword,interleave,0.747628901249765,0.6,0.42857142857142855,1,0.5305502516625419,0.26182733122302077,0.5,2,0.000266667,60.8303,books-t2016-a=6 | books-t2016-b=4
q045,friendship,Head,CrossStripe,Lexical,Keyword,quota-merge,0.7464029502442094,0.9,0.8181818181818182,0.8333333333333334,0.5912392520929599,0.39709002734549215,0.8,2,0.000266667,60.8292,books-t2016-a=9 | books-t2016-b=1
q045,friendship,Head,CrossStripe,Lexical,Keyword,global-rrf,0.5996990279811852,0.6,0.42857142857142855,1,0.43003220424185684,0.2270147644696526,0.5,2,0.000266667,60.8341,books-t2016-a=6 | books-t2016-b=4
q045,friendship,Head,CrossStripe,Lexical,Keyword,minmax-norm,0.7238395498385074,0.7,0.5384615384615384,1,0.5471385519922488,0.4507717612420446,0.9,2,0.000266667,60.8492,books-t2016-a=9 | books-t2016-b=1
q045,friendship,Head,CrossStripe,Lexical,Keyword,zscore-norm,0.9187729889159526,0.7,0.5384615384615384,1,0.7200295935558269,0.49188062506741326,0.9,2,0.000266667,60.8462,books-t2016-a=9 | books-t2016-b=1
q045,friendship,Head,CrossStripe,Lexical,Keyword,idf-correct-probe,0.9709121496183852,0.7,0.5384615384615384,0.9111111111111111,0.771983089938489,0.583348741586778,1,4,0.000300001,145.93880000000001,books-t2016-a=10
q045,friendship,Head,CrossStripe,Lexical,Keyword,idf-correct-sidecar,0.9709121496183852,0.7,0.5384615384615384,0.9111111111111111,0.771983089938489,0.583348741586778,1,2,0.000266667,60.8543,books-t2016-a=10
q046,coming of age story about a teenager finding their identity,Torso,CrossStripe,Conceptual,Keyword,single-index,1,1,1,1,1,0.5648732390871197,1,1,0.000433333,66.4794,books-oracle2=10
q046,coming of age story about a teenager finding their identity,Torso,CrossStripe,Conceptual,Keyword,naive-score,1,1,1,1,0.8591367550184259,0.5648732390871197,1,2,0.000533333,60.2883,books-t2016-a=10
q046,coming of age story about a teenager finding their identity,Torso,CrossStripe,Conceptual,Keyword,interleave,0.7090081386375826,0.5,0.3333333333333333,1,0.5062118724963371,0.3622464013321731,0.5,2,0.000533333,60.2739,books-t2016-a=5 | books-t2016-b=5
q046,coming of age story about a teenager finding their identity,Torso,CrossStripe,Conceptual,Keyword,quota-merge,0.7503360169121053,0.9,0.8181818181818182,1,0.6020566829499175,0.38182303859129496,0.9,2,0.000533333,60.2695,books-t2016-a=9 | books-t2016-b=1
q046,coming of age story about a teenager finding their identity,Torso,CrossStripe,Conceptual,Keyword,global-rrf,0.5416919249358165,0.5,0.3333333333333333,1,0.37374620522453056,0.26538335509166716,0.5,2,0.000533333,60.2959,books-t2016-a=5 | books-t2016-b=5
q046,coming of age story about a teenager finding their identity,Torso,CrossStripe,Conceptual,Keyword,minmax-norm,0.6253794643450119,0.6,0.42857142857142855,1,0.48507510853304603,0.28509338475267065,0.6,2,0.000533333,60.301700000000004,books-t2016-a=6 | books-t2016-b=4
q046,coming of age story about a teenager finding their identity,Torso,CrossStripe,Conceptual,Keyword,zscore-norm,0.6253794643450119,0.6,0.42857142857142855,1,0.48507510853304603,0.28509338475267065,0.6,2,0.000533333,60.2993,books-t2016-a=6 | books-t2016-b=4
q046,coming of age story about a teenager finding their identity,Torso,CrossStripe,Conceptual,Keyword,idf-correct-probe,1,1,1,1,0.8591367550184259,0.5648732390871197,1,14,0.0007333369999999999,601.9259,books-t2016-a=10
q046,coming of age story about a teenager finding their identity,Torso,CrossStripe,Conceptual,Keyword,idf-correct-sidecar,1,1,1,1,0.8591367550184259,0.5648732390871197,1,2,0.000533333,60.3151,books-t2016-a=10
q047,a story about losing someone you love and learning to go on,Torso,CrossStripe,Conceptual,Keyword,single-index,1,1,1,1,1,0.1732200866986228,1,1,0.000883333,66.7586,books-oracle2=10
q047,a story about losing someone you love and learning to go on,Torso,CrossStripe,Conceptual,Keyword,naive-score,1,1,1,1,0.8591367550184259,0.1732200866986228,1,2,0.000533333,62.0914,books-t2016-a=10
q047,a story about losing someone you love and learning to go on,Torso,CrossStripe,Conceptual,Keyword,interleave,0.7090081386375826,0.5,0.3333333333333333,1,0.5062118724963371,0.06879071293473289,0.5,2,0.000533333,62.0796,books-t2016-a=5 | books-t2016-b=5
q047,a story about losing someone you love and learning to go on,Torso,CrossStripe,Conceptual,Keyword,quota-merge,0.8982658901806848,0.9,0.8181818181818182,1,0.7025747303706025,0.14544300316068365,0.9,2,0.000533333,62.075900000000004,books-t2016-a=9 | books-t2016-b=1
q047,a story about losing someone you love and learning to go on,Torso,CrossStripe,Conceptual,Keyword,global-rrf,0.702866485733532,0.5,0.3333333333333333,1,0.4930218943137949,0.06782716312574065,0.5,2,0.000533333,62.0857,books-t2016-a=5 | books-t2016-b=5
q047,a story about losing someone you love and learning to go on,Torso,CrossStripe,Conceptual,Keyword,minmax-norm,0.7239775890160579,0.5,0.3333333333333333,1,0.5404334540850846,0.07062246225049261,0.5,2,0.000533333,62.1057,books-t2016-a=5 | books-t2016-b=5
q047,a story about losing someone you love and learning to go on,Torso,CrossStripe,Conceptual,Keyword,zscore-norm,0.8101891177546291,0.6,0.42857142857142855,1,0.6416437081499966,0.08353423115565349,0.6,2,0.000533333,62.101800000000004,books-t2016-a=6 | books-t2016-b=4
q047,a story about losing someone you love and learning to go on,Torso,CrossStripe,Conceptual,Keyword,idf-correct-probe,1,1,1,1,0.8591367550184259,0.1732200866986228,1,8,0.000633335,315.0967,books-t2016-a=10
q047,a story about losing someone you love and learning to go on,Torso,CrossStripe,Conceptual,Keyword,idf-correct-sidecar,1,1,1,1,0.8591367550184259,0.1732200866986228,1,2,0.000533333,62.122800000000005,books-t2016-a=10
q048,World War II,Head,CrossStripe,Lexical,Keyword,single-index,1,1,1,1,1,0.7511000364550411,1,1,0.0004,91.4624,books-oracle2=10
q048,World War II,Head,CrossStripe,Lexical,Keyword,naive-score,1,1,1,1,0.8591367550184259,0.7511000364550411,1,2,0.00030000000000000003,56.2026,books-t2016-a=10
q048,World War II,Head,CrossStripe,Lexical,Keyword,interleave,0.6350432020032928,0.5,0.3333333333333333,0.8,0.4056938250756522,0.4291321890435874,0.5,2,0.00030000000000000003,56.1915,books-t2016-a=5 | books-t2016-b=5
q048,World War II,Head,CrossStripe,Lexical,Keyword,quota-merge,0.7309675950591932,0.9,0.8181818181818182,0.9444444444444444,0.6020566829499175,0.5990779213155718,0.9,2,0.00030000000000000003,56.189,books-t2016-a=9 | books-t2016-b=1
q048,World War II,Head,CrossStripe,Lexical,Keyword,global-rrf,0.5417098435160909,0.5,0.3333333333333333,0.8,0.4056938250756522,0.3943196222902193,0.5,2,0.00030000000000000003,56.1956,books-t2016-a=5 | books-t2016-b=5
q048,World War II,Head,CrossStripe,Lexical,Keyword,minmax-norm,0.8633878661756301,0.8,0.6666666666666666,1,0.678236351204398,0.6967738498683914,0.8,2,0.00030000000000000003,56.214,books-t2016-a=8 | books-t2016-b=2
q048,World War II,Head,CrossStripe,Lexical,Keyword,zscore-norm,0.7139450702984881,0.8,0.6666666666666666,1,0.5729105567361764,0.6144159123343925,0.8,2,0.00030000000000000003,56.209399999999995,books-t2016-a=8 | books-t2016-b=2
q048,World War II,Head,CrossStripe,Lexical,Keyword,idf-correct-probe,1,1,1,1,0.8591367550184259,0.7511000364550411,1,6,0.000366668,226.1608,books-t2016-a=10
q048,World War II,Head,CrossStripe,Lexical,Keyword,idf-correct-sidecar,1,1,1,1,0.8591367550184259,0.7511000364550411,1,2,0.00030000000000000003,56.2203,books-t2016-a=10
q049,survival against impossible odds in a hostile environment,Torso,CrossStripe,Conceptual,Keyword,single-index,1,1,1,1,1,0.17344344279259388,1,1,0.000383333,64.9296,books-oracle2=10
q049,survival against impossible odds in a hostile environment,Torso,CrossStripe,Conceptual,Keyword,naive-score,0.9999164833100198,1,1,0.9555555555555556,0.853127071209005,0.17344344279259388,1,2,0.0005,57.6498,books-t2016-a=10
q049,survival against impossible odds in a hostile environment,Torso,CrossStripe,Conceptual,Keyword,interleave,0.7090081386375826,0.5,0.3333333333333333,1,0.5062118724963371,0.11071295413436721,0.5,2,0.0005,57.6376,books-t2016-a=5 | books-t2016-b=5
q049,survival against impossible odds in a hostile environment,Torso,CrossStripe,Conceptual,Keyword,quota-merge,0.8981966626387046,0.9,0.8181818181818182,0.9444444444444444,0.7025747303706025,0.15446133177493224,0.9,2,0.0005,57.6359,books-t2016-a=9 | books-t2016-b=1
q049,survival against impossible odds in a hostile environment,Torso,CrossStripe,Conceptual,Keyword,global-rrf,0.702866485733532,0.5,0.3333333333333333,1,0.4930218943137949,0.10974940432537499,0.5,2,0.0005,57.641999999999996,books-t2016-a=5 | books-t2016-b=5
q049,survival against impossible odds in a hostile environment,Torso,CrossStripe,Conceptual,Keyword,minmax-norm,0.8205721351117311,0.8,0.6666666666666666,1,0.5912458270620873,0.1343812002452153,0.8,2,0.0005,57.6592,books-t2016-a=8 | books-t2016-b=2
q049,survival against impossible odds in a hostile environment,Torso,CrossStripe,Conceptual,Keyword,zscore-norm,0.8938894195277008,0.8,0.6666666666666666,1,0.7090781081509852,0.15682762939084818,0.8,2,0.0005,57.657,books-t2016-a=8 | books-t2016-b=2
q049,survival against impossible odds in a hostile environment,Torso,CrossStripe,Conceptual,Keyword,idf-correct-probe,0.9999164833100198,1,1,0.9555555555555556,0.853127071209005,0.17344344279259388,1,10,0.000633336,397.1211,books-t2016-a=10
q049,survival against impossible odds in a hostile environment,Torso,CrossStripe,Conceptual,Keyword,idf-correct-sidecar,0.9999164833100198,1,1,0.9555555555555556,0.853127071209005,0.17344344279259388,1,2,0.0005,57.6765,books-t2016-a=10
q050,revenge,Head,CrossStripe,Lexical,Keyword,single-index,1,1,1,1,1,0.6767777191071676,1,1,0.0003,61.8372,books-oracle2=10
q050,revenge,Head,CrossStripe,Lexical,Keyword,naive-score,1,1,1,1,0.8591367550184259,0.6767777191071676,1,2,0.000183334,53.6924,books-t2016-a=10
q050,revenge,Head,CrossStripe,Lexical,Keyword,interleave,0.8982658901806848,0.9,0.8181818181818182,1,0.7025747303706025,0.5942166207812524,0.9,2,0.000183334,53.6817,books-t2016-a=9 | books-t2016-b=1
q050,revenge,Head,CrossStripe,Lexical,Keyword,quota-merge,0.7503360169121053,0.9,0.8181818181818182,1,0.6020566829499175,0.5129872983567266,0.9,2,0.000183334,53.6828,books-t2016-a=9 | books-t2016-b=1
q050,revenge,Head,CrossStripe,Lexical,Keyword,global-rrf,0.7503360169121053,0.9,0.8181818181818182,1,0.6020566829499175,0.5129872983567266,0.9,2,0.000183334,53.6864,books-t2016-a=9 | books-t2016-b=1
q050,revenge,Head,CrossStripe,Lexical,Keyword,minmax-norm,0.7503360169121053,0.9,0.8181818181818182,1,0.6020566829499175,0.5129872983567266,0.9,2,0.000183334,53.7005,books-t2016-a=9 | books-t2016-b=1
q050,revenge,Head,CrossStripe,Lexical,Keyword,zscore-norm,0.9665082878897354,0.9,0.8181818181818182,1,0.8347983758522218,0.6495116670219026,0.9,2,0.000183334,53.696999999999996,books-t2016-a=9 | books-t2016-b=1
q050,revenge,Head,CrossStripe,Lexical,Keyword,idf-correct-probe,1,1,1,1,0.8591367550184259,0.6767777191071676,1,4,0.000216668,138.012,books-t2016-a=10
q050,revenge,Head,CrossStripe,Lexical,Keyword,idf-correct-sidecar,1,1,1,1,0.8591367550184259,0.6767777191071676,1,2,0.000183334,53.7057,books-t2016-a=10
q051,betrayal by someone you trusted completely,Torso,CrossStripe,Conceptual,Keyword,single-index,1,1,1,1,1,0.24093945340345765,1,1,0.000366667,63.6983,books-oracle2=10
q051,betrayal by someone you trusted completely,Torso,CrossStripe,Conceptual,Keyword,naive-score,1,1,1,1,0.8591367550184259,0.24093945340345765,1,2,0.000266667,56.7445,books-t2016-a=10
q051,betrayal by someone you trusted completely,Torso,CrossStripe,Conceptual,Keyword,interleave,0.7090081386375826,0.5,0.3333333333333333,1,0.5062118724963371,0.09440403628623428,0.5,2,0.000266667,56.7327,books-t2016-a=5 | books-t2016-b=5
q051,betrayal by someone you trusted completely,Torso,CrossStripe,Conceptual,Keyword,quota-merge,0.7503360169121053,0.9,0.8181818181818182,1,0.6020566829499175,0.1410386843425465,0.9,2,0.000266667,56.7307,books-t2016-a=9 | books-t2016-b=1
q051,betrayal by someone you trusted completely,Torso,CrossStripe,Conceptual,Keyword,global-rrf,0.5549366124649523,0.5,0.3333333333333333,1,0.39250384689310985,0.078046217835679,0.5,2,0.000266667,56.737,books-t2016-a=5 | books-t2016-b=5
q051,betrayal by someone you trusted completely,Torso,CrossStripe,Conceptual,Keyword,minmax-norm,0.7503360169121053,0.9,0.8181818181818182,1,0.6020566829499175,0.1410386843425465,0.9,2,0.000266667,56.7541,books-t2016-a=9 | books-t2016-b=1
q051,betrayal by someone you trusted completely,Torso,CrossStripe,Conceptual,Keyword,zscore-norm,0.8982658901806848,0.9,0.8181818181818182,1,0.7025747303706025,0.15413432646481173,0.9,2,0.000266667,56.7504,books-t2016-a=9 | books-t2016-b=1
q051,betrayal by someone you trusted completely,Torso,CrossStripe,Conceptual,Keyword,idf-correct-probe,1,1,1,1,0.8591367550184259,0.24093945340345765,1,8,0.000366669,310.1203,books-t2016-a=10
q051,betrayal by someone you trusted completely,Torso,CrossStripe,Conceptual,Keyword,idf-correct-sidecar,1,1,1,1,0.8591367550184259,0.24093945340345765,1,2,0.000266667,56.7656,books-t2016-a=10
q052,an orphan raised by strangers who discovers the truth about their parents,Tail,CrossStripe,Conceptual,Keyword,single-index,1,1,1,1,1,0.19174418815571395,1,1,0.000883333,68.3018,books-oracle2=10
q052,an orphan raised by strangers who discovers the truth about their parents,Tail,CrossStripe,Conceptual,Keyword,naive-score,1,1,1,1,0.8591367550184259,0.19174418815571395,1,2,0.000533333,63.3499,books-t2016-a=10
q052,an orphan raised by strangers who discovers the truth about their parents,Tail,CrossStripe,Conceptual,Keyword,interleave,0.7090081386375826,0.5,0.3333333333333333,1,0.5062118724963371,0.05983265233415529,0.5,2,0.000533333,63.3367,books-t2016-a=5 | books-t2016-b=5
q052,an orphan raised by strangers who discovers the truth about their parents,Tail,CrossStripe,Conceptual,Keyword,quota-merge,0.8982658901806848,0.9,0.8181818181818182,1,0.7025747303706025,0.09994019875544717,0.9,2,0.000533333,63.3303,books-t2016-a=9 | books-t2016-b=1
q052,an orphan raised by strangers who discovers the truth about their parents,Tail,CrossStripe,Conceptual,Keyword,global-rrf,0.6914770867050193,0.5,0.3333333333333333,1,0.4790719996927523,0.05710601454705158,0.5,2,0.000533333,63.3433,books-t2016-a=5 | books-t2016-b=5
q052,an orphan raised by strangers who discovers the truth about their parents,Tail,CrossStripe,Conceptual,Keyword,minmax-norm,0.7349863020276245,0.6,0.42857142857142855,1,0.5094200626683778,0.05767376899237437,0.6,2,0.000533333,63.3682,books-t2016-a=6 | books-t2016-b=4
q052,an orphan raised by strangers who discovers the truth about their parents,Tail,CrossStripe,Conceptual,Keyword,zscore-norm,0.782034566417973,0.7,0.5384615384615384,1,0.5560900170389254,0.059276250343145744,0.7,2,0.000533333,63.3621,books-t2016-a=7 | books-t2016-b=3
q052,an orphan raised by strangers who discovers the truth about their parents,Tail,CrossStripe,Conceptual,Keyword,idf-correct-probe,1,1,1,1,0.8591367550184259,0.19174418815571395,1,12,0.0007000029999999999,485.0503,books-t2016-a=10
q052,an orphan raised by strangers who discovers the truth about their parents,Tail,CrossStripe,Conceptual,Keyword,idf-correct-sidecar,1,1,1,1,0.8591367550184259,0.19174418815571395,1,2,0.000533333,63.378299999999996,books-t2016-a=10
q053,political corruption and the abuse of power,Torso,CrossStripe,Mixed,Keyword,single-index,1,1,1,1,1,0.5848276962738509,0.9,1,0.0004,64.4323,books-oracle2=10
q053,political corruption and the abuse of power,Torso,CrossStripe,Mixed,Keyword,naive-score,0.9997067702239034,1,1,0.9111111111111111,0.8432345875720982,0.5848276962738509,0.9,2,0.000483333,56.1357,books-t2016-a=10
q053,political corruption and the abuse of power,Torso,CrossStripe,Mixed,Keyword,interleave,0.7090081386375826,0.5,0.3333333333333333,1,0.5062118724963371,0.38320752193199026,0.5,2,0.000483333,56.1244,books-t2016-a=5 | books-t2016-b=5
q053,political corruption and the abuse of power,Torso,CrossStripe,Mixed,Keyword,quota-merge,0.8982658901806848,0.9,0.8181818181818182,1,0.7025747303706025,0.5416428225732077,0.9,2,0.000483333,56.1222,books-t2016-a=9 | books-t2016-b=1
q053,political corruption and the abuse of power,Torso,CrossStripe,Mixed,Keyword,global-rrf,0.6979266947490356,0.5,0.3333333333333333,1,0.4805828027463588,0.38018232415968584,0.5,2,0.000483333,56.1288,books-t2016-a=5 | books-t2016-b=5
q053,political corruption and the abuse of power,Torso,CrossStripe,Mixed,Keyword,minmax-norm,0.7579815373617963,0.7,0.5384615384615384,0.9047619047619048,0.5070567965571571,0.37634863663496887,0.7,2,0.000483333,56.149,books-t2016-a=7 | books-t2016-b=3
q053,political corruption and the abuse of power,Torso,CrossStripe,Mixed,Keyword,zscore-norm,0.829795817516444,0.7,0.5384615384615384,0.9047619047619048,0.620831666661919,0.43318908990988686,0.7,2,0.000483333,56.1432,books-t2016-a=7 | books-t2016-b=3
q053,political corruption and the abuse of power,Torso,CrossStripe,Mixed,Keyword,idf-correct-probe,0.9997067702239034,1,1,0.9111111111111111,0.8432345875720982,0.5848276962738509,0.9,10,0.000616669,398.35470000000004,books-t2016-a=10
q053,political corruption and the abuse of power,Torso,CrossStripe,Mixed,Keyword,idf-correct-sidecar,0.9997067702239034,1,1,0.9111111111111111,0.8432345875720982,0.5848276962738509,0.9,2,0.000483333,56.1813,books-t2016-a=10
q054,isolation and loneliness,Torso,CrossStripe,Conceptual,Keyword,single-index,1,1,1,1,1,0.9513467899190737,1,1,0.000333333,64.0573,books-oracle2=10
q054,isolation and loneliness,Torso,CrossStripe,Conceptual,Keyword,naive-score,0.9168910940141252,0.7,0.5384615384615384,0.06666666666666667,0.6392630002828181,0.9552009891550426,1,2,0.00035,56.723600000000005,books-t2016-a=10
q054,isolation and loneliness,Torso,CrossStripe,Conceptual,Keyword,interleave,0.8190182221290863,0.5,0.3333333333333333,0.3888888888888889,0.5507147528171188,0.8069727764867022,0.9,2,0.00035,56.7089,books-t2016-a=9 | books-t2016-b=1
q054,isolation and loneliness,Torso,CrossStripe,Conceptual,Keyword,quota-merge,0.8190182221290863,0.5,0.3333333333333333,0.3888888888888889,0.5507147528171188,0.8069727764867022,0.9,2,0.00035,56.7108,books-t2016-a=9 | books-t2016-b=1
q054,isolation and loneliness,Torso,CrossStripe,Conceptual,Keyword,global-rrf,0.8190182221290863,0.5,0.3333333333333333,0.3888888888888889,0.5507147528171188,0.8069727764867022,0.9,2,0.00035,56.7152,books-t2016-a=9 | books-t2016-b=1
q054,isolation and loneliness,Torso,CrossStripe,Conceptual,Keyword,minmax-norm,0.8179763280947765,0.6,0.42857142857142855,0.16666666666666666,0.552167671620499,0.8192153149268111,0.9,2,0.00035,56.732,books-t2016-a=9 | books-t2016-b=1
q054,isolation and loneliness,Torso,CrossStripe,Conceptual,Keyword,zscore-norm,0.8510868639479878,0.6,0.42857142857142855,0.16666666666666666,0.5974007929598073,0.8480318756513257,0.9,2,0.00035,56.7256,books-t2016-a=9 | books-t2016-b=1
q054,isolation and loneliness,Torso,CrossStripe,Conceptual,Keyword,idf-correct-probe,0.9168910940141252,0.7,0.5384615384615384,0.06666666666666667,0.6392630002828181,0.9552009891550426,1,6,0.00041666800000000003,225.3497,books-t2016-a=10
q054,isolation and loneliness,Torso,CrossStripe,Conceptual,Keyword,idf-correct-sidecar,0.9168910940141252,0.7,0.5384615384615384,0.06666666666666667,0.6392630002828181,0.9552009891550426,1,2,0.00035,56.7416,books-t2016-a=10
q055,mother and daughter relationship across generations,Torso,CrossStripe,Conceptual,Keyword,single-index,1,1,1,1,1,0.5979995459857458,1,1,0.0004,65.6797,books-oracle2=10
q055,mother and daughter relationship across generations,Torso,CrossStripe,Conceptual,Keyword,naive-score,1,1,1,1,0.8591367550184259,0.5979995459857458,1,2,0.00046666700000000004,75.0231,books-t2016-a=10
q055,mother and daughter relationship across generations,Torso,CrossStripe,Conceptual,Keyword,interleave,0.7090081386375826,0.5,0.3333333333333333,1,0.5062118724963371,0.38047897896266114,0.5,2,0.00046666700000000004,75.0074,books-t2016-a=5 | books-t2016-b=5
q055,mother and daughter relationship across generations,Torso,CrossStripe,Conceptual,Keyword,quota-merge,0.8982658901806848,0.9,0.8181818181818182,1,0.7025747303706025,0.5536941335958797,0.9,2,0.00046666700000000004,75.00030000000001,books-t2016-a=9 | books-t2016-b=1
q055,mother and daughter relationship across generations,Torso,CrossStripe,Conceptual,Keyword,global-rrf,0.701011197232909,0.5,0.3333333333333333,1,0.4882141472662583,0.3749548942802471,0.5,2,0.00046666700000000004,75.01,books-t2016-a=5 | books-t2016-b=5
q055,mother and daughter relationship across generations,Torso,CrossStripe,Conceptual,Keyword,minmax-norm,0.8982658901806848,0.9,0.8181818181818182,1,0.7025747303706025,0.5536941335958797,0.9,2,0.00046666700000000004,75.0526,books-t2016-a=9 | books-t2016-b=1
q055,mother and daughter relationship across generations,Torso,CrossStripe,Conceptual,Keyword,zscore-norm,0.8982658901806848,0.9,0.8181818181818182,1,0.7025747303706025,0.5536941335958797,0.9,2,0.00046666700000000004,75.0283,books-t2016-a=9 | books-t2016-b=1
q055,mother and daughter relationship across generations,Torso,CrossStripe,Conceptual,Keyword,idf-correct-probe,1,1,1,1,0.8591367550184259,0.5979995459857458,1,10,0.000600003,448.577,books-t2016-a=10
q055,mother and daughter relationship across generations,Torso,CrossStripe,Conceptual,Keyword,idf-correct-sidecar,1,1,1,1,0.8591367550184259,0.5979995459857458,1,2,0.00046666700000000004,75.0489,books-t2016-a=10
q056,murder,Head,CrossStripe,Lexical,Keyword,single-index,1,1,1,1,1,0.9513467899190737,1,1,0.000333333,63.7241,books-oracle2=10
q056,murder,Head,CrossStripe,Lexical,Keyword,naive-score,0.9961641702343244,0.9,0.8181818181818182,1,0.8472438294659042,0.9513467899190737,1,2,0.000383333,60.899300000000004,books-t2016-a=10
q056,murder,Head,CrossStripe,Lexical,Keyword,interleave,0.8397756453957087,0.8,0.6666666666666666,1,0.6183856998656723,0.7244269505572604,0.8,2,0.000383333,60.8888,books-t2016-a=8 | books-t2016-b=2
q056,murder,Head,CrossStripe,Lexical,Keyword,quota-merge,0.8982658901806848,0.9,0.8181818181818182,1,0.7025747303706025,0.816338545281488,0.9,2,0.000383333,60.8873,books-t2016-a=9 | books-t2016-b=1
q056,murder,Head,CrossStripe,Lexical,Keyword,global-rrf,0.8222445934631454,0.8,0.6666666666666666,1,0.5912458270620873,0.709169431777771,0.8,2,0.000383333,60.8975,books-t2016-a=8 | books-t2016-b=2
q056,murder,Head,CrossStripe,Lexical,Keyword,minmax-norm,0.8982658901806848,0.9,0.8181818181818182,1,0.7025747303706025,0.816338545281488,0.9,2,0.000383333,60.9121,books-t2016-a=9 | books-t2016-b=1
q056,murder,Head,CrossStripe,Lexical,Keyword,zscore-norm,0.9528344332977449,0.9,0.8181818181818182,1,0.7932671386559154,0.8700578715134215,0.9,2,0.000383333,60.905100000000004,books-t2016-a=9 | books-t2016-b=1
q056,murder,Head,CrossStripe,Lexical,Keyword,idf-correct-probe,0.9961641702343244,0.9,0.8181818181818182,1,0.8472438294659042,0.9513467899190737,1,2,0.000383333,60.9194,books-t2016-a=10
q056,murder,Head,CrossStripe,Lexical,Keyword,idf-correct-sidecar,0.9961641702343244,0.9,0.8181818181818182,1,0.8472438294659042,0.9513467899190737,1,2,0.000383333,60.8995,books-t2016-a=10
q057,a journey across a ruined landscape,Torso,CrossStripe,Conceptual,Keyword,single-index,1,1,1,1,1,0.39731017693664533,0.9,1,0.000383333,95.1486,books-oracle2=10
q057,a journey across a ruined landscape,Torso,CrossStripe,Conceptual,Keyword,naive-score,1,1,1,1,0.8591367550184259,0.39731017693664533,0.9,2,0.00045000000000000004,57.218399999999995,books-t2016-a=10
q057,a journey across a ruined landscape,Torso,CrossStripe,Conceptual,Keyword,interleave,0.7090081386375826,0.5,0.3333333333333333,1,0.5062118724963371,0.2574407983330873,0.4,2,0.00045000000000000004,57.2063,books-t2016-a=5 | books-t2016-b=5
q057,a journey across a ruined landscape,Torso,CrossStripe,Conceptual,Keyword,quota-merge,0.7503360169121053,0.9,0.8181818181818182,1,0.6020566829499175,0.27634537811528964,0.8,2,0.00045000000000000004,57.2057,books-t2016-a=9 | books-t2016-b=1
q057,a journey across a ruined landscape,Torso,CrossStripe,Conceptual,Keyword,global-rrf,0.5579937628851295,0.5,0.3333333333333333,1,0.39806248055575266,0.1762114759085617,0.4,2,0.00045000000000000004,57.210699999999996,books-t2016-a=5 | books-t2016-b=5
q057,a journey across a ruined landscape,Torso,CrossStripe,Conceptual,Keyword,minmax-norm,0.6640779564452012,0.7,0.5384615384615384,1,0.5118486874212027,0.21782616657107906,0.6,2,0.00045000000000000004,57.227999999999994,books-t2016-a=7 | books-t2016-b=3
q057,a journey across a ruined landscape,Torso,CrossStripe,Conceptual,Keyword,zscore-norm,0.9069499242753543,0.8,0.6666666666666666,1,0.7397919144903337,0.33502247349102227,0.7,2,0.00045000000000000004,57.2239,books-t2016-a=8 | books-t2016-b=2
q057,a journey across a ruined landscape,Torso,CrossStripe,Conceptual,Keyword,idf-correct-probe,1,1,1,1,0.8591367550184259,0.39731017693664533,0.9,8,0.0005500020000000001,316.6705,books-t2016-a=10
q057,a journey across a ruined landscape,Torso,CrossStripe,Conceptual,Keyword,idf-correct-sidecar,1,1,1,1,0.8591367550184259,0.39731017693664533,0.9,2,0.00045000000000000004,57.238099999999996,books-t2016-a=10
q058,religion faith and doubt,Torso,CrossStripe,Mixed,Keyword,single-index,1,1,1,1,1,0.8100512793592932,0.9,1,0.00035,64.9685,books-oracle2=10
q058,religion faith and doubt,Torso,CrossStripe,Mixed,Keyword,naive-score,1,1,1,1,0.8591367550184259,0.8100512793592932,0.9,2,0.00023333299999999998,72.1804,books-t2016-a=10
q058,religion faith and doubt,Torso,CrossStripe,Mixed,Keyword,interleave,0.7928464332388696,0.7,0.5384615384615384,1,0.565706061685704,0.5335117546468291,0.6,2,0.00023333299999999998,72.16760000000001,books-t2016-a=7 | books-t2016-b=3
q058,religion faith and doubt,Torso,CrossStripe,Mixed,Keyword,quota-merge,0.8982658901806848,0.9,0.8181818181818182,1,0.7025747303706025,0.6888995235441541,0.8,2,0.00023333299999999998,72.1673,books-t2016-a=9 | books-t2016-b=1
q058,religion faith and doubt,Torso,CrossStripe,Mixed,Keyword,global-rrf,0.7928464332388696,0.7,0.5384615384615384,1,0.565706061685704,0.5335117546468291,0.6,2,0.00023333299999999998,72.1714,books-t2016-a=7 | books-t2016-b=3
q058,religion faith and doubt,Torso,CrossStripe,Mixed,Keyword,minmax-norm,0.8618749435670676,0.8,0.6666666666666666,1,0.6734286041568613,0.622645300089765,0.7,2,0.00023333299999999998,72.1896,books-t2016-a=8 | books-t2016-b=2
q058,religion faith and doubt,Torso,CrossStripe,Mixed,Keyword,zscore-norm,0.9575862646317291,0.9,0.8181818181818182,1,0.8064571168384576,0.7339002676163794,0.8,2,0.00023333299999999998,72.1851,books-t2016-a=9 | books-t2016-b=1
q058,religion faith and doubt,Torso,CrossStripe,Mixed,Keyword,idf-correct-probe,1,1,1,1,0.8591367550184259,0.8100512793592932,0.9,8,0.000333335,325.5594,books-t2016-a=10
q058,religion faith and doubt,Torso,CrossStripe,Mixed,Keyword,idf-correct-sidecar,1,1,1,1,0.8591367550184259,0.8100512793592932,0.9,2,0.00023333299999999998,72.1979,books-t2016-a=10
q059,London,Head,CrossStripe,Lexical,Keyword,single-index,1,1,1,1,1,0.6751304836151464,1,1,0.000316667,63.0954,books-oracle2=10
q059,London,Head,CrossStripe,Lexical,Keyword,naive-score,0.9896721825686846,0.9,0.8181818181818182,0.9111111111111111,0.8269012208961576,0.6725684701746042,1,2,0.000216667,53.1999,books-t2016-a=10
q059,London,Head,CrossStripe,Lexical,Keyword,interleave,0.8273882432142732,0.8,0.6666666666666666,0.7857142857142857,0.6075682690087147,0.710261629436944,0.9,2,0.000216667,53.1877,books-t2016-a=8 | books-t2016-b=2
q059,London,Head,CrossStripe,Lexical,Keyword,quota-merge,0.8889534542828178,0.9,0.8181818181818182,0.6666666666666666,0.6781162711843246,0.7307941359806289,1,2,0.000216667,53.1881,books-t2016-a=9 | books-t2016-b=1
q059,London,Head,CrossStripe,Lexical,Keyword,global-rrf,0.8098571912817097,0.8,0.6666666666666666,0.7857142857142857,0.5804283962051299,0.6950041106574547,0.9,2,0.000216667,53.1921,books-t2016-a=8 | books-t2016-b=2
q059,London,Head,CrossStripe,Lexical,Keyword,minmax-norm,0.8896370966987752,0.9,0.8181818181818182,0.8888888888888888,0.6901356388031662,0.7262726076229977,1,2,0.000216667,53.207100000000004,books-t2016-a=9 | books-t2016-b=1
q059,London,Head,CrossStripe,Lexical,Keyword,zscore-norm,0.9489574711498193,0.9,0.8181818181818182,0.8888888888888888,0.7940180252710215,0.7204913087690441,1,2,0.000216667,53.2037,books-t2016-a=9 | books-t2016-b=1
q059,London,Head,CrossStripe,Lexical,Keyword,idf-correct-probe,0.9896721825686846,0.9,0.8181818181818182,0.9111111111111111,0.8269012208961576,0.6725684701746042,1,4,0.000250001,164.1064,books-t2016-a=10
q059,London,Head,CrossStripe,Lexical,Keyword,idf-correct-sidecar,0.9896721825686846,0.9,0.8181818181818182,0.9111111111111111,0.8269012208961576,0.6725684701746042,1,2,0.000216667,53.2143,books-t2016-a=10
q060,Paris,Head,CrossStripe,Lexical,Keyword,single-index,1,1,1,1,1,0.9371166382005486,1,1,0.000266667,61.8012,books-oracle2=10
q060,Paris,Head,CrossStripe,Lexical,Keyword,naive-score,1,1,1,1,0.8591367550184259,0.9371166382005486,1,2,0.000283334,54.8539,books-t2016-a=10
q060,Paris,Head,CrossStripe,Lexical,Keyword,interleave,0.8982658901806848,0.9,0.8181818181818182,1,0.7025747303706025,0.8268102684686385,1,2,0.000283334,54.8425,books-t2016-a=9 | books-t2016-b=1
q060,Paris,Head,CrossStripe,Lexical,Keyword,quota-merge,0.8982658901806848,0.9,0.8181818181818182,1,0.7025747303706025,0.8268102684686385,1,2,0.000283334,54.842800000000004,books-t2016-a=9 | books-t2016-b=1
q060,Paris,Head,CrossStripe,Lexical,Keyword,global-rrf,0.8982658901806848,0.9,0.8181818181818182,1,0.7025747303706025,0.8268102684686385,1,2,0.000283334,54.8469,books-t2016-a=9 | books-t2016-b=1
q060,Paris,Head,CrossStripe,Lexical,Keyword,minmax-norm,0.8982658901806848,0.9,0.8181818181818182,1,0.7025747303706025,0.8268102684686385,1,2,0.000283334,54.8618,books-t2016-a=9 | books-t2016-b=1
q060,Paris,Head,CrossStripe,Lexical,Keyword,zscore-norm,1,1,1,1,0.8591367550184259,0.9371166382005486,1,2,0.000283334,54.8593,books-t2016-a=10
q060,Paris,Head,CrossStripe,Lexical,Keyword,idf-correct-probe,1,1,1,1,0.8591367550184259,0.9371166382005486,1,4,0.000316668,144.97,books-t2016-a=10
q060,Paris,Head,CrossStripe,Lexical,Keyword,idf-correct-sidecar,1,1,1,1,0.8591367550184259,0.9371166382005486,1,2,0.000283334,54.8669,books-t2016-a=10
q061,the sea and the people who make their living on it,Torso,CrossStripe,Conceptual,Keyword,single-index,1,1,1,1,1,0.18755069487588283,1,1,0.000866667,64.5074,books-oracle2=10
q061,the sea and the people who make their living on it,Torso,CrossStripe,Conceptual,Keyword,naive-score,1,1,1,1,0.8591367550184259,0.18755069487588283,1,2,0.000316666,57.887499999999996,books-t2016-a=10
q061,the sea and the people who make their living on it,Torso,CrossStripe,Conceptual,Keyword,interleave,0.7090081386375826,0.5,0.3333333333333333,1,0.5062118724963371,0.14332663042438049,0.5,2,0.000316666,57.8754,books-t2016-a=5 | books-t2016-b=5
q061,the sea and the people who make their living on it,Torso,CrossStripe,Conceptual,Keyword,quota-merge,0.7503360169121053,0.9,0.8181818181818182,1,0.6020566829499175,0.13057369777349026,0.9,2,0.000316666,57.873099999999994,books-t2016-a=9 | books-t2016-b=1
q061,the sea and the people who make their living on it,Torso,CrossStripe,Conceptual,Keyword,global-rrf,0.5579937628851295,0.5,0.3333333333333333,1,0.39806248055575266,0.10511651249871709,0.5,2,0.000316666,57.881699999999995,books-t2016-a=5 | books-t2016-b=5
q061,the sea and the people who make their living on it,Torso,CrossStripe,Conceptual,Keyword,minmax-norm,0.6552952897706601,0.7,0.5384615384615384,1,0.49352927327878277,0.11721407743083398,0.7,2,0.000316666,57.9011,books-t2016-a=7 | books-t2016-b=3
q061,the sea and the people who make their living on it,Torso,CrossStripe,Conceptual,Keyword,zscore-norm,0.8485583120702496,0.8,0.6666666666666666,1,0.636705114008092,0.16612295860979637,0.8,2,0.000316666,57.898599999999995,books-t2016-a=8 | books-t2016-b=2
q061,the sea and the people who make their living on it,Torso,CrossStripe,Conceptual,Keyword,idf-correct-probe,1,1,1,1,0.8591367550184259,0.18755069487588283,1,6,0.00038333400000000004,228.7596,books-t2016-a=10
q061,the sea and the people who make their living on it,Torso,CrossStripe,Conceptual,Keyword,idf-correct-sidecar,1,1,1,1,0.8591367550184259,0.18755069487588283,1,2,0.000316666,57.9103,books-t2016-a=10
q062,a small town where everyone is hiding something,Torso,CrossStripe,Conceptual,Keyword,single-index,1,1,1,1,1,0.29053138869206563,0.9,1,0.000416667,66.2312,books-oracle2=10
q062,a small town where everyone is hiding something,Torso,CrossStripe,Conceptual,Keyword,naive-score,0.999623570476307,1,1,0.9555555555555556,0.8459467768358835,0.29053138869206563,0.9,2,0.000583334,59.0164,books-t2016-a=10
q062,a small town where everyone is hiding something,Torso,CrossStripe,Conceptual,Keyword,interleave,0.7090081386375826,0.5,0.3333333333333333,1,0.5062118724963371,0.18744236067437325,0.5,2,0.000583334,59.002,books-t2016-a=5 | books-t2016-b=5
q062,a small town where everyone is hiding something,Torso,CrossStripe,Conceptual,Keyword,quota-merge,0.8982658901806848,0.9,0.8181818181818182,1,0.7025747303706025,0.2511935590038492,0.9,2,0.000583334,58.9978,books-t2016-a=9 | books-t2016-b=1
q062,a small town where everyone is hiding something,Torso,CrossStripe,Conceptual,Keyword,global-rrf,0.701011197232909,0.5,0.3333333333333333,1,0.4882141472662583,0.18417550621090548,0.5,2,0.000583334,59.0068,books-t2016-a=5 | books-t2016-b=5
q062,a small town where everyone is hiding something,Torso,CrossStripe,Conceptual,Keyword,minmax-norm,0.7365173106350019,0.6,0.42857142857142855,0.8666666666666667,0.5142278097159144,0.18210358788585213,0.6,2,0.000583334,59.0287,books-t2016-a=6 | books-t2016-b=4
q062,a small town where everyone is hiding something,Torso,CrossStripe,Conceptual,Keyword,zscore-norm,0.7838760103232068,0.7,0.5384615384615384,0.9047619047619048,0.5620997008483462,0.19220794314926964,0.7,2,0.000583334,59.024,books-t2016-a=7 | books-t2016-b=3
q062,a small town where everyone is hiding something,Torso,CrossStripe,Conceptual,Keyword,idf-correct-probe,0.999623570476307,1,1,0.9555555555555556,0.8459467768358835,0.29053138869206563,0.9,10,0.00071667,396.0023,books-t2016-a=10
q062,a small town where everyone is hiding something,Torso,CrossStripe,Conceptual,Keyword,idf-correct-sidecar,0.999623570476307,1,1,0.9555555555555556,0.8459467768358835,0.29053138869206563,0.9,2,0.000583334,59.0389,books-t2016-a=10
q063,identity and what makes someone who they are,Torso,CrossStripe,Conceptual,Keyword,single-index,1,1,1,1,1,0.6669739779109883,1,1,0.000416667,92.3862,books-oracle2=10
q063,identity and what makes someone who they are,Torso,CrossStripe,Conceptual,Keyword,naive-score,1,1,1,1,0.8591367550184259,0.6669739779109883,1,2,0.0005,58.4174,books-t2016-a=10
q063,identity and what makes someone who they are,Torso,CrossStripe,Conceptual,Keyword,interleave,0.7090081386375826,0.5,0.3333333333333333,1,0.5062118724963371,0.3622464013321731,0.5,2,0.0005,58.406099999999995,books-t2016-a=5 | books-t2016-b=5
q063,identity and what makes someone who they are,Torso,CrossStripe,Conceptual,Keyword,quota-merge,0.8982658901806848,0.9,0.8181818181818182,1,0.7025747303706025,0.5599302578187199,0.9,2,0.0005,58.4028,books-t2016-a=9 | books-t2016-b=1
q063,identity and what makes someone who they are,Torso,CrossStripe,Conceptual,Keyword,global-rrf,0.7090081386375826,0.5,0.3333333333333333,1,0.5062118724963371,0.3622464013321731,0.5,2,0.0005,58.410799999999995,books-t2016-a=5 | books-t2016-b=5
q063,identity and what makes someone who they are,Torso,CrossStripe,Conceptual,Keyword,minmax-norm,0.7928464332388696,0.7,0.5384615384615384,1,0.565706061685704,0.45471571365191843,0.7,2,0.0005,58.430299999999995,books-t2016-a=7 | books-t2016-b=3
q063,identity and what makes someone who they are,Torso,CrossStripe,Conceptual,Keyword,zscore-norm,0.8259569690920808,0.7,0.5384615384615384,1,0.6109391830250124,0.4835322743764329,0.7,2,0.0005,58.4265,books-t2016-a=7 | books-t2016-b=3
q063,identity and what makes someone who they are,Torso,CrossStripe,Conceptual,Keyword,idf-correct-probe,1,1,1,1,0.8591367550184259,0.6669739779109883,1,4,0.000533334,143.3745,books-t2016-a=10
q063,identity and what makes someone who they are,Torso,CrossStripe,Conceptual,Keyword,idf-correct-sidecar,1,1,1,1,0.8591367550184259,0.6669739779109883,1,2,0.0005,58.4403,books-t2016-a=10
q064,father and son,Head,CrossStripe,Lexical,Keyword,single-index,1,1,1,1,1,0.7331938073029861,1,1,0.00035,62.8632,books-oracle2=10
q064,father and son,Head,CrossStripe,Lexical,Keyword,naive-score,1,1,1,1,0.8591367550184259,0.7331938073029861,1,2,0.0004,54.1804,books-t2016-a=10
q064,father and son,Head,CrossStripe,Lexical,Keyword,interleave,0.7928464332388696,0.7,0.5384615384615384,1,0.565706061685704,0.5920837107187236,0.7,2,0.0004,54.168299999999995,books-t2016-a=7 | books-t2016-b=3
q064,father and son,Head,CrossStripe,Lexical,Keyword,quota-merge,0.8982658901806848,0.9,0.8181818181818182,1,0.7025747303706025,0.6611199853919737,0.9,2,0.0004,54.1672,books-t2016-a=9 | books-t2016-b=1
q064,father and son,Head,CrossStripe,Lexical,Keyword,global-rrf,0.7928464332388696,0.7,0.5384615384615384,1,0.565706061685704,0.5920837107187236,0.7,2,0.0004,54.1725,books-t2016-a=7 | books-t2016-b=3
q064,father and son,Head,CrossStripe,Lexical,Keyword,minmax-norm,0.8816688479234611,0.8,0.6666666666666666,1,0.6819382353474002,0.6495359769797064,0.8,2,0.0004,54.1902,books-t2016-a=8 | books-t2016-b=2
q064,father and son,Head,CrossStripe,Lexical,Keyword,zscore-norm,0.9119637482114604,0.8,0.6666666666666666,1,0.750479984112854,0.681902783561402,0.8,2,0.0004,54.1859,books-t2016-a=8 | books-t2016-b=2
q064,father and son,Head,CrossStripe,Lexical,Keyword,idf-correct-probe,1,1,1,1,0.8591367550184259,0.7331938073029861,1,6,0.00046666800000000005,222.5586,books-t2016-a=10
q064,father and son,Head,CrossStripe,Lexical,Keyword,idf-correct-sidecar,1,1,1,1,0.8591367550184259,0.7331938073029861,1,2,0.0004,54.1951,books-t2016-a=10
q065,escape from captivity,Torso,CrossStripe,Conceptual,Keyword,single-index,1,1,1,1,1,0.8356362937419459,0.9,1,0.000316667,62.6537,books-oracle2=10
q065,escape from captivity,Torso,CrossStripe,Conceptual,Keyword,naive-score,0.9900732513351868,0.8,0.6666666666666666,0.7777777777777778,0.8188957734788256,0.8992570819408976,1,2,0.00036666700000000005,54.4332,books-t2016-a=10
q065,escape from captivity,Torso,CrossStripe,Conceptual,Keyword,interleave,0.789103694631742,0.7,0.5384615384615384,1,0.565706061685704,0.6029429765836064,0.7,2,0.00036666700000000005,54.4198,books-t2016-a=7 | books-t2016-b=3
q065,escape from captivity,Torso,CrossStripe,Conceptual,Keyword,quota-merge,0.7382771756798203,0.7,0.5384615384615384,1,0.580264476787174,0.6860684700983037,0.9,2,0.00036666700000000005,54.419,books-t2016-a=9 | books-t2016-b=1
q065,escape from captivity,Torso,CrossStripe,Conceptual,Keyword,global-rrf,0.6411738213631623,0.7,0.5384615384615384,1,0.465188014265019,0.5217136541590807,0.7,2,0.00036666700000000005,54.4239,books-t2016-a=7 | books-t2016-b=3
q065,escape from captivity,Torso,CrossStripe,Conceptual,Keyword,minmax-norm,0.6976626173427006,0.6,0.42857142857142855,1,0.5434870060535336,0.6523795319628164,0.8,2,0.00036666700000000005,54.4399,books-t2016-a=8 | books-t2016-b=2
q065,escape from captivity,Torso,CrossStripe,Conceptual,Keyword,zscore-norm,0.945251960043922,0.7,0.5384615384615384,0.8888888888888888,0.7798571636281776,0.8223636331081865,0.9,2,0.00036666700000000005,54.4364,books-t2016-a=9 | books-t2016-b=1
q065,escape from captivity,Torso,CrossStripe,Conceptual,Keyword,idf-correct-probe,0.9900732513351868,0.8,0.6666666666666666,0.7777777777777778,0.8188957734788256,0.8992570819408976,1,6,0.0004333350000000001,223.1135,books-t2016-a=10
q065,escape from captivity,Torso,CrossStripe,Conceptual,Keyword,idf-correct-sidecar,0.9900732513351868,0.8,0.6666666666666666,0.7777777777777778,0.8188957734788256,0.8992570819408976,1,2,0.00036666700000000005,54.4469,books-t2016-a=10
q066,a secret that destroys a community when it comes out,Torso,CrossStripe,Conceptual,Keyword,single-index,1,1,1,1,1,0.2333842658702877,1,1,0.000416667,64.9291,books-oracle2=10
q066,a secret that destroys a community when it comes out,Torso,CrossStripe,Conceptual,Keyword,naive-score,1,1,1,1,0.8591367550184259,0.2333842658702877,1,2,0.00048333400000000003,58.8999,books-t2016-a=10
q066,a secret that destroys a community when it comes out,Torso,CrossStripe,Conceptual,Keyword,interleave,0.7090081386375826,0.5,0.3333333333333333,1,0.5062118724963371,0.076623391538137,0.5,2,0.00048333400000000003,58.895,books-t2016-a=5 | books-t2016-b=5
q066,a secret that destroys a community when it comes out,Torso,CrossStripe,Conceptual,Keyword,quota-merge,0.8982658901806848,0.9,0.8181818181818182,1,0.7025747303706025,0.20480329861538116,0.9,2,0.00048333400000000003,58.89,books-t2016-a=9 | books-t2016-b=1
q066,a secret that destroys a community when it comes out,Torso,CrossStripe,Conceptual,Keyword,global-rrf,0.701011197232909,0.5,0.3333333333333333,1,0.4882141472662583,0.076623391538137,0.5,2,0.00048333400000000003,58.894400000000005,books-t2016-a=5 | books-t2016-b=5
q066,a secret that destroys a community when it comes out,Torso,CrossStripe,Conceptual,Keyword,minmax-norm,0.726606413443125,0.6,0.42857142857142855,1,0.49022040067641465,0.0730821933824612,0.6,2,0.00048333400000000003,58.9133,books-t2016-a=6 | books-t2016-b=4
q066,a secret that destroys a community when it comes out,Torso,CrossStripe,Conceptual,Keyword,zscore-norm,0.8414588208782886,0.7,0.5384615384615384,1,0.6467824253242384,0.1866741737647445,0.7,2,0.00048333400000000003,58.9087,books-t2016-a=7 | books-t2016-b=3
q066,a secret that destroys a community when it comes out,Torso,CrossStripe,Conceptual,Keyword,idf-correct-probe,1,1,1,1,0.8591367550184259,0.2333842658702877,1,12,0.000650004,479.9591,books-t2016-a=10
q066,a secret that destroys a community when it comes out,Torso,CrossStripe,Conceptual,Keyword,idf-correct-sidecar,1,1,1,1,0.8591367550184259,0.2333842658702877,1,2,0.00048333400000000003,58.9271,books-t2016-a=10
q067,the American South,Torso,CrossStripe,Lexical,Keyword,single-index,1,1,1,1,1,0.2678250254741538,1,1,0.00035,62.4316,books-oracle2=10
q067,the American South,Torso,CrossStripe,Lexical,Keyword,naive-score,1,1,1,1,0.8591367550184259,0.2678250254741538,1,2,0.000366667,53.8637,books-t2016-a=10
q067,the American South,Torso,CrossStripe,Lexical,Keyword,interleave,0.8982658901806848,0.9,0.8181818181818182,1,0.7025747303706025,0.2474086935462378,0.9,2,0.000366667,53.8528,books-t2016-a=9 | books-t2016-b=1
q067,the American South,Torso,CrossStripe,Lexical,Keyword,quota-merge,0.8982658901806848,0.9,0.8181818181818182,1,0.7025747303706025,0.2474086935462378,0.9,2,0.000366667,53.853,books-t2016-a=9 | books-t2016-b=1
q067,the American South,Torso,CrossStripe,Lexical,Keyword,global-rrf,0.8982658901806848,0.9,0.8181818181818182,1,0.7025747303706025,0.2474086935462378,0.9,2,0.000366667,53.8564,books-t2016-a=9 | books-t2016-b=1
q067,the American South,Torso,CrossStripe,Lexical,Keyword,minmax-norm,0.8982658901806848,0.9,0.8181818181818182,1,0.7025747303706025,0.2474086935462378,0.9,2,0.000366667,53.879900000000006,books-t2016-a=9 | books-t2016-b=1
q067,the American South,Torso,CrossStripe,Lexical,Keyword,zscore-norm,1,1,1,1,0.8591367550184259,0.2678250254741538,1,2,0.000366667,53.8753,books-t2016-a=10
q067,the American South,Torso,CrossStripe,Lexical,Keyword,idf-correct-probe,1,1,1,1,0.8591367550184259,0.2678250254741538,1,6,0.00043333499999999997,223.5915,books-t2016-a=10
q067,the American South,Torso,CrossStripe,Lexical,Keyword,idf-correct-sidecar,1,1,1,1,0.8591367550184259,0.2678250254741538,1,2,0.000366667,53.8781,books-t2016-a=10
q068,grief after the death of a child,Torso,CrossStripe,Conceptual,Keyword,single-index,1,1,1,1,1,0.13377794863052406,1,1,0.000416667,64.7186,books-oracle2=10
q068,grief after the death of a child,Torso,CrossStripe,Conceptual,Keyword,naive-score,1,1,1,1,0.8591367550184259,0.13377794863052406,1,2,0.0005,56.3403,books-t2016-a=10
q068,grief after the death of a child,Torso,CrossStripe,Conceptual,Keyword,interleave,0.7090081386375826,0.5,0.3333333333333333,1,0.5062118724963371,0.08562594192327806,0.5,2,0.0005,56.3292,books-t2016-a=5 | books-t2016-b=5
q068,grief after the death of a child,Torso,CrossStripe,Conceptual,Keyword,quota-merge,0.8982658901806848,0.9,0.8181818181818182,1,0.7025747303706025,0.12265771752018287,0.9,2,0.0005,56.3264,books-t2016-a=9 | books-t2016-b=1
q068,grief after the death of a child,Torso,CrossStripe,Conceptual,Keyword,global-rrf,0.7090081386375826,0.5,0.3333333333333333,1,0.5062118724963371,0.08562594192327806,0.5,2,0.0005,56.3346,books-t2016-a=5 | books-t2016-b=5
q068,grief after the death of a child,Torso,CrossStripe,Conceptual,Keyword,minmax-norm,0.719884064834986,0.5,0.3333333333333333,1,0.5296160232281271,0.0874847735625735,0.5,2,0.0005,56.3546,books-t2016-a=5 | books-t2016-b=5
q068,grief after the death of a child,Torso,CrossStripe,Conceptual,Keyword,zscore-norm,0.7601400210560165,0.5,0.3333333333333333,1,0.5928468697975142,0.09337858498416564,0.5,2,0.0005,56.3729,books-t2016-a=5 | books-t2016-b=5
q068,grief after the death of a child,Torso,CrossStripe,Conceptual,Keyword,idf-correct-probe,1,1,1,1,0.8591367550184259,0.13377794863052406,1,6,0.000566668,225.4614,books-t2016-a=10
q068,grief after the death of a child,Torso,CrossStripe,Conceptual,Keyword,idf-correct-sidecar,1,1,1,1,0.8591367550184259,0.13377794863052406,1,2,0.0005,56.362,books-t2016-a=10
q069,an outsider who does not fit in anywhere,Torso,CrossStripe,Conceptual,Keyword,single-index,1,1,1,1,1,0.4034903470451456,1,1,0.00085,66.2634,books-oracle2=10
q069,an outsider who does not fit in anywhere,Torso,CrossStripe,Conceptual,Keyword,naive-score,1,1,1,1,0.8591367550184259,0.4034903470451456,1,2,0.0005166670000000001,59.6045,books-t2016-a=10
q069,an outsider who does not fit in anywhere,Torso,CrossStripe,Conceptual,Keyword,interleave,0.7090081386375826,0.5,0.3333333333333333,1,0.5062118724963371,0.1921419870856735,0.5,2,0.0005166670000000001,59.5879,books-t2016-a=5 | books-t2016-b=5
q069,an outsider who does not fit in anywhere,Torso,CrossStripe,Conceptual,Keyword,quota-merge,0.8982658901806848,0.9,0.8181818181818182,1,0.7025747303706025,0.36840839676774473,0.9,2,0.0005166670000000001,59.5821,books-t2016-a=9 | books-t2016-b=1
q069,an outsider who does not fit in anywhere,Torso,CrossStripe,Conceptual,Keyword,global-rrf,0.7071528501369595,0.5,0.3333333333333333,1,0.5014041254488005,0.19101337197620036,0.5,2,0.0005166670000000001,59.5928,books-t2016-a=5 | books-t2016-b=5
q069,an outsider who does not fit in anywhere,Torso,CrossStripe,Conceptual,Keyword,minmax-norm,0.8016265459718631,0.7,0.5384615384615384,1,0.5892395736519311,0.2758664839898523,0.7,2,0.0005166670000000001,59.6134,books-t2016-a=7 | books-t2016-b=3
q069,an outsider who does not fit in anywhere,Torso,CrossStripe,Conceptual,Keyword,zscore-norm,0.7967949812623552,0.7,0.5384615384615384,1,0.5755985453226109,0.2710040425806429,0.7,2,0.0005166670000000001,59.6083,books-t2016-a=7 | books-t2016-b=3
q069,an outsider who does not fit in anywhere,Torso,CrossStripe,Conceptual,Keyword,idf-correct-probe,1,1,1,1,0.8591367550184259,0.4034903470451456,1,12,0.000683337,480.3148,books-t2016-a=10
q069,an outsider who does not fit in anywhere,Torso,CrossStripe,Conceptual,Keyword,idf-correct-sidecar,1,1,1,1,0.8591367550184259,0.4034903470451456,1,2,0.0005166670000000001,59.6254,books-t2016-a=10
q070,school,Head,CrossStripe,Lexical,Keyword,single-index,1,1,1,1,1,1,1,1,0.00035,62.1378,books-oracle2=10
q070,school,Head,CrossStripe,Lexical,Keyword,naive-score,0.9931289429998503,1,1,0.9555555555555556,0.8139036336791178,1,1,2,0.00045,53.3328,books-t2016-a=10
q070,school,Head,CrossStripe,Lexical,Keyword,interleave,0.7443412715360339,0.6,0.42857142857142855,0.8666666666666667,0.5305502516625419,0.618519700841442,0.6,2,0.00045,53.3212,books-t2016-a=6 | books-t2016-b=4
q070,school,Head,CrossStripe,Lexical,Keyword,quota-merge,0.746697994935196,0.9,0.8181818181818182,0.9444444444444444,0.6020566829499175,0.7799082337019198,0.9,2,0.00045,53.3206,books-t2016-a=9 | books-t2016-b=1
q070,school,Head,CrossStripe,Lexical,Keyword,global-rrf,0.5964113982674543,0.6,0.42857142857142855,0.8666666666666667,0.43003220424185684,0.5372903784169165,0.6,2,0.00045,53.326499999999996,books-t2016-a=6 | books-t2016-b=4
q070,school,Head,CrossStripe,Lexical,Keyword,minmax-norm,0.6720148954277699,0.8,0.6666666666666666,0.9285714285714286,0.49072777964140235,0.6698623505528797,0.8,2,0.00045,53.341499999999996,books-t2016-a=8 | books-t2016-b=2
q070,school,Head,CrossStripe,Lexical,Keyword,zscore-norm,0.8886908208789654,0.8,0.6666666666666666,0.9285714285714286,0.6638449868116769,0.8200685179888282,0.8,2,0.00045,53.3379,books-t2016-a=8 | books-t2016-b=2
q070,school,Head,CrossStripe,Lexical,Keyword,idf-correct-probe,0.9931289429998503,1,1,0.9555555555555556,0.8139036336791178,1,1,2,0.00045,53.346599999999995,books-t2016-a=10
q070,school,Head,CrossStripe,Lexical,Keyword,idf-correct-sidecar,0.9931289429998503,1,1,0.9555555555555556,0.8139036336791178,1,1,2,0.00045,53.3368,books-t2016-a=10
q071,obsession that ruins a life,Torso,CrossStripe,Conceptual,Keyword,single-index,1,1,1,1,1,0.11218224663488109,1,1,0.0004,64.012,books-oracle2=10
q071,obsession that ruins a life,Torso,CrossStripe,Conceptual,Keyword,naive-score,0.9997902869138835,1,1,0.9555555555555556,0.8492442713815191,0.11146305422355034,1,2,0.0005166670000000001,75.7256,books-t2016-a=10
q071,obsession that ruins a life,Torso,CrossStripe,Conceptual,Keyword,interleave,0.7556125341311287,0.5,0.3333333333333333,0.4666666666666667,0.5063932165450956,0.01216330252023157,0.5,2,0.0005166670000000001,75.702,books-t2016-a=5 | books-t2016-b=5
q071,obsession that ruins a life,Torso,CrossStripe,Conceptual,Keyword,quota-merge,0.9447064632941614,0.9,0.8181818181818182,0.6,0.7027560744193608,0.09654561816476843,0.9,2,0.0005166670000000001,75.7041,books-t2016-a=9 | books-t2016-b=1
q071,obsession that ruins a life,Torso,CrossStripe,Conceptual,Keyword,global-rrf,0.7494708812270782,0.5,0.3333333333333333,0.4666666666666667,0.49320323836255336,0.011199752711239333,0.5,2,0.0005166670000000001,75.7051,books-t2016-a=5 | books-t2016-b=5
q071,obsession that ruins a life,Torso,CrossStripe,Conceptual,Keyword,minmax-norm,0.9447064632941614,0.9,0.8181818181818182,0.6,0.7027560744193608,0.09654561816476843,0.9,2,0.0005166670000000001,75.7232,books-t2016-a=9 | books-t2016-b=1
q071,obsession that ruins a life,Torso,CrossStripe,Conceptual,Keyword,zscore-norm,0.8240384137580843,0.9,0.8181818181818182,0.5555555555555556,0.6022380269986759,0.09654561816476843,0.9,2,0.0005166670000000001,75.7168,books-t2016-a=9 | books-t2016-b=1
q071,obsession that ruins a life,Torso,CrossStripe,Conceptual,Keyword,idf-correct-probe,0.9997902869138835,1,1,0.9555555555555556,0.8492442713815191,0.11146305422355034,1,6,0.000583335,275.6801,books-t2016-a=10
q071,obsession that ruins a life,Torso,CrossStripe,Conceptual,Keyword,idf-correct-sidecar,0.9997902869138835,1,1,0.9555555555555556,0.8492442713815191,0.11146305422355034,1,2,0.0005166670000000001,75.7273,books-t2016-a=10
q072,slavery and its aftermath,Torso,CrossStripe,Mixed,Keyword,single-index,1,1,1,1,1,0.5200368575497579,0.9,1,0.000283333,64.2422,books-oracle2=10
q072,slavery and its aftermath,Torso,CrossStripe,Mixed,Keyword,naive-score,0.999872026239713,1,1,0.9555555555555556,0.8515054104985265,0.5166659716961155,0.9,2,0.000183334,57.4484,books-t2016-a=10
q072,slavery and its aftermath,Torso,CrossStripe,Mixed,Keyword,interleave,0.8982658901806848,0.9,0.8181818181818182,1,0.7025747303706025,0.47161794794848816,0.8,2,0.000183334,57.4373,books-t2016-a=9 | books-t2016-b=1
q072,slavery and its aftermath,Torso,CrossStripe,Mixed,Keyword,quota-merge,0.8982658901806848,0.9,0.8181818181818182,1,0.7025747303706025,0.47161794794848816,0.8,2,0.000183334,57.435900000000004,books-t2016-a=9 | books-t2016-b=1
q072,slavery and its aftermath,Torso,CrossStripe,Mixed,Keyword,global-rrf,0.8982658901806848,0.9,0.8181818181818182,1,0.7025747303706025,0.47161794794848816,0.8,2,0.000183334,57.4407,books-t2016-a=9 | books-t2016-b=1
q072,slavery and its aftermath,Torso,CrossStripe,Mixed,Keyword,minmax-norm,0.8981625076634807,0.9,0.8181818181818182,0.9444444444444444,0.7025747303706025,0.46889480639215536,0.8,2,0.000183334,57.455200000000005,books-t2016-a=9 | books-t2016-b=1
q072,slavery and its aftermath,Torso,CrossStripe,Mixed,Keyword,zscore-norm,0.9663803141294485,0.9,0.8181818181818182,0.9444444444444444,0.8271670313323222,0.4893999196108505,0.8,2,0.000183334,57.451800000000006,books-t2016-a=9 | books-t2016-b=1
q072,slavery and its aftermath,Torso,CrossStripe,Mixed,Keyword,idf-correct-probe,0.999872026239713,1,1,0.9555555555555556,0.8515054104985265,0.5166659716961155,0.9,6,0.00025000200000000004,297.5594,books-t2016-a=10
q072,slavery and its aftermath,Torso,CrossStripe,Mixed,Keyword,idf-correct-sidecar,0.999872026239713,1,1,0.9555555555555556,0.8515054104985265,0.5166659716961155,0.9,2,0.000183334,57.4641,books-t2016-a=10
q073,the Holocaust,Torso,CrossStripe,Lexical,Keyword,single-index,1,1,1,1,1,0.5786590881586625,0.9,1,0.000216667,90.1792,books-oracle2=10
q073,the Holocaust,Torso,CrossStripe,Lexical,Keyword,naive-score,0.931968595384272,0.6,0.42857142857142855,0.4222222222222222,0.6805272725453828,0.6017124298542482,1,2,0.000133334,55.346,books-t2016-a=10
q073,the Holocaust,Torso,CrossStripe,Lexical,Keyword,interleave,0.9225959022684442,0.4,0.25,0.8222222222222222,0.6465956227496363,0.5870983330053946,1,2,0.000133334,55.3322,books-t2016-a=10
q073,the Holocaust,Torso,CrossStripe,Lexical,Keyword,quota-merge,0.9225959022684442,0.4,0.25,0.8222222222222222,0.6465956227496363,0.5870983330053946,1,2,0.000133334,55.3322,books-t2016-a=10
q073,the Holocaust,Torso,CrossStripe,Lexical,Keyword,global-rrf,0.9225959022684442,0.4,0.25,0.8222222222222222,0.6465956227496363,0.5870983330053946,1,2,0.000133334,55.3369,books-t2016-a=10
q073,the Holocaust,Torso,CrossStripe,Lexical,Keyword,minmax-norm,0.931968595384272,0.6,0.42857142857142855,0.4222222222222222,0.6805272725453828,0.6017124298542482,1,2,0.000133334,55.3493,books-t2016-a=10
q073,the Holocaust,Torso,CrossStripe,Lexical,Keyword,zscore-norm,0.931968595384272,0.6,0.42857142857142855,0.4222222222222222,0.6805272725453828,0.6017124298542482,1,2,0.000133334,55.3461,books-t2016-a=10
q073,the Holocaust,Torso,CrossStripe,Lexical,Keyword,idf-correct-probe,0.931968595384272,0.6,0.42857142857142855,0.4222222222222222,0.6805272725453828,0.6017124298542482,1,4,0.00016666800000000002,142.2407,books-t2016-a=10
q073,the Holocaust,Torso,CrossStripe,Lexical,Keyword,idf-correct-sidecar,0.931968595384272,0.6,0.42857142857142855,0.4222222222222222,0.6805272725453828,0.6017124298542482,1,2,0.000133334,55.3545,books-t2016-a=10
q074,a woman who defies the expectations of her time,Torso,CrossStripe,Conceptual,Keyword,single-index,1,1,1,1,1,0.42353976043085817,1,1,0.000416667,67.2397,books-oracle2=10
q074,a woman who defies the expectations of her time,Torso,CrossStripe,Conceptual,Keyword,naive-score,0.8556113643790704,0.9,0.8181818181818182,0.9555555555555556,0.6193145619188408,0.47762505352858736,1,2,0.00048333400000000003,74.8768,books-t2016-a=10
q074,a woman who defies the expectations of her time,Torso,CrossStripe,Conceptual,Keyword,interleave,0.7218168046016047,0.6,0.42857142857142855,0.6,0.5170227283841677,0.2603195956271693,0.6,2,0.00048333400000000003,74.85350000000001,books-t2016-a=5 | books-t2016-b=5
q074,a woman who defies the expectations of her time,Torso,CrossStripe,Conceptual,Keyword,quota-merge,0.8997955845126482,1,1,0.8666666666666667,0.7133855862584327,0.3920980795311324,1,2,0.00048333400000000003,74.8516,books-t2016-a=9 | books-t2016-b=1
q074,a woman who defies the expectations of her time,Torso,CrossStripe,Conceptual,Keyword,global-rrf,0.7165266727344087,0.6,0.42857142857142855,0.6,0.5038327502016253,0.25357474696422366,0.6,2,0.00048333400000000003,74.85780000000001,books-t2016-a=5 | books-t2016-b=5
q074,a woman who defies the expectations of her time,Torso,CrossStripe,Conceptual,Keyword,minmax-norm,0.8606476437604083,0.9,0.8181818181818182,0.8333333333333334,0.6705984317153711,0.38723065163033066,0.9,2,0.00048333400000000003,74.87570000000001,books-t2016-a=8 | books-t2016-b=2
q074,a woman who defies the expectations of her time,Torso,CrossStripe,Conceptual,Keyword,zscore-norm,0.8800160656133204,0.9,0.8181818181818182,0.8888888888888888,0.6705984317153711,0.39546395469447765,0.9,2,0.00048333400000000003,74.87140000000001,books-t2016-a=8 | books-t2016-b=2
q074,a woman who defies the expectations of her time,Torso,CrossStripe,Conceptual,Keyword,idf-correct-probe,0.8556113643790704,0.9,0.8181818181818182,0.9555555555555556,0.6193145619188408,0.47762505352858736,1,8,0.000583336,327.72580000000005,books-t2016-a=10
q074,a woman who defies the expectations of her time,Torso,CrossStripe,Conceptual,Keyword,idf-correct-sidecar,0.8556113643790704,0.9,0.8181818181818182,0.9555555555555556,0.6193145619188408,0.47762505352858736,1,2,0.00048333400000000003,74.8923,books-t2016-a=10
q075,addiction and recovery,Torso,CrossStripe,Mixed,Keyword,single-index,1,1,1,1,1,0.7813557586671602,1,1,0.0003,62.9461,books-oracle2=10
q075,addiction and recovery,Torso,CrossStripe,Mixed,Keyword,naive-score,0.996613781890067,0.9,0.8181818181818182,0.9555555555555556,0.8321153187199649,0.8192153149268111,1,2,0.00035,53.9829,books-t2016-a=10
q075,addiction and recovery,Torso,CrossStripe,Mixed,Keyword,interleave,0.8393738585291782,0.8,0.6666666666666666,0.9285714285714286,0.6183856998656723,0.6184437523482036,0.8,2,0.00035,53.9721,books-t2016-a=8 | books-t2016-b=2
q075,addiction and recovery,Torso,CrossStripe,Mixed,Keyword,quota-merge,0.8977275896474732,0.9,0.8181818181818182,0.9444444444444444,0.7025747303706025,0.6750619528998459,0.9,2,0.00035,53.9719,books-t2016-a=9 | books-t2016-b=1
q075,addiction and recovery,Torso,CrossStripe,Mixed,Keyword,global-rrf,0.8218428065966149,0.8,0.6666666666666666,0.9285714285714286,0.5912458270620873,0.6184437523482036,0.8,2,0.00035,53.9765,books-t2016-a=8 | books-t2016-b=2
q075,addiction and recovery,Torso,CrossStripe,Mixed,Keyword,minmax-norm,0.8218428065966149,0.8,0.6666666666666666,0.9285714285714286,0.5912458270620873,0.6184437523482036,0.8,2,0.00035,53.9932,books-t2016-a=8 | books-t2016-b=2
q075,addiction and recovery,Torso,CrossStripe,Mixed,Keyword,zscore-norm,0.9294167900260067,0.8,0.6666666666666666,0.9285714285714286,0.7873328354960605,0.6893403032734704,0.8,2,0.00035,53.9887,books-t2016-a=8 | books-t2016-b=2
q075,addiction and recovery,Torso,CrossStripe,Mixed,Keyword,idf-correct-probe,0.996613781890067,0.9,0.8181818181818182,0.9555555555555556,0.8321153187199649,0.8192153149268111,1,6,0.00041666800000000003,248.3952,books-t2016-a=10
q075,addiction and recovery,Torso,CrossStripe,Mixed,Keyword,idf-correct-sidecar,0.996613781890067,0.9,0.8181818181818182,0.9555555555555556,0.8321153187199649,0.8192153149268111,1,2,0.00035,54.0021,books-t2016-a=10
q076,New York City,Head,CrossStripe,Lexical,Keyword,single-index,1,1,1,1,1,0.7796560863979807,1,1,0.0004,63.44,books-oracle2=10
q076,New York City,Head,CrossStripe,Lexical,Keyword,naive-score,1,1,1,1,0.8591367550184259,0.7796560863979807,1,2,0.000483333,57.3182,books-t2016-a=10
q076,New York City,Head,CrossStripe,Lexical,Keyword,interleave,0.7090081386375826,0.5,0.3333333333333333,1,0.5062118724963371,0.512976671442856,0.5,2,0.000483333,57.3069,books-t2016-a=5 | books-t2016-b=5
q076,New York City,Head,CrossStripe,Lexical,Keyword,quota-merge,0.7503360169121053,0.9,0.8181818181818182,1,0.6020566829499175,0.6338829914155335,0.9,2,0.000483333,57.3052,books-t2016-a=9 | books-t2016-b=1
q076,New York City,Head,CrossStripe,Lexical,Keyword,global-rrf,0.551852109981079,0.5,0.3333333333333333,1,0.38487250237321036,0.4233170574285635,0.5,2,0.000483333,57.311699999999995,books-t2016-a=5 | books-t2016-b=5
q076,New York City,Head,CrossStripe,Lexical,Keyword,minmax-norm,0.6377642378380968,0.7,0.5384615384615384,1,0.4663894004751979,0.5046532171194943,0.7,2,0.000483333,57.33,books-t2016-a=7 | books-t2016-b=3
q076,New York City,Head,CrossStripe,Lexical,Keyword,zscore-norm,0.8902979612696922,0.7,0.5384615384615384,1,0.7704964396153182,0.6836456249706871,0.7,2,0.000483333,57.3285,books-t2016-a=7 | books-t2016-b=3
q076,New York City,Head,CrossStripe,Lexical,Keyword,idf-correct-probe,1,1,1,1,0.8591367550184259,0.7796560863979807,1,6,0.000550001,226.17540000000002,books-t2016-a=10
q076,New York City,Head,CrossStripe,Lexical,Keyword,idf-correct-sidecar,1,1,1,1,0.8591367550184259,0.7796560863979807,1,2,0.000483333,57.3368,books-t2016-a=10
q077,an unlikely friendship between two very different people,Torso,CrossStripe,Conceptual,Keyword,single-index,1,1,1,1,1,0.3301540397681022,1,1,0.000433333,65.9048,books-oracle2=10
q077,an unlikely friendship between two very different people,Torso,CrossStripe,Conceptual,Keyword,naive-score,1,1,1,1,0.8591367550184259,0.3301540397681022,1,2,0.00055,59.7888,books-t2016-a=10
q077,an unlikely friendship between two very different people,Torso,CrossStripe,Conceptual,Keyword,interleave,0.7090081386375826,0.5,0.3333333333333333,1,0.5062118724963371,0.2259991174333616,0.5,2,0.00055,59.7752,books-t2016-a=5 | books-t2016-b=5
q077,an unlikely friendship between two very different people,Torso,CrossStripe,Conceptual,Keyword,quota-merge,0.7503360169121053,0.9,0.8181818181818182,1,0.6020566829499175,0.2514295541570788,0.9,2,0.00055,59.7697,books-t2016-a=9 | books-t2016-b=1
q077,an unlikely friendship between two very different people,Torso,CrossStripe,Conceptual,Keyword,global-rrf,0.5561384743845064,0.5,0.3333333333333333,1,0.39325473350821594,0.1908103456435024,0.5,2,0.00055,59.7819,books-t2016-a=5 | books-t2016-b=5
q077,an unlikely friendship between two very different people,Torso,CrossStripe,Conceptual,Keyword,minmax-norm,0.5200994897568627,0.4,0.25,1,0.3872357684844313,0.18309955400478498,0.4,2,0.00055,59.8041,books-t2016-a=4 | books-t2016-b=6
q077,an unlikely friendship between two very different people,Torso,CrossStripe,Conceptual,Keyword,zscore-norm,0.7629390826203658,0.5,0.3333333333333333,1,0.5920965337341135,0.2579970110510163,0.5,2,0.00055,59.824,books-t2016-a=5 | books-t2016-b=5
q077,an unlikely friendship between two very different people,Torso,CrossStripe,Conceptual,Keyword,idf-correct-probe,1,1,1,1,0.8591367550184259,0.3301540397681022,1,12,0.00071667,481.0983,books-t2016-a=10
q077,an unlikely friendship between two very different people,Torso,CrossStripe,Conceptual,Keyword,idf-correct-sidecar,1,1,1,1,0.8591367550184259,0.3301540397681022,1,2,0.00055,59.8206,books-t2016-a=10
q078,climate change and environmental collapse,Torso,CrossStripe,Mixed,Keyword,single-index,1,1,1,1,1,0.8062973337341608,1,1,0.00035,62.8932,books-oracle2=10
q078,climate change and environmental collapse,Torso,CrossStripe,Mixed,Keyword,naive-score,1,1,1,1,0.8591367550184259,0.8062973337341608,1,2,0.000233333,55.3344,books-t2016-a=10
q078,climate change and environmental collapse,Torso,CrossStripe,Mixed,Keyword,interleave,0.8397756453957087,0.8,0.6666666666666666,1,0.6183856998656723,0.6500473814216091,0.8,2,0.000233333,55.3222,books-t2016-a=8 | books-t2016-b=2
q078,climate change and environmental collapse,Torso,CrossStripe,Mixed,Keyword,quota-merge,0.8982658901806848,0.9,0.8181818181818182,1,0.7025747303706025,0.7387417183811849,0.9,2,0.000233333,55.321,books-t2016-a=9 | books-t2016-b=1
q078,climate change and environmental collapse,Torso,CrossStripe,Mixed,Keyword,global-rrf,0.8397756453957087,0.8,0.6666666666666666,1,0.6183856998656723,0.6500473814216091,0.8,2,0.000233333,55.324999999999996,books-t2016-a=8 | books-t2016-b=2
q078,climate change and environmental collapse,Torso,CrossStripe,Mixed,Keyword,minmax-norm,0.6743147201945658,0.8,0.6666666666666666,1,0.49072777964140235,0.5535605402175943,0.8,2,0.000233333,55.3413,books-t2016-a=8 | books-t2016-b=2
q078,climate change and environmental collapse,Torso,CrossStripe,Mixed,Keyword,zscore-norm,0.9268484436261611,0.8,0.6666666666666666,1,0.7948348187815227,0.7342326765419461,0.8,2,0.000233333,55.3381,books-t2016-a=8 | books-t2016-b=2
q078,climate change and environmental collapse,Torso,CrossStripe,Mixed,Keyword,idf-correct-probe,1,1,1,1,0.8591367550184259,0.8062973337341608,1,10,0.000366669,392.4172,books-t2016-a=10
q078,climate change and environmental collapse,Torso,CrossStripe,Mixed,Keyword,idf-correct-sidecar,1,1,1,1,0.8591367550184259,0.8062973337341608,1,2,0.000233333,55.3525,books-t2016-a=10
q079,memory and how unreliable it can be,Torso,CrossStripe,Conceptual,Keyword,single-index,1,1,1,1,1,0.454858502406438,1,1,0.000416667,91.565,books-oracle2=10
q079,memory and how unreliable it can be,Torso,CrossStripe,Conceptual,Keyword,naive-score,1,1,1,1,0.8591367550184259,0.454858502406438,1,2,0.00030000000000000003,56.4665,books-t2016-a=10
q079,memory and how unreliable it can be,Torso,CrossStripe,Conceptual,Keyword,interleave,0.7090081386375826,0.5,0.3333333333333333,1,0.5062118724963371,0.3490372980629354,0.5,2,0.00030000000000000003,56.455400000000004,books-t2016-a=5 | books-t2016-b=5
q079,memory and how unreliable it can be,Torso,CrossStripe,Conceptual,Keyword,quota-merge,0.8982658901806848,0.9,0.8181818181818182,1,0.7025747303706025,0.424128010417712,0.9,2,0.00030000000000000003,56.452600000000004,books-t2016-a=9 | books-t2016-b=1
q079,memory and how unreliable it can be,Torso,CrossStripe,Conceptual,Keyword,global-rrf,0.702866485733532,0.5,0.3333333333333333,1,0.4930218943137949,0.3461466486359587,0.5,2,0.00030000000000000003,56.4615,books-t2016-a=5 | books-t2016-b=5
q079,memory and how unreliable it can be,Torso,CrossStripe,Conceptual,Keyword,minmax-norm,0.8538484439374456,0.8,0.6666666666666666,1,0.6498950921906343,0.39043573518164476,0.8,2,0.00030000000000000003,56.4804,books-t2016-a=8 | books-t2016-b=2
q079,memory and how unreliable it can be,Torso,CrossStripe,Conceptual,Keyword,zscore-norm,0.8538484439374456,0.8,0.6666666666666666,1,0.6498950921906343,0.39043573518164476,0.8,2,0.00030000000000000003,56.4761,books-t2016-a=8 | books-t2016-b=2
q079,memory and how unreliable it can be,Torso,CrossStripe,Conceptual,Keyword,idf-correct-probe,1,1,1,1,0.8591367550184259,0.454858502406438,1,8,0.000400002,309.85609999999997,books-t2016-a=10
q079,memory and how unreliable it can be,Torso,CrossStripe,Conceptual,Keyword,idf-correct-sidecar,1,1,1,1,0.8591367550184259,0.454858502406438,1,2,0.00030000000000000003,56.4927,books-t2016-a=10
q080,a doctor confronting the limits of medicine,Tail,CrossStripe,Conceptual,Keyword,single-index,1,1,1,1,1,0.5357916837107143,1,1,0.000366667,64.5016,books-oracle2=10
q080,a doctor confronting the limits of medicine,Tail,CrossStripe,Conceptual,Keyword,naive-score,1,1,1,1,0.8591367550184259,0.5357916837107143,1,2,0.000216667,57.0572,books-t2016-a=10
q080,a doctor confronting the limits of medicine,Tail,CrossStripe,Conceptual,Keyword,interleave,0.8982658901806848,0.9,0.8181818181818182,1,0.7025747303706025,0.4978421277466277,0.9,2,0.000216667,57.046400000000006,books-t2016-a=9 | books-t2016-b=1
q080,a doctor confronting the limits of medicine,Tail,CrossStripe,Conceptual,Keyword,quota-merge,0.8982658901806848,0.9,0.8181818181818182,1,0.7025747303706025,0.4978421277466277,0.9,2,0.000216667,57.040600000000005,books-t2016-a=9 | books-t2016-b=1
q080,a doctor confronting the limits of medicine,Tail,CrossStripe,Conceptual,Keyword,global-rrf,0.8982658901806848,0.9,0.8181818181818182,1,0.7025747303706025,0.4978421277466277,0.9,2,0.000216667,57.0432,books-t2016-a=9 | books-t2016-b=1
q080,a doctor confronting the limits of medicine,Tail,CrossStripe,Conceptual,Keyword,minmax-norm,0.8982658901806848,0.9,0.8181818181818182,1,0.7025747303706025,0.4978421277466277,0.9,2,0.000216667,57.0613,books-t2016-a=9 | books-t2016-b=1
q080,a doctor confronting the limits of medicine,Tail,CrossStripe,Conceptual,Keyword,zscore-norm,1,1,1,1,0.8591367550184259,0.5357916837107143,1,2,0.000216667,57.0563,books-t2016-a=10
q080,a doctor confronting the limits of medicine,Tail,CrossStripe,Conceptual,Keyword,idf-correct-probe,1,1,1,1,0.8591367550184259,0.5357916837107143,1,10,0.000350003,393.9404,books-t2016-a=10
q080,a doctor confronting the limits of medicine,Tail,CrossStripe,Conceptual,Keyword,idf-correct-sidecar,1,1,1,1,0.8591367550184259,0.5357916837107143,1,2,0.000216667,57.079100000000004,books-t2016-a=10
q081,immortality and the cost of living forever,Tail,CrossStripe,Conceptual,Keyword,single-index,1,1,1,1,1,0.467288999132569,1,1,0.0004,63.4366,books-oracle2=10
q081,immortality and the cost of living forever,Tail,CrossStripe,Conceptual,Keyword,naive-score,1,1,1,1,0.8591367550184259,0.467288999132569,1,2,0.000483333,56.6842,books-t2016-a=10
q081,immortality and the cost of living forever,Tail,CrossStripe,Conceptual,Keyword,interleave,0.7090081386375826,0.5,0.3333333333333333,1,0.5062118724963371,0.32838927098448506,0.5,2,0.000483333,56.6716,books-t2016-a=5 | books-t2016-b=5
q081,immortality and the cost of living forever,Tail,CrossStripe,Conceptual,Keyword,quota-merge,0.8982658901806848,0.9,0.8181818181818182,1,0.7025747303706025,0.3822843562789206,0.9,2,0.000483333,56.6688,books-t2016-a=9 | books-t2016-b=1
q081,immortality and the cost of living forever,Tail,CrossStripe,Conceptual,Keyword,global-rrf,0.7071528501369595,0.5,0.3333333333333333,1,0.5014041254488005,0.3272606558750119,0.5,2,0.000483333,56.677099999999996,books-t2016-a=5 | books-t2016-b=5
q081,immortality and the cost of living forever,Tail,CrossStripe,Conceptual,Keyword,minmax-norm,0.8982658901806848,0.9,0.8181818181818182,1,0.7025747303706025,0.3822843562789206,0.9,2,0.000483333,56.695499999999996,books-t2016-a=9 | books-t2016-b=1
q081,immortality and the cost of living forever,Tail,CrossStripe,Conceptual,Keyword,zscore-norm,0.7503360169121053,0.9,0.8181818181818182,1,0.6020566829499175,0.37068016736113124,0.9,2,0.000483333,56.6926,books-t2016-a=9 | books-t2016-b=1
q081,immortality and the cost of living forever,Tail,CrossStripe,Conceptual,Keyword,idf-correct-probe,1,1,1,1,0.8591367550184259,0.467288999132569,1,8,0.000583335,311.8711,books-t2016-a=10
q081,immortality and the cost of living forever,Tail,CrossStripe,Conceptual,Keyword,idf-correct-sidecar,1,1,1,1,0.8591367550184259,0.467288999132569,1,2,0.000483333,56.708499999999994,books-t2016-a=10
q082,twins separated at birth,Tail,CrossStripe,Lexical,Keyword,single-index,1,1,1,1,1,0.32087933589191214,1,1,0.000316667,64.143,books-oracle2=10
q082,twins separated at birth,Tail,CrossStripe,Lexical,Keyword,naive-score,1,1,1,1,0.8591367550184259,0.32087933589191214,1,2,0.00036666700000000005,55.951499999999996,books-t2016-a=10
q082,twins separated at birth,Tail,CrossStripe,Lexical,Keyword,interleave,0.8397756453957087,0.8,0.6666666666666666,1,0.6183856998656723,0.27905452247401447,0.8,2,0.00036666700000000005,55.940799999999996,books-t2016-a=8 | books-t2016-b=2
q082,twins separated at birth,Tail,CrossStripe,Lexical,Keyword,quota-merge,0.8982658901806848,0.9,0.8181818181818182,1,0.7025747303706025,0.2937451387265422,0.9,2,0.00036666700000000005,55.940799999999996,books-t2016-a=9 | books-t2016-b=1
q082,twins separated at birth,Tail,CrossStripe,Lexical,Keyword,global-rrf,0.8397756453957087,0.8,0.6666666666666666,1,0.6183856998656723,0.27905452247401447,0.8,2,0.00036666700000000005,55.945,books-t2016-a=8 | books-t2016-b=2
q082,twins separated at birth,Tail,CrossStripe,Lexical,Keyword,minmax-norm,0.8982658901806848,0.9,0.8181818181818182,1,0.7025747303706025,0.2937451387265422,0.9,2,0.00036666700000000005,55.961099999999995,books-t2016-a=9 | books-t2016-b=1
q082,twins separated at birth,Tail,CrossStripe,Lexical,Keyword,zscore-norm,0.96085205924776,0.9,0.8181818181818182,1,0.8163496004753649,0.3148330370860012,0.9,2,0.00036666700000000005,55.9581,books-t2016-a=9 | books-t2016-b=1
q082,twins separated at birth,Tail,CrossStripe,Lexical,Keyword,idf-correct-probe,1,1,1,1,0.8591367550184259,0.32087933589191214,1,8,0.00046666900000000007,309.1148,books-t2016-a=10
q082,twins separated at birth,Tail,CrossStripe,Lexical,Keyword,idf-correct-sidecar,1,1,1,1,0.8591367550184259,0.32087933589191214,1,2,0.00036666700000000005,55.9738,books-t2016-a=10
q083,a letter that arrives decades too late,Tail,CrossStripe,Conceptual,Keyword,single-index,1,1,1,1,1,0.16185245180915425,1,1,0.000366667,65.4195,books-oracle2=10
q083,a letter that arrives decades too late,Tail,CrossStripe,Conceptual,Keyword,naive-score,0.9951537163710059,0.8,0.6666666666666666,1,0.8433542326651033,0.27703597286446247,1,2,0.000383334,57.527899999999995,books-t2016-a=10
q083,a letter that arrives decades too late,Tail,CrossStripe,Conceptual,Keyword,interleave,0.9999426168282078,1,1,0.9555555555555556,0.8543290079708894,0.16119468125408232,1,2,0.000383334,57.5147,books-t2016-a=10
q083,a letter that arrives decades too late,Tail,CrossStripe,Conceptual,Keyword,quota-merge,0.9999426168282078,1,1,0.9555555555555556,0.8543290079708894,0.16119468125408232,1,2,0.000383334,57.5132,books-t2016-a=10
q083,a letter that arrives decades too late,Tail,CrossStripe,Conceptual,Keyword,global-rrf,0.9999426168282078,1,1,0.9555555555555556,0.8543290079708894,0.16119468125408232,1,2,0.000383334,57.518499999999996,books-t2016-a=10
q083,a letter that arrives decades too late,Tail,CrossStripe,Conceptual,Keyword,minmax-norm,0.9951537163710059,0.8,0.6666666666666666,1,0.8433542326651033,0.27703597286446247,1,2,0.000383334,57.533899999999996,books-t2016-a=10
q083,a letter that arrives decades too late,Tail,CrossStripe,Conceptual,Keyword,zscore-norm,0.9951537163710059,0.8,0.6666666666666666,1,0.8433542326651033,0.27703597286446247,1,2,0.000383334,57.5302,books-t2016-a=10
q083,a letter that arrives decades too late,Tail,CrossStripe,Conceptual,Keyword,idf-correct-probe,0.9951537163710059,0.8,0.6666666666666666,1,0.8433542326651033,0.27703597286446247,1,12,0.000550004,479.08070000000004,books-t2016-a=10
q083,a letter that arrives decades too late,Tail,CrossStripe,Conceptual,Keyword,idf-correct-sidecar,0.9951537163710059,0.8,0.6666666666666666,1,0.8433542326651033,0.27703597286446247,1,2,0.000383334,57.550799999999995,books-t2016-a=10
q084,music and the people who devote their lives to it,Torso,CrossStripe,Conceptual,Keyword,single-index,1,1,1,1,1,0.3311964280203346,1,1,0.000433333,65.592,books-oracle2=10
q084,music and the people who devote their lives to it,Torso,CrossStripe,Conceptual,Keyword,naive-score,1,1,1,1,0.8591367550184259,0.3311964280203346,1,2,0.000533333,58.3087,books-t2016-a=10
q084,music and the people who devote their lives to it,Torso,CrossStripe,Conceptual,Keyword,interleave,0.7090081386375826,0.5,0.3333333333333333,1,0.5062118724963371,0.10985382966005477,0.5,2,0.000533333,58.3057,books-t2016-a=5 | books-t2016-b=5
q084,music and the people who devote their lives to it,Torso,CrossStripe,Conceptual,Keyword,quota-merge,0.8982658901806848,0.9,0.8181818181818182,1,0.7025747303706025,0.2958278984928308,0.9,2,0.000533333,58.292899999999996,books-t2016-a=9 | books-t2016-b=1
q084,music and the people who devote their lives to it,Torso,CrossStripe,Conceptual,Keyword,global-rrf,0.6883925842211459,0.5,0.3333333333333333,1,0.4714406551728528,0.10592112949747198,0.5,2,0.000533333,58.3022,books-t2016-a=5 | books-t2016-b=5
q084,music and the people who devote their lives to it,Torso,CrossStripe,Conceptual,Keyword,minmax-norm,0.7078552972230433,0.6,0.42857142857142855,1,0.45437715837718856,0.16449369103545472,0.6,2,0.000533333,58.3247,books-t2016-a=6 | books-t2016-b=4
q084,music and the people who devote their lives to it,Torso,CrossStripe,Conceptual,Keyword,zscore-norm,0.7940553915915654,0.6,0.42857142857142855,1,0.6041246320156138,0.18114239999375906,0.6,2,0.000533333,58.3198,books-t2016-a=6 | books-t2016-b=4
q084,music and the people who devote their lives to it,Torso,CrossStripe,Conceptual,Keyword,idf-correct-probe,1,1,1,1,0.8591367550184259,0.3311964280203346,1,8,0.000633335,311.8359,books-t2016-a=10
q084,music and the people who devote their lives to it,Torso,CrossStripe,Conceptual,Keyword,idf-correct-sidecar,1,1,1,1,0.8591367550184259,0.3311964280203346,1,2,0.000533333,58.3596,books-t2016-a=10
q085,a trial that divides a town,Torso,CrossStripe,Conceptual,Keyword,single-index,1,1,1,1,1,0.1601766584003884,1,1,0.000366667,63.6256,books-oracle2=10
q085,a trial that divides a town,Torso,CrossStripe,Conceptual,Keyword,naive-score,0.9998146430679209,1,1,0.9111111111111111,0.8466976634509897,0.15905302978250757,1,2,0.000466667,75.0943,books-t2016-a=10
q085,a trial that divides a town,Torso,CrossStripe,Conceptual,Keyword,interleave,0.750279118279739,0.6,0.42857142857142855,1,0.5305502516625419,0.09437402279967491,0.6,2,0.000466667,75.0813,books-t2016-a=6 | books-t2016-b=4
q085,a trial that divides a town,Torso,CrossStripe,Conceptual,Keyword,quota-merge,0.8967761957686905,0.9,0.8181818181818182,0.9444444444444444,0.7025747303706025,0.14028067066649158,0.9,2,0.000466667,75.0801,books-t2016-a=9 | books-t2016-b=1
q085,a trial that divides a town,Torso,CrossStripe,Conceptual,Keyword,global-rrf,0.750279118279739,0.6,0.42857142857142855,1,0.5305502516625419,0.09437402279967491,0.6,2,0.000466667,75.0962,books-t2016-a=6 | books-t2016-b=4
q085,a trial that divides a town,Torso,CrossStripe,Conceptual,Keyword,minmax-norm,0.8967761957686905,0.9,0.8181818181818182,0.9444444444444444,0.7025747303706025,0.14028067066649158,0.9,2,0.000466667,75.103,books-t2016-a=9 | books-t2016-b=1
q085,a trial that divides a town,Torso,CrossStripe,Conceptual,Keyword,zscore-norm,0.929886731621902,0.9,0.8181818181818182,0.9444444444444444,0.7478078517099106,0.15263062526271207,0.9,2,0.000466667,75.1091,books-t2016-a=9 | books-t2016-b=1
q085,a trial that divides a town,Torso,CrossStripe,Conceptual,Keyword,idf-correct-probe,0.9998146430679209,1,1,0.9111111111111111,0.8466976634509897,0.15905302978250757,1,6,0.000533335,274.8913,books-t2016-a=10
q085,a trial that divides a town,Torso,CrossStripe,Conceptual,Keyword,idf-correct-sidecar,0.9998146430679209,1,1,0.9111111111111111,0.8466976634509897,0.15905302978250757,1,2,0.000466667,75.1226,books-t2016-a=10
q086,forbidden love across a social divide,Torso,CrossStripe,Conceptual,Keyword,single-index,1,1,1,1,1,0.27705943918221815,0.9,1,0.000416667,67.5745,books-oracle2=10
q086,forbidden love across a social divide,Torso,CrossStripe,Conceptual,Keyword,naive-score,1,1,1,1,0.8591367550184259,0.27705943918221815,0.9,2,0.0005,60.5753,books-t2016-a=10
q086,forbidden love across a social divide,Torso,CrossStripe,Conceptual,Keyword,interleave,0.7090081386375826,0.5,0.3333333333333333,1,0.5062118724963371,0.03734903203500716,0.4,2,0.0005,60.561899999999994,books-t2016-a=5 | books-t2016-b=5
q086,forbidden love across a social divide,Torso,CrossStripe,Conceptual,Keyword,quota-merge,0.8982658901806848,0.9,0.8181818181818182,1,0.7025747303706025,0.2502485819610646,0.8,2,0.0005,60.559799999999996,books-t2016-a=9 | books-t2016-b=1
q086,forbidden love across a social divide,Torso,CrossStripe,Conceptual,Keyword,global-rrf,0.7040683476530861,0.5,0.3333333333333333,1,0.49377278092890103,0.03697282699851611,0.4,2,0.0005,60.567,books-t2016-a=5 | books-t2016-b=5
q086,forbidden love across a social divide,Torso,CrossStripe,Conceptual,Keyword,minmax-norm,0.808348285025077,0.7,0.5384615384615384,1,0.6015493039849301,0.1128282729235717,0.6,2,0.0005,60.586099999999995,books-t2016-a=7 | books-t2016-b=3
q086,forbidden love across a social divide,Torso,CrossStripe,Conceptual,Keyword,zscore-norm,0.8538484439374456,0.8,0.6666666666666666,1,0.6498950921906343,0.17953635330401618,0.7,2,0.0005,60.5821,books-t2016-a=8 | books-t2016-b=2
q086,forbidden love across a social divide,Torso,CrossStripe,Conceptual,Keyword,idf-correct-probe,1,1,1,1,0.8591367550184259,0.27705943918221815,0.9,6,0.000566668,232.51219999999998,books-t2016-a=10
q086,forbidden love across a social divide,Torso,CrossStripe,Conceptual,Keyword,idf-correct-sidecar,1,1,1,1,0.8591367550184259,0.27705943918221815,0.9,2,0.0005,60.599,books-t2016-a=10
q087,an old man looking back on his life,Torso,CrossStripe,Conceptual,Keyword,single-index,1,1,1,1,1,0.06698743049663076,1,1,0.0009,95.1706,books-oracle2=10
q087,an old man looking back on his life,Torso,CrossStripe,Conceptual,Keyword,naive-score,1,1,1,1,0.8591367550184259,0.06698743049663076,1,2,0.0006000000000000001,76.93339999999999,books-t2016-a=10
q087,an old man looking back on his life,Torso,CrossStripe,Conceptual,Keyword,interleave,0.7090081386375826,0.5,0.3333333333333333,1,0.5062118724963371,0.04350381075974459,0.5,2,0.0006000000000000001,76.919,books-t2016-a=5 | books-t2016-b=5
q087,an old man looking back on his life,Torso,CrossStripe,Conceptual,Keyword,quota-merge,0.8982658901806848,0.9,0.8181818181818182,1,0.7025747303706025,0.055542979783938407,0.9,2,0.0006000000000000001,76.9157,books-t2016-a=9 | books-t2016-b=1
q087,an old man looking back on his life,Torso,CrossStripe,Conceptual,Keyword,global-rrf,0.6979266947490356,0.5,0.3333333333333333,1,0.4805828027463588,0.04292080129558282,0.5,2,0.0006000000000000001,76.9258,books-t2016-a=5 | books-t2016-b=5
q087,an old man looking back on his life,Torso,CrossStripe,Conceptual,Keyword,minmax-norm,0.6011263506646628,0.4,0.25,1,0.36324421562842263,0.04205942419588232,0.4,2,0.0006000000000000001,76.94919999999999,books-t2016-a=4 | books-t2016-b=6
q087,an old man looking back on his life,Torso,CrossStripe,Conceptual,Keyword,zscore-norm,0.71893778866438,0.6,0.42857142857142855,1,0.4726965725196084,0.04292080129558282,0.6,2,0.0006000000000000001,76.94449999999999,books-t2016-a=6 | books-t2016-b=4
q087,an old man looking back on his life,Torso,CrossStripe,Conceptual,Keyword,idf-correct-probe,1,1,1,1,0.8591367550184259,0.06698743049663076,1,10,0.000733336,417.6195,books-t2016-a=10
q087,an old man looking back on his life,Torso,CrossStripe,Conceptual,Keyword,idf-correct-sidecar,1,1,1,1,0.8591367550184259,0.06698743049663076,1,2,0.0006000000000000001,77.00689999999999,books-t2016-a=10
q088,letters and diaries as a way of telling a story,Tail,CrossStripe,Conceptual,Keyword,single-index,1,1,1,1,1,0.9603250160361273,1,1,0.0004,66.0505,books-oracle2=10
q088,letters and diaries as a way of telling a story,Tail,CrossStripe,Conceptual,Keyword,naive-score,1,1,1,1,0.8591367550184259,0.9603250160361273,1,2,0.000483333,86.0264,books-t2016-a=10
q088,letters and diaries as a way of telling a story,Tail,CrossStripe,Conceptual,Keyword,interleave,0.7090081386375826,0.5,0.3333333333333333,1,0.5062118724963371,0.5548989126424904,0.5,2,0.000483333,86.01219999999999,books-t2016-a=5 | books-t2016-b=5
q088,letters and diaries as a way of telling a story,Tail,CrossStripe,Conceptual,Keyword,quota-merge,0.8982658901806848,0.9,0.8181818181818182,1,0.7025747303706025,0.8232779998667945,0.9,2,0.000483333,86.0105,books-t2016-a=9 | books-t2016-b=1
q088,letters and diaries as a way of telling a story,Tail,CrossStripe,Conceptual,Keyword,global-rrf,0.702866485733532,0.5,0.3333333333333333,1,0.4930218943137949,0.5481540639795447,0.5,2,0.000483333,86.018,books-t2016-a=5 | books-t2016-b=5
q088,letters and diaries as a way of telling a story,Tail,CrossStripe,Conceptual,Keyword,minmax-norm,0.8397756453957087,0.8,0.6666666666666666,1,0.6183856998656723,0.729994455643208,0.8,2,0.000483333,86.0381,books-t2016-a=8 | books-t2016-b=2
q088,letters and diaries as a way of telling a story,Tail,CrossStripe,Conceptual,Keyword,zscore-norm,0.8816688479234611,0.8,0.6666666666666666,1,0.6819382353474002,0.7684562630956522,0.8,2,0.000483333,86.0568,books-t2016-a=8 | books-t2016-b=2
q088,letters and diaries as a way of telling a story,Tail,CrossStripe,Conceptual,Keyword,idf-correct-probe,1,1,1,1,0.8591367550184259,0.9603250160361273,1,10,0.000616669,428.02119999999996,books-t2016-a=10
q088,letters and diaries as a way of telling a story,Tail,CrossStripe,Conceptual,Keyword,idf-correct-sidecar,1,1,1,1,0.8591367550184259,0.9603250160361273,1,2,0.000483333,86.0504,books-t2016-a=10
q089,the price of ambition,Torso,CrossStripe,Conceptual,Keyword,single-index,1,1,1,1,1,0.15090505422145187,1,1,0.00035,62.2937,books-oracle2=10
q089,the price of ambition,Torso,CrossStripe,Conceptual,Keyword,naive-score,1,1,1,1,0.8591367550184259,0.15090505422145187,1,2,0.000366667,54.472,books-t2016-a=10
q089,the price of ambition,Torso,CrossStripe,Conceptual,Keyword,interleave,0.8982658901806848,0.9,0.8181818181818182,1,0.7025747303706025,0.13389452371793278,0.9,2,0.000366667,54.462900000000005,books-t2016-a=9 | books-t2016-b=1
q089,the price of ambition,Torso,CrossStripe,Conceptual,Keyword,quota-merge,0.7503360169121053,0.9,0.8181818181818182,1,0.6020566829499175,0.13389452371793278,0.9,2,0.000366667,54.463800000000006,books-t2016-a=9 | books-t2016-b=1
q089,the price of ambition,Torso,CrossStripe,Conceptual,Keyword,global-rrf,0.7503360169121053,0.9,0.8181818181818182,1,0.6020566829499175,0.13389452371793278,0.9,2,0.000366667,54.465900000000005,books-t2016-a=9 | books-t2016-b=1
q089,the price of ambition,Torso,CrossStripe,Conceptual,Keyword,minmax-norm,0.7503360169121053,0.9,0.8181818181818182,1,0.6020566829499175,0.13389452371793278,0.9,2,0.000366667,54.482400000000005,books-t2016-a=9 | books-t2016-b=1
q089,the price of ambition,Torso,CrossStripe,Conceptual,Keyword,zscore-norm,0.96085205924776,0.9,0.8181818181818182,1,0.8163496004753649,0.15090505422145187,0.9,2,0.000366667,54.478300000000004,books-t2016-a=9 | books-t2016-b=1
q089,the price of ambition,Torso,CrossStripe,Conceptual,Keyword,idf-correct-probe,1,1,1,1,0.8591367550184259,0.15090505422145187,1,6,0.00043333499999999997,222.9949,books-t2016-a=10
q089,the price of ambition,Torso,CrossStripe,Conceptual,Keyword,idf-correct-sidecar,1,1,1,1,0.8591367550184259,0.15090505422145187,1,2,0.000366667,54.4893,books-t2016-a=10
q090,a con artist whose scheme goes wrong,Tail,CrossStripe,Conceptual,Keyword,single-index,1,1,1,1,1,0.3740924291935998,1,1,0.000383333,64.9673,books-oracle2=10
q090,a con artist whose scheme goes wrong,Tail,CrossStripe,Conceptual,Keyword,naive-score,1,1,1,1,0.8591367550184259,0.3740924291935998,1,2,0.00045000000000000004,58.6104,books-t2016-a=10
q090,a con artist whose scheme goes wrong,Tail,CrossStripe,Conceptual,Keyword,interleave,0.7501321464456152,0.6,0.42857142857142855,0.8666666666666667,0.5305502516625419,0.23707056755859726,0.6,2,0.00045000000000000004,58.5999,books-t2016-a=6 | books-t2016-b=4
q090,a con artist whose scheme goes wrong,Tail,CrossStripe,Conceptual,Keyword,quota-merge,0.8979849236397607,0.9,0.8181818181818182,0.9444444444444444,0.7025747303706025,0.349659789157954,0.9,2,0.00045000000000000004,58.598,books-t2016-a=9 | books-t2016-b=1
q090,a con artist whose scheme goes wrong,Tail,CrossStripe,Conceptual,Keyword,global-rrf,0.7439904935415647,0.6,0.42857142857142855,0.8666666666666667,0.5173602734799996,0.23322014821018647,0.6,2,0.00045000000000000004,58.6035,books-t2016-a=6 | books-t2016-b=4
q090,a con artist whose scheme goes wrong,Tail,CrossStripe,Conceptual,Keyword,minmax-norm,0.8982658901806848,0.9,0.8181818181818182,1,0.7025747303706025,0.349659789157954,0.9,2,0.00045000000000000004,58.6203,books-t2016-a=9 | books-t2016-b=1
q090,a con artist whose scheme goes wrong,Tail,CrossStripe,Conceptual,Keyword,zscore-norm,0.9313764260338964,0.9,0.8181818181818182,1,0.7478078517099106,0.35514327482793334,0.9,2,0.00045000000000000004,58.6282,books-t2016-a=9 | books-t2016-b=1
q090,a con artist whose scheme goes wrong,Tail,CrossStripe,Conceptual,Keyword,idf-correct-probe,1,1,1,1,0.8591367550184259,0.3740924291935998,1,14,0.000650004,563.3072999999999,books-t2016-a=10
q090,a con artist whose scheme goes wrong,Tail,CrossStripe,Conceptual,Keyword,idf-correct-sidecar,1,1,1,1,0.8591367550184259,0.3740924291935998,1,2,0.00045000000000000004,58.6387,books-t2016-a=10
q091,prison,Head,CrossStripe,Lexical,Keyword,single-index,1,1,1,1,1,0.7658051380782571,1,1,0.000283333,62.123,books-oracle2=10
q091,prison,Head,CrossStripe,Lexical,Keyword,naive-score,0.998827255748741,0.9,0.8181818181818182,1,0.8552424799099213,0.7658051380782571,1,2,0.00016666699999999998,53.0233,books-t2016-a=10
q091,prison,Head,CrossStripe,Lexical,Keyword,interleave,0.8982658901806848,0.9,0.8181818181818182,1,0.7025747303706025,0.6615435887578088,0.9,2,0.00016666699999999998,53.012299999999996,books-t2016-a=9 | books-t2016-b=1
q091,prison,Head,CrossStripe,Lexical,Keyword,quota-merge,0.8982658901806848,0.9,0.8181818181818182,1,0.7025747303706025,0.6615435887578088,0.9,2,0.00016666699999999998,53.0124,books-t2016-a=9 | books-t2016-b=1
q091,prison,Head,CrossStripe,Lexical,Keyword,global-rrf,0.8982658901806848,0.9,0.8181818181818182,1,0.7025747303706025,0.6615435887578088,0.9,2,0.00016666699999999998,53.016099999999994,books-t2016-a=9 | books-t2016-b=1
q091,prison,Head,CrossStripe,Lexical,Keyword,minmax-norm,0.8982658901806848,0.9,0.8181818181818182,1,0.7025747303706025,0.6615435887578088,0.9,2,0.00016666699999999998,53.030499999999996,books-t2016-a=9 | books-t2016-b=1
q091,prison,Head,CrossStripe,Lexical,Keyword,zscore-norm,0.9452694559895504,0.9,0.8181818181818182,1,0.7749477245134956,0.6738935433540293,0.9,2,0.00016666699999999998,53.02719999999999,books-t2016-a=9 | books-t2016-b=1
q091,prison,Head,CrossStripe,Lexical,Keyword,idf-correct-probe,0.998827255748741,0.9,0.8181818181818182,1,0.8552424799099213,0.7658051380782571,1,4,0.000200001,137.0197,books-t2016-a=10
q091,prison,Head,CrossStripe,Lexical,Keyword,idf-correct-sidecar,0.998827255748741,0.9,0.8181818181818182,1,0.8552424799099213,0.7658051380782571,1,2,0.00016666699999999998,53.0505,books-t2016-a=10
q092,language and the way words shape thought,Tail,CrossStripe,Conceptual,Keyword,single-index,1,1,1,1,1,0.39848481749019854,1,1,0.0004,94.4918,books-oracle2=10
q092,language and the way words shape thought,Tail,CrossStripe,Conceptual,Keyword,naive-score,1,1,1,1,0.8591367550184259,0.39848481749019854,1,2,0.000483333,58.152499999999996,books-t2016-a=10
q092,language and the way words shape thought,Tail,CrossStripe,Conceptual,Keyword,interleave,0.7090081386375826,0.5,0.3333333333333333,1,0.5062118724963371,0.3449506931534703,0.5,2,0.000483333,58.141099999999994,books-t2016-a=5 | books-t2016-b=5
q092,language and the way words shape thought,Tail,CrossStripe,Conceptual,Keyword,quota-merge,0.8982658901806848,0.9,0.8181818181818182,1,0.7025747303706025,0.37944318339986977,0.9,2,0.000483333,58.1378,books-t2016-a=9 | books-t2016-b=1
q092,language and the way words shape thought,Tail,CrossStripe,Conceptual,Keyword,global-rrf,0.6803956428164721,0.5,0.3333333333333333,1,0.4534429299427739,0.34269899771124934,0.5,2,0.000483333,58.1459,books-t2016-a=5 | books-t2016-b=5
q092,language and the way words shape thought,Tail,CrossStripe,Conceptual,Keyword,minmax-norm,0.8222445934631454,0.8,0.6666666666666666,1,0.5912458270620873,0.3625748520746579,0.8,2,0.000483333,58.1648,books-t2016-a=8 | books-t2016-b=2
q092,language and the way words shape thought,Tail,CrossStripe,Conceptual,Keyword,zscore-norm,0.8728861812489203,0.8,0.6666666666666666,1,0.6636188212049803,0.3625748520746579,0.8,2,0.000483333,58.1618,books-t2016-a=8 | books-t2016-b=2
q092,language and the way words shape thought,Tail,CrossStripe,Conceptual,Keyword,idf-correct-probe,1,1,1,1,0.8591367550184259,0.39848481749019854,1,10,0.000616669,394.7872,books-t2016-a=10
q092,language and the way words shape thought,Tail,CrossStripe,Conceptual,Keyword,idf-correct-sidecar,1,1,1,1,0.8591367550184259,0.39848481749019854,1,2,0.000483333,58.1793,books-t2016-a=10
q093,a house that holds a family's history,Torso,CrossStripe,Conceptual,Keyword,single-index,1,1,1,1,1,0.6374258790526239,1,1,0.000416667,64.9858,books-oracle2=10
q093,a house that holds a family's history,Torso,CrossStripe,Conceptual,Keyword,naive-score,1,1,1,1,0.8591367550184259,0.6374258790526239,1,2,0.000566667,57.3673,books-t2016-a=10
q093,a house that holds a family's history,Torso,CrossStripe,Conceptual,Keyword,interleave,0.7090081386375826,0.5,0.3333333333333333,1,0.5062118724963371,0.4815349905431303,0.5,2,0.000566667,57.355,books-t2016-a=5 | books-t2016-b=5
q093,a house that holds a family's history,Torso,CrossStripe,Conceptual,Keyword,quota-merge,0.8982658901806848,0.9,0.8181818181818182,1,0.7025747303706025,0.5822203937970363,0.9,2,0.000566667,57.3503,books-t2016-a=9 | books-t2016-b=1
q093,a house that holds a family's history,Torso,CrossStripe,Conceptual,Keyword,global-rrf,0.6997819832496587,0.5,0.3333333333333333,1,0.4853905497938954,0.47479014188018465,0.5,2,0.000566667,57.3609,books-t2016-a=5 | books-t2016-b=5
q093,a house that holds a family's history,Torso,CrossStripe,Conceptual,Keyword,minmax-norm,0.6872697867869294,0.5,0.3333333333333333,1,0.45704929078013173,0.46318965958284924,0.5,2,0.000566667,57.381299999999996,books-t2016-a=5 | books-t2016-b=5
q093,a house that holds a family's history,Torso,CrossStripe,Conceptual,Keyword,zscore-norm,0.7341217330861204,0.5,0.3333333333333333,1,0.5334472686055665,0.5009732673492617,0.5,2,0.000566667,57.376599999999996,books-t2016-a=5 | books-t2016-b=5
q093,a house that holds a family's history,Torso,CrossStripe,Conceptual,Keyword,idf-correct-probe,1,1,1,1,0.8591367550184259,0.6374258790526239,1,4,0.000600001,141.6449,books-t2016-a=10
q093,a house that holds a family's history,Torso,CrossStripe,Conceptual,Keyword,idf-correct-sidecar,1,1,1,1,0.8591367550184259,0.6374258790526239,1,2,0.000566667,57.3932,books-t2016-a=10
q094,surveillance and the loss of privacy,Torso,CrossStripe,Mixed,Keyword,single-index,1,1,1,1,1,0.4821116833040389,1,1,0.00035,63.0587,books-oracle2=10
q094,surveillance and the loss of privacy,Torso,CrossStripe,Mixed,Keyword,naive-score,0.9901424788771671,0.8,0.6666666666666666,0.8222222222222222,0.8188957734788256,0.5184664194177255,1,2,0.000466667,55.0834,books-t2016-a=10
q094,surveillance and the loss of privacy,Torso,CrossStripe,Mixed,Keyword,interleave,0.7565262155773611,0.5,0.3333333333333333,0.4666666666666667,0.506517757094165,0.2995496916087106,0.6,2,0.000466667,55.0699,books-t2016-a=5 | books-t2016-b=5
q094,surveillance and the loss of privacy,Torso,CrossStripe,Mixed,Keyword,quota-merge,0.8180817306705315,0.8,0.6666666666666666,0.6,0.5952820673504641,0.4558567753943207,1,2,0.000466667,55.0672,books-t2016-a=9 | books-t2016-b=1
q094,surveillance and the loss of privacy,Torso,CrossStripe,Mixed,Keyword,global-rrf,0.6363926354249346,0.5,0.3333333333333333,0.3333333333333333,0.40599970967348,0.253132935937553,0.6,2,0.000466667,55.075199999999995,books-t2016-a=5 | books-t2016-b=5
q094,surveillance and the loss of privacy,Torso,CrossStripe,Mixed,Keyword,minmax-norm,0.7641400943744812,0.6,0.42857142857142855,0.5555555555555556,0.5207104288319121,0.3847428112372204,0.9,2,0.000466667,55.0961,books-t2016-a=8 | books-t2016-b=2
q094,surveillance and the loss of privacy,Torso,CrossStripe,Mixed,Keyword,zscore-norm,0.9128134503355023,0.6,0.42857142857142855,0.6666666666666666,0.6796515757744475,0.4197731621211497,0.9,2,0.000466667,55.085899999999995,books-t2016-a=8 | books-t2016-b=2
q094,surveillance and the loss of privacy,Torso,CrossStripe,Mixed,Keyword,idf-correct-probe,0.9901424788771671,0.8,0.6666666666666666,0.8222222222222222,0.8188957734788256,0.5184664194177255,1,8,0.000566669,310.0323,books-t2016-a=10
q094,surveillance and the loss of privacy,Torso,CrossStripe,Mixed,Keyword,idf-correct-sidecar,0.9901424788771671,0.8,0.6666666666666666,0.8222222222222222,0.8188957734788256,0.5184664194177255,1,2,0.000466667,55.098099999999995,books-t2016-a=10
q095,sisters,Head,CrossStripe,Lexical,Keyword,single-index,1,1,1,1,1,0.8964467476188773,1,1,0.000316667,63.7129,books-oracle2=10
q095,sisters,Head,CrossStripe,Lexical,Keyword,naive-score,0.9983154911510037,1,1,0.9111111111111111,0.8276273626934639,0.8823980944266984,1,2,0.000333334,54.940799999999996,books-t2016-a=10
q095,sisters,Head,CrossStripe,Lexical,Keyword,interleave,0.8977275896474732,0.9,0.8181818181818182,0.9444444444444444,0.7025747303706025,0.798254194326994,0.9,2,0.000333334,54.931,books-t2016-a=9 | books-t2016-b=1
q095,sisters,Head,CrossStripe,Lexical,Keyword,quota-merge,0.8977275896474732,0.9,0.8181818181818182,0.9444444444444444,0.7025747303706025,0.798254194326994,0.9,2,0.000333334,54.9306,books-t2016-a=9 | books-t2016-b=1
q095,sisters,Head,CrossStripe,Lexical,Keyword,global-rrf,0.8977275896474732,0.9,0.8181818181818182,0.9444444444444444,0.7025747303706025,0.798254194326994,0.9,2,0.000333334,54.9342,books-t2016-a=9 | books-t2016-b=1
q095,sisters,Head,CrossStripe,Lexical,Keyword,minmax-norm,0.8970701935828561,0.9,0.8181818181818182,0.8888888888888888,0.6893847521880602,0.788157741005056,0.9,2,0.000333334,54.951299999999996,books-t2016-a=9 | books-t2016-b=1
q095,sisters,Head,CrossStripe,Lexical,Keyword,zscore-norm,0.9983154911510037,1,1,0.9111111111111111,0.8276273626934639,0.8823980944266984,1,2,0.000333334,54.9471,books-t2016-a=10
q095,sisters,Head,CrossStripe,Lexical,Keyword,idf-correct-probe,0.9983154911510037,1,1,0.9111111111111111,0.8276273626934639,0.8823980944266984,1,4,0.000366668,139.2749,books-t2016-a=10
q095,sisters,Head,CrossStripe,Lexical,Keyword,idf-correct-sidecar,0.9983154911510037,1,1,0.9111111111111111,0.8276273626934639,0.8823980944266984,1,2,0.000333334,54.9526,books-t2016-a=10
q096,a mentor who turns out to be wrong about everything,Tail,CrossStripe,Conceptual,Keyword,single-index,1,1,1,1,1,0,1,1,0.000416667,65.581,books-oracle2=10
q096,a mentor who turns out to be wrong about everything,Tail,CrossStripe,Conceptual,Keyword,naive-score,1,1,1,1,0.8591367550184259,0,1,2,0.0004,59.1166,books-t2016-a=10
q096,a mentor who turns out to be wrong about everything,Tail,CrossStripe,Conceptual,Keyword,interleave,0.7090081386375826,0.5,0.3333333333333333,1,0.5062118724963371,0,0.5,2,0.0004,59.1042,books-t2016-a=5 | books-t2016-b=5
q096,a mentor who turns out to be wrong about everything,Tail,CrossStripe,Conceptual,Keyword,quota-merge,0.7503360169121053,0.9,0.8181818181818182,1,0.6020566829499175,0,0.9,2,0.0004,59.102399999999996,books-t2016-a=9 | books-t2016-b=1
q096,a mentor who turns out to be wrong about everything,Tail,CrossStripe,Conceptual,Keyword,global-rrf,0.5416919249358165,0.5,0.3333333333333333,1,0.37374620522453056,0,0.5,2,0.0004,59.1092,books-t2016-a=5 | books-t2016-b=5
q096,a mentor who turns out to be wrong about everything,Tail,CrossStripe,Conceptual,Keyword,minmax-norm,0.7503360169121053,0.9,0.8181818181818182,1,0.6020566829499175,0,0.9,2,0.0004,59.1275,books-t2016-a=9 | books-t2016-b=1
q096,a mentor who turns out to be wrong about everything,Tail,CrossStripe,Conceptual,Keyword,zscore-norm,0.7503360169121053,0.9,0.8181818181818182,1,0.6020566829499175,0,0.9,2,0.0004,59.1249,books-t2016-a=9 | books-t2016-b=1
q096,a mentor who turns out to be wrong about everything,Tail,CrossStripe,Conceptual,Keyword,idf-correct-probe,1,1,1,1,0.8591367550184259,0,1,8,0.000500002,312.5098,books-t2016-a=10
q096,a mentor who turns out to be wrong about everything,Tail,CrossStripe,Conceptual,Keyword,idf-correct-sidecar,1,1,1,1,0.8591367550184259,0,1,2,0.0004,59.1453,books-t2016-a=10
q097,winter cold and isolation in a remote place,Torso,CrossStripe,Conceptual,Keyword,single-index,1,1,1,1,1,0.7026971674032417,1,1,0.000766667,64.3159,books-oracle2=10
q097,winter cold and isolation in a remote place,Torso,CrossStripe,Conceptual,Keyword,naive-score,1,1,1,1,0.8591367550184259,0.7026971674032417,1,2,0.000216667,56.387899999999995,books-t2016-a=10
q097,winter cold and isolation in a remote place,Torso,CrossStripe,Conceptual,Keyword,interleave,1,1,1,1,0.8591367550184259,0.7026971674032417,1,2,0.000216667,56.377199999999995,books-t2016-a=10
q097,winter cold and isolation in a remote place,Torso,CrossStripe,Conceptual,Keyword,quota-merge,1,1,1,1,0.8591367550184259,0.7026971674032417,1,2,0.000216667,56.375699999999995,books-t2016-a=10
q097,winter cold and isolation in a remote place,Torso,CrossStripe,Conceptual,Keyword,global-rrf,1,1,1,1,0.8591367550184259,0.7026971674032417,1,2,0.000216667,56.3812,books-t2016-a=10
q097,winter cold and isolation in a remote place,Torso,CrossStripe,Conceptual,Keyword,minmax-norm,1,1,1,1,0.8591367550184259,0.7026971674032417,1,2,0.000216667,56.396,books-t2016-a=10
q097,winter cold and isolation in a remote place,Torso,CrossStripe,Conceptual,Keyword,zscore-norm,1,1,1,1,0.8591367550184259,0.7026971674032417,1,2,0.000216667,56.3923,books-t2016-a=10
q097,winter cold and isolation in a remote place,Torso,CrossStripe,Conceptual,Keyword,idf-correct-probe,1,1,1,1,0.8591367550184259,0.7026971674032417,1,8,0.000316669,309.6127,books-t2016-a=10
q097,winter cold and isolation in a remote place,Torso,CrossStripe,Conceptual,Keyword,idf-correct-sidecar,1,1,1,1,0.8591367550184259,0.7026971674032417,1,2,0.000216667,56.4105,books-t2016-a=10
q098,money and what people will do for it,Torso,CrossStripe,Conceptual,Keyword,single-index,1,1,1,1,1,0.16866917491253652,0.9,1,0.000816667,64.5093,books-oracle2=10
q098,money and what people will do for it,Torso,CrossStripe,Conceptual,Keyword,naive-score,1,1,1,1,0.8591367550184259,0.16866917491253652,0.9,2,0.000283334,58.2127,books-t2016-a=10
q098,money and what people will do for it,Torso,CrossStripe,Conceptual,Keyword,interleave,0.7090081386375826,0.5,0.3333333333333333,1,0.5062118724963371,0.012414952960894017,0.4,2,0.000283334,58.201,books-t2016-a=5 | books-t2016-b=5
q098,money and what people will do for it,Torso,CrossStripe,Conceptual,Keyword,quota-merge,0.8982658901806848,0.9,0.8181818181818182,1,0.7025747303706025,0.14777310310301886,0.8,2,0.000283334,58.1995,books-t2016-a=9 | books-t2016-b=1
q098,money and what people will do for it,Torso,CrossStripe,Conceptual,Keyword,global-rrf,0.7059236361537091,0.5,0.3333333333333333,1,0.49858052797643776,0.01174944481832715,0.4,2,0.000283334,58.205799999999996,books-t2016-a=5 | books-t2016-b=5
q098,money and what people will do for it,Torso,CrossStripe,Conceptual,Keyword,minmax-norm,0.8599463584664889,0.8,0.6666666666666666,1,0.6674189203474404,0.14571458672811288,0.7,2,0.000283334,58.2239,books-t2016-a=8 | books-t2016-b=2
q098,money and what people will do for it,Torso,CrossStripe,Conceptual,Keyword,zscore-norm,0.8949854794202791,0.8,0.6666666666666666,1,0.7186617254961695,0.1473274620592162,0.7,2,0.000283334,58.2202,books-t2016-a=8 | books-t2016-b=2
q098,money and what people will do for it,Torso,CrossStripe,Conceptual,Keyword,idf-correct-probe,1,1,1,1,0.8591367550184259,0.16866917491253652,0.9,6,0.000350002,228.9049,books-t2016-a=10
q098,money and what people will do for it,Torso,CrossStripe,Conceptual,Keyword,idf-correct-sidecar,1,1,1,1,0.8591367550184259,0.16866917491253652,0.9,2,0.000283334,58.231899999999996,books-t2016-a=10
q099,a rebellion against an unjust authority,Torso,CrossStripe,Conceptual,Keyword,single-index,1,1,1,1,1,0.6624795310311161,1,1,0.0004,64.2726,books-oracle2=10
q099,a rebellion against an unjust authority,Torso,CrossStripe,Conceptual,Keyword,naive-score,1,1,1,1,0.8591367550184259,0.6624795310311161,1,2,0.0005,78.35860000000001,books-t2016-a=10
q099,a rebellion against an unjust authority,Torso,CrossStripe,Conceptual,Keyword,interleave,0.7090081386375826,0.5,0.3333333333333333,1,0.5062118724963371,0.38657300637263625,0.5,2,0.0005,78.3306,books-t2016-a=5 | books-t2016-b=5
q099,a rebellion against an unjust authority,Torso,CrossStripe,Conceptual,Keyword,quota-merge,0.8982658901806848,0.9,0.8181818181818182,1,0.7025747303706025,0.6122623409273467,0.9,2,0.0005,78.32660000000001,books-t2016-a=9 | books-t2016-b=1
q099,a rebellion against an unjust authority,Torso,CrossStripe,Conceptual,Keyword,global-rrf,0.701011197232909,0.5,0.3333333333333333,1,0.4882141472662583,0.38330615190916856,0.5,2,0.0005,78.3356,books-t2016-a=5 | books-t2016-b=5
q099,a rebellion against an unjust authority,Torso,CrossStripe,Conceptual,Keyword,minmax-norm,0.8120078297137806,0.7,0.5384615384615384,1,0.6123667348418876,0.528126992579242,0.7,2,0.0005,78.35690000000001,books-t2016-a=7 | books-t2016-b=3
q099,a rebellion against an unjust authority,Torso,CrossStripe,Conceptual,Keyword,zscore-norm,0.8120078297137806,0.7,0.5384615384615384,1,0.6123667348418876,0.528126992579242,0.7,2,0.0005,78.35220000000001,books-t2016-a=7 | books-t2016-b=3
q099,a rebellion against an unjust authority,Torso,CrossStripe,Conceptual,Keyword,idf-correct-probe,1,1,1,1,0.8591367550184259,0.6624795310311161,1,8,0.000600002,363.8437,books-t2016-a=10
q099,a rebellion against an unjust authority,Torso,CrossStripe,Conceptual,Keyword,idf-correct-sidecar,1,1,1,1,0.8591367550184259,0.6624795310311161,1,2,0.0005,78.36720000000001,books-t2016-a=10
q100,the moment everything changed,Torso,CrossStripe,Conceptual,Keyword,single-index,1,1,1,1,1,0.7917063341896681,1,1,0.00035,65.8173,books-oracle2=10
q100,the moment everything changed,Torso,CrossStripe,Conceptual,Keyword,naive-score,1,1,1,1,0.8591367550184259,0.7917063341896681,1,2,0.000366667,58.3473,books-t2016-a=10
q100,the moment everything changed,Torso,CrossStripe,Conceptual,Keyword,interleave,0.8982658901806848,0.9,0.8181818181818182,1,0.7025747303706025,0.6848374495230163,0.9,2,0.000366667,58.337399999999995,books-t2016-a=9 | books-t2016-b=1
q100,the moment everything changed,Torso,CrossStripe,Conceptual,Keyword,quota-merge,0.8982658901806848,0.9,0.8181818181818182,1,0.7025747303706025,0.6848374495230163,0.9,2,0.000366667,58.3371,books-t2016-a=9 | books-t2016-b=1
q100,the moment everything changed,Torso,CrossStripe,Conceptual,Keyword,global-rrf,0.8982658901806848,0.9,0.8181818181818182,1,0.7025747303706025,0.6848374495230163,0.9,2,0.000366667,58.340199999999996,books-t2016-a=9 | books-t2016-b=1
q100,the moment everything changed,Torso,CrossStripe,Conceptual,Keyword,minmax-norm,0.8982658901806848,0.9,0.8181818181818182,1,0.7025747303706025,0.6848374495230163,0.9,2,0.000366667,58.3634,books-t2016-a=9 | books-t2016-b=1
q100,the moment everything changed,Torso,CrossStripe,Conceptual,Keyword,zscore-norm,1,1,1,1,0.8591367550184259,0.7917063341896681,1,2,0.000366667,58.3944,books-t2016-a=10
q100,the moment everything changed,Torso,CrossStripe,Conceptual,Keyword,idf-correct-probe,1,1,1,1,0.8591367550184259,0.7917063341896681,1,6,0.00043333499999999997,230.1312,books-t2016-a=10
q100,the moment everything changed,Torso,CrossStripe,Conceptual,Keyword,idf-correct-sidecar,1,1,1,1,0.8591367550184259,0.7917063341896681,1,2,0.000366667,58.3673,books-t2016-a=10
