queryId,query,shape,span,intent,mode,strategy,ndcg,recall,jaccard,kendallTau,rbo,judgedNdcg,judgedCoverage,queries,computeUnits,modelTokens,latencyMs,stripeMix
q001,dragons and ancient magic,Torso,StripeLocal,Lexical,Keyword,single-index,1,1,1,1,1,0.8771324975457362,1,1,0.000366667,,64.4494,books-oracle2=10
q001,dragons and ancient magic,Torso,StripeLocal,Lexical,Keyword,single-index-rescored,0.8296000311374757,0.7,0.5384615384615384,0.3333333333333333,0.5831725602345704,1,1,1,0.000366667,,64.4494,books-oracle2=10
q001,dragons and ancient magic,Torso,StripeLocal,Lexical,Keyword,naive-score,0.9629085021362713,0.9,0.8181818181818182,0.9444444444444444,0.9587267249465422,0.871620927986919,1,2,0.0005,,58.757799999999996,books-genre-a=9 | books-genre-b=1
q001,dragons and ancient magic,Torso,StripeLocal,Lexical,Keyword,interleave,0.7084407197431325,0.5,0.3333333333333333,0.8,0.6170673540341023,0.6063187790382619,1,2,0.0005,,58.463,books-genre-a=5 | books-genre-b=5
q001,dragons and ancient magic,Torso,StripeLocal,Lexical,Keyword,quota-merge,0.6909096678105691,0.5,0.3333333333333333,0.8,0.5756131758488364,0.5932409057986997,1,2,0.0005,,59.6215,books-genre-a=5 | books-genre-b=5
q001,dragons and ancient magic,Torso,StripeLocal,Lexical,Keyword,global-rrf,0.6909096678105691,0.5,0.3333333333333333,0.8,0.5756131758488364,0.5932409057986997,1,2,0.0005,,58.4208,books-genre-a=5 | books-genre-b=5
q001,dragons and ancient magic,Torso,StripeLocal,Lexical,Keyword,minmax-norm,0.7925325678431774,0.7,0.5384615384615384,0.9047619047619048,0.6454866344166554,0.7302821051455692,1,2,0.0005,,60.373799999999996,books-genre-a=7 | books-genre-b=3
q001,dragons and ancient magic,Torso,StripeLocal,Lexical,Keyword,zscore-norm,0.5281219527531784,0.6,0.42857142857142855,0.8666666666666667,0.34796973060074066,0.5740520447340661,1,2,0.0005,,60.2673,books-genre-a=6 | books-genre-b=4
q001,dragons and ancient magic,Torso,StripeLocal,Lexical,Keyword,idf-correct-probe,0.9991728380361162,1,1,0.9111111111111111,0.9646749464219601,0.871620927986919,1,10,0.001883334,,441.0126,books-genre-a=10
q001,dragons and ancient magic,Torso,StripeLocal,Lexical,Keyword,idf-correct-sidecar,0.9991728380361162,1,1,0.9111111111111111,0.9646749464219601,0.871620927986919,1,2,0.0005,,58.8314,books-genre-a=10
q001,dragons and ancient magic,Torso,StripeLocal,Lexical,Keyword,global-bm25,0.8771243541894308,0.9,0.8181818181818182,0.5111111111111111,0.6665373714036726,0.9257857076266625,1,2,0.0005,,59.8992,books-genre-a=10
q001,dragons and ancient magic,Torso,StripeLocal,Lexical,Keyword,local-bm25,0.7782400050612652,0.7,0.5384615384615384,0.42857142857142855,0.592351914363302,0.864136823079159,1,2,0.0005,,61.224399999999996,books-genre-a=8 | books-genre-b=2
q002,a young wizard learning to control his powers at a school of magic,Torso,StripeLocal,Conceptual,Keyword,single-index,1,1,1,1,1,0.44426423489927896,1,1,0.000433333,,65.0743,books-oracle2=10
q002,a young wizard learning to control his powers at a school of magic,Torso,StripeLocal,Conceptual,Keyword,single-index-rescored,0.772158742578048,0.6,0.42857142857142855,0.3333333333333333,0.42256848098103755,0.585521694489924,1,1,0.000433333,,65.0743,books-oracle2=10
q002,a young wizard learning to control his powers at a school of magic,Torso,StripeLocal,Conceptual,Keyword,naive-score,0.9980574769566493,0.9,0.8181818181818182,0.9555555555555556,0.9660702082495274,0.38559845355963623,1,2,0.0008,,65.45259999999999,books-genre-a=10
q002,a young wizard learning to control his powers at a school of magic,Torso,StripeLocal,Conceptual,Keyword,interleave,0.7966314553710461,0.5,0.3333333333333333,0.23809523809523808,0.6170673540341023,0.24492889556318703,1,2,0.0008,,65.46719999999999,books-genre-a=5 | books-genre-b=5
q002,a young wizard learning to control his powers at a school of magic,Torso,StripeLocal,Conceptual,Keyword,quota-merge,0.7945659946822806,0.5,0.3333333333333333,0.23809523809523808,0.609723870731117,0.24380028045371388,1,2,0.0008,,65.44239999999999,books-genre-a=5 | books-genre-b=5
q002,a young wizard learning to control his powers at a school of magic,Torso,StripeLocal,Conceptual,Keyword,global-rrf,0.7945659946822806,0.5,0.3333333333333333,0.23809523809523808,0.609723870731117,0.24380028045371388,1,2,0.0008,,65.5086,books-genre-a=5 | books-genre-b=5
q002,a young wizard learning to control his powers at a school of magic,Torso,StripeLocal,Conceptual,Keyword,minmax-norm,0.6631586307193901,0.3,0.17647058823529413,-0.06666666666666667,0.389863479253935,0.17284494866437614,1,2,0.0008,,65.5041,books-genre-a=3 | books-genre-b=7
q002,a young wizard learning to control his powers at a school of magic,Torso,StripeLocal,Conceptual,Keyword,zscore-norm,0.7667171231977694,0.5,0.3333333333333333,0.047619047619047616,0.5201413916727573,0.21793396513730257,1,2,0.0008,,65.497,books-genre-a=5 | books-genre-b=5
q002,a young wizard learning to control his powers at a school of magic,Torso,StripeLocal,Conceptual,Keyword,idf-correct-probe,0.9980574769566493,0.9,0.8181818181818182,0.9555555555555556,0.9660702082495274,0.38559845355963623,1,14,0.0035333319999999997,,600.0889000000001,books-genre-a=10
q002,a young wizard learning to control his powers at a school of magic,Torso,StripeLocal,Conceptual,Keyword,idf-correct-sidecar,0.9980574769566493,0.9,0.8181818181818182,0.9555555555555556,0.9660702082495274,0.38559845355963623,1,2,0.0008,,65.5379,books-genre-a=10
q002,a young wizard learning to control his powers at a school of magic,Torso,StripeLocal,Conceptual,Keyword,global-bm25,0.8213933596031457,0.7,0.5384615384615384,0.28888888888888886,0.45669586259132383,0.5667667581972401,1,2,0.0008,,67.54589999999999,books-genre-a=10
q002,a young wizard learning to control his powers at a school of magic,Torso,StripeLocal,Conceptual,Keyword,local-bm25,0.7001015875660394,0.6,0.42857142857142855,0.3333333333333333,0.4317478351097692,0.5529372697461326,1,2,0.0008,,67.4735,books-genre-a=7 | books-genre-b=3
q003,epic fantasy quest to destroy an artifact,Torso,StripeLocal,Mixed,Keyword,single-index,1,1,1,1,1,0.2748545757000134,1,1,0.000416667,,65.3163,books-oracle2=10
q003,epic fantasy quest to destroy an artifact,Torso,StripeLocal,Mixed,Keyword,single-index-rescored,0.4267017711285676,0.3,0.17647058823529413,-0.15555555555555556,0.041710985160956594,0.34199928793974005,1,1,0.000416667,,65.3163,books-oracle2=10
q003,epic fantasy quest to destroy an artifact,Torso,StripeLocal,Mixed,Keyword,naive-score,0.7665187889687616,0.4,0.25,0.28888888888888886,0.4782232262519906,0.15522443032254213,1,2,0.00075,,61.673500000000004,books-genre-a=4 | books-genre-b=6
q003,epic fantasy quest to destroy an artifact,Torso,StripeLocal,Mixed,Keyword,interleave,0.8075427686373078,0.5,0.3333333333333333,0.3333333333333333,0.53296910921566,0.1375443403341808,1,2,0.00075,,61.664300000000004,books-genre-a=5 | books-genre-b=5
q003,epic fantasy quest to destroy an artifact,Torso,StripeLocal,Mixed,Keyword,quota-merge,0.8060840015994168,0.5,0.3333333333333333,0.24444444444444444,0.5213127865125087,0.13928253895034998,1,2,0.00075,,61.6454,books-genre-a=5 | books-genre-b=5
q003,epic fantasy quest to destroy an artifact,Torso,StripeLocal,Mixed,Keyword,global-rrf,0.8060840015994168,0.5,0.3333333333333333,0.24444444444444444,0.5213127865125087,0.13928253895034998,1,2,0.00075,,61.6741,books-genre-a=5 | books-genre-b=5
q003,epic fantasy quest to destroy an artifact,Torso,StripeLocal,Mixed,Keyword,minmax-norm,0.7834321414757199,0.4,0.25,0.3333333333333333,0.5196774044372565,0.1382229965569541,1,2,0.00075,,61.7282,books-genre-a=4 | books-genre-b=6
q003,epic fantasy quest to destroy an artifact,Torso,StripeLocal,Mixed,Keyword,zscore-norm,0.8028005633286321,0.4,0.25,0.37777777777777777,0.5196774044372565,0.15915640854087934,1,2,0.00075,,61.7179,books-genre-a=4 | books-genre-b=6
q003,epic fantasy quest to destroy an artifact,Torso,StripeLocal,Mixed,Keyword,idf-correct-probe,0.8140902395613044,0.6,0.42857142857142855,0.37777777777777777,0.49766074236562585,0.13048274955077963,1,12,0.002699999,,502.02009999999996,books-genre-a=10
q003,epic fantasy quest to destroy an artifact,Torso,StripeLocal,Mixed,Keyword,idf-correct-sidecar,0.8140902395613044,0.6,0.42857142857142855,0.37777777777777777,0.49766074236562585,0.13048274955077963,1,2,0.00075,,61.7395,books-genre-a=10
q003,epic fantasy quest to destroy an artifact,Torso,StripeLocal,Mixed,Keyword,global-bm25,0.5424882870533627,0.5,0.3333333333333333,-0.07142857142857142,0.1170433667932298,0.38960696824991553,1,2,0.00075,,64.0254,books-genre-a=8 | books-genre-b=2
q003,epic fantasy quest to destroy an artifact,Torso,StripeLocal,Mixed,Keyword,local-bm25,0.47715412019681114,0.5,0.3333333333333333,-0.23809523809523808,0.08913007154964639,0.3220873334598719,1,2,0.00075,,63.683400000000006,books-genre-a=6 | books-genre-b=4
q004,vampires,Head,StripeLocal,Lexical,Keyword,single-index,1,1,1,1,1,1,1,1,0.000316667,,62.5289,books-oracle2=10
q004,vampires,Head,StripeLocal,Lexical,Keyword,single-index-rescored,0.6672772247211125,0.6,0.42857142857142855,-0.022222222222222223,0.3071849130306321,1,1,1,0.000316667,,62.5289,books-oracle2=10
q004,vampires,Head,StripeLocal,Lexical,Keyword,naive-score,0.6217500680296282,0.8,0.6666666666666666,0.9285714285714286,0.430645595535999,0.9206500320722545,1,2,0.00030000000000000003,,56.3547,books-genre-a=8 | books-genre-b=2
q004,vampires,Head,StripeLocal,Lexical,Keyword,interleave,0.7003946037998063,0.5,0.3333333333333333,1,0.6170673540341023,0.9458352203602566,1,2,0.00030000000000000003,,56.345600000000005,books-genre-a=5 | books-genre-b=5
q004,vampires,Head,StripeLocal,Lexical,Keyword,quota-merge,0.6957971787073703,0.5,0.3333333333333333,1,0.5980675480279657,0.9458352203602566,1,2,0.00030000000000000003,,56.3313,books-genre-a=5 | books-genre-b=5
q004,vampires,Head,StripeLocal,Lexical,Keyword,global-rrf,0.6957971787073703,0.5,0.3333333333333333,1,0.5980675480279657,0.9458352203602566,1,2,0.00030000000000000003,,56.382,books-genre-a=5 | books-genre-b=5
q004,vampires,Head,StripeLocal,Lexical,Keyword,minmax-norm,0.8221588990043313,0.8,0.6666666666666666,0.9285714285714286,0.6532698857902054,0.9371166382005486,1,2,0.00030000000000000003,,56.3932,books-genre-a=8 | books-genre-b=2
q004,vampires,Head,StripeLocal,Lexical,Keyword,zscore-norm,0.6217500680296282,0.8,0.6666666666666666,0.9285714285714286,0.430645595535999,0.9206500320722545,1,2,0.00030000000000000003,,56.392,books-genre-a=8 | books-genre-b=2
q004,vampires,Head,StripeLocal,Lexical,Keyword,idf-correct-probe,0.999872026239713,1,1,0.9555555555555556,0.9883436772968487,1,1,4,0.000716667,,145.95159999999998,books-genre-a=10
q004,vampires,Head,StripeLocal,Lexical,Keyword,idf-correct-sidecar,0.999872026239713,1,1,0.9555555555555556,0.9883436772968487,1,1,2,0.00030000000000000003,,56.403600000000004,books-genre-a=10
q004,vampires,Head,StripeLocal,Lexical,Keyword,global-bm25,0.6711809046339259,0.6,0.42857142857142855,-0.06666666666666667,0.3071849130306321,1,1,2,0.00030000000000000003,,61.267700000000005,books-genre-a=10
q004,vampires,Head,StripeLocal,Lexical,Keyword,local-bm25,0.07138706595310608,0.1,0.05263157894736842,0,0.0492374295588158,0.7855798263553452,1,2,0.00030000000000000003,,58.0125,books-genre-a=1 | books-genre-b=9
q005,haunted house that torments the family living in it,Torso,StripeLocal,Conceptual,Keyword,single-index,1,1,1,1,1,0.17316110564744658,1,1,0.000866667,,66.5796,books-oracle2=10
q005,haunted house that torments the family living in it,Torso,StripeLocal,Conceptual,Keyword,single-index-rescored,0.43980906069465653,0.1,0.05263157894736842,0.28888888888888886,0.0492374295588158,0.3515407973369724,0.9,1,0.000866667,,66.5796,books-oracle2=10
q005,haunted house that torments the family living in it,Torso,StripeLocal,Conceptual,Keyword,naive-score,0.9889142500674626,0.8,0.6666666666666666,0.9111111111111111,0.9539937030944976,0.1363737776145774,1,2,0.000783333,,62.600500000000004,books-genre-a=7 | books-genre-b=3
q005,haunted house that torments the family living in it,Torso,StripeLocal,Conceptual,Keyword,interleave,0.9356799155679614,0.7,0.5384615384615384,0.5111111111111111,0.6736657945515239,0.1916746256868787,1,2,0.000783333,,62.5991,books-genre-a=5 | books-genre-b=5
q005,haunted house that torments the family living in it,Torso,StripeLocal,Conceptual,Keyword,quota-merge,0.9303187313638291,0.7,0.5384615384615384,0.37777777777777777,0.6345192579473478,0.1928245002092065,1,2,0.000783333,,62.571400000000004,books-genre-a=5 | books-genre-b=5
q005,haunted house that torments the family living in it,Torso,StripeLocal,Conceptual,Keyword,global-rrf,0.9303187313638291,0.7,0.5384615384615384,0.37777777777777777,0.6345192579473478,0.1928245002092065,1,2,0.000783333,,62.6683,books-genre-a=5 | books-genre-b=5
q005,haunted house that torments the family living in it,Torso,StripeLocal,Conceptual,Keyword,minmax-norm,0.9423594391688827,0.7,0.5384615384615384,0.6888888888888889,0.7460834975018786,0.19485072660775485,1,2,0.000783333,,62.6455,books-genre-a=5 | books-genre-b=5
q005,haunted house that torments the family living in it,Torso,StripeLocal,Conceptual,Keyword,zscore-norm,0.8352674609735625,0.7,0.5384615384615384,0.5111111111111111,0.5293111554014925,0.1916746256868787,1,2,0.000783333,,62.6393,books-genre-a=5 | books-genre-b=5
q005,haunted house that torments the family living in it,Torso,StripeLocal,Conceptual,Keyword,idf-correct-probe,0.9900883909042084,0.9,0.8181818181818182,0.9111111111111111,0.9658726183897135,0.17374411511160834,1,12,0.003,,515.0663,books-genre-a=9 | books-genre-b=1
q005,haunted house that torments the family living in it,Torso,StripeLocal,Conceptual,Keyword,idf-correct-sidecar,0.9894520758445774,0.9,0.8181818181818182,0.7777777777777778,0.9493497809579967,0.1739419013418577,1,2,0.000783333,,62.7084,books-genre-a=9 | books-genre-b=1
q005,haunted house that torments the family living in it,Torso,StripeLocal,Conceptual,Keyword,global-bm25,0.5532349855625655,0.3,0.17647058823529413,-0.2,0.06847735581263734,0.3390981236749208,0.9,2,0.000783333,,65.033,books-genre-a=8 | books-genre-b=2
q005,haunted house that torments the family living in it,Torso,StripeLocal,Conceptual,Keyword,local-bm25,0.5381720574104911,0.3,0.17647058823529413,-0.4222222222222222,0.06847735581263734,0.47030405938409264,0.9,2,0.000783333,,65.0209,books-genre-a=8 | books-genre-b=2
q006,generation starship colonists who forget they are on a ship,Tail,StripeLocal,Conceptual,Keyword,single-index,1,1,1,1,1,0.31847094179316154,1,1,0.000383333,,64.3952,books-oracle2=10
q006,generation starship colonists who forget they are on a ship,Tail,StripeLocal,Conceptual,Keyword,single-index-rescored,0.7856668710836685,0.4,0.25,0.5555555555555556,0.4707063722541276,0.5966005535048481,1,1,0.000383333,,64.3952,books-oracle2=10
q006,generation starship colonists who forget they are on a ship,Tail,StripeLocal,Conceptual,Keyword,naive-score,0.9975182814016397,0.9,0.8181818181818182,0.9111111111111111,0.9775289410928649,0.19828306441449237,1,2,0.000716667,,61.9247,books-genre-a=6 | books-genre-b=4
q006,generation starship colonists who forget they are on a ship,Tail,StripeLocal,Conceptual,Keyword,interleave,0.9728614358480029,0.8,0.6666666666666666,0.6,0.7916500263368166,0.19220935924232802,1,2,0.000716667,,61.9212,books-genre-a=5 | books-genre-b=5
q006,generation starship colonists who forget they are on a ship,Tail,StripeLocal,Conceptual,Keyword,quota-merge,0.8983171686673751,0.8,0.6666666666666666,0.5111111111111111,0.6307725497550684,0.14105846910360167,1,2,0.000716667,,61.9082,books-genre-a=5 | books-genre-b=5
q006,generation starship colonists who forget they are on a ship,Tail,StripeLocal,Conceptual,Keyword,global-rrf,0.8983171686673751,0.8,0.6666666666666666,0.5111111111111111,0.6307725497550684,0.14105846910360167,1,2,0.000716667,,61.9369,books-genre-a=5 | books-genre-b=5
q006,generation starship colonists who forget they are on a ship,Tail,StripeLocal,Conceptual,Keyword,minmax-norm,0.9022429359596815,0.8,0.6666666666666666,0.6444444444444445,0.6812076512816377,0.14713217427576603,1,2,0.000716667,,62.016000000000005,books-genre-a=5 | books-genre-b=5
q006,generation starship colonists who forget they are on a ship,Tail,StripeLocal,Conceptual,Keyword,zscore-norm,0.8947788859619364,0.8,0.6666666666666666,0.37777777777777777,0.5838594485053482,0.1336409957193494,1,2,0.000716667,,62.0696,books-genre-a=5 | books-genre-b=5
q006,generation starship colonists who forget they are on a ship,Tail,StripeLocal,Conceptual,Keyword,idf-correct-probe,0.9909363563750079,0.8,0.6666666666666666,1,0.9642372363144613,0.3695102265896278,1,12,0.0028499989999999998,,507.3741,books-genre-a=9 | books-genre-b=1
q006,generation starship colonists who forget they are on a ship,Tail,StripeLocal,Conceptual,Keyword,idf-correct-sidecar,0.9955583580987839,0.9,0.8181818181818182,1,0.9775289410928649,0.32344584076133215,1,2,0.000716667,,61.9542,books-genre-a=8 | books-genre-b=2
q006,generation starship colonists who forget they are on a ship,Tail,StripeLocal,Conceptual,Keyword,global-bm25,0.8444486567104017,0.7,0.5384615384615384,0.28888888888888886,0.5405965175499525,0.5966005535048481,1,2,0.000716667,,63.484100000000005,books-genre-a=9 | books-genre-b=1
q006,generation starship colonists who forget they are on a ship,Tail,StripeLocal,Conceptual,Keyword,local-bm25,0.8337698258088031,0.6,0.42857142857142855,0.3333333333333333,0.5273048127715491,0.5966005535048481,1,2,0.000716667,,63.2734,books-genre-a=9 | books-genre-b=1
q007,artificial intelligence becomes self aware,Torso,StripeLocal,Mixed,Keyword,single-index,1,1,1,1,1,0.3082334329023211,1,1,0.0004,,65.3176,books-oracle2=10
q007,artificial intelligence becomes self aware,Torso,StripeLocal,Mixed,Keyword,single-index-rescored,0.6469720348028789,0.5,0.3333333333333333,0.6,0.3607554502401743,0.398010665624612,1,1,0.0004,,65.3176,books-oracle2=10
q007,artificial intelligence becomes self aware,Torso,StripeLocal,Mixed,Keyword,naive-score,0.9486126941124706,0.7,0.5384615384615384,0.37777777777777777,0.6887758425000533,0.3448947835990388,1,2,0.000733334,,60.3266,books-genre-a=6 | books-genre-b=4
q007,artificial intelligence becomes self aware,Torso,StripeLocal,Mixed,Keyword,interleave,0.8435934822264373,0.8,0.6666666666666666,0.2,0.5210433400986691,0.4427005611257323,1,2,0.000733334,,60.312799999999996,books-genre-a=5 | books-genre-b=5
q007,artificial intelligence becomes self aware,Torso,StripeLocal,Mixed,Keyword,quota-merge,0.8483382679080298,0.8,0.6666666666666666,0.24444444444444444,0.5411900706967083,0.44390591826790443,1,2,0.000733334,,60.3063,books-genre-a=5 | books-genre-b=5
q007,artificial intelligence becomes self aware,Torso,StripeLocal,Mixed,Keyword,global-rrf,0.8483382679080298,0.8,0.6666666666666666,0.24444444444444444,0.5411900706967083,0.44390591826790443,1,2,0.000733334,,60.3223,books-genre-a=5 | books-genre-b=5
q007,artificial intelligence becomes self aware,Torso,StripeLocal,Mixed,Keyword,minmax-norm,0.8149280665167223,0.7,0.5384615384615384,0.06666666666666667,0.4834622332430046,0.48923035883320865,1,2,0.000733334,,60.3632,books-genre-a=7 | books-genre-b=3
q007,artificial intelligence becomes self aware,Torso,StripeLocal,Mixed,Keyword,zscore-norm,0.9335526052007131,0.7,0.5384615384615384,0.28888888888888886,0.627174933716748,0.3640235342967483,1,2,0.000733334,,60.3637,books-genre-a=6 | books-genre-b=4
q007,artificial intelligence becomes self aware,Torso,StripeLocal,Mixed,Keyword,idf-correct-probe,0.9329569447884372,0.7,0.5384615384615384,0.24444444444444444,0.6198314504137626,0.36543538064892567,1,12,0.0026833329999999996,,500.4801,books-genre-a=6 | books-genre-b=4
q007,artificial intelligence becomes self aware,Torso,StripeLocal,Mixed,Keyword,idf-correct-sidecar,0.9329569447884372,0.7,0.5384615384615384,0.24444444444444444,0.6198314504137626,0.36543538064892567,1,2,0.000733334,,60.4704,books-genre-a=6 | books-genre-b=4
q007,artificial intelligence becomes self aware,Torso,StripeLocal,Mixed,Keyword,global-bm25,0.6469720348028789,0.5,0.3333333333333333,0.6,0.3607554502401743,0.398010665624612,1,2,0.000733334,,61.9249,books-genre-a=7 | books-genre-b=3
q007,artificial intelligence becomes self aware,Torso,StripeLocal,Mixed,Keyword,local-bm25,0.6102457231529681,0.5,0.3333333333333333,0.5555555555555556,0.3889346103750425,0.39519419569567255,1,2,0.000733334,,61.671,books-genre-a=7 | books-genre-b=3
q008,hard science fiction about terraforming Mars,Tail,StripeLocal,Mixed,Keyword,single-index,1,1,1,1,1,0.8987028428087189,1,1,0.000383333,,68.3177,books-oracle2=10
q008,hard science fiction about terraforming Mars,Tail,StripeLocal,Mixed,Keyword,single-index-rescored,0.9351320580919565,0.6,0.42857142857142855,0.8666666666666667,0.7615416209452842,0.9243885660572466,1,1,0.000383333,,68.3177,books-oracle2=10
q008,hard science fiction about terraforming Mars,Tail,StripeLocal,Mixed,Keyword,naive-score,0.939987157168564,0.9,0.8181818181818182,0.9111111111111111,0.8331743019428337,0.8980123774524449,1,2,0.000716667,,61.155199999999994,books-genre-a=8 | books-genre-b=2
q008,hard science fiction about terraforming Mars,Tail,StripeLocal,Mixed,Keyword,interleave,0.8196386598067033,0.6,0.42857142857142855,0.3333333333333333,0.46382722393675124,0.7795540525916405,1,2,0.000716667,,61.142599999999995,books-genre-a=5 | books-genre-b=5
q008,hard science fiction about terraforming Mars,Tail,StripeLocal,Mixed,Keyword,quota-merge,0.8181601900168001,0.6,0.42857142857142855,0.28888888888888886,0.4521709012336,0.7795540525916405,1,2,0.000716667,,61.1344,books-genre-a=5 | books-genre-b=5
q008,hard science fiction about terraforming Mars,Tail,StripeLocal,Mixed,Keyword,global-rrf,0.8181601900168001,0.6,0.42857142857142855,0.28888888888888886,0.4521709012336,0.7795540525916405,1,2,0.000716667,,61.289199999999994,books-genre-a=5 | books-genre-b=5
q008,hard science fiction about terraforming Mars,Tail,StripeLocal,Mixed,Keyword,minmax-norm,0.9194066954361231,0.7,0.5384615384615384,0.5555555555555556,0.692501835771906,0.8781474528063019,1,2,0.000716667,,61.1962,books-genre-a=6 | books-genre-b=4
q008,hard science fiction about terraforming Mars,Tail,StripeLocal,Mixed,Keyword,zscore-norm,0.8349450382428886,0.6,0.42857142857142855,0.3333333333333333,0.5418992851811125,0.6474822405356823,1,2,0.000716667,,61.181999999999995,books-genre-a=5 | books-genre-b=5
q008,hard science fiction about terraforming Mars,Tail,StripeLocal,Mixed,Keyword,idf-correct-probe,0.9423429491369721,0.9,0.8181818181818182,0.9555555555555556,0.840517785245819,0.8987028428087189,1,14,0.0032333320000000002,,618.0035,books-genre-a=9 | books-genre-b=1
q008,hard science fiction about terraforming Mars,Tail,StripeLocal,Mixed,Keyword,idf-correct-sidecar,0.9423429491369721,0.9,0.8181818181818182,0.9555555555555556,0.840517785245819,0.8987028428087189,1,2,0.000716667,,61.2007,books-genre-a=9 | books-genre-b=1
q008,hard science fiction about terraforming Mars,Tail,StripeLocal,Mixed,Keyword,global-bm25,0.9351320580919565,0.6,0.42857142857142855,0.8666666666666667,0.7615416209452842,0.9243885660572466,1,2,0.000716667,,62.7947,books-genre-a=10
q008,hard science fiction about terraforming Mars,Tail,StripeLocal,Mixed,Keyword,local-bm25,0.9294271035128515,0.6,0.42857142857142855,0.7333333333333333,0.733362460810416,0.9061842630305686,1,2,0.000716667,,62.5586,books-genre-a=9 | books-genre-b=1
q009,cyberpunk hacker corporate dystopia,Torso,StripeLocal,Lexical,Keyword,single-index,1,1,1,1,1,0.6271258586362687,1,1,0.000283333,,63.2355,books-oracle2=10
q009,cyberpunk hacker corporate dystopia,Torso,StripeLocal,Lexical,Keyword,single-index-rescored,0.6981676349316245,0.6,0.42857142857142855,0.4666666666666667,0.2547163508185027,0.821686241587554,1,1,0.000283333,,63.2355,books-oracle2=10
q009,cyberpunk hacker corporate dystopia,Torso,StripeLocal,Lexical,Keyword,naive-score,0.9442307409673631,0.9,0.8181818181818182,0.9555555555555556,0.840517785245819,0.5575007251295324,1,2,0.000283333,,85.4489,books-genre-a=7 | books-genre-b=3
q009,cyberpunk hacker corporate dystopia,Torso,StripeLocal,Lexical,Keyword,interleave,0.9725820648509785,0.8,0.6666666666666666,0.7777777777777778,0.8746547572561014,0.5296143007772849,1,2,0.000283333,,85.4283,books-genre-a=5 | books-genre-b=5
q009,cyberpunk hacker corporate dystopia,Torso,StripeLocal,Lexical,Keyword,quota-merge,0.9168639356076707,0.8,0.6666666666666666,0.6444444444444445,0.7094644412741874,0.45773692354319473,1,2,0.000283333,,85.42389999999999,books-genre-a=5 | books-genre-b=5
q009,cyberpunk hacker corporate dystopia,Torso,StripeLocal,Lexical,Keyword,global-rrf,0.9168639356076707,0.8,0.6666666666666666,0.6444444444444445,0.7094644412741874,0.45773692354319473,1,2,0.000283333,,85.4361,books-genre-a=5 | books-genre-b=5
q009,cyberpunk hacker corporate dystopia,Torso,StripeLocal,Lexical,Keyword,minmax-norm,0.9442307409673631,0.9,0.8181818181818182,0.9555555555555556,0.840517785245819,0.5575007251295324,1,2,0.000283333,,85.4739,books-genre-a=7 | books-genre-b=3
q009,cyberpunk hacker corporate dystopia,Torso,StripeLocal,Lexical,Keyword,zscore-norm,0.9330085913228031,0.9,0.8181818181818182,0.7333333333333333,0.7770818465643821,0.5231229033575913,1,2,0.000283333,,85.4664,books-genre-a=6 | books-genre-b=4
q009,cyberpunk hacker corporate dystopia,Torso,StripeLocal,Lexical,Keyword,idf-correct-probe,0.9377947660770964,0.8,0.6666666666666666,0.9555555555555556,0.7638143609509146,0.7547872978039318,1,10,0.001983332,,435.2211,books-genre-a=9 | books-genre-b=1
q009,cyberpunk hacker corporate dystopia,Torso,StripeLocal,Lexical,Keyword,idf-correct-sidecar,0.9698229798116819,0.9,0.8181818181818182,0.8222222222222222,0.8130517905097306,0.690909029386682,1,2,0.000283333,,85.48129999999999,books-genre-a=8 | books-genre-b=2
q009,cyberpunk hacker corporate dystopia,Torso,StripeLocal,Lexical,Keyword,global-bm25,0.6981676349316245,0.6,0.42857142857142855,0.4666666666666667,0.2547163508185027,0.821686241587554,1,2,0.000283333,,87.1909,books-genre-a=10
q009,cyberpunk hacker corporate dystopia,Torso,StripeLocal,Lexical,Keyword,local-bm25,0.7798424298771673,0.7,0.5384615384615384,0.37777777777777777,0.44412026140927646,0.5996023263327054,1,2,0.000283333,,86.8104,books-genre-a=7 | books-genre-b=3
q010,a locked room murder that seems impossible to have committed,Tail,StripeLocal,Conceptual,Keyword,single-index,1,1,1,1,1,0.561387795497429,1,1,0.000383333,,94.1837,books-oracle2=10
q010,a locked room murder that seems impossible to have committed,Tail,StripeLocal,Conceptual,Keyword,single-index-rescored,0.7386618919039348,0.6,0.42857142857142855,0.3333333333333333,0.34728078436689697,0.5865886514062755,1,1,0.000383333,,94.1837,books-oracle2=10
q010,a locked room murder that seems impossible to have committed,Tail,StripeLocal,Conceptual,Keyword,naive-score,0.984976797260741,0.9,0.8181818181818182,0.7333333333333333,0.8402180952804749,0.518082312439755,1,2,0.0007,,64.244,books-genre-a=5 | books-genre-b=5
q010,a locked room murder that seems impossible to have committed,Tail,StripeLocal,Conceptual,Keyword,interleave,0.9378022618740759,0.9,0.8181818181818182,0.6,0.7076460981040615,0.5051112711176904,1,2,0.0007,,64.12,books-genre-a=5 | books-genre-b=5
q010,a locked room murder that seems impossible to have committed,Tail,StripeLocal,Conceptual,Keyword,quota-merge,0.9421418731488821,0.9,0.8181818181818182,0.6888888888888889,0.7692470068873666,0.4831089036752555,1,2,0.0007,,64.1073,books-genre-a=5 | books-genre-b=5
q010,a locked room murder that seems impossible to have committed,Tail,StripeLocal,Conceptual,Keyword,global-rrf,0.9421418731488821,0.9,0.8181818181818182,0.6888888888888889,0.7692470068873666,0.4831089036752555,1,2,0.0007,,64.1221,books-genre-a=5 | books-genre-b=5
q010,a locked room murder that seems impossible to have committed,Tail,StripeLocal,Conceptual,Keyword,minmax-norm,0.9272717720842787,0.9,0.8181818181818182,0.7777777777777778,0.6796645278290068,0.5463281835227466,1,2,0.0007,,64.1579,books-genre-a=6 | books-genre-b=4
q010,a locked room murder that seems impossible to have committed,Tail,StripeLocal,Conceptual,Keyword,zscore-norm,0.9938590948531995,0.9,0.8181818181818182,0.7333333333333333,0.8813268219808635,0.5653581207060437,1,2,0.0007,,64.1483,books-genre-a=5 | books-genre-b=5
q010,a locked room murder that seems impossible to have committed,Tail,StripeLocal,Conceptual,Keyword,idf-correct-probe,0.9890869106650795,0.9,0.8181818181818182,0.9111111111111111,0.9227810001661295,0.5831770877496449,1,14,0.0034833340000000007,,594.9931,books-genre-a=6 | books-genre-b=4
q010,a locked room murder that seems impossible to have committed,Tail,StripeLocal,Conceptual,Keyword,idf-correct-sidecar,0.9975081667223514,0.9,0.8181818181818182,0.7777777777777778,0.9507625704411842,0.5430887904540619,1,2,0.0007,,64.2648,books-genre-a=5 | books-genre-b=5
q010,a locked room murder that seems impossible to have committed,Tail,StripeLocal,Conceptual,Keyword,global-bm25,0.7386618919039348,0.6,0.42857142857142855,0.3333333333333333,0.34728078436689697,0.5865886514062755,1,2,0.0007,,65.8074,books-genre-a=6 | books-genre-b=4
q010,a locked room murder that seems impossible to have committed,Tail,StripeLocal,Conceptual,Keyword,local-bm25,0.7777704791417733,0.5,0.3333333333333333,0.24444444444444444,0.39390002243520517,0.5084601750701846,1,2,0.0007,,65.4583,books-genre-a=4 | books-genre-b=6
q011,detective investigating a serial killer,Torso,StripeLocal,Mixed,Keyword,single-index,1,1,1,1,1,0.8294342655561396,1,1,0.00035,,62.9553,books-oracle2=10
q011,detective investigating a serial killer,Torso,StripeLocal,Mixed,Keyword,single-index-rescored,0.5028357562451876,0.3,0.17647058823529413,0.3333333333333333,0.1690742188978605,0.8664852524325113,1,1,0.00035,,62.9553,books-oracle2=10
q011,detective investigating a serial killer,Torso,StripeLocal,Mixed,Keyword,naive-score,0.9399155744596093,0.8,0.6666666666666666,0.3333333333333333,0.6947240639754714,0.7533111229776094,1,2,0.000616667,,58.3943,books-genre-a=8 | books-genre-b=2
q011,detective investigating a serial killer,Torso,StripeLocal,Mixed,Keyword,interleave,0.807945074535647,0.5,0.3333333333333333,0.14285714285714285,0.6170673540341023,0.7118323599828381,1,2,0.000616667,,58.380700000000004,books-genre-a=5 | books-genre-b=5
q011,detective investigating a serial killer,Torso,StripeLocal,Mixed,Keyword,quota-merge,0.7966448749375341,0.5,0.3333333333333333,0.047619047619047616,0.5756131758488364,0.6987544867432758,1,2,0.000616667,,58.375,books-genre-a=5 | books-genre-b=5
q011,detective investigating a serial killer,Torso,StripeLocal,Mixed,Keyword,global-rrf,0.7966448749375341,0.5,0.3333333333333333,0.047619047619047616,0.5756131758488364,0.6987544867432758,1,2,0.000616667,,58.3877,books-genre-a=5 | books-genre-b=5
q011,detective investigating a serial killer,Torso,StripeLocal,Mixed,Keyword,minmax-norm,0.8538001764726753,0.6,0.42857142857142855,0.21428571428571427,0.63812562345805,0.7147091296281611,1,2,0.000616667,,58.424,books-genre-a=6 | books-genre-b=4
q011,detective investigating a serial killer,Torso,StripeLocal,Mixed,Keyword,zscore-norm,0.7346876527383409,0.6,0.42857142857142855,0.14285714285714285,0.4578252595276063,0.7582491156539956,1,2,0.000616667,,58.4182,books-genre-a=6 | books-genre-b=4
q011,detective investigating a serial killer,Torso,StripeLocal,Mixed,Keyword,idf-correct-probe,0.9920343182996518,0.9,0.8181818181818182,0.8666666666666667,0.9172725467612761,0.7726449311666633,1,10,0.002366666,,408.9682,books-genre-a=10
q011,detective investigating a serial killer,Torso,StripeLocal,Mixed,Keyword,idf-correct-sidecar,0.9857145286953469,0.8,0.6666666666666666,0.8222222222222222,0.9021449711571261,0.7749021613856096,1,2,0.000616667,,58.5045,books-genre-a=9 | books-genre-b=1
q011,detective investigating a serial killer,Torso,StripeLocal,Mixed,Keyword,global-bm25,0.5677610662265373,0.5,0.3333333333333333,0.1111111111111111,0.19749349928041368,0.9206500320722545,1,2,0.000616667,,59.986200000000004,books-genre-a=9 | books-genre-b=1
q011,detective investigating a serial killer,Torso,StripeLocal,Mixed,Keyword,local-bm25,0.3055512243285674,0.3,0.17647058823529413,0,0.14109264862280596,0.731955436036926,1,2,0.000616667,,59.7431,books-genre-a=4 | books-genre-b=6
q012,espionage thriller cold war spy,Torso,StripeLocal,Lexical,Keyword,single-index,1,1,1,1,1,0.5442601090382408,1,1,0.000383333,,63.6181,books-oracle2=10
q012,espionage thriller cold war spy,Torso,StripeLocal,Lexical,Keyword,single-index-rescored,0.9372750760526952,0.6,0.42857142857142855,0.7333333333333333,0.7295431324145415,0.6774254634044772,1,1,0.000383333,,63.6181,books-oracle2=10
q012,espionage thriller cold war spy,Torso,StripeLocal,Lexical,Keyword,naive-score,0.9807696767633975,0.8,0.6666666666666666,0.6,0.862576194138006,0.5409830593470893,1,2,0.0005499999999999999,,59.5435,books-genre-a=6 | books-genre-b=4
q012,espionage thriller cold war spy,Torso,StripeLocal,Lexical,Keyword,interleave,0.946048439092496,0.7,0.5384615384615384,0.5111111111111111,0.7089225730980925,0.5071944661262269,1,2,0.0005499999999999999,,59.507799999999996,books-genre-a=5 | books-genre-b=5
q012,espionage thriller cold war spy,Torso,StripeLocal,Lexical,Keyword,quota-merge,0.9430937194919026,0.7,0.5384615384615384,0.4222222222222222,0.681432359197068,0.5051023012077615,1,2,0.0005499999999999999,,59.5023,books-genre-a=5 | books-genre-b=5
q012,espionage thriller cold war spy,Torso,StripeLocal,Lexical,Keyword,global-rrf,0.9430937194919026,0.7,0.5384615384615384,0.4222222222222222,0.681432359197068,0.5051023012077615,1,2,0.0005499999999999999,,59.5251,books-genre-a=5 | books-genre-b=5
q012,espionage thriller cold war spy,Torso,StripeLocal,Lexical,Keyword,minmax-norm,0.8908041015206257,0.5,0.3333333333333333,0.6888888888888889,0.6413567561113634,0.4815006774327683,1,2,0.0005499999999999999,,59.552099999999996,books-genre-a=3 | books-genre-b=7
q012,espionage thriller cold war spy,Torso,StripeLocal,Lexical,Keyword,zscore-norm,0.9250821797566999,0.6,0.42857142857142855,0.5555555555555556,0.6954332784598753,0.5369963314122905,1,2,0.0005499999999999999,,59.545,books-genre-a=4 | books-genre-b=6
q012,espionage thriller cold war spy,Torso,StripeLocal,Lexical,Keyword,idf-correct-probe,0.99469124894805,0.9,0.8181818181818182,0.9111111111111111,0.9422721625462961,0.5561059546471936,1,12,0.0026499979999999998,,498.93580000000003,books-genre-a=8 | books-genre-b=2
q012,espionage thriller cold war spy,Torso,StripeLocal,Lexical,Keyword,idf-correct-sidecar,0.99469124894805,0.9,0.8181818181818182,0.9111111111111111,0.9422721625462961,0.5561059546471936,1,2,0.0005499999999999999,,59.5638,books-genre-a=8 | books-genre-b=2
q012,espionage thriller cold war spy,Torso,StripeLocal,Lexical,Keyword,global-bm25,0.9372750760526952,0.6,0.42857142857142855,0.7333333333333333,0.7295431324145415,0.6774254634044772,1,2,0.0005499999999999999,,61.256499999999996,books-genre-a=10
q012,espionage thriller cold war spy,Torso,StripeLocal,Lexical,Keyword,local-bm25,0.8760675302139608,0.5,0.3333333333333333,0.4444444444444444,0.621210025513324,0.6139770143950515,1,2,0.0005499999999999999,,60.8912,books-genre-a=6 | books-genre-b=4
q013,teenagers forced to compete in a deadly televised game,Tail,StripeLocal,Conceptual,Keyword,single-index,1,1,1,1,1,0.6531525447657412,1,1,0.000383333,,66.0481,books-oracle2=10
q013,teenagers forced to compete in a deadly televised game,Tail,StripeLocal,Conceptual,Keyword,single-index-rescored,0.6158348883625661,0.4,0.25,0.06666666666666667,0.19402224637941523,0.3428408579934785,1,1,0.000383333,,66.0481,books-oracle2=10
q013,teenagers forced to compete in a deadly televised game,Tail,StripeLocal,Conceptual,Keyword,naive-score,0.9974773690073312,1,1,0.7777777777777778,0.9303666616798656,0.650907491458512,1,2,0.0007,,64.4481,books-genre-a=8 | books-genre-b=2
q013,teenagers forced to compete in a deadly televised game,Tail,StripeLocal,Conceptual,Keyword,interleave,0.9145988036771272,0.7,0.5384615384615384,0.4666666666666667,0.6363072802879239,0.5428459338542563,1,2,0.0007,,64.4391,books-genre-a=5 | books-genre-b=5
q013,teenagers forced to compete in a deadly televised game,Tail,StripeLocal,Conceptual,Keyword,quota-merge,0.8073729427853621,0.7,0.5384615384615384,0.37777777777777777,0.47111696430600963,0.4324013348661063,1,2,0.0007,,64.4335,books-genre-a=5 | books-genre-b=5
q013,teenagers forced to compete in a deadly televised game,Tail,StripeLocal,Conceptual,Keyword,global-rrf,0.8073729427853621,0.7,0.5384615384615384,0.37777777777777777,0.47111696430600963,0.4324013348661063,1,2,0.0007,,64.586,books-genre-a=5 | books-genre-b=5
q013,teenagers forced to compete in a deadly televised game,Tail,StripeLocal,Conceptual,Keyword,minmax-norm,0.8365891308852192,0.8,0.6666666666666666,0.5111111111111111,0.5801390174410705,0.4482298203152654,1,2,0.0007,,64.4911,books-genre-a=6 | books-genre-b=4
q013,teenagers forced to compete in a deadly televised game,Tail,StripeLocal,Conceptual,Keyword,zscore-norm,0.7841036005596332,0.8,0.6666666666666666,0.24444444444444444,0.40246643540113086,0.37941707866981755,1,2,0.0007,,64.4808,books-genre-a=6 | books-genre-b=4
q013,teenagers forced to compete in a deadly televised game,Tail,StripeLocal,Conceptual,Keyword,idf-correct-probe,0.993227491060375,0.8,0.6666666666666666,0.9555555555555556,0.9393058955609125,0.6909749714280617,1,14,0.0033333330000000004,,596.8326,books-genre-a=10
q013,teenagers forced to compete in a deadly televised game,Tail,StripeLocal,Conceptual,Keyword,idf-correct-sidecar,0.9954573353715277,0.9,0.8181818181818182,0.9555555555555556,0.9452541170363306,0.6894716270882504,1,2,0.0007,,64.51429999999999,books-genre-a=9 | books-genre-b=1
q013,teenagers forced to compete in a deadly televised game,Tail,StripeLocal,Conceptual,Keyword,global-bm25,0.5922227279569032,0.4,0.25,-0.16666666666666666,0.19402224637941523,0.33073449721930875,1,2,0.0007,,66.0746,books-genre-a=9 | books-genre-b=1
q013,teenagers forced to compete in a deadly televised game,Tail,StripeLocal,Conceptual,Keyword,local-bm25,0.5441963029156611,0.4,0.25,-0.21428571428571427,0.1750224403732786,0.3172683274723942,1,2,0.0007,,72.9031,books-genre-a=8 | books-genre-b=2
q014,picture book about a bear,Torso,StripeLocal,Mixed,Keyword,single-index,1,1,1,1,1,0.6984156588107141,1,1,0.000383333,,64.6605,books-oracle2=10
q014,picture book about a bear,Torso,StripeLocal,Mixed,Keyword,single-index-rescored,0.920153491565993,0.7,0.5384615384615384,0.6444444444444445,0.7508681076573885,0.8178320423515849,1,1,0.000383333,,64.6605,books-oracle2=10
q014,picture book about a bear,Torso,StripeLocal,Mixed,Keyword,naive-score,0.9899328594827169,0.9,0.8181818181818182,0.8222222222222222,0.8823612196995846,0.6243528977273075,1,2,0.000566667,,59.293,books-genre-a=10
q014,picture book about a bear,Torso,StripeLocal,Mixed,Keyword,interleave,0.8737300438166508,0.5,0.3333333333333333,0.5111111111111111,0.6170673540341023,0.4681032883832878,1,2,0.000566667,,59.2796,books-genre-a=5 | books-genre-b=5
q014,picture book about a bear,Torso,StripeLocal,Mixed,Keyword,quota-merge,0.7410757488260483,0.5,0.3333333333333333,0.28888888888888886,0.38293264596589754,0.36867374353683763,1,2,0.000566667,,59.279300000000006,books-genre-a=5 | books-genre-b=5
q014,picture book about a bear,Torso,StripeLocal,Mixed,Keyword,global-rrf,0.7410757488260483,0.5,0.3333333333333333,0.28888888888888886,0.38293264596589754,0.36867374353683763,1,2,0.000566667,,59.290800000000004,books-genre-a=5 | books-genre-b=5
q014,picture book about a bear,Torso,StripeLocal,Mixed,Keyword,minmax-norm,0.7754299547112751,0.7,0.5384615384615384,0.022222222222222223,0.40237016207953274,0.3996553791595869,1,2,0.000566667,,59.392700000000005,books-genre-a=7 | books-genre-b=3
q014,picture book about a bear,Torso,StripeLocal,Mixed,Keyword,zscore-norm,0.756677277277789,0.6,0.42857142857142855,0.06666666666666667,0.3798991031723977,0.3688361235554426,1,2,0.000566667,,59.3189,books-genre-a=6 | books-genre-b=4
q014,picture book about a bear,Torso,StripeLocal,Mixed,Keyword,idf-correct-probe,0.9899328594827169,0.9,0.8181818181818182,0.8222222222222222,0.8823612196995846,0.6243528977273075,1,8,0.0017499999999999998,,323.1983,books-genre-a=10
q014,picture book about a bear,Torso,StripeLocal,Mixed,Keyword,idf-correct-sidecar,0.9899328594827169,0.9,0.8181818181818182,0.8222222222222222,0.8823612196995846,0.6243528977273075,1,2,0.000566667,,59.3508,books-genre-a=10
q014,picture book about a bear,Torso,StripeLocal,Mixed,Keyword,global-bm25,0.9665901821709879,0.9,0.8181818181818182,0.6,0.77010803391121,0.7632999381810549,1,2,0.000566667,,60.7729,books-genre-a=10
q014,picture book about a bear,Torso,StripeLocal,Mixed,Keyword,local-bm25,0.9445054578308544,0.8,0.6666666666666666,0.8222222222222222,0.7641598124357919,0.6970457147266659,1,2,0.000566667,,60.7164,books-genre-a=10
q015,graphic novel superhero origin,Torso,StripeLocal,Lexical,Keyword,single-index,1,1,1,1,1,0.16764568274445124,1,1,0.0004,,63.9001,books-oracle2=10
q015,graphic novel superhero origin,Torso,StripeLocal,Lexical,Keyword,single-index-rescored,0.4132279593002978,0.1,0.05263157894736842,0.2,0.013291704778403425,0.4362794620780214,1,1,0.0004,,63.9001,books-oracle2=10
q015,graphic novel superhero origin,Torso,StripeLocal,Lexical,Keyword,naive-score,0.8256459947297558,0.9,0.8181818181818182,0.4666666666666667,0.4739523312750172,0.1097467036188768,1,2,0.000416667,,59.2988,books-genre-a=8 | books-genre-b=2
q015,graphic novel superhero origin,Torso,StripeLocal,Lexical,Keyword,interleave,0.8807953129276782,0.7,0.5384615384615384,0.35714285714285715,0.6736657945515239,0.09655291464015976,1,2,0.000416667,,59.289300000000004,books-genre-a=5 | books-genre-b=5
q015,graphic novel superhero origin,Torso,StripeLocal,Lexical,Keyword,quota-merge,0.8668749349062964,0.7,0.5384615384615384,0.21428571428571427,0.6047214024652332,0.09814521540758563,1,2,0.000416667,,59.2837,books-genre-a=5 | books-genre-b=5
q015,graphic novel superhero origin,Torso,StripeLocal,Lexical,Keyword,global-rrf,0.8668749349062964,0.7,0.5384615384615384,0.21428571428571427,0.6047214024652332,0.09814521540758563,1,2,0.000416667,,59.2971,books-genre-a=5 | books-genre-b=5
q015,graphic novel superhero origin,Torso,StripeLocal,Lexical,Keyword,minmax-norm,0.9546786412948763,0.9,0.8181818181818182,0.5555555555555556,0.6965766215292235,0.1097467036188768,1,2,0.000416667,,59.3525,books-genre-a=7 | books-genre-b=3
q015,graphic novel superhero origin,Torso,StripeLocal,Lexical,Keyword,zscore-norm,0.8058776062169137,0.9,0.8181818181818182,0.2,0.38987830562151093,0.10723389943600728,1,2,0.000416667,,59.3263,books-genre-a=7 | books-genre-b=3
q015,graphic novel superhero origin,Torso,StripeLocal,Lexical,Keyword,idf-correct-probe,0.987138517272135,0.8,0.6666666666666666,0.8666666666666667,0.9360580761795931,0.15546970653453676,1,10,0.002316665,,414.7108,books-genre-a=10
q015,graphic novel superhero origin,Torso,StripeLocal,Lexical,Keyword,idf-correct-sidecar,0.987138517272135,0.8,0.6666666666666666,0.8666666666666667,0.9360580761795931,0.15546970653453676,1,2,0.000416667,,59.341300000000004,books-genre-a=10
q015,graphic novel superhero origin,Torso,StripeLocal,Lexical,Keyword,global-bm25,0.4291361966110593,0.1,0.05263157894736842,0.1111111111111111,0.013291704778403425,0.4119808248011236,1,2,0.000416667,,61.031800000000004,books-genre-a=10
q015,graphic novel superhero origin,Torso,StripeLocal,Lexical,Keyword,local-bm25,0.42803302173908736,0.3,0.17647058823529413,0.42857142857142855,0.06989014529582485,0.37913650019460304,1,2,0.000416667,,60.743300000000005,books-genre-a=5 | books-genre-b=5
q016,zombie apocalypse survival,Torso,StripeLocal,Lexical,Keyword,single-index,1,1,1,1,1,0.6833467607916786,0.9,1,0.00035,,62.8455,books-oracle2=10
q016,zombie apocalypse survival,Torso,StripeLocal,Lexical,Keyword,single-index-rescored,0.9142663896074125,0.7,0.5384615384615384,0.5555555555555556,0.6552858188201451,0.8310822152678946,0.9,1,0.00035,,62.8455,books-oracle2=10
q016,zombie apocalypse survival,Torso,StripeLocal,Lexical,Keyword,naive-score,0.9859897004294192,0.9,0.8181818181818182,0.9111111111111111,0.9715982472730672,0.7117414279864168,0.9,2,0.00048333299999999996,,56.682900000000004,books-genre-a=9 | books-genre-b=1
q016,zombie apocalypse survival,Torso,StripeLocal,Lexical,Keyword,interleave,0.8894543856682573,0.6,0.42857142857142855,0.37777777777777777,0.6303590588125058,0.4178527390986822,0.9,2,0.00048333299999999996,,56.6732,books-genre-a=5 | books-genre-b=5
q016,zombie apocalypse survival,Torso,StripeLocal,Lexical,Keyword,quota-merge,0.8785780757508201,0.6,0.42857142857142855,0.28888888888888886,0.5772485579240885,0.4139200389360994,0.9,2,0.00048333299999999996,,56.8014,books-genre-a=5 | books-genre-b=5
q016,zombie apocalypse survival,Torso,StripeLocal,Lexical,Keyword,global-rrf,0.8785780757508201,0.6,0.42857142857142855,0.28888888888888886,0.5772485579240885,0.4139200389360994,0.9,2,0.00048333299999999996,,56.6847,books-genre-a=5 | books-genre-b=5
q016,zombie apocalypse survival,Torso,StripeLocal,Lexical,Keyword,minmax-norm,0.6633509371406627,0.2,0.1111111111111111,0.42857142857142855,0.3747359036497853,0.29861167226327917,1,2,0.00048333299999999996,,56.725,books-genre-a=1 | books-genre-b=9
q016,zombie apocalypse survival,Torso,StripeLocal,Lexical,Keyword,zscore-norm,0.8749714975667436,0.5,0.3333333333333333,0.4666666666666667,0.645048924309157,0.39359174907305683,0.9,2,0.00048333299999999996,,56.7158,books-genre-a=4 | books-genre-b=6
q016,zombie apocalypse survival,Torso,StripeLocal,Lexical,Keyword,idf-correct-probe,0.9938204516961735,0.9,0.8181818181818182,0.9555555555555556,0.9715982472730672,0.6950688800755376,0.9,8,0.001799999,,323.2642,books-genre-a=10
q016,zombie apocalypse survival,Torso,StripeLocal,Lexical,Keyword,idf-correct-sidecar,0.9938204516961735,0.9,0.8181818181818182,0.9555555555555556,0.9715982472730672,0.6950688800755376,0.9,2,0.00048333299999999996,,56.730000000000004,books-genre-a=10
q016,zombie apocalypse survival,Torso,StripeLocal,Lexical,Keyword,global-bm25,0.9142663896074125,0.7,0.5384615384615384,0.5555555555555556,0.6552858188201451,0.8310822152678946,0.9,2,0.00048333299999999996,,58.2889,books-genre-a=10
q016,zombie apocalypse survival,Torso,StripeLocal,Lexical,Keyword,local-bm25,0.9142663896074125,0.7,0.5384615384615384,0.5555555555555556,0.6552858188201451,0.8310822152678946,0.9,2,0.00048333299999999996,,58.095400000000005,books-genre-a=10
q017,time travel paradox,Torso,StripeLocal,Lexical,Keyword,single-index,1,1,1,1,1,0.7741767122711218,1,1,0.000366667,,63.2672,books-oracle2=10
q017,time travel paradox,Torso,StripeLocal,Lexical,Keyword,single-index-rescored,0.8550866153427683,0.7,0.5384615384615384,0.1111111111111111,0.5485606720553104,0.6377241537839873,1,1,0.000366667,,63.2672,books-oracle2=10
q017,time travel paradox,Torso,StripeLocal,Lexical,Keyword,naive-score,0.9987213295433853,0.9,0.8181818181818182,0.9555555555555556,0.9867082952215966,0.7755136354025297,1,2,0.000366666,,56.6176,books-genre-a=7 | books-genre-b=3
q017,time travel paradox,Torso,StripeLocal,Lexical,Keyword,interleave,0.9557358413686933,0.8,0.6666666666666666,0.4666666666666667,0.6855447098467397,0.6830530589351447,1,2,0.000366666,,56.606700000000004,books-genre-a=5 | books-genre-b=5
q017,time travel paradox,Torso,StripeLocal,Lexical,Keyword,quota-merge,0.9442849669075785,0.8,0.6666666666666666,0.3333333333333333,0.6250907256553372,0.6669437718109856,1,2,0.000366666,,56.599000000000004,books-genre-a=5 | books-genre-b=5
q017,time travel paradox,Torso,StripeLocal,Lexical,Keyword,global-rrf,0.9442849669075785,0.8,0.6666666666666666,0.3333333333333333,0.6250907256553372,0.6669437718109856,1,2,0.000366666,,56.615500000000004,books-genre-a=5 | books-genre-b=5
q017,time travel paradox,Torso,StripeLocal,Lexical,Keyword,minmax-norm,0.91682725918893,0.6,0.42857142857142855,0.6444444444444445,0.6179788928600106,0.5162379992899181,1,2,0.000366666,,56.735800000000005,books-genre-a=3 | books-genre-b=7
q017,time travel paradox,Torso,StripeLocal,Lexical,Keyword,zscore-norm,0.9589624565174066,0.8,0.6666666666666666,0.4666666666666667,0.7061827968188089,0.6799335716285262,1,2,0.000366666,,56.647,books-genre-a=5 | books-genre-b=5
q017,time travel paradox,Torso,StripeLocal,Lexical,Keyword,idf-correct-probe,0.9987213295433853,0.9,0.8181818181818182,0.9555555555555556,0.9867082952215966,0.7755136354025297,1,8,0.001683332,,319.94100000000003,books-genre-a=7 | books-genre-b=3
q017,time travel paradox,Torso,StripeLocal,Lexical,Keyword,idf-correct-sidecar,0.9984407950447133,0.9,0.8181818181818182,0.8666666666666667,0.9775289410928649,0.7741767122711218,1,2,0.000366666,,56.653,books-genre-a=7 | books-genre-b=3
q017,time travel paradox,Torso,StripeLocal,Lexical,Keyword,global-bm25,0.8550866153427683,0.7,0.5384615384615384,0.1111111111111111,0.5485606720553104,0.6377241537839873,1,2,0.000366666,,58.7564,books-genre-a=5 | books-genre-b=5
q017,time travel paradox,Torso,StripeLocal,Lexical,Keyword,local-bm25,0.8622868219911066,0.7,0.5384615384615384,0.2,0.5485606720553104,0.6335100025564662,1,2,0.000366666,,58.4698,books-genre-a=5 | books-genre-b=5
q018,a girl who discovers she is the last of a magical bloodline,Tail,StripeLocal,Conceptual,Keyword,single-index,1,1,1,1,1,0.26386772277687637,1,1,0.000816667,,66.225,books-oracle2=10
q018,a girl who discovers she is the last of a magical bloodline,Tail,StripeLocal,Conceptual,Keyword,single-index-rescored,0.786626412879948,0.3,0.17647058823529413,0.5111111111111111,0.45329941793537204,0.3791596588964419,1,1,0.000816667,,66.225,books-oracle2=10
q018,a girl who discovers she is the last of a magical bloodline,Tail,StripeLocal,Conceptual,Keyword,naive-score,0.9639862628161299,0.7,0.5384615384615384,0.6888888888888889,0.792799008891785,0.2035144160337911,1,2,0.000583333,,63.5362,books-genre-a=3 | books-genre-b=7
q018,a girl who discovers she is the last of a magical bloodline,Tail,StripeLocal,Conceptual,Keyword,interleave,0.9774450214535924,0.7,0.5384615384615384,0.5111111111111111,0.8250738329483194,0.2192600479327553,1,2,0.000583333,,63.5206,books-genre-a=5 | books-genre-b=5
q018,a girl who discovers she is the last of a magical bloodline,Tail,StripeLocal,Conceptual,Keyword,quota-merge,0.9720528174187777,0.7,0.5384615384615384,0.5555555555555556,0.7836196547630534,0.2035144160337911,1,2,0.000583333,,63.516,books-genre-a=5 | books-genre-b=5
q018,a girl who discovers she is the last of a magical bloodline,Tail,StripeLocal,Conceptual,Keyword,global-rrf,0.9720528174187777,0.7,0.5384615384615384,0.5555555555555556,0.7836196547630534,0.2035144160337911,1,2,0.000583333,,63.5357,books-genre-a=5 | books-genre-b=5
q018,a girl who discovers she is the last of a magical bloodline,Tail,StripeLocal,Conceptual,Keyword,minmax-norm,0.9489885885163234,0.7,0.5384615384615384,0.37777777777777777,0.6928910920404056,0.17814275378548097,1,2,0.000583333,,63.641999999999996,books-genre-a=3 | books-genre-b=7
q018,a girl who discovers she is the last of a magical bloodline,Tail,StripeLocal,Conceptual,Keyword,zscore-norm,0.9695505101036699,0.7,0.5384615384615384,0.7333333333333333,0.8342531870770511,0.2192600479327553,1,2,0.000583333,,63.5661,books-genre-a=3 | books-genre-b=7
q018,a girl who discovers she is the last of a magical bloodline,Tail,StripeLocal,Conceptual,Keyword,idf-correct-probe,0.9737202307603907,0.8,0.6666666666666666,0.6,0.8192861451269937,0.25078354321509905,1,12,0.0025499990000000003,,560.3806,books-genre-a=8 | books-genre-b=2
q018,a girl who discovers she is the last of a magical bloodline,Tail,StripeLocal,Conceptual,Keyword,idf-correct-sidecar,0.9669705831214912,0.8,0.6666666666666666,0.4666666666666667,0.7711578442539,0.24914422527060795,1,2,0.000583333,,63.5827,books-genre-a=8 | books-genre-b=2
q018,a girl who discovers she is the last of a magical bloodline,Tail,StripeLocal,Conceptual,Keyword,global-bm25,0.7475616660866713,0.4,0.25,0.42857142857142855,0.5286833878711106,0.41425574711401525,1,2,0.000583333,,64.9342,books-genre-a=5 | books-genre-b=5
q018,a girl who discovers she is the last of a magical bloodline,Tail,StripeLocal,Conceptual,Keyword,local-bm25,0.7110184602096579,0.4,0.25,0.23809523809523808,0.4872292096858446,0.4184717387895903,1,2,0.000583333,,64.8775,books-genre-a=4 | books-genre-b=6
q019,dystopian society divided into rigid factions,Torso,StripeLocal,Conceptual,Keyword,single-index,1,1,1,1,1,0.8544580710959402,1,1,0.000416667,,69.1734,books-oracle2=10
q019,dystopian society divided into rigid factions,Torso,StripeLocal,Conceptual,Keyword,single-index-rescored,0.9545836528926764,0.9,0.8181818181818182,0.4666666666666667,0.7025073153490212,0.8577666702728031,1,1,0.000416667,,69.1734,books-oracle2=10
q019,dystopian society divided into rigid factions,Torso,StripeLocal,Conceptual,Keyword,naive-score,0.9986175426626245,0.9,0.8181818181818182,0.9555555555555556,0.9789417305760524,0.8530196862732788,1,2,0.000583333,,83.1562,books-genre-a=10
q019,dystopian society divided into rigid factions,Torso,StripeLocal,Conceptual,Keyword,interleave,0.8251219508287946,0.5,0.3333333333333333,0.2857142857142857,0.6170673540341023,0.5739063426618802,1,2,0.000583333,,83.1468,books-genre-a=5 | books-genre-b=5
q019,dystopian society divided into rigid factions,Torso,StripeLocal,Conceptual,Keyword,quota-merge,0.8163184726529362,0.5,0.3333333333333333,0.21428571428571427,0.5756131758488364,0.5586488238823908,1,2,0.000583333,,83.14139999999999,books-genre-a=5 | books-genre-b=5
q019,dystopian society divided into rigid factions,Torso,StripeLocal,Conceptual,Keyword,global-rrf,0.8163184726529362,0.5,0.3333333333333333,0.21428571428571427,0.5756131758488364,0.5586488238823908,1,2,0.000583333,,83.15419999999999,books-genre-a=5 | books-genre-b=5
q019,dystopian society divided into rigid factions,Torso,StripeLocal,Conceptual,Keyword,minmax-norm,0.840107931525282,0.5,0.3333333333333333,0.5714285714285714,0.6729622195527403,0.5930735547131246,1,2,0.000583333,,83.1896,books-genre-a=5 | books-genre-b=5
q019,dystopian society divided into rigid factions,Torso,StripeLocal,Conceptual,Keyword,zscore-norm,0.6675706877314813,0.5,0.3333333333333333,0.07142857142857142,0.2837485723638619,0.4348956547945035,1,2,0.000583333,,83.1844,books-genre-a=5 | books-genre-b=5
q019,dystopian society divided into rigid factions,Torso,StripeLocal,Conceptual,Keyword,idf-correct-probe,0.9986175426626245,0.9,0.8181818181818182,0.9555555555555556,0.9789417305760524,0.8530196862732788,1,14,0.0031666660000000003,,635.8081,books-genre-a=10
q019,dystopian society divided into rigid factions,Torso,StripeLocal,Conceptual,Keyword,idf-correct-sidecar,0.9986175426626245,0.9,0.8181818181818182,0.9555555555555556,0.9789417305760524,0.8530196862732788,1,2,0.000583333,,83.20209999999999,books-genre-a=10
q019,dystopian society divided into rigid factions,Torso,StripeLocal,Conceptual,Keyword,global-bm25,0.9545836528926764,0.9,0.8181818181818182,0.4666666666666667,0.7025073153490212,0.8577666702728031,1,2,0.000583333,,84.80449999999999,books-genre-a=10
q019,dystopian society divided into rigid factions,Torso,StripeLocal,Conceptual,Keyword,local-bm25,0.8163556277612194,0.8,0.6666666666666666,0.3333333333333333,0.5430251005948401,0.7734903583419945,1,2,0.000583333,,84.51549999999999,books-genre-a=9 | books-genre-b=1
q020,supernatural creatures hidden among ordinary people,Torso,StripeLocal,Conceptual,Keyword,single-index,1,1,1,1,1,0.3796025655833152,1,1,0.000433333,,105.1796,books-oracle2=10
q020,supernatural creatures hidden among ordinary people,Torso,StripeLocal,Conceptual,Keyword,single-index-rescored,0.5015177742874017,0.2,0.1111111111111111,0.4666666666666667,0.13149311204219602,0.8506038718599713,1,1,0.000433333,,105.1796,books-oracle2=10
q020,supernatural creatures hidden among ordinary people,Torso,StripeLocal,Conceptual,Keyword,naive-score,0.8157286430785342,0.6,0.42857142857142855,0.5238095238095238,0.6804495497818124,0.41058090358519284,1,2,0.0008,,65.2951,books-genre-a=3 | books-genre-b=7
q020,supernatural creatures hidden among ordinary people,Torso,StripeLocal,Conceptual,Keyword,interleave,0.8459013016670919,0.5,0.3333333333333333,0.7142857142857143,0.7104470530868068,0.3713051581250208,1,2,0.0008,,65.27929999999999,books-genre-a=5 | books-genre-b=5
q020,supernatural creatures hidden among ordinary people,Torso,StripeLocal,Conceptual,Keyword,quota-merge,0.8435518839413816,0.5,0.3333333333333333,0.7142857142857143,0.7104470530868068,0.3561261402721453,1,2,0.0008,,65.27459999999999,books-genre-a=5 | books-genre-b=5
q020,supernatural creatures hidden among ordinary people,Torso,StripeLocal,Conceptual,Keyword,global-rrf,0.8435518839413816,0.5,0.3333333333333333,0.7142857142857143,0.7104470530868068,0.3561261402721453,1,2,0.0008,,65.3497,books-genre-a=5 | books-genre-b=5
q020,supernatural creatures hidden among ordinary people,Torso,StripeLocal,Conceptual,Keyword,minmax-norm,0.7895402087848707,0.4,0.25,0.7142857142857143,0.6612096235279911,0.3411496816484155,1,2,0.0008,,65.326,books-genre-a=1 | books-genre-b=9
q020,supernatural creatures hidden among ordinary people,Torso,StripeLocal,Conceptual,Keyword,zscore-norm,0.8091731891130219,0.5,0.3333333333333333,0.7142857142857143,0.7104470530868068,0.4034712049402218,1,2,0.0008,,65.3248,books-genre-a=4 | books-genre-b=6
q020,supernatural creatures hidden among ordinary people,Torso,StripeLocal,Conceptual,Keyword,idf-correct-probe,0.829132261054563,0.6,0.42857142857142855,0.5111111111111111,0.5016300431499701,0.4128338206208616,1,14,0.0035666660000000005,,589.0012999999999,books-genre-a=10
q020,supernatural creatures hidden among ordinary people,Torso,StripeLocal,Conceptual,Keyword,idf-correct-sidecar,0.829132261054563,0.6,0.42857142857142855,0.5111111111111111,0.5016300431499701,0.4128338206208616,1,2,0.0008,,65.3385,books-genre-a=10
q020,supernatural creatures hidden among ordinary people,Torso,StripeLocal,Conceptual,Keyword,global-bm25,0.5037829957516203,0.2,0.1111111111111111,0.5555555555555556,0.13149311204219602,0.8447249777703676,1,2,0.0008,,66.9776,books-genre-a=8 | books-genre-b=2
q020,supernatural creatures hidden among ordinary people,Torso,StripeLocal,Conceptual,Keyword,local-bm25,0.24903833334106296,0.3,0.17647058823529413,-0.4,0.06989014529582485,0.8273979799875019,1,2,0.0008,,66.6625,books-genre-a=2 | books-genre-b=8
q021,Victorian England social class and marriage,Torso,StripeLocal,Mixed,Keyword,single-index,1,1,1,1,1,0.5400969299866776,1,1,0.000416667,,66.2654,books-oracle2=10
q021,Victorian England social class and marriage,Torso,StripeLocal,Mixed,Keyword,single-index-rescored,0.6915359504824589,0.4,0.25,0.6444444444444445,0.3606591769185762,0.9603250160361273,1,1,0.000416667,,66.2654,books-oracle2=10
q021,Victorian England social class and marriage,Torso,StripeLocal,Mixed,Keyword,naive-score,0.9437842729344204,0.8,0.6666666666666666,0.6111111111111112,0.8887218935873143,0.5609044224975046,1,2,0.00075,,60.0701,books-genre-a=3 | books-genre-b=7
q021,Victorian England social class and marriage,Torso,StripeLocal,Mixed,Keyword,interleave,0.8723219537767186,0.6,0.42857142857142855,0.5555555555555556,0.7351974907085477,0.4745668720322619,1,2,0.00075,,60.055499999999995,books-genre-a=5 | books-genre-b=5
q021,Victorian England social class and marriage,Torso,StripeLocal,Mixed,Keyword,quota-merge,0.8238604840746687,0.6,0.42857142857142855,0.5555555555555556,0.6091537113308095,0.5522305346118979,1,2,0.00075,,60.050399999999996,books-genre-a=5 | books-genre-b=5
q021,Victorian England social class and marriage,Torso,StripeLocal,Mixed,Keyword,global-rrf,0.8238604840746687,0.6,0.42857142857142855,0.5555555555555556,0.6091537113308095,0.5522305346118979,1,2,0.00075,,60.064699999999995,books-genre-a=5 | books-genre-b=5
q021,Victorian England social class and marriage,Torso,StripeLocal,Mixed,Keyword,minmax-norm,0.9365815544069295,0.9,0.8181818181818182,0.7333333333333333,0.7770818465643821,0.6726054252928654,1,2,0.00075,,60.099399999999996,books-genre-a=1 | books-genre-b=9
q021,Victorian England social class and marriage,Torso,StripeLocal,Mixed,Keyword,zscore-norm,0.9268179887051892,0.7,0.5384615384615384,0.7222222222222222,0.8754301888089108,0.5609044224975046,1,2,0.00075,,60.095299999999995,books-genre-a=4 | books-genre-b=6
q021,Victorian England social class and marriage,Torso,StripeLocal,Mixed,Keyword,idf-correct-probe,0.9911780691883071,0.9,0.8181818181818182,0.7777777777777778,0.9306158398431449,0.6029802917861291,1,12,0.002683332,,513.8316,books-genre-a=1 | books-genre-b=9
q021,Victorian England social class and marriage,Torso,StripeLocal,Mixed,Keyword,idf-correct-sidecar,0.9911780691883071,0.9,0.8181818181818182,0.7777777777777778,0.9306158398431449,0.6029802917861291,1,2,0.00075,,60.116,books-genre-a=1 | books-genre-b=9
q021,Victorian England social class and marriage,Torso,StripeLocal,Mixed,Keyword,global-bm25,0.6915359504824589,0.4,0.25,0.6444444444444445,0.3606591769185762,0.9603250160361273,1,2,0.00075,,61.6577,books-genre-b=10
q021,Victorian England social class and marriage,Torso,StripeLocal,Mixed,Keyword,local-bm25,0.7703908366148818,0.5,0.3333333333333333,0.15555555555555556,0.3739508816969796,0.8147208004552879,1,2,0.00075,,61.4231,books-genre-a=3 | books-genre-b=7
q022,memoir of growing up in poverty,Torso,StripeLocal,Conceptual,Keyword,single-index,1,1,1,1,1,0.2553016358188221,1,1,0.000383333,,67.832,books-oracle2=10
q022,memoir of growing up in poverty,Torso,StripeLocal,Conceptual,Keyword,single-index-rescored,0.6225935191116608,0.4,0.25,-0.022222222222222223,0.13907671559286625,0.8679333556059463,1,1,0.000383333,,67.832,books-oracle2=10
q022,memoir of growing up in poverty,Torso,StripeLocal,Conceptual,Keyword,naive-score,0.9317493933857186,0.9,0.8181818181818182,0.8222222222222222,0.7995353778158967,0.24797997259949628,1,2,0.000716667,,60.8239,books-genre-a=2 | books-genre-b=8
q022,memoir of growing up in poverty,Torso,StripeLocal,Conceptual,Keyword,interleave,0.6554590093558837,0.6,0.42857142857142855,0.047619047619047616,0.396224350744301,0.19536125734501972,1,2,0.000716667,,60.8131,books-genre-a=5 | books-genre-b=5
q022,memoir of growing up in poverty,Torso,StripeLocal,Conceptual,Keyword,quota-merge,0.7073455412183451,0.6,0.42857142857142855,0.14285714285714285,0.4078806734474523,0.19873214319866211,1,2,0.000716667,,60.808499999999995,books-genre-a=5 | books-genre-b=5
q022,memoir of growing up in poverty,Torso,StripeLocal,Conceptual,Keyword,global-rrf,0.7073455412183451,0.6,0.42857142857142855,0.14285714285714285,0.4078806734474523,0.19873214319866211,1,2,0.000716667,,60.8212,books-genre-a=5 | books-genre-b=5
q022,memoir of growing up in poverty,Torso,StripeLocal,Conceptual,Keyword,minmax-norm,0.8043182375887785,0.7,0.5384615384615384,0.35714285714285715,0.5833701500943842,0.21567957987614192,1,2,0.000716667,,60.8575,books-genre-a=4 | books-genre-b=6
q022,memoir of growing up in poverty,Torso,StripeLocal,Conceptual,Keyword,zscore-norm,0.7426385813990992,0.7,0.5384615384615384,0.14285714285714285,0.5187190117895734,0.20838690078603853,1,2,0.000716667,,60.8519,books-genre-a=4 | books-genre-b=6
q022,memoir of growing up in poverty,Torso,StripeLocal,Conceptual,Keyword,idf-correct-probe,0.9382512333520892,0.8,0.6666666666666666,0.9111111111111111,0.8070793498693761,0.3695137238058051,1,10,0.0024833340000000002,,407.7193,books-genre-b=10
q022,memoir of growing up in poverty,Torso,StripeLocal,Conceptual,Keyword,idf-correct-sidecar,0.94284575441734,0.9,0.8181818181818182,0.9111111111111111,0.8203710546477796,0.3127243894163288,1,2,0.000716667,,60.8637,books-genre-a=1 | books-genre-b=9
q022,memoir of growing up in poverty,Torso,StripeLocal,Conceptual,Keyword,global-bm25,0.6225935191116608,0.4,0.25,-0.022222222222222223,0.13907671559286625,0.8679333556059463,1,2,0.000716667,,62.4569,books-genre-b=10
q022,memoir of growing up in poverty,Torso,StripeLocal,Conceptual,Keyword,local-bm25,0.4573990696289329,0.2,0.1111111111111111,0.42857142857142855,0.10331395190732774,0.8412494261410528,1,2,0.000716667,,62.2071,books-genre-a=2 | books-genre-b=8
q023,biography of a president,Torso,StripeLocal,Mixed,Keyword,single-index,1,1,1,1,1,0.2936312762892952,1,1,0.000266667,,61.6308,books-oracle2=10
q023,biography of a president,Torso,StripeLocal,Mixed,Keyword,single-index-rescored,0.6316457525231998,0.5,0.3333333333333333,0.28888888888888886,0.09689663619519051,0.6825308334655645,1,1,0.000266667,,61.6308,books-oracle2=10
q023,biography of a president,Torso,StripeLocal,Mixed,Keyword,naive-score,0.9804076930758296,0.9,0.8181818181818182,0.7333333333333333,0.8195800083084056,0.3057753218135815,1,2,0.00025,,56.8529,books-genre-a=1 | books-genre-b=9
q023,biography of a president,Torso,StripeLocal,Mixed,Keyword,interleave,0.7577582474601017,0.6,0.42857142857142855,0.35714285714285715,0.45231680612275266,0.12313326414476079,1,2,0.00025,,56.844,books-genre-a=5 | books-genre-b=5
q023,biography of a president,Torso,StripeLocal,Mixed,Keyword,quota-merge,0.8576871893688053,0.6,0.42857142857142855,0.42857142857142855,0.6376538527027061,0.1579458308981289,1,2,0.00025,,56.8363,books-genre-a=5 | books-genre-b=5
q023,biography of a president,Torso,StripeLocal,Mixed,Keyword,global-rrf,0.8576871893688053,0.6,0.42857142857142855,0.42857142857142855,0.6376538527027061,0.1579458308981289,1,2,0.00025,,56.8517,books-genre-a=5 | books-genre-b=5
q023,biography of a president,Torso,StripeLocal,Mixed,Keyword,minmax-norm,0.9804076930758296,0.9,0.8181818181818182,0.7333333333333333,0.8195800083084056,0.3057753218135815,1,2,0.00025,,56.8847,books-genre-a=1 | books-genre-b=9
q023,biography of a president,Torso,StripeLocal,Mixed,Keyword,zscore-norm,0.8873600676815113,0.9,0.8181818181818182,0.6888888888888889,0.6660460150296427,0.20734196686126166,1,2,0.00025,,56.8772,books-genre-a=2 | books-genre-b=8
q023,biography of a president,Torso,StripeLocal,Mixed,Keyword,idf-correct-probe,0.9953577815934653,0.9,0.8181818181818182,0.7333333333333333,0.9263030004429789,0.31645287063911,1,6,0.00105,,234.47699999999998,books-genre-a=1 | books-genre-b=9
q023,biography of a president,Torso,StripeLocal,Mixed,Keyword,idf-correct-sidecar,0.9959724439671189,0.9,0.8181818181818182,0.7777777777777778,0.9379593231461301,0.3125201704765272,1,2,0.00025,,56.8865,books-genre-a=1 | books-genre-b=9
q023,biography of a president,Torso,StripeLocal,Mixed,Keyword,global-bm25,0.6316457525231998,0.5,0.3333333333333333,0.28888888888888886,0.09689663619519051,0.6825308334655645,1,2,0.00025,,58.403,books-genre-a=3 | books-genre-b=7
q023,biography of a president,Torso,StripeLocal,Mixed,Keyword,local-bm25,0.6132080549549398,0.4,0.25,0.6444444444444445,0.09094841471977243,0.6825308334655645,1,2,0.00025,,58.2676,books-genre-a=2 | books-genre-b=8
q024,behavioral economics and irrational decision making,Tail,StripeLocal,Mixed,Keyword,single-index,1,1,1,1,1,0.8426882245433646,1,1,0.000366667,,94.0998,books-oracle2=10
q024,behavioral economics and irrational decision making,Tail,StripeLocal,Mixed,Keyword,single-index-rescored,0.9356609386513043,0.9,0.8181818181818182,0.6888888888888889,0.733990228340798,0.8468139614257033,1,1,0.000366667,,94.0998,books-oracle2=10
q024,behavioral economics and irrational decision making,Tail,StripeLocal,Mixed,Keyword,naive-score,1,1,1,1,0.9999999999999998,0.8426882245433646,1,2,0.000666667,,60.700300000000006,books-genre-b=10
q024,behavioral economics and irrational decision making,Tail,StripeLocal,Mixed,Keyword,interleave,0.6642777536383239,0.5,0.3333333333333333,0.14285714285714285,0.38293264596589754,0.4731086113107258,1,2,0.000666667,,60.691500000000005,books-genre-a=5 | books-genre-b=5
q024,behavioral economics and irrational decision making,Tail,StripeLocal,Mixed,Keyword,quota-merge,0.8011752299155895,0.5,0.3333333333333333,0.3333333333333333,0.6170673540341023,0.5711832599632303,1,2,0.000666667,,60.6865,books-genre-a=5 | books-genre-b=5
q024,behavioral economics and irrational decision making,Tail,StripeLocal,Mixed,Keyword,global-rrf,0.8011752299155895,0.5,0.3333333333333333,0.3333333333333333,0.6170673540341023,0.5711832599632303,1,2,0.000666667,,60.6989,books-genre-a=5 | books-genre-b=5
q024,behavioral economics and irrational decision making,Tail,StripeLocal,Mixed,Keyword,minmax-norm,0.8463947575812316,0.6,0.42857142857142855,0.35714285714285715,0.63812562345805,0.642428496827038,1,2,0.000666667,,60.7336,books-genre-a=4 | books-genre-b=6
q024,behavioral economics and irrational decision making,Tail,StripeLocal,Mixed,Keyword,zscore-norm,0.7326926340624855,0.6,0.42857142857142855,0.2857142857142857,0.4845916301792871,0.5701766671174797,1,2,0.000666667,,60.7291,books-genre-a=4 | books-genre-b=6
q024,behavioral economics and irrational decision making,Tail,StripeLocal,Mixed,Keyword,idf-correct-probe,1,1,1,1,0.9999999999999998,0.8426882245433646,1,12,0.00265,,504.4479,books-genre-b=10
q024,behavioral economics and irrational decision making,Tail,StripeLocal,Mixed,Keyword,idf-correct-sidecar,1,1,1,1,0.9999999999999998,0.8426882245433646,1,2,0.000666667,,60.7441,books-genre-b=10
q024,behavioral economics and irrational decision making,Tail,StripeLocal,Mixed,Keyword,global-bm25,0.9356609386513043,0.9,0.8181818181818182,0.6888888888888889,0.733990228340798,0.8468139614257033,1,2,0.000666667,,62.4191,books-genre-b=10
q024,behavioral economics and irrational decision making,Tail,StripeLocal,Mixed,Keyword,local-bm25,0.9356609386513043,0.9,0.8181818181818182,0.6888888888888889,0.733990228340798,0.8468139614257033,1,2,0.000666667,,62.1554,books-genre-b=10
q025,habits productivity and personal effectiveness,Torso,StripeLocal,Mixed,Keyword,single-index,1,1,1,1,1,0.8758510212272971,1,1,0.000366667,,74.5109,books-oracle2=10
q025,habits productivity and personal effectiveness,Torso,StripeLocal,Mixed,Keyword,single-index-rescored,0.8857188494011144,0.6,0.42857142857142855,0.5111111111111111,0.5779375041579322,0.8229677179059928,1,1,0.000366667,,74.5109,books-oracle2=10
q025,habits productivity and personal effectiveness,Torso,StripeLocal,Mixed,Keyword,naive-score,0.999623570476307,1,1,0.9555555555555556,0.9798532694019606,0.8719968219913282,1,2,0.000666667,,58.5527,books-genre-b=10
q025,habits productivity and personal effectiveness,Torso,StripeLocal,Mixed,Keyword,interleave,0.6122910225799093,0.5,0.3333333333333333,0.3333333333333333,0.38293264596589754,0.3545815716040797,1,2,0.000666667,,58.542500000000004,books-genre-a=5 | books-genre-b=5
q025,habits productivity and personal effectiveness,Torso,StripeLocal,Mixed,Keyword,quota-merge,0.7355909756802387,0.5,0.3333333333333333,0.4666666666666667,0.5566133698426998,0.44255574269155096,1,2,0.000666667,,58.5374,books-genre-a=5 | books-genre-b=5
q025,habits productivity and personal effectiveness,Torso,StripeLocal,Mixed,Keyword,global-rrf,0.7355909756802387,0.5,0.3333333333333333,0.4666666666666667,0.5566133698426998,0.44255574269155096,1,2,0.000666667,,58.551,books-genre-a=5 | books-genre-b=5
q025,habits productivity and personal effectiveness,Torso,StripeLocal,Mixed,Keyword,minmax-norm,0.8741206441214631,0.7,0.5384615384615384,0.5,0.7563270307218426,0.6177697380908703,1,2,0.000666667,,58.5864,books-genre-a=3 | books-genre-b=7
q025,habits productivity and personal effectiveness,Torso,StripeLocal,Mixed,Keyword,zscore-norm,0.7569623439251841,0.7,0.5384615384615384,0.42857142857142855,0.6027930374430797,0.5365404156663447,1,2,0.000666667,,58.577,books-genre-a=3 | books-genre-b=7
q025,habits productivity and personal effectiveness,Torso,StripeLocal,Mixed,Keyword,idf-correct-probe,0.999623570476307,1,1,0.9555555555555556,0.9798532694019606,0.8719968219913282,1,10,0.002266667,,409.877,books-genre-b=10
q025,habits productivity and personal effectiveness,Torso,StripeLocal,Mixed,Keyword,idf-correct-sidecar,0.999623570476307,1,1,0.9555555555555556,0.9798532694019606,0.8719968219913282,1,2,0.000666667,,58.5921,books-genre-b=10
q025,habits productivity and personal effectiveness,Torso,StripeLocal,Mixed,Keyword,global-bm25,0.8857188494011144,0.6,0.42857142857142855,0.5111111111111111,0.5779375041579322,0.8229677179059928,1,2,0.000666667,,60.1161,books-genre-b=10
q025,habits productivity and personal effectiveness,Torso,StripeLocal,Mixed,Keyword,local-bm25,0.8857188494011144,0.6,0.42857142857142855,0.5111111111111111,0.5779375041579322,0.8229677179059928,1,2,0.000666667,,60.0235,books-genre-b=10
q026,poetry collection about grief,Torso,StripeLocal,Conceptual,Keyword,single-index,1,1,1,1,1,0.24020345294718828,1,1,0.000383333,,63.0175,books-oracle2=10
q026,poetry collection about grief,Torso,StripeLocal,Conceptual,Keyword,single-index-rescored,0.7234677352203921,0.7,0.5384615384615384,0.37777777777777777,0.25218779394061763,0.37444310257953267,1,1,0.000383333,,63.0175,books-oracle2=10
q026,poetry collection about grief,Torso,StripeLocal,Conceptual,Keyword,naive-score,0.9673071695723757,0.6,0.42857142857142855,0.7777777777777778,0.834156913755453,0.1571161254012839,1,2,0.000566667,,58.042899999999996,books-genre-a=5 | books-genre-b=5
q026,poetry collection about grief,Torso,StripeLocal,Conceptual,Keyword,interleave,0.8253175671777802,0.6,0.42857142857142855,0.3333333333333333,0.417060027576184,0.11953699263134222,1,2,0.000566667,,58.0259,books-genre-a=5 | books-genre-b=5
q026,poetry collection about grief,Torso,StripeLocal,Conceptual,Keyword,quota-merge,0.8294843484306337,0.6,0.42857142857142855,0.4222222222222222,0.44886308087737453,0.12042357120386377,1,2,0.000566667,,58.028999999999996,books-genre-a=5 | books-genre-b=5
q026,poetry collection about grief,Torso,StripeLocal,Conceptual,Keyword,global-rrf,0.8294843484306337,0.6,0.42857142857142855,0.4222222222222222,0.44886308087737453,0.12042357120386377,1,2,0.000566667,,58.0376,books-genre-a=5 | books-genre-b=5
q026,poetry collection about grief,Torso,StripeLocal,Conceptual,Keyword,minmax-norm,0.7283660683352751,0.3,0.17647058823529413,0.6888888888888889,0.31142174735976036,0.10245674868882822,1,2,0.000566667,,58.0709,books-genre-a=8 | books-genre-b=2
q026,poetry collection about grief,Torso,StripeLocal,Conceptual,Keyword,zscore-norm,0.9044487011112328,0.4,0.25,0.9111111111111111,0.7008475165061967,0.14924328008789928,1,2,0.000566667,,58.066,books-genre-a=7 | books-genre-b=3
q026,poetry collection about grief,Torso,StripeLocal,Conceptual,Keyword,idf-correct-probe,0.9931710271067654,0.9,0.8181818181818182,1,0.9658726183897135,0.25851559822773,1,8,0.0018999989999999999,,320.482,books-genre-b=10
q026,poetry collection about grief,Torso,StripeLocal,Conceptual,Keyword,idf-correct-sidecar,0.9931710271067654,0.9,0.8181818181818182,1,0.9658726183897135,0.25851559822773,1,2,0.000566667,,58.073,books-genre-b=10
q026,poetry collection about grief,Torso,StripeLocal,Conceptual,Keyword,global-bm25,0.7234677352203921,0.7,0.5384615384615384,0.37777777777777777,0.25218779394061763,0.37444310257953267,1,2,0.000566667,,59.6071,books-genre-b=10
q026,poetry collection about grief,Torso,StripeLocal,Conceptual,Keyword,local-bm25,0.6430742127982182,0.6,0.42857142857142855,0.4222222222222222,0.19445995648691383,0.25129682293259953,1,2,0.000566667,,59.4571,books-genre-a=2 | books-genre-b=8
q027,existentialist philosophy and the meaning of life,Torso,StripeLocal,Mixed,Keyword,single-index,1,1,1,1,1,0.26834602793134127,1,1,0.0004,,63.5562,books-oracle2=10
q027,existentialist philosophy and the meaning of life,Torso,StripeLocal,Mixed,Keyword,single-index-rescored,0.5769737358054509,0.3,0.17647058823529413,0.37777777777777777,0.18004159536716816,0.43523965211868215,1,1,0.0004,,63.5562,books-oracle2=10
q027,existentialist philosophy and the meaning of life,Torso,StripeLocal,Mixed,Keyword,naive-score,0.9653622778803491,0.7,0.5384615384615384,0.6444444444444445,0.8211044882971199,0.2858989759893945,1,2,0.000566667,,59.0444,books-genre-a=4 | books-genre-b=6
q027,existentialist philosophy and the meaning of life,Torso,StripeLocal,Mixed,Keyword,interleave,0.9495252482517683,0.6,0.42857142857142855,0.4222222222222222,0.7443768448372792,0.27591486207800475,1,2,0.000566667,,59.026300000000006,books-genre-a=5 | books-genre-b=5
q027,existentialist philosophy and the meaning of life,Torso,StripeLocal,Mixed,Keyword,quota-merge,0.9553985917561777,0.6,0.42857142857142855,0.5555555555555556,0.7633766508434159,0.2904474673723164,1,2,0.000566667,,59.021,books-genre-a=5 | books-genre-b=5
q027,existentialist philosophy and the meaning of life,Torso,StripeLocal,Mixed,Keyword,global-rrf,0.9553985917561777,0.6,0.42857142857142855,0.5555555555555556,0.7633766508434159,0.2904474673723164,1,2,0.000566667,,59.0396,books-genre-a=5 | books-genre-b=5
q027,existentialist philosophy and the meaning of life,Torso,StripeLocal,Mixed,Keyword,minmax-norm,0.9865573776829807,0.8,0.6666666666666666,0.7777777777777778,0.8832134401824606,0.2803906874348498,1,2,0.000566667,,59.071600000000004,books-genre-a=3 | books-genre-b=7
q027,existentialist philosophy and the meaning of life,Torso,StripeLocal,Mixed,Keyword,zscore-norm,0.9682267062315649,0.7,0.5384615384615384,0.6,0.8045816508654029,0.30181842370093626,1,2,0.000566667,,59.063300000000005,books-genre-a=4 | books-genre-b=6
q027,existentialist philosophy and the meaning of life,Torso,StripeLocal,Mixed,Keyword,idf-correct-probe,0.8985339848711072,0.9,0.8181818181818182,0.8222222222222222,0.7299733100851097,0.30915221247360447,1,10,0.00215,,410.9507,books-genre-a=2 | books-genre-b=8
q027,existentialist philosophy and the meaning of life,Torso,StripeLocal,Mixed,Keyword,idf-correct-sidecar,0.8985339848711072,0.9,0.8181818181818182,0.8222222222222222,0.7299733100851097,0.30915221247360447,1,2,0.000566667,,59.0976,books-genre-a=2 | books-genre-b=8
q027,existentialist philosophy and the meaning of life,Torso,StripeLocal,Mixed,Keyword,global-bm25,0.5804596606298756,0.3,0.17647058823529413,0.4666666666666667,0.1892209494958998,0.3905909741919812,1,2,0.000566667,,62.0795,books-genre-a=2 | books-genre-b=8
q027,existentialist philosophy and the meaning of life,Torso,StripeLocal,Mixed,Keyword,local-bm25,0.4348170635428869,0.2,0.1111111111111111,-0.21428571428571427,0.0753323816322732,0.31195486609230166,1,2,0.000566667,,60.4305,books-genre-a=5 | books-genre-b=5
q028,evolutionary biology explained for general readers,Torso,StripeLocal,Conceptual,Keyword,single-index,1,1,1,1,1,0.5194759540724612,1,1,0.000333333,,63.8191,books-oracle2=10
q028,evolutionary biology explained for general readers,Torso,StripeLocal,Conceptual,Keyword,single-index-rescored,0.5861567581731064,0.2,0.1111111111111111,0.5111111111111111,0.23038126449975396,0.5974653492045637,1,1,0.000333333,,63.8191,books-oracle2=10
q028,evolutionary biology explained for general readers,Torso,StripeLocal,Conceptual,Keyword,naive-score,0.9647555476745505,1,1,0.3333333333333333,0.7139639902292929,0.42990680773028234,1,2,0.000466667,,85.5527,books-genre-a=1 | books-genre-b=9
q028,evolutionary biology explained for general readers,Torso,StripeLocal,Conceptual,Keyword,interleave,0.7545016602482842,0.6,0.42857142857142855,0.1111111111111111,0.3529351426609033,0.22289499851073777,1,2,0.000466667,,85.5373,books-genre-a=5 | books-genre-b=5
q028,evolutionary biology explained for general readers,Torso,StripeLocal,Conceptual,Keyword,quota-merge,0.7558535901184407,0.6,0.42857142857142855,0.15555555555555556,0.36027862596388865,0.22601448581735628,1,2,0.000466667,,85.53099999999999,books-genre-a=5 | books-genre-b=5
q028,evolutionary biology explained for general readers,Torso,StripeLocal,Conceptual,Keyword,global-rrf,0.7558535901184407,0.6,0.42857142857142855,0.15555555555555556,0.36027862596388865,0.22601448581735628,1,2,0.000466667,,85.5458,books-genre-a=5 | books-genre-b=5
q028,evolutionary biology explained for general readers,Torso,StripeLocal,Conceptual,Keyword,minmax-norm,0.8379534447801716,0.9,0.8181818181818182,0.15555555555555556,0.4910458367936748,0.38166977237129635,1,2,0.000466667,,85.5818,books-genre-a=2 | books-genre-b=8
q028,evolutionary biology explained for general readers,Torso,StripeLocal,Conceptual,Keyword,zscore-norm,0.7704456793638451,0.6,0.42857142857142855,0.15555555555555556,0.3852099667174377,0.21960592270925952,1,2,0.000466667,,85.574,books-genre-a=5 | books-genre-b=5
q028,evolutionary biology explained for general readers,Torso,StripeLocal,Conceptual,Keyword,idf-correct-probe,0.9902158011412405,1,1,0.6888888888888889,0.8744717961612275,0.4867730426326832,1,12,0.002666667,,554.2631,books-genre-a=1 | books-genre-b=9
q028,evolutionary biology explained for general readers,Torso,StripeLocal,Conceptual,Keyword,idf-correct-sidecar,0.9826962627330977,1,1,0.37777777777777777,0.7830542872047362,0.46404202909747533,1,2,0.000466667,,85.5954,books-genre-a=1 | books-genre-b=9
q028,evolutionary biology explained for general readers,Torso,StripeLocal,Conceptual,Keyword,global-bm25,0.6628908822488954,0.6,0.42857142857142855,0.06666666666666667,0.3329860019226777,0.7416927369447833,1,2,0.000466667,,87.2896,books-genre-b=10
q028,evolutionary biology explained for general readers,Torso,StripeLocal,Conceptual,Keyword,local-bm25,0.6628908822488954,0.6,0.42857142857142855,0.06666666666666667,0.3329860019226777,0.7416927369447833,1,2,0.000466667,,87.0004,books-genre-b=10
q029,the history of the Roman empire,Torso,StripeLocal,Lexical,Keyword,single-index,1,1,1,1,1,0.7824816778041492,1,1,0.000366667,,62.9316,books-oracle2=10
q029,the history of the Roman empire,Torso,StripeLocal,Lexical,Keyword,single-index-rescored,0.9022609947532398,0.6,0.42857142857142855,0.3333333333333333,0.562561591318118,0.8931118392590842,1,1,0.000366667,,62.9316,books-oracle2=10
q029,the history of the Roman empire,Torso,StripeLocal,Lexical,Keyword,naive-score,0.9941255877161582,0.9,0.8181818181818182,0.7333333333333333,0.946449731041018,0.7824816778041492,1,2,0.000516666,,81.7638,books-genre-a=3 | books-genre-b=7
q029,the history of the Roman empire,Torso,StripeLocal,Lexical,Keyword,interleave,0.832174923967468,0.7,0.5384615384615384,0.15555555555555556,0.4395310864833189,0.5247399191619636,1,2,0.000516666,,81.7491,books-genre-a=5 | books-genre-b=5
q029,the history of the Roman empire,Torso,StripeLocal,Lexical,Keyword,quota-merge,0.8358050169423444,0.7,0.5384615384615384,0.24444444444444444,0.4670213003843436,0.525753451125798,1,2,0.000516666,,81.744,books-genre-a=5 | books-genre-b=5
q029,the history of the Roman empire,Torso,StripeLocal,Lexical,Keyword,global-rrf,0.8358050169423444,0.7,0.5384615384615384,0.24444444444444444,0.4670213003843436,0.525753451125798,1,2,0.000516666,,81.7572,books-genre-a=5 | books-genre-b=5
q029,the history of the Roman empire,Torso,StripeLocal,Lexical,Keyword,minmax-norm,0.7258456982955375,0.4,0.25,0.4666666666666667,0.2778003508884438,0.43608912959637774,1,2,0.000516666,,81.7932,books-genre-a=8 | books-genre-b=2
q029,the history of the Roman empire,Torso,StripeLocal,Lexical,Keyword,zscore-norm,0.8862497894537569,0.5,0.3333333333333333,0.5111111111111111,0.537879428727848,0.6889204312627114,1,2,0.000516666,,81.7864,books-genre-a=7 | books-genre-b=3
q029,the history of the Roman empire,Torso,StripeLocal,Lexical,Keyword,idf-correct-probe,0.992233868623331,0.9,0.8181818181818182,0.8222222222222222,0.9342397330094672,0.8102172499532124,1,8,0.0016833319999999998,,368.24170000000004,books-genre-a=1 | books-genre-b=9
q029,the history of the Roman empire,Torso,StripeLocal,Lexical,Keyword,idf-correct-sidecar,0.992233868623331,0.9,0.8181818181818182,0.8222222222222222,0.9342397330094672,0.8102172499532124,1,2,0.000516666,,81.7949,books-genre-a=1 | books-genre-b=9
q029,the history of the Roman empire,Torso,StripeLocal,Lexical,Keyword,global-bm25,0.9022609947532398,0.6,0.42857142857142855,0.3333333333333333,0.562561591318118,0.8931118392590842,1,2,0.000516666,,83.1634,books-genre-a=1 | books-genre-b=9
q029,the history of the Roman empire,Torso,StripeLocal,Lexical,Keyword,local-bm25,0.8702145629427007,0.5,0.3333333333333333,0.3333333333333333,0.4993057148408744,0.8931118392590842,1,2,0.000516666,,83.1548,books-genre-a=1 | books-genre-b=9
q030,a novel narrated by an unreliable narrator in a decaying southern town,Tail,StripeLocal,Conceptual,Keyword,single-index,1,1,1,1,1,0.21610832137064706,1,1,0.000433333,,71.4473,books-oracle2=10
q030,a novel narrated by an unreliable narrator in a decaying southern town,Tail,StripeLocal,Conceptual,Keyword,single-index-rescored,0.8152579641197921,0.4,0.25,0.7333333333333333,0.49457269298882994,0.32878471650483343,1,1,0.000433333,,71.4473,books-oracle2=10
q030,a novel narrated by an unreliable narrator in a decaying southern town,Tail,StripeLocal,Conceptual,Keyword,naive-score,0.9960289233591388,1,1,0.8666666666666667,0.9232207682366941,0.22400982187151083,1,2,0.0008166670000000001,,65.94430000000001,books-genre-a=6 | books-genre-b=4
q030,a novel narrated by an unreliable narrator in a decaying southern town,Tail,StripeLocal,Conceptual,Keyword,interleave,0.9693299441920851,0.9,0.8181818181818182,0.6888888888888889,0.7849439009642095,0.23259836222591335,1,2,0.0008166670000000001,,65.9316,books-genre-a=5 | books-genre-b=5
q030,a novel narrated by an unreliable narrator in a decaying southern town,Tail,StripeLocal,Conceptual,Keyword,quota-merge,0.9690532877790238,0.9,0.8181818181818182,0.6444444444444445,0.7849439009642095,0.2335327455124506,1,2,0.0008166670000000001,,65.92630000000001,books-genre-a=5 | books-genre-b=5
q030,a novel narrated by an unreliable narrator in a decaying southern town,Tail,StripeLocal,Conceptual,Keyword,global-rrf,0.9690532877790238,0.9,0.8181818181818182,0.6444444444444445,0.7849439009642095,0.2335327455124506,1,2,0.0008166670000000001,,65.94040000000001,books-genre-a=5 | books-genre-b=5
q030,a novel narrated by an unreliable narrator in a decaying southern town,Tail,StripeLocal,Conceptual,Keyword,minmax-norm,0.942183474789132,0.8,0.6666666666666666,0.28888888888888886,0.6259772617489945,0.26537884982403037,1,2,0.0008166670000000001,,65.9761,books-genre-a=4 | books-genre-b=6
q030,a novel narrated by an unreliable narrator in a decaying southern town,Tail,StripeLocal,Conceptual,Keyword,zscore-norm,0.944908043716591,0.8,0.6666666666666666,0.37777777777777777,0.6425000991807114,0.26331721866718055,1,2,0.0008166670000000001,,65.9701,books-genre-a=4 | books-genre-b=6
q030,a novel narrated by an unreliable narrator in a decaying southern town,Tail,StripeLocal,Conceptual,Keyword,idf-correct-probe,0.9942626722653797,1,1,0.8222222222222222,0.9030740376386549,0.22400982187151083,1,14,0.0033333330000000004,,585.6705,books-genre-a=6 | books-genre-b=4
q030,a novel narrated by an unreliable narrator in a decaying southern town,Tail,StripeLocal,Conceptual,Keyword,idf-correct-sidecar,0.9942626722653797,1,1,0.8222222222222222,0.9030740376386549,0.22400982187151083,1,2,0.0008166670000000001,,65.9897,books-genre-a=6 | books-genre-b=4
q030,a novel narrated by an unreliable narrator in a decaying southern town,Tail,StripeLocal,Conceptual,Keyword,global-bm25,0.7856020817752031,0.4,0.25,0.8333333333333334,0.49457269298882994,0.32878471650483343,1,2,0.0008166670000000001,,67.4487,books-genre-a=6 | books-genre-b=4
q030,a novel narrated by an unreliable narrator in a decaying southern town,Tail,StripeLocal,Conceptual,Keyword,local-bm25,0.8230375692119608,0.5,0.3333333333333333,0.5111111111111111,0.5005209144642481,0.33018009894125083,1,2,0.0008166670000000001,,67.28410000000001,books-genre-a=6 | books-genre-b=4
q031,Regency romance with a reluctant duke,Tail,StripeLocal,Mixed,Keyword,single-index,1,1,1,1,1,0.7964626293911861,1,1,0.000366667,,90.226,books-oracle2=10
q031,Regency romance with a reluctant duke,Tail,StripeLocal,Mixed,Keyword,single-index-rescored,0.9276210033668219,0.6,0.42857142857142855,0.6888888888888889,0.708974161401558,0.878057900021937,1,1,0.000366667,,90.226,books-oracle2=10
q031,Regency romance with a reluctant duke,Tail,StripeLocal,Mixed,Keyword,naive-score,0.991225716430368,0.9,0.8181818181818182,0.7333333333333333,0.8839003284532385,0.7889179841622441,1,2,0.000516666,,57.2019,books-genre-a=3 | books-genre-b=7
q031,Regency romance with a reluctant duke,Tail,StripeLocal,Mixed,Keyword,interleave,0.8244996648698988,0.7,0.5384615384615384,0.3333333333333333,0.4395310864833189,0.5368688053899023,1,2,0.000516666,,57.1912,books-genre-a=5 | books-genre-b=5
q031,Regency romance with a reluctant duke,Tail,StripeLocal,Mixed,Keyword,quota-merge,0.9239421385385255,0.7,0.5384615384615384,0.4222222222222222,0.6004085630650673,0.6891596439965744,1,2,0.000516666,,57.1914,books-genre-a=5 | books-genre-b=5
q031,Regency romance with a reluctant duke,Tail,StripeLocal,Mixed,Keyword,global-rrf,0.9239421385385255,0.7,0.5384615384615384,0.4222222222222222,0.6004085630650673,0.6891596439965744,1,2,0.000516666,,57.1993,books-genre-a=5 | books-genre-b=5
q031,Regency romance with a reluctant duke,Tail,StripeLocal,Mixed,Keyword,minmax-norm,0.8502138437028337,0.5,0.3333333333333333,0.6666666666666666,0.5701542527843823,0.6449196249791547,1,2,0.000516666,,57.2357,books-genre-a=7 | books-genre-b=3
q031,Regency romance with a reluctant duke,Tail,StripeLocal,Mixed,Keyword,zscore-norm,0.8845061082613421,0.6,0.42857142857142855,0.5,0.6134609885234003,0.6749407874961029,1,2,0.000516666,,57.2301,books-genre-a=6 | books-genre-b=4
q031,Regency romance with a reluctant duke,Tail,StripeLocal,Mixed,Keyword,idf-correct-probe,0.9987437390587608,0.9,0.8181818181818182,0.9555555555555556,0.9848724243958502,0.8143532324519973,1,10,0.002049998,,417.9382,books-genre-a=2 | books-genre-b=8
q031,Regency romance with a reluctant duke,Tail,StripeLocal,Mixed,Keyword,idf-correct-sidecar,0.9987437390587608,0.9,0.8181818181818182,0.9555555555555556,0.9848724243958502,0.8143532324519973,1,2,0.000516666,,57.245000000000005,books-genre-a=2 | books-genre-b=8
q031,Regency romance with a reluctant duke,Tail,StripeLocal,Mixed,Keyword,global-bm25,0.9276210033668219,0.6,0.42857142857142855,0.6888888888888889,0.708974161401558,0.878057900021937,1,2,0.000516666,,58.742200000000004,books-genre-a=2 | books-genre-b=8
q031,Regency romance with a reluctant duke,Tail,StripeLocal,Mixed,Keyword,local-bm25,0.9247936474162456,0.6,0.42857142857142855,0.7333333333333333,0.708974161401558,0.8761498042761028,1,2,0.000516666,,58.543,books-genre-a=3 | books-genre-b=7
q032,cookbook,Head,StripeLocal,Lexical,Keyword,single-index,1,1,1,1,1,1,1,1,0.000216667,,86.3319,books-oracle2=10
q032,cookbook,Head,StripeLocal,Lexical,Keyword,single-index-rescored,0.7854456878154121,0.9,0.8181818181818182,0.022222222222222223,0.3426984985528914,1,1,1,0.000216667,,86.3319,books-oracle2=10
q032,cookbook,Head,StripeLocal,Lexical,Keyword,naive-score,0.796827932063258,1,1,0.15555555555555556,0.3605006325912745,1,1,2,0.000283333,,54.481199999999994,books-genre-a=4 | books-genre-b=6
q032,cookbook,Head,StripeLocal,Lexical,Keyword,interleave,0.862327417862011,0.9,0.8181818181818182,0.37777777777777777,0.5489733220702583,1,1,2,0.000283333,,54.4738,books-genre-a=5 | books-genre-b=5
q032,cookbook,Head,StripeLocal,Lexical,Keyword,quota-merge,0.9674037447041779,0.9,0.8181818181818182,0.6,0.7831080301384631,1,1,2,0.000283333,,54.4768,books-genre-a=5 | books-genre-b=5
q032,cookbook,Head,StripeLocal,Lexical,Keyword,global-rrf,0.9674037447041779,0.9,0.8181818181818182,0.6,0.7831080301384631,1,1,2,0.000283333,,54.4792,books-genre-a=5 | books-genre-b=5
q032,cookbook,Head,StripeLocal,Lexical,Keyword,minmax-norm,0.997697345165676,1,1,0.9111111111111111,0.9383990912166945,1,1,2,0.000283333,,54.4957,books-genre-a=4 | books-genre-b=6
q032,cookbook,Head,StripeLocal,Lexical,Keyword,zscore-norm,0.9932810048681056,0.9,0.8181818181818182,0.6888888888888889,0.8818181783548935,1,1,2,0.000283333,,54.4938,books-genre-a=3 | books-genre-b=7
q032,cookbook,Head,StripeLocal,Lexical,Keyword,idf-correct-probe,0.9950809058478347,0.9,0.8181818181818182,0.9111111111111111,0.9251073864382914,1,1,4,0.000666666,,141.466,books-genre-a=3 | books-genre-b=7
q032,cookbook,Head,StripeLocal,Lexical,Keyword,idf-correct-sidecar,0.9950809058478347,0.9,0.8181818181818182,0.9111111111111111,0.9251073864382914,1,1,2,0.000283333,,54.503099999999996,books-genre-a=3 | books-genre-b=7
q032,cookbook,Head,StripeLocal,Lexical,Keyword,global-bm25,0.7854456878154121,0.9,0.8181818181818182,0.022222222222222223,0.3426984985528914,1,1,2,0.000283333,,56.882,books-genre-a=3 | books-genre-b=7
q032,cookbook,Head,StripeLocal,Lexical,Keyword,local-bm25,0.77654942476404,1,1,-0.2,0.3172114245078768,1,1,2,0.000283333,,55.4383,books-genre-a=4 | books-genre-b=6
q033,travel writing about walking across a country,Tail,StripeLocal,Conceptual,Keyword,single-index,1,1,1,1,1,0.536489898233539,0.9,1,0.000416667,,64.7865,books-oracle2=10
q033,travel writing about walking across a country,Tail,StripeLocal,Conceptual,Keyword,single-index-rescored,0.627038108121327,0.5,0.3333333333333333,0.24444444444444444,0.35279129573481643,0.3082174203177829,1,1,0.000416667,,64.7865,books-oracle2=10
q033,travel writing about walking across a country,Tail,StripeLocal,Conceptual,Keyword,naive-score,0.9973835606821587,0.9,0.8181818181818182,1,0.9867082952215966,0.588331814575055,0.9,2,0.000766666,,62.255500000000005,books-genre-a=3 | books-genre-b=7
q033,travel writing about walking across a country,Tail,StripeLocal,Conceptual,Keyword,interleave,0.9210956694455787,0.8,0.6666666666666666,0.5555555555555556,0.6625513400244674,0.27738665037106675,0.9,2,0.000766666,,62.246900000000004,books-genre-a=5 | books-genre-b=5
q033,travel writing about walking across a country,Tail,StripeLocal,Conceptual,Keyword,quota-merge,0.9273958284364132,0.8,0.6666666666666666,0.6888888888888889,0.7358085715109238,0.28003143815926956,0.9,2,0.000766666,,62.2378,books-genre-a=5 | books-genre-b=5
q033,travel writing about walking across a country,Tail,StripeLocal,Conceptual,Keyword,global-rrf,0.9273958284364132,0.8,0.6666666666666666,0.6888888888888889,0.7358085715109238,0.28003143815926956,0.9,2,0.000766666,,62.2541,books-genre-a=5 | books-genre-b=5
q033,travel writing about walking across a country,Tail,StripeLocal,Conceptual,Keyword,minmax-norm,0.9079082498709139,0.7,0.5384615384615384,0.6444444444444445,0.640277870977146,0.2783607650798466,1,2,0.000766666,,62.2847,books-genre-a=6 | books-genre-b=4
q033,travel writing about walking across a country,Tail,StripeLocal,Conceptual,Keyword,zscore-norm,0.9671613659200858,0.7,0.5384615384615384,0.7777777777777778,0.8419401651290027,0.4208727739863798,1,2,0.000766666,,62.2807,books-genre-a=6 | books-genre-b=4
q033,travel writing about walking across a country,Tail,StripeLocal,Conceptual,Keyword,idf-correct-probe,0.9963650765003711,0.9,0.8181818181818182,0.8222222222222222,0.9434190871381988,0.6026160050558615,0.9,10,0.0025333330000000005,,408.7706,books-genre-a=3 | books-genre-b=7
q033,travel writing about walking across a country,Tail,StripeLocal,Conceptual,Keyword,idf-correct-sidecar,0.9970211033640818,0.9,0.8181818181818182,0.9111111111111111,0.9624188931443355,0.5938403267332848,0.9,2,0.000766666,,62.301300000000005,books-genre-a=3 | books-genre-b=7
q033,travel writing about walking across a country,Tail,StripeLocal,Conceptual,Keyword,global-bm25,0.6363875850567288,0.5,0.3333333333333333,0.3333333333333333,0.36197064986354804,0.31620835782764517,1,2,0.000766666,,63.8481,books-genre-a=3 | books-genre-b=7
q033,travel writing about walking across a country,Tail,StripeLocal,Conceptual,Keyword,local-bm25,0.6490676181953248,0.5,0.3333333333333333,0.24444444444444444,0.4145381094072745,0.3155582212128679,1,2,0.000766666,,63.676,books-genre-a=3 | books-genre-b=7
q034,startup founder building a company from nothing,Torso,StripeLocal,Conceptual,Keyword,single-index,1,1,1,1,1,0.8128236231221232,1,1,0.000366667,,63.7087,books-oracle2=10
q034,startup founder building a company from nothing,Torso,StripeLocal,Conceptual,Keyword,single-index-rescored,0.7087136973251336,0.5,0.3333333333333333,0.4666666666666667,0.27809421406985557,0.6739192735174626,1,1,0.000366667,,63.7087,books-oracle2=10
q034,startup founder building a company from nothing,Torso,StripeLocal,Conceptual,Keyword,naive-score,0.998827255748741,0.9,0.8181818181818182,1,0.9940517785245819,0.8128236231221232,1,2,0.000516666,,60.4499,books-genre-a=1 | books-genre-b=9
q034,startup founder building a company from nothing,Torso,StripeLocal,Conceptual,Keyword,interleave,0.7868858402619191,0.6,0.42857142857142855,0.3333333333333333,0.396224350744301,0.38558861141170053,1,2,0.000516666,,60.4387,books-genre-a=5 | books-genre-b=5
q034,startup founder building a company from nothing,Torso,StripeLocal,Conceptual,Keyword,quota-merge,0.907043910571968,0.6,0.42857142857142855,0.5555555555555556,0.6303590588125058,0.4920155508430389,1,2,0.000516666,,60.4313,books-genre-a=5 | books-genre-b=5
q034,startup founder building a company from nothing,Torso,StripeLocal,Conceptual,Keyword,global-rrf,0.907043910571968,0.6,0.42857142857142855,0.5555555555555556,0.6303590588125058,0.4920155508430389,1,2,0.000516666,,60.4476,books-genre-a=5 | books-genre-b=5
q034,startup founder building a company from nothing,Torso,StripeLocal,Conceptual,Keyword,minmax-norm,0.8770353927439921,0.5,0.3333333333333333,0.6,0.5760849466041801,0.41800080749070834,1,2,0.000516666,,60.4764,books-genre-a=6 | books-genre-b=4
q034,startup founder building a company from nothing,Torso,StripeLocal,Conceptual,Keyword,zscore-norm,0.8997793214519255,0.6,0.42857142857142855,0.37777777777777777,0.5820331680795982,0.48162159568966,1,2,0.000516666,,60.5398,books-genre-a=5 | books-genre-b=5
q034,startup founder building a company from nothing,Torso,StripeLocal,Conceptual,Keyword,idf-correct-probe,0.998827255748741,0.9,0.8181818181818182,1,0.9940517785245819,0.8128236231221232,1,12,0.002666666,,492.1125,books-genre-a=1 | books-genre-b=9
q034,startup founder building a company from nothing,Torso,StripeLocal,Conceptual,Keyword,idf-correct-sidecar,0.998827255748741,0.9,0.8181818181818182,1,0.9940517785245819,0.8128236231221232,1,2,0.000516666,,60.4898,books-genre-a=1 | books-genre-b=9
q034,startup founder building a company from nothing,Torso,StripeLocal,Conceptual,Keyword,global-bm25,0.7087136973251336,0.5,0.3333333333333333,0.4666666666666667,0.27809421406985557,0.6739192735174626,1,2,0.000516666,,61.9717,books-genre-a=1 | books-genre-b=9
q034,startup founder building a company from nothing,Torso,StripeLocal,Conceptual,Keyword,local-bm25,0.7087136973251336,0.5,0.3333333333333333,0.4666666666666667,0.27809421406985557,0.6739192735174626,1,2,0.000516666,,61.8172,books-genre-a=1 | books-genre-b=9
q035,a marriage falling apart told from both perspectives,Tail,StripeLocal,Conceptual,Keyword,single-index,1,1,1,1,1,0.11523621332112606,1,1,0.0004,,64.7522,books-oracle2=10
q035,a marriage falling apart told from both perspectives,Tail,StripeLocal,Conceptual,Keyword,single-index-rescored,0.48855208768761776,0.2,0.1111111111111111,0.4666666666666667,0.07170848846595089,0.11713702773605575,1,1,0.0004,,64.7522,books-oracle2=10
q035,a marriage falling apart told from both perspectives,Tail,StripeLocal,Conceptual,Keyword,naive-score,0.7587813352756421,0.6,0.42857142857142855,0.4222222222222222,0.4277309168540809,0.089600022262032,1,2,0.000566667,,66.6131,books-genre-a=6 | books-genre-b=4
q035,a marriage falling apart told from both perspectives,Tail,StripeLocal,Conceptual,Keyword,interleave,0.8033841533767149,0.7,0.5384615384615384,0.3333333333333333,0.5027694353049423,0.08472262028817035,1,2,0.000566667,,66.5875,books-genre-a=5 | books-genre-b=5
q035,a marriage falling apart told from both perspectives,Tail,StripeLocal,Conceptual,Keyword,quota-merge,0.8986203425990477,0.7,0.5384615384615384,0.37777777777777777,0.6563034285837053,0.08472262028817035,1,2,0.000566667,,66.5797,books-genre-a=5 | books-genre-b=5
q035,a marriage falling apart told from both perspectives,Tail,StripeLocal,Conceptual,Keyword,global-rrf,0.8986203425990477,0.7,0.5384615384615384,0.37777777777777777,0.6563034285837053,0.08472262028817035,1,2,0.000566667,,66.5955,books-genre-a=5 | books-genre-b=5
q035,a marriage falling apart told from both perspectives,Tail,StripeLocal,Conceptual,Keyword,minmax-norm,0.9013506930109274,0.7,0.5384615384615384,0.4666666666666667,0.6977576067689714,0.08610589513365705,1,2,0.000566667,,66.625,books-genre-a=5 | books-genre-b=5
q035,a marriage falling apart told from both perspectives,Tail,StripeLocal,Conceptual,Keyword,zscore-norm,0.7591161772731737,0.6,0.42857142857142855,0.4666666666666667,0.4277309168540809,0.09063249693264527,1,2,0.000566667,,66.6212,books-genre-a=6 | books-genre-b=4
q035,a marriage falling apart told from both perspectives,Tail,StripeLocal,Conceptual,Keyword,idf-correct-probe,0.9153951903439643,0.7,0.5384615384615384,0.5555555555555556,0.7167574127751078,0.09201577177813196,1,12,0.002583334,,499.5751,books-genre-a=4 | books-genre-b=6
q035,a marriage falling apart told from both perspectives,Tail,StripeLocal,Conceptual,Keyword,idf-correct-sidecar,0.9153951903439643,0.7,0.5384615384615384,0.5555555555555556,0.7167574127751078,0.09201577177813196,1,2,0.000566667,,66.642,books-genre-a=4 | books-genre-b=6
q035,a marriage falling apart told from both perspectives,Tail,StripeLocal,Conceptual,Keyword,global-bm25,0.4871150788789177,0.3,0.17647058823529413,0.1111111111111111,0.06254666199283952,0.10105863089912218,1,2,0.000566667,,68.14359999999999,books-genre-a=5 | books-genre-b=5
q035,a marriage falling apart told from both perspectives,Tail,StripeLocal,Conceptual,Keyword,local-bm25,0.4880579466303881,0.3,0.17647058823529413,0.1111111111111111,0.058233822592673554,0.10105863089912218,1,2,0.000566667,,67.9415,books-genre-a=5 | books-genre-b=5
q036,essays on race in America,Torso,StripeLocal,Mixed,Keyword,single-index,1,1,1,1,1,0.06518264816572998,1,1,0.00035,,63.2348,books-oracle2=10
q036,essays on race in America,Torso,StripeLocal,Mixed,Keyword,single-index-rescored,0.5421685796097128,0.1,0.05263157894736842,0.4222222222222222,0.09736573043190963,0.3734007242804732,1,1,0.00035,,63.2348,books-oracle2=10
q036,essays on race in America,Torso,StripeLocal,Mixed,Keyword,naive-score,0.9934956614158656,0.9,0.8181818181818182,0.8222222222222222,0.9080931926325444,0.06471203271500418,1,2,0.00035,,57.699299999999994,books-genre-a=1 | books-genre-b=9
q036,essays on race in America,Torso,StripeLocal,Mixed,Keyword,interleave,0.7619896686333985,0.5,0.3333333333333333,0.3333333333333333,0.38293264596589754,0.05187169088322115,1,2,0.00035,,57.6877,books-genre-a=5 | books-genre-b=5
q036,essays on race in America,Torso,StripeLocal,Mixed,Keyword,quota-merge,0.7684411202125628,0.5,0.3333333333333333,0.4666666666666667,0.42207918257007343,0.05019571829032318,1,2,0.00035,,57.679899999999996,books-genre-a=5 | books-genre-b=5
q036,essays on race in America,Torso,StripeLocal,Mixed,Keyword,global-rrf,0.7684411202125628,0.5,0.3333333333333333,0.4666666666666667,0.42207918257007343,0.05019571829032318,1,2,0.00035,,57.6965,books-genre-a=5 | books-genre-b=5
q036,essays on race in America,Torso,StripeLocal,Mixed,Keyword,minmax-norm,0.8314081369599444,0.7,0.5384615384615384,0.6,0.5913343045997419,0.049296041178145435,1,2,0.00035,,57.7928,books-genre-a=3 | books-genre-b=7
q036,essays on race in America,Torso,StripeLocal,Mixed,Keyword,zscore-norm,0.789934009864049,0.6,0.42857142857142855,0.1111111111111111,0.42256848098103755,0.05140107543249536,1,2,0.00035,,57.7226,books-genre-a=4 | books-genre-b=6
q036,essays on race in America,Torso,StripeLocal,Mixed,Keyword,idf-correct-probe,0.996086306530931,1,1,0.9111111111111111,0.9305642515396794,0.06518264816572998,1,8,0.001883333,,315.9943,books-genre-b=10
q036,essays on race in America,Torso,StripeLocal,Mixed,Keyword,idf-correct-sidecar,0.996086306530931,1,1,0.9111111111111111,0.9305642515396794,0.06518264816572998,1,2,0.00035,,57.732499999999995,books-genre-b=10
q036,essays on race in America,Torso,StripeLocal,Mixed,Keyword,global-bm25,0.5196586116017642,0.1,0.05263157894736842,0.4444444444444444,0.09736573043190963,0.3848461648722963,1,2,0.00035,,59.303399999999996,books-genre-a=2 | books-genre-b=8
q036,essays on race in America,Torso,StripeLocal,Mixed,Keyword,local-bm25,0.43722798741402846,0.1,0.05263157894736842,-0.35714285714285715,0.0492374295588158,0.15180446684019552,1,2,0.00035,,59.114,books-genre-a=4 | books-genre-b=6
q037,spiritual awakening and mindfulness practice,Torso,StripeLocal,Conceptual,Keyword,single-index,1,1,1,1,1,1,1,1,0.00035,,63.9163,books-oracle2=10
q037,spiritual awakening and mindfulness practice,Torso,StripeLocal,Conceptual,Keyword,single-index-rescored,0.7904526547669265,0.5,0.3333333333333333,0.4666666666666667,0.416916180650097,0.8861107236627898,1,1,0.00035,,63.9163,books-oracle2=10
q037,spiritual awakening and mindfulness practice,Torso,StripeLocal,Conceptual,Keyword,naive-score,0.9993086975088357,1,1,0.8666666666666667,0.9590175925700777,1,1,2,0.000616666,,59.0721,books-genre-b=10
q037,spiritual awakening and mindfulness practice,Torso,StripeLocal,Conceptual,Keyword,interleave,0.6468429423326555,0.5,0.3333333333333333,0.42857142857142855,0.38293264596589754,0.5358685921270555,1,2,0.000616666,,59.0629,books-genre-a=5 | books-genre-b=5
q037,spiritual awakening and mindfulness practice,Torso,StripeLocal,Conceptual,Keyword,quota-merge,0.6529845952367062,0.5,0.3333333333333333,0.42857142857142855,0.40307937656393683,0.5416498909810089,1,2,0.000616666,,59.0539,books-genre-a=5 | books-genre-b=5
q037,spiritual awakening and mindfulness practice,Torso,StripeLocal,Conceptual,Keyword,global-rrf,0.6529845952367062,0.5,0.3333333333333333,0.42857142857142855,0.40307937656393683,0.5416498909810089,1,2,0.000616666,,59.071099999999994,books-genre-a=5 | books-genre-b=5
q037,spiritual awakening and mindfulness practice,Torso,StripeLocal,Conceptual,Keyword,minmax-norm,0.6163449667665083,0.4,0.25,0.14285714285714285,0.3824928778953331,0.4688223405635257,1,2,0.000616666,,59.098099999999995,books-genre-a=6 | books-genre-b=4
q037,spiritual awakening and mindfulness practice,Torso,StripeLocal,Conceptual,Keyword,zscore-norm,0.6163449667665083,0.4,0.25,0.14285714285714285,0.3824928778953331,0.4688223405635257,1,2,0.000616666,,59.0937,books-genre-a=6 | books-genre-b=4
q037,spiritual awakening and mindfulness practice,Torso,StripeLocal,Conceptual,Keyword,idf-correct-probe,0.9993086975088357,1,1,0.8666666666666667,0.9590175925700777,1,1,10,0.002249999,,412.03979999999996,books-genre-b=10
q037,spiritual awakening and mindfulness practice,Torso,StripeLocal,Conceptual,Keyword,idf-correct-sidecar,0.9993086975088357,1,1,0.8666666666666667,0.9590175925700777,1,1,2,0.000616666,,59.1235,books-genre-b=10
q037,spiritual awakening and mindfulness practice,Torso,StripeLocal,Conceptual,Keyword,global-bm25,0.7904526547669265,0.5,0.3333333333333333,0.4666666666666667,0.416916180650097,0.8861107236627898,1,2,0.000616666,,60.6316,books-genre-b=10
q037,spiritual awakening and mindfulness practice,Torso,StripeLocal,Conceptual,Keyword,local-bm25,0.7916840458844413,0.5,0.3333333333333333,0.5111111111111111,0.416916180650097,0.8861107236627898,1,2,0.000616666,,60.5017,books-genre-b=10
q038,immigrant family adjusting to a new country,Torso,StripeLocal,Conceptual,Keyword,single-index,1,1,1,1,1,0.4042040793695303,1,1,0.000416667,,66.2316,books-oracle2=10
q038,immigrant family adjusting to a new country,Torso,StripeLocal,Conceptual,Keyword,single-index-rescored,0.6406460965335922,0.2,0.1111111111111111,0.6888888888888889,0.27763981723435127,0.46226185889198496,1,1,0.000416667,,66.2316,books-oracle2=10
q038,immigrant family adjusting to a new country,Torso,StripeLocal,Conceptual,Keyword,naive-score,0.972676073590523,0.8,0.6666666666666666,0.6444444444444445,0.7854526266981192,0.3464270682437434,1,2,0.000433334,,60.343300000000006,books-genre-a=5 | books-genre-b=5
q038,immigrant family adjusting to a new country,Torso,StripeLocal,Conceptual,Keyword,interleave,0.9831752743799999,0.8,0.6666666666666666,0.6,0.8270527097725379,0.34508731339826015,1,2,0.000433334,,60.3318,books-genre-a=5 | books-genre-b=5
q038,immigrant family adjusting to a new country,Torso,StripeLocal,Conceptual,Keyword,quota-merge,0.9305494735739704,0.8,0.6666666666666666,0.6,0.6936654470918143,0.26482154078272674,1,2,0.000433334,,60.324400000000004,books-genre-a=5 | books-genre-b=5
q038,immigrant family adjusting to a new country,Torso,StripeLocal,Conceptual,Keyword,global-rrf,0.9305494735739704,0.8,0.6666666666666666,0.6,0.6936654470918143,0.26482154078272674,1,2,0.000433334,,60.340900000000005,books-genre-a=5 | books-genre-b=5
q038,immigrant family adjusting to a new country,Torso,StripeLocal,Conceptual,Keyword,minmax-norm,0.9367660213158251,0.8,0.6666666666666666,0.7333333333333333,0.7637901417859784,0.323559189549175,1,2,0.000433334,,60.3697,books-genre-a=2 | books-genre-b=8
q038,immigrant family adjusting to a new country,Torso,StripeLocal,Conceptual,Keyword,zscore-norm,0.9922832716400174,0.8,0.6666666666666666,0.8666666666666667,0.9362556660394069,0.37390001096946796,1,2,0.000433334,,60.365700000000004,books-genre-a=4 | books-genre-b=6
q038,immigrant family adjusting to a new country,Torso,StripeLocal,Conceptual,Keyword,idf-correct-probe,0.9838487299257814,0.7,0.5384615384615384,0.8666666666666667,0.8888532663787228,0.3586424921899786,1,8,0.0017833340000000001,,351.10179999999997,books-genre-a=3 | books-genre-b=7
q038,immigrant family adjusting to a new country,Torso,StripeLocal,Conceptual,Keyword,idf-correct-sidecar,0.9930024949186442,0.8,0.6666666666666666,0.9111111111111111,0.9642372363144613,0.4025439554444373,1,2,0.000433334,,60.3849,books-genre-a=2 | books-genre-b=8
q038,immigrant family adjusting to a new country,Torso,StripeLocal,Conceptual,Keyword,global-bm25,0.6406460965335922,0.2,0.1111111111111111,0.6888888888888889,0.27763981723435127,0.46226185889198496,1,2,0.000433334,,61.81420000000001,books-genre-a=2 | books-genre-b=8
q038,immigrant family adjusting to a new country,Torso,StripeLocal,Conceptual,Keyword,local-bm25,0.7598700476275325,0.2,0.1111111111111111,0.6,0.45880992930329145,0.5121066824842823,1,2,0.000433334,,61.721000000000004,books-genre-a=5 | books-genre-b=5
q039,art history and the Renaissance painters,Torso,StripeLocal,Mixed,Keyword,single-index,1,1,1,1,1,0.6291545409698538,1,1,0.000366667,,64.8173,books-oracle2=10
q039,art history and the Renaissance painters,Torso,StripeLocal,Mixed,Keyword,single-index-rescored,0.7597300178535161,0.6,0.42857142857142855,0.3333333333333333,0.43202417063556064,0.6873915254690945,0.9,1,0.000366667,,64.8173,books-oracle2=10
q039,art history and the Renaissance painters,Torso,StripeLocal,Mixed,Keyword,naive-score,0.9985933557830984,0.9,0.8181818181818182,0.9111111111111111,0.9750519725184452,0.5853341299768838,1,2,0.000533333,,59.9962,books-genre-a=1 | books-genre-b=9
q039,art history and the Renaissance painters,Torso,StripeLocal,Mixed,Keyword,interleave,0.769566624908829,0.5,0.3333333333333333,0.24444444444444444,0.38293264596589754,0.37001764965519474,1,2,0.000533333,,59.9872,books-genre-a=5 | books-genre-b=5
q039,art history and the Renaissance painters,Torso,StripeLocal,Mixed,Keyword,quota-merge,0.8778107679074585,0.5,0.3333333333333333,0.3333333333333333,0.5481229619478117,0.4283711142739604,1,2,0.000533333,,59.9793,books-genre-a=5 | books-genre-b=5
q039,art history and the Renaissance painters,Torso,StripeLocal,Mixed,Keyword,global-rrf,0.8778107679074585,0.5,0.3333333333333333,0.3333333333333333,0.5481229619478117,0.4283711142739604,1,2,0.000533333,,60.0058,books-genre-a=5 | books-genre-b=5
q039,art history and the Renaissance painters,Torso,StripeLocal,Mixed,Keyword,minmax-norm,0.8611603517243476,0.4,0.25,0.37777777777777777,0.5403397105742619,0.39432229630425214,1,2,0.000533333,,60.0758,books-genre-a=6 | books-genre-b=4
q039,art history and the Renaissance painters,Torso,StripeLocal,Mixed,Keyword,zscore-norm,0.863816301252656,0.4,0.25,0.4222222222222222,0.5554497585227913,0.40155543758211215,1,2,0.000533333,,60.022,books-genre-a=6 | books-genre-b=4
q039,art history and the Renaissance painters,Torso,StripeLocal,Mixed,Keyword,idf-correct-probe,0.999872026239713,1,1,0.9555555555555556,0.9883436772968487,0.6310379879234398,1,8,0.001733333,,350.6444,books-genre-b=10
q039,art history and the Renaissance painters,Torso,StripeLocal,Mixed,Keyword,idf-correct-sidecar,0.999872026239713,1,1,0.9555555555555556,0.9883436772968487,0.6310379879234398,1,2,0.000533333,,60.109899999999996,books-genre-b=10
q039,art history and the Renaissance painters,Torso,StripeLocal,Mixed,Keyword,global-bm25,0.7597300178535161,0.6,0.42857142857142855,0.3333333333333333,0.43202417063556064,0.6873915254690945,0.9,2,0.000533333,,61.428399999999996,books-genre-a=2 | books-genre-b=8
q039,art history and the Renaissance painters,Torso,StripeLocal,Mixed,Keyword,local-bm25,0.6829330925785668,0.5,0.3333333333333333,0.15555555555555556,0.2858607787153997,0.6417729170193123,0.9,2,0.000533333,,61.3824,books-genre-a=4 | books-genre-b=6
q040,investing personal finance wealth,Torso,StripeLocal,Lexical,Keyword,single-index,1,1,1,1,1,0.8043482217369691,1,1,0.000366667,,63.1645,books-oracle2=10
q040,investing personal finance wealth,Torso,StripeLocal,Lexical,Keyword,single-index-rescored,0.8974180729304542,0.7,0.5384615384615384,0.8666666666666667,0.7240084018816857,0.8803273038110722,1,1,0.000366667,,63.1645,books-oracle2=10
q040,investing personal finance wealth,Torso,StripeLocal,Lexical,Keyword,naive-score,0.9818094133495059,0.8,0.6666666666666666,1,0.9807600737461785,0.7312625444731047,1,2,0.00065,,83.4086,books-genre-a=2 | books-genre-b=8
q040,investing personal finance wealth,Torso,StripeLocal,Lexical,Keyword,interleave,0.7190800297838648,0.5,0.3333333333333333,0.2222222222222222,0.38293264596589754,0.4030996102379979,1,2,0.00065,,83.396,books-genre-a=5 | books-genre-b=5
q040,investing personal finance wealth,Torso,StripeLocal,Lexical,Keyword,quota-merge,0.7226999454397848,0.5,0.3333333333333333,0.2777777777777778,0.4019324519720342,0.409665745656018,1,2,0.00065,,83.3879,books-genre-a=5 | books-genre-b=5
q040,investing personal finance wealth,Torso,StripeLocal,Lexical,Keyword,global-rrf,0.7226999454397848,0.5,0.3333333333333333,0.2777777777777778,0.4019324519720342,0.409665745656018,1,2,0.00065,,83.40390000000001,books-genre-a=5 | books-genre-b=5
q040,investing personal finance wealth,Torso,StripeLocal,Lexical,Keyword,minmax-norm,0.7238719310267927,0.5,0.3333333333333333,0.3333333333333333,0.41111180610076586,0.4128427441384062,1,2,0.00065,,83.4325,books-genre-a=5 | books-genre-b=5
q040,investing personal finance wealth,Torso,StripeLocal,Lexical,Keyword,zscore-norm,0.842846638500652,0.5,0.3333333333333333,0.4444444444444444,0.584792529977568,0.4998533654168853,1,2,0.00065,,83.4289,books-genre-a=5 | books-genre-b=5
q040,investing personal finance wealth,Torso,StripeLocal,Lexical,Keyword,idf-correct-probe,0.9973835606821587,0.9,0.8181818181818182,1,0.9867082952215966,0.8611375561264454,1,8,0.001833333,,369.66060000000004,books-genre-b=10
q040,investing personal finance wealth,Torso,StripeLocal,Lexical,Keyword,idf-correct-sidecar,0.9973835606821587,0.9,0.8181818181818182,1,0.9867082952215966,0.8611375561264454,1,2,0.00065,,83.4434,books-genre-b=10
q040,investing personal finance wealth,Torso,StripeLocal,Lexical,Keyword,global-bm25,0.8974180729304542,0.7,0.5384615384615384,0.8666666666666667,0.7240084018816857,0.8803273038110722,1,2,0.00065,,84.8309,books-genre-b=10
q040,investing personal finance wealth,Torso,StripeLocal,Lexical,Keyword,local-bm25,0.8877316869177626,0.7,0.5384615384615384,0.6888888888888889,0.6923755165014395,0.8019290348323969,1,2,0.00065,,84.801,books-genre-a=2 | books-genre-b=8
q041,love,Head,CrossStripe,Lexical,Keyword,single-index,1,1,1,1,1,0.9371166382005486,1,1,0.0002,,62.4961,books-oracle2=10
q041,love,Head,CrossStripe,Lexical,Keyword,single-index-rescored,0.7309690577925241,0.6,0.42857142857142855,-0.022222222222222223,0.340329485225663,0.9636452638863133,1,1,0.0002,,62.4961,books-oracle2=10
q041,love,Head,CrossStripe,Lexical,Keyword,naive-score,0.42261926920887743,0.1,0.05263157894736842,0.9285714285714286,0.03412738161028636,0.655322482299031,1,2,0.0006833329999999999,,56.8538,books-genre-a=10
q041,love,Head,CrossStripe,Lexical,Keyword,interleave,0.8246721115448995,0.6,0.42857142857142855,0.3333333333333333,0.417060027576184,0.7694276734020112,1,2,0.0006833329999999999,,56.848800000000004,books-genre-a=5 | books-genre-b=5
q041,love,Head,CrossStripe,Lexical,Keyword,quota-merge,0.9239740079613894,0.6,0.42857142857142855,0.4222222222222222,0.5779375041579322,0.8390528069087475,1,2,0.0006833329999999999,,56.8363,books-genre-a=5 | books-genre-b=5
q041,love,Head,CrossStripe,Lexical,Keyword,global-rrf,0.9239740079613894,0.6,0.42857142857142855,0.4222222222222222,0.5779375041579322,0.8390528069087475,1,2,0.0006833329999999999,,56.8523,books-genre-a=5 | books-genre-b=5
q041,love,Head,CrossStripe,Lexical,Keyword,minmax-norm,0.8209217464022265,0.3,0.17647058823529413,0.7333333333333333,0.42969896209195463,0.8268102684686385,1,2,0.0006833329999999999,,56.879000000000005,books-genre-a=8 | books-genre-b=2
q041,love,Head,CrossStripe,Lexical,Keyword,zscore-norm,0.9640049121407268,0.6,0.42857142857142855,0.8222222222222222,0.8194691062218676,0.86599997333695,1,2,0.0006833329999999999,,56.8766,books-genre-a=5 | books-genre-b=5
q041,love,Head,CrossStripe,Lexical,Keyword,idf-correct-probe,0.9931710271067654,0.9,0.8181818181818182,1,0.9658726183897135,1,1,4,0.0010999999999999998,,146.9403,books-genre-b=10
q041,love,Head,CrossStripe,Lexical,Keyword,idf-correct-sidecar,0.9931710271067654,0.9,0.8181818181818182,1,0.9658726183897135,1,1,2,0.0006833329999999999,,56.879400000000004,books-genre-b=10
q041,love,Head,CrossStripe,Lexical,Keyword,global-bm25,0.8829875990245476,0.7,0.5384615384615384,0.24444444444444444,0.5357574247602563,1,1,2,0.0006833329999999999,,58.2672,books-genre-a=1 | books-genre-b=9
q041,love,Head,CrossStripe,Lexical,Keyword,local-bm25,0.31198689955370223,0,0,-0.06666666666666667,0,0.9239702799224406,1,2,0.0006833329999999999,,58.2218,books-genre-a=10
q042,war,Head,CrossStripe,Lexical,Keyword,single-index,1,1,1,1,1,0.94546789582947,1,1,0.00035,,91.3992,books-oracle2=10
q042,war,Head,CrossStripe,Lexical,Keyword,single-index-rescored,0.8505296837421233,0.5,0.3333333333333333,0.15555555555555556,0.6319010664568402,1,1,1,0.00035,,91.3992,books-oracle2=10
q042,war,Head,CrossStripe,Lexical,Keyword,naive-score,0.998827255748741,0.9,0.8181818181818182,1,0.9940517785245819,1,1,2,0.000366666,,54.2577,books-genre-a=1 | books-genre-b=9
q042,war,Head,CrossStripe,Lexical,Keyword,interleave,0.903341804525742,0.7,0.5384615384615384,0.24444444444444444,0.5967910730339346,0.9012884244108894,1,2,0.000366666,,54.2894,books-genre-a=5 | books-genre-b=5
q042,war,Head,CrossStripe,Lexical,Keyword,quota-merge,0.9604712232209309,0.7,0.5384615384615384,0.37777777777777777,0.777815280213722,0.9035456546298357,1,2,0.000366666,,54.2315,books-genre-a=5 | books-genre-b=5
q042,war,Head,CrossStripe,Lexical,Keyword,global-rrf,0.9604712232209309,0.7,0.5384615384615384,0.37777777777777777,0.777815280213722,0.9035456546298357,1,2,0.000366666,,54.247,books-genre-a=5 | books-genre-b=5
q042,war,Head,CrossStripe,Lexical,Keyword,minmax-norm,0.998827255748741,0.9,0.8181818181818182,1,0.9940517785245819,1,1,2,0.000366666,,54.2732,books-genre-a=1 | books-genre-b=9
q042,war,Head,CrossStripe,Lexical,Keyword,zscore-norm,0.9152230439442433,0.7,0.5384615384615384,0.3333333333333333,0.677194197963563,0.8956885132092335,1,2,0.000366666,,54.27,books-genre-a=5 | books-genre-b=5
q042,war,Head,CrossStripe,Lexical,Keyword,idf-correct-probe,0.9900069859223566,0.8,0.6666666666666666,0.9555555555555556,0.9807600737461785,0.9636452638863133,1,2,0.000366666,,54.2703,books-genre-a=3 | books-genre-b=7
q042,war,Head,CrossStripe,Lexical,Keyword,idf-correct-sidecar,0.9900069859223566,0.8,0.6666666666666666,0.9555555555555556,0.9807600737461785,0.9636452638863133,1,2,0.000366666,,54.2601,books-genre-a=3 | books-genre-b=7
q042,war,Head,CrossStripe,Lexical,Keyword,global-bm25,0.8505296837421233,0.5,0.3333333333333333,0.15555555555555556,0.6319010664568402,1,1,2,0.000366666,,55.6248,books-genre-a=2 | books-genre-b=8
q042,war,Head,CrossStripe,Lexical,Keyword,local-bm25,0.7991687167566318,0.5,0.3333333333333333,-0.06666666666666667,0.45380540307434175,1,1,2,0.000366666,,55.7034,books-genre-a=2 | books-genre-b=8
q043,family,Head,CrossStripe,Lexical,Keyword,single-index,1,1,1,1,1,0.9621404437403491,1,1,0.000383333,,63.5066,books-oracle2=10
q043,family,Head,CrossStripe,Lexical,Keyword,single-index-rescored,0.5071787978249565,0.3,0.17647058823529413,0.4222222222222222,0.13260224072791799,0.8067607557350442,1,1,0.000383333,,63.5066,books-oracle2=10
q043,family,Head,CrossStripe,Lexical,Keyword,naive-score,0.6923096253887145,0.5,0.3333333333333333,0.06666666666666667,0.1615477745000013,0.7807810554752134,1,2,0.0004,,56.275800000000004,books-genre-a=7 | books-genre-b=3
q043,family,Head,CrossStripe,Lexical,Keyword,interleave,0.8543830060592988,0.7,0.5384615384615384,0.4222222222222222,0.5027694353049423,0.9134872336594229,1,2,0.0004,,56.266400000000004,books-genre-a=5 | books-genre-b=5
q043,family,Head,CrossStripe,Lexical,Keyword,quota-merge,0.8543830060592988,0.7,0.5384615384615384,0.4222222222222222,0.5027694353049423,0.9134872336594229,1,2,0.0004,,56.2578,books-genre-a=5 | books-genre-b=5
q043,family,Head,CrossStripe,Lexical,Keyword,global-rrf,0.8543830060592988,0.7,0.5384615384615384,0.4222222222222222,0.5027694353049423,0.9134872336594229,1,2,0.0004,,56.274,books-genre-a=5 | books-genre-b=5
q043,family,Head,CrossStripe,Lexical,Keyword,minmax-norm,0.8511290561524014,0.6,0.42857142857142855,0.6888888888888889,0.5772243387591524,0.8791712690774832,1,2,0.0004,,56.3009,books-genre-a=6 | books-genre-b=4
q043,family,Head,CrossStripe,Lexical,Keyword,zscore-norm,0.9498741506206065,0.6,0.42857142857142855,0.9111111111111111,0.8621384840305074,0.880986696781705,1,2,0.0004,,56.314800000000005,books-genre-a=6 | books-genre-b=4
q043,family,Head,CrossStripe,Lexical,Keyword,idf-correct-probe,0.8871679543319066,0.8,0.6666666666666666,0.6444444444444445,0.6489328272251031,0.9580777588003657,1,2,0.0004,,56.303200000000004,books-genre-a=4 | books-genre-b=6
q043,family,Head,CrossStripe,Lexical,Keyword,idf-correct-sidecar,0.8859567628484274,0.8,0.6666666666666666,0.5555555555555556,0.6324099897933863,0.9580777588003657,1,2,0.0004,,56.2888,books-genre-a=4 | books-genre-b=6
q043,family,Head,CrossStripe,Lexical,Keyword,global-bm25,0.3406301790270975,0.3,0.17647058823529413,0.06666666666666667,0.08931303264452027,0.918752830540385,1,2,0.0004,,57.6257,books-genre-a=5 | books-genre-b=5
q043,family,Head,CrossStripe,Lexical,Keyword,local-bm25,0.09469726819243084,0.1,0.05263157894736842,1,0.06938416015685508,0.8736037639915356,1,2,0.0004,,57.5644,books-genre-a=10
q044,death,Head,CrossStripe,Lexical,Keyword,single-index,1,1,1,1,1,0.7283513076812134,0.9,1,0.000333333,,62.8443,books-oracle2=10
q044,death,Head,CrossStripe,Lexical,Keyword,single-index-rescored,0.5854838510283431,0.3,0.17647058823529413,-0.28888888888888886,0.07765670994136897,0.8923176273555912,1,1,0.000333333,,62.8443,books-oracle2=10
q044,death,Head,CrossStripe,Lexical,Keyword,naive-score,0.5954226307404488,0.3,0.17647058823529413,0.06666666666666667,0.041710985160956594,0.9621404437403491,1,2,0.000616667,,55.9781,books-genre-a=3 | books-genre-b=7
q044,death,Head,CrossStripe,Lexical,Keyword,interleave,0.8852590214348012,0.5,0.3333333333333333,0.5111111111111111,0.5962316772022194,0.8951943970009143,1,2,0.000616667,,55.9676,books-genre-a=5 | books-genre-b=5
q044,death,Head,CrossStripe,Lexical,Keyword,quota-merge,0.7575097794970432,0.5,0.3333333333333333,0.3333333333333333,0.37375329183716594,0.9039129791606223,1,2,0.000616667,,55.9605,books-genre-a=5 | books-genre-b=5
q044,death,Head,CrossStripe,Lexical,Keyword,global-rrf,0.7575097794970432,0.5,0.3333333333333333,0.3333333333333333,0.37375329183716594,0.9039129791606223,1,2,0.000616667,,55.9761,books-genre-a=5 | books-genre-b=5
q044,death,Head,CrossStripe,Lexical,Keyword,minmax-norm,0.6847165515178519,0.3,0.17647058823529413,0.7333333333333333,0.30556979920594035,0.9458352203602566,1,2,0.000616667,,56.0031,books-genre-a=3 | books-genre-b=7
q044,death,Head,CrossStripe,Lexical,Keyword,zscore-norm,0.5954226307404488,0.3,0.17647058823529413,0.06666666666666667,0.041710985160956594,0.9621404437403491,1,2,0.000616667,,56.0002,books-genre-a=3 | books-genre-b=7
q044,death,Head,CrossStripe,Lexical,Keyword,idf-correct-probe,0.9541389253732487,0.8,0.6666666666666666,0.4222222222222222,0.8050709492763669,0.7703079918287111,0.9,4,0.001,,146.4083,books-genre-a=8 | books-genre-b=2
q044,death,Head,CrossStripe,Lexical,Keyword,idf-correct-sidecar,0.7581669262394999,0.8,0.6666666666666666,0.15555555555555556,0.40246643540113086,0.7954931801167132,0.9,2,0.000616667,,56.0068,books-genre-a=8 | books-genre-b=2
q044,death,Head,CrossStripe,Lexical,Keyword,global-bm25,0.5854838510283431,0.3,0.17647058823529413,-0.28888888888888886,0.07765670994136897,0.8923176273555912,1,2,0.000616667,,57.4342,books-genre-a=8 | books-genre-b=2
q044,death,Head,CrossStripe,Lexical,Keyword,local-bm25,0.40523677811492914,0,0,0.4222222222222222,0,0.9621404437403491,1,2,0.000616667,,57.3102,books-genre-a=4 | books-genre-b=6
q045,friendship,Head,CrossStripe,Lexical,Keyword,single-index,1,1,1,1,1,0.4922500483974222,1,1,0.00035,,89.6813,books-oracle2=10
q045,friendship,Head,CrossStripe,Lexical,Keyword,single-index-rescored,0.5415449195002734,0.3,0.17647058823529413,0.1111111111111111,0.1807305416010118,0.7338523365606473,1,1,0.00035,,89.6813,books-oracle2=10
q045,friendship,Head,CrossStripe,Lexical,Keyword,naive-score,0.9647152067873057,0.6,0.42857142857142855,0.9555555555555556,0.880872425145359,0.624528545696615,1,2,0.000366666,,54.3284,books-genre-a=6 | books-genre-b=4
q045,friendship,Head,CrossStripe,Lexical,Keyword,interleave,0.8297110497854364,0.5,0.3333333333333333,0.3333333333333333,0.47435015492238913,0.6729662484320655,1,2,0.000366666,,54.319700000000005,books-genre-a=5 | books-genre-b=5
q045,friendship,Head,CrossStripe,Lexical,Keyword,quota-merge,0.8295610771788183,0.5,0.3333333333333333,0.28888888888888886,0.47435015492238913,0.6714614282861013,1,2,0.000366666,,54.3123,books-genre-a=5 | books-genre-b=5
q045,friendship,Head,CrossStripe,Lexical,Keyword,global-rrf,0.8295610771788183,0.5,0.3333333333333333,0.28888888888888886,0.47435015492238913,0.6714614282861013,1,2,0.000366666,,54.328,books-genre-a=5 | books-genre-b=5
q045,friendship,Head,CrossStripe,Lexical,Keyword,minmax-norm,0.8552047730876811,0.6,0.42857142857142855,0.6,0.5533580180244501,0.6526861594832813,1,2,0.000366666,,54.3772,books-genre-a=7 | books-genre-b=3
q045,friendship,Head,CrossStripe,Lexical,Keyword,zscore-norm,0.9394247177007155,0.6,0.42857142857142855,0.6444444444444445,0.7068920113032129,0.6062694038121239,1,2,0.000366666,,54.351600000000005,books-genre-a=7 | books-genre-b=3
q045,friendship,Head,CrossStripe,Lexical,Keyword,idf-correct-probe,0.9734528662111055,0.7,0.5384615384615384,0.7777777777777778,0.8941641299237626,0.5247539524762646,1,4,0.000749999,,141.6542,books-genre-a=1 | books-genre-b=9
q045,friendship,Head,CrossStripe,Lexical,Keyword,idf-correct-sidecar,0.9647152067873057,0.6,0.42857142857142855,0.9555555555555556,0.880872425145359,0.624528545696615,1,2,0.000366666,,54.3506,books-genre-a=6 | books-genre-b=4
q045,friendship,Head,CrossStripe,Lexical,Keyword,global-bm25,0.5415449195002734,0.3,0.17647058823529413,0.1111111111111111,0.1807305416010118,0.7338523365606473,1,2,0.000366666,,55.8159,books-genre-a=5 | books-genre-b=5
q045,friendship,Head,CrossStripe,Lexical,Keyword,local-bm25,0.5047780158744954,0.2,0.1111111111111111,0.2,0.11983678933904471,0.7541381454556194,1,2,0.000366666,,55.6181,books-genre-a=9 | books-genre-b=1
q046,coming of age story about a teenager finding their identity,Torso,CrossStripe,Conceptual,Keyword,single-index,1,1,1,1,1,0.5648732390871197,1,1,0.000433333,,66.366,books-oracle2=10
q046,coming of age story about a teenager finding their identity,Torso,CrossStripe,Conceptual,Keyword,single-index-rescored,0.5278182364023761,0.1,0.05263157894736842,0.4222222222222222,0.0492374295588158,0.7755325036379792,1,1,0.000433333,,66.366,books-oracle2=10
q046,coming of age story about a teenager finding their identity,Torso,CrossStripe,Conceptual,Keyword,naive-score,0.9960350135150619,1,1,0.7333333333333333,0.9024533664362822,0.5607326907957393,1,2,0.001233333,,64.816,books-genre-a=5 | books-genre-b=5
q046,coming of age story about a teenager finding their identity,Torso,CrossStripe,Conceptual,Keyword,interleave,0.851053346482849,1,1,0.1111111111111111,0.5080084422959563,0.45063865787707225,1,2,0.001233333,,64.8047,books-genre-a=5 | books-genre-b=5
q046,coming of age story about a teenager finding their identity,Torso,CrossStripe,Conceptual,Keyword,quota-merge,0.8620277243640098,1,1,0.28888888888888886,0.5886091570853982,0.45469267377318395,1,2,0.001233333,,64.7965,books-genre-a=5 | books-genre-b=5
q046,coming of age story about a teenager finding their identity,Torso,CrossStripe,Conceptual,Keyword,global-rrf,0.8620277243640098,1,1,0.28888888888888886,0.5886091570853982,0.45469267377318395,1,2,0.001233333,,64.8132,books-genre-a=5 | books-genre-b=5
q046,coming of age story about a teenager finding their identity,Torso,CrossStripe,Conceptual,Keyword,minmax-norm,0.8675161689664421,1,1,0.4666666666666667,0.636737457958492,0.44800584023078893,1,2,0.001233333,,64.8429,books-genre-a=5 | books-genre-b=5
q046,coming of age story about a teenager finding their identity,Torso,CrossStripe,Conceptual,Keyword,zscore-norm,0.8654689513317587,1,1,0.4222222222222222,0.6165907273604527,0.44993293984877347,1,2,0.001233333,,64.8387,books-genre-a=5 | books-genre-b=5
q046,coming of age story about a teenager finding their identity,Torso,CrossStripe,Conceptual,Keyword,idf-correct-probe,0.9882275085688949,1,1,0.5555555555555556,0.8593617482126982,0.5580517233798291,1,14,0.004033333,,607.5002,books-genre-a=5 | books-genre-b=5
q046,coming of age story about a teenager finding their identity,Torso,CrossStripe,Conceptual,Keyword,idf-correct-sidecar,0.9882275085688949,1,1,0.5555555555555556,0.8593617482126982,0.5580517233798291,1,2,0.001233333,,64.8621,books-genre-a=5 | books-genre-b=5
q046,coming of age story about a teenager finding their identity,Torso,CrossStripe,Conceptual,Keyword,global-bm25,0.4940941799291964,0.1,0.05263157894736842,0.2777777777777778,0.03412738161028636,0.7796051615611473,1,2,0.001233333,,66.5103,books-genre-a=8 | books-genre-b=2
q046,coming of age story about a teenager finding their identity,Torso,CrossStripe,Conceptual,Keyword,local-bm25,0.675672335542033,0.2,0.1111111111111111,0.07142857142857142,0.3673924203468,0.8526426433917184,1,2,0.001233333,,66.19969999999999,books-genre-a=7 | books-genre-b=3
q047,a story about losing someone you love and learning to go on,Torso,CrossStripe,Conceptual,Keyword,single-index,1,1,1,1,1,0.1732200866986228,1,1,0.000433333,,67.8749,books-oracle2=10
q047,a story about losing someone you love and learning to go on,Torso,CrossStripe,Conceptual,Keyword,single-index-rescored,0.5943100116116092,0.3,0.17647058823529413,-0.06666666666666667,0.1319132944940743,0.1688362545151876,1,1,0.000433333,,67.8749,books-oracle2=10
q047,a story about losing someone you love and learning to go on,Torso,CrossStripe,Conceptual,Keyword,naive-score,0.8976038481326203,0.8,0.6666666666666666,0.7333333333333333,0.6619336643799708,0.14671115961043926,1,2,0.0008,,64.4141,books-genre-a=4 | books-genre-b=6
q047,a story about losing someone you love and learning to go on,Torso,CrossStripe,Conceptual,Keyword,interleave,0.9172888730627947,0.8,0.6666666666666666,0.6,0.6826980706225068,0.15262121145221885,1,2,0.0008,,64.4012,books-genre-a=5 | books-genre-b=5
q047,a story about losing someone you love and learning to go on,Torso,CrossStripe,Conceptual,Keyword,quota-merge,0.9179002793512614,0.8,0.6666666666666666,0.6444444444444445,0.6900415539254919,0.15262121145221885,1,2,0.0008,,64.3946,books-genre-a=5 | books-genre-b=5
q047,a story about losing someone you love and learning to go on,Torso,CrossStripe,Conceptual,Keyword,global-rrf,0.9179002793512614,0.8,0.6666666666666666,0.6444444444444445,0.6900415539254919,0.15262121145221885,1,2,0.0008,,64.4106,books-genre-a=5 | books-genre-b=5
q047,a story about losing someone you love and learning to go on,Torso,CrossStripe,Conceptual,Keyword,minmax-norm,0.9301547091955732,0.8,0.6666666666666666,0.8222222222222222,0.7461340093039437,0.14259450807836577,1,2,0.0008,,64.4395,books-genre-a=4 | books-genre-b=6
q047,a story about losing someone you love and learning to go on,Torso,CrossStripe,Conceptual,Keyword,zscore-norm,0.8979773835988063,0.8,0.6666666666666666,0.7777777777777778,0.6770437123285002,0.14671115961043926,1,2,0.0008,,64.43730000000001,books-genre-a=4 | books-genre-b=6
q047,a story about losing someone you love and learning to go on,Torso,CrossStripe,Conceptual,Keyword,idf-correct-probe,0.8638584946972804,0.8,0.6666666666666666,0.5111111111111111,0.555828347889894,0.15479815628564772,1,8,0.001983333,,332.2133,books-genre-a=5 | books-genre-b=5
q047,a story about losing someone you love and learning to go on,Torso,CrossStripe,Conceptual,Keyword,idf-correct-sidecar,0.8952009387908791,0.8,0.6666666666666666,0.6,0.6326075796532,0.1470873646469303,1,2,0.0008,,64.4599,books-genre-a=4 | books-genre-b=6
q047,a story about losing someone you love and learning to go on,Torso,CrossStripe,Conceptual,Keyword,global-bm25,0.7024304087491001,0.5,0.3333333333333333,-0.1111111111111111,0.24809876872792716,0.16640773415148077,1,2,0.0008,,65.9849,books-genre-a=4 | books-genre-b=6
q047,a story about losing someone you love and learning to go on,Torso,CrossStripe,Conceptual,Keyword,local-bm25,0.694365578692239,0.5,0.3333333333333333,-0.1111111111111111,0.2249837131814383,0.18610590871992003,1,2,0.0008,,65.7919,books-genre-a=4 | books-genre-b=6
q048,World War II,Head,CrossStripe,Lexical,Keyword,single-index,1,1,1,1,1,0.7511000364550411,1,1,0.0004,,62.5888,books-oracle2=10
q048,World War II,Head,CrossStripe,Lexical,Keyword,single-index-rescored,0.9661041729219719,0.7,0.5384615384615384,0.8666666666666667,0.9101607139659496,0.8446203119946951,1,1,0.0004,,62.5888,books-oracle2=10
q048,World War II,Head,CrossStripe,Lexical,Keyword,naive-score,0.9963750036558285,0.9,0.8181818181818182,1,0.9867082952215966,0.7511000364550411,1,2,0.0004,,56.8223,books-genre-a=1 | books-genre-b=9
q048,World War II,Head,CrossStripe,Lexical,Keyword,interleave,0.7834803719606728,0.5,0.3333333333333333,0.28888888888888886,0.38293264596589754,0.514954652854034,1,2,0.0004,,56.811299999999996,books-genre-a=5 | books-genre-b=5
q048,World War II,Head,CrossStripe,Lexical,Keyword,quota-merge,0.786551198412698,0.5,0.3333333333333333,0.3333333333333333,0.40307937656393683,0.514954652854034,1,2,0.0004,,56.8037,books-genre-a=5 | books-genre-b=5
q048,World War II,Head,CrossStripe,Lexical,Keyword,global-rrf,0.786551198412698,0.5,0.3333333333333333,0.3333333333333333,0.40307937656393683,0.514954652854034,1,2,0.0004,,56.8208,books-genre-a=5 | books-genre-b=5
q048,World War II,Head,CrossStripe,Lexical,Keyword,minmax-norm,0.8373971803378912,0.7,0.5384615384615384,0.3333333333333333,0.5199342114129472,0.6318817542608474,1,2,0.0004,,56.847,books-genre-a=3 | books-genre-b=7
q048,World War II,Head,CrossStripe,Lexical,Keyword,zscore-norm,0.7530434379349308,0.7,0.5384615384615384,0.06666666666666667,0.2918256869188235,0.592392579747439,1,2,0.0004,,56.844699999999996,books-genre-a=3 | books-genre-b=7
q048,World War II,Head,CrossStripe,Lexical,Keyword,idf-correct-probe,0.9999426168282078,1,1,0.9555555555555556,0.9926565166970147,0.7511000364550411,1,6,0.0012,,240.5403,books-genre-b=10
q048,World War II,Head,CrossStripe,Lexical,Keyword,idf-correct-sidecar,0.9999426168282078,1,1,0.9555555555555556,0.9926565166970147,0.7511000364550411,1,2,0.0004,,56.8765,books-genre-b=10
q048,World War II,Head,CrossStripe,Lexical,Keyword,global-bm25,0.9801914560564534,0.8,0.6666666666666666,0.8222222222222222,0.9161089354413676,0.8067607557350442,1,2,0.0004,,58.330799999999996,books-genre-a=1 | books-genre-b=9
q048,World War II,Head,CrossStripe,Lexical,Keyword,local-bm25,0.9682718247285107,0.7,0.5384615384615384,0.8666666666666667,0.9101607139659496,0.8067607557350442,1,2,0.0004,,58.1897,books-genre-a=2 | books-genre-b=8
q049,survival against impossible odds in a hostile environment,Torso,CrossStripe,Conceptual,Keyword,single-index,1,1,1,1,1,0.17344344279259388,1,1,0.000383333,,65.8932,books-oracle2=10
q049,survival against impossible odds in a hostile environment,Torso,CrossStripe,Conceptual,Keyword,single-index-rescored,0.46675055813617256,0.1,0.05263157894736842,0.37777777777777777,0.13881990861717564,0.5856116988161766,1,1,0.000383333,,65.8932,books-oracle2=10
q049,survival against impossible odds in a hostile environment,Torso,CrossStripe,Conceptual,Keyword,naive-score,0.9908641250322809,0.9,0.8181818181818182,0.9111111111111111,0.9157821274204068,0.17429882375686856,1,2,0.0005499999999999999,,61.8757,books-genre-a=8 | books-genre-b=2
q049,survival against impossible odds in a hostile environment,Torso,CrossStripe,Conceptual,Keyword,interleave,0.9623353600447123,0.6,0.42857142857142855,0.6444444444444445,0.7558872626512778,0.17384787899914395,1,2,0.0005499999999999999,,61.854200000000006,books-genre-a=5 | books-genre-b=5
q049,survival against impossible odds in a hostile environment,Torso,CrossStripe,Conceptual,Keyword,quota-merge,0.9623353600447123,0.6,0.42857142857142855,0.6444444444444445,0.7558872626512778,0.17384787899914395,1,2,0.0005499999999999999,,61.8461,books-genre-a=5 | books-genre-b=5
q049,survival against impossible odds in a hostile environment,Torso,CrossStripe,Conceptual,Keyword,global-rrf,0.9623353600447123,0.6,0.42857142857142855,0.6444444444444445,0.7558872626512778,0.17384787899914395,1,2,0.0005499999999999999,,61.8629,books-genre-a=5 | books-genre-b=5
q049,survival against impossible odds in a hostile environment,Torso,CrossStripe,Conceptual,Keyword,minmax-norm,0.985365052937942,0.8,0.6666666666666666,0.7333333333333333,0.8743112625071351,0.16438007776590038,1,2,0.0005499999999999999,,61.8902,books-genre-a=7 | books-genre-b=3
q049,survival against impossible odds in a hostile environment,Torso,CrossStripe,Conceptual,Keyword,zscore-norm,0.8883704234104225,0.6,0.42857142857142855,0.6,0.6023532693725151,0.17384787899914395,1,2,0.0005499999999999999,,61.888000000000005,books-genre-a=5 | books-genre-b=5
q049,survival against impossible odds in a hostile environment,Torso,CrossStripe,Conceptual,Keyword,idf-correct-probe,0.9977351820324306,0.9,0.8181818181818182,0.9555555555555556,0.9848724243958502,0.18253212682101555,1,10,0.0022999989999999996,,415.69149999999996,books-genre-a=8 | books-genre-b=2
q049,survival against impossible odds in a hostile environment,Torso,CrossStripe,Conceptual,Keyword,idf-correct-sidecar,0.9977351820324306,0.9,0.8181818181818182,0.9555555555555556,0.9848724243958502,0.18253212682101555,1,2,0.0005499999999999999,,61.9061,books-genre-a=8 | books-genre-b=2
q049,survival against impossible odds in a hostile environment,Torso,CrossStripe,Conceptual,Keyword,global-bm25,0.46675055813617256,0.1,0.05263157894736842,0.37777777777777777,0.13881990861717564,0.5856116988161766,1,2,0.0005499999999999999,,63.498000000000005,books-genre-a=6 | books-genre-b=4
q049,survival against impossible odds in a hostile environment,Torso,CrossStripe,Conceptual,Keyword,local-bm25,0.4600607581421635,0.1,0.05263157894736842,0.4666666666666667,0.09736573043190963,0.5604161151224757,1,2,0.0005499999999999999,,63.2946,books-genre-a=5 | books-genre-b=5
q050,revenge,Head,CrossStripe,Lexical,Keyword,single-index,1,1,1,1,1,0.6767777191071676,1,1,0.0003,,62.6679,books-oracle2=10
q050,revenge,Head,CrossStripe,Lexical,Keyword,single-index-rescored,0.7855687038274365,0.5,0.3333333333333333,0.4222222222222222,0.47271271488407113,0.8345582924372243,1,1,0.0003,,62.6679,books-oracle2=10
q050,revenge,Head,CrossStripe,Lexical,Keyword,naive-score,0.995013238607719,0.9,0.8181818181818182,0.9555555555555556,0.9525976003393158,0.7218510373805623,1,2,0.000283333,,54.8133,books-genre-a=6 | books-genre-b=4
q050,revenge,Head,CrossStripe,Lexical,Keyword,interleave,0.9804310228695455,0.9,0.8181818181818182,0.7333333333333333,0.8238928477085716,0.7490819619488405,1,2,0.000283333,,54.8041,books-genre-a=5 | books-genre-b=5
q050,revenge,Head,CrossStripe,Lexical,Keyword,quota-merge,0.9729790269686712,0.9,0.8181818181818182,0.6444444444444445,0.7707823468201542,0.7513292191846019,1,2,0.000283333,,54.7954,books-genre-a=5 | books-genre-b=5
q050,revenge,Head,CrossStripe,Lexical,Keyword,global-rrf,0.9729790269686712,0.9,0.8181818181818182,0.6444444444444445,0.7707823468201542,0.7513292191846019,1,2,0.000283333,,54.812599999999996,books-genre-a=5 | books-genre-b=5
q050,revenge,Head,CrossStripe,Lexical,Keyword,minmax-norm,0.995013238607719,0.9,0.8181818181818182,0.9555555555555556,0.9525976003393158,0.7218510373805623,1,2,0.000283333,,54.837399999999995,books-genre-a=6 | books-genre-b=4
q050,revenge,Head,CrossStripe,Lexical,Keyword,zscore-norm,0.8591277715224175,0.9,0.8181818181818182,0.6888888888888889,0.5763372167008163,0.725924222116718,1,2,0.000283333,,54.833,books-genre-a=6 | books-genre-b=4
q050,revenge,Head,CrossStripe,Lexical,Keyword,idf-correct-probe,0.9962481614271856,0.9,0.8181818181818182,0.8666666666666667,0.9530693710946596,0.7092782559848854,1,4,0.000666666,,140.718,books-genre-a=6 | books-genre-b=4
q050,revenge,Head,CrossStripe,Lexical,Keyword,idf-correct-sidecar,0.9962481614271856,0.9,0.8181818181818182,0.8666666666666667,0.9530693710946596,0.7092782559848854,1,2,0.000283333,,54.838,books-genre-a=6 | books-genre-b=4
q050,revenge,Head,CrossStripe,Lexical,Keyword,global-bm25,0.765950473736695,0.5,0.3333333333333333,0.2777777777777778,0.47271271488407113,0.7966987361775735,1,2,0.000283333,,56.293099999999995,books-genre-a=7 | books-genre-b=3
q050,revenge,Head,CrossStripe,Lexical,Keyword,local-bm25,0.734311975077587,0.5,0.3333333333333333,0.05555555555555555,0.3078425392115707,0.8516281322258538,1,2,0.000283333,,56.156499999999994,books-genre-a=5 | books-genre-b=5
q051,betrayal by someone you trusted completely,Torso,CrossStripe,Conceptual,Keyword,single-index,1,1,1,1,1,0.21349903341425486,1,1,0.000366667,,63.3394,books-oracle2=10
q051,betrayal by someone you trusted completely,Torso,CrossStripe,Conceptual,Keyword,single-index-rescored,0.43325480093472474,0.1,0.05263157894736842,0.1111111111111111,0.005948221475418107,0.4261470271594553,1,1,0.000366667,,63.3394,books-oracle2=10
q051,betrayal by someone you trusted completely,Torso,CrossStripe,Conceptual,Keyword,naive-score,0.9049345198378662,0.9,0.8181818181818182,0.37777777777777777,0.6447532007673153,0.2601646514442394,1,2,0.000666666,,57.8647,books-genre-a=6 | books-genre-b=4
q051,betrayal by someone you trusted completely,Torso,CrossStripe,Conceptual,Keyword,interleave,0.9091214693015106,0.9,0.8181818181818182,0.5111111111111111,0.6598632487158449,0.19446310005579057,1,2,0.000666666,,57.8541,books-genre-a=5 | books-genre-b=5
q051,betrayal by someone you trusted completely,Torso,CrossStripe,Conceptual,Keyword,quota-merge,0.9830171783938203,0.9,0.8181818181818182,0.5111111111111111,0.8133972419946077,0.17012610711073867,1,2,0.000666666,,57.8466,books-genre-a=5 | books-genre-b=5
q051,betrayal by someone you trusted completely,Torso,CrossStripe,Conceptual,Keyword,global-rrf,0.9830171783938203,0.9,0.8181818181818182,0.5111111111111111,0.8133972419946077,0.17012610711073867,1,2,0.000666666,,57.8635,books-genre-a=5 | books-genre-b=5
q051,betrayal by someone you trusted completely,Torso,CrossStripe,Conceptual,Keyword,minmax-norm,0.9807538941868839,0.9,0.8181818181818182,0.5555555555555556,0.8133972419946077,0.23431369611022312,1,2,0.000666666,,57.8892,books-genre-a=6 | books-genre-b=4
q051,betrayal by someone you trusted completely,Torso,CrossStripe,Conceptual,Keyword,zscore-norm,0.9867804895053244,0.9,0.8181818181818182,0.6444444444444445,0.8486540205411764,0.1678815505814753,1,2,0.000666666,,57.9561,books-genre-a=5 | books-genre-b=5
q051,betrayal by someone you trusted completely,Torso,CrossStripe,Conceptual,Keyword,idf-correct-probe,0.8650576668820408,0.8,0.6666666666666666,0.28888888888888886,0.5881722879055142,0.29749358012628585,1,8,0.0021999990000000002,,315.9461,books-genre-a=7 | books-genre-b=3
q051,betrayal by someone you trusted completely,Torso,CrossStripe,Conceptual,Keyword,idf-correct-sidecar,0.8180079401849765,0.7,0.5384615384615384,0.28888888888888886,0.4846091578349074,0.3297906419902863,1,2,0.000666666,,57.9003,books-genre-a=8 | books-genre-b=2
q051,betrayal by someone you trusted completely,Torso,CrossStripe,Conceptual,Keyword,global-bm25,0.43325480093472474,0.1,0.05263157894736842,0.1111111111111111,0.005948221475418107,0.4261470271594553,1,2,0.000666666,,59.3152,books-genre-a=7 | books-genre-b=3
q051,betrayal by someone you trusted completely,Torso,CrossStripe,Conceptual,Keyword,local-bm25,0.3856411745794889,0.1,0.05263157894736842,0.16666666666666666,0.005948221475418107,0.2866239263568143,1,2,0.000666666,,60.8148,books-genre-a=5 | books-genre-b=5
q052,an orphan raised by strangers who discovers the truth about their parents,Tail,CrossStripe,Conceptual,Keyword,single-index,1,1,1,1,1,0.1655656206322299,1,1,0.000433333,,70.2162,books-oracle2=10
q052,an orphan raised by strangers who discovers the truth about their parents,Tail,CrossStripe,Conceptual,Keyword,single-index-rescored,0.6330222717671449,0.3,0.17647058823529413,0.6888888888888889,0.37466009618138363,0.17513288431756682,1,1,0.000433333,,70.2162,books-oracle2=10
q052,an orphan raised by strangers who discovers the truth about their parents,Tail,CrossStripe,Conceptual,Keyword,naive-score,0.984741832662841,0.8,0.6666666666666666,0.7777777777777778,0.9021449711571261,0.1655656206322299,1,2,0.0008166670000000001,,68.2003,books-genre-a=5 | books-genre-b=5
q052,an orphan raised by strangers who discovers the truth about their parents,Tail,CrossStripe,Conceptual,Keyword,interleave,0.8742258417391684,0.8,0.6666666666666666,0.6444444444444445,0.6179197721196147,0.1785299705763787,1,2,0.0008166670000000001,,68.1902,books-genre-a=5 | books-genre-b=5
q052,an orphan raised by strangers who discovers the truth about their parents,Tail,CrossStripe,Conceptual,Keyword,quota-merge,0.9668593406184146,0.8,0.6666666666666666,0.7777777777777778,0.7916004959964169,0.16988088063321358,1,2,0.0008166670000000001,,68.1816,books-genre-a=5 | books-genre-b=5
q052,an orphan raised by strangers who discovers the truth about their parents,Tail,CrossStripe,Conceptual,Keyword,global-rrf,0.9668593406184146,0.8,0.6666666666666666,0.7777777777777778,0.7916004959964169,0.16988088063321358,1,2,0.0008166670000000001,,68.19839999999999,books-genre-a=5 | books-genre-b=5
q052,an orphan raised by strangers who discovers the truth about their parents,Tail,CrossStripe,Conceptual,Keyword,minmax-norm,0.9582755616154298,0.8,0.6666666666666666,0.6888888888888889,0.7842570126934316,0.0956256736498813,1,2,0.0008166670000000001,,68.229,books-genre-a=6 | books-genre-b=4
q052,an orphan raised by strangers who discovers the truth about their parents,Tail,CrossStripe,Conceptual,Keyword,zscore-norm,0.9770721092967247,0.8,0.6666666666666666,0.8222222222222222,0.9021449711571261,0.09684476258177512,1,2,0.0008166670000000001,,68.2237,books-genre-a=6 | books-genre-b=4
q052,an orphan raised by strangers who discovers the truth about their parents,Tail,CrossStripe,Conceptual,Keyword,idf-correct-probe,0.8376952742646792,0.8,0.6666666666666666,0.6,0.5616327224392254,0.1126067528784262,1,12,0.0029833340000000002,,502.0326,books-genre-a=6 | books-genre-b=4
q052,an orphan raised by strangers who discovers the truth about their parents,Tail,CrossStripe,Conceptual,Keyword,idf-correct-sidecar,0.8376952742646792,0.8,0.6666666666666666,0.6,0.5616327224392254,0.1126067528784262,1,2,0.0008166670000000001,,68.2487,books-genre-a=6 | books-genre-b=4
q052,an orphan raised by strangers who discovers the truth about their parents,Tail,CrossStripe,Conceptual,Keyword,global-bm25,0.6116595905901749,0.3,0.17647058823529413,0.7222222222222222,0.37466009618138363,0.19476741518912535,1,2,0.0008166670000000001,,69.8096,books-genre-a=5 | books-genre-b=5
q052,an orphan raised by strangers who discovers the truth about their parents,Tail,CrossStripe,Conceptual,Keyword,local-bm25,0.6544354100375832,0.4,0.25,0.6,0.42206249584206773,0.17934479961707755,1,2,0.0008166670000000001,,69.5541,books-genre-a=3 | books-genre-b=7
q053,political corruption and the abuse of power,Torso,CrossStripe,Mixed,Keyword,single-index,1,1,1,1,1,0.5848276962738509,0.9,1,0.0004,,63.077,books-oracle2=10
q053,political corruption and the abuse of power,Torso,CrossStripe,Mixed,Keyword,single-index-rescored,0.48529348398194083,0.3,0.17647058823529413,0.6444444444444445,0.041710985160956594,0.6966619435670638,0.9,1,0.0004,,63.077,books-oracle2=10
q053,political corruption and the abuse of power,Torso,CrossStripe,Mixed,Keyword,naive-score,0.948573520695884,0.7,0.5384615384615384,0.4222222222222222,0.7179043373670105,0.6259432641901171,1,2,0.0004,,57.6448,books-genre-a=3 | books-genre-b=7
q053,political corruption and the abuse of power,Torso,CrossStripe,Mixed,Keyword,interleave,0.9351880414620994,0.7,0.5384615384615384,0.5555555555555556,0.648536863938161,0.7304577773135815,1,2,0.0004,,57.6438,books-genre-a=5 | books-genre-b=5
q053,political corruption and the abuse of power,Torso,CrossStripe,Mixed,Keyword,quota-merge,0.9441880142847243,0.7,0.5384615384615384,0.6444444444444445,0.6899910421234271,0.7435356505531437,1,2,0.0004,,57.6267,books-genre-a=5 | books-genre-b=5
q053,political corruption and the abuse of power,Torso,CrossStripe,Mixed,Keyword,global-rrf,0.9441880142847243,0.7,0.5384615384615384,0.6444444444444445,0.6899910421234271,0.7435356505531437,1,2,0.0004,,57.6441,books-genre-a=5 | books-genre-b=5
q053,political corruption and the abuse of power,Torso,CrossStripe,Mixed,Keyword,minmax-norm,0.9491866432821523,0.7,0.5384615384615384,0.5111111111111111,0.7252478206699958,0.6236860339711708,1,2,0.0004,,57.6704,books-genre-a=3 | books-genre-b=7
q053,political corruption and the abuse of power,Torso,CrossStripe,Mixed,Keyword,zscore-norm,0.9494939451164974,0.7,0.5384615384615384,0.5111111111111111,0.7295606600701618,0.6286664057464499,1,2,0.0004,,57.6663,books-genre-a=3 | books-genre-b=7
q053,political corruption and the abuse of power,Torso,CrossStripe,Mixed,Keyword,idf-correct-probe,0.9001749981619394,0.7,0.5384615384615384,0.5555555555555556,0.6040324562313895,0.7486604643721531,0.9,10,0.001966666,,437.0125,books-genre-a=7 | books-genre-b=3
q053,political corruption and the abuse of power,Torso,CrossStripe,Mixed,Keyword,idf-correct-sidecar,0.9052834691360507,0.7,0.5384615384615384,0.6,0.6040324562313895,0.7568937674363,0.9,2,0.0004,,57.6794,books-genre-a=7 | books-genre-b=3
q053,political corruption and the abuse of power,Torso,CrossStripe,Mixed,Keyword,global-bm25,0.48529348398194083,0.3,0.17647058823529413,0.6444444444444445,0.041710985160956594,0.6966619435670638,0.9,2,0.0004,,59.177,books-genre-a=7 | books-genre-b=3
q053,political corruption and the abuse of power,Torso,CrossStripe,Mixed,Keyword,local-bm25,0.5797277538958809,0.4,0.25,0.06666666666666667,0.0476592066363747,0.7186337796159102,0.9,2,0.0004,,58.9838,books-genre-a=7 | books-genre-b=3
q054,isolation and loneliness,Torso,CrossStripe,Conceptual,Keyword,single-index,1,1,1,1,1,0.9513467899190737,1,1,0.000333333,,62.6507,books-oracle2=10
q054,isolation and loneliness,Torso,CrossStripe,Conceptual,Keyword,single-index-rescored,0.7000051728219332,0.6,0.42857142857142855,-0.06666666666666667,0.3608992971662611,0.9458352203602566,1,1,0.000333333,,62.6507,books-oracle2=10
q054,isolation and loneliness,Torso,CrossStripe,Conceptual,Keyword,naive-score,0.914591217711029,0.6,0.42857142857142855,0.5555555555555556,0.7163952745622248,0.9458352203602566,1,2,0.000333334,,56.8165,books-genre-a=8 | books-genre-b=2
q054,isolation and loneliness,Torso,CrossStripe,Conceptual,Keyword,interleave,0.7891044919798416,0.5,0.3333333333333333,0.24444444444444444,0.4427172695421427,0.9580777588003657,1,2,0.000333334,,56.8079,books-genre-a=5 | books-genre-b=5
q054,isolation and loneliness,Torso,CrossStripe,Conceptual,Keyword,quota-merge,0.899020930690023,0.5,0.3333333333333333,0.3333333333333333,0.6260491183030202,0.9603250160361273,1,2,0.000333334,,56.798,books-genre-a=5 | books-genre-b=5
q054,isolation and loneliness,Torso,CrossStripe,Conceptual,Keyword,global-rrf,0.899020930690023,0.5,0.3333333333333333,0.3333333333333333,0.6260491183030202,0.9603250160361273,1,2,0.000333334,,56.820299999999996,books-genre-a=5 | books-genre-b=5
q054,isolation and loneliness,Torso,CrossStripe,Conceptual,Keyword,minmax-norm,0.6821537088849222,0.5,0.3333333333333333,0.4222222222222222,0.29751710141855103,0.9206500320722545,1,2,0.000333334,,56.8406,books-genre-a=9 | books-genre-b=1
q054,isolation and loneliness,Torso,CrossStripe,Conceptual,Keyword,zscore-norm,0.8745744200450344,0.6,0.42857142857142855,0.28888888888888886,0.5426124505798924,0.9371166382005486,1,2,0.000333334,,56.835,books-genre-a=8 | books-genre-b=2
q054,isolation and loneliness,Torso,CrossStripe,Conceptual,Keyword,idf-correct-probe,0.928856296564347,0.6,0.42857142857142855,0.4222222222222222,0.7163952745622248,0.9458352203602566,1,6,0.0011,,258.1949,books-genre-a=6 | books-genre-b=4
q054,isolation and loneliness,Torso,CrossStripe,Conceptual,Keyword,idf-correct-sidecar,0.928856296564347,0.6,0.42857142857142855,0.4222222222222222,0.7163952745622248,0.9458352203602566,1,2,0.000333334,,56.8487,books-genre-a=6 | books-genre-b=4
q054,isolation and loneliness,Torso,CrossStripe,Conceptual,Keyword,global-bm25,0.7000051728219332,0.6,0.42857142857142855,-0.06666666666666667,0.3608992971662611,0.9458352203602566,1,2,0.000333334,,58.355199999999996,books-genre-a=4 | books-genre-b=6
q054,isolation and loneliness,Torso,CrossStripe,Conceptual,Keyword,local-bm25,0.5788935776369354,0.5,0.3333333333333333,0.06666666666666667,0.2201171984528726,0.9371166382005486,1,2,0.000333334,,58.1324,books-genre-a=9 | books-genre-b=1
q055,mother and daughter relationship across generations,Torso,CrossStripe,Conceptual,Keyword,single-index,1,1,1,1,1,0.5979995459857458,1,1,0.0004,,65.2584,books-oracle2=10
q055,mother and daughter relationship across generations,Torso,CrossStripe,Conceptual,Keyword,single-index-rescored,0.7719648580688574,0.7,0.5384615384615384,0.24444444444444444,0.4718059105398533,0.5999864333106761,1,1,0.0004,,65.2584,books-oracle2=10
q055,mother and daughter relationship across generations,Torso,CrossStripe,Conceptual,Keyword,naive-score,0.938702073460309,0.8,0.6666666666666666,0.8222222222222222,0.7875881874892096,0.5503852555879011,1,2,0.000583333,,84.2958,books-genre-a=2 | books-genre-b=8
q055,mother and daughter relationship across generations,Torso,CrossStripe,Conceptual,Keyword,interleave,0.8947562070715817,0.6,0.42857142857142855,0.4666666666666667,0.5908428515585166,0.3928449618857487,1,2,0.000583333,,84.2085,books-genre-a=5 | books-genre-b=5
q055,mother and daughter relationship across generations,Torso,CrossStripe,Conceptual,Keyword,quota-merge,0.9500283081750759,0.6,0.42857142857142855,0.5555555555555556,0.7517203281402647,0.4392617175569063,1,2,0.000583333,,84.19980000000001,books-genre-a=5 | books-genre-b=5
q055,mother and daughter relationship across generations,Torso,CrossStripe,Conceptual,Keyword,global-rrf,0.9500283081750759,0.6,0.42857142857142855,0.5555555555555556,0.7517203281402647,0.4392617175569063,1,2,0.000583333,,84.2183,books-genre-a=5 | books-genre-b=5
q055,mother and daughter relationship across generations,Torso,CrossStripe,Conceptual,Keyword,minmax-norm,0.9932985882416868,0.8,0.6666666666666666,0.8666666666666667,0.9411221807679727,0.5968020112590585,1,2,0.000583333,,84.24560000000001,books-genre-a=2 | books-genre-b=8
q055,mother and daughter relationship across generations,Torso,CrossStripe,Conceptual,Keyword,zscore-norm,0.9336786336903883,0.8,0.6666666666666666,0.6444444444444445,0.7467759479802315,0.5375759927563202,1,2,0.000583333,,84.2616,books-genre-a=3 | books-genre-b=7
q055,mother and daughter relationship across generations,Torso,CrossStripe,Conceptual,Keyword,idf-correct-probe,0.9978235769910067,0.9,0.8181818181818182,0.8666666666666667,0.9470704022433908,0.6062669003239712,1,10,0.002166666,,456.59799999999996,books-genre-a=1 | books-genre-b=9
q055,mother and daughter relationship across generations,Torso,CrossStripe,Conceptual,Keyword,idf-correct-sidecar,0.9978235769910067,0.9,0.8181818181818182,0.8666666666666667,0.9470704022433908,0.6062669003239712,1,2,0.000583333,,84.2592,books-genre-a=1 | books-genre-b=9
q055,mother and daughter relationship across generations,Torso,CrossStripe,Conceptual,Keyword,global-bm25,0.7524310129663243,0.7,0.5384615384615384,0.2222222222222222,0.47914939384283867,0.6068328707936333,1,2,0.000583333,,85.70870000000001,books-genre-a=3 | books-genre-b=7
q055,mother and daughter relationship across generations,Torso,CrossStripe,Conceptual,Keyword,local-bm25,0.6594144462608087,0.5,0.3333333333333333,0.42857142857142855,0.4433866301573002,0.5222965893080236,1,2,0.000583333,,85.52980000000001,books-genre-a=5 | books-genre-b=5
q056,murder,Head,CrossStripe,Lexical,Keyword,single-index,1,1,1,1,1,0.9513467899190737,1,1,0.000333333,,60.9716,books-oracle2=10
q056,murder,Head,CrossStripe,Lexical,Keyword,single-index-rescored,0.5104877408754444,0.2,0.1111111111111111,0.24444444444444444,0.15211161339557905,1,1,1,0.000333333,,60.9716,books-oracle2=10
q056,murder,Head,CrossStripe,Lexical,Keyword,naive-score,0.7665391425840339,0.7,0.5384615384615384,0.15555555555555556,0.361261435379144,0.8790778465765123,1,2,0.0006000000000000001,,55.8277,books-genre-a=6 | books-genre-b=4
q056,murder,Head,CrossStripe,Lexical,Keyword,interleave,0.9095987711562039,0.6,0.42857142857142855,0.6444444444444445,0.714433084466012,0.8908792425329297,1,2,0.0006000000000000001,,55.8182,books-genre-a=5 | books-genre-b=5
q056,murder,Head,CrossStripe,Lexical,Keyword,quota-merge,0.8909507875324925,0.6,0.42857142857142855,0.4666666666666667,0.6338323696765701,0.8873452009147377,1,2,0.0006000000000000001,,55.8094,books-genre-a=5 | books-genre-b=5
q056,murder,Head,CrossStripe,Lexical,Keyword,global-rrf,0.8909507875324925,0.6,0.42857142857142855,0.4666666666666667,0.6338323696765701,0.8873452009147377,1,2,0.0006000000000000001,,55.846199999999996,books-genre-a=5 | books-genre-b=5
q056,murder,Head,CrossStripe,Lexical,Keyword,minmax-norm,0.9373740182013099,0.7,0.5384615384615384,0.6888888888888889,0.7843086009968971,0.8956885132092335,1,2,0.0006000000000000001,,55.8568,books-genre-a=6 | books-genre-b=4
q056,murder,Head,CrossStripe,Lexical,Keyword,zscore-norm,0.7912549745659783,0.6,0.42857142857142855,0.3333333333333333,0.4244035108791692,0.8790778465765123,1,2,0.0006000000000000001,,55.8475,books-genre-a=5 | books-genre-b=5
q056,murder,Head,CrossStripe,Lexical,Keyword,idf-correct-probe,0.9702404228892004,0.8,0.6666666666666666,1,0.8966860480926722,0.9458352203602566,1,2,0.0006000000000000001,,55.875099999999996,books-genre-a=10
q056,murder,Head,CrossStripe,Lexical,Keyword,idf-correct-sidecar,0.9702404228892004,0.8,0.6666666666666666,1,0.8966860480926722,0.9458352203602566,1,2,0.0006000000000000001,,55.8426,books-genre-a=10
q056,murder,Head,CrossStripe,Lexical,Keyword,global-bm25,0.48732710746650815,0.2,0.1111111111111111,0.16666666666666666,0.15211161339557905,1,1,2,0.0006000000000000001,,58.9469,books-genre-a=9 | books-genre-b=1
q056,murder,Head,CrossStripe,Lexical,Keyword,local-bm25,0.08710932471821992,0,0,0.3333333333333333,0,0.9371166382005486,1,2,0.0006000000000000001,,57.1798,books-genre-b=10
q057,a journey across a ruined landscape,Torso,CrossStripe,Conceptual,Keyword,single-index,1,1,1,1,1,0.39731017693664533,0.9,1,0.000383333,,90.715,books-oracle2=10
q057,a journey across a ruined landscape,Torso,CrossStripe,Conceptual,Keyword,single-index-rescored,0.49033989117030913,0.2,0.1111111111111111,0.24444444444444444,0.0357627636855385,0.7585908590364444,1,1,0.000383333,,90.715,books-oracle2=10
q057,a journey across a ruined landscape,Torso,CrossStripe,Conceptual,Keyword,naive-score,0.8987183479581622,1,1,0.6888888888888889,0.7255960937675081,0.3015467494148065,0.9,2,0.000716667,,58.877399999999994,books-genre-a=7 | books-genre-b=3
q057,a journey across a ruined landscape,Torso,CrossStripe,Conceptual,Keyword,interleave,0.8948615179543323,0.8,0.6666666666666666,0.7777777777777778,0.7265028981117257,0.32304436532183595,0.9,2,0.000716667,,58.865399999999994,books-genre-a=5 | books-genre-b=5
q057,a journey across a ruined landscape,Torso,CrossStripe,Conceptual,Keyword,quota-merge,0.8775695045488252,0.8,0.6666666666666666,0.6444444444444445,0.6733923972233085,0.3092816937051261,0.9,2,0.000716667,,58.8582,books-genre-a=5 | books-genre-b=5
q057,a journey across a ruined landscape,Torso,CrossStripe,Conceptual,Keyword,global-rrf,0.8775695045488252,0.8,0.6666666666666666,0.6444444444444445,0.6733923972233085,0.3092816937051261,0.9,2,0.000716667,,58.8799,books-genre-a=5 | books-genre-b=5
q057,a journey across a ruined landscape,Torso,CrossStripe,Conceptual,Keyword,minmax-norm,0.8942041218897151,0.8,0.6666666666666666,0.7333333333333333,0.7063561675136865,0.32304436532183595,0.9,2,0.000716667,,58.910199999999996,books-genre-a=5 | books-genre-b=5
q057,a journey across a ruined landscape,Torso,CrossStripe,Conceptual,Keyword,zscore-norm,0.8745590436237417,0.8,0.6666666666666666,0.6444444444444445,0.7063561675136865,0.32229195524885385,0.9,2,0.000716667,,58.9099,books-genre-a=5 | books-genre-b=5
q057,a journey across a ruined landscape,Torso,CrossStripe,Conceptual,Keyword,idf-correct-probe,0.9400599141801042,1,1,0.5111111111111111,0.7342128209328627,0.3399419287285436,0.9,8,0.0020666670000000003,,323.4528,books-genre-a=7 | books-genre-b=3
q057,a journey across a ruined landscape,Torso,CrossStripe,Conceptual,Keyword,idf-correct-sidecar,0.9287141668476961,0.9,0.8181818181818182,0.6444444444444445,0.7282645994574446,0.3399419287285436,0.9,2,0.000716667,,58.9141,books-genre-a=8 | books-genre-b=2
q057,a journey across a ruined landscape,Torso,CrossStripe,Conceptual,Keyword,global-bm25,0.5063395592560338,0.2,0.1111111111111111,0.28888888888888886,0.06252913433721924,0.6951768262664425,1,2,0.000716667,,60.4107,books-genre-a=10
q057,a journey across a ruined landscape,Torso,CrossStripe,Conceptual,Keyword,local-bm25,0.45183736159417537,0.2,0.1111111111111111,0.2857142857142857,0.0826758649352585,0.7313177686121233,1,2,0.000716667,,60.1996,books-genre-a=8 | books-genre-b=2
q058,religion faith and doubt,Torso,CrossStripe,Mixed,Keyword,single-index,1,1,1,1,1,0.8100512793592932,0.9,1,0.00035,,62.9859,books-oracle2=10
q058,religion faith and doubt,Torso,CrossStripe,Mixed,Keyword,single-index-rescored,0.8799535383274733,0.6,0.42857142857142855,0.3333333333333333,0.5332355065913469,0.9188462530413559,1,1,0.00035,,62.9859,books-oracle2=10
q058,religion faith and doubt,Torso,CrossStripe,Mixed,Keyword,naive-score,0.9744089656114895,0.7,0.5384615384615384,0.8666666666666667,0.905178513950626,0.6657420965251305,0.9,2,0.000633333,,56.7632,books-genre-a=3 | books-genre-b=7
q058,religion faith and doubt,Torso,CrossStripe,Mixed,Keyword,interleave,0.7400929974072369,0.5,0.3333333333333333,0.1111111111111111,0.38293264596589754,0.4714480474588778,0.9,2,0.000633333,,56.7518,books-genre-a=5 | books-genre-b=5
q058,religion faith and doubt,Torso,CrossStripe,Mixed,Keyword,quota-merge,0.863783396909932,0.5,0.3333333333333333,0.2222222222222222,0.5779208174299264,0.5497917631253223,0.9,2,0.000633333,,56.7445,books-genre-a=5 | books-genre-b=5
q058,religion faith and doubt,Torso,CrossStripe,Mixed,Keyword,global-rrf,0.863783396909932,0.5,0.3333333333333333,0.2222222222222222,0.5779208174299264,0.5497917631253223,0.9,2,0.000633333,,56.7613,books-genre-a=5 | books-genre-b=5
q058,religion faith and doubt,Torso,CrossStripe,Mixed,Keyword,minmax-norm,0.8923715219204786,0.6,0.42857142857142855,0.2,0.5426124505798924,0.5687017193234274,0.9,2,0.000633333,,56.7877,books-genre-a=4 | books-genre-b=6
q058,religion faith and doubt,Torso,CrossStripe,Mixed,Keyword,zscore-norm,0.7297070728326618,0.6,0.42857142857142855,-0.06666666666666667,0.26389570494723436,0.47184375467463396,0.9,2,0.000633333,,56.7842,books-genre-a=4 | books-genre-b=6
q058,religion faith and doubt,Torso,CrossStripe,Mixed,Keyword,idf-correct-probe,0.9980737746893691,1,1,0.9555555555555556,0.9585458218147338,0.8187698615190014,0.9,8,0.0017833319999999999,,320.2512,books-genre-b=10
q058,religion faith and doubt,Torso,CrossStripe,Mixed,Keyword,idf-correct-sidecar,0.9980737746893691,1,1,0.9555555555555556,0.9585458218147338,0.8187698615190014,0.9,2,0.000633333,,56.8109,books-genre-b=10
q058,religion faith and doubt,Torso,CrossStripe,Mixed,Keyword,global-bm25,0.8799535383274733,0.6,0.42857142857142855,0.3333333333333333,0.5332355065913469,0.9188462530413559,1,2,0.000633333,,58.1726,books-genre-a=1 | books-genre-b=9
q058,religion faith and doubt,Torso,CrossStripe,Mixed,Keyword,local-bm25,0.6912476600932731,0.4,0.25,0.4444444444444444,0.3324800167837079,0.8174439420116207,1,2,0.000633333,,58.218199999999996,books-genre-a=3 | books-genre-b=7
q059,London,Head,CrossStripe,Lexical,Keyword,single-index,1,1,1,1,1,0.6751304836151464,1,1,0.000316667,,63.6852,books-oracle2=10
q059,London,Head,CrossStripe,Lexical,Keyword,single-index-rescored,0.7376911145929327,0.3,0.17647058823529413,0.5555555555555556,0.38085749582008094,0.9603250160361273,1,1,0.000316667,,63.6852,books-oracle2=10
q059,London,Head,CrossStripe,Lexical,Keyword,naive-score,0.9889024037765931,0.9,0.8181818181818182,0.8666666666666667,0.9227810001661295,0.6643011158363787,1,2,0.0003,,54.3499,books-genre-a=3 | books-genre-b=7
q059,London,Head,CrossStripe,Lexical,Keyword,interleave,0.9224261263643044,0.8,0.6666666666666666,0.6888888888888889,0.7557577122491496,0.7590879098888923,1,2,0.0003,,54.341,books-genre-a=5 | books-genre-b=5
q059,London,Head,CrossStripe,Lexical,Keyword,quota-merge,0.9755652748227689,0.8,0.6666666666666666,0.7333333333333333,0.8678375273426464,0.7557170240352499,1,2,0.0003,,54.3322,books-genre-a=5 | books-genre-b=5
q059,London,Head,CrossStripe,Lexical,Keyword,global-rrf,0.9755652748227689,0.8,0.6666666666666666,0.7333333333333333,0.8678375273426464,0.7557170240352499,1,2,0.0003,,54.349,books-genre-a=5 | books-genre-b=5
q059,London,Head,CrossStripe,Lexical,Keyword,minmax-norm,0.9889024037765931,0.9,0.8181818181818182,0.8666666666666667,0.9227810001661295,0.6643011158363787,1,2,0.0003,,54.3739,books-genre-a=3 | books-genre-b=7
q059,London,Head,CrossStripe,Lexical,Keyword,zscore-norm,0.9889024037765931,0.9,0.8181818181818182,0.8666666666666667,0.9227810001661295,0.6643011158363787,1,2,0.0003,,54.369499999999995,books-genre-a=3 | books-genre-b=7
q059,London,Head,CrossStripe,Lexical,Keyword,idf-correct-probe,0.9896721825686846,0.9,0.8181818181818182,0.9111111111111111,0.9507625704411842,0.6725684701746042,1,4,0.0006833329999999999,,142.63639999999998,books-genre-a=3 | books-genre-b=7
q059,London,Head,CrossStripe,Lexical,Keyword,idf-correct-sidecar,0.9896721825686846,0.9,0.8181818181818182,0.9111111111111111,0.9507625704411842,0.6725684701746042,1,2,0.0003,,54.3761,books-genre-a=3 | books-genre-b=7
q059,London,Head,CrossStripe,Lexical,Keyword,global-bm25,0.7376911145929327,0.3,0.17647058823529413,0.5555555555555556,0.38085749582008094,0.9603250160361273,1,2,0.0003,,55.765,books-genre-a=8 | books-genre-b=2
q059,London,Head,CrossStripe,Lexical,Keyword,local-bm25,0.6325823441769918,0.2,0.1111111111111111,0.7333333333333333,0.34673011420979455,0.8649336882972027,1,2,0.0003,,55.686,books-genre-a=10
q060,Paris,Head,CrossStripe,Lexical,Keyword,single-index,1,1,1,1,1,0.9371166382005486,1,1,0.000266667,,62.0329,books-oracle2=10
q060,Paris,Head,CrossStripe,Lexical,Keyword,single-index-rescored,0.7906541003645615,0.7,0.5384615384615384,0.24444444444444444,0.42844758649736986,0.9188462530413559,1,1,0.000266667,,62.0329,books-oracle2=10
q060,Paris,Head,CrossStripe,Lexical,Keyword,naive-score,0.832293904565024,1,1,0.4222222222222222,0.5261929827977827,0.9513467899190737,1,2,0.000483334,,55.573299999999996,books-genre-a=1 | books-genre-b=9
q060,Paris,Head,CrossStripe,Lexical,Keyword,interleave,0.7365665611130506,0.6,0.42857142857142855,0.15555555555555556,0.28567987558359165,0.8125358298963059,1,2,0.000483334,,55.5629,books-genre-a=5 | books-genre-b=5
q060,Paris,Head,CrossStripe,Lexical,Keyword,quota-merge,0.756346170669031,0.6,0.42857142857142855,0.24444444444444444,0.29302335888657693,0.8140406500422702,1,2,0.000483334,,55.555099999999996,books-genre-a=5 | books-genre-b=5
q060,Paris,Head,CrossStripe,Lexical,Keyword,global-rrf,0.756346170669031,0.6,0.42857142857142855,0.24444444444444444,0.29302335888657693,0.8140406500422702,1,2,0.000483334,,55.5717,books-genre-a=5 | books-genre-b=5
q060,Paris,Head,CrossStripe,Lexical,Keyword,minmax-norm,0.8514725041119552,1,1,0.4666666666666667,0.5261929827977827,0.9513467899190737,1,2,0.000483334,,55.5968,books-genre-a=1 | books-genre-b=9
q060,Paris,Head,CrossStripe,Lexical,Keyword,zscore-norm,0.8250951565833274,0.9,0.8181818181818182,0.24444444444444444,0.49206560118749637,0.9065477790741163,1,2,0.000483334,,55.5929,books-genre-a=2 | books-genre-b=8
q060,Paris,Head,CrossStripe,Lexical,Keyword,idf-correct-probe,0.9008153102979278,1,1,0.6,0.6647190282335466,0.9458352203602566,1,4,0.000866667,,143.8377,books-genre-a=1 | books-genre-b=9
q060,Paris,Head,CrossStripe,Lexical,Keyword,idf-correct-sidecar,0.9008153102979278,1,1,0.6,0.6647190282335466,0.9458352203602566,1,2,0.000483334,,55.665,books-genre-a=1 | books-genre-b=9
q060,Paris,Head,CrossStripe,Lexical,Keyword,global-bm25,0.7906541003645615,0.7,0.5384615384615384,0.24444444444444444,0.42844758649736986,0.9188462530413559,1,2,0.000483334,,56.9724,books-genre-a=2 | books-genre-b=8
q060,Paris,Head,CrossStripe,Lexical,Keyword,local-bm25,0.5998778549771955,0.4,0.25,-0.28888888888888886,0.055002689939360014,0.8381528477158477,1,2,0.000483334,,56.8585,books-genre-a=6 | books-genre-b=4
q061,the sea and the people who make their living on it,Torso,CrossStripe,Conceptual,Keyword,single-index,1,1,1,1,1,0.18018223020294505,1,1,0.000416667,,64.1116,books-oracle2=10
q061,the sea and the people who make their living on it,Torso,CrossStripe,Conceptual,Keyword,single-index-rescored,0.6622713541916382,0.5,0.3333333333333333,0.5555555555555556,0.4312585366988051,0.17499211334726472,1,1,0.000416667,,64.1116,books-oracle2=10
q061,the sea and the people who make their living on it,Torso,CrossStripe,Conceptual,Keyword,naive-score,0.9913347726833175,0.9,0.8181818181818182,0.7333333333333333,0.8654929307829902,0.18556611877520576,1,2,0.000616667,,61.1178,books-genre-a=4 | books-genre-b=6
q061,the sea and the people who make their living on it,Torso,CrossStripe,Conceptual,Keyword,interleave,0.9230140622512087,0.8,0.6666666666666666,0.5111111111111111,0.6661752331907898,0.15298954588403876,1,2,0.000616667,,61.1099,books-genre-a=5 | books-genre-b=5
q061,the sea and the people who make their living on it,Torso,CrossStripe,Conceptual,Keyword,quota-merge,0.9243400803943579,0.8,0.6666666666666666,0.6,0.6851750391969263,0.15279693426708255,1,2,0.000616667,,61.1015,books-genre-a=5 | books-genre-b=5
q061,the sea and the people who make their living on it,Torso,CrossStripe,Conceptual,Keyword,global-rrf,0.9243400803943579,0.8,0.6666666666666666,0.6,0.6851750391969263,0.15279693426708255,1,2,0.000616667,,61.116800000000005,books-genre-a=5 | books-genre-b=5
q061,the sea and the people who make their living on it,Torso,CrossStripe,Conceptual,Keyword,minmax-norm,0.9367382579019397,0.9,0.8181818181818182,0.6888888888888889,0.7119589375042275,0.16148217553868632,1,2,0.000616667,,61.1441,books-genre-a=4 | books-genre-b=6
q061,the sea and the people who make their living on it,Torso,CrossStripe,Conceptual,Keyword,zscore-norm,0.9367382579019397,0.9,0.8181818181818182,0.6888888888888889,0.7119589375042275,0.16148217553868632,1,2,0.000616667,,61.1409,books-genre-a=4 | books-genre-b=6
q061,the sea and the people who make their living on it,Torso,CrossStripe,Conceptual,Keyword,idf-correct-probe,0.9916626706626139,0.9,0.8181818181818182,0.8222222222222222,0.8820157682147074,0.18556611877520576,1,6,0.001383333,,235.9971,books-genre-a=4 | books-genre-b=6
q061,the sea and the people who make their living on it,Torso,CrossStripe,Conceptual,Keyword,idf-correct-sidecar,0.9913347726833175,0.9,0.8181818181818182,0.7333333333333333,0.8654929307829902,0.18556611877520576,1,2,0.000616667,,61.156200000000005,books-genre-a=4 | books-genre-b=6
q061,the sea and the people who make their living on it,Torso,CrossStripe,Conceptual,Keyword,global-bm25,0.6405491093485776,0.5,0.3333333333333333,0.5,0.4312585366988051,0.1651701493739853,1,2,0.000616667,,64.5121,books-genre-a=5 | books-genre-b=5
q061,the sea and the people who make their living on it,Torso,CrossStripe,Conceptual,Keyword,local-bm25,0.7298968375545791,0.6,0.42857142857142855,0.2222222222222222,0.44455024147720845,0.18520447516774974,1,2,0.000616667,,62.52,books-genre-a=4 | books-genre-b=6
q062,a small town where everyone is hiding something,Torso,CrossStripe,Conceptual,Keyword,single-index,1,1,1,1,1,0.29053138869206563,0.9,1,0.000416667,,65.1696,books-oracle2=10
q062,a small town where everyone is hiding something,Torso,CrossStripe,Conceptual,Keyword,single-index-rescored,0.6501835544767472,0.2,0.1111111111111111,-0.06666666666666667,0.24203758720290527,0.5138631329061168,1,1,0.000416667,,65.1696,books-oracle2=10
q062,a small town where everyone is hiding something,Torso,CrossStripe,Conceptual,Keyword,naive-score,0.9648422505307591,0.8,0.6666666666666666,0.8222222222222222,0.8129079435836435,0.30614809793092895,1,2,0.0006000000000000001,,62.732,books-genre-a=4 | books-genre-b=6
q062,a small town where everyone is hiding something,Torso,CrossStripe,Conceptual,Keyword,interleave,0.965942616450955,0.9,0.8181818181818182,0.6888888888888889,0.8110896004135175,0.23627447170420915,1,2,0.0006000000000000001,,62.7202,books-genre-a=5 | books-genre-b=5
q062,a small town where everyone is hiding something,Torso,CrossStripe,Conceptual,Keyword,quota-merge,0.9623612191793591,0.9,0.8181818181818182,0.6,0.7622919389252664,0.231162770551373,1,2,0.0006000000000000001,,62.7118,books-genre-a=5 | books-genre-b=5
q062,a small town where everyone is hiding something,Torso,CrossStripe,Conceptual,Keyword,global-rrf,0.9623612191793591,0.9,0.8181818181818182,0.6,0.7622919389252664,0.231162770551373,1,2,0.0006000000000000001,,62.729299999999995,books-genre-a=5 | books-genre-b=5
q062,a small town where everyone is hiding something,Torso,CrossStripe,Conceptual,Keyword,minmax-norm,0.942902652892931,0.8,0.6666666666666666,0.4666666666666667,0.6814490459250736,0.25946373641402426,1,2,0.0006000000000000001,,62.822199999999995,books-genre-a=4 | books-genre-b=6
q062,a small town where everyone is hiding something,Torso,CrossStripe,Conceptual,Keyword,zscore-norm,0.9541522389075789,0.8,0.6666666666666666,0.7333333333333333,0.7714537653983776,0.27183266113304416,1,2,0.0006000000000000001,,62.7557,books-genre-a=4 | books-genre-b=6
q062,a small town where everyone is hiding something,Torso,CrossStripe,Conceptual,Keyword,idf-correct-probe,0.9734877079734977,0.8,0.6666666666666666,0.6444444444444445,0.7659948423339237,0.2967436405917907,1,10,0.002349999,,419.762,books-genre-a=7 | books-genre-b=3
q062,a small town where everyone is hiding something,Torso,CrossStripe,Conceptual,Keyword,idf-correct-sidecar,0.9824043322432112,0.9,0.8181818181818182,0.7333333333333333,0.8163791964846422,0.2915068924900416,1,2,0.0006000000000000001,,62.7727,books-genre-a=6 | books-genre-b=4
q062,a small town where everyone is hiding something,Torso,CrossStripe,Conceptual,Keyword,global-bm25,0.6707960135074701,0.3,0.17647058823529413,-0.1111111111111111,0.26309585662685286,0.522268230821759,0.9,2,0.0006000000000000001,,64.24929999999999,books-genre-a=7 | books-genre-b=3
q062,a small town where everyone is hiding something,Torso,CrossStripe,Conceptual,Keyword,local-bm25,0.6132322070564691,0.2,0.1111111111111111,-0.05555555555555555,0.22120191037102233,0.5002864524953538,1,2,0.0006000000000000001,,64.0955,books-genre-a=5 | books-genre-b=5
q063,identity and what makes someone who they are,Torso,CrossStripe,Conceptual,Keyword,single-index,1,1,1,1,1,0.6669739779109883,1,1,0.000416667,,65.7961,books-oracle2=10
q063,identity and what makes someone who they are,Torso,CrossStripe,Conceptual,Keyword,single-index-rescored,0.8503843978532019,0.4,0.25,0.5555555555555556,0.6259528449814222,0.6910078708256927,1,1,0.000416667,,65.7961,books-oracle2=10
q063,identity and what makes someone who they are,Torso,CrossStripe,Conceptual,Keyword,naive-score,0.9644914458840156,0.7,0.5384615384615384,0.7333333333333333,0.7785042264475658,0.6387981585674992,1,2,0.0006000000000000001,,60.125299999999996,books-genre-a=8 | books-genre-b=2
q063,identity and what makes someone who they are,Torso,CrossStripe,Conceptual,Keyword,interleave,0.946700540683575,0.7,0.5384615384615384,0.6444444444444445,0.7210702521752738,0.6591663215199862,1,2,0.0006000000000000001,,60.1154,books-genre-a=5 | books-genre-b=5
q063,identity and what makes someone who they are,Torso,CrossStripe,Conceptual,Keyword,quota-merge,0.9463762121138354,0.7,0.5384615384615384,0.6444444444444445,0.7094139294721226,0.6553121222840173,1,2,0.0006000000000000001,,60.1072,books-genre-a=5 | books-genre-b=5
q063,identity and what makes someone who they are,Torso,CrossStripe,Conceptual,Keyword,global-rrf,0.9463762121138354,0.7,0.5384615384615384,0.6444444444444445,0.7094139294721226,0.6553121222840173,1,2,0.0006000000000000001,,60.1234,books-genre-a=5 | books-genre-b=5
q063,identity and what makes someone who they are,Torso,CrossStripe,Conceptual,Keyword,minmax-norm,0.9609236791308045,0.8,0.6666666666666666,0.4222222222222222,0.7270184736506918,0.642234249044455,1,2,0.0006000000000000001,,60.204699999999995,books-genre-a=6 | books-genre-b=4
q063,identity and what makes someone who they are,Torso,CrossStripe,Conceptual,Keyword,zscore-norm,0.9609740429227782,0.8,0.6666666666666666,0.4666666666666667,0.7270184736506918,0.6431419628965659,1,2,0.0006000000000000001,,60.149899999999995,books-genre-a=6 | books-genre-b=4
q063,identity and what makes someone who they are,Torso,CrossStripe,Conceptual,Keyword,idf-correct-probe,0.9553568467563818,0.7,0.5384615384615384,0.4666666666666667,0.7576685496156828,0.6286963038325649,1,4,0.001183334,,148.7796,books-genre-a=8 | books-genre-b=2
q063,identity and what makes someone who they are,Torso,CrossStripe,Conceptual,Keyword,idf-correct-sidecar,0.9284100371946444,0.7,0.5384615384615384,0.5111111111111111,0.7411457121839659,0.6426457101871113,1,2,0.0006000000000000001,,60.2484,books-genre-a=10
q063,identity and what makes someone who they are,Torso,CrossStripe,Conceptual,Keyword,global-bm25,0.8546261208959474,0.4,0.25,0.4666666666666667,0.6259528449814222,0.747797205215169,1,2,0.0006000000000000001,,61.629799999999996,books-genre-a=5 | books-genre-b=5
q063,identity and what makes someone who they are,Torso,CrossStripe,Conceptual,Keyword,local-bm25,0.6932935622853893,0.4,0.25,0.2777777777777778,0.41843860267574545,0.7270578237177835,1,2,0.0006000000000000001,,61.529599999999995,books-genre-a=4 | books-genre-b=6
q064,father and son,Head,CrossStripe,Lexical,Keyword,single-index,1,1,1,1,1,0.7331938073029861,1,1,0.00035,,62.6208,books-oracle2=10
q064,father and son,Head,CrossStripe,Lexical,Keyword,single-index-rescored,0.5259048382830049,0.4,0.25,0.28888888888888886,0.2774073257990778,0.8402989328340188,1,1,0.00035,,62.6208,books-oracle2=10
q064,father and son,Head,CrossStripe,Lexical,Keyword,naive-score,0.9905551960129668,0.8,0.6666666666666666,0.9555555555555556,0.9715807196174467,0.7886336253256271,1,2,0.000333334,,55.891,books-genre-a=4 | books-genre-b=6
q064,father and son,Head,CrossStripe,Lexical,Keyword,interleave,0.8119036797999093,0.7,0.5384615384615384,0.24444444444444444,0.44546178030311684,0.7528153845191526,1,2,0.000333334,,55.8819,books-genre-a=5 | books-genre-b=5
q064,father and son,Head,CrossStripe,Lexical,Keyword,quota-merge,0.8761116775888288,0.7,0.5384615384615384,0.4222222222222222,0.5187190117895734,0.7673152655328143,1,2,0.000333334,,55.8742,books-genre-a=5 | books-genre-b=5
q064,father and son,Head,CrossStripe,Lexical,Keyword,global-rrf,0.8761116775888288,0.7,0.5384615384615384,0.4222222222222222,0.5187190117895734,0.7673152655328143,1,2,0.000333334,,55.8897,books-genre-a=5 | books-genre-b=5
q064,father and son,Head,CrossStripe,Lexical,Keyword,minmax-norm,0.9674960096021892,0.7,0.5384615384615384,0.5555555555555556,0.765012032918668,0.7728268350916313,1,2,0.000333334,,55.9173,books-genre-a=5 | books-genre-b=5
q064,father and son,Head,CrossStripe,Lexical,Keyword,zscore-norm,0.8578426664335042,0.7,0.5384615384615384,0.4666666666666667,0.5423877426644619,0.7728268350916313,1,2,0.000333334,,55.9153,books-genre-a=5 | books-genre-b=5
q064,father and son,Head,CrossStripe,Lexical,Keyword,idf-correct-probe,0.9997898725962474,1,1,0.9111111111111111,0.983477162568283,0.7341015211550971,1,6,0.0011,,228.79500000000002,books-genre-a=2 | books-genre-b=8
q064,father and son,Head,CrossStripe,Lexical,Keyword,idf-correct-sidecar,0.992736497290556,0.9,0.8181818181818182,0.9555555555555556,0.9775289410928649,0.7341015211550971,1,2,0.000333334,,55.925399999999996,books-genre-a=3 | books-genre-b=7
q064,father and son,Head,CrossStripe,Lexical,Keyword,global-bm25,0.5259048382830049,0.4,0.25,0.28888888888888886,0.2774073257990778,0.8402989328340188,1,2,0.000333334,,57.423899999999996,books-genre-a=3 | books-genre-b=7
q064,father and son,Head,CrossStripe,Lexical,Keyword,local-bm25,0.5278802142083536,0.4,0.25,0.37777777777777777,0.29824300263096076,0.8425461900697803,1,2,0.000333334,,57.1866,books-genre-a=3 | books-genre-b=7
q065,escape from captivity,Torso,CrossStripe,Conceptual,Keyword,single-index,1,1,1,1,1,0.8992570819408976,1,1,0.000316667,,89.8372,books-oracle2=10
q065,escape from captivity,Torso,CrossStripe,Conceptual,Keyword,single-index-rescored,0.5917326552783447,0.2,0.1111111111111111,0.4222222222222222,0.25714763515143474,0.8088003698923159,0.9,1,0.000316667,,89.8372,books-oracle2=10
q065,escape from captivity,Torso,CrossStripe,Conceptual,Keyword,naive-score,0.9694484557402342,0.7,0.5384615384615384,0.8222222222222222,0.8269088628464513,0.8787277908726202,1,2,0.0005833329999999999,,54.7984,books-genre-a=4 | books-genre-b=6
q065,escape from captivity,Torso,CrossStripe,Conceptual,Keyword,interleave,0.8990886433322932,0.8,0.6666666666666666,0.6,0.6532456666252691,0.7716243168330214,0.9,2,0.0005833329999999999,,54.7439,books-genre-a=5 | books-genre-b=5
q065,escape from captivity,Torso,CrossStripe,Conceptual,Keyword,quota-merge,0.9063279718336426,0.8,0.6666666666666666,0.7777777777777778,0.733846381414711,0.7727529319424945,0.9,2,0.0005833329999999999,,54.733799999999995,books-genre-a=5 | books-genre-b=5
q065,escape from captivity,Torso,CrossStripe,Conceptual,Keyword,global-rrf,0.9063279718336426,0.8,0.6666666666666666,0.7777777777777778,0.733846381414711,0.7727529319424945,0.9,2,0.0005833329999999999,,54.7512,books-genre-a=5 | books-genre-b=5
q065,escape from captivity,Torso,CrossStripe,Conceptual,Keyword,minmax-norm,0.8533333245967331,0.7,0.5384615384615384,0.7777777777777778,0.6042845725922448,0.8323110352014628,1,2,0.0005833329999999999,,54.775,books-genre-a=2 | books-genre-b=8
q065,escape from captivity,Torso,CrossStripe,Conceptual,Keyword,zscore-norm,0.8533333245967331,0.7,0.5384615384615384,0.7777777777777778,0.6042845725922448,0.8323110352014628,1,2,0.0005833329999999999,,54.7701,books-genre-a=2 | books-genre-b=8
q065,escape from captivity,Torso,CrossStripe,Conceptual,Keyword,idf-correct-probe,0.8656060182759734,0.7,0.5384615384615384,0.7333333333333333,0.6042845725922448,0.8323110352014628,1,6,0.001349999,,229.6723,books-genre-a=4 | books-genre-b=6
q065,escape from captivity,Torso,CrossStripe,Conceptual,Keyword,idf-correct-sidecar,0.9694484557402342,0.7,0.5384615384615384,0.8222222222222222,0.8269088628464513,0.8787277908726202,1,2,0.0005833329999999999,,54.7832,books-genre-a=4 | books-genre-b=6
q065,escape from captivity,Torso,CrossStripe,Conceptual,Keyword,global-bm25,0.5917326552783447,0.2,0.1111111111111111,0.4222222222222222,0.25714763515143474,0.8088003698923159,0.9,2,0.0005833329999999999,,56.193999999999996,books-genre-a=6 | books-genre-b=4
q065,escape from captivity,Torso,CrossStripe,Conceptual,Keyword,local-bm25,0.5659351227956133,0.2,0.1111111111111111,0.4666666666666667,0.25714763515143474,0.8129048472110512,0.9,2,0.0005833329999999999,,56.1262,books-genre-a=2 | books-genre-b=8
q066,a secret that destroys a community when it comes out,Torso,CrossStripe,Conceptual,Keyword,single-index,1,1,1,1,1,0.17016404272807836,1,1,0.000416667,,64.0203,books-oracle2=10
q066,a secret that destroys a community when it comes out,Torso,CrossStripe,Conceptual,Keyword,single-index-rescored,0.4803777459150231,0.2,0.1111111111111111,0.24444444444444444,0.06825476322057272,0.3247213455623207,1,1,0.000416667,,64.0203,books-oracle2=10
q066,a secret that destroys a community when it comes out,Torso,CrossStripe,Conceptual,Keyword,naive-score,0.9489137807845756,0.8,0.6666666666666666,0.4222222222222222,0.6830677412723201,0.10254730958572815,1,2,0.000766667,,61.7265,books-genre-a=5 | books-genre-b=5
q066,a secret that destroys a community when it comes out,Torso,CrossStripe,Conceptual,Keyword,interleave,0.947792757850186,0.8,0.6666666666666666,0.4222222222222222,0.6679576933237906,0.10339924304166954,1,2,0.000766667,,61.664,books-genre-a=5 | books-genre-b=5
q066,a secret that destroys a community when it comes out,Torso,CrossStripe,Conceptual,Keyword,quota-merge,0.9452017766061639,0.8,0.6666666666666666,0.37777777777777777,0.6478109627257512,0.10454063483865401,1,2,0.000766667,,61.6441,books-genre-a=5 | books-genre-b=5
q066,a secret that destroys a community when it comes out,Torso,CrossStripe,Conceptual,Keyword,global-rrf,0.9452017766061639,0.8,0.6666666666666666,0.37777777777777777,0.6478109627257512,0.10454063483865401,1,2,0.000766667,,61.6621,books-genre-a=5 | books-genre-b=5
q066,a secret that destroys a community when it comes out,Torso,CrossStripe,Conceptual,Keyword,minmax-norm,0.9300207761550694,0.8,0.6666666666666666,0.1111111111111111,0.578177624405617,0.10360746732357304,1,2,0.000766667,,61.6895,books-genre-a=5 | books-genre-b=5
q066,a secret that destroys a community when it comes out,Torso,CrossStripe,Conceptual,Keyword,zscore-norm,0.9344078830834828,0.8,0.6666666666666666,0.24444444444444444,0.5990133012375,0.10240433407063838,1,2,0.000766667,,61.6871,books-genre-a=5 | books-genre-b=5
q066,a secret that destroys a community when it comes out,Torso,CrossStripe,Conceptual,Keyword,idf-correct-probe,0.96198304214133,0.7,0.5384615384615384,0.7333333333333333,0.8831967534544551,0.16058570529322827,1,12,0.002766667,,493.72429999999997,books-genre-a=8 | books-genre-b=2
q066,a secret that destroys a community when it comes out,Torso,CrossStripe,Conceptual,Keyword,idf-correct-sidecar,0.9620208006059694,0.7,0.5384615384615384,0.7333333333333333,0.8831967534544551,0.16172709709021274,1,2,0.000766667,,61.7043,books-genre-a=8 | books-genre-b=2
q066,a secret that destroys a community when it comes out,Torso,CrossStripe,Conceptual,Keyword,global-bm25,0.459975274152714,0.2,0.1111111111111111,0.2777777777777778,0.08336481116910217,0.32699972903599084,1,2,0.000766667,,64.8175,books-genre-a=8 | books-genre-b=2
q066,a secret that destroys a community when it comes out,Torso,CrossStripe,Conceptual,Keyword,local-bm25,0.4459517330117881,0.2,0.1111111111111111,0.16666666666666666,0.06825476322057272,0.32535095473925363,1,2,0.000766667,,63.064800000000005,books-genre-a=8 | books-genre-b=2
q067,the American South,Torso,CrossStripe,Lexical,Keyword,single-index,1,1,1,1,1,0.2678250254741538,1,1,0.00035,,60.7604,books-oracle2=10
q067,the American South,Torso,CrossStripe,Lexical,Keyword,single-index-rescored,0.452122498804656,0.3,0.17647058823529413,0.06666666666666667,0.0966565159475056,0.5386045641581401,1,1,0.00035,,60.7604,books-oracle2=10
q067,the American South,Torso,CrossStripe,Lexical,Keyword,naive-score,0.8589304210927075,0.7,0.5384615384615384,0.5555555555555556,0.5826463068450404,0.21605834614829897,1,2,0.000633333,,55.6475,books-genre-a=4 | books-genre-b=6
q067,the American South,Torso,CrossStripe,Lexical,Keyword,interleave,0.8206094647647377,0.6,0.42857142857142855,0.3333333333333333,0.4321700755247134,0.17400780629312212,1,2,0.000633333,,55.6355,books-genre-a=5 | books-genre-b=5
q067,the American South,Torso,CrossStripe,Lexical,Keyword,quota-merge,0.9167137317087832,0.6,0.42857142857142855,0.4222222222222222,0.5930475521064617,0.20769175793701716,1,2,0.000633333,,55.626,books-genre-a=5 | books-genre-b=5
q067,the American South,Torso,CrossStripe,Lexical,Keyword,global-rrf,0.9167137317087832,0.6,0.42857142857142855,0.4222222222222222,0.5930475521064617,0.20769175793701716,1,2,0.000633333,,55.6427,books-genre-a=5 | books-genre-b=5
q067,the American South,Torso,CrossStripe,Lexical,Keyword,minmax-norm,0.95416661031504,0.7,0.5384615384615384,0.6,0.7361803001238032,0.2508709129016671,1,2,0.000633333,,55.6698,books-genre-a=4 | books-genre-b=6
q067,the American South,Torso,CrossStripe,Lexical,Keyword,zscore-norm,0.8418042412004589,0.7,0.5384615384615384,0.37777777777777777,0.48644418773303905,0.21091937022415688,1,2,0.000633333,,55.6655,books-genre-a=4 | books-genre-b=6
q067,the American South,Torso,CrossStripe,Lexical,Keyword,idf-correct-probe,0.99693946391835,0.9,0.8181818181818182,1,0.9940517785245819,0.27691370950257554,1,6,0.001399999,,230.7782,books-genre-a=2 | books-genre-b=8
q067,the American South,Torso,CrossStripe,Lexical,Keyword,idf-correct-sidecar,0.99693946391835,0.9,0.8181818181818182,1,0.9940517785245819,0.27691370950257554,1,2,0.000633333,,55.678399999999996,books-genre-a=2 | books-genre-b=8
q067,the American South,Torso,CrossStripe,Lexical,Keyword,global-bm25,0.4285822383469382,0.3,0.17647058823529413,0.05555555555555555,0.10583587007623722,0.5387478135259379,1,2,0.000633333,,57.2297,books-genre-a=4 | books-genre-b=6
q067,the American South,Torso,CrossStripe,Lexical,Keyword,local-bm25,0.24058507596603132,0,0,0.3333333333333333,0,0.401528132694531,1,2,0.000633333,,57.0647,books-genre-a=9 | books-genre-b=1
q068,grief after the death of a child,Torso,CrossStripe,Conceptual,Keyword,single-index,1,1,1,1,1,0.123849712837753,1,1,0.000416667,,66.7307,books-oracle2=10
q068,grief after the death of a child,Torso,CrossStripe,Conceptual,Keyword,single-index-rescored,0.66590974977785,0.5,0.3333333333333333,-0.022222222222222223,0.2705531409070565,0.10190115217299898,1,1,0.000416667,,66.7307,books-oracle2=10
q068,grief after the death of a child,Torso,CrossStripe,Conceptual,Keyword,naive-score,0.9733263455285164,0.8,0.6666666666666666,0.6444444444444445,0.8310220544237373,0.15261851074572066,1,2,0.000783333,,58.818200000000004,books-genre-a=3 | books-genre-b=7
q068,grief after the death of a child,Torso,CrossStripe,Conceptual,Keyword,interleave,0.8742878026771823,0.9,0.8181818181818182,0.37777777777777777,0.5561192155134299,0.13376845882872118,1,2,0.000783333,,58.8072,books-genre-a=5 | books-genre-b=5
q068,grief after the death of a child,Torso,CrossStripe,Conceptual,Keyword,quota-merge,0.8785997714857672,0.9,0.8181818181818182,0.4666666666666667,0.5879222688146205,0.13376845882872118,1,2,0.000783333,,58.799,books-genre-a=5 | books-genre-b=5
q068,grief after the death of a child,Torso,CrossStripe,Conceptual,Keyword,global-rrf,0.8785997714857672,0.9,0.8181818181818182,0.4666666666666667,0.5879222688146205,0.13376845882872118,1,2,0.000783333,,58.8159,books-genre-a=5 | books-genre-b=5
q068,grief after the death of a child,Torso,CrossStripe,Conceptual,Keyword,minmax-norm,0.8902041297071516,0.9,0.8181818181818182,0.6,0.6573580172749409,0.13376845882872118,1,2,0.000783333,,58.844100000000005,books-genre-a=5 | books-genre-b=5
q068,grief after the death of a child,Torso,CrossStripe,Conceptual,Keyword,zscore-norm,0.8889856956538991,0.9,0.8181818181818182,0.5111111111111111,0.6457016945717898,0.13376845882872118,1,2,0.000783333,,58.8408,books-genre-a=5 | books-genre-b=5
q068,grief after the death of a child,Torso,CrossStripe,Conceptual,Keyword,idf-correct-probe,0.9836263435846356,0.9,0.8181818181818182,0.7333333333333333,0.8523461887389701,0.13376845882872118,1,6,0.001616667,,262.4804,books-genre-a=5 | books-genre-b=5
q068,grief after the death of a child,Torso,CrossStripe,Conceptual,Keyword,idf-correct-sidecar,0.9836263435846356,0.9,0.8181818181818182,0.7333333333333333,0.8523461887389701,0.13376845882872118,1,2,0.000783333,,58.8543,books-genre-a=5 | books-genre-b=5
q068,grief after the death of a child,Torso,CrossStripe,Conceptual,Keyword,global-bm25,0.6404631210371868,0.6,0.42857142857142855,-0.1111111111111111,0.2838448456854599,0.22504275559669062,1,2,0.000783333,,60.208600000000004,books-genre-a=5 | books-genre-b=5
q068,grief after the death of a child,Torso,CrossStripe,Conceptual,Keyword,local-bm25,0.6392524756896009,0.6,0.42857142857142855,-0.05555555555555555,0.25586327541040543,0.22270131339799412,1,2,0.000783333,,60.2182,books-genre-a=5 | books-genre-b=5
q069,an outsider who does not fit in anywhere,Torso,CrossStripe,Conceptual,Keyword,single-index,1,1,1,1,1,0.4034903470451456,1,1,0.000416667,,66.6823,books-oracle2=10
q069,an outsider who does not fit in anywhere,Torso,CrossStripe,Conceptual,Keyword,single-index-rescored,0.5869244676866697,0.3,0.17647058823529413,0.4222222222222222,0.21598732014758054,0.653310885129331,1,1,0.000416667,,66.6823,books-oracle2=10
q069,an outsider who does not fit in anywhere,Torso,CrossStripe,Conceptual,Keyword,naive-score,0.9649982276225196,0.8,0.6666666666666666,0.4666666666666667,0.7300491175535113,0.5362763675664063,1,2,0.000783333,,64.72059999999999,books-genre-a=5 | books-genre-b=5
q069,an outsider who does not fit in anywhere,Torso,CrossStripe,Conceptual,Keyword,interleave,0.9012419754066356,0.8,0.6666666666666666,0.6,0.6648824037097343,0.5827217730986459,1,2,0.000783333,,64.70729999999999,books-genre-a=5 | books-genre-b=5
q069,an outsider who does not fit in anywhere,Torso,CrossStripe,Conceptual,Keyword,quota-merge,0.8992141995139403,0.8,0.6666666666666666,0.5111111111111111,0.6373921898087097,0.5858235622616328,1,2,0.000783333,,64.69949999999999,books-genre-a=5 | books-genre-b=5
q069,an outsider who does not fit in anywhere,Torso,CrossStripe,Conceptual,Keyword,global-rrf,0.8992141995139403,0.8,0.6666666666666666,0.5111111111111111,0.6373921898087097,0.5858235622616328,1,2,0.000783333,,64.7166,books-genre-a=5 | books-genre-b=5
q069,an outsider who does not fit in anywhere,Torso,CrossStripe,Conceptual,Keyword,minmax-norm,0.8651622561621949,0.7,0.5384615384615384,0.6,0.5540440653676132,0.6051490910001605,1,2,0.000783333,,64.7564,books-genre-a=4 | books-genre-b=6
q069,an outsider who does not fit in anywhere,Torso,CrossStripe,Conceptual,Keyword,zscore-norm,0.8792983268260589,0.8,0.6666666666666666,0.4222222222222222,0.6179693024600142,0.5928236278335802,1,2,0.000783333,,64.7422,books-genre-a=5 | books-genre-b=5
q069,an outsider who does not fit in anywhere,Torso,CrossStripe,Conceptual,Keyword,idf-correct-probe,0.8911398197923045,0.9,0.8181818181818182,0.6444444444444445,0.6916663020170354,0.5652552496622563,1,12,0.002633333,,529.9401,books-genre-a=6 | books-genre-b=4
q069,an outsider who does not fit in anywhere,Torso,CrossStripe,Conceptual,Keyword,idf-correct-sidecar,0.8899151271221409,0.9,0.8181818181818182,0.5555555555555556,0.6800099793138841,0.5718176613660024,1,2,0.000783333,,64.8428,books-genre-a=6 | books-genre-b=4
q069,an outsider who does not fit in anywhere,Torso,CrossStripe,Conceptual,Keyword,global-bm25,0.5869244676866697,0.3,0.17647058823529413,0.4222222222222222,0.21598732014758054,0.653310885129331,1,2,0.000783333,,66.21409999999999,books-genre-a=8 | books-genre-b=2
q069,an outsider who does not fit in anywhere,Torso,CrossStripe,Conceptual,Keyword,local-bm25,0.5834461773700926,0.3,0.17647058823529413,0.4666666666666667,0.18800574987252597,0.6683230881305022,1,2,0.000783333,,66.11999999999999,books-genre-a=8 | books-genre-b=2
q070,school,Head,CrossStripe,Lexical,Keyword,single-index,1,1,1,1,1,1,1,1,0.00035,,62.3133,books-oracle2=10
q070,school,Head,CrossStripe,Lexical,Keyword,single-index-rescored,0.6704907098477859,0.7,0.5384615384615384,0.3333333333333333,0.4422852315111448,1,1,1,0.00035,,62.3133,books-oracle2=10
q070,school,Head,CrossStripe,Lexical,Keyword,naive-score,0.9475838351788763,0.8,0.6666666666666666,0.4222222222222222,0.7227056342505259,0.9513467899190737,1,2,0.00048333299999999996,,81.8351,books-genre-a=8 | books-genre-b=2
q070,school,Head,CrossStripe,Lexical,Keyword,interleave,0.893045183117708,0.5,0.3333333333333333,0.5555555555555556,0.6170673540341023,0.8613612255514265,1,2,0.00048333299999999996,,81.80749999999999,books-genre-a=5 | books-genre-b=5
q070,school,Head,CrossStripe,Lexical,Keyword,quota-merge,0.893045183117708,0.5,0.3333333333333333,0.5555555555555556,0.6170673540341023,0.8613612255514265,1,2,0.00048333299999999996,,81.79589999999999,books-genre-a=5 | books-genre-b=5
q070,school,Head,CrossStripe,Lexical,Keyword,global-rrf,0.893045183117708,0.5,0.3333333333333333,0.5555555555555556,0.6170673540341023,0.8613612255514265,1,2,0.00048333299999999996,,81.8279,books-genre-a=5 | books-genre-b=5
q070,school,Head,CrossStripe,Lexical,Keyword,minmax-norm,0.933703556728857,0.8,0.6666666666666666,0.3333333333333333,0.6532698857902054,0.9371166382005486,1,2,0.00048333299999999996,,81.8407,books-genre-a=8 | books-genre-b=2
q070,school,Head,CrossStripe,Lexical,Keyword,zscore-norm,0.7032343571066973,0.4,0.25,0.4222222222222222,0.3115180206813585,0.8339287800276628,1,2,0.00048333299999999996,,81.83619999999999,books-genre-a=4 | books-genre-b=6
q070,school,Head,CrossStripe,Lexical,Keyword,idf-correct-probe,0.9931289429998503,1,1,0.9555555555555556,0.9309097030245566,1,1,2,0.00048333299999999996,,81.8381,books-genre-a=10
q070,school,Head,CrossStripe,Lexical,Keyword,idf-correct-sidecar,0.9931289429998503,1,1,0.9555555555555556,0.9309097030245566,1,1,2,0.00048333299999999996,,81.8274,books-genre-a=10
q070,school,Head,CrossStripe,Lexical,Keyword,global-bm25,0.6838446871471818,0.7,0.5384615384615384,0.5111111111111111,0.4588080689428617,1,1,2,0.00048333299999999996,,83.16,books-genre-a=8 | books-genre-b=2
q070,school,Head,CrossStripe,Lexical,Keyword,local-bm25,0.1866214524284336,0,0,0.6666666666666666,0,0.8494856446550868,1,2,0.00048333299999999996,,83.25519999999999,books-genre-b=10
q071,obsession that ruins a life,Torso,CrossStripe,Conceptual,Keyword,single-index,1,1,1,1,1,0.11218224663488109,1,1,0.0004,,65.0033,books-oracle2=10
q071,obsession that ruins a life,Torso,CrossStripe,Conceptual,Keyword,single-index-rescored,0.5192577960258399,0.2,0.1111111111111111,0.022222222222222223,0.019239926253821527,0.2897011407147146,1,1,0.0004,,65.0033,books-oracle2=10
q071,obsession that ruins a life,Torso,CrossStripe,Conceptual,Keyword,naive-score,0.9916768883038259,0.9,0.8181818181818182,0.7777777777777778,0.8891616616578787,0.11806794760743772,1,2,0.0004,,57.5154,books-genre-a=4 | books-genre-b=6
q071,obsession that ruins a life,Torso,CrossStripe,Conceptual,Keyword,interleave,0.9876454636826589,0.9,0.8181818181818182,0.6888888888888889,0.8740516137093494,0.1839459660253357,1,2,0.0004,,57.495,books-genre-a=5 | books-genre-b=5
q071,obsession that ruins a life,Torso,CrossStripe,Conceptual,Keyword,quota-merge,0.9336330897707539,0.9,0.8181818181818182,0.7333333333333333,0.7205176204305865,0.17494388714344375,1,2,0.0004,,57.50279999999999,books-genre-a=5 | books-genre-b=5
q071,obsession that ruins a life,Torso,CrossStripe,Conceptual,Keyword,global-rrf,0.9336330897707539,0.9,0.8181818181818182,0.7333333333333333,0.7205176204305865,0.17494388714344375,1,2,0.0004,,57.5494,books-genre-a=5 | books-genre-b=5
q071,obsession that ruins a life,Torso,CrossStripe,Conceptual,Keyword,minmax-norm,0.9390065988330791,0.9,0.8181818181818182,0.7777777777777778,0.7770818465643821,0.12024759314736477,1,2,0.0004,,60.086999999999996,books-genre-a=4 | books-genre-b=6
q071,obsession that ruins a life,Torso,CrossStripe,Conceptual,Keyword,zscore-norm,0.9916768883038259,0.9,0.8181818181818182,0.7777777777777778,0.8891616616578787,0.11806794760743772,1,2,0.0004,,57.526799999999994,books-genre-a=4 | books-genre-b=6
q071,obsession that ruins a life,Torso,CrossStripe,Conceptual,Keyword,idf-correct-probe,0.9804555572135208,0.8,0.6666666666666666,0.6,0.8460525157786745,0.18488422808248012,1,6,0.0012000000000000001,,238.1475,books-genre-a=6 | books-genre-b=4
q071,obsession that ruins a life,Torso,CrossStripe,Conceptual,Keyword,idf-correct-sidecar,0.9832513472870028,0.9,0.8181818181818182,0.6444444444444445,0.8611800913828243,0.19124977055456902,1,2,0.0004,,57.6063,books-genre-a=5 | books-genre-b=5
q071,obsession that ruins a life,Torso,CrossStripe,Conceptual,Keyword,global-bm25,0.48153998181210167,0.2,0.1111111111111111,-0.14285714285714285,0.056598440517421425,0.2783905184522595,1,2,0.0004,,59.020999999999994,books-genre-a=7 | books-genre-b=3
q071,obsession that ruins a life,Torso,CrossStripe,Conceptual,Keyword,local-bm25,0.35032142548765133,0.1,0.05263157894736842,0.047619047619047616,0.03412738161028636,0.27876672348875053,1,2,0.0004,,58.884499999999996,books-genre-a=6 | books-genre-b=4
q072,slavery and its aftermath,Torso,CrossStripe,Mixed,Keyword,single-index,1,1,1,1,1,0.5200368575497579,0.9,1,0.000283333,,89.1877,books-oracle2=10
q072,slavery and its aftermath,Torso,CrossStripe,Mixed,Keyword,single-index-rescored,0.6187985251054204,0.7,0.5384615384615384,0.8222222222222222,0.2918256869188235,0.622051649700751,0.9,1,0.000283333,,89.1877,books-oracle2=10
q072,slavery and its aftermath,Torso,CrossStripe,Mixed,Keyword,naive-score,0.9983257465222679,0.9,0.8181818181818182,0.9111111111111111,0.9672854078729012,0.5173851641074463,0.9,2,0.000516667,,55.0761,books-genre-a=3 | books-genre-b=7
q072,slavery and its aftermath,Torso,CrossStripe,Mixed,Keyword,interleave,0.866382846846322,0.7,0.5384615384615384,0.4222222222222222,0.5442236134902082,0.3987390308940287,0.9,2,0.000516667,,55.0654,books-genre-a=5 | books-genre-b=5
q072,slavery and its aftermath,Torso,CrossStripe,Mixed,Keyword,quota-merge,0.8697278912002686,0.7,0.5384615384615384,0.5111111111111111,0.5760266667913988,0.40484048736575917,0.9,2,0.000516667,,55.0577,books-genre-a=5 | books-genre-b=5
q072,slavery and its aftermath,Torso,CrossStripe,Mixed,Keyword,global-rrf,0.8697278912002686,0.7,0.5384615384615384,0.5111111111111111,0.5760266667913988,0.40484048736575917,0.9,2,0.000516667,,55.0742,books-genre-a=5 | books-genre-b=5
q072,slavery and its aftermath,Torso,CrossStripe,Mixed,Keyword,minmax-norm,0.9141685258403407,0.9,0.8181818181818182,0.6444444444444445,0.6800099793138841,0.42104417085950196,0.9,2,0.000516667,,55.0998,books-genre-a=3 | books-genre-b=7
q072,slavery and its aftermath,Torso,CrossStripe,Mixed,Keyword,zscore-norm,0.9048496339194445,0.9,0.8181818181818182,0.5555555555555556,0.6268994784254669,0.42490925932625023,0.9,2,0.000516667,,55.0958,books-genre-a=3 | books-genre-b=7
q072,slavery and its aftermath,Torso,CrossStripe,Mixed,Keyword,idf-correct-probe,0.996773056677823,0.9,0.8181818181818182,0.9111111111111111,0.9409412776361645,0.5319234904756048,0.9,6,0.001283333,,229.5141,books-genre-a=3 | books-genre-b=7
q072,slavery and its aftermath,Torso,CrossStripe,Mixed,Keyword,idf-correct-sidecar,0.996773056677823,0.9,0.8181818181818182,0.9111111111111111,0.9409412776361645,0.5319234904756048,0.9,2,0.000516667,,55.1082,books-genre-a=3 | books-genre-b=7
q072,slavery and its aftermath,Torso,CrossStripe,Mixed,Keyword,global-bm25,0.6187985251054204,0.7,0.5384615384615384,0.8222222222222222,0.2918256869188235,0.622051649700751,0.9,2,0.000516667,,56.6218,books-genre-a=2 | books-genre-b=8
q072,slavery and its aftermath,Torso,CrossStripe,Mixed,Keyword,local-bm25,0.6177614207928892,0.7,0.5384615384615384,0.7777777777777778,0.2918256869188235,0.6242312952406781,0.9,2,0.000516667,,56.3989,books-genre-a=2 | books-genre-b=8
q073,the Holocaust,Torso,CrossStripe,Lexical,Keyword,single-index,1,1,1,1,1,0.6101007690583882,1,1,0.000216667,,59.3654,books-oracle2=10
q073,the Holocaust,Torso,CrossStripe,Lexical,Keyword,single-index-rescored,0.8427853021204675,0.5,0.3333333333333333,0.6444444444444445,0.5529894766763774,0.7534045454785803,1,1,0.000216667,,59.3654,books-oracle2=10
q073,the Holocaust,Torso,CrossStripe,Lexical,Keyword,naive-score,0.7928177732670554,0.3,0.17647058823529413,0.7333333333333333,0.436776580503655,0.4146630971540944,1,2,0.00019999999999999998,,54.7115,books-genre-a=9 | books-genre-b=1
q073,the Holocaust,Torso,CrossStripe,Lexical,Keyword,interleave,0.8684575241567251,0.4,0.25,0.4666666666666667,0.5885943307178222,0.5359893799846923,1,2,0.00019999999999999998,,54.702200000000005,books-genre-a=5 | books-genre-b=5
q073,the Holocaust,Torso,CrossStripe,Lexical,Keyword,quota-merge,0.8158666564729761,0.4,0.25,0.5111111111111111,0.4350603374390593,0.5248704701624641,1,2,0.00019999999999999998,,54.699400000000004,books-genre-a=5 | books-genre-b=5
q073,the Holocaust,Torso,CrossStripe,Lexical,Keyword,global-rrf,0.8158666564729761,0.4,0.25,0.5111111111111111,0.4350603374390593,0.5248704701624641,1,2,0.00019999999999999998,,54.7079,books-genre-a=5 | books-genre-b=5
q073,the Holocaust,Torso,CrossStripe,Lexical,Keyword,minmax-norm,0.846719010593706,0.5,0.3333333333333333,0.4666666666666667,0.47405423377791134,0.6312570286147977,1,2,0.00019999999999999998,,54.7445,books-genre-a=1 | books-genre-b=9
q073,the Holocaust,Torso,CrossStripe,Lexical,Keyword,zscore-norm,0.846719010593706,0.5,0.3333333333333333,0.4666666666666667,0.47405423377791134,0.6312570286147977,1,2,0.00019999999999999998,,54.7231,books-genre-a=1 | books-genre-b=9
q073,the Holocaust,Torso,CrossStripe,Lexical,Keyword,idf-correct-probe,0.9013155253750839,0.5,0.3333333333333333,0.5111111111111111,0.6275882270566743,0.6544654064503764,1,4,0.000583333,,167.5122,books-genre-a=1 | books-genre-b=9
q073,the Holocaust,Torso,CrossStripe,Lexical,Keyword,idf-correct-sidecar,0.9013155253750839,0.5,0.3333333333333333,0.5111111111111111,0.6275882270566743,0.6544654064503764,1,2,0.00019999999999999998,,54.7335,books-genre-a=1 | books-genre-b=9
q073,the Holocaust,Torso,CrossStripe,Lexical,Keyword,global-bm25,0.8427853021204675,0.5,0.3333333333333333,0.6444444444444445,0.5529894766763774,0.7534045454785803,1,2,0.00019999999999999998,,55.7948,books-genre-a=3 | books-genre-b=7
q073,the Holocaust,Torso,CrossStripe,Lexical,Keyword,local-bm25,0.722218192880644,0.2,0.1111111111111111,0.6,0.3673924203468,0.44613274581738543,1,2,0.00019999999999999998,,55.6897,books-genre-a=10
q074,a woman who defies the expectations of her time,Torso,CrossStripe,Conceptual,Keyword,single-index,1,1,1,1,1,0.42353976043085817,1,1,0.000416667,,63.7229,books-oracle2=10
q074,a woman who defies the expectations of her time,Torso,CrossStripe,Conceptual,Keyword,single-index-rescored,0.5312839153386313,0.4,0.25,-0.4666666666666667,0.08318185007422828,0.374952169375044,1,1,0.000416667,,63.7229,books-oracle2=10
q074,a woman who defies the expectations of her time,Torso,CrossStripe,Conceptual,Keyword,naive-score,0.8165253715272051,0.8,0.6666666666666666,0.37777777777777777,0.5104067817893394,0.5462436977047832,1,2,0.000766666,,62.200900000000004,books-genre-a=4 | books-genre-b=6
q074,a woman who defies the expectations of her time,Torso,CrossStripe,Conceptual,Keyword,interleave,0.8038695680655398,0.7,0.5384615384615384,0.24444444444444444,0.433679138329499,0.5071450362233251,1,2,0.000766666,,62.1906,books-genre-a=5 | books-genre-b=5
q074,a woman who defies the expectations of her time,Torso,CrossStripe,Conceptual,Keyword,quota-merge,0.8236624573586885,0.7,0.5384615384615384,0.37777777777777777,0.46116935223052347,0.44015333797202616,1,2,0.000766666,,62.1832,books-genre-a=5 | books-genre-b=5
q074,a woman who defies the expectations of her time,Torso,CrossStripe,Conceptual,Keyword,global-rrf,0.8236624573586885,0.7,0.5384615384615384,0.37777777777777777,0.46116935223052347,0.44015333797202616,1,2,0.000766666,,62.1995,books-genre-a=5 | books-genre-b=5
q074,a woman who defies the expectations of her time,Torso,CrossStripe,Conceptual,Keyword,minmax-norm,0.8371346496793933,0.8,0.6666666666666666,0.5111111111111111,0.5220631044924906,0.4541659122413676,1,2,0.000766666,,62.227500000000006,books-genre-a=4 | books-genre-b=6
q074,a woman who defies the expectations of her time,Torso,CrossStripe,Conceptual,Keyword,zscore-norm,0.8069704892646102,0.7,0.5384615384615384,0.4222222222222222,0.497115077010936,0.5367788086398705,1,2,0.000766666,,62.2246,books-genre-a=5 | books-genre-b=5
q074,a woman who defies the expectations of her time,Torso,CrossStripe,Conceptual,Keyword,idf-correct-probe,0.8612215098642361,0.8,0.6666666666666666,0.6888888888888889,0.6208249376795821,0.43797614076534563,1,8,0.002,,324.4982,books-genre-a=3 | books-genre-b=7
q074,a woman who defies the expectations of her time,Torso,CrossStripe,Conceptual,Keyword,idf-correct-sidecar,0.8869503500763861,0.8,0.6666666666666666,0.6888888888888889,0.6983511599157269,0.4318926211156755,1,2,0.000766666,,62.2554,books-genre-a=2 | books-genre-b=8
q074,a woman who defies the expectations of her time,Torso,CrossStripe,Conceptual,Keyword,global-bm25,0.42300353126258616,0.4,0.25,-0.42857142857142855,0.07583836677124296,0.39751280291331315,1,2,0.000766666,,63.6218,books-genre-a=4 | books-genre-b=6
q074,a woman who defies the expectations of her time,Torso,CrossStripe,Conceptual,Keyword,local-bm25,0.28144541134699225,0.2,0.1111111111111111,0.3333333333333333,0.056598440517421425,0.42641701912080643,1,2,0.000766666,,63.6141,books-genre-a=6 | books-genre-b=4
q075,addiction and recovery,Torso,CrossStripe,Mixed,Keyword,single-index,1,1,1,1,1,0.7813557586671602,1,1,0.0003,,90.394,books-oracle2=10
q075,addiction and recovery,Torso,CrossStripe,Mixed,Keyword,single-index-rescored,0.8518843961162047,0.8,0.6666666666666666,0.8222222222222222,0.6326075796532,0.9134872336594229,1,1,0.0003,,90.394,books-oracle2=10
q075,addiction and recovery,Torso,CrossStripe,Mixed,Keyword,naive-score,0.901401195299506,0.6,0.42857142857142855,0.37777777777777777,0.6028688449114812,0.6803537136787812,1,2,0.00039999999999999996,,55.1328,books-genre-a=5 | books-genre-b=5
q075,addiction and recovery,Torso,CrossStripe,Mixed,Keyword,interleave,0.7932656473785129,0.6,0.42857142857142855,0.37777777777777777,0.417060027576184,0.6510099044913348,1,2,0.00039999999999999996,,55.1191,books-genre-a=5 | books-genre-b=5
q075,addiction and recovery,Torso,CrossStripe,Mixed,Keyword,quota-merge,0.8960021065815622,0.6,0.42857142857142855,0.5111111111111111,0.6023970741561375,0.7035281166342228,1,2,0.00039999999999999996,,55.1123,books-genre-a=5 | books-genre-b=5
q075,addiction and recovery,Torso,CrossStripe,Mixed,Keyword,global-rrf,0.8960021065815622,0.6,0.42857142857142855,0.5111111111111111,0.6023970741561375,0.7035281166342228,1,2,0.00039999999999999996,,55.1267,books-genre-a=5 | books-genre-b=5
q075,addiction and recovery,Torso,CrossStripe,Mixed,Keyword,minmax-norm,0.8707498118583757,0.6,0.42857142857142855,0.1111111111111111,0.47140994725291124,0.6996691094072676,1,2,0.00039999999999999996,,55.1532,books-genre-a=5 | books-genre-b=5
q075,addiction and recovery,Torso,CrossStripe,Mixed,Keyword,zscore-norm,0.8795518308051541,0.6,0.42857142857142855,0.2,0.5066667257994799,0.6946208827462986,1,2,0.00039999999999999996,,55.147800000000004,books-genre-a=5 | books-genre-b=5
q075,addiction and recovery,Torso,CrossStripe,Mixed,Keyword,idf-correct-probe,0.9930996088853128,0.9,0.8181818181818182,0.7333333333333333,0.8916668930987828,0.8214625721625727,1,6,0.001166666,,227.358,books-genre-a=1 | books-genre-b=9
q075,addiction and recovery,Torso,CrossStripe,Mixed,Keyword,idf-correct-sidecar,0.9930996088853128,0.9,0.8181818181818182,0.7333333333333333,0.8916668930987828,0.8214625721625727,1,2,0.00039999999999999996,,55.1611,books-genre-a=1 | books-genre-b=9
q075,addiction and recovery,Torso,CrossStripe,Mixed,Keyword,global-bm25,0.8518843961162047,0.8,0.6666666666666666,0.8222222222222222,0.6326075796532,0.9134872336594229,1,2,0.00039999999999999996,,56.6293,books-genre-a=1 | books-genre-b=9
q075,addiction and recovery,Torso,CrossStripe,Mixed,Keyword,local-bm25,0.6867661713942007,0.7,0.5384615384615384,-0.15555555555555556,0.22858733809720022,0.7571851349619022,1,2,0.00039999999999999996,,56.4659,books-genre-a=4 | books-genre-b=6
q076,New York City,Head,CrossStripe,Lexical,Keyword,single-index,1,1,1,1,1,0.7796560863979807,1,1,0.0004,,63.1576,books-oracle2=10
q076,New York City,Head,CrossStripe,Lexical,Keyword,single-index-rescored,0.715929144936194,0.4,0.25,0.37777777777777777,0.3560224283881299,0.6576926371982134,1,1,0.0004,,63.1576,books-oracle2=10
q076,New York City,Head,CrossStripe,Lexical,Keyword,naive-score,0.9760017204697853,0.9,0.8181818181818182,0.7777777777777778,0.8202689545422492,0.7562921179498961,1,2,0.000583333,,56.656400000000005,books-genre-a=3 | books-genre-b=7
q076,New York City,Head,CrossStripe,Lexical,Keyword,interleave,0.9754030539454024,0.7,0.5384615384615384,0.5555555555555556,0.7785042264475658,0.7554334019854627,1,2,0.000583333,,56.647000000000006,books-genre-a=5 | books-genre-b=5
q076,New York City,Head,CrossStripe,Lexical,Keyword,quota-merge,0.9781020376324632,0.7,0.5384615384615384,0.6444444444444445,0.8103072797487564,0.7554334019854627,1,2,0.000583333,,56.6389,books-genre-a=5 | books-genre-b=5
q076,New York City,Head,CrossStripe,Lexical,Keyword,global-rrf,0.9781020376324632,0.7,0.5384615384615384,0.6444444444444445,0.8103072797487564,0.7554334019854627,1,2,0.000583333,,56.6546,books-genre-a=5 | books-genre-b=5
q076,New York City,Head,CrossStripe,Lexical,Keyword,minmax-norm,0.99693946391835,0.9,0.8181818181818182,1,0.9940517785245819,0.8432768745969323,1,2,0.000583333,,56.6831,books-genre-a=2 | books-genre-b=8
q076,New York City,Head,CrossStripe,Lexical,Keyword,zscore-norm,0.9723281810920503,0.8,0.6666666666666666,0.7777777777777778,0.8069772497638459,0.7547872978039318,1,2,0.000583333,,56.6796,books-genre-a=4 | books-genre-b=6
q076,New York City,Head,CrossStripe,Lexical,Keyword,idf-correct-probe,0.9760017204697853,0.9,0.8181818181818182,0.7777777777777778,0.8202689545422492,0.7562921179498961,1,6,0.001383333,,230.4839,books-genre-a=3 | books-genre-b=7
q076,New York City,Head,CrossStripe,Lexical,Keyword,idf-correct-sidecar,0.9760017204697853,0.9,0.8181818181818182,0.7777777777777778,0.8202689545422492,0.7562921179498961,1,2,0.000583333,,56.689,books-genre-a=3 | books-genre-b=7
q076,New York City,Head,CrossStripe,Lexical,Keyword,global-bm25,0.715929144936194,0.4,0.25,0.37777777777777777,0.3560224283881299,0.6576926371982134,1,2,0.000583333,,59.989700000000006,books-genre-a=4 | books-genre-b=6
q076,New York City,Head,CrossStripe,Lexical,Keyword,local-bm25,0.7118197356786058,0.5,0.3333333333333333,0.4222222222222222,0.3751660813203534,0.6828778254862155,1,2,0.000583333,,57.985600000000005,books-genre-a=3 | books-genre-b=7
q077,an unlikely friendship between two very different people,Torso,CrossStripe,Conceptual,Keyword,single-index,1,1,1,1,1,0.3301540397681022,1,1,0.000433333,,64.8965,books-oracle2=10
q077,an unlikely friendship between two very different people,Torso,CrossStripe,Conceptual,Keyword,single-index-rescored,0.6475172768953025,0.6,0.42857142857142855,0.37777777777777777,0.23712933429555363,0.3555419201406437,1,1,0.000433333,,64.8965,books-oracle2=10
q077,an unlikely friendship between two very different people,Torso,CrossStripe,Conceptual,Keyword,naive-score,0.9856824942045787,0.9,0.8181818181818182,0.8222222222222222,0.9299268936093013,0.33362376706075536,1,2,0.000833334,,62.5683,books-genre-a=6 | books-genre-b=4
q077,an unlikely friendship between two very different people,Torso,CrossStripe,Conceptual,Keyword,interleave,0.9968276364460505,1,1,0.7333333333333333,0.915256613731336,0.33000573669816685,1,2,0.000833334,,62.5584,books-genre-a=5 | books-genre-b=5
q077,an unlikely friendship between two very different people,Torso,CrossStripe,Conceptual,Keyword,quota-merge,0.9439253381995997,1,1,0.7777777777777778,0.7903735513427852,0.3774785092913706,1,2,0.000833334,,62.5508,books-genre-a=5 | books-genre-b=5
q077,an unlikely friendship between two very different people,Torso,CrossStripe,Conceptual,Keyword,global-rrf,0.9439253381995997,1,1,0.7777777777777778,0.7903735513427852,0.3774785092913706,1,2,0.000833334,,62.5668,books-genre-a=5 | books-genre-b=5
q077,an unlikely friendship between two very different people,Torso,CrossStripe,Conceptual,Keyword,minmax-norm,0.9442607294925078,1,1,0.7777777777777778,0.8031767986378392,0.3774785092913706,1,2,0.000833334,,62.5965,books-genre-a=5 | books-genre-b=5
q077,an unlikely friendship between two very different people,Torso,CrossStripe,Conceptual,Keyword,zscore-norm,0.9988572442738854,1,1,0.8222222222222222,0.9567107919166021,0.3310617536202131,1,2,0.000833334,,62.6456,books-genre-a=5 | books-genre-b=5
q077,an unlikely friendship between two very different people,Torso,CrossStripe,Conceptual,Keyword,idf-correct-probe,0.9183432554111551,1,1,0.7777777777777778,0.7414299849653813,0.3692452062272236,1,12,0.002766666,,492.72920000000005,books-genre-a=5 | books-genre-b=5
q077,an unlikely friendship between two very different people,Torso,CrossStripe,Conceptual,Keyword,idf-correct-sidecar,0.9988572442738854,1,1,0.8222222222222222,0.9567107919166021,0.3310617536202131,1,2,0.000833334,,62.6225,books-genre-a=5 | books-genre-b=5
q077,an unlikely friendship between two very different people,Torso,CrossStripe,Conceptual,Keyword,global-bm25,0.6475172768953025,0.6,0.42857142857142855,0.37777777777777777,0.23712933429555363,0.3555419201406437,1,2,0.000833334,,64.1822,books-genre-a=5 | books-genre-b=5
q077,an unlikely friendship between two very different people,Torso,CrossStripe,Conceptual,Keyword,local-bm25,0.6413281683165011,0.6,0.42857142857142855,0.24444444444444444,0.2206064968638367,0.36377522320479067,1,2,0.000833334,,63.9495,books-genre-a=5 | books-genre-b=5
q078,climate change and environmental collapse,Torso,CrossStripe,Mixed,Keyword,single-index,1,1,1,1,1,0.8062973337341608,1,1,0.00035,,62.5822,books-oracle2=10
q078,climate change and environmental collapse,Torso,CrossStripe,Mixed,Keyword,single-index-rescored,0.9208634530060839,0.7,0.5384615384615384,0.8666666666666667,0.7291714038016622,0.9636452638863133,1,1,0.00035,,62.5822,books-oracle2=10
q078,climate change and environmental collapse,Torso,CrossStripe,Mixed,Keyword,naive-score,0.9857472962650347,0.8,0.6666666666666666,0.8222222222222222,0.9166351888308977,0.94546789582947,1,2,0.000666666,,57.611700000000006,books-genre-a=6 | books-genre-b=4
q078,climate change and environmental collapse,Torso,CrossStripe,Mixed,Keyword,interleave,0.9096540070489423,0.9,0.8181818181818182,0.5111111111111111,0.6548810487005213,0.8859554198836609,1,2,0.000666666,,57.5998,books-genre-a=5 | books-genre-b=5
q078,climate change and environmental collapse,Torso,CrossStripe,Mixed,Keyword,quota-merge,0.9162724421763146,0.9,0.8181818181818182,0.6,0.7164819574838267,0.8859554198836609,1,2,0.000666666,,57.5914,books-genre-a=5 | books-genre-b=5
q078,climate change and environmental collapse,Torso,CrossStripe,Mixed,Keyword,global-rrf,0.9162724421763146,0.9,0.8181818181818182,0.6,0.7164819574838267,0.8859554198836609,1,2,0.000666666,,57.627100000000006,books-genre-a=5 | books-genre-b=5
q078,climate change and environmental collapse,Torso,CrossStripe,Mixed,Keyword,minmax-norm,0.8681984693632778,0.6,0.42857142857142855,0.8666666666666667,0.5772243387591524,0.9621404437403491,1,2,0.000666666,,57.635200000000005,books-genre-a=8 | books-genre-b=2
q078,climate change and environmental collapse,Torso,CrossStripe,Mixed,Keyword,zscore-norm,0.9545987102852577,0.6,0.42857142857142855,1,0.8413028071986245,0.9621404437403491,1,2,0.000666666,,57.6315,books-genre-a=8 | books-genre-b=2
q078,climate change and environmental collapse,Torso,CrossStripe,Mixed,Keyword,idf-correct-probe,0.9976113261367748,0.9,0.8181818181818182,0.7777777777777778,0.946449731041018,0.8836981896647146,1,10,0.002199998,,406.0892,books-genre-a=5 | books-genre-b=5
q078,climate change and environmental collapse,Torso,CrossStripe,Mixed,Keyword,idf-correct-sidecar,0.997847763870533,0.9,0.8181818181818182,0.9111111111111111,0.9509601603009978,0.8699181219331126,1,2,0.000666666,,57.6486,books-genre-a=5 | books-genre-b=5
q078,climate change and environmental collapse,Torso,CrossStripe,Mixed,Keyword,global-bm25,0.9208634530060839,0.7,0.5384615384615384,0.8666666666666667,0.7291714038016622,0.9636452638863133,1,2,0.000666666,,59.1554,books-genre-a=6 | books-genre-b=4
q078,climate change and environmental collapse,Torso,CrossStripe,Mixed,Keyword,local-bm25,0.8896762908735694,0.7,0.5384615384615384,0.6,0.6131680055764988,0.9621404437403491,1,2,0.000666666,,59.0437,books-genre-a=6 | books-genre-b=4
q079,memory and how unreliable it can be,Torso,CrossStripe,Conceptual,Keyword,single-index,1,1,1,1,1,0.454858502406438,1,1,0.000416667,,64.5728,books-oracle2=10
q079,memory and how unreliable it can be,Torso,CrossStripe,Conceptual,Keyword,single-index-rescored,0.4165369720934425,0.1,0.05263157894736842,0.3333333333333333,0.013291704778403425,0.7186337796159102,1,1,0.000416667,,64.5728,books-oracle2=10
q079,memory and how unreliable it can be,Torso,CrossStripe,Conceptual,Keyword,naive-score,0.931134004201523,0.5,0.3333333333333333,0.6,0.7798828015471273,0.42262029604933504,1,2,0.000766666,,58.1941,books-genre-a=8 | books-genre-b=2
q079,memory and how unreliable it can be,Torso,CrossStripe,Conceptual,Keyword,interleave,0.9239266517598255,0.7,0.5384615384615384,0.3333333333333333,0.6173074742817872,0.3853702791734895,1,2,0.000766666,,58.1855,books-genre-a=5 | books-genre-b=5
q079,memory and how unreliable it can be,Torso,CrossStripe,Conceptual,Keyword,quota-merge,0.9117080898796012,0.7,0.5384615384615384,0.3333333333333333,0.5630500488014673,0.390667589598775,1,2,0.000766666,,58.1775,books-genre-a=5 | books-genre-b=5
q079,memory and how unreliable it can be,Torso,CrossStripe,Conceptual,Keyword,global-rrf,0.9117080898796012,0.7,0.5384615384615384,0.3333333333333333,0.5630500488014673,0.390667589598775,1,2,0.000766666,,58.2151,books-genre-a=5 | books-genre-b=5
q079,memory and how unreliable it can be,Torso,CrossStripe,Conceptual,Keyword,minmax-norm,0.8804588285706123,0.8,0.6666666666666666,-0.1111111111111111,0.4941035987521108,0.39003129897509475,1,2,0.000766666,,58.221199999999996,books-genre-a=2 | books-genre-b=8
q079,memory and how unreliable it can be,Torso,CrossStripe,Conceptual,Keyword,zscore-norm,0.939968698357506,0.7,0.5384615384615384,0.4666666666666667,0.6827738780909083,0.3867621554449764,1,2,0.000766666,,58.2281,books-genre-a=5 | books-genre-b=5
q079,memory and how unreliable it can be,Torso,CrossStripe,Conceptual,Keyword,idf-correct-probe,0.944332801216834,0.7,0.5384615384615384,0.4222222222222222,0.7631770030205366,0.4357959085052778,1,8,0.0019833330000000003,,320.9121,books-genre-a=6 | books-genre-b=4
q079,memory and how unreliable it can be,Torso,CrossStripe,Conceptual,Keyword,idf-correct-sidecar,0.9448293510038884,0.7,0.5384615384615384,0.4666666666666667,0.7723563571492682,0.43761133620949955,1,2,0.000766666,,58.2373,books-genre-a=6 | books-genre-b=4
q079,memory and how unreliable it can be,Torso,CrossStripe,Conceptual,Keyword,global-bm25,0.39188772760055324,0.1,0.05263157894736842,0.5,0.013291704778403425,0.6641016754453802,1,2,0.000766666,,59.8249,books-genre-a=6 | books-genre-b=4
q079,memory and how unreliable it can be,Torso,CrossStripe,Conceptual,Keyword,local-bm25,0.39207262570541057,0.1,0.05263157894736842,0.7777777777777778,0.013291704778403425,0.6270318784730659,1,2,0.000766666,,59.5086,books-genre-a=6 | books-genre-b=4
q080,a doctor confronting the limits of medicine,Tail,CrossStripe,Conceptual,Keyword,single-index,1,1,1,1,1,0.512830077926483,1,1,0.000366667,,63.7434,books-oracle2=10
q080,a doctor confronting the limits of medicine,Tail,CrossStripe,Conceptual,Keyword,single-index-rescored,0.5780514807784239,0.3,0.17647058823529413,0.6,0.19584058954954126,0.4126382112054275,0.9,1,0.000366667,,63.7434,books-oracle2=10
q080,a doctor confronting the limits of medicine,Tail,CrossStripe,Conceptual,Keyword,naive-score,0.9669306681330991,0.7,0.5384615384615384,0.6,0.7721609219197159,0.3476884104350414,1,2,0.0007,,59.8489,books-genre-a=7 | books-genre-b=3
q080,a doctor confronting the limits of medicine,Tail,CrossStripe,Conceptual,Keyword,interleave,0.8797879003174649,0.8,0.6666666666666666,0.4666666666666667,0.5721535954617973,0.40063300798924223,1,2,0.0007,,59.8384,books-genre-a=5 | books-genre-b=5
q080,a doctor confronting the limits of medicine,Tail,CrossStripe,Conceptual,Keyword,quota-merge,0.964113771135855,0.8,0.6666666666666666,0.5555555555555556,0.7330310720435457,0.4786840819763479,1,2,0.0007,,59.830099999999995,books-genre-a=5 | books-genre-b=5
q080,a doctor confronting the limits of medicine,Tail,CrossStripe,Conceptual,Keyword,global-rrf,0.964113771135855,0.8,0.6666666666666666,0.5555555555555556,0.7330310720435457,0.4786840819763479,1,2,0.0007,,59.8469,books-genre-a=5 | books-genre-b=5
q080,a doctor confronting the limits of medicine,Tail,CrossStripe,Conceptual,Keyword,minmax-norm,0.9539582109187984,0.7,0.5384615384615384,0.4222222222222222,0.6837936424847298,0.3405551747902105,1,2,0.0007,,59.8767,books-genre-a=7 | books-genre-b=3
q080,a doctor confronting the limits of medicine,Tail,CrossStripe,Conceptual,Keyword,zscore-norm,0.9875100155187619,0.8,0.6666666666666666,0.5555555555555556,0.847199440370577,0.4183298579658856,1,2,0.0007,,59.8726,books-genre-a=6 | books-genre-b=4
q080,a doctor confronting the limits of medicine,Tail,CrossStripe,Conceptual,Keyword,idf-correct-probe,0.9907738140069943,0.9,0.8181818181818182,0.8666666666666667,0.9493497809579967,0.5214063181320829,1,10,0.0023,,413.742,books-genre-a=4 | books-genre-b=6
q080,a doctor confronting the limits of medicine,Tail,CrossStripe,Conceptual,Keyword,idf-correct-sidecar,0.9907738140069943,0.9,0.8181818181818182,0.8666666666666667,0.9493497809579967,0.5214063181320829,1,2,0.0007,,59.8912,books-genre-a=4 | books-genre-b=6
q080,a doctor confronting the limits of medicine,Tail,CrossStripe,Conceptual,Keyword,global-bm25,0.5243687205397447,0.3,0.17647058823529413,0.35714285714285715,0.1807305416010118,0.40699665908697363,0.9,2,0.0007,,61.4002,books-genre-a=5 | books-genre-b=5
q080,a doctor confronting the limits of medicine,Tail,CrossStripe,Conceptual,Keyword,local-bm25,0.515563730451325,0.3,0.17647058823529413,0.42857142857142855,0.1690742188978605,0.3579241273440075,0.9,2,0.0007,,61.2322,books-genre-a=5 | books-genre-b=5
q081,immortality and the cost of living forever,Tail,CrossStripe,Conceptual,Keyword,single-index,1,1,1,1,1,0.467288999132569,1,1,0.0004,,62.373,books-oracle2=10
q081,immortality and the cost of living forever,Tail,CrossStripe,Conceptual,Keyword,single-index-rescored,0.6744726999090589,0.4,0.25,0.7333333333333333,0.444389707823116,0.616021071307407,1,1,0.0004,,62.373,books-oracle2=10
q081,immortality and the cost of living forever,Tail,CrossStripe,Conceptual,Keyword,naive-score,0.9893118135096269,0.8,0.6666666666666666,0.8222222222222222,0.9117960960412016,0.4365566597070364,1,2,0.0004,,58.5681,books-genre-a=5 | books-genre-b=5
q081,immortality and the cost of living forever,Tail,CrossStripe,Conceptual,Keyword,interleave,0.9800870625419567,0.8,0.6666666666666666,0.6888888888888889,0.8275957511172288,0.4286696423788795,1,2,0.0004,,58.5578,books-genre-a=5 | books-genre-b=5
q081,immortality and the cost of living forever,Tail,CrossStripe,Conceptual,Keyword,quota-merge,0.9036139416334611,0.8,0.6666666666666666,0.5111111111111111,0.6465715439374414,0.49356359121452165,1,2,0.0004,,58.5497,books-genre-a=5 | books-genre-b=5
q081,immortality and the cost of living forever,Tail,CrossStripe,Conceptual,Keyword,global-rrf,0.9036139416334611,0.8,0.6666666666666666,0.5111111111111111,0.6465715439374414,0.49356359121452165,1,2,0.0004,,58.566,books-genre-a=5 | books-genre-b=5
q081,immortality and the cost of living forever,Tail,CrossStripe,Conceptual,Keyword,minmax-norm,0.9021123833262791,0.8,0.6666666666666666,0.4222222222222222,0.6222821418601802,0.4895905862763075,1,2,0.0004,,58.593,books-genre-a=5 | books-genre-b=5
q081,immortality and the cost of living forever,Tail,CrossStripe,Conceptual,Keyword,zscore-norm,0.9760773199605688,0.8,0.6666666666666666,0.4666666666666667,0.7758161351389432,0.41996545276957126,1,2,0.0004,,58.6002,books-genre-a=5 | books-genre-b=5
q081,immortality and the cost of living forever,Tail,CrossStripe,Conceptual,Keyword,idf-correct-probe,0.9918513795482129,0.9,0.8181818181818182,0.8222222222222222,0.9227810001661295,0.4716961755647202,1,8,0.0015499989999999998,,321.1039,books-genre-a=8 | books-genre-b=2
q081,immortality and the cost of living forever,Tail,CrossStripe,Conceptual,Keyword,idf-correct-sidecar,0.9912980135935981,0.9,0.8181818181818182,0.7777777777777778,0.9111246774629783,0.47225798987366063,1,2,0.0004,,58.6147,books-genre-a=8 | books-genre-b=2
q081,immortality and the cost of living forever,Tail,CrossStripe,Conceptual,Keyword,global-bm25,0.6897249731310916,0.5,0.3333333333333333,0.6444444444444445,0.4576814126015194,0.6444157385021452,1,2,0.0004,,60.027300000000004,books-genre-a=7 | books-genre-b=3
q081,immortality and the cost of living forever,Tail,CrossStripe,Conceptual,Keyword,local-bm25,0.6528599215112805,0.4,0.25,0.7222222222222222,0.444389707823116,0.6469059243897848,1,2,0.0004,,59.938700000000004,books-genre-a=6 | books-genre-b=4
q082,twins separated at birth,Tail,CrossStripe,Lexical,Keyword,single-index,1,1,1,1,1,0.32087933589191214,1,1,0.000316667,,63.3101,books-oracle2=10
q082,twins separated at birth,Tail,CrossStripe,Lexical,Keyword,single-index-rescored,0.5261202406722196,0.3,0.17647058823529413,0.3333333333333333,0.13744133351761412,0.5128557216222931,1,1,0.000316667,,63.3101,books-oracle2=10
q082,twins separated at birth,Tail,CrossStripe,Lexical,Keyword,naive-score,0.9902956548492533,0.9,0.8181818181818182,0.7333333333333333,0.8820157682147074,0.46014211528650417,1,2,0.00045,,83.8965,books-genre-a=6 | books-genre-b=4
q082,twins separated at birth,Tail,CrossStripe,Lexical,Keyword,interleave,0.9576543480855403,0.9,0.8181818181818182,0.4222222222222222,0.6929057208053453,0.488127269429036,1,2,0.00045,,83.89829999999999,books-genre-a=5 | books-genre-b=5
q082,twins separated at birth,Tail,CrossStripe,Lexical,Keyword,quota-merge,0.8571404341938207,0.9,0.8181818181818182,0.28888888888888886,0.5203719215204458,0.5920022166856544,1,2,0.00045,,83.8787,books-genre-a=5 | books-genre-b=5
q082,twins separated at birth,Tail,CrossStripe,Lexical,Keyword,global-rrf,0.8571404341938207,0.9,0.8181818181818182,0.28888888888888886,0.5203719215204458,0.5920022166856544,1,2,0.00045,,83.9131,books-genre-a=5 | books-genre-b=5
q082,twins separated at birth,Tail,CrossStripe,Lexical,Keyword,minmax-norm,0.8760581893856966,0.9,0.8181818181818182,0.6444444444444445,0.659391477960501,0.6051614072390783,1,2,0.00045,,83.9219,books-genre-a=6 | books-genre-b=4
q082,twins separated at birth,Tail,CrossStripe,Lexical,Keyword,zscore-norm,0.8721335362928924,0.9,0.8181818181818182,0.4222222222222222,0.6032990225820494,0.6023560064589024,1,2,0.00045,,83.9168,books-genre-a=6 | books-genre-b=4
q082,twins separated at birth,Tail,CrossStripe,Lexical,Keyword,idf-correct-probe,0.9965853911466381,0.9,0.8181818181818182,0.8666666666666667,0.930144069087801,0.4226735110044813,1,8,0.0016833339999999999,,377.8021,books-genre-a=6 | books-genre-b=4
q082,twins separated at birth,Tail,CrossStripe,Lexical,Keyword,idf-correct-sidecar,0.9965853911466381,0.9,0.8181818181818182,0.8666666666666667,0.930144069087801,0.4226735110044813,1,2,0.00045,,83.9283,books-genre-a=6 | books-genre-b=4
q082,twins separated at birth,Tail,CrossStripe,Lexical,Keyword,global-bm25,0.5261202406722196,0.3,0.17647058823529413,0.3333333333333333,0.13744133351761412,0.5128557216222931,1,2,0.00045,,85.3349,books-genre-a=6 | books-genre-b=4
q082,twins separated at birth,Tail,CrossStripe,Lexical,Keyword,local-bm25,0.492628528561955,0.2,0.1111111111111111,0.5555555555555556,0.13149311204219602,0.5128557216222931,1,2,0.00045,,85.2792,books-genre-a=7 | books-genre-b=3
q083,a letter that arrives decades too late,Tail,CrossStripe,Conceptual,Keyword,single-index,1,1,1,1,1,0.1552491585936914,1,1,0.000366667,,63.608,books-oracle2=10
q083,a letter that arrives decades too late,Tail,CrossStripe,Conceptual,Keyword,single-index-rescored,0.7782248704570442,0.3,0.17647058823529413,0.6,0.45329941793537204,0.2228425524221368,1,1,0.000366667,,63.608,books-oracle2=10
q083,a letter that arrives decades too late,Tail,CrossStripe,Conceptual,Keyword,naive-score,0.9599294500780013,0.7,0.5384615384615384,0.6444444444444445,0.7556380844879989,0.14663291887963273,1,2,0.000666666,,60.363600000000005,books-genre-a=6 | books-genre-b=4
q083,a letter that arrives decades too late,Tail,CrossStripe,Conceptual,Keyword,interleave,0.8482709090778379,0.7,0.5384615384615384,0.3333333333333333,0.4656085109011561,0.1681829551566249,1,2,0.000666666,,60.348800000000004,books-genre-a=5 | books-genre-b=5
q083,a letter that arrives decades too late,Tail,CrossStripe,Conceptual,Keyword,quota-merge,0.8499550975021309,0.7,0.5384615384615384,0.4222222222222222,0.48460831690729267,0.1710096169341507,1,2,0.000666666,,60.3416,books-genre-a=5 | books-genre-b=5
q083,a letter that arrives decades too late,Tail,CrossStripe,Conceptual,Keyword,global-rrf,0.8499550975021309,0.7,0.5384615384615384,0.4222222222222222,0.48460831690729267,0.1710096169341507,1,2,0.000666666,,60.368700000000004,books-genre-a=5 | books-genre-b=5
q083,a letter that arrives decades too late,Tail,CrossStripe,Conceptual,Keyword,minmax-norm,0.8632888168135165,0.7,0.5384615384615384,0.5555555555555556,0.6021040912092359,0.17299839118549087,1,2,0.000666666,,60.391200000000005,books-genre-a=6 | books-genre-b=4
q083,a letter that arrives decades too late,Tail,CrossStripe,Conceptual,Keyword,zscore-norm,0.8601294714437794,0.7,0.5384615384615384,0.4666666666666667,0.5668473126626673,0.16735412635762525,1,2,0.000666666,,60.3853,books-genre-a=6 | books-genre-b=4
q083,a letter that arrives decades too late,Tail,CrossStripe,Conceptual,Keyword,idf-correct-probe,0.9825276138032971,0.8,0.6666666666666666,0.7333333333333333,0.8548883751584397,0.1671282504637776,1,12,0.002799999,,501.6897,books-genre-a=4 | books-genre-b=6
q083,a letter that arrives decades too late,Tail,CrossStripe,Conceptual,Keyword,idf-correct-sidecar,0.9825276138032971,0.8,0.6666666666666666,0.7333333333333333,0.8548883751584397,0.1671282504637776,1,2,0.000666666,,60.4125,books-genre-a=4 | books-genre-b=6
q083,a letter that arrives decades too late,Tail,CrossStripe,Conceptual,Keyword,global-bm25,0.7483259398446919,0.3,0.17647058823529413,0.7222222222222222,0.45329941793537204,0.2228425524221368,1,2,0.000666666,,61.834,books-genre-a=5 | books-genre-b=5
q083,a letter that arrives decades too late,Tail,CrossStripe,Conceptual,Keyword,local-bm25,0.7546214090377877,0.3,0.17647058823529413,0.6111111111111112,0.45329941793537204,0.20883663127328778,1,2,0.000666666,,61.702400000000004,books-genre-a=7 | books-genre-b=3
q084,music and the people who devote their lives to it,Torso,CrossStripe,Conceptual,Keyword,single-index,1,1,1,1,1,0.3311964280203346,1,1,0.000433333,,65.4635,books-oracle2=10
q084,music and the people who devote their lives to it,Torso,CrossStripe,Conceptual,Keyword,single-index-rescored,0.43038515098447905,0.2,0.1111111111111111,-0.4666666666666667,0.040075603085704466,0.4624789325052432,1,1,0.000433333,,65.4635,books-oracle2=10
q084,music and the people who devote their lives to it,Torso,CrossStripe,Conceptual,Keyword,naive-score,0.7704878810034179,0.7,0.5384615384615384,0.06666666666666667,0.2783343343175405,0.1599277718428565,1,2,0.0008,,84.2105,books-genre-a=5 | books-genre-b=5
q084,music and the people who devote their lives to it,Torso,CrossStripe,Conceptual,Keyword,interleave,0.8196320173514458,0.7,0.5384615384615384,0.28888888888888886,0.41135192634845064,0.1596578904849966,1,2,0.0008,,84.1956,books-genre-a=5 | books-genre-b=5
q084,music and the people who devote their lives to it,Torso,CrossStripe,Conceptual,Keyword,quota-merge,0.9239660378284495,0.7,0.5384615384615384,0.37777777777777777,0.585032650225253,0.1625485399119733,1,2,0.0008,,84.1869,books-genre-a=5 | books-genre-b=5
q084,music and the people who devote their lives to it,Torso,CrossStripe,Conceptual,Keyword,global-rrf,0.9239660378284495,0.7,0.5384615384615384,0.37777777777777777,0.585032650225253,0.1625485399119733,1,2,0.0008,,84.2028,books-genre-a=5 | books-genre-b=5
q084,music and the people who devote their lives to it,Torso,CrossStripe,Conceptual,Keyword,minmax-norm,0.9465072510344426,0.8,0.6666666666666666,0.3333333333333333,0.6404674794227659,0.21251983053670379,1,2,0.0008,,84.2323,books-genre-a=4 | books-genre-b=6
q084,music and the people who devote their lives to it,Torso,CrossStripe,Conceptual,Keyword,zscore-norm,0.8411459517938138,0.8,0.6666666666666666,0.15555555555555556,0.4509877613635907,0.21163414407910852,1,2,0.0008,,84.2297,books-genre-a=4 | books-genre-b=6
q084,music and the people who devote their lives to it,Torso,CrossStripe,Conceptual,Keyword,idf-correct-probe,0.9897484036649165,0.9,0.8181818181818182,0.9555555555555556,0.9658726183897135,0.25866256788352104,1,8,0.002033333,,376.87980000000005,books-genre-a=3 | books-genre-b=7
q084,music and the people who devote their lives to it,Torso,CrossStripe,Conceptual,Keyword,idf-correct-sidecar,0.9766551725986318,0.8,0.6666666666666666,0.7777777777777778,0.8478883866044207,0.23631542254702176,1,2,0.0008,,84.2467,books-genre-a=4 | books-genre-b=6
q084,music and the people who devote their lives to it,Torso,CrossStripe,Conceptual,Keyword,global-bm25,0.4172028906103901,0.2,0.1111111111111111,-0.3333333333333333,0.05518565103423391,0.2956055020394004,1,2,0.0008,,85.7795,books-genre-a=4 | books-genre-b=6
q084,music and the people who devote their lives to it,Torso,CrossStripe,Conceptual,Keyword,local-bm25,0.3654412335250684,0.2,0.1111111111111111,-0.21428571428571427,0.019239926253821527,0.2604810847462201,1,2,0.0008,,85.6028,books-genre-a=5 | books-genre-b=5
q085,a trial that divides a town,Torso,CrossStripe,Conceptual,Keyword,single-index,1,1,1,1,1,0.1601766584003884,1,1,0.000366667,,64.0519,books-oracle2=10
q085,a trial that divides a town,Torso,CrossStripe,Conceptual,Keyword,single-index-rescored,0.4573637997818025,0.1,0.05263157894736842,0.2,0.06938416015685508,0.6490508458800123,1,1,0.000366667,,64.0519,books-oracle2=10
q085,a trial that divides a town,Torso,CrossStripe,Conceptual,Keyword,naive-score,0.999872026239713,1,1,0.9555555555555556,0.9883436772968487,0.15905302978250757,1,2,0.00065,,58.8564,books-genre-a=6 | books-genre-b=4
q085,a trial that divides a town,Torso,CrossStripe,Conceptual,Keyword,interleave,0.9889850889142798,0.9,0.8181818181818182,0.7777777777777778,0.8536907031906863,0.2075239077844109,1,2,0.00065,,58.8436,books-genre-a=5 | books-genre-b=5
q085,a trial that divides a town,Torso,CrossStripe,Conceptual,Keyword,quota-merge,0.988504215797905,0.9,0.8181818181818182,0.7333333333333333,0.842034380487535,0.20583846485758972,1,2,0.00065,,58.8354,books-genre-a=5 | books-genre-b=5
q085,a trial that divides a town,Torso,CrossStripe,Conceptual,Keyword,global-rrf,0.988504215797905,0.9,0.8181818181818182,0.7333333333333333,0.842034380487535,0.20583846485758972,1,2,0.00065,,58.853100000000005,books-genre-a=5 | books-genre-b=5
q085,a trial that divides a town,Torso,CrossStripe,Conceptual,Keyword,minmax-norm,0.9875699086003582,0.9,0.8181818181818182,0.7333333333333333,0.8335439725926471,0.2075239077844109,1,2,0.00065,,58.9534,books-genre-a=5 | books-genre-b=5
q085,a trial that divides a town,Torso,CrossStripe,Conceptual,Keyword,zscore-norm,0.9128632506435432,0.9,0.8181818181818182,0.6,0.6610101733077476,0.20734328500355395,1,2,0.00065,,58.8782,books-genre-a=5 | books-genre-b=5
q085,a trial that divides a town,Torso,CrossStripe,Conceptual,Keyword,idf-correct-probe,0.9924160788794163,0.9,0.8181818181818182,0.7777777777777778,0.8801798973889609,0.16940160862401873,1,6,0.00145,,235.7747,books-genre-a=7 | books-genre-b=3
q085,a trial that divides a town,Torso,CrossStripe,Conceptual,Keyword,idf-correct-sidecar,0.999872026239713,1,1,0.9555555555555556,0.9883436772968487,0.15905302978250757,1,2,0.00065,,58.8894,books-genre-a=6 | books-genre-b=4
q085,a trial that divides a town,Torso,CrossStripe,Conceptual,Keyword,global-bm25,0.5647549886704784,0.2,0.1111111111111111,0.06666666666666667,0.11065743521031306,0.7135123208549597,1,2,0.00065,,60.2147,books-genre-a=5 | books-genre-b=5
q085,a trial that divides a town,Torso,CrossStripe,Conceptual,Keyword,local-bm25,0.4657316367665972,0.1,0.05263157894736842,0.37777777777777777,0.09736573043190963,0.7229772099198725,1,2,0.00065,,60.1398,books-genre-a=4 | books-genre-b=6
q086,forbidden love across a social divide,Torso,CrossStripe,Conceptual,Keyword,single-index,1,1,1,1,1,0.27705943918221815,0.9,1,0.000416667,,63.6179,books-oracle2=10
q086,forbidden love across a social divide,Torso,CrossStripe,Conceptual,Keyword,single-index-rescored,0.6705595540222024,0.4,0.25,-0.2,0.28556691553398794,0.48728302659137124,0.9,1,0.000416667,,63.6179,books-oracle2=10
q086,forbidden love across a social divide,Torso,CrossStripe,Conceptual,Keyword,naive-score,0.9622089730683614,0.7,0.5384615384615384,0.5555555555555556,0.787340085827331,0.3374559731117584,0.9,2,0.001016667,,60.508,books-genre-a=3 | books-genre-b=7
q086,forbidden love across a social divide,Torso,CrossStripe,Conceptual,Keyword,interleave,0.8561517147661302,0.5,0.3333333333333333,0.5111111111111111,0.605386812166015,0.29762319940564763,0.9,2,0.001016667,,60.496700000000004,books-genre-a=5 | books-genre-b=5
q086,forbidden love across a social divide,Torso,CrossStripe,Conceptual,Keyword,quota-merge,0.9250481796938899,0.5,0.3333333333333333,0.5555555555555556,0.7174666272595118,0.2872102508015737,0.9,2,0.001016667,,60.4885,books-genre-a=5 | books-genre-b=5
q086,forbidden love across a social divide,Torso,CrossStripe,Conceptual,Keyword,global-rrf,0.9250481796938899,0.5,0.3333333333333333,0.5555555555555556,0.7174666272595118,0.2872102508015737,0.9,2,0.001016667,,60.5068,books-genre-a=5 | books-genre-b=5
q086,forbidden love across a social divide,Torso,CrossStripe,Conceptual,Keyword,minmax-norm,0.9330818007869085,0.5,0.3333333333333333,0.8222222222222222,0.7589208054447777,0.29702857907490354,0.9,2,0.001016667,,60.586800000000004,books-genre-a=5 | books-genre-b=5
q086,forbidden love across a social divide,Torso,CrossStripe,Conceptual,Keyword,zscore-norm,0.9433488190772973,0.6,0.42857142857142855,0.7777777777777778,0.7813918643519129,0.3374559731117584,0.9,2,0.001016667,,60.5328,books-genre-a=4 | books-genre-b=6
q086,forbidden love across a social divide,Torso,CrossStripe,Conceptual,Keyword,idf-correct-probe,0.9433488190772973,0.6,0.42857142857142855,0.7777777777777778,0.7813918643519129,0.3374559731117584,0.9,6,0.0018166669999999999,,233.38559999999998,books-genre-a=4 | books-genre-b=6
q086,forbidden love across a social divide,Torso,CrossStripe,Conceptual,Keyword,idf-correct-sidecar,0.9703521593241163,0.8,0.6666666666666666,0.5111111111111111,0.8006317906057344,0.31852619498193296,0.9,2,0.001016667,,60.5681,books-genre-a=2 | books-genre-b=8
q086,forbidden love across a social divide,Torso,CrossStripe,Conceptual,Keyword,global-bm25,0.6105106605421218,0.4,0.25,-0.35714285714285715,0.269044078102271,0.5069652147941788,0.9,2,0.001016667,,61.9369,books-genre-a=4 | books-genre-b=6
q086,forbidden love across a social divide,Torso,CrossStripe,Conceptual,Keyword,local-bm25,0.5973082279609245,0.3,0.17647058823529413,-0.3888888888888889,0.26309585662685286,0.6156518517142254,0.9,2,0.001016667,,61.9291,books-genre-a=2 | books-genre-b=8
q087,an old man looking back on his life,Torso,CrossStripe,Conceptual,Keyword,single-index,1,1,1,1,1,0.06455212013799182,1,1,0.000433333,,106.4701,books-oracle2=10
q087,an old man looking back on his life,Torso,CrossStripe,Conceptual,Keyword,single-index-rescored,0.5895092946007584,0.3,0.17647058823529413,-0.1111111111111111,0.10514692384239357,0.009918745990968182,1,1,0.000433333,,106.4701,books-oracle2=10
q087,an old man looking back on his life,Torso,CrossStripe,Conceptual,Keyword,naive-score,0.9646680325927465,0.9,0.8181818181818182,0.6444444444444445,0.8200713646824357,0.07084841720999234,1,2,0.000633334,,67.9765,books-genre-a=6 | books-genre-b=4
q087,an old man looking back on his life,Torso,CrossStripe,Conceptual,Keyword,interleave,0.8741157954439251,0.8,0.6666666666666666,0.5555555555555556,0.6289562645480081,0.13601845978282134,1,2,0.000633334,,67.9676,books-genre-a=5 | books-genre-b=5
q087,an old man looking back on his life,Torso,CrossStripe,Conceptual,Keyword,quota-merge,0.9623611196276439,0.8,0.6666666666666666,0.6444444444444445,0.7708339351236196,0.13754382390075395,1,2,0.000633334,,67.95949999999999,books-genre-a=5 | books-genre-b=5
q087,an old man looking back on his life,Torso,CrossStripe,Conceptual,Keyword,global-rrf,0.9623611196276439,0.8,0.6666666666666666,0.6444444444444445,0.7708339351236196,0.13754382390075395,1,2,0.000633334,,67.9751,books-genre-a=5 | books-genre-b=5
q087,an old man looking back on his life,Torso,CrossStripe,Conceptual,Keyword,minmax-norm,0.9417303537347743,0.7,0.5384615384615384,0.6,0.7318674607236374,0.0512791728816621,1,2,0.000633334,,68.0046,books-genre-a=8 | books-genre-b=2
q087,an old man looking back on his life,Torso,CrossStripe,Conceptual,Keyword,zscore-norm,0.964457905188994,0.9,0.8181818181818182,0.5555555555555556,0.8035485272507187,0.07167847917253886,1,2,0.000633334,,68.002,books-genre-a=6 | books-genre-b=4
q087,an old man looking back on his life,Torso,CrossStripe,Conceptual,Keyword,idf-correct-probe,0.9417303537347743,0.7,0.5384615384615384,0.6,0.7318674607236374,0.0512791728816621,1,10,0.0022,,411.2927,books-genre-a=8 | books-genre-b=2
q087,an old man looking back on his life,Torso,CrossStripe,Conceptual,Keyword,idf-correct-sidecar,0.9643531596252752,0.9,0.8181818181818182,0.5555555555555556,0.7992356878505528,0.0698327459749965,1,2,0.000633334,,68.0215,books-genre-a=6 | books-genre-b=4
q087,an old man looking back on his life,Torso,CrossStripe,Conceptual,Keyword,global-bm25,0.5895092946007584,0.3,0.17647058823529413,-0.1111111111111111,0.10514692384239357,0.009918745990968182,1,2,0.000633334,,69.4018,books-genre-a=6 | books-genre-b=4
q087,an old man looking back on his life,Torso,CrossStripe,Conceptual,Keyword,local-bm25,0.5904987027021343,0.3,0.17647058823529413,-0.15555555555555556,0.10514692384239357,0.009918745990968182,1,2,0.000633334,,69.3972,books-genre-a=6 | books-genre-b=4
q088,letters and diaries as a way of telling a story,Tail,CrossStripe,Conceptual,Keyword,single-index,1,1,1,1,1,0.9603250160361273,1,1,0.0004,,64.9637,books-oracle2=10
q088,letters and diaries as a way of telling a story,Tail,CrossStripe,Conceptual,Keyword,single-index-rescored,0.3761928862381576,0.1,0.05263157894736842,-0.15555555555555556,0.013291704778403425,0.49306686614494805,1,1,0.0004,,64.9637,books-oracle2=10
q088,letters and diaries as a way of telling a story,Tail,CrossStripe,Conceptual,Keyword,naive-score,0.9571943775189308,0.8,0.6666666666666666,0.5555555555555556,0.7905807316025953,0.933745776545611,1,2,0.000583333,,61.709,books-genre-a=7 | books-genre-b=3
q088,letters and diaries as a way of telling a story,Tail,CrossStripe,Conceptual,Keyword,interleave,0.8480149133103293,0.9,0.8181818181818182,0.28888888888888886,0.5324504846385413,0.9305687780632227,1,2,0.000583333,,61.697900000000004,books-genre-a=5 | books-genre-b=5
q088,letters and diaries as a way of telling a story,Tail,CrossStripe,Conceptual,Keyword,quota-merge,0.9533383854560941,0.9,0.8181818181818182,0.37777777777777777,0.6859844779173043,0.9305687780632227,1,2,0.000583333,,61.690400000000004,books-genre-a=5 | books-genre-b=5
q088,letters and diaries as a way of telling a story,Tail,CrossStripe,Conceptual,Keyword,global-rrf,0.9533383854560941,0.9,0.8181818181818182,0.37777777777777777,0.6859844779173043,0.9305687780632227,1,2,0.000583333,,61.705400000000004,books-genre-a=5 | books-genre-b=5
q088,letters and diaries as a way of telling a story,Tail,CrossStripe,Conceptual,Keyword,minmax-norm,0.9316202047696426,0.8,0.6666666666666666,0.4666666666666667,0.6800362564418861,0.933745776545611,1,2,0.000583333,,61.7379,books-genre-a=7 | books-genre-b=3
q088,letters and diaries as a way of telling a story,Tail,CrossStripe,Conceptual,Keyword,zscore-norm,0.9571943775189308,0.8,0.6666666666666666,0.5555555555555556,0.7905807316025953,0.933745776545611,1,2,0.000583333,,61.7331,books-genre-a=7 | books-genre-b=3
q088,letters and diaries as a way of telling a story,Tail,CrossStripe,Conceptual,Keyword,idf-correct-probe,0.9787576362045881,0.9,0.8181818181818182,0.4222222222222222,0.7965289530780136,0.9305687780632227,1,10,0.0024000000000000002,,409.138,books-genre-a=5 | books-genre-b=5
q088,letters and diaries as a way of telling a story,Tail,CrossStripe,Conceptual,Keyword,idf-correct-sidecar,0.9571943775189308,0.8,0.6666666666666666,0.5555555555555556,0.7905807316025953,0.933745776545611,1,2,0.000583333,,61.7531,books-genre-a=7 | books-genre-b=3
q088,letters and diaries as a way of telling a story,Tail,CrossStripe,Conceptual,Keyword,global-bm25,0.49129749495560815,0.2,0.1111111111111111,-0.15555555555555556,0.0753323816322732,0.7183813100879092,1,2,0.000583333,,63.217,books-genre-a=4 | books-genre-b=6
q088,letters and diaries as a way of telling a story,Tail,CrossStripe,Conceptual,Keyword,local-bm25,0.4163911760532695,0.2,0.1111111111111111,-0.06666666666666667,0.0826758649352585,0.7215462541589663,1,2,0.000583333,,63.0867,books-genre-a=5 | books-genre-b=5
q089,the price of ambition,Torso,CrossStripe,Conceptual,Keyword,single-index,1,1,1,1,1,0.1114271858122178,1,1,0.00035,,61.2261,books-oracle2=10
q089,the price of ambition,Torso,CrossStripe,Conceptual,Keyword,single-index-rescored,0.5254950004976867,0.1,0.05263157894736842,-0.28888888888888886,0.005948221475418107,0.18544815828978922,0.9,1,0.00035,,61.2261,books-oracle2=10
q089,the price of ambition,Torso,CrossStripe,Conceptual,Keyword,naive-score,0.9920446866324779,0.8,0.6666666666666666,0.7777777777777778,0.9019473812973124,0.11592917878144814,1,2,0.00048333299999999996,,56.446400000000004,books-genre-a=4 | books-genre-b=6
q089,the price of ambition,Torso,CrossStripe,Conceptual,Keyword,interleave,0.9823480201780205,0.9,0.8181818181818182,0.37777777777777777,0.8142669901331043,0.08439114953218113,1,2,0.00048333299999999996,,56.412800000000004,books-genre-a=5 | books-genre-b=5
q089,the price of ambition,Torso,CrossStripe,Conceptual,Keyword,quota-merge,0.9873400008797111,0.9,0.8181818181818182,0.5111111111111111,0.8259233128362555,0.08663620283941041,1,2,0.00048333299999999996,,56.4041,books-genre-a=5 | books-genre-b=5
q089,the price of ambition,Torso,CrossStripe,Conceptual,Keyword,global-rrf,0.9873400008797111,0.9,0.8181818181818182,0.5111111111111111,0.8259233128362555,0.08663620283941041,1,2,0.00048333299999999996,,56.4206,books-genre-a=5 | books-genre-b=5
q089,the price of ambition,Torso,CrossStripe,Conceptual,Keyword,minmax-norm,0.9847790061542001,0.7,0.5384615384615384,0.8222222222222222,0.8886556765189092,0.11592917878144814,1,2,0.00048333299999999996,,56.5125,books-genre-a=3 | books-genre-b=7
q089,the price of ambition,Torso,CrossStripe,Conceptual,Keyword,zscore-norm,0.9954858762378,0.9,0.8181818181818182,0.7777777777777778,0.9093083922559181,0.10271715413426018,1,2,0.00048333299999999996,,56.4442,books-genre-a=5 | books-genre-b=5
q089,the price of ambition,Torso,CrossStripe,Conceptual,Keyword,idf-correct-probe,0.9219929047892544,0.6,0.42857142857142855,0.8666666666666667,0.7291734617647281,0.11592917878144814,1,6,0.001266666,,231.0691,books-genre-a=2 | books-genre-b=8
q089,the price of ambition,Torso,CrossStripe,Conceptual,Keyword,idf-correct-sidecar,0.9847790061542001,0.7,0.5384615384615384,0.8222222222222222,0.8886556765189092,0.11592917878144814,1,2,0.00048333299999999996,,56.4902,books-genre-a=3 | books-genre-b=7
q089,the price of ambition,Torso,CrossStripe,Conceptual,Keyword,global-bm25,0.5254950004976867,0.1,0.05263157894736842,-0.28888888888888886,0.005948221475418107,0.18544815828978922,0.9,2,0.00048333299999999996,,57.911300000000004,books-genre-a=4 | books-genre-b=6
q089,the price of ambition,Torso,CrossStripe,Conceptual,Keyword,local-bm25,0.4559170426137366,0.1,0.05263157894736842,-0.24444444444444444,0.005948221475418107,0.1961301852415082,0.9,2,0.00048333299999999996,,57.838100000000004,books-genre-a=3 | books-genre-b=7
q090,a con artist whose scheme goes wrong,Tail,CrossStripe,Conceptual,Keyword,single-index,1,1,1,1,1,0.35132405633725416,1,1,0.000766667,,93.6408,books-oracle2=10
q090,a con artist whose scheme goes wrong,Tail,CrossStripe,Conceptual,Keyword,single-index-rescored,0.5809350091765038,0.3,0.17647058823529413,-0.06666666666666667,0.13312849411744812,0.35264134552961635,1,1,0.000766667,,93.6408,books-oracle2=10
q090,a con artist whose scheme goes wrong,Tail,CrossStripe,Conceptual,Keyword,naive-score,0.9347398214381087,0.9,0.8181818181818182,0.7333333333333333,0.7770818465643821,0.3178465309199069,1,2,0.000533333,,62.1393,books-genre-a=5 | books-genre-b=5
q090,a con artist whose scheme goes wrong,Tail,CrossStripe,Conceptual,Keyword,interleave,0.8959883238943974,0.9,0.8181818181818182,0.6,0.6314099076854466,0.2815344768293673,1,2,0.000533333,,62.1295,books-genre-a=5 | books-genre-b=5
q090,a con artist whose scheme goes wrong,Tail,CrossStripe,Conceptual,Keyword,quota-merge,0.8536161407651798,0.9,0.8181818181818182,0.5555555555555556,0.6186066603903926,0.26387270642889554,1,2,0.000533333,,62.1209,books-genre-a=5 | books-genre-b=5
q090,a con artist whose scheme goes wrong,Tail,CrossStripe,Conceptual,Keyword,global-rrf,0.8536161407651798,0.9,0.8181818181818182,0.5555555555555556,0.6186066603903926,0.26387270642889554,1,2,0.000533333,,62.137699999999995,books-genre-a=5 | books-genre-b=5
q090,a con artist whose scheme goes wrong,Tail,CrossStripe,Conceptual,Keyword,minmax-norm,0.80417968442686,0.9,0.8181818181818182,0.5111111111111111,0.45311665444313415,0.23073156207912293,1,2,0.000533333,,62.1665,books-genre-a=3 | books-genre-b=7
q090,a con artist whose scheme goes wrong,Tail,CrossStripe,Conceptual,Keyword,zscore-norm,0.9318325961705086,0.9,0.8181818181818182,0.7777777777777778,0.7229537359124046,0.3001533571063051,1,2,0.000533333,,62.1648,books-genre-a=5 | books-genre-b=5
q090,a con artist whose scheme goes wrong,Tail,CrossStripe,Conceptual,Keyword,idf-correct-probe,0.8769759471887705,0.4,0.25,0.4666666666666667,0.6520060502343232,0.3821913250537724,1,14,0.002899999,,592.8772,books-genre-a=10
q090,a con artist whose scheme goes wrong,Tail,CrossStripe,Conceptual,Keyword,idf-correct-sidecar,0.8769759471887705,0.4,0.25,0.4666666666666667,0.6520060502343232,0.3821913250537724,1,2,0.000533333,,62.1849,books-genre-a=10
q090,a con artist whose scheme goes wrong,Tail,CrossStripe,Conceptual,Keyword,global-bm25,0.5676326057013935,0.3,0.17647058823529413,0.05555555555555555,0.15396417094933107,0.426553905332058,1,2,0.000533333,,63.6858,books-genre-a=9 | books-genre-b=1
q090,a con artist whose scheme goes wrong,Tail,CrossStripe,Conceptual,Keyword,local-bm25,0.5125178437281157,0.3,0.17647058823529413,0.14285714285714285,0.1807305416010118,0.4899644940468361,1,2,0.000533333,,64.5639,books-genre-a=7 | books-genre-b=3
q091,prison,Head,CrossStripe,Lexical,Keyword,single-index,1,1,1,1,1,0.7658051380782571,1,1,0.000283333,,61.8564,books-oracle2=10
q091,prison,Head,CrossStripe,Lexical,Keyword,single-index-rescored,0.763199722354503,0.8,0.6666666666666666,0.37777777777777777,0.35324569257032074,0.9458352203602566,1,1,0.000283333,,61.8564,books-oracle2=10
q091,prison,Head,CrossStripe,Lexical,Keyword,naive-score,0.9439135078053158,0.9,0.8181818181818182,0.8666666666666667,0.823994947814102,0.7193883824070996,1,2,0.000516667,,55.568799999999996,books-genre-a=7 | books-genre-b=3
q091,prison,Head,CrossStripe,Lexical,Keyword,interleave,0.9246091713498171,0.7,0.5384615384615384,0.7333333333333333,0.727355118594602,0.665555635694336,1,2,0.000516667,,55.5574,books-genre-a=5 | books-genre-b=5
q091,prison,Head,CrossStripe,Lexical,Keyword,quota-merge,0.9246130740829045,0.7,0.5384615384615384,0.6888888888888889,0.7370062434786774,0.648050859679085,1,2,0.000516667,,55.549299999999995,books-genre-a=5 | books-genre-b=5
q091,prison,Head,CrossStripe,Lexical,Keyword,global-rrf,0.9246130740829045,0.7,0.5384615384615384,0.6888888888888889,0.7370062434786774,0.648050859679085,1,2,0.000516667,,55.5725,books-genre-a=5 | books-genre-b=5
q091,prison,Head,CrossStripe,Lexical,Keyword,minmax-norm,0.8993289860149806,0.6,0.42857142857142855,0.4222222222222222,0.5963513049633701,0.5924581950128524,1,2,0.000516667,,55.5965,books-genre-a=4 | books-genre-b=6
q091,prison,Head,CrossStripe,Lexical,Keyword,zscore-norm,0.9273137078364104,0.7,0.5384615384615384,0.8666666666666667,0.7779886509085996,0.648050859679085,1,2,0.000516667,,55.5935,books-genre-a=5 | books-genre-b=5
q091,prison,Head,CrossStripe,Lexical,Keyword,idf-correct-probe,0.9439135078053158,0.9,0.8181818181818182,0.8666666666666667,0.823994947814102,0.7193883824070996,1,4,0.0009166669999999999,,143.0155,books-genre-a=7 | books-genre-b=3
q091,prison,Head,CrossStripe,Lexical,Keyword,idf-correct-sidecar,0.943222183941033,0.9,0.8181818181818182,0.9555555555555556,0.840517785245819,0.7193883824070996,1,2,0.000516667,,55.6124,books-genre-a=8 | books-genre-b=2
q091,prison,Head,CrossStripe,Lexical,Keyword,global-bm25,0.763199722354503,0.8,0.6666666666666666,0.37777777777777777,0.35324569257032074,0.9458352203602566,1,2,0.000516667,,57.012499999999996,books-genre-a=8 | books-genre-b=2
q091,prison,Head,CrossStripe,Lexical,Keyword,local-bm25,0.7760726012685017,0.8,0.6666666666666666,0.4666666666666667,0.430645595535999,0.9552009891550426,1,2,0.000516667,,56.9068,books-genre-a=8 | books-genre-b=2
q092,language and the way words shape thought,Tail,CrossStripe,Conceptual,Keyword,single-index,1,1,1,1,1,0.39848481749019854,1,1,0.0004,,64.0702,books-oracle2=10
q092,language and the way words shape thought,Tail,CrossStripe,Conceptual,Keyword,single-index-rescored,0.47812373930333685,0.3,0.17647058823529413,-0.1111111111111111,0.10945976324255953,0.4508605454298288,1,1,0.0004,,64.0702,books-oracle2=10
q092,language and the way words shape thought,Tail,CrossStripe,Conceptual,Keyword,naive-score,0.9762062678788416,0.8,0.6666666666666666,0.6444444444444445,0.8623777633505777,0.3960130964776228,1,2,0.00075,,61.0308,books-genre-a=5 | books-genre-b=5
q092,language and the way words shape thought,Tail,CrossStripe,Conceptual,Keyword,interleave,0.8666865866019293,0.8,0.6666666666666666,0.37777777777777777,0.5428275107350266,0.3139939611790896,1,2,0.00075,,61.019800000000004,books-genre-a=5 | books-genre-b=5
q092,language and the way words shape thought,Tail,CrossStripe,Conceptual,Keyword,quota-merge,0.9509065312149637,0.8,0.6666666666666666,0.4222222222222222,0.6963615040137894,0.4067364289055931,1,2,0.00075,,61.011700000000005,books-genre-a=5 | books-genre-b=5
q092,language and the way words shape thought,Tail,CrossStripe,Conceptual,Keyword,global-rrf,0.9509065312149637,0.8,0.6666666666666666,0.4222222222222222,0.6963615040137894,0.4067364289055931,1,2,0.00075,,61.0292,books-genre-a=5 | books-genre-b=5
q092,language and the way words shape thought,Tail,CrossStripe,Conceptual,Keyword,minmax-norm,0.9242367134192764,0.6,0.42857142857142855,0.5111111111111111,0.6734506770360897,0.4028269763699849,1,2,0.00075,,61.0578,books-genre-a=7 | books-genre-b=3
q092,language and the way words shape thought,Tail,CrossStripe,Conceptual,Keyword,zscore-norm,0.9590274588580782,0.7,0.5384615384615384,0.4222222222222222,0.7693248723188341,0.3965951395975957,1,2,0.00075,,61.0536,books-genre-a=6 | books-genre-b=4
q092,language and the way words shape thought,Tail,CrossStripe,Conceptual,Keyword,idf-correct-probe,0.9882233000857676,0.9,0.8181818181818182,0.7777777777777778,0.8946018400312614,0.41536761830818925,1,10,0.00255,,413.6942,books-genre-a=2 | books-genre-b=8
q092,language and the way words shape thought,Tail,CrossStripe,Conceptual,Keyword,idf-correct-sidecar,0.9882233000857676,0.9,0.8181818181818182,0.7777777777777778,0.8946018400312614,0.41536761830818925,1,2,0.00075,,61.071400000000004,books-genre-a=2 | books-genre-b=8
q092,language and the way words shape thought,Tail,CrossStripe,Conceptual,Keyword,global-bm25,0.47812373930333685,0.3,0.17647058823529413,-0.1111111111111111,0.10945976324255953,0.4508605454298288,1,2,0.00075,,62.6832,books-genre-a=4 | books-genre-b=6
q092,language and the way words shape thought,Tail,CrossStripe,Conceptual,Keyword,local-bm25,0.4245455611940576,0.2,0.1111111111111111,-0.4444444444444444,0.06252913433721924,0.5691283027803062,1,2,0.00075,,62.4134,books-genre-a=5 | books-genre-b=5
q093,a house that holds a family's history,Torso,CrossStripe,Conceptual,Keyword,single-index,1,1,1,1,1,0.6374258790526239,1,1,0.000416667,,63.5422,books-oracle2=10
q093,a house that holds a family's history,Torso,CrossStripe,Conceptual,Keyword,single-index-rescored,0.8355564052802177,0.5,0.3333333333333333,0.15555555555555556,0.5536314153526652,0.6014195362566531,1,1,0.000416667,,63.5422,books-oracle2=10
q093,a house that holds a family's history,Torso,CrossStripe,Conceptual,Keyword,naive-score,0.9700138896446927,0.8,0.6666666666666666,0.6888888888888889,0.8607403233122598,0.6685008196601768,1,2,0.000766666,,60.1225,books-genre-a=4 | books-genre-b=6
q093,a house that holds a family's history,Torso,CrossStripe,Conceptual,Keyword,interleave,0.7986150306850857,0.7,0.5384615384615384,0.2,0.4186954096514361,0.47130248810728104,1,2,0.000766666,,60.1058,books-genre-a=5 | books-genre-b=5
q093,a house that holds a family's history,Torso,CrossStripe,Conceptual,Keyword,quota-merge,0.9067668436457579,0.7,0.5384615384615384,0.3333333333333333,0.6040324562313895,0.5626475450483948,1,2,0.000766666,,60.0965,books-genre-a=5 | books-genre-b=5
q093,a house that holds a family's history,Torso,CrossStripe,Conceptual,Keyword,global-rrf,0.9067668436457579,0.7,0.5384615384615384,0.3333333333333333,0.6040324562313895,0.5626475450483948,1,2,0.000766666,,60.115,books-genre-a=5 | books-genre-b=5
q093,a house that holds a family's history,Torso,CrossStripe,Conceptual,Keyword,minmax-norm,0.8687670188524783,0.5,0.3333333333333333,0.4666666666666667,0.5287000745991163,0.44355931312283137,1,2,0.000766666,,60.1428,books-genre-a=7 | books-genre-b=3
q093,a house that holds a family's history,Torso,CrossStripe,Conceptual,Keyword,zscore-norm,0.9365594440223647,0.7,0.5384615384615384,0.6,0.7578661394754965,0.6188656028661397,1,2,0.000766666,,60.1388,books-genre-a=5 | books-genre-b=5
q093,a house that holds a family's history,Torso,CrossStripe,Conceptual,Keyword,idf-correct-probe,0.9937404584664921,0.9,0.8181818181818182,0.6888888888888889,0.8948677049225461,0.6679390053512364,1,4,0.001183333,,150.3071,books-genre-a=2 | books-genre-b=8
q093,a house that holds a family's history,Torso,CrossStripe,Conceptual,Keyword,idf-correct-sidecar,0.9894897293028719,0.8,0.6666666666666666,0.7777777777777778,0.9009988874928381,0.6588503213228147,1,2,0.000766666,,60.1582,books-genre-b=10
q093,a house that holds a family's history,Torso,CrossStripe,Conceptual,Keyword,global-bm25,0.8355564052802177,0.5,0.3333333333333333,0.15555555555555556,0.5536314153526652,0.6014195362566531,1,2,0.000766666,,61.638000000000005,books-genre-a=5 | books-genre-b=5
q093,a house that holds a family's history,Torso,CrossStripe,Conceptual,Keyword,local-bm25,0.6936031107318172,0.4,0.25,0.28888888888888886,0.3678050703617478,0.5493998950766154,1,2,0.000766666,,61.5321,books-genre-a=6 | books-genre-b=4
q094,surveillance and the loss of privacy,Torso,CrossStripe,Mixed,Keyword,single-index,1,1,1,1,1,0.4821116833040389,1,1,0.00035,,62.7111,books-oracle2=10
q094,surveillance and the loss of privacy,Torso,CrossStripe,Mixed,Keyword,single-index-rescored,0.8120389299371275,0.5,0.3333333333333333,0.24444444444444444,0.4841956668923449,0.8057479757512308,1,1,0.00035,,62.7111,books-oracle2=10
q094,surveillance and the loss of privacy,Torso,CrossStripe,Mixed,Keyword,naive-score,0.9328781824554147,0.5,0.3333333333333333,0.4666666666666667,0.7423979680130608,0.5135089207924552,1,2,0.00048333400000000003,,82.9113,books-genre-a=6 | books-genre-b=4
q094,surveillance and the loss of privacy,Torso,CrossStripe,Mixed,Keyword,interleave,0.8501096668023819,0.5,0.3333333333333333,0.5111111111111111,0.5547532798520173,0.37880891253244237,1,2,0.00048333400000000003,,82.89840000000001,books-genre-a=5 | books-genre-b=5
q094,surveillance and the loss of privacy,Torso,CrossStripe,Mixed,Keyword,quota-merge,0.8556739140899221,0.5,0.3333333333333333,0.5555555555555556,0.5962074580372833,0.37662926699251525,1,2,0.00048333400000000003,,82.8904,books-genre-a=5 | books-genre-b=5
q094,surveillance and the loss of privacy,Torso,CrossStripe,Mixed,Keyword,global-rrf,0.8556739140899221,0.5,0.3333333333333333,0.5555555555555556,0.5962074580372833,0.37662926699251525,1,2,0.00048333400000000003,,82.9064,books-genre-a=5 | books-genre-b=5
q094,surveillance and the loss of privacy,Torso,CrossStripe,Mixed,Keyword,minmax-norm,0.8586311695669161,0.5,0.3333333333333333,0.3333333333333333,0.588863974734298,0.4289141139272837,1,2,0.00048333400000000003,,82.9338,books-genre-a=6 | books-genre-b=4
q094,surveillance and the loss of privacy,Torso,CrossStripe,Mixed,Keyword,zscore-norm,0.9328781824554147,0.5,0.3333333333333333,0.4666666666666667,0.7423979680130608,0.5135089207924552,1,2,0.00048333400000000003,,82.92790000000001,books-genre-a=6 | books-genre-b=4
q094,surveillance and the loss of privacy,Torso,CrossStripe,Mixed,Keyword,idf-correct-probe,0.9328781824554147,0.5,0.3333333333333333,0.4666666666666667,0.7423979680130608,0.5135089207924552,1,8,0.0016499999999999998,,345.0503,books-genre-a=6 | books-genre-b=4
q094,surveillance and the loss of privacy,Torso,CrossStripe,Mixed,Keyword,idf-correct-sidecar,0.9328781824554147,0.5,0.3333333333333333,0.4666666666666667,0.7423979680130608,0.5135089207924552,1,2,0.00048333400000000003,,82.9407,books-genre-a=6 | books-genre-b=4
q094,surveillance and the loss of privacy,Torso,CrossStripe,Mixed,Keyword,global-bm25,0.8120389299371275,0.5,0.3333333333333333,0.24444444444444444,0.4841956668923449,0.8057479757512308,1,2,0.00048333400000000003,,84.4325,books-genre-a=8 | books-genre-b=2
q094,surveillance and the loss of privacy,Torso,CrossStripe,Mixed,Keyword,local-bm25,0.7918869249934685,0.4,0.25,-0.022222222222222223,0.442990666870358,0.6757765827540857,1,2,0.00048333400000000003,,84.24390000000001,books-genre-a=7 | books-genre-b=3
q095,sisters,Head,CrossStripe,Lexical,Keyword,single-index,1,1,1,1,1,0.8964467476188773,1,1,0.000316667,,62.6607,books-oracle2=10
q095,sisters,Head,CrossStripe,Lexical,Keyword,single-index-rescored,0.6099161306272353,0.5,0.3333333333333333,0.1111111111111111,0.13356620422494675,0.9371166382005486,1,1,0.000316667,,62.6607,books-oracle2=10
q095,sisters,Head,CrossStripe,Lexical,Keyword,naive-score,0.9983154911510037,1,1,0.9111111111111111,0.9518716991269062,0.8823980944266984,1,2,0.000566666,,55.0057,books-genre-a=5 | books-genre-b=5
q095,sisters,Head,CrossStripe,Lexical,Keyword,interleave,0.933037730143667,1,1,0.4222222222222222,0.6666812183297596,0.8949419274729131,1,2,0.000566666,,54.990899999999996,books-genre-a=5 | books-genre-b=5
q095,sisters,Head,CrossStripe,Lexical,Keyword,quota-merge,0.9349356847758631,1,1,0.5555555555555556,0.6856810243358961,0.8906654487649238,1,2,0.000566666,,55.0012,books-genre-a=5 | books-genre-b=5
q095,sisters,Head,CrossStripe,Lexical,Keyword,global-rrf,0.9349356847758631,1,1,0.5555555555555556,0.6856810243358961,0.8906654487649238,1,2,0.000566666,,54.9995,books-genre-a=5 | books-genre-b=5
q095,sisters,Head,CrossStripe,Lexical,Keyword,minmax-norm,0.9395627942911182,1,1,0.6,0.7363145566498938,0.8964467476188773,1,2,0.000566666,,55.0283,books-genre-a=5 | books-genre-b=5
q095,sisters,Head,CrossStripe,Lexical,Keyword,zscore-norm,0.9983154911510037,1,1,0.9111111111111111,0.9518716991269062,0.8823980944266984,1,2,0.000566666,,55.024499999999996,books-genre-a=5 | books-genre-b=5
q095,sisters,Head,CrossStripe,Lexical,Keyword,idf-correct-probe,0.8844719611877842,0.7,0.5384615384615384,0.8666666666666667,0.5610429381133359,0.9580777588003657,1,4,0.0009833329999999999,,170.90359999999998,books-genre-a=8 | books-genre-b=2
q095,sisters,Head,CrossStripe,Lexical,Keyword,idf-correct-sidecar,0.9983154911510037,1,1,0.9111111111111111,0.9518716991269062,0.8823980944266984,1,2,0.000566666,,55.0259,books-genre-a=5 | books-genre-b=5
q095,sisters,Head,CrossStripe,Lexical,Keyword,global-bm25,0.6099161306272353,0.5,0.3333333333333333,0.1111111111111111,0.13356620422494675,0.9371166382005486,1,2,0.000566666,,56.586999999999996,books-genre-a=8 | books-genre-b=2
q095,sisters,Head,CrossStripe,Lexical,Keyword,local-bm25,0.5935161082784959,0.5,0.3333333333333333,0.2,0.09830942567837801,0.9206500320722545,1,2,0.000566666,,56.3897,books-genre-a=8 | books-genre-b=2
q096,a mentor who turns out to be wrong about everything,Tail,CrossStripe,Conceptual,Keyword,single-index,1,1,1,1,1,0,1,1,0.000416667,,65.5622,books-oracle2=10
q096,a mentor who turns out to be wrong about everything,Tail,CrossStripe,Conceptual,Keyword,single-index-rescored,0.5548125159471319,0.3,0.17647058823529413,0.6,0.16123937922084522,0.04742231574433904,1,1,0.000416667,,65.5622,books-oracle2=10
q096,a mentor who turns out to be wrong about everything,Tail,CrossStripe,Conceptual,Keyword,naive-score,0.9845364096169265,0.9,0.8181818181818182,0.6888888888888889,0.8500668100243639,0.027416246928458808,1,2,0.000783333,,63.7632,books-genre-a=5 | books-genre-b=5
q096,a mentor who turns out to be wrong about everything,Tail,CrossStripe,Conceptual,Keyword,interleave,0.9091408147487344,0.9,0.8181818181818182,0.5555555555555556,0.6539325548960471,0.028551079005788658,1,2,0.000783333,,63.746,books-genre-a=5 | books-genre-b=5
q096,a mentor who turns out to be wrong about everything,Tail,CrossStripe,Conceptual,Keyword,quota-merge,0.9001558050663597,0.9,0.8181818181818182,0.4666666666666667,0.6124783767107809,0.028551079005788658,1,2,0.000783333,,63.737700000000004,books-genre-a=5 | books-genre-b=5
q096,a mentor who turns out to be wrong about everything,Tail,CrossStripe,Conceptual,Keyword,global-rrf,0.9001558050663597,0.9,0.8181818181818182,0.4666666666666667,0.6124783767107809,0.028551079005788658,1,2,0.000783333,,63.7543,books-genre-a=5 | books-genre-b=5
q096,a mentor who turns out to be wrong about everything,Tail,CrossStripe,Conceptual,Keyword,minmax-norm,0.9105812436126131,0.9,0.8181818181818182,0.6444444444444445,0.6814227687970715,0.027416246928458808,1,2,0.000783333,,63.7826,books-genre-a=5 | books-genre-b=5
q096,a mentor who turns out to be wrong about everything,Tail,CrossStripe,Conceptual,Keyword,zscore-norm,0.9890625497680542,1,1,0.6888888888888889,0.8560150314997821,0,1,2,0.000783333,,63.7783,books-genre-a=4 | books-genre-b=6
q096,a mentor who turns out to be wrong about everything,Tail,CrossStripe,Conceptual,Keyword,idf-correct-probe,0.8824913363328617,0.8,0.6666666666666666,0.6,0.6681310640186682,0.05596732593424747,1,8,0.0019666659999999997,,326.8808,books-genre-a=6 | books-genre-b=4
q096,a mentor who turns out to be wrong about everything,Tail,CrossStripe,Conceptual,Keyword,idf-correct-sidecar,0.8799841821123391,0.8,0.6666666666666666,0.4666666666666667,0.6399519038837999,0.060165956168681346,1,2,0.000783333,,63.801,books-genre-a=6 | books-genre-b=4
q096,a mentor who turns out to be wrong about everything,Tail,CrossStripe,Conceptual,Keyword,global-bm25,0.5548125159471319,0.3,0.17647058823529413,0.6,0.16123937922084522,0.04742231574433904,1,2,0.000783333,,65.3391,books-genre-a=9 | books-genre-b=1
q096,a mentor who turns out to be wrong about everything,Tail,CrossStripe,Conceptual,Keyword,local-bm25,0.5459083546037461,0.4,0.25,0.24444444444444444,0.1543843534012094,0.09653121191524808,1,2,0.000783333,,65.0987,books-genre-a=7 | books-genre-b=3
q097,winter cold and isolation in a remote place,Torso,CrossStripe,Conceptual,Keyword,single-index,1,1,1,1,1,0.7026971674032417,1,1,0.000366667,,64.4097,books-oracle2=10
q097,winter cold and isolation in a remote place,Torso,CrossStripe,Conceptual,Keyword,single-index-rescored,0.8358454327117837,0.5,0.3333333333333333,0.6888888888888889,0.5005209144642481,0.6632115384925763,1,1,0.000366667,,64.4097,books-oracle2=10
q097,winter cold and isolation in a remote place,Torso,CrossStripe,Conceptual,Keyword,naive-score,0.9910692713425484,0.9,0.8181818181818182,0.5555555555555556,0.8630646516213555,0.7676384534517315,1,2,0.000533333,,84.1016,books-genre-a=6 | books-genre-b=4
q097,winter cold and isolation in a remote place,Torso,CrossStripe,Conceptual,Keyword,interleave,0.9852140601243975,0.9,0.8181818181818182,0.6444444444444445,0.8408874558956322,0.6884064400887604,1,2,0.000533333,,84.0333,books-genre-a=5 | books-genre-b=5
q097,winter cold and isolation in a remote place,Torso,CrossStripe,Conceptual,Keyword,quota-merge,0.9844082275239792,0.9,0.8181818181818182,0.6,0.8335439725926471,0.6884064400887604,1,2,0.000533333,,84.02550000000001,books-genre-a=5 | books-genre-b=5
q097,winter cold and isolation in a remote place,Torso,CrossStripe,Conceptual,Keyword,global-rrf,0.9844082275239792,0.9,0.8181818181818182,0.6,0.8335439725926471,0.6884064400887604,1,2,0.000533333,,84.0418,books-genre-a=5 | books-genre-b=5
q097,winter cold and isolation in a remote place,Torso,CrossStripe,Conceptual,Keyword,minmax-norm,0.9108263227775584,0.6,0.42857142857142855,0.6444444444444445,0.5985560055113152,0.5623610392079142,1,2,0.000533333,,84.0712,books-genre-a=2 | books-genre-b=8
q097,winter cold and isolation in a remote place,Torso,CrossStripe,Conceptual,Keyword,zscore-norm,0.9472970212764277,0.8,0.6666666666666666,0.5111111111111111,0.6819208166804174,0.6726054252928654,1,2,0.000533333,,84.0672,books-genre-a=4 | books-genre-b=6
q097,winter cold and isolation in a remote place,Torso,CrossStripe,Conceptual,Keyword,idf-correct-probe,0.9949607568389192,0.9,0.8181818181818182,0.8222222222222222,0.9308134297029587,0.7755930792339353,1,8,0.0016999989999999998,,373.4469,books-genre-a=6 | books-genre-b=4
q097,winter cold and isolation in a remote place,Torso,CrossStripe,Conceptual,Keyword,idf-correct-sidecar,0.9949607568389192,0.9,0.8181818181818182,0.8222222222222222,0.9308134297029587,0.7755930792339353,1,2,0.000533333,,84.08500000000001,books-genre-a=6 | books-genre-b=4
q097,winter cold and isolation in a remote place,Torso,CrossStripe,Conceptual,Keyword,global-bm25,0.8358454327117837,0.5,0.3333333333333333,0.6888888888888889,0.5005209144642481,0.6632115384925763,1,2,0.000533333,,85.7418,books-genre-a=8 | books-genre-b=2
q097,winter cold and isolation in a remote place,Torso,CrossStripe,Conceptual,Keyword,local-bm25,0.6931486009014135,0.5,0.3333333333333333,0.6888888888888889,0.27789662421004185,0.699566274606263,1,2,0.000533333,,85.4348,books-genre-a=7 | books-genre-b=3
q098,money and what people will do for it,Torso,CrossStripe,Conceptual,Keyword,single-index,1,1,1,1,1,0.14238857480772674,0.9,1,0.0004,,63.0767,books-oracle2=10
q098,money and what people will do for it,Torso,CrossStripe,Conceptual,Keyword,single-index-rescored,0.48490988574242516,0.3,0.17647058823529413,0.2,0.06989014529582485,0.3826784437542745,0.9,1,0.0004,,63.0767,books-oracle2=10
q098,money and what people will do for it,Torso,CrossStripe,Conceptual,Keyword,naive-score,0.9678583268134162,0.8,0.6666666666666666,0.4666666666666667,0.7781091433951338,0.11726244797594682,0.9,2,0.000733334,,60.2338,books-genre-a=5 | books-genre-b=5
q098,money and what people will do for it,Torso,CrossStripe,Conceptual,Keyword,interleave,0.8752853049078453,0.8,0.6666666666666666,0.4666666666666667,0.6044284195183317,0.11811432587117644,0.9,2,0.000733334,,60.2224,books-genre-a=5 | books-genre-b=5
q098,money and what people will do for it,Torso,CrossStripe,Conceptual,Keyword,quota-merge,0.9659023969698108,0.8,0.6666666666666666,0.4666666666666667,0.7579624127970946,0.11736191579819434,0.9,2,0.000733334,,60.214600000000004,books-genre-a=5 | books-genre-b=5
q098,money and what people will do for it,Torso,CrossStripe,Conceptual,Keyword,global-rrf,0.9659023969698108,0.8,0.6666666666666666,0.4666666666666667,0.7579624127970946,0.11736191579819434,0.9,2,0.000733334,,60.230000000000004,books-genre-a=5 | books-genre-b=5
q098,money and what people will do for it,Torso,CrossStripe,Conceptual,Keyword,minmax-norm,0.9374523884541507,0.7,0.5384615384615384,0.28888888888888886,0.6736657945515239,0.13703827966434023,0.9,2,0.000733334,,60.2588,books-genre-a=6 | books-genre-b=4
q098,money and what people will do for it,Torso,CrossStripe,Conceptual,Keyword,zscore-norm,0.9678583268134162,0.8,0.6666666666666666,0.4666666666666667,0.7781091433951338,0.11726244797594682,0.9,2,0.000733334,,60.255700000000004,books-genre-a=5 | books-genre-b=5
q098,money and what people will do for it,Torso,CrossStripe,Conceptual,Keyword,idf-correct-probe,0.9860267631417826,0.8,0.6666666666666666,0.6888888888888889,0.8739658110222579,0.12804492272206672,0.9,6,0.001516667,,231.46779999999998,books-genre-a=5 | books-genre-b=5
q098,money and what people will do for it,Torso,CrossStripe,Conceptual,Keyword,idf-correct-sidecar,0.9714963487903254,0.8,0.6666666666666666,0.5111111111111111,0.7781091433951338,0.11726244797594682,0.9,2,0.000733334,,60.2691,books-genre-a=5 | books-genre-b=5
q098,money and what people will do for it,Torso,CrossStripe,Conceptual,Keyword,global-bm25,0.48503960310160177,0.3,0.17647058823529413,0.2,0.06989014529582485,0.3826784437542745,0.9,2,0.000733334,,61.790800000000004,books-genre-a=5 | books-genre-b=5
q098,money and what people will do for it,Torso,CrossStripe,Conceptual,Keyword,local-bm25,0.48682443807718273,0.3,0.17647058823529413,0.06666666666666667,0.06989014529582485,0.37502814454851435,0.9,2,0.000733334,,61.608200000000004,books-genre-a=4 | books-genre-b=6
q099,a rebellion against an unjust authority,Torso,CrossStripe,Conceptual,Keyword,single-index,1,1,1,1,1,0.6624795310311161,1,1,0.0004,,63.9904,books-oracle2=10
q099,a rebellion against an unjust authority,Torso,CrossStripe,Conceptual,Keyword,single-index-rescored,0.7207925527608193,0.4,0.25,0.7333333333333333,0.4933332742005201,0.6013704318393882,1,1,0.0004,,63.9904,books-oracle2=10
q099,a rebellion against an unjust authority,Torso,CrossStripe,Conceptual,Keyword,naive-score,0.9960595788720793,1,1,0.7777777777777778,0.9251053284752254,0.676528184223295,1,2,0.000416667,,58.7581,books-genre-a=5 | books-genre-b=5
q099,a rebellion against an unjust authority,Torso,CrossStripe,Conceptual,Keyword,interleave,0.990710869330845,1,1,0.6444444444444445,0.8763076669869742,0.6848705613465123,1,2,0.000416667,,58.7483,books-genre-a=5 | books-genre-b=5
q099,a rebellion against an unjust authority,Torso,CrossStripe,Conceptual,Keyword,quota-merge,0.9912491698640564,1,1,0.6888888888888889,0.8763076669869742,0.6848705613465123,1,2,0.000416667,,58.7399,books-genre-a=5 | books-genre-b=5
q099,a rebellion against an unjust authority,Torso,CrossStripe,Conceptual,Keyword,global-rrf,0.9912491698640564,1,1,0.6888888888888889,0.8763076669869742,0.6848705613465123,1,2,0.000416667,,58.7558,books-genre-a=5 | books-genre-b=5
q099,a rebellion against an unjust authority,Torso,CrossStripe,Conceptual,Keyword,minmax-norm,0.9928935925480762,0.9,0.8181818181818182,0.7777777777777778,0.9263030004429789,0.6789415268251429,1,2,0.000416667,,58.7846,books-genre-a=4 | books-genre-b=6
q099,a rebellion against an unjust authority,Torso,CrossStripe,Conceptual,Keyword,zscore-norm,0.9988410947089096,1,1,0.8666666666666667,0.9530868987502799,0.6725759843530541,1,2,0.000416667,,58.780699999999996,books-genre-a=5 | books-genre-b=5
q099,a rebellion against an unjust authority,Torso,CrossStripe,Conceptual,Keyword,idf-correct-probe,0.9963169128643664,1,1,0.7777777777777778,0.9251053284752254,0.6808433386912794,1,8,0.001749999,,316.3089,books-genre-a=5 | books-genre-b=5
q099,a rebellion against an unjust authority,Torso,CrossStripe,Conceptual,Keyword,idf-correct-sidecar,0.991170972284371,0.9,0.8181818181818182,0.7777777777777778,0.9191571069998073,0.6899320227197011,1,2,0.000416667,,58.8018,books-genre-a=4 | books-genre-b=6
q099,a rebellion against an unjust authority,Torso,CrossStripe,Conceptual,Keyword,global-bm25,0.7207925527608193,0.4,0.25,0.7333333333333333,0.4933332742005201,0.6013704318393882,1,2,0.000416667,,60.4325,books-genre-a=3 | books-genre-b=7
q099,a rebellion against an unjust authority,Torso,CrossStripe,Conceptual,Keyword,local-bm25,0.7100730971435657,0.4,0.25,0.7333333333333333,0.4653517039254655,0.5922182471317923,1,2,0.000416667,,60.1059,books-genre-a=2 | books-genre-b=8
q100,the moment everything changed,Torso,CrossStripe,Conceptual,Keyword,single-index,1,1,1,1,1,0.7917063341896681,1,1,0.00035,,62.808,books-oracle2=10
q100,the moment everything changed,Torso,CrossStripe,Conceptual,Keyword,single-index-rescored,0.48443177492386985,0.2,0.1111111111111111,0.4222222222222222,0.0753323816322732,0.38148029915855786,0.9,1,0.00035,,62.808,books-oracle2=10
q100,the moment everything changed,Torso,CrossStripe,Conceptual,Keyword,naive-score,0.9142619035926668,0.6,0.42857142857142855,0.6111111111111112,0.7480007380036016,0.7948833326720564,1,2,0.000633334,,56.5685,books-genre-a=4 | books-genre-b=6
q100,the moment everything changed,Torso,CrossStripe,Conceptual,Keyword,interleave,0.733763924086216,0.5,0.3333333333333333,0.3333333333333333,0.38293264596589754,0.7655934900767002,0.9,2,0.000633334,,56.558899999999994,books-genre-a=5 | books-genre-b=5
q100,the moment everything changed,Torso,CrossStripe,Conceptual,Keyword,quota-merge,0.737924192231893,0.5,0.3333333333333333,0.5,0.4147356992670882,0.7721596254947203,0.9,2,0.000633334,,56.548899999999996,books-genre-a=5 | books-genre-b=5
q100,the moment everything changed,Torso,CrossStripe,Conceptual,Keyword,global-rrf,0.737924192231893,0.5,0.3333333333333333,0.5,0.4147356992670882,0.7721596254947203,0.9,2,0.000633334,,56.565099999999994,books-genre-a=5 | books-genre-b=5
q100,the moment everything changed,Torso,CrossStripe,Conceptual,Keyword,minmax-norm,0.7532453997847828,0.5,0.3333333333333333,0.3888888888888889,0.4360431468543149,0.7542686714597936,0.9,2,0.000633334,,56.5918,books-genre-a=5 | books-genre-b=5
q100,the moment everything changed,Torso,CrossStripe,Conceptual,Keyword,zscore-norm,0.8585598670014483,0.5,0.3333333333333333,0.5,0.5895771401330777,0.756902106715231,0.9,2,0.000633334,,56.588699999999996,books-genre-a=5 | books-genre-b=5
q100,the moment everything changed,Torso,CrossStripe,Conceptual,Keyword,idf-correct-probe,0.9517463315285111,0.8,0.6666666666666666,0.6111111111111112,0.8325807487960777,0.8611375561264454,1,6,0.001450001,,231.0903,books-genre-a=2 | books-genre-b=8
q100,the moment everything changed,Torso,CrossStripe,Conceptual,Keyword,idf-correct-sidecar,0.9299179032131991,0.7,0.5384615384615384,0.5,0.7612924427820051,0.8611375561264454,1,2,0.000633334,,56.607499999999995,books-genre-a=3 | books-genre-b=7
q100,the moment everything changed,Torso,CrossStripe,Conceptual,Keyword,global-bm25,0.484811174247422,0.2,0.1111111111111111,0.4222222222222222,0.0753323816322732,0.37566986542073233,0.9,2,0.000633334,,59.261799999999994,books-genre-a=5 | books-genre-b=5
q100,the moment everything changed,Torso,CrossStripe,Conceptual,Keyword,local-bm25,0.4909727717320482,0.2,0.1111111111111111,0.24444444444444444,0.0753323816322732,0.44773452261294694,0.9,2,0.000633334,,57.9475,books-genre-a=5 | books-genre-b=5
q001,dragons and ancient magic,Torso,StripeLocal,Lexical,Hybrid,single-index,1,1,1,1,1,0.8610869181229891,1,1,0.0053,,223.2483,books-oracle2=10
q001,dragons and ancient magic,Torso,StripeLocal,Lexical,Hybrid,single-index-rescored,0.9547280637054881,0.7,0.5384615384615384,0.28888888888888886,0.7785042264475658,0.9257857076266625,1,1,0.0053,,223.2483,books-oracle2=10
q001,dragons and ancient magic,Torso,StripeLocal,Lexical,Hybrid,naive-score,0.49264629801536597,0.5,0.3333333333333333,0.4666666666666667,0.2579474834718163,0.5091631677052176,1,2,0.005666666,,181.1006,books-genre-a=5 | books-genre-b=5
q001,dragons and ancient magic,Torso,StripeLocal,Lexical,Hybrid,interleave,0.7373116630109656,0.5,0.3333333333333333,0.7333333333333333,0.6170673540341023,0.6164841714935423,1,2,0.005666666,,181.0892,books-genre-a=5 | books-genre-b=5
q001,dragons and ancient magic,Torso,StripeLocal,Lexical,Hybrid,quota-merge,0.7197806110784023,0.5,0.3333333333333333,0.7333333333333333,0.5756131758488364,0.6034062982539798,1,2,0.005666666,,181.081,books-genre-a=5 | books-genre-b=5
q001,dragons and ancient magic,Torso,StripeLocal,Lexical,Hybrid,global-rrf,0.7197806110784023,0.5,0.3333333333333333,0.7333333333333333,0.5756131758488364,0.6034062982539798,1,2,0.005666666,,181.0975,books-genre-a=5 | books-genre-b=5
q001,dragons and ancient magic,Torso,StripeLocal,Lexical,Hybrid,minmax-norm,0.7394257947087998,0.6,0.42857142857142855,0.5238095238095238,0.5066667257994799,0.6224158675364562,1,2,0.005666666,,181.11939999999998,books-genre-a=6 | books-genre-b=4
q001,dragons and ancient magic,Torso,StripeLocal,Lexical,Hybrid,zscore-norm,0.3979880233110352,0.4,0.25,0.2,0.14704087009822409,0.42552871234784045,1,2,0.005666666,,181.12109999999998,books-genre-a=4 | books-genre-b=6
q001,dragons and ancient magic,Torso,StripeLocal,Lexical,Hybrid,vector-similarity,0.8764708319697855,0.6,0.42857142857142855,0.15555555555555556,0.5419235043460486,0.7305840133505547,1,2,0.005666666,,181.8851,books-genre-a=10
q001,dragons and ancient magic,Torso,StripeLocal,Lexical,Hybrid,hybrid-legs,0.992826045042387,0.9,0.8181818181818182,0.9555555555555556,0.9775289410928649,0.8610869181229891,1,2,0.005666666,,184.1671,books-genre-a=10
q001,dragons and ancient magic,Torso,StripeLocal,Lexical,Hybrid,idf-correct-probe,0.8172368810061005,0.8,0.6666666666666666,0.3333333333333333,0.5203739794835117,0.8820480387228063,1,2,0.005666666,,181.12859999999998,books-genre-a=10
q001,dragons and ancient magic,Torso,StripeLocal,Lexical,Hybrid,idf-correct-sidecar,0.8172368810061005,0.8,0.6666666666666666,0.3333333333333333,0.5203739794835117,0.8820480387228063,1,2,0.005666666,,181.1198,books-genre-a=10
q001,dragons and ancient magic,Torso,StripeLocal,Lexical,Hybrid,global-bm25,0.9676961282888391,0.7,0.5384615384615384,0.5555555555555556,0.806683386582434,0.9603250160361273,1,2,0.005666666,,182.5287,books-genre-a=10
q001,dragons and ancient magic,Torso,StripeLocal,Lexical,Hybrid,local-bm25,0.8579575235240153,0.6,0.42857142857142855,0.6428571428571429,0.7366102801917352,0.8598216686111745,1,2,0.005666666,,182.39319999999998,books-genre-a=8 | books-genre-b=2
q002,a young wizard learning to control his powers at a school of magic,Torso,StripeLocal,Conceptual,Hybrid,single-index,1,1,1,1,1,0.5598501446528138,1,1,0.006433333,,212.0467,books-oracle2=10
q002,a young wizard learning to control his powers at a school of magic,Torso,StripeLocal,Conceptual,Hybrid,single-index-rescored,0.7945778575704066,0.7,0.5384615384615384,0.5555555555555556,0.4786776230874949,0.5762316472621528,1,1,0.006433333,,212.0467,books-oracle2=10
q002,a young wizard learning to control his powers at a school of magic,Torso,StripeLocal,Conceptual,Hybrid,naive-score,0.810013898786631,0.6,0.42857142857142855,1,0.7766516688938137,0.4007617908952341,1,2,0.009616666999999999,,215.6736,books-genre-a=6 | books-genre-b=4
q002,a young wizard learning to control his powers at a school of magic,Torso,StripeLocal,Conceptual,Hybrid,interleave,0.7295370614061076,0.5,0.3333333333333333,1,0.6170673540341023,0.36253456657451105,1,2,0.009616666999999999,,215.66209999999998,books-genre-a=5 | books-genre-b=5
q002,a young wizard learning to control his powers at a school of magic,Torso,StripeLocal,Conceptual,Hybrid,quota-merge,0.557934483300914,0.5,0.3333333333333333,1,0.4019324519720342,0.3211780205324663,1,2,0.009616666999999999,,215.65359999999998,books-genre-a=5 | books-genre-b=5
q002,a young wizard learning to control his powers at a school of magic,Torso,StripeLocal,Conceptual,Hybrid,global-rrf,0.557934483300914,0.5,0.3333333333333333,1,0.4019324519720342,0.3211780205324663,1,2,0.009616666999999999,,215.6701,books-genre-a=5 | books-genre-b=5
q002,a young wizard learning to control his powers at a school of magic,Torso,StripeLocal,Conceptual,Hybrid,minmax-norm,0.5304279227104561,0.5,0.3333333333333333,0.8666666666666667,0.3196942971442742,0.30094220427427915,1,2,0.009616666999999999,,215.6961,books-genre-a=5 | books-genre-b=5
q002,a young wizard learning to control his powers at a school of magic,Torso,StripeLocal,Conceptual,Hybrid,zscore-norm,0.6783577959790357,0.5,0.3333333333333333,0.8666666666666667,0.4732282904230372,0.3241505821098579,1,2,0.009616666999999999,,215.6941,books-genre-a=5 | books-genre-b=5
q002,a young wizard learning to control his powers at a school of magic,Torso,StripeLocal,Conceptual,Hybrid,vector-similarity,0.8703332239823569,0.4,0.25,0.37777777777777777,0.6188856972042285,0.6018054469565974,1,2,0.009616666999999999,,215.6837,books-genre-a=10
q002,a young wizard learning to control his powers at a school of magic,Torso,StripeLocal,Conceptual,Hybrid,hybrid-legs,0.9722969025335149,0.6,0.42857142857142855,0.7333333333333333,0.9241616332287569,0.5537561172428386,1,2,0.009616666999999999,,215.8467,books-genre-a=10
q002,a young wizard learning to control his powers at a school of magic,Torso,StripeLocal,Conceptual,Hybrid,idf-correct-probe,0.9637737844289604,0.8,0.6666666666666666,0.4666666666666667,0.7990711394974834,0.4401305577301662,1,2,0.009616666999999999,,215.7114,books-genre-a=10
q002,a young wizard learning to control his powers at a school of magic,Torso,StripeLocal,Conceptual,Hybrid,idf-correct-sidecar,0.9637737844289604,0.8,0.6666666666666666,0.4666666666666667,0.7990711394974834,0.4401305577301662,1,2,0.009616666999999999,,215.70399999999998,books-genre-a=10
q002,a young wizard learning to control his powers at a school of magic,Torso,StripeLocal,Conceptual,Hybrid,global-bm25,0.8425011515103459,0.8,0.6666666666666666,0.2,0.4789002156795594,0.5197420633374913,1,2,0.009616666999999999,,217.12279999999998,books-genre-a=10
q002,a young wizard learning to control his powers at a school of magic,Torso,StripeLocal,Conceptual,Hybrid,local-bm25,0.6850770503796203,0.6,0.42857142857142855,0.42857142857142855,0.44455024147720845,0.4643892391754955,1,2,0.009616666999999999,,217.0571,books-genre-a=7 | books-genre-b=3
q003,epic fantasy quest to destroy an artifact,Torso,StripeLocal,Mixed,Hybrid,single-index,1,1,1,1,1,0.42341157342171654,1,1,0.005266667,,194.0909,books-oracle2=10
q003,epic fantasy quest to destroy an artifact,Torso,StripeLocal,Mixed,Hybrid,single-index-rescored,0.5235867967741232,0.5,0.3333333333333333,0.15555555555555556,0.24257072970438737,0.3845954225098949,1,1,0.005266667,,194.0909,books-oracle2=10
q003,epic fantasy quest to destroy an artifact,Torso,StripeLocal,Mixed,Hybrid,naive-score,0.6379008110001878,0.3,0.17647058823529413,1,0.6387385646208559,0.28268519311574863,1,2,0.0107,,190.5939,books-genre-a=2 | books-genre-b=8
q003,epic fantasy quest to destroy an artifact,Torso,StripeLocal,Mixed,Hybrid,interleave,0.760274188508297,0.6,0.42857142857142855,0.7333333333333333,0.6714435663479584,0.33217976633455976,1,2,0.0107,,190.5827,books-genre-a=5 | books-genre-b=5
q003,epic fantasy quest to destroy an artifact,Torso,StripeLocal,Mixed,Hybrid,quota-merge,0.8148707032896748,0.6,0.42857142857142855,0.8666666666666667,0.8249775596267213,0.33217976633455976,1,2,0.0107,,190.575,books-genre-a=5 | books-genre-b=5
q003,epic fantasy quest to destroy an artifact,Torso,StripeLocal,Mixed,Hybrid,global-rrf,0.8148707032896748,0.6,0.42857142857142855,0.8666666666666667,0.8249775596267213,0.33217976633455976,1,2,0.0107,,190.5925,books-genre-a=5 | books-genre-b=5
q003,epic fantasy quest to destroy an artifact,Torso,StripeLocal,Mixed,Hybrid,minmax-norm,0.6877999823361407,0.4,0.25,1,0.6446867860962741,0.28268519311574863,1,2,0.0107,,190.6157,books-genre-a=3 | books-genre-b=7
q003,epic fantasy quest to destroy an artifact,Torso,StripeLocal,Mixed,Hybrid,zscore-norm,0.7224086987725351,0.6,0.42857142857142855,0.6,0.5554401681227951,0.34703225850366654,1,2,0.0107,,190.6149,books-genre-a=5 | books-genre-b=5
q003,epic fantasy quest to destroy an artifact,Torso,StripeLocal,Mixed,Hybrid,vector-similarity,0.8845119825668107,0.6,0.42857142857142855,0.4666666666666667,0.6157741923120655,0.4736242455675459,1,2,0.0107,,190.5852,books-genre-a=9 | books-genre-b=1
q003,epic fantasy quest to destroy an artifact,Torso,StripeLocal,Mixed,Hybrid,hybrid-legs,0.8607969762773154,0.7,0.5384615384615384,0.8095238095238095,0.8185456151496443,0.40109513174593525,1,2,0.0107,,190.7584,books-genre-a=6 | books-genre-b=4
q003,epic fantasy quest to destroy an artifact,Torso,StripeLocal,Mixed,Hybrid,idf-correct-probe,0.5689099058672256,0.3,0.17647058823529413,-0.16666666666666666,0.13312849411744812,0.14823562126432516,1,2,0.0107,,190.6278,books-genre-a=8 | books-genre-b=2
q003,epic fantasy quest to destroy an artifact,Torso,StripeLocal,Mixed,Hybrid,idf-correct-sidecar,0.5689099058672256,0.3,0.17647058823529413,-0.16666666666666666,0.13312849411744812,0.14823562126432516,1,2,0.0107,,190.6187,books-genre-a=8 | books-genre-b=2
q003,epic fantasy quest to destroy an artifact,Torso,StripeLocal,Mixed,Hybrid,global-bm25,0.7372616602156867,0.4,0.25,0.2,0.3560224283881299,0.4320048404606953,1,2,0.0107,,192.0424,books-genre-a=9 | books-genre-b=1
q003,epic fantasy quest to destroy an artifact,Torso,StripeLocal,Mixed,Hybrid,local-bm25,0.5197499725452829,0.3,0.17647058823529413,-0.3333333333333333,0.33355136948099484,0.2909418008501168,1,2,0.0107,,191.9716,books-genre-a=3 | books-genre-b=7
q004,vampires,Head,StripeLocal,Lexical,Hybrid,single-index,1,1,1,1,1,1,1,1,0.002316667,,126.6199,books-oracle2=10
q004,vampires,Head,StripeLocal,Lexical,Hybrid,single-index-rescored,0.6017140924548964,0.4,0.25,0.1111111111111111,0.3020897529657049,1,1,1,0.002316667,,126.6199,books-oracle2=10
q004,vampires,Head,StripeLocal,Lexical,Hybrid,naive-score,0.5381775803492982,0.4,0.25,0.2,0.3173699688351785,0.9010362095152992,1,2,0.002233333,,115.1209,books-genre-a=4 | books-genre-b=6
q004,vampires,Head,StripeLocal,Lexical,Hybrid,interleave,0.7445419279338118,0.5,0.3333333333333333,0.4666666666666667,0.6170673540341023,0.9155260051911699,1,2,0.002233333,,115.0162,books-genre-a=5 | books-genre-b=5
q004,vampires,Head,StripeLocal,Lexical,Hybrid,quota-merge,0.6054707708709925,0.5,0.3333333333333333,0.3333333333333333,0.4147356992670882,0.9155260051911699,1,2,0.002233333,,115.0527,books-genre-a=5 | books-genre-b=5
q004,vampires,Head,StripeLocal,Lexical,Hybrid,global-rrf,0.6054707708709925,0.5,0.3333333333333333,0.3333333333333333,0.4147356992670882,0.9155260051911699,1,2,0.002233333,,115.21560000000001,books-genre-a=5 | books-genre-b=5
q004,vampires,Head,StripeLocal,Lexical,Hybrid,minmax-norm,0.6436102841369916,0.5,0.3333333333333333,0.3333333333333333,0.5359510637056945,0.9202182025407148,1,2,0.002233333,,115.26870000000001,books-genre-a=5 | books-genre-b=5
q004,vampires,Head,StripeLocal,Lexical,Hybrid,zscore-norm,0.6839317206639792,0.6,0.42857142857142855,0.42857142857142855,0.5535556078842638,0.9224654597764764,1,2,0.002233333,,115.0361,books-genre-a=6 | books-genre-b=4
q004,vampires,Head,StripeLocal,Lexical,Hybrid,vector-similarity,0.7194084531705215,0.5,0.3333333333333333,0.4666666666666667,0.4078639867194466,1,1,2,0.002233333,,115.00750000000001,books-genre-a=10
q004,vampires,Head,StripeLocal,Lexical,Hybrid,hybrid-legs,0.9205391643416534,0.7,0.5384615384615384,0.6,0.6454866344166554,1,1,2,0.002233333,,115.105,books-genre-a=9 | books-genre-b=1
q004,vampires,Head,StripeLocal,Lexical,Hybrid,idf-correct-probe,0.8585095664683249,0.7,0.5384615384615384,0.6444444444444445,0.6101365207460648,1,1,2,0.002233333,,115.0419,books-genre-a=10
q004,vampires,Head,StripeLocal,Lexical,Hybrid,idf-correct-sidecar,0.8585095664683249,0.7,0.5384615384615384,0.6444444444444445,0.6101365207460648,1,1,2,0.002233333,,115.0278,books-genre-a=10
q004,vampires,Head,StripeLocal,Lexical,Hybrid,global-bm25,0.6606004752138748,0.4,0.25,0.42857142857142855,0.38864074719363073,0.9603250160361273,1,2,0.002233333,,117.42670000000001,books-genre-a=7 | books-genre-b=3
q004,vampires,Head,StripeLocal,Lexical,Hybrid,local-bm25,0.09783035096651335,0.1,0.05263157894736842,0,0.06938416015685508,0.8951943970009143,1,2,0.002233333,,116.35810000000001,books-genre-a=1 | books-genre-b=9
q005,haunted house that torments the family living in it,Torso,StripeLocal,Conceptual,Hybrid,single-index,1,1,1,1,1,0.38407594368440906,1,1,0.005266667,,195.9393,books-oracle2=10
q005,haunted house that torments the family living in it,Torso,StripeLocal,Conceptual,Hybrid,single-index-rescored,0.544393124645269,0.5,0.3333333333333333,-0.4222222222222222,0.16402474307442094,0.3073500433049167,0.9,1,0.005266667,,195.9393,books-oracle2=10
q005,haunted house that torments the family living in it,Torso,StripeLocal,Conceptual,Hybrid,naive-score,0.9413095149243408,0.6,0.42857142857142855,0.5111111111111111,0.7608996822689964,0.37985943600561445,1,2,0.010116666,,192.5224,books-genre-a=5 | books-genre-b=5
q005,haunted house that torments the family living in it,Torso,StripeLocal,Conceptual,Hybrid,interleave,0.9132299158070878,0.6,0.42857142857142855,0.3333333333333333,0.6395384129412375,0.3735434070903257,1,2,0.010116666,,192.5144,books-genre-a=5 | books-genre-b=5
q005,haunted house that torments the family living in it,Torso,StripeLocal,Conceptual,Hybrid,quota-merge,0.9014667476295323,0.6,0.42857142857142855,0.24444444444444444,0.5779375041579322,0.3735434070903257,1,2,0.010116666,,192.5052,books-genre-a=5 | books-genre-b=5
q005,haunted house that torments the family living in it,Torso,StripeLocal,Conceptual,Hybrid,global-rrf,0.9014667476295323,0.6,0.42857142857142855,0.24444444444444444,0.5779375041579322,0.3735434070903257,1,2,0.010116666,,192.5217,books-genre-a=5 | books-genre-b=5
q005,haunted house that torments the family living in it,Torso,StripeLocal,Conceptual,Hybrid,minmax-norm,0.9120265074483151,0.6,0.42857142857142855,0.28888888888888886,0.627882090238086,0.3694623408411932,1,2,0.010116666,,192.5462,books-genre-a=5 | books-genre-b=5
q005,haunted house that torments the family living in it,Torso,StripeLocal,Conceptual,Hybrid,zscore-norm,0.7932998182771135,0.6,0.42857142857142855,0.2,0.4670046136563379,0.3477207846879071,1,2,0.010116666,,192.6154,books-genre-a=5 | books-genre-b=5
q005,haunted house that torments the family living in it,Torso,StripeLocal,Conceptual,Hybrid,vector-similarity,0.8634107409167966,0.6,0.42857142857142855,0.5555555555555556,0.5499317147179414,0.5000862538253009,1,2,0.010116666,,192.5152,books-genre-a=8 | books-genre-b=2
q005,haunted house that torments the family living in it,Torso,StripeLocal,Conceptual,Hybrid,hybrid-legs,0.9843367807711394,0.8,0.6666666666666666,0.7333333333333333,0.9166351888308977,0.4424656540119791,1,2,0.010116666,,192.7314,books-genre-a=8 | books-genre-b=2
q005,haunted house that torments the family living in it,Torso,StripeLocal,Conceptual,Hybrid,idf-correct-probe,0.7942797752365092,0.4,0.25,0.37777777777777777,0.42771685413607397,0.17374411511160834,1,2,0.010116666,,192.5572,books-genre-a=9 | books-genre-b=1
q005,haunted house that torments the family living in it,Torso,StripeLocal,Conceptual,Hybrid,idf-correct-sidecar,0.7961143813900421,0.4,0.25,0.4222222222222222,0.4350603374390593,0.1739419013418577,1,2,0.010116666,,192.5502,books-genre-a=9 | books-genre-b=1
q005,haunted house that torments the family living in it,Torso,StripeLocal,Conceptual,Hybrid,global-bm25,0.44672004594969505,0.4,0.25,-0.2857142857142857,0.12275146802096297,0.5211849137321953,1,2,0.010116666,,193.86339999999998,books-genre-a=8 | books-genre-b=2
q005,haunted house that torments the family living in it,Torso,StripeLocal,Conceptual,Hybrid,local-bm25,0.41285386886300524,0.4,0.25,-0.35714285714285715,0.12275146802096297,0.6333893490085288,1,2,0.010116666,,193.8764,books-genre-a=7 | books-genre-b=3
q006,generation starship colonists who forget they are on a ship,Tail,StripeLocal,Conceptual,Hybrid,single-index,1,1,1,1,1,0.5262990117967111,1,1,0.007033333,,235.9268,books-oracle2=10
q006,generation starship colonists who forget they are on a ship,Tail,StripeLocal,Conceptual,Hybrid,single-index-rescored,0.7582770527096977,0.8,0.6666666666666666,0.6,0.5411900706967083,0.5966005535048481,1,1,0.007033333,,235.9268,books-oracle2=10
q006,generation starship colonists who forget they are on a ship,Tail,StripeLocal,Conceptual,Hybrid,naive-score,0.9420700507683339,0.7,0.5384615384615384,0.5555555555555556,0.840105135230871,0.4253160052299897,1,2,0.009649999999999999,,192.26059999999998,books-genre-a=7 | books-genre-b=3
q006,generation starship colonists who forget they are on a ship,Tail,StripeLocal,Conceptual,Hybrid,interleave,0.8122809632136329,0.5,0.3333333333333333,0.21428571428571427,0.6170673540341023,0.2718642171920386,1,2,0.009649999999999999,,192.2499,books-genre-a=5 | books-genre-b=5
q006,generation starship colonists who forget they are on a ship,Tail,StripeLocal,Conceptual,Hybrid,quota-merge,0.6744466869618005,0.5,0.3333333333333333,0,0.4019324519720342,0.24951452065913884,1,2,0.009649999999999999,,192.2406,books-genre-a=5 | books-genre-b=5
q006,generation starship colonists who forget they are on a ship,Tail,StripeLocal,Conceptual,Hybrid,global-rrf,0.6744466869618005,0.5,0.3333333333333333,0,0.4019324519720342,0.24951452065913884,1,2,0.009649999999999999,,192.25809999999998,books-genre-a=5 | books-genre-b=5
q006,generation starship colonists who forget they are on a ship,Tail,StripeLocal,Conceptual,Hybrid,minmax-norm,0.7839313859186571,0.7,0.5384615384615384,0.3333333333333333,0.546700582064628,0.37634592996594024,1,2,0.009649999999999999,,192.2817,books-genre-a=7 | books-genre-b=3
q006,generation starship colonists who forget they are on a ship,Tail,StripeLocal,Conceptual,Hybrid,zscore-norm,0.684941490108201,0.7,0.5384615384615384,-0.022222222222222223,0.2918256869188235,0.3272249534072795,1,2,0.009649999999999999,,192.2809,books-genre-a=7 | books-genre-b=3
q006,generation starship colonists who forget they are on a ship,Tail,StripeLocal,Conceptual,Hybrid,vector-similarity,0.8383197433024726,0.6,0.42857142857142855,0.28888888888888886,0.48580682980266077,0.5171918186505525,1,2,0.009649999999999999,,192.2515,books-genre-a=10
q006,generation starship colonists who forget they are on a ship,Tail,StripeLocal,Conceptual,Hybrid,hybrid-legs,0.9848970701237831,0.8,0.6666666666666666,0.9111111111111111,0.9539937030944976,0.43886882428587115,1,2,0.009649999999999999,,192.4089,books-genre-a=10
q006,generation starship colonists who forget they are on a ship,Tail,StripeLocal,Conceptual,Hybrid,idf-correct-probe,0.8630199625356547,0.6,0.42857142857142855,0.4222222222222222,0.5830080118815012,0.3695102265896278,1,2,0.009649999999999999,,192.2934,books-genre-a=9 | books-genre-b=1
q006,generation starship colonists who forget they are on a ship,Tail,StripeLocal,Conceptual,Hybrid,idf-correct-sidecar,0.8489727945944685,0.5,0.3333333333333333,0.5555555555555556,0.5678804362773515,0.32344584076133215,1,2,0.009649999999999999,,192.28709999999998,books-genre-a=8 | books-genre-b=2
q006,generation starship colonists who forget they are on a ship,Tail,StripeLocal,Conceptual,Hybrid,global-bm25,0.7582770527096977,0.8,0.6666666666666666,0.6,0.5411900706967083,0.5966005535048481,1,2,0.009649999999999999,,193.6608,books-genre-a=10
q006,generation starship colonists who forget they are on a ship,Tail,StripeLocal,Conceptual,Hybrid,local-bm25,0.7582770527096977,0.8,0.6666666666666666,0.6,0.5411900706967083,0.5966005535048481,1,2,0.009649999999999999,,193.61249999999998,books-genre-a=10
q007,artificial intelligence becomes self aware,Torso,StripeLocal,Mixed,Hybrid,single-index,1,1,1,1,1,0.44720257252253426,1,1,0.005266667,,193.9485,books-oracle2=10
q007,artificial intelligence becomes self aware,Torso,StripeLocal,Mixed,Hybrid,single-index-rescored,0.5363423462086048,0.3,0.17647058823529413,0.24444444444444444,0.19400555965140953,0.398010665624612,1,1,0.005266667,,193.9485,books-oracle2=10
q007,artificial intelligence becomes self aware,Torso,StripeLocal,Mixed,Hybrid,naive-score,0.9843400415132088,0.9,0.8181818181818182,0.6444444444444445,0.8406898660358186,0.3859575507579964,1,2,0.007933333,,186.13309999999998,books-genre-a=4 | books-genre-b=6
q007,artificial intelligence becomes self aware,Torso,StripeLocal,Mixed,Hybrid,interleave,0.9405176785208564,1,1,0.7777777777777778,0.749540044359892,0.5042354368250577,1,2,0.007933333,,186.1234,books-genre-a=5 | books-genre-b=5
q007,artificial intelligence becomes self aware,Torso,StripeLocal,Mixed,Hybrid,quota-merge,0.9444483494944514,1,1,0.8222222222222222,0.7994846304400458,0.48479318457997084,1,2,0.007933333,,186.114,books-genre-a=5 | books-genre-b=5
q007,artificial intelligence becomes self aware,Torso,StripeLocal,Mixed,Hybrid,global-rrf,0.9444483494944514,1,1,0.8222222222222222,0.7994846304400458,0.48479318457997084,1,2,0.007933333,,186.13209999999998,books-genre-a=5 | books-genre-b=5
q007,artificial intelligence becomes self aware,Torso,StripeLocal,Mixed,Hybrid,minmax-norm,0.938238806910918,0.9,0.8181818181818182,0.7777777777777778,0.7765904901903519,0.44259943033544613,1,2,0.007933333,,186.155,books-genre-a=4 | books-genre-b=6
q007,artificial intelligence becomes self aware,Torso,StripeLocal,Mixed,Hybrid,zscore-norm,0.938238806910918,0.9,0.8181818181818182,0.7777777777777778,0.7765904901903519,0.44259943033544613,1,2,0.007933333,,186.15439999999998,books-genre-a=4 | books-genre-b=6
q007,artificial intelligence becomes self aware,Torso,StripeLocal,Mixed,Hybrid,vector-similarity,0.6949537398747138,0.3,0.17647058823529413,0.8222222222222222,0.29127501676172113,0.42817414158824135,1,2,0.007933333,,186.1226,books-genre-a=7 | books-genre-b=3
q007,artificial intelligence becomes self aware,Torso,StripeLocal,Mixed,Hybrid,hybrid-legs,0.9728017933630639,0.7,0.5384615384615384,0.7777777777777778,0.8143040463388254,0.4912637048187954,1,2,0.007933333,,186.26749999999998,books-genre-a=7 | books-genre-b=3
q007,artificial intelligence becomes self aware,Torso,StripeLocal,Mixed,Hybrid,idf-correct-probe,0.7054040770433453,0.4,0.25,0.1111111111111111,0.2987147733863045,0.36543538064892567,1,2,0.007933333,,186.1676,books-genre-a=6 | books-genre-b=4
q007,artificial intelligence becomes self aware,Torso,StripeLocal,Mixed,Hybrid,idf-correct-sidecar,0.7054040770433453,0.4,0.25,0.1111111111111111,0.2987147733863045,0.36543538064892567,1,2,0.007933333,,186.1583,books-genre-a=6 | books-genre-b=4
q007,artificial intelligence becomes self aware,Torso,StripeLocal,Mixed,Hybrid,global-bm25,0.5410020842286001,0.3,0.17647058823529413,0.2,0.20134904295439485,0.481459450914976,1,2,0.007933333,,187.513,books-genre-a=7 | books-genre-b=3
q007,artificial intelligence becomes self aware,Torso,StripeLocal,Mixed,Hybrid,local-bm25,0.5104198158963935,0.2,0.1111111111111111,0.42857142857142855,0.18805733817599143,0.4308117764810015,1,2,0.007933333,,187.59179999999998,books-genre-a=5 | books-genre-b=5
q008,hard science fiction about terraforming Mars,Tail,StripeLocal,Mixed,Hybrid,single-index,1,1,1,1,1,0.9322680353788434,1,1,0.0047,,195.9465,books-oracle2=10
q008,hard science fiction about terraforming Mars,Tail,StripeLocal,Mixed,Hybrid,single-index-rescored,0.9238527154863071,0.5,0.3333333333333333,0.5555555555555556,0.8000295321451665,0.9243885660572466,1,1,0.0047,,195.9465,books-oracle2=10
q008,hard science fiction about terraforming Mars,Tail,StripeLocal,Mixed,Hybrid,naive-score,0.8580537585373652,0.8,0.6666666666666666,0.6111111111111112,0.6458825977035978,0.8948283072527992,1,2,0.008516667,,191.4503,books-genre-a=7 | books-genre-b=3
q008,hard science fiction about terraforming Mars,Tail,StripeLocal,Mixed,Hybrid,interleave,0.752280986787896,0.6,0.42857142857142855,0.35714285714285715,0.46382722393675124,0.7621827327888693,1,2,0.008516667,,191.44140000000002,books-genre-a=5 | books-genre-b=5
q008,hard science fiction about terraforming Mars,Tail,StripeLocal,Mixed,Hybrid,quota-merge,0.7348220310138168,0.6,0.42857142857142855,0.21428571428571427,0.45648374063376596,0.6130990480756707,1,2,0.008516667,,191.4333,books-genre-a=5 | books-genre-b=5
q008,hard science fiction about terraforming Mars,Tail,StripeLocal,Mixed,Hybrid,global-rrf,0.7348220310138168,0.6,0.42857142857142855,0.21428571428571427,0.45648374063376596,0.6130990480756707,1,2,0.008516667,,191.4545,books-genre-a=5 | books-genre-b=5
q008,hard science fiction about terraforming Mars,Tail,StripeLocal,Mixed,Hybrid,minmax-norm,0.7984080983767364,0.8,0.6666666666666666,0.4444444444444444,0.5202280745943589,0.6648535603384534,1,2,0.008516667,,191.531,books-genre-a=7 | books-genre-b=3
q008,hard science fiction about terraforming Mars,Tail,StripeLocal,Mixed,Hybrid,zscore-norm,0.6686109954404298,0.7,0.5384615384615384,0.14285714285714285,0.32708246546539216,0.49080460679459337,1,2,0.008516667,,191.4736,books-genre-a=6 | books-genre-b=4
q008,hard science fiction about terraforming Mars,Tail,StripeLocal,Mixed,Hybrid,vector-similarity,0.9397012389830565,0.7,0.5384615384615384,0.5111111111111111,0.7135095933937886,0.9253240274250416,1,2,0.008516667,,191.4428,books-genre-a=9 | books-genre-b=1
q008,hard science fiction about terraforming Mars,Tail,StripeLocal,Mixed,Hybrid,hybrid-legs,0.9969319307127558,1,1,0.7333333333333333,0.9202388137466598,0.9353564448735959,1,2,0.008516667,,191.5079,books-genre-a=9 | books-genre-b=1
q008,hard science fiction about terraforming Mars,Tail,StripeLocal,Mixed,Hybrid,idf-correct-probe,0.8443200866717918,0.5,0.3333333333333333,0.7333333333333333,0.6228950830229864,0.8987028428087189,1,2,0.008516667,,191.4857,books-genre-a=9 | books-genre-b=1
q008,hard science fiction about terraforming Mars,Tail,StripeLocal,Mixed,Hybrid,idf-correct-sidecar,0.8443200866717918,0.5,0.3333333333333333,0.7333333333333333,0.6228950830229864,0.8987028428087189,1,2,0.008516667,,191.4761,books-genre-a=9 | books-genre-b=1
q008,hard science fiction about terraforming Mars,Tail,StripeLocal,Mixed,Hybrid,global-bm25,0.9245653602402735,0.5,0.3333333333333333,0.6,0.8000295321451665,0.9243885660572466,1,2,0.008516667,,192.8406,books-genre-a=9 | books-genre-b=1
q008,hard science fiction about terraforming Mars,Tail,StripeLocal,Mixed,Hybrid,local-bm25,0.9232480659801632,0.5,0.3333333333333333,0.4666666666666667,0.7835066947134496,0.9228651174770658,1,2,0.008516667,,192.8554,books-genre-a=9 | books-genre-b=1
q009,cyberpunk hacker corporate dystopia,Torso,StripeLocal,Lexical,Hybrid,single-index,1,1,1,1,1,0.94546789582947,1,1,0.00175,,113.0235,books-oracle2=10
q009,cyberpunk hacker corporate dystopia,Torso,StripeLocal,Lexical,Hybrid,single-index-rescored,0.8015645799854049,0.6,0.42857142857142855,-0.022222222222222223,0.42256848098103755,0.821686241587554,1,1,0.00175,,113.0235,books-oracle2=10
q009,cyberpunk hacker corporate dystopia,Torso,StripeLocal,Lexical,Hybrid,naive-score,0.7658136204383712,0.6,0.42857142857142855,0.06666666666666667,0.3943893208461693,0.5158412992425143,1,2,0.00165,,112.5445,books-genre-a=5 | books-genre-b=5
q009,cyberpunk hacker corporate dystopia,Torso,StripeLocal,Lexical,Hybrid,interleave,0.8265835291959699,0.6,0.42857142857142855,0.37777777777777777,0.46948158223075753,0.6085660362740236,1,2,0.00165,,112.5323,books-genre-a=5 | books-genre-b=5
q009,cyberpunk hacker corporate dystopia,Torso,StripeLocal,Lexical,Hybrid,quota-merge,0.8258036807092909,0.6,0.42857142857142855,0.3333333333333333,0.46213809892777225,0.6063088060550773,1,2,0.00165,,112.5248,books-genre-a=5 | books-genre-b=5
q009,cyberpunk hacker corporate dystopia,Torso,StripeLocal,Lexical,Hybrid,global-rrf,0.8258036807092909,0.6,0.42857142857142855,0.3333333333333333,0.46213809892777225,0.6063088060550773,1,2,0.00165,,112.5412,books-genre-a=5 | books-genre-b=5
q009,cyberpunk hacker corporate dystopia,Torso,StripeLocal,Lexical,Hybrid,minmax-norm,0.816385655801964,0.6,0.42857142857142855,0.1111111111111111,0.3943893208461693,0.5854664327492507,1,2,0.00165,,112.5643,books-genre-a=5 | books-genre-b=5
q009,cyberpunk hacker corporate dystopia,Torso,StripeLocal,Lexical,Hybrid,zscore-norm,0.6173078064355204,0.4,0.25,0.05555555555555555,0.1305180326665071,0.3240263835065625,1,2,0.00165,,112.5649,books-genre-a=3 | books-genre-b=7
q009,cyberpunk hacker corporate dystopia,Torso,StripeLocal,Lexical,Hybrid,vector-similarity,0.8950412342248841,0.8,0.6666666666666666,0.28888888888888886,0.575023589125583,0.8803273038110722,1,2,0.00165,,112.5347,books-genre-a=10
q009,cyberpunk hacker corporate dystopia,Torso,StripeLocal,Lexical,Hybrid,hybrid-legs,0.9974230346778794,1,1,0.6888888888888889,0.9365640613185628,0.9270201848786105,1,2,0.00165,,114.3012,books-genre-a=9 | books-genre-b=1
q009,cyberpunk hacker corporate dystopia,Torso,StripeLocal,Lexical,Hybrid,idf-correct-probe,0.9196769442868935,0.7,0.5384615384615384,0.3333333333333333,0.6514369138551396,0.7547872978039318,1,2,0.00165,,112.5751,books-genre-a=9 | books-genre-b=1
q009,cyberpunk hacker corporate dystopia,Torso,StripeLocal,Lexical,Hybrid,idf-correct-sidecar,0.8954198852759948,0.6,0.42857142857142855,0.37777777777777777,0.6187223217280406,0.690909029386682,1,2,0.00165,,112.56400000000001,books-genre-a=8 | books-genre-b=2
q009,cyberpunk hacker corporate dystopia,Torso,StripeLocal,Lexical,Hybrid,global-bm25,0.8015645799854049,0.6,0.42857142857142855,-0.022222222222222223,0.42256848098103755,0.821686241587554,1,2,0.00165,,114.0056,books-genre-a=10
q009,cyberpunk hacker corporate dystopia,Torso,StripeLocal,Lexical,Hybrid,local-bm25,0.710550838079504,0.4,0.25,0.15555555555555556,0.29653429200329556,0.5996023263327054,1,2,0.00165,,113.8883,books-genre-a=7 | books-genre-b=3
q010,a locked room murder that seems impossible to have committed,Tail,StripeLocal,Conceptual,Hybrid,single-index,1,1,1,1,1,0.5292462678180556,1,1,0.0047,,194.5359,books-oracle2=10
q010,a locked room murder that seems impossible to have committed,Tail,StripeLocal,Conceptual,Hybrid,single-index-rescored,0.8708523891690783,0.6,0.42857142857142855,0.24444444444444444,0.6193916823431981,0.6528428748606645,1,1,0.0047,,194.5359,books-oracle2=10
q010,a locked room murder that seems impossible to have committed,Tail,StripeLocal,Conceptual,Hybrid,naive-score,0.8826878765296358,0.8,0.6666666666666666,0.4444444444444444,0.6664410980820744,0.500739421902399,1,2,0.007366666000000001,,190.3867,books-genre-a=5 | books-genre-b=5
q010,a locked room murder that seems impossible to have committed,Tail,StripeLocal,Conceptual,Hybrid,interleave,0.8370592029855918,0.8,0.6666666666666666,0.6111111111111112,0.6807358805262937,0.574088660327117,1,2,0.007366666000000001,,190.3735,books-genre-a=5 | books-genre-b=5
q010,a locked room murder that seems impossible to have committed,Tail,StripeLocal,Conceptual,Hybrid,quota-merge,0.8492269291445925,0.8,0.6666666666666666,0.6111111111111112,0.6946998448105351,0.5604286700078992,1,2,0.007366666000000001,,190.3648,books-genre-a=5 | books-genre-b=5
q010,a locked room murder that seems impossible to have committed,Tail,StripeLocal,Conceptual,Hybrid,global-rrf,0.8492269291445925,0.8,0.6666666666666666,0.6111111111111112,0.6946998448105351,0.5604286700078992,1,2,0.007366666000000001,,190.3815,books-genre-a=5 | books-genre-b=5
q010,a locked room murder that seems impossible to have committed,Tail,StripeLocal,Conceptual,Hybrid,minmax-norm,0.8500853497460448,0.8,0.6666666666666666,0.5,0.686933280164991,0.5518378280024923,1,2,0.007366666000000001,,190.4057,books-genre-a=5 | books-genre-b=5
q010,a locked room murder that seems impossible to have committed,Tail,StripeLocal,Conceptual,Hybrid,zscore-norm,0.8782473983628931,0.8,0.6666666666666666,0.3888888888888889,0.6311160445040347,0.4907179701379782,1,2,0.007366666000000001,,190.4052,books-genre-a=5 | books-genre-b=5
q010,a locked room murder that seems impossible to have committed,Tail,StripeLocal,Conceptual,Hybrid,vector-similarity,0.7482993314251737,0.5,0.3333333333333333,0.022222222222222223,0.37544325777375953,0.4379509121902392,1,2,0.007366666000000001,,190.3777,books-genre-a=8 | books-genre-b=2
q010,a locked room murder that seems impossible to have committed,Tail,StripeLocal,Conceptual,Hybrid,hybrid-legs,0.9779032964053836,0.7,0.5384615384615384,0.8222222222222222,0.9230322362924747,0.45984767592377196,1,2,0.007366666000000001,,190.5112,books-genre-a=6 | books-genre-b=4
q010,a locked room murder that seems impossible to have committed,Tail,StripeLocal,Conceptual,Hybrid,idf-correct-probe,0.7978098318730081,0.7,0.5384615384615384,-0.06666666666666667,0.40237016207953274,0.5831770877496449,1,2,0.007366666000000001,,190.4723,books-genre-a=6 | books-genre-b=4
q010,a locked room murder that seems impossible to have committed,Tail,StripeLocal,Conceptual,Hybrid,idf-correct-sidecar,0.7847077405389569,0.6,0.42857142857142855,0.2,0.4244035108791692,0.5430887904540619,1,2,0.007366666000000001,,190.4209,books-genre-a=5 | books-genre-b=5
q010,a locked room murder that seems impossible to have committed,Tail,StripeLocal,Conceptual,Hybrid,global-bm25,0.8537506301938151,0.6,0.42857142857142855,0.3333333333333333,0.6310480050463494,0.5708896365506344,1,2,0.007366666000000001,,191.7157,books-genre-a=5 | books-genre-b=5
q010,a locked room murder that seems impossible to have committed,Tail,StripeLocal,Conceptual,Hybrid,local-bm25,0.8410359775786861,0.5,0.3333333333333333,0.16666666666666666,0.6319010664568402,0.49854513569967035,1,2,0.007366666000000001,,191.7073,books-genre-a=4 | books-genre-b=6
q011,detective investigating a serial killer,Torso,StripeLocal,Mixed,Hybrid,single-index,1,1,1,1,1,0.6807742233562594,1,1,0.005266667,,220.1577,books-oracle2=10
q011,detective investigating a serial killer,Torso,StripeLocal,Mixed,Hybrid,single-index-rescored,0.4973843041262722,0.3,0.17647058823529413,-0.022222222222222223,0.1690742188978605,0.9206500320722545,1,1,0.005266667,,220.1577,books-oracle2=10
q011,detective investigating a serial killer,Torso,StripeLocal,Mixed,Hybrid,naive-score,0.5780310483236414,0.5,0.3333333333333333,-0.047619047619047616,0.27258576066500195,0.7353736440881076,1,2,0.0045333330000000005,,210.3504,books-genre-a=5 | books-genre-b=5
q011,detective investigating a serial killer,Torso,StripeLocal,Mixed,Hybrid,interleave,0.7938369319478294,0.5,0.3333333333333333,0.23809523809523808,0.6170673540341023,0.6890827988564674,1,2,0.0045333330000000005,,210.34650000000002,books-genre-a=5 | books-genre-b=5
q011,detective investigating a serial killer,Torso,StripeLocal,Mixed,Hybrid,quota-merge,0.7846107765599055,0.5,0.3333333333333333,0.23809523809523808,0.5852643007329117,0.6833015000025139,1,2,0.0045333330000000005,,210.3629,books-genre-a=5 | books-genre-b=5
q011,detective investigating a serial killer,Torso,StripeLocal,Mixed,Hybrid,global-rrf,0.7846107765599055,0.5,0.3333333333333333,0.23809523809523808,0.5852643007329117,0.6833015000025139,1,2,0.0045333330000000005,,210.3483,books-genre-a=5 | books-genre-b=5
q011,detective investigating a serial killer,Torso,StripeLocal,Mixed,Hybrid,minmax-norm,0.8390544639369342,0.6,0.42857142857142855,0.2857142857142857,0.6395384129412375,0.7287577828203401,1,2,0.0045333330000000005,,210.3701,books-genre-a=6 | books-genre-b=4
q011,detective investigating a serial killer,Torso,StripeLocal,Mixed,Hybrid,zscore-norm,0.6598788959849418,0.6,0.42857142857142855,0.07142857142857142,0.355313213903726,0.785859845765838,1,2,0.0045333330000000005,,210.37,books-genre-a=6 | books-genre-b=4
q011,detective investigating a serial killer,Torso,StripeLocal,Mixed,Hybrid,vector-similarity,0.6423672762099684,0.6,0.42857142857142855,-0.24444444444444444,0.09507829302506449,0.5490149525373843,1,2,0.0045333330000000005,,210.3441,books-genre-a=10
q011,detective investigating a serial killer,Torso,StripeLocal,Mixed,Hybrid,hybrid-legs,0.9758766862578152,0.8,0.6666666666666666,0.7333333333333333,0.9076534245619798,0.7291157479668215,1,2,0.0045333330000000005,,210.39600000000002,books-genre-a=9 | books-genre-b=1
q011,detective investigating a serial killer,Torso,StripeLocal,Mixed,Hybrid,idf-correct-probe,0.9187289828799596,0.6,0.42857142857142855,0.7333333333333333,0.7654888571949539,0.7726449311666633,1,2,0.0045333330000000005,,210.37900000000002,books-genre-a=10
q011,detective investigating a serial killer,Torso,StripeLocal,Mixed,Hybrid,idf-correct-sidecar,0.9174362427940547,0.6,0.42857142857142855,0.6888888888888889,0.7654888571949539,0.7749021613856096,1,2,0.0045333330000000005,,210.3694,books-genre-a=9 | books-genre-b=1
q011,detective investigating a serial killer,Torso,StripeLocal,Mixed,Hybrid,global-bm25,0.6302049258558686,0.5,0.3333333333333333,-0.1111111111111111,0.26340640653627034,0.8408682346129693,1,2,0.0045333330000000005,,211.7136,books-genre-a=9 | books-genre-b=1
q011,detective investigating a serial killer,Torso,StripeLocal,Mixed,Hybrid,local-bm25,0.2867186553954032,0.2,0.1111111111111111,-0.2,0.14660315999072546,0.6701957028553553,1,2,0.0045333330000000005,,211.69410000000002,books-genre-a=3 | books-genre-b=7
q012,espionage thriller cold war spy,Torso,StripeLocal,Lexical,Hybrid,single-index,1,1,1,1,1,0.7627860092244115,1,1,0.005266667,,193.4411,books-oracle2=10
q012,espionage thriller cold war spy,Torso,StripeLocal,Lexical,Hybrid,single-index-rescored,0.9236689029329817,0.7,0.5384615384615384,0.37777777777777777,0.6954499651878812,0.6774254634044772,1,1,0.005266667,,193.4411,books-oracle2=10
q012,espionage thriller cold war spy,Torso,StripeLocal,Lexical,Hybrid,naive-score,0.9002807290123805,0.7,0.5384615384615384,0.5,0.7002345753433908,0.7238845981745275,1,2,0.009016666,,205.26209999999998,books-genre-a=6 | books-genre-b=4
q012,espionage thriller cold war spy,Torso,StripeLocal,Lexical,Hybrid,interleave,0.8454808211612153,0.6,0.42857142857142855,0.35714285714285715,0.6230155755095205,0.6653421227576088,1,2,0.009016666,,205.2514,books-genre-a=5 | books-genre-b=5
q012,espionage thriller cold war spy,Torso,StripeLocal,Lexical,Hybrid,quota-merge,0.8372737075683993,0.6,0.42857142857142855,0.35714285714285715,0.5955253616084959,0.66148792352164,1,2,0.009016666,,205.2439,books-genre-a=5 | books-genre-b=5
q012,espionage thriller cold war spy,Torso,StripeLocal,Lexical,Hybrid,global-rrf,0.8372737075683993,0.6,0.42857142857142855,0.35714285714285715,0.5955253616084959,0.66148792352164,1,2,0.009016666,,205.25969999999998,books-genre-a=5 | books-genre-b=5
q012,espionage thriller cold war spy,Torso,StripeLocal,Lexical,Hybrid,minmax-norm,0.8838186377678641,0.7,0.5384615384615384,0.3333333333333333,0.6234553435800851,0.7216273679555812,1,2,0.009016666,,205.284,books-genre-a=6 | books-genre-b=4
q012,espionage thriller cold war spy,Torso,StripeLocal,Lexical,Hybrid,zscore-norm,0.7293223052541428,0.6,0.42857142857142855,0.21428571428571427,0.42802740404549156,0.5957169892508727,1,2,0.009016666,,205.2851,books-genre-a=5 | books-genre-b=5
q012,espionage thriller cold war spy,Torso,StripeLocal,Lexical,Hybrid,vector-similarity,0.9351802651500685,0.5,0.3333333333333333,0.7333333333333333,0.7853417246115812,1,1,2,0.009016666,,205.25629999999998,books-genre-a=10
q012,espionage thriller cold war spy,Torso,StripeLocal,Lexical,Hybrid,hybrid-legs,0.9903359868881585,0.9,0.8181818181818182,0.8666666666666667,0.905961675543002,0.7616623806065308,1,2,0.009016666,,205.3091,books-genre-a=9 | books-genre-b=1
q012,espionage thriller cold war spy,Torso,StripeLocal,Lexical,Hybrid,idf-correct-probe,0.9493404140721391,0.8,0.6666666666666666,0.6444444444444445,0.7708339351236196,0.6038066050082482,1,2,0.009016666,,205.2941,books-genre-a=7 | books-genre-b=3
q012,espionage thriller cold war spy,Torso,StripeLocal,Lexical,Hybrid,idf-correct-sidecar,0.9493404140721391,0.8,0.6666666666666666,0.6444444444444445,0.7708339351236196,0.6038066050082482,1,2,0.009016666,,205.2841,books-genre-a=7 | books-genre-b=3
q012,espionage thriller cold war spy,Torso,StripeLocal,Lexical,Hybrid,global-bm25,0.9463790532623555,0.8,0.6666666666666666,0.6888888888888889,0.7295773467981673,0.6963610658709642,1,2,0.009016666,,206.69359999999998,books-genre-a=9 | books-genre-b=1
q012,espionage thriller cold war spy,Torso,StripeLocal,Lexical,Hybrid,local-bm25,0.8244539069823986,0.6,0.42857142857142855,0.21428571428571427,0.5705940208549469,0.5957996463382081,1,2,0.009016666,,206.5804,books-genre-a=5 | books-genre-b=5
q013,teenagers forced to compete in a deadly televised game,Tail,StripeLocal,Conceptual,Hybrid,single-index,1,1,1,1,1,0.5231761540223465,1,1,0.005266667,,232.4834,books-oracle2=10
q013,teenagers forced to compete in a deadly televised game,Tail,StripeLocal,Conceptual,Hybrid,single-index-rescored,0.8328712802190568,0.4,0.25,0.022222222222222223,0.562321471070433,0.415479022638497,1,1,0.005266667,,232.4834,books-oracle2=10
q013,teenagers forced to compete in a deadly televised game,Tail,StripeLocal,Conceptual,Hybrid,naive-score,0.6702584244978074,0.7,0.5384615384615384,0.9047619047619048,0.5984801980429136,0.43398324980035324,1,2,0.009583334,,195.1184,books-genre-a=6 | books-genre-b=4
q013,teenagers forced to compete in a deadly televised game,Tail,StripeLocal,Conceptual,Hybrid,interleave,0.7704976103488667,0.6,0.42857142857142855,0.6,0.6663047835929182,0.4794005173366397,1,2,0.009583334,,195.10850000000002,books-genre-a=5 | books-genre-b=5
q013,teenagers forced to compete in a deadly televised game,Tail,StripeLocal,Conceptual,Hybrid,quota-merge,0.7686423218482435,0.6,0.42857142857142855,0.6,0.6589613002899328,0.4788994025567026,1,2,0.009583334,,195.1003,books-genre-a=5 | books-genre-b=5
q013,teenagers forced to compete in a deadly televised game,Tail,StripeLocal,Conceptual,Hybrid,global-rrf,0.7686423218482435,0.6,0.42857142857142855,0.6,0.6589613002899328,0.4788994025567026,1,2,0.009583334,,195.1167,books-genre-a=5 | books-genre-b=5
q013,teenagers forced to compete in a deadly televised game,Tail,StripeLocal,Conceptual,Hybrid,minmax-norm,0.8181882977663869,0.7,0.5384615384615384,0.9047619047619048,0.7520141913216766,0.4648974057091877,1,2,0.009583334,,195.1407,books-genre-a=6 | books-genre-b=4
q013,teenagers forced to compete in a deadly televised game,Tail,StripeLocal,Conceptual,Hybrid,zscore-norm,0.5749272173705039,0.7,0.5384615384615384,0.5238095238095238,0.3277714116992359,0.44946710492503666,1,2,0.009583334,,195.1394,books-genre-a=6 | books-genre-b=4
q013,teenagers forced to compete in a deadly televised game,Tail,StripeLocal,Conceptual,Hybrid,vector-similarity,0.48140695076366746,0.3,0.17647058823529413,0.5,0.15989486476912887,0.6141453658587722,1,2,0.009583334,,195.1097,books-genre-a=9 | books-genre-b=1
q013,teenagers forced to compete in a deadly televised game,Tail,StripeLocal,Conceptual,Hybrid,hybrid-legs,0.9835083126736841,0.7,0.5384615384615384,0.8222222222222222,0.9173066074091211,0.6430207457997025,1,2,0.009583334,,195.1625,books-genre-a=9 | books-genre-b=1
q013,teenagers forced to compete in a deadly televised game,Tail,StripeLocal,Conceptual,Hybrid,idf-correct-probe,0.7122380676109589,0.3,0.17647058823529413,0.6888888888888889,0.39596754376861043,0.6909749714280617,1,2,0.009583334,,195.1577,books-genre-a=9 | books-genre-b=1
q013,teenagers forced to compete in a deadly televised game,Tail,StripeLocal,Conceptual,Hybrid,idf-correct-sidecar,0.7122461161568191,0.3,0.17647058823529413,0.7333333333333333,0.39596754376861043,0.6894716270882504,1,2,0.009583334,,195.149,books-genre-a=9 | books-genre-b=1
q013,teenagers forced to compete in a deadly televised game,Tail,StripeLocal,Conceptual,Hybrid,global-bm25,0.8721866936282867,0.5,0.3333333333333333,0.6428571428571429,0.7174666272595118,0.5056854763677103,1,2,0.009583334,,196.5124,books-genre-a=8 | books-genre-b=2
q013,teenagers forced to compete in a deadly televised game,Tail,StripeLocal,Conceptual,Hybrid,local-bm25,0.8597674756899585,0.6,0.42857142857142855,0.5,0.7027767617628606,0.5371099218297476,1,2,0.009583334,,196.4575,books-genre-a=7 | books-genre-b=3
q014,picture book about a bear,Torso,StripeLocal,Mixed,Hybrid,single-index,1,1,1,1,1,0.7820112576236812,1,1,0.005266667,,234.1378,books-oracle2=10
q014,picture book about a bear,Torso,StripeLocal,Mixed,Hybrid,single-index-rescored,0.8407463697412,0.5,0.3333333333333333,0.8222222222222222,0.6041716125426412,0.8178320423515849,1,1,0.005266667,,234.1378,books-oracle2=10
q014,picture book about a bear,Torso,StripeLocal,Mixed,Hybrid,naive-score,0.6099840556332173,0.7,0.5384615384615384,0.9047619047619048,0.40237016207953274,0.49198607228848423,1,2,0.01075,,214.5488,books-genre-a=7 | books-genre-b=3
q014,picture book about a bear,Torso,StripeLocal,Mixed,Hybrid,interleave,0.7053104951434306,0.5,0.3333333333333333,1,0.6170673540341023,0.4456124402756259,1,2,0.01075,,214.536,books-genre-a=5 | books-genre-b=5
q014,picture book about a bear,Torso,StripeLocal,Mixed,Hybrid,quota-merge,0.5306234145543636,0.5,0.3333333333333333,1,0.3902761292688829,0.3631977240992687,1,2,0.01075,,214.5274,books-genre-a=5 | books-genre-b=5
q014,picture book about a bear,Torso,StripeLocal,Mixed,Hybrid,global-rrf,0.5306234145543636,0.5,0.3333333333333333,1,0.3902761292688829,0.3631977240992687,1,2,0.01075,,214.54410000000001,books-genre-a=5 | books-genre-b=5
q014,picture book about a bear,Torso,StripeLocal,Mixed,Hybrid,minmax-norm,0.6099840556332173,0.7,0.5384615384615384,0.9047619047619048,0.40237016207953274,0.49198607228848423,1,2,0.01075,,214.5672,books-genre-a=7 | books-genre-b=3
q014,picture book about a bear,Torso,StripeLocal,Mixed,Hybrid,zscore-norm,0.45419819804727835,0.6,0.42857142857142855,0.8666666666666667,0.19445995648691383,0.36515716412295557,1,2,0.01075,,214.6339,books-genre-a=6 | books-genre-b=4
q014,picture book about a bear,Torso,StripeLocal,Mixed,Hybrid,vector-similarity,0.7719671131154064,0.9,0.8181818181818182,-0.15555555555555556,0.32575342070623026,0.7619617448900868,1,2,0.01075,,214.53910000000002,books-genre-a=10
q014,picture book about a bear,Torso,StripeLocal,Mixed,Hybrid,hybrid-legs,0.9880811717522393,1,1,0.6,0.8130693181653509,0.7903995968278212,1,2,0.01075,,214.5909,books-genre-a=10
q014,picture book about a bear,Torso,StripeLocal,Mixed,Hybrid,idf-correct-probe,0.8816394202640915,0.8,0.6666666666666666,0.4666666666666667,0.6501954371037637,0.731330599086875,1,2,0.01075,,214.59220000000002,books-genre-a=10
q014,picture book about a bear,Torso,StripeLocal,Mixed,Hybrid,idf-correct-sidecar,0.8816394202640915,0.8,0.6666666666666666,0.4666666666666667,0.6501954371037637,0.731330599086875,1,2,0.01075,,214.57250000000002,books-genre-a=10
q014,picture book about a bear,Torso,StripeLocal,Mixed,Hybrid,global-bm25,0.8567857793295816,0.6,0.42857142857142855,0.6,0.6101198340180592,0.7814773062378984,1,2,0.01075,,215.8916,books-genre-a=10
q014,picture book about a bear,Torso,StripeLocal,Mixed,Hybrid,local-bm25,0.8567511290664742,0.6,0.42857142857142855,0.5555555555555556,0.6101198340180592,0.7814773062378984,1,2,0.01075,,215.9626,books-genre-a=10
q015,graphic novel superhero origin,Torso,StripeLocal,Lexical,Hybrid,single-index,1,1,1,1,1,0.6261043923059075,1,1,0.0047,,237.0787,books-oracle2=10
q015,graphic novel superhero origin,Torso,StripeLocal,Lexical,Hybrid,single-index-rescored,0.7716972123551249,0.6,0.42857142857142855,-0.1111111111111111,0.33229705568883405,0.42929571559631596,1,1,0.0047,,237.0787,books-oracle2=10
q015,graphic novel superhero origin,Torso,StripeLocal,Lexical,Hybrid,naive-score,0.5976036037219564,0.6,0.42857142857142855,0.07142857142857142,0.24258825736000764,0.3775577239837735,1,2,0.008483333,,215.7872,books-genre-a=6 | books-genre-b=4
q015,graphic novel superhero origin,Torso,StripeLocal,Lexical,Hybrid,interleave,0.7857879374657526,0.5,0.3333333333333333,0.23809523809523808,0.6170673540341023,0.5039535537661675,1,2,0.008483333,,215.77810000000002,books-genre-a=5 | books-genre-b=5
q015,graphic novel superhero origin,Torso,StripeLocal,Lexical,Hybrid,quota-merge,0.6489049815580641,0.5,0.3333333333333333,0.047619047619047616,0.4104228598669221,0.4178796611662266,1,2,0.008483333,,215.76520000000002,books-genre-a=5 | books-genre-b=5
q015,graphic novel superhero origin,Torso,StripeLocal,Lexical,Hybrid,global-rrf,0.6489049815580641,0.5,0.3333333333333333,0.047619047619047616,0.4104228598669221,0.4178796611662266,1,2,0.008483333,,215.78730000000002,books-genre-a=5 | books-genre-b=5
q015,graphic novel superhero origin,Torso,StripeLocal,Lexical,Hybrid,minmax-norm,0.6840343082961698,0.6,0.42857142857142855,0.14285714285714285,0.396224350744301,0.42504124557666373,1,2,0.008483333,,215.8035,books-genre-a=6 | books-genre-b=4
q015,graphic novel superhero origin,Torso,StripeLocal,Lexical,Hybrid,zscore-norm,0.5976036037219564,0.6,0.42857142857142855,0.07142857142857142,0.24258825736000764,0.3775577239837735,1,2,0.008483333,,215.8162,books-genre-a=6 | books-genre-b=4
q015,graphic novel superhero origin,Torso,StripeLocal,Lexical,Hybrid,vector-similarity,0.8570219475926761,0.4,0.25,0.4222222222222222,0.5774315190189624,0.6921624975082789,1,2,0.008483333,,215.78150000000002,books-genre-a=10
q015,graphic novel superhero origin,Torso,StripeLocal,Lexical,Hybrid,hybrid-legs,0.9445721003437779,0.6,0.42857142857142855,0.6444444444444445,0.8973952625770762,0.6795228408417414,1,2,0.008483333,,215.9042,books-genre-a=8 | books-genre-b=2
q015,graphic novel superhero origin,Torso,StripeLocal,Lexical,Hybrid,idf-correct-probe,0.6476422314165201,0.5,0.3333333333333333,-0.05555555555555555,0.33984102774231356,0.3434996491408476,1,2,0.008483333,,215.82150000000001,books-genre-a=7 | books-genre-b=3
q015,graphic novel superhero origin,Torso,StripeLocal,Lexical,Hybrid,idf-correct-sidecar,0.6476422314165201,0.5,0.3333333333333333,-0.05555555555555555,0.33984102774231356,0.3434996491408476,1,2,0.008483333,,215.8124,books-genre-a=7 | books-genre-b=3
q015,graphic novel superhero origin,Torso,StripeLocal,Lexical,Hybrid,global-bm25,0.8618546595247054,0.7,0.5384615384615384,0.5111111111111111,0.5407007722857442,0.6150697597994798,1,2,0.008483333,,217.26080000000002,books-genre-a=10
q015,graphic novel superhero origin,Torso,StripeLocal,Lexical,Hybrid,local-bm25,0.63150156104319,0.4,0.25,-0.047619047619047616,0.3808059075166155,0.5012378675707162,1,2,0.008483333,,217.21370000000002,books-genre-a=5 | books-genre-b=5
q016,zombie apocalypse survival,Torso,StripeLocal,Lexical,Hybrid,single-index,1,1,1,1,1,0.811677139537639,0.9,1,0.0053,,229.3791,books-oracle2=10
q016,zombie apocalypse survival,Torso,StripeLocal,Lexical,Hybrid,single-index-rescored,0.9459451649001278,0.8,0.6666666666666666,0.5111111111111111,0.6800362564418861,0.8310822152678946,0.9,1,0.0053,,229.3791,books-oracle2=10
q016,zombie apocalypse survival,Torso,StripeLocal,Lexical,Hybrid,naive-score,0.9446181505828251,0.9,0.8181818181818182,0.8333333333333334,0.8817985927362074,0.7979297809515656,0.9,2,0.006750000000000001,,162.446,books-genre-a=9 | books-genre-b=1
q016,zombie apocalypse survival,Torso,StripeLocal,Lexical,Hybrid,interleave,0.7090081386375826,0.5,0.3333333333333333,1,0.6170673540341023,0.5404680236579178,0.9,2,0.006750000000000001,,162.4369,books-genre-a=5 | books-genre-b=5
q016,zombie apocalypse survival,Torso,StripeLocal,Lexical,Hybrid,quota-merge,0.702866485733532,0.5,0.3333333333333333,1,0.596920623436063,0.5414315734669101,0.9,2,0.006750000000000001,,162.4279,books-genre-a=5 | books-genre-b=5
q016,zombie apocalypse survival,Torso,StripeLocal,Lexical,Hybrid,global-rrf,0.702866485733532,0.5,0.3333333333333333,1,0.596920623436063,0.5414315734669101,0.9,2,0.006750000000000001,,162.4448,books-genre-a=5 | books-genre-b=5
q016,zombie apocalypse survival,Torso,StripeLocal,Lexical,Hybrid,minmax-norm,0.8594654853501141,0.8,0.6666666666666666,0.8571428571428571,0.7579624127970946,0.7232527081346279,0.9,2,0.006750000000000001,,162.4683,books-genre-a=8 | books-genre-b=2
q016,zombie apocalypse survival,Torso,StripeLocal,Lexical,Hybrid,zscore-norm,0.525888985867863,0.7,0.5384615384615384,0.9047619047619048,0.2918256869188235,0.5626475208496899,0.9,2,0.006750000000000001,,162.53,books-genre-a=7 | books-genre-b=3
q016,zombie apocalypse survival,Torso,StripeLocal,Lexical,Hybrid,vector-similarity,0.938966967084551,0.6,0.42857142857142855,0.6444444444444445,0.7353950805683616,0.8301717595472909,0.9,2,0.006750000000000001,,162.4392,books-genre-a=10
q016,zombie apocalypse survival,Torso,StripeLocal,Lexical,Hybrid,hybrid-legs,0.99766752866693,0.9,0.8181818181818182,0.7777777777777778,0.9507625704411842,0.8480318756513257,0.9,2,0.006750000000000001,,162.6452,books-genre-a=10
q016,zombie apocalypse survival,Torso,StripeLocal,Lexical,Hybrid,idf-correct-probe,0.9519550475982774,0.8,0.6666666666666666,0.6,0.7435413110824088,0.6950688800755376,0.9,2,0.006750000000000001,,162.4765,books-genre-a=10
q016,zombie apocalypse survival,Torso,StripeLocal,Lexical,Hybrid,idf-correct-sidecar,0.9519550475982774,0.8,0.6666666666666666,0.6,0.7435413110824088,0.6950688800755376,0.9,2,0.006750000000000001,,162.4646,books-genre-a=10
q016,zombie apocalypse survival,Torso,StripeLocal,Lexical,Hybrid,global-bm25,0.9548461875248403,0.8,0.6666666666666666,0.6,0.6892156105706179,0.8295773951219304,0.9,2,0.006750000000000001,,163.8537,books-genre-a=10
q016,zombie apocalypse survival,Torso,StripeLocal,Lexical,Hybrid,local-bm25,0.9548461875248403,0.8,0.6666666666666666,0.6,0.6892156105706179,0.8295773951219304,0.9,2,0.006750000000000001,,163.86329999999998,books-genre-a=10
q017,time travel paradox,Torso,StripeLocal,Lexical,Hybrid,single-index,1,1,1,1,1,0.8176628253772816,1,1,0.0047,,233.2711,books-oracle2=10
q017,time travel paradox,Torso,StripeLocal,Lexical,Hybrid,single-index-rescored,0.8900592367403432,0.7,0.5384615384615384,0.28888888888888886,0.6004085630650673,0.7534407004638757,1,1,0.0047,,233.2711,books-oracle2=10
q017,time travel paradox,Torso,StripeLocal,Lexical,Hybrid,naive-score,0.9719933189440281,1,1,0.6444444444444445,0.7553686380741593,0.7838961527320738,1,2,0.007916666,,190.1326,books-genre-a=7 | books-genre-b=3
q017,time travel paradox,Torso,StripeLocal,Lexical,Hybrid,interleave,0.9669672278240327,0.8,0.6666666666666666,0.6444444444444445,0.7416371652251913,0.663686946031784,1,2,0.007916666,,190.1206,books-genre-a=5 | books-genre-b=5
q017,time travel paradox,Torso,StripeLocal,Lexical,Hybrid,quota-merge,0.956742788889269,0.8,0.6666666666666666,0.5555555555555556,0.6800362564418861,0.6533591787845108,1,2,0.007916666,,190.1124,books-genre-a=5 | books-genre-b=5
q017,time travel paradox,Torso,StripeLocal,Lexical,Hybrid,global-rrf,0.956742788889269,0.8,0.6666666666666666,0.5555555555555556,0.6800362564418861,0.6533591787845108,1,2,0.007916666,,190.1879,books-genre-a=5 | books-genre-b=5
q017,time travel paradox,Torso,StripeLocal,Lexical,Hybrid,minmax-norm,0.9719933189440281,1,1,0.6444444444444445,0.7553686380741593,0.7838961527320738,1,2,0.007916666,,190.1537,books-genre-a=7 | books-genre-b=3
q017,time travel paradox,Torso,StripeLocal,Lexical,Hybrid,zscore-norm,0.8061242873662715,0.8,0.6666666666666666,0.3333333333333333,0.380632734424374,0.5620128561090623,1,2,0.007916666,,190.1522,books-genre-a=5 | books-genre-b=5
q017,time travel paradox,Torso,StripeLocal,Lexical,Hybrid,vector-similarity,0.9269484056638152,0.7,0.5384615384615384,0.3333333333333333,0.6552858188201451,0.6627218810413394,1,2,0.007916666,,190.1228,books-genre-a=7 | books-genre-b=3
q017,time travel paradox,Torso,StripeLocal,Lexical,Hybrid,hybrid-legs,0.9980574769566493,0.9,0.8181818181818182,0.9555555555555556,0.9660702082495274,0.7961304680489681,1,2,0.007916666,,190.2738,books-genre-a=8 | books-genre-b=2
q017,time travel paradox,Torso,StripeLocal,Lexical,Hybrid,idf-correct-probe,0.9526343956887806,0.7,0.5384615384615384,0.5555555555555556,0.7796998404522535,0.7755136354025297,1,2,0.007916666,,190.1796,books-genre-a=7 | books-genre-b=3
q017,time travel paradox,Torso,StripeLocal,Lexical,Hybrid,idf-correct-sidecar,0.9512834196857909,0.7,0.5384615384615384,0.4666666666666667,0.7723563571492682,0.7741767122711218,1,2,0.007916666,,190.153,books-genre-a=7 | books-genre-b=3
q017,time travel paradox,Torso,StripeLocal,Lexical,Hybrid,global-bm25,0.8900592367403432,0.7,0.5384615384615384,0.28888888888888886,0.6004085630650673,0.7534407004638757,1,2,0.007916666,,191.4808,books-genre-a=7 | books-genre-b=3
q017,time travel paradox,Torso,StripeLocal,Lexical,Hybrid,local-bm25,0.8886350427029773,0.7,0.5384615384615384,0.2,0.5838857256333503,0.7546999188177416,1,2,0.007916666,,191.522,books-genre-a=7 | books-genre-b=3
q018,a girl who discovers she is the last of a magical bloodline,Tail,StripeLocal,Conceptual,Hybrid,single-index,1,1,1,1,1,0.6597731674165039,1,1,0.0047,,230.5621,books-oracle2=10
q018,a girl who discovers she is the last of a magical bloodline,Tail,StripeLocal,Conceptual,Hybrid,single-index-rescored,0.6947317141805965,0.3,0.17647058823529413,0.2,0.35451336558334434,0.3156200362240314,1,1,0.0047,,230.5621,books-oracle2=10
q018,a girl who discovers she is the last of a magical bloodline,Tail,StripeLocal,Conceptual,Hybrid,naive-score,0.6390909794609169,0.5,0.3333333333333333,0.14285714285714285,0.3678225980173681,0.5977377694194234,1,2,0.0102,,216.6873,books-genre-a=7 | books-genre-b=3
q018,a girl who discovers she is the last of a magical bloodline,Tail,StripeLocal,Conceptual,Hybrid,interleave,0.5357658653041238,0.4,0.25,-0.06666666666666667,0.25562315516272044,0.5042304936626631,1,2,0.0102,,216.67430000000002,books-genre-a=5 | books-genre-b=5
q018,a girl who discovers she is the last of a magical bloodline,Tail,StripeLocal,Conceptual,Hybrid,quota-merge,0.4736493671329543,0.4,0.25,-0.2,0.18236592367626392,0.6162560916856622,1,2,0.0102,,216.6653,books-genre-a=5 | books-genre-b=5
q018,a girl who discovers she is the last of a magical bloodline,Tail,StripeLocal,Conceptual,Hybrid,global-rrf,0.4736493671329543,0.4,0.25,-0.2,0.18236592367626392,0.6162560916856622,1,2,0.0102,,216.6824,books-genre-a=5 | books-genre-b=5
q018,a girl who discovers she is the last of a magical bloodline,Tail,StripeLocal,Conceptual,Hybrid,minmax-norm,0.5034277990932634,0.5,0.3333333333333333,-0.047619047619047616,0.18116825170851042,0.6977802965539261,1,2,0.0102,,216.7768,books-genre-a=7 | books-genre-b=3
q018,a girl who discovers she is the last of a magical bloodline,Tail,StripeLocal,Conceptual,Hybrid,zscore-norm,0.4581929906935548,0.4,0.25,-0.06666666666666667,0.17522003023309232,0.646993399652763,1,2,0.0102,,216.7062,books-genre-a=6 | books-genre-b=4
q018,a girl who discovers she is the last of a magical bloodline,Tail,StripeLocal,Conceptual,Hybrid,vector-similarity,0.4879889221426909,0.3,0.17647058823529413,0.05555555555555555,0.1862389950058654,0.3612460788849587,1,2,0.0102,,216.7416,books-genre-a=9 | books-genre-b=1
q018,a girl who discovers she is the last of a magical bloodline,Tail,StripeLocal,Conceptual,Hybrid,hybrid-legs,0.739360752151219,0.7,0.5384615384615384,0.1111111111111111,0.5199342114129472,0.42690220073416213,1,2,0.0102,,216.7896,books-genre-a=9 | books-genre-b=1
q018,a girl who discovers she is the last of a magical bloodline,Tail,StripeLocal,Conceptual,Hybrid,idf-correct-probe,0.7539471763325604,0.2,0.1111111111111111,0.5555555555555556,0.41582041118523777,0.25078354321509905,1,2,0.0102,,218.56300000000002,books-genre-a=8 | books-genre-b=2
q018,a girl who discovers she is the last of a magical bloodline,Tail,StripeLocal,Conceptual,Hybrid,idf-correct-sidecar,0.7528597259920858,0.2,0.1111111111111111,0.4222222222222222,0.41582041118523777,0.24914422527060795,1,2,0.0102,,216.7196,books-genre-a=8 | books-genre-b=2
q018,a girl who discovers she is the last of a magical bloodline,Tail,StripeLocal,Conceptual,Hybrid,global-bm25,0.6667320019102277,0.3,0.17647058823529413,0.21428571428571427,0.39596754376861043,0.41425574711401525,1,2,0.0102,,218.0388,books-genre-a=6 | books-genre-b=4
q018,a girl who discovers she is the last of a magical bloodline,Tail,StripeLocal,Conceptual,Hybrid,local-bm25,0.5996438461599074,0.2,0.1111111111111111,0,0.30527593602452857,0.451299799714192,1,2,0.0102,,218.04160000000002,books-genre-a=4 | books-genre-b=6
q019,dystopian society divided into rigid factions,Torso,StripeLocal,Conceptual,Hybrid,single-index,1,1,1,1,1,0.9513467899190737,1,1,0.005266667,,232.9489,books-oracle2=10
q019,dystopian society divided into rigid factions,Torso,StripeLocal,Conceptual,Hybrid,single-index-rescored,0.8724258721691686,0.7,0.5384615384615384,-0.24444444444444444,0.49246821667685864,0.8577666702728031,1,1,0.005266667,,232.9489,books-oracle2=10
q019,dystopian society divided into rigid factions,Torso,StripeLocal,Conceptual,Hybrid,naive-score,0.9227082406266744,0.8,0.6666666666666666,1,0.9448143489657659,0.8184164167698683,1,2,0.008483333,,216.61690000000002,books-genre-a=8 | books-genre-b=2
q019,dystopian society divided into rigid factions,Torso,StripeLocal,Conceptual,Hybrid,interleave,0.7090081386375826,0.5,0.3333333333333333,1,0.6170673540341023,0.5404992972837435,1,2,0.008483333,,216.6038,books-genre-a=5 | books-genre-b=5
q019,dystopian society divided into rigid factions,Torso,StripeLocal,Conceptual,Hybrid,quota-merge,0.702866485733532,0.5,0.3333333333333333,1,0.596920623436063,0.5337544486207978,1,2,0.008483333,,216.5954,books-genre-a=5 | books-genre-b=5
q019,dystopian society divided into rigid factions,Torso,StripeLocal,Conceptual,Hybrid,global-rrf,0.702866485733532,0.5,0.3333333333333333,1,0.596920623436063,0.5337544486207978,1,2,0.008483333,,216.6115,books-genre-a=5 | books-genre-b=5
q019,dystopian society divided into rigid factions,Torso,StripeLocal,Conceptual,Hybrid,minmax-norm,0.726606413443125,0.6,0.42857142857142855,1,0.5614146667262153,0.5842973635801871,1,2,0.008483333,,216.6359,books-genre-a=6 | books-genre-b=4
q019,dystopian society divided into rigid factions,Torso,StripeLocal,Conceptual,Hybrid,zscore-norm,0.42629244590849774,0.5,0.3333333333333333,1,0.19997046785483336,0.37207162548940814,1,2,0.008483333,,216.6345,books-genre-a=5 | books-genre-b=5
q019,dystopian society divided into rigid factions,Torso,StripeLocal,Conceptual,Hybrid,vector-similarity,0.8965456495581128,0.5,0.3333333333333333,0.5111111111111111,0.6729622195527403,0.6236860339711708,1,2,0.008483333,,216.6043,books-genre-a=10
q019,dystopian society divided into rigid factions,Torso,StripeLocal,Conceptual,Hybrid,hybrid-legs,0.9932006512673058,0.9,0.8181818181818182,0.9555555555555556,0.9715982472730672,0.8968146857485436,1,2,0.008483333,,216.7247,books-genre-a=10
q019,dystopian society divided into rigid factions,Torso,StripeLocal,Conceptual,Hybrid,idf-correct-probe,0.8626546178570389,0.6,0.42857142857142855,0.3333333333333333,0.5699050746211032,0.8530196862732788,1,2,0.008483333,,216.6475,books-genre-a=10
q019,dystopian society divided into rigid factions,Torso,StripeLocal,Conceptual,Hybrid,idf-correct-sidecar,0.8626546178570389,0.6,0.42857142857142855,0.3333333333333333,0.5699050746211032,0.8530196862732788,1,2,0.008483333,,216.639,books-genre-a=10
q019,dystopian society divided into rigid factions,Torso,StripeLocal,Conceptual,Hybrid,global-bm25,0.8724258721691686,0.7,0.5384615384615384,-0.24444444444444444,0.49246821667685864,0.8577666702728031,1,2,0.008483333,,217.9883,books-genre-a=10
q019,dystopian society divided into rigid factions,Torso,StripeLocal,Conceptual,Hybrid,local-bm25,0.6950380528849939,0.6,0.42857142857142855,-0.2222222222222222,0.3329860019226777,0.7734903583419945,1,2,0.008483333,,217.9521,books-genre-a=9 | books-genre-b=1
q020,supernatural creatures hidden among ordinary people,Torso,StripeLocal,Conceptual,Hybrid,single-index,1,1,1,1,1,0.94546789582947,1,1,0.0047,,233.6403,books-oracle2=10
q020,supernatural creatures hidden among ordinary people,Torso,StripeLocal,Conceptual,Hybrid,single-index-rescored,0.4544139913648136,0.3,0.17647058823529413,-0.4222222222222222,0.041710985160956594,0.8637527161011885,1,1,0.0047,,233.6403,books-oracle2=10
q020,supernatural creatures hidden among ordinary people,Torso,StripeLocal,Conceptual,Hybrid,naive-score,0.472887564369792,0.4,0.25,0.2,0.2164766185585446,0.6656062736977922,1,2,0.010733334,,218.2122,books-genre-a=4 | books-genre-b=6
q020,supernatural creatures hidden among ordinary people,Torso,StripeLocal,Conceptual,Hybrid,interleave,0.758530303236518,0.5,0.3333333333333333,0.7142857142857143,0.6170673540341023,0.7722812624812437,1,2,0.010733334,,218.19619999999998,books-genre-a=5 | books-genre-b=5
q020,supernatural creatures hidden among ordinary people,Torso,StripeLocal,Conceptual,Hybrid,quota-merge,0.758530303236518,0.5,0.3333333333333333,0.7142857142857143,0.6170673540341023,0.7722812624812437,1,2,0.010733334,,218.18959999999998,books-genre-a=5 | books-genre-b=5
q020,supernatural creatures hidden among ordinary people,Torso,StripeLocal,Conceptual,Hybrid,global-rrf,0.758530303236518,0.5,0.3333333333333333,0.7142857142857143,0.6170673540341023,0.7722812624812437,1,2,0.010733334,,218.2054,books-genre-a=5 | books-genre-b=5
q020,supernatural creatures hidden among ordinary people,Torso,StripeLocal,Conceptual,Hybrid,minmax-norm,0.6732963953444951,0.4,0.25,0.2,0.43910090881275077,0.6944228344223068,1,2,0.010733334,,218.2291,books-genre-a=4 | books-genre-b=6
q020,supernatural creatures hidden among ordinary people,Torso,StripeLocal,Conceptual,Hybrid,zscore-norm,0.747437094137549,0.5,0.3333333333333333,0.42857142857142855,0.5536314153526652,0.7605560420430191,1,2,0.010733334,,218.22809999999998,books-genre-a=5 | books-genre-b=5
q020,supernatural creatures hidden among ordinary people,Torso,StripeLocal,Conceptual,Hybrid,vector-similarity,0.5590000296017834,0.5,0.3333333333333333,0.35714285714285715,0.24440660053013372,0.6032896365670686,1,2,0.010733334,,218.1978,books-genre-a=8 | books-genre-b=2
q020,supernatural creatures hidden among ordinary people,Torso,StripeLocal,Conceptual,Hybrid,hybrid-legs,0.5681415543277982,0.5,0.3333333333333333,0.3333333333333333,0.35713155707385197,0.5914520598735243,1,2,0.010733334,,218.2507,books-genre-a=5 | books-genre-b=5
q020,supernatural creatures hidden among ordinary people,Torso,StripeLocal,Conceptual,Hybrid,idf-correct-probe,0.5124406369454617,0.1,0.05263157894736842,0.21428571428571427,0.13881990861717564,0.4128338206208616,1,2,0.010733334,,218.2394,books-genre-a=10
q020,supernatural creatures hidden among ordinary people,Torso,StripeLocal,Conceptual,Hybrid,idf-correct-sidecar,0.5124406369454617,0.1,0.05263157894736842,0.21428571428571427,0.13881990861717564,0.4128338206208616,1,2,0.010733334,,218.2319,books-genre-a=10
q020,supernatural creatures hidden among ordinary people,Torso,StripeLocal,Conceptual,Hybrid,global-bm25,0.2847659030260333,0.3,0.17647058823529413,-0.4,0.053367307864107885,0.8587183692218732,1,2,0.010733334,,219.6601,books-genre-a=4 | books-genre-b=6
q020,supernatural creatures hidden among ordinary people,Torso,StripeLocal,Conceptual,Hybrid,local-bm25,0.1667350657798688,0.2,0.1111111111111111,-0.6666666666666666,0.019239926253821527,0.7992058932760641,1,2,0.010733334,,219.5667,books-genre-a=3 | books-genre-b=7
q021,Victorian England social class and marriage,Torso,StripeLocal,Mixed,Hybrid,single-index,1,1,1,1,1,0.7033569827963886,1,1,0.004133333,,238.6055,books-oracle2=10
q021,Victorian England social class and marriage,Torso,StripeLocal,Mixed,Hybrid,single-index-rescored,0.8563118805150821,0.6,0.42857142857142855,-0.24444444444444444,0.5217767737480093,0.907608339569819,1,1,0.004133333,,238.6055,books-oracle2=10
q021,Victorian England social class and marriage,Torso,StripeLocal,Mixed,Hybrid,naive-score,0.7219189768532667,0.5,0.3333333333333333,0.6,0.654354597708355,0.49087305847320795,1,2,0.009033333,,225.858,books-genre-a=6 | books-genre-b=4
q021,Victorian England social class and marriage,Torso,StripeLocal,Mixed,Hybrid,interleave,0.7123172360429293,0.5,0.3333333333333333,0.7142857142857143,0.5216562812614751,0.44994614681503725,1,2,0.009033333,,225.8427,books-genre-a=5 | books-genre-b=5
q021,Victorian England social class and marriage,Torso,StripeLocal,Mixed,Hybrid,quota-merge,0.773155792273764,0.5,0.3333333333333333,0.9047619047619048,0.675190274540238,0.5253015182486053,1,2,0.009033333,,225.8355,books-genre-a=5 | books-genre-b=5
q021,Victorian England social class and marriage,Torso,StripeLocal,Mixed,Hybrid,global-rrf,0.773155792273764,0.5,0.3333333333333333,0.9047619047619048,0.675190274540238,0.5253015182486053,1,2,0.009033333,,225.85240000000002,books-genre-a=5 | books-genre-b=5
q021,Victorian England social class and marriage,Torso,StripeLocal,Mixed,Hybrid,minmax-norm,0.7219189768532667,0.5,0.3333333333333333,0.6,0.654354597708355,0.49087305847320795,1,2,0.009033333,,225.8881,books-genre-a=6 | books-genre-b=4
q021,Victorian England social class and marriage,Torso,StripeLocal,Mixed,Hybrid,zscore-norm,0.766913750824307,0.5,0.3333333333333333,0.8095238095238095,0.675190274540238,0.5195712803217736,1,2,0.009033333,,225.8767,books-genre-a=5 | books-genre-b=5
q021,Victorian England social class and marriage,Torso,StripeLocal,Mixed,Hybrid,vector-similarity,0.6591113318752382,0.2,0.1111111111111111,0.1111111111111111,0.23038126449975396,0.3896689350679977,1,2,0.009033333,,225.8469,books-genre-b=10
q021,Victorian England social class and marriage,Torso,StripeLocal,Mixed,Hybrid,hybrid-legs,0.8730694960035082,0.5,0.3333333333333333,0.6666666666666666,0.675190274540238,0.5234254795577425,1,2,0.009033333,,225.89960000000002,books-genre-a=2 | books-genre-b=8
q021,Victorian England social class and marriage,Torso,StripeLocal,Mixed,Hybrid,idf-correct-probe,0.7659609373408917,0.4,0.25,0.42857142857142855,0.507675630249228,0.5849582275084145,1,2,0.009033333,,225.8851,books-genre-a=3 | books-genre-b=7
q021,Victorian England social class and marriage,Torso,StripeLocal,Mixed,Hybrid,idf-correct-sidecar,0.7659609373408917,0.4,0.25,0.42857142857142855,0.507675630249228,0.5849582275084145,1,2,0.009033333,,225.95250000000001,books-genre-a=3 | books-genre-b=7
q021,Victorian England social class and marriage,Torso,StripeLocal,Mixed,Hybrid,global-bm25,0.782702932867291,0.5,0.3333333333333333,-0.14285714285714285,0.5201413916727573,0.795853309002242,1,2,0.009033333,,227.2184,books-genre-a=3 | books-genre-b=7
q021,Victorian England social class and marriage,Torso,StripeLocal,Mixed,Hybrid,local-bm25,0.6784322875978874,0.3,0.17647058823529413,0.06666666666666667,0.45329941793537204,0.70379423630856,1,2,0.009033333,,227.2115,books-genre-a=5 | books-genre-b=5
q022,memoir of growing up in poverty,Torso,StripeLocal,Conceptual,Hybrid,single-index,1,1,1,1,1,0.5949120648182181,1,1,0.005866667,,243.809,books-oracle2=10
q022,memoir of growing up in poverty,Torso,StripeLocal,Conceptual,Hybrid,single-index-rescored,0.7954496587359088,0.6,0.42857142857142855,-0.1111111111111111,0.45488710982119424,0.7969769376201229,1,1,0.005866667,,243.809,books-oracle2=10
q022,memoir of growing up in poverty,Torso,StripeLocal,Conceptual,Hybrid,naive-score,0.8550501814709516,0.7,0.5384615384615384,0.3888888888888889,0.6734682046917101,0.44596525240029633,1,2,0.008483333,,224.7553,books-genre-a=3 | books-genre-b=7
q022,memoir of growing up in poverty,Torso,StripeLocal,Conceptual,Hybrid,interleave,0.5948015550191562,0.5,0.3333333333333333,0.3333333333333333,0.38293264596589754,0.30737202344204395,1,2,0.008483333,,224.7444,books-genre-a=5 | books-genre-b=5
q022,memoir of growing up in poverty,Torso,StripeLocal,Conceptual,Hybrid,quota-merge,0.5978860575030297,0.5,0.3333333333333333,0.3333333333333333,0.39458896866904886,0.30737202344204395,1,2,0.008483333,,224.7386,books-genre-a=5 | books-genre-b=5
q022,memoir of growing up in poverty,Torso,StripeLocal,Conceptual,Hybrid,global-rrf,0.5978860575030297,0.5,0.3333333333333333,0.3333333333333333,0.39458896866904886,0.30737202344204395,1,2,0.008483333,,224.7524,books-genre-a=5 | books-genre-b=5
q022,memoir of growing up in poverty,Torso,StripeLocal,Conceptual,Hybrid,minmax-norm,0.7019173694648676,0.7,0.5384615384615384,0.3333333333333333,0.49195264113789255,0.3619801451963621,1,2,0.008483333,,224.7762,books-genre-a=3 | books-genre-b=7
q022,memoir of growing up in poverty,Torso,StripeLocal,Conceptual,Hybrid,zscore-norm,0.483812321482471,0.4,0.25,-0.06666666666666667,0.22927902492598395,0.21506213683951073,1,2,0.008483333,,224.7762,books-genre-a=6 | books-genre-b=4
q022,memoir of growing up in poverty,Torso,StripeLocal,Conceptual,Hybrid,vector-similarity,0.9077660918264474,0.6,0.42857142857142855,0.3333333333333333,0.650997145784575,0.7722043463452036,1,2,0.008483333,,224.74790000000002,books-genre-b=10
q022,memoir of growing up in poverty,Torso,StripeLocal,Conceptual,Hybrid,hybrid-legs,0.9822614665033972,0.8,0.6666666666666666,0.8666666666666667,0.8742325168411574,0.6717479490881809,1,2,0.008483333,,224.7973,books-genre-b=10
q022,memoir of growing up in poverty,Torso,StripeLocal,Conceptual,Hybrid,idf-correct-probe,0.7766263050325345,0.7,0.5384615384615384,0.2,0.43615610690391854,0.3695137238058051,1,2,0.008483333,,224.81470000000002,books-genre-a=1 | books-genre-b=9
q022,memoir of growing up in poverty,Torso,StripeLocal,Conceptual,Hybrid,idf-correct-sidecar,0.7766263050325345,0.7,0.5384615384615384,0.2,0.43615610690391854,0.3695137238058051,1,2,0.008483333,,224.7763,books-genre-a=1 | books-genre-b=9
q022,memoir of growing up in poverty,Torso,StripeLocal,Conceptual,Hybrid,global-bm25,0.8051879108636607,0.6,0.42857142857142855,0.2777777777777778,0.5183230485026312,0.7075876562666338,1,2,0.008483333,,226.1757,books-genre-a=1 | books-genre-b=9
q022,memoir of growing up in poverty,Torso,StripeLocal,Conceptual,Hybrid,local-bm25,0.7016439785020921,0.5,0.3333333333333333,0.5238095238095238,0.4640489362943055,0.5459115006909836,1,2,0.008483333,,226.0924,books-genre-a=4 | books-genre-b=6
q023,biography of a president,Torso,StripeLocal,Mixed,Hybrid,single-index,1,1,1,1,1,0.7883354483360258,1,1,0.00115,,142.0516,books-oracle2=10
q023,biography of a president,Torso,StripeLocal,Mixed,Hybrid,single-index-rescored,0.8291001112286391,0.6,0.42857142857142855,0.5111111111111111,0.5705006857309249,0.6825308334655645,1,1,0.00115,,142.0516,books-oracle2=10
q023,biography of a president,Torso,StripeLocal,Mixed,Hybrid,naive-score,0.652030213965835,0.5,0.3333333333333333,-0.07142857142857142,0.33984102774231356,0.39796414161554294,1,2,0.0014,,99.9427,books-genre-a=5 | books-genre-b=5
q023,biography of a president,Torso,StripeLocal,Mixed,Hybrid,interleave,0.6636794675681179,0.5,0.3333333333333333,0,0.38293264596589754,0.40976696557746495,1,2,0.0014,,99.9342,books-genre-a=5 | books-genre-b=5
q023,biography of a president,Torso,StripeLocal,Mixed,Hybrid,quota-merge,0.791481585956029,0.5,0.3333333333333333,0.07142857142857142,0.5639568531456851,0.4961441676479137,1,2,0.0014,,99.9286,books-genre-a=5 | books-genre-b=5
q023,biography of a president,Torso,StripeLocal,Mixed,Hybrid,global-rrf,0.791481585956029,0.5,0.3333333333333333,0.07142857142857142,0.5639568531456851,0.4961441676479137,1,2,0.0014,,99.9436,books-genre-a=5 | books-genre-b=5
q023,biography of a president,Torso,StripeLocal,Mixed,Hybrid,minmax-norm,0.8376522901227443,0.6,0.42857142857142855,0.16666666666666666,0.5614146667262153,0.5669758413335391,1,2,0.0014,,99.9662,books-genre-a=4 | books-genre-b=6
q023,biography of a president,Torso,StripeLocal,Mixed,Hybrid,zscore-norm,0.652030213965835,0.5,0.3333333333333333,-0.07142857142857142,0.33984102774231356,0.39796414161554294,1,2,0.0014,,99.9667,books-genre-a=5 | books-genre-b=5
q023,biography of a president,Torso,StripeLocal,Mixed,Hybrid,vector-similarity,0.8296194926825217,0.6,0.42857142857142855,-0.06666666666666667,0.46568431836955765,0.918752830540385,1,2,0.0014,,99.9361,books-genre-b=10
q023,biography of a president,Torso,StripeLocal,Mixed,Hybrid,hybrid-legs,0.9696809602687794,0.8,0.6666666666666666,0.7333333333333333,0.8420364384506007,0.8042402401553794,1,2,0.0014,,99.98559999999999,books-genre-a=1 | books-genre-b=9
q023,biography of a president,Torso,StripeLocal,Mixed,Hybrid,idf-correct-probe,0.7524071304464384,0.6,0.42857142857142855,0.1111111111111111,0.353132732520717,0.382707094093499,1,2,0.0014,,99.968,books-genre-a=1 | books-genre-b=9
q023,biography of a president,Torso,StripeLocal,Mixed,Hybrid,idf-correct-sidecar,0.746677536065594,0.6,0.42857142857142855,0.06666666666666667,0.34147640981756566,0.37877439393091616,1,2,0.0014,,99.9601,books-genre-a=1 | books-genre-b=9
q023,biography of a president,Torso,StripeLocal,Mixed,Hybrid,global-bm25,0.8284247097667466,0.6,0.42857142857142855,0.6,0.5705006857309249,0.6825308334655645,1,2,0.0014,,101.4402,books-genre-a=4 | books-genre-b=6
q023,biography of a president,Torso,StripeLocal,Mixed,Hybrid,local-bm25,0.8284247097667466,0.6,0.42857142857142855,0.6,0.5705006857309249,0.6825308334655645,1,2,0.0014,,101.2612,books-genre-a=4 | books-genre-b=6
q024,behavioral economics and irrational decision making,Tail,StripeLocal,Mixed,Hybrid,single-index,1,1,1,1,1,0.8913602979013121,1,1,0.0047,,193.1156,books-oracle2=10
q024,behavioral economics and irrational decision making,Tail,StripeLocal,Mixed,Hybrid,single-index-rescored,0.8871859059529089,0.8,0.6666666666666666,0.4222222222222222,0.5966618548727876,0.8468139614257033,1,1,0.0047,,193.1156,books-oracle2=10
q024,behavioral economics and irrational decision making,Tail,StripeLocal,Mixed,Hybrid,naive-score,1,1,1,1,0.9999999999999998,0.8913602979013121,1,2,0.007316667000000001,,198.5952,books-genre-b=10
q024,behavioral economics and irrational decision making,Tail,StripeLocal,Mixed,Hybrid,interleave,0.5569382598453014,0.5,0.3333333333333333,0.7333333333333333,0.38293264596589754,0.4738008483924884,1,2,0.007316667000000001,,198.57410000000002,books-genre-a=5 | books-genre-b=5
q024,behavioral economics and irrational decision making,Tail,StripeLocal,Mixed,Hybrid,quota-merge,0.7146377201139554,0.5,0.3333333333333333,0.8666666666666667,0.5756131758488364,0.5683729078633842,1,2,0.007316667000000001,,198.5653,books-genre-a=5 | books-genre-b=5
q024,behavioral economics and irrational decision making,Tail,StripeLocal,Mixed,Hybrid,global-rrf,0.7146377201139554,0.5,0.3333333333333333,0.8666666666666667,0.5756131758488364,0.5683729078633842,1,2,0.007316667000000001,,198.5819,books-genre-a=5 | books-genre-b=5
q024,behavioral economics and irrational decision making,Tail,StripeLocal,Mixed,Hybrid,minmax-norm,0.8982658901806848,0.9,0.8181818181818182,1,0.792089794407381,0.8094096846615337,1,2,0.007316667000000001,,198.6244,books-genre-a=1 | books-genre-b=9
q024,behavioral economics and irrational decision making,Tail,StripeLocal,Mixed,Hybrid,zscore-norm,0.6743147201945658,0.8,0.6666666666666666,1,0.4997358925114424,0.6679438730464663,1,2,0.007316667000000001,,198.6062,books-genre-a=2 | books-genre-b=8
q024,behavioral economics and irrational decision making,Tail,StripeLocal,Mixed,Hybrid,vector-similarity,0.9782652931705024,0.8,0.6666666666666666,0.7333333333333333,0.8715571174793093,0.8964612840850101,1,2,0.007316667000000001,,198.57410000000002,books-genre-b=10
q024,behavioral economics and irrational decision making,Tail,StripeLocal,Mixed,Hybrid,hybrid-legs,1,1,1,1,0.9999999999999998,0.8913602979013121,1,2,0.007316667000000001,,198.6976,books-genre-b=10
q024,behavioral economics and irrational decision making,Tail,StripeLocal,Mixed,Hybrid,idf-correct-probe,0.9814731674284664,0.9,0.8181818181818182,0.6,0.823695257848758,0.8426882245433646,1,2,0.007316667000000001,,198.6168,books-genre-b=10
q024,behavioral economics and irrational decision making,Tail,StripeLocal,Mixed,Hybrid,idf-correct-sidecar,0.9814731674284664,0.9,0.8181818181818182,0.6,0.823695257848758,0.8426882245433646,1,2,0.007316667000000001,,198.6198,books-genre-b=10
q024,behavioral economics and irrational decision making,Tail,StripeLocal,Mixed,Hybrid,global-bm25,0.8871859059529089,0.8,0.6666666666666666,0.4222222222222222,0.5966618548727876,0.8468139614257033,1,2,0.007316667000000001,,200.0003,books-genre-b=10
q024,behavioral economics and irrational decision making,Tail,StripeLocal,Mixed,Hybrid,local-bm25,0.8871859059529089,0.8,0.6666666666666666,0.4222222222222222,0.5966618548727876,0.8468139614257033,1,2,0.007316667000000001,,200.0804,books-genre-b=10
q025,habits productivity and personal effectiveness,Torso,StripeLocal,Mixed,Hybrid,single-index,1,1,1,1,1,0.8827904758126036,1,1,0.005266667,,229.9437,books-oracle2=10
q025,habits productivity and personal effectiveness,Torso,StripeLocal,Mixed,Hybrid,single-index-rescored,0.8645291699701759,0.7,0.5384615384615384,0.4222222222222222,0.5571193549816694,0.8229677179059928,1,1,0.005266667,,229.9437,books-oracle2=10
q025,habits productivity and personal effectiveness,Torso,StripeLocal,Mixed,Hybrid,naive-score,0.949649052337768,0.9,0.8181818181818182,0.9444444444444444,0.9232723565401595,0.8113154808371784,1,2,0.006766667,,216.2604,books-genre-a=1 | books-genre-b=9
q025,habits productivity and personal effectiveness,Torso,StripeLocal,Mixed,Hybrid,interleave,0.5324657695478926,0.5,0.3333333333333333,1,0.38293264596589754,0.4580442784321762,1,2,0.006766667,,216.2482,books-genre-a=5 | books-genre-b=5
q025,habits productivity and personal effectiveness,Torso,StripeLocal,Mixed,Hybrid,quota-merge,0.7059236361537091,0.5,0.3333333333333333,1,0.6054110313309511,0.5410307819006586,1,2,0.006766667,,216.2391,books-genre-a=5 | books-genre-b=5
q025,habits productivity and personal effectiveness,Torso,StripeLocal,Mixed,Hybrid,global-rrf,0.7059236361537091,0.5,0.3333333333333333,1,0.6054110313309511,0.5410307819006586,1,2,0.006766667,,216.25650000000002,books-genre-a=5 | books-genre-b=5
q025,habits productivity and personal effectiveness,Torso,StripeLocal,Mixed,Hybrid,minmax-norm,0.8156993445135999,0.7,0.5384615384615384,1,0.7295606600701618,0.6846389465871052,1,2,0.006766667,,216.27960000000002,books-genre-a=3 | books-genre-b=7
q025,habits productivity and personal effectiveness,Torso,StripeLocal,Mixed,Hybrid,zscore-norm,0.47191050323048395,0.6,0.42857142857142855,1,0.22244152676196838,0.46450025359464053,1,2,0.006766667,,216.2802,books-genre-a=4 | books-genre-b=6
q025,habits productivity and personal effectiveness,Torso,StripeLocal,Mixed,Hybrid,vector-similarity,0.9727367695930901,0.9,0.8181818181818182,0.6888888888888889,0.8181672188252181,0.9061602363963839,1,2,0.006766667,,216.25140000000002,books-genre-b=10
q025,habits productivity and personal effectiveness,Torso,StripeLocal,Mixed,Hybrid,hybrid-legs,0.9997206450542672,1,1,0.8666666666666667,0.983477162568283,0.8827904758126036,1,2,0.006766667,,216.3011,books-genre-b=10
q025,habits productivity and personal effectiveness,Torso,StripeLocal,Mixed,Hybrid,idf-correct-probe,0.9956647842708043,0.9,0.8181818181818182,0.6444444444444445,0.9189595171399936,0.8842952959585678,1,2,0.006766667,,216.3754,books-genre-b=10
q025,habits productivity and personal effectiveness,Torso,StripeLocal,Mixed,Hybrid,idf-correct-sidecar,0.9956647842708043,0.9,0.8181818181818182,0.6444444444444445,0.9189595171399936,0.8842952959585678,1,2,0.006766667,,216.2825,books-genre-b=10
q025,habits productivity and personal effectiveness,Torso,StripeLocal,Mixed,Hybrid,global-bm25,0.9391107680915127,0.9,0.8181818181818182,0.1111111111111111,0.5880156039386423,0.8698055002826972,1,2,0.006766667,,217.71880000000002,books-genre-b=10
q025,habits productivity and personal effectiveness,Torso,StripeLocal,Mixed,Hybrid,local-bm25,0.9391107680915127,0.9,0.8181818181818182,0.1111111111111111,0.5880156039386423,0.8698055002826972,1,2,0.006766667,,217.71460000000002,books-genre-b=10
q026,poetry collection about grief,Torso,StripeLocal,Conceptual,Hybrid,single-index,1,1,1,1,1,0.4238528209080421,1,1,0.005866667,,237.5751,books-oracle2=10
q026,poetry collection about grief,Torso,StripeLocal,Conceptual,Hybrid,single-index-rescored,0.4732330301913339,0.5,0.3333333333333333,-0.2,0.10855295889834182,0.37444310257953267,1,1,0.005866667,,237.5751,books-oracle2=10
q026,poetry collection about grief,Torso,StripeLocal,Conceptual,Hybrid,naive-score,0.9003099829439287,0.8,0.6666666666666666,1,0.881378410284329,0.4001084545419437,1,2,0.009066666000000001,,217.37869999999998,books-genre-a=2 | books-genre-b=8
q026,poetry collection about grief,Torso,StripeLocal,Conceptual,Hybrid,interleave,0.5324657695478926,0.5,0.3333333333333333,1,0.38293264596589754,0.23193395887943896,1,2,0.009066666000000001,,217.3673,books-genre-a=5 | books-genre-b=5
q026,poetry collection about grief,Torso,StripeLocal,Conceptual,Hybrid,quota-merge,0.6853354338009686,0.5,0.3333333333333333,1,0.5554664452507971,0.23370711602448196,1,2,0.009066666000000001,,217.35909999999998,books-genre-a=5 | books-genre-b=5
q026,poetry collection about grief,Torso,StripeLocal,Conceptual,Hybrid,global-rrf,0.6853354338009686,0.5,0.3333333333333333,1,0.5554664452507971,0.23370711602448196,1,2,0.009066666000000001,,217.3749,books-genre-a=5 | books-genre-b=5
q026,poetry collection about grief,Torso,StripeLocal,Conceptual,Hybrid,minmax-norm,0.791964784377545,0.7,0.5384615384615384,1,0.6605966823651851,0.3553441015040492,1,2,0.009066666000000001,,217.3998,books-genre-a=3 | books-genre-b=7
q026,poetry collection about grief,Torso,StripeLocal,Conceptual,Hybrid,zscore-norm,0.5250661491900976,0.7,0.5384615384615384,1,0.2918256869188235,0.3431382834535783,1,2,0.009066666000000001,,217.3978,books-genre-a=3 | books-genre-b=7
q026,poetry collection about grief,Torso,StripeLocal,Conceptual,Hybrid,vector-similarity,0.8358063885003001,0.5,0.3333333333333333,0.6,0.5547532798520173,0.458398170875221,1,2,0.009066666000000001,,217.3695,books-genre-b=10
q026,poetry collection about grief,Torso,StripeLocal,Conceptual,Hybrid,hybrid-legs,0.9711356903231221,0.7,0.5384615384615384,0.6888888888888889,0.9106869673554796,0.4603880103193214,1,2,0.009066666000000001,,217.4923,books-genre-b=10
q026,poetry collection about grief,Torso,StripeLocal,Conceptual,Hybrid,idf-correct-probe,0.7004033003518805,0.6,0.42857142857142855,0.15555555555555556,0.33879037647200894,0.36647634220602804,1,2,0.009066666000000001,,217.4103,books-genre-a=1 | books-genre-b=9
q026,poetry collection about grief,Torso,StripeLocal,Conceptual,Hybrid,idf-correct-sidecar,0.7004033003518805,0.6,0.42857142857142855,0.15555555555555556,0.33879037647200894,0.36647634220602804,1,2,0.009066666000000001,,217.397,books-genre-a=1 | books-genre-b=9
q026,poetry collection about grief,Torso,StripeLocal,Conceptual,Hybrid,global-bm25,0.5119660154089316,0.5,0.3333333333333333,-0.24444444444444444,0.09830942567837801,0.45079184536786293,1,2,0.009066666000000001,,218.8168,books-genre-b=10
q026,poetry collection about grief,Torso,StripeLocal,Conceptual,Hybrid,local-bm25,0.4550802601571711,0.4,0.25,0,0.06849488346825763,0.41115079162346085,1,2,0.009066666000000001,,218.7434,books-genre-a=2 | books-genre-b=8
q027,existentialist philosophy and the meaning of life,Torso,StripeLocal,Mixed,Hybrid,single-index,1,1,1,1,1,0.4206092304437581,1,1,0.004133333,,230.6549,books-oracle2=10
q027,existentialist philosophy and the meaning of life,Torso,StripeLocal,Mixed,Hybrid,single-index-rescored,0.5953746170816072,0.5,0.3333333333333333,-0.15555555555555556,0.21277371514988727,0.47947477082204665,1,1,0.004133333,,230.6549,books-oracle2=10
q027,existentialist philosophy and the meaning of life,Torso,StripeLocal,Mixed,Hybrid,naive-score,0.8156319178374958,0.7,0.5384615384615384,0.5714285714285714,0.5973341143786256,0.43855359079529543,1,2,0.010166667,,217.33020000000002,books-genre-a=4 | books-genre-b=6
q027,existentialist philosophy and the meaning of life,Torso,StripeLocal,Mixed,Hybrid,interleave,0.7651813374308063,0.6,0.42857142857142855,0.42857142857142855,0.5217525545830732,0.3665913951866906,1,2,0.010166667,,217.31990000000002,books-genre-a=5 | books-genre-b=5
q027,existentialist philosophy and the meaning of life,Torso,StripeLocal,Mixed,Hybrid,quota-merge,0.7756003243512238,0.6,0.42857142857142855,0.5238095238095238,0.5632067327683392,0.37600889006469973,1,2,0.010166667,,217.31070000000003,books-genre-a=5 | books-genre-b=5
q027,existentialist philosophy and the meaning of life,Torso,StripeLocal,Mixed,Hybrid,global-rrf,0.7756003243512238,0.6,0.42857142857142855,0.5238095238095238,0.5632067327683392,0.37600889006469973,1,2,0.010166667,,217.32780000000002,books-genre-a=5 | books-genre-b=5
q027,existentialist philosophy and the meaning of life,Torso,StripeLocal,Mixed,Hybrid,minmax-norm,0.8156319178374958,0.7,0.5384615384615384,0.5714285714285714,0.5973341143786256,0.43855359079529543,1,2,0.010166667,,217.3522,books-genre-a=4 | books-genre-b=6
q027,existentialist philosophy and the meaning of life,Torso,StripeLocal,Mixed,Hybrid,zscore-norm,0.7195312523965637,0.6,0.42857142857142855,0.3333333333333333,0.443680493338712,0.3731724206970016,1,2,0.010166667,,217.3504,books-genre-a=5 | books-genre-b=5
q027,existentialist philosophy and the meaning of life,Torso,StripeLocal,Mixed,Hybrid,vector-similarity,0.6924926309839995,0.7,0.5384615384615384,-0.3333333333333333,0.24484431063763232,0.8102223190350939,1,2,0.010166667,,217.3203,books-genre-b=10
q027,existentialist philosophy and the meaning of life,Torso,StripeLocal,Mixed,Hybrid,hybrid-legs,0.9890278762543402,0.8,0.6666666666666666,0.9111111111111111,0.9434015594825784,0.49391316354152165,1,2,0.010166667,,217.37390000000002,books-genre-a=1 | books-genre-b=9
q027,existentialist philosophy and the meaning of life,Torso,StripeLocal,Mixed,Hybrid,idf-correct-probe,0.9175779197746751,0.6,0.42857142857142855,0.7777777777777778,0.7482666028948864,0.30915221247360447,1,2,0.010166667,,217.3591,books-genre-a=2 | books-genre-b=8
q027,existentialist philosophy and the meaning of life,Torso,StripeLocal,Mixed,Hybrid,idf-correct-sidecar,0.9175779197746751,0.6,0.42857142857142855,0.7777777777777778,0.7482666028948864,0.30915221247360447,1,2,0.010166667,,217.3511,books-genre-a=2 | books-genre-b=8
q027,existentialist philosophy and the meaning of life,Torso,StripeLocal,Mixed,Hybrid,global-bm25,0.5933126442050424,0.5,0.3333333333333333,0.1111111111111111,0.26157137663813856,0.5139451277787449,1,2,0.010166667,,218.80560000000003,books-genre-a=2 | books-genre-b=8
q027,existentialist philosophy and the meaning of life,Torso,StripeLocal,Mixed,Hybrid,local-bm25,0.5209633525036567,0.4,0.25,-0.3333333333333333,0.16604067610436068,0.3891658434526399,1,2,0.010166667,,218.69000000000003,books-genre-a=5 | books-genre-b=5
q028,evolutionary biology explained for general readers,Torso,StripeLocal,Conceptual,Hybrid,single-index,1,1,1,1,1,0.8133028614064552,1,1,0.003516667,,188.4124,books-oracle2=10
q028,evolutionary biology explained for general readers,Torso,StripeLocal,Conceptual,Hybrid,single-index-rescored,0.7083741772420531,0.4,0.25,-0.022222222222222223,0.24962119075357547,0.6620624211895041,1,1,0.003516667,,188.4124,books-oracle2=10
q028,evolutionary biology explained for general readers,Torso,StripeLocal,Conceptual,Hybrid,naive-score,0.8120382241732126,0.8,0.6666666666666666,0.4666666666666667,0.6101540484016851,0.6257275149026581,1,2,0.0033499999999999997,,141.9564,books-genre-a=2 | books-genre-b=8
q028,evolutionary biology explained for general readers,Torso,StripeLocal,Conceptual,Hybrid,interleave,0.6315298902310973,0.5,0.3333333333333333,0.047619047619047616,0.38293264596589754,0.4670249653778393,1,2,0.0033499999999999997,,141.94559999999998,books-genre-a=5 | books-genre-b=5
q028,evolutionary biology explained for general readers,Torso,StripeLocal,Conceptual,Hybrid,quota-merge,0.6362130097823473,0.5,0.3333333333333333,0.047619047619047616,0.4019324519720342,0.4699127718931451,1,2,0.0033499999999999997,,141.9367,books-genre-a=5 | books-genre-b=5
q028,evolutionary biology explained for general readers,Torso,StripeLocal,Conceptual,Hybrid,global-rrf,0.6362130097823473,0.5,0.3333333333333333,0.047619047619047616,0.4019324519720342,0.4699127718931451,1,2,0.0033499999999999997,,141.954,books-genre-a=5 | books-genre-b=5
q028,evolutionary biology explained for general readers,Torso,StripeLocal,Conceptual,Hybrid,minmax-norm,0.8111940982741355,0.8,0.6666666666666666,0.4222222222222222,0.6009746942729535,0.6257275149026581,1,2,0.0033499999999999997,,141.9771,books-genre-a=2 | books-genre-b=8
q028,evolutionary biology explained for general readers,Torso,StripeLocal,Conceptual,Hybrid,zscore-norm,0.6689194384774375,0.7,0.5384615384615384,0.05555555555555555,0.2918256869188235,0.4464032865835991,1,2,0.0033499999999999997,,141.97719999999998,books-genre-a=3 | books-genre-b=7
q028,evolutionary biology explained for general readers,Torso,StripeLocal,Conceptual,Hybrid,vector-similarity,0.9235664896879353,0.8,0.6666666666666666,-0.1111111111111111,0.5424294894850183,0.9324303156581432,1,2,0.0033499999999999997,,141.9466,books-genre-b=10
q028,evolutionary biology explained for general readers,Torso,StripeLocal,Conceptual,Hybrid,hybrid-legs,0.943071835676273,0.9,0.8181818181818182,0.8222222222222222,0.7936046839960988,0.8493883801989895,1,2,0.0033499999999999997,,141.9972,books-genre-b=10
q028,evolutionary biology explained for general readers,Torso,StripeLocal,Conceptual,Hybrid,idf-correct-probe,0.7623632762177583,0.8,0.6666666666666666,0.1111111111111111,0.4795891619134032,0.4867730426326832,1,2,0.0033499999999999997,,142.0074,books-genre-a=1 | books-genre-b=9
q028,evolutionary biology explained for general readers,Torso,StripeLocal,Conceptual,Hybrid,idf-correct-sidecar,0.7452471838470783,0.8,0.6666666666666666,-0.2,0.40831838355495087,0.46404202909747533,1,2,0.0033499999999999997,,142.0082,books-genre-a=1 | books-genre-b=9
q028,evolutionary biology explained for general readers,Torso,StripeLocal,Conceptual,Hybrid,global-bm25,0.745035442170213,0.5,0.3333333333333333,-0.1111111111111111,0.27456921823513025,0.6885514083746024,1,2,0.0033499999999999997,,143.378,books-genre-b=10
q028,evolutionary biology explained for general readers,Torso,StripeLocal,Conceptual,Hybrid,local-bm25,0.745035442170213,0.5,0.3333333333333333,-0.1111111111111111,0.27456921823513025,0.6885514083746024,1,2,0.0033499999999999997,,143.3828,books-genre-b=10
q029,the history of the Roman empire,Torso,StripeLocal,Lexical,Hybrid,single-index,1,1,1,1,1,0.8895745431356592,1,1,0.0047,,233.4166,books-oracle2=10
q029,the history of the Roman empire,Torso,StripeLocal,Lexical,Hybrid,single-index-rescored,0.8409285958617777,0.5,0.3333333333333333,0.1111111111111111,0.5199438018129435,0.8931118392590842,1,1,0.0047,,233.4166,books-oracle2=10
q029,the history of the Roman empire,Torso,StripeLocal,Lexical,Hybrid,naive-score,0.8780428542389789,0.5,0.3333333333333333,0.6111111111111112,0.7915391242502786,0.8232527470503709,1,2,0.009583333,,215.8068,books-genre-a=5 | books-genre-b=5
q029,the history of the Roman empire,Torso,StripeLocal,Lexical,Hybrid,interleave,0.6921193674058835,0.5,0.3333333333333333,0.1111111111111111,0.38293264596589754,0.623711671621091,1,2,0.009583333,,215.7956,books-genre-a=5 | books-genre-b=5
q029,the history of the Roman empire,Torso,StripeLocal,Lexical,Hybrid,quota-merge,0.6991088814283802,0.5,0.3333333333333333,0.16666666666666666,0.4147356992670882,0.623711671621091,1,2,0.009583333,,215.78730000000002,books-genre-a=5 | books-genre-b=5
q029,the history of the Roman empire,Torso,StripeLocal,Lexical,Hybrid,global-rrf,0.6991088814283802,0.5,0.3333333333333333,0.16666666666666666,0.4147356992670882,0.623711671621091,1,2,0.009583333,,215.804,books-genre-a=5 | books-genre-b=5
q029,the history of the Roman empire,Torso,StripeLocal,Lexical,Hybrid,minmax-norm,0.5841273924366719,0.3,0.17647058823529413,0.047619047619047616,0.318567640802932,0.5521919198657321,1,2,0.009583333,,215.8476,books-genre-a=7 | books-genre-b=3
q029,the history of the Roman empire,Torso,StripeLocal,Lexical,Hybrid,zscore-norm,0.8743380937345392,0.5,0.3333333333333333,0.5555555555555556,0.7707034474183957,0.8162665373302792,1,2,0.009583333,,215.83020000000002,books-genre-a=5 | books-genre-b=5
q029,the history of the Roman empire,Torso,StripeLocal,Lexical,Hybrid,vector-similarity,0.8928806850740999,0.5,0.3333333333333333,0.6,0.6449806492776858,0.9427451374310651,1,2,0.009583333,,215.8,books-genre-b=10
q029,the history of the Roman empire,Torso,StripeLocal,Lexical,Hybrid,hybrid-legs,0.9830245741623757,0.9,0.8181818181818182,0.8222222222222222,0.9434190871381988,0.8861233898257745,1,2,0.009583333,,215.84990000000002,books-genre-b=10
q029,the history of the Roman empire,Torso,StripeLocal,Lexical,Hybrid,idf-correct-probe,0.9128894576752993,0.6,0.42857142857142855,0.5555555555555556,0.7431616452139055,0.8079809844878406,1,2,0.009583333,,215.8372,books-genre-a=3 | books-genre-b=7
q029,the history of the Roman empire,Torso,StripeLocal,Lexical,Hybrid,idf-correct-sidecar,0.9128894576752993,0.6,0.42857142857142855,0.5555555555555556,0.7431616452139055,0.8079809844878406,1,2,0.009583333,,215.8272,books-genre-a=3 | books-genre-b=7
q029,the history of the Roman empire,Torso,StripeLocal,Lexical,Hybrid,global-bm25,0.9070371327535366,0.7,0.5384615384615384,0.2,0.6779073633623427,0.9420833886987984,1,2,0.009583333,,217.2181,books-genre-a=1 | books-genre-b=9
q029,the history of the Roman empire,Torso,StripeLocal,Lexical,Hybrid,local-bm25,0.864161418063986,0.6,0.42857142857142855,0.28888888888888886,0.5912125222083299,0.8931118392590842,1,2,0.009583333,,217.17860000000002,books-genre-a=1 | books-genre-b=9
q030,a novel narrated by an unreliable narrator in a decaying southern town,Tail,StripeLocal,Conceptual,Hybrid,single-index,1,1,1,1,1,0.3792577628108588,1,1,0.0053,,236.7926,books-oracle2=10
q030,a novel narrated by an unreliable narrator in a decaying southern town,Tail,StripeLocal,Conceptual,Hybrid,single-index-rescored,0.5244655922965251,0.2,0.1111111111111111,0.2,0.11065743521031306,0.32878471650483343,1,1,0.0053,,236.7926,books-oracle2=10
q030,a novel narrated by an unreliable narrator in a decaying southern town,Tail,StripeLocal,Conceptual,Hybrid,naive-score,0.9919432607748988,0.9,0.8181818181818182,0.7777777777777778,0.9166518755589033,0.41044918372675593,1,2,0.009616666999999999,,228.3558,books-genre-a=6 | books-genre-b=4
q030,a novel narrated by an unreliable narrator in a decaying southern town,Tail,StripeLocal,Conceptual,Hybrid,interleave,0.8895323904994549,0.9,0.8181818181818182,0.6,0.6775047478729803,0.38787555065691415,1,2,0.009616666999999999,,228.33839999999998,books-genre-a=5 | books-genre-b=5
q030,a novel narrated by an unreliable narrator in a decaying southern town,Tail,StripeLocal,Conceptual,Hybrid,quota-merge,0.8875210523601339,0.9,0.8181818181818182,0.4666666666666667,0.6383582112688044,0.39172751922608856,1,2,0.009616666999999999,,228.3312,books-genre-a=5 | books-genre-b=5
q030,a novel narrated by an unreliable narrator in a decaying southern town,Tail,StripeLocal,Conceptual,Hybrid,global-rrf,0.8875210523601339,0.9,0.8181818181818182,0.4666666666666667,0.6383582112688044,0.39172751922608856,1,2,0.009616666999999999,,228.34599999999998,books-genre-a=5 | books-genre-b=5
q030,a novel narrated by an unreliable narrator in a decaying southern town,Tail,StripeLocal,Conceptual,Hybrid,minmax-norm,0.9000745019315092,0.9,0.8181818181818182,0.8222222222222222,0.7148632621365802,0.4018313958807006,1,2,0.009616666999999999,,228.3715,books-genre-a=7 | books-genre-b=3
q030,a novel narrated by an unreliable narrator in a decaying southern town,Tail,StripeLocal,Conceptual,Hybrid,zscore-norm,0.9919432607748988,0.9,0.8181818181818182,0.7777777777777778,0.9166518755589033,0.41044918372675593,1,2,0.009616666999999999,,228.37089999999998,books-genre-a=6 | books-genre-b=4
q030,a novel narrated by an unreliable narrator in a decaying southern town,Tail,StripeLocal,Conceptual,Hybrid,vector-similarity,0.6892171348307194,0.3,0.17647058823529413,0.6,0.31176719884463766,0.3066720825848718,1,2,0.009616666999999999,,228.339,books-genre-a=4 | books-genre-b=6
q030,a novel narrated by an unreliable narrator in a decaying southern town,Tail,StripeLocal,Conceptual,Hybrid,hybrid-legs,0.978745147656155,0.8,0.6666666666666666,0.5555555555555556,0.8110729136855118,0.4040858916213258,1,2,0.009616666999999999,,228.5512,books-genre-a=6 | books-genre-b=4
q030,a novel narrated by an unreliable narrator in a decaying southern town,Tail,StripeLocal,Conceptual,Hybrid,idf-correct-probe,0.513320061014541,0.2,0.1111111111111111,0.6888888888888889,0.19473146086381926,0.22400982187151083,1,2,0.009616666999999999,,228.3876,books-genre-a=6 | books-genre-b=4
q030,a novel narrated by an unreliable narrator in a decaying southern town,Tail,StripeLocal,Conceptual,Hybrid,idf-correct-sidecar,0.513320061014541,0.2,0.1111111111111111,0.6888888888888889,0.19473146086381926,0.22400982187151083,1,2,0.009616666999999999,,228.37759999999997,books-genre-a=6 | books-genre-b=4
q030,a novel narrated by an unreliable narrator in a decaying southern town,Tail,StripeLocal,Conceptual,Hybrid,global-bm25,0.5971835623148896,0.4,0.25,-0.06666666666666667,0.16584308624454697,0.33018009894125083,1,2,0.009616666999999999,,229.72609999999997,books-genre-a=5 | books-genre-b=5
q030,a novel narrated by an unreliable narrator in a decaying southern town,Tail,StripeLocal,Conceptual,Hybrid,local-bm25,0.5922447997144654,0.3,0.17647058823529413,-0.06666666666666667,0.1447848168205994,0.30760646587140905,1,2,0.009616666999999999,,229.74519999999998,books-genre-a=3 | books-genre-b=7
q031,Regency romance with a reluctant duke,Tail,StripeLocal,Mixed,Hybrid,single-index,1,1,1,1,1,0.8149814593056524,1,1,0.005266667,,232.0968,books-oracle2=10
q031,Regency romance with a reluctant duke,Tail,StripeLocal,Mixed,Hybrid,single-index-rescored,0.8304822975694038,0.4,0.25,0.4666666666666667,0.5755964891208307,0.878057900021937,1,1,0.005266667,,232.0968,books-oracle2=10
q031,Regency romance with a reluctant duke,Tail,StripeLocal,Mixed,Hybrid,naive-score,0.9676674993973782,0.9,0.8181818181818182,0.5111111111111111,0.8130517905097306,0.7665785279292945,1,2,0.007350000000000001,,221.8423,books-genre-a=1 | books-genre-b=9
q031,Regency romance with a reluctant duke,Tail,StripeLocal,Mixed,Hybrid,interleave,0.6340144550766776,0.5,0.3333333333333333,0.047619047619047616,0.38293264596589754,0.39313826646592454,1,2,0.007350000000000001,,221.8304,books-genre-a=5 | books-genre-b=5
q031,Regency romance with a reluctant duke,Tail,StripeLocal,Mixed,Hybrid,quota-merge,0.7544238143803068,0.5,0.3333333333333333,0.14285714285714285,0.5438101225476458,0.5461344240237491,1,2,0.007350000000000001,,221.82229999999998,books-genre-a=5 | books-genre-b=5
q031,Regency romance with a reluctant duke,Tail,StripeLocal,Mixed,Hybrid,global-rrf,0.7544238143803068,0.5,0.3333333333333333,0.14285714285714285,0.5438101225476458,0.5461344240237491,1,2,0.007350000000000001,,221.8382,books-genre-a=5 | books-genre-b=5
q031,Regency romance with a reluctant duke,Tail,StripeLocal,Mixed,Hybrid,minmax-norm,0.9450527550853912,0.9,0.8181818181818182,0.4666666666666667,0.7439614935342872,0.7434245130234053,1,2,0.007350000000000001,,221.862,books-genre-a=1 | books-genre-b=9
q031,Regency romance with a reluctant duke,Tail,StripeLocal,Mixed,Hybrid,zscore-norm,0.7887146790474764,0.8,0.6666666666666666,0.3888888888888889,0.5771357954771207,0.5740939740818513,1,2,0.007350000000000001,,221.8614,books-genre-a=2 | books-genre-b=8
q031,Regency romance with a reluctant duke,Tail,StripeLocal,Mixed,Hybrid,vector-similarity,0.8321120782859662,0.6,0.42857142857142855,0.6,0.5184251486081616,0.5732430713559219,1,2,0.007350000000000001,,221.83079999999998,books-genre-b=10
q031,Regency romance with a reluctant duke,Tail,StripeLocal,Mixed,Hybrid,hybrid-legs,0.9782061345526101,0.9,0.8181818181818182,0.7777777777777778,0.8599648917594506,0.8125907063931261,1,2,0.007350000000000001,,222.0991,books-genre-a=1 | books-genre-b=9
q031,Regency romance with a reluctant duke,Tail,StripeLocal,Mixed,Hybrid,idf-correct-probe,0.9166059968434486,0.5,0.3333333333333333,0.8222222222222222,0.8054884552096204,0.8143532324519973,1,2,0.007350000000000001,,221.87109999999998,books-genre-a=2 | books-genre-b=8
q031,Regency romance with a reluctant duke,Tail,StripeLocal,Mixed,Hybrid,idf-correct-sidecar,0.9166059968434486,0.5,0.3333333333333333,0.8222222222222222,0.8054884552096204,0.8143532324519973,1,2,0.007350000000000001,,221.86509999999998,books-genre-a=2 | books-genre-b=8
q031,Regency romance with a reluctant duke,Tail,StripeLocal,Mixed,Hybrid,global-bm25,0.8103553539020533,0.4,0.25,0.5,0.5829399724238159,0.8983556274857594,1,2,0.007350000000000001,,223.1876,books-genre-a=3 | books-genre-b=7
q031,Regency romance with a reluctant duke,Tail,StripeLocal,Mixed,Hybrid,local-bm25,0.8076316616219573,0.4,0.25,0.5555555555555556,0.5755964891208307,0.8953054614644412,1,2,0.007350000000000001,,223.23149999999998,books-genre-a=3 | books-genre-b=7
q032,cookbook,Head,StripeLocal,Lexical,Hybrid,single-index,1,1,1,1,1,1,1,1,0.000583333,,126.0995,books-oracle2=10
q032,cookbook,Head,StripeLocal,Lexical,Hybrid,single-index-rescored,0.5707359054392908,0.5,0.3333333333333333,-0.15555555555555556,0.1676760581796128,1,1,1,0.000583333,,126.0995,books-oracle2=10
q032,cookbook,Head,StripeLocal,Lexical,Hybrid,naive-score,0.9139018259114605,0.6,0.42857142857142855,0.4222222222222222,0.6131942827045009,1,1,2,0.0008500000000000001,,106.086,books-genre-a=6 | books-genre-b=4
q032,cookbook,Head,StripeLocal,Lexical,Hybrid,interleave,0.9642535441389007,0.7,0.5384615384615384,0.6,0.8137610049941346,1,1,2,0.0008500000000000001,,106.0765,books-genre-a=5 | books-genre-b=5
q032,cookbook,Head,StripeLocal,Lexical,Hybrid,quota-merge,0.9161359059126549,0.7,0.5384615384615384,0.7333333333333333,0.7206809959067743,1,1,2,0.0008500000000000001,,106.06859999999999,books-genre-a=5 | books-genre-b=5
q032,cookbook,Head,StripeLocal,Lexical,Hybrid,global-rrf,0.9161359059126549,0.7,0.5384615384615384,0.7333333333333333,0.7206809959067743,1,1,2,0.0008500000000000001,,106.0847,books-genre-a=5 | books-genre-b=5
q032,cookbook,Head,StripeLocal,Lexical,Hybrid,minmax-norm,0.908549521237843,0.7,0.5384615384615384,0.5111111111111111,0.6451169637668421,1,1,2,0.0008500000000000001,,106.10759999999999,books-genre-a=5 | books-genre-b=5
q032,cookbook,Head,StripeLocal,Lexical,Hybrid,zscore-norm,0.859830590692952,0.5,0.3333333333333333,0.2,0.4725393441891935,1,1,2,0.0008500000000000001,,106.10679999999999,books-genre-a=7 | books-genre-b=3
q032,cookbook,Head,StripeLocal,Lexical,Hybrid,vector-similarity,0.9096271291453927,0.6,0.42857142857142855,0.37777777777777777,0.6237045217433641,1,1,2,0.0008500000000000001,,106.0805,books-genre-a=1 | books-genre-b=9
q032,cookbook,Head,StripeLocal,Lexical,Hybrid,hybrid-legs,0.9679506037370261,0.7,0.5384615384615384,0.7333333333333333,0.7996162388052401,1,1,2,0.0008500000000000001,,106.1386,books-genre-a=3 | books-genre-b=7
q032,cookbook,Head,StripeLocal,Lexical,Hybrid,idf-correct-probe,0.7397798306441546,0.6,0.42857142857142855,0.3333333333333333,0.4244035108791692,1,1,2,0.0008500000000000001,,106.11059999999999,books-genre-a=3 | books-genre-b=7
q032,cookbook,Head,StripeLocal,Lexical,Hybrid,idf-correct-sidecar,0.7397798306441546,0.6,0.42857142857142855,0.3333333333333333,0.4244035108791692,1,1,2,0.0008500000000000001,,106.09949999999999,books-genre-a=3 | books-genre-b=7
q032,cookbook,Head,StripeLocal,Lexical,Hybrid,global-bm25,0.5707359054392908,0.5,0.3333333333333333,-0.15555555555555556,0.1676760581796128,1,1,2,0.0008500000000000001,,107.6322,books-genre-a=3 | books-genre-b=7
q032,cookbook,Head,StripeLocal,Lexical,Hybrid,local-bm25,0.6980844317726534,0.6,0.42857142857142855,-0.28888888888888886,0.23340890323127603,1,1,2,0.0008500000000000001,,107.5163,books-genre-a=4 | books-genre-b=6
q033,travel writing about walking across a country,Tail,StripeLocal,Conceptual,Hybrid,single-index,1,1,1,1,1,0.7364261320205298,1,1,0.0047,,230.3472,books-oracle2=10
q033,travel writing about walking across a country,Tail,StripeLocal,Conceptual,Hybrid,single-index-rescored,0.5472026294124622,0.3,0.17647058823529413,0.37777777777777777,0.1807305416010118,0.3600164916767654,1,1,0.0047,,230.3472,books-oracle2=10
q033,travel writing about walking across a country,Tail,StripeLocal,Conceptual,Hybrid,naive-score,0.817011687840898,0.8,0.6666666666666666,0.2222222222222222,0.569171640971763,0.5390854342289424,1,2,0.007933333,,216.1414,books-genre-a=3 | books-genre-b=7
q033,travel writing about walking across a country,Tail,StripeLocal,Conceptual,Hybrid,interleave,0.7258205099845706,0.6,0.42857142857142855,0.07142857142857142,0.4321700755247134,0.48539110492906773,1,2,0.007933333,,216.1288,books-genre-a=5 | books-genre-b=5
q033,travel writing about walking across a country,Tail,StripeLocal,Conceptual,Hybrid,quota-merge,0.7365936724021599,0.6,0.42857142857142855,0.14285714285714285,0.48096773701296475,0.49751560490936664,1,2,0.007933333,,216.12040000000002,books-genre-a=5 | books-genre-b=5
q033,travel writing about walking across a country,Tail,StripeLocal,Conceptual,Hybrid,global-rrf,0.7365936724021599,0.6,0.42857142857142855,0.14285714285714285,0.48096773701296475,0.49751560490936664,1,2,0.007933333,,216.1365,books-genre-a=5 | books-genre-b=5
q033,travel writing about walking across a country,Tail,StripeLocal,Conceptual,Hybrid,minmax-norm,0.817011687840898,0.8,0.6666666666666666,0.2222222222222222,0.569171640971763,0.5390854342289424,1,2,0.007933333,,216.16070000000002,books-genre-a=3 | books-genre-b=7
q033,travel writing about walking across a country,Tail,StripeLocal,Conceptual,Hybrid,zscore-norm,0.5908576969165275,0.5,0.3333333333333333,-0.14285714285714285,0.23591619263524577,0.29093412248403083,1,2,0.007933333,,216.1801,books-genre-a=6 | books-genre-b=4
q033,travel writing about walking across a country,Tail,StripeLocal,Conceptual,Hybrid,vector-similarity,0.912830477347311,0.7,0.5384615384615384,0.5111111111111111,0.6381431511136703,0.6779785406384933,1,2,0.007933333,,216.1303,books-genre-b=10
q033,travel writing about walking across a country,Tail,StripeLocal,Conceptual,Hybrid,hybrid-legs,0.9937077383962426,0.9,0.8181818181818182,0.8222222222222222,0.9234699463999734,0.7276490819086019,1,2,0.007933333,,216.3009,books-genre-a=1 | books-genre-b=9
q033,travel writing about walking across a country,Tail,StripeLocal,Conceptual,Hybrid,idf-correct-probe,0.9082740188738196,0.6,0.42857142857142855,0.3333333333333333,0.6248506054076522,0.6026160050558615,0.9,2,0.007933333,,216.17430000000002,books-genre-a=3 | books-genre-b=7
q033,travel writing about walking across a country,Tail,StripeLocal,Conceptual,Hybrid,idf-correct-sidecar,0.9055890650606384,0.6,0.42857142857142855,0.24444444444444444,0.6058507994015156,0.5938403267332848,0.9,2,0.007933333,,216.16490000000002,books-genre-a=3 | books-genre-b=7
q033,travel writing about walking across a country,Tail,StripeLocal,Conceptual,Hybrid,global-bm25,0.5276669340213194,0.4,0.25,0.2777777777777778,0.20178881102495935,0.35224880457588076,1,2,0.007933333,,217.52790000000002,books-genre-a=3 | books-genre-b=7
q033,travel writing about walking across a country,Tail,StripeLocal,Conceptual,Hybrid,local-bm25,0.4914114419873483,0.3,0.17647058823529413,0.42857142857142855,0.19584058954954126,0.34135138814442006,1,2,0.007933333,,217.5688,books-genre-a=4 | books-genre-b=6
q034,startup founder building a company from nothing,Torso,StripeLocal,Conceptual,Hybrid,single-index,1,1,1,1,1,0.9432106656105237,1,1,0.005266667,,236.3292,books-oracle2=10
q034,startup founder building a company from nothing,Torso,StripeLocal,Conceptual,Hybrid,single-index-rescored,0.608077968333682,0.5,0.3333333333333333,0.24444444444444444,0.23549395222030153,0.7401734969718516,1,1,0.005266667,,236.3292,books-oracle2=10
q034,startup founder building a company from nothing,Torso,StripeLocal,Conceptual,Hybrid,naive-score,0.9471329971255154,0.8,0.6666666666666666,0.9444444444444444,0.95258091361131,0.8603818544462509,1,2,0.007866667,,198.27659999999997,books-genre-a=2 | books-genre-b=8
q034,startup founder building a company from nothing,Torso,StripeLocal,Conceptual,Hybrid,interleave,0.5701229545758584,0.5,0.3333333333333333,0.4666666666666667,0.38293264596589754,0.45726438987774115,1,2,0.007866667,,198.2608,books-genre-a=5 | books-genre-b=5
q034,startup founder building a company from nothing,Torso,StripeLocal,Conceptual,Hybrid,quota-merge,0.739588983806114,0.5,0.3333333333333333,0.6,0.609723870731117,0.5634652300982923,1,2,0.007866667,,198.25349999999997,books-genre-a=5 | books-genre-b=5
q034,startup founder building a company from nothing,Torso,StripeLocal,Conceptual,Hybrid,global-rrf,0.739588983806114,0.5,0.3333333333333333,0.6,0.609723870731117,0.5634652300982923,1,2,0.007866667,,198.2686,books-genre-a=5 | books-genre-b=5
q034,startup founder building a company from nothing,Torso,StripeLocal,Conceptual,Hybrid,minmax-norm,0.8722117790648632,0.8,0.6666666666666666,0.6666666666666666,0.6947240639754714,0.7663491917568946,1,2,0.007866667,,198.2918,books-genre-a=2 | books-genre-b=8
q034,startup founder building a company from nothing,Torso,StripeLocal,Conceptual,Hybrid,zscore-norm,0.486144548249696,0.5,0.3333333333333333,0.3333333333333333,0.23522724640140208,0.4039256030930507,1,2,0.007866667,,198.29209999999998,books-genre-a=5 | books-genre-b=5
q034,startup founder building a company from nothing,Torso,StripeLocal,Conceptual,Hybrid,vector-similarity,0.954825545780197,0.6,0.42857142857142855,0.6888888888888889,0.7914875359468132,0.9636452638863133,1,2,0.007866667,,198.26309999999998,books-genre-b=10
q034,startup founder building a company from nothing,Torso,StripeLocal,Conceptual,Hybrid,hybrid-legs,0.998827255748741,0.9,0.8181818181818182,1,0.9940517785245819,0.9432106656105237,1,2,0.007866667,,198.309,books-genre-b=10
q034,startup founder building a company from nothing,Torso,StripeLocal,Conceptual,Hybrid,idf-correct-probe,0.8987981133280724,0.8,0.6666666666666666,0.6444444444444445,0.6913724388356236,0.8128236231221232,1,2,0.007866667,,198.33229999999998,books-genre-a=1 | books-genre-b=9
q034,startup founder building a company from nothing,Torso,StripeLocal,Conceptual,Hybrid,idf-correct-sidecar,0.8987981133280724,0.8,0.6666666666666666,0.6444444444444445,0.6913724388356236,0.8128236231221232,1,2,0.007866667,,198.29659999999998,books-genre-a=1 | books-genre-b=9
q034,startup founder building a company from nothing,Torso,StripeLocal,Conceptual,Hybrid,global-bm25,0.6641324465402494,0.7,0.5384615384615384,-0.022222222222222223,0.2698439264226525,0.8637527161011885,1,2,0.007866667,,199.7388,books-genre-a=1 | books-genre-b=9
q034,startup founder building a company from nothing,Torso,StripeLocal,Conceptual,Hybrid,local-bm25,0.6123779867036734,0.6,0.42857142857142855,0.1111111111111111,0.25655222164424907,0.7974984926467995,1,2,0.007866667,,199.7106,books-genre-a=2 | books-genre-b=8
q035,a marriage falling apart told from both perspectives,Tail,StripeLocal,Conceptual,Hybrid,single-index,1,1,1,1,1,0.17487564024920665,1,1,0.0047,,237.9339,books-oracle2=10
q035,a marriage falling apart told from both perspectives,Tail,StripeLocal,Conceptual,Hybrid,single-index-rescored,0.42689905574998815,0.1,0.05263157894736842,-0.06666666666666667,0.0492374295588158,0.10354920608259177,1,1,0.0047,,237.9339,books-oracle2=10
q035,a marriage falling apart told from both perspectives,Tail,StripeLocal,Conceptual,Hybrid,naive-score,0.8984354572550893,0.8,0.6666666666666666,0.8888888888888888,0.7559553021089631,0.14674562941861546,1,2,0.009649999999999999,,217.93679999999998,books-genre-a=1 | books-genre-b=9
q035,a marriage falling apart told from both perspectives,Tail,StripeLocal,Conceptual,Hybrid,interleave,0.5023786140293356,0.5,0.3333333333333333,0.6,0.38293264596589754,0.19553485232225207,1,2,0.009649999999999999,,217.9254,books-genre-a=5 | books-genre-b=5
q035,a marriage falling apart told from both perspectives,Tail,StripeLocal,Conceptual,Hybrid,quota-merge,0.6296396853318961,0.5,0.3333333333333333,0.6,0.44453355474920275,0.19691812716773877,1,2,0.009649999999999999,,217.92219999999998,books-genre-a=5 | books-genre-b=5
q035,a marriage falling apart told from both perspectives,Tail,StripeLocal,Conceptual,Hybrid,global-rrf,0.6296396853318961,0.5,0.3333333333333333,0.6,0.44453355474920275,0.19691812716773877,1,2,0.009649999999999999,,217.9371,books-genre-a=5 | books-genre-b=5
q035,a marriage falling apart told from both perspectives,Tail,StripeLocal,Conceptual,Hybrid,minmax-norm,0.6363981958174852,0.6,0.42857142857142855,0.7333333333333333,0.396224350744301,0.11400792240146829,1,2,0.009649999999999999,,217.9586,books-genre-a=4 | books-genre-b=6
q035,a marriage falling apart told from both perspectives,Tail,StripeLocal,Conceptual,Hybrid,zscore-norm,0.6363981958174852,0.6,0.42857142857142855,0.7333333333333333,0.396224350744301,0.11400792240146829,1,2,0.009649999999999999,,217.9571,books-genre-a=4 | books-genre-b=6
q035,a marriage falling apart told from both perspectives,Tail,StripeLocal,Conceptual,Hybrid,vector-similarity,0.7434877499477263,0.4,0.25,0.24444444444444444,0.3879518009597871,0.16236798063587166,1,2,0.009649999999999999,,217.9263,books-genre-b=10
q035,a marriage falling apart told from both perspectives,Tail,StripeLocal,Conceptual,Hybrid,hybrid-legs,0.9061943542292897,0.7,0.5384615384615384,0.6,0.6359376096381106,0.15979337005201494,1,2,0.009649999999999999,,217.9715,books-genre-b=10
q035,a marriage falling apart told from both perspectives,Tail,StripeLocal,Conceptual,Hybrid,idf-correct-probe,0.4225603666079219,0.1,0.05263157894736842,0.4666666666666667,0.0492374295588158,0.09201577177813196,1,2,0.009649999999999999,,217.9707,books-genre-a=4 | books-genre-b=6
q035,a marriage falling apart told from both perspectives,Tail,StripeLocal,Conceptual,Hybrid,idf-correct-sidecar,0.4225603666079219,0.1,0.05263157894736842,0.4666666666666667,0.0492374295588158,0.09201577177813196,1,2,0.009649999999999999,,217.95829999999998,books-genre-a=4 | books-genre-b=6
q035,a marriage falling apart told from both perspectives,Tail,StripeLocal,Conceptual,Hybrid,global-bm25,0.4197253638491612,0.1,0.05263157894736842,-0.16666666666666666,0.0492374295588158,0.09172557565171406,1,2,0.009649999999999999,,219.3568,books-genre-a=6 | books-genre-b=4
q035,a marriage falling apart told from both perspectives,Tail,StripeLocal,Conceptual,Hybrid,local-bm25,0.4101528404525495,0.1,0.05263157894736842,0.1111111111111111,0.0492374295588158,0.09226565667177854,1,2,0.009649999999999999,,219.38909999999998,books-genre-a=7 | books-genre-b=3
q036,essays on race in America,Torso,StripeLocal,Mixed,Hybrid,single-index,1,1,1,1,1,0.3979848994883636,1,1,0.0047,,221.5608,books-oracle2=10
q036,essays on race in America,Torso,StripeLocal,Mixed,Hybrid,single-index-rescored,0.46136903331298706,0.3,0.17647058823529413,-0.37777777777777777,0.06254666199283952,0.45259274029867963,1,1,0.0047,,221.5608,books-oracle2=10
q036,essays on race in America,Torso,StripeLocal,Mixed,Hybrid,naive-score,0.7978595226274937,0.7,0.5384615384615384,0.5555555555555556,0.5833701500943842,0.40595877647790124,1,2,0.003933333,,164.093,books-genre-a=2 | books-genre-b=8
q036,essays on race in America,Torso,StripeLocal,Mixed,Hybrid,interleave,0.6305260278343746,0.5,0.3333333333333333,0.3333333333333333,0.38293264596589754,0.2144730017159226,1,2,0.003933333,,164.08249999999998,books-genre-a=5 | books-genre-b=5
q036,essays on race in America,Torso,StripeLocal,Mixed,Hybrid,quota-merge,0.657283235154862,0.5,0.3333333333333333,0.3333333333333333,0.4561898774523541,0.21868982714748444,1,2,0.003933333,,164.0735,books-genre-a=5 | books-genre-b=5
q036,essays on race in America,Torso,StripeLocal,Mixed,Hybrid,global-rrf,0.657283235154862,0.5,0.3333333333333333,0.3333333333333333,0.4561898774523541,0.21868982714748444,1,2,0.003933333,,164.0904,books-genre-a=5 | books-genre-b=5
q036,essays on race in America,Torso,StripeLocal,Mixed,Hybrid,minmax-norm,0.8058860222571156,0.7,0.5384615384615384,0.5555555555555556,0.6193158748747966,0.4175517186018494,1,2,0.003933333,,164.1135,books-genre-a=2 | books-genre-b=8
q036,essays on race in America,Torso,StripeLocal,Mixed,Hybrid,zscore-norm,0.6833455384184555,0.7,0.5384615384615384,0.5,0.424697374060581,0.37305853192469973,1,2,0.003933333,,164.1146,books-genre-a=3 | books-genre-b=7
q036,essays on race in America,Torso,StripeLocal,Mixed,Hybrid,vector-similarity,0.5795808645950496,0.4,0.25,0.2,0.21416897697745446,0.8389874946397199,1,2,0.003933333,,164.0824,books-genre-b=10
q036,essays on race in America,Torso,StripeLocal,Mixed,Hybrid,hybrid-legs,0.9727897592954706,0.7,0.5384615384615384,0.6888888888888889,0.8692327891702135,0.5414987916944299,1,2,0.003933333,,164.1312,books-genre-b=10
q036,essays on race in America,Torso,StripeLocal,Mixed,Hybrid,idf-correct-probe,0.6724213102222996,0.5,0.3333333333333333,0.06666666666666667,0.2837485723638619,0.06518264816572998,1,2,0.003933333,,164.19719999999998,books-genre-a=1 | books-genre-b=9
q036,essays on race in America,Torso,StripeLocal,Mixed,Hybrid,idf-correct-sidecar,0.6724213102222996,0.5,0.3333333333333333,0.06666666666666667,0.2837485723638619,0.06518264816572998,1,2,0.003933333,,164.1144,books-genre-a=1 | books-genre-b=9
q036,essays on race in America,Torso,StripeLocal,Mixed,Hybrid,global-bm25,0.5512879901013549,0.4,0.25,-0.05555555555555555,0.17156871512790045,0.5060411991671859,1,2,0.003933333,,165.47729999999999,books-genre-a=1 | books-genre-b=9
q036,essays on race in America,Torso,StripeLocal,Mixed,Hybrid,local-bm25,0.266228335524347,0.3,0.17647058823529413,-0.3333333333333333,0.07420298469599082,0.3953882822570638,1,2,0.003933333,,165.5096,books-genre-a=5 | books-genre-b=5
q037,spiritual awakening and mindfulness practice,Torso,StripeLocal,Conceptual,Hybrid,single-index,1,1,1,1,1,1,1,1,0.004083333,,215.677,books-oracle2=10
q037,spiritual awakening and mindfulness practice,Torso,StripeLocal,Conceptual,Hybrid,single-index-rescored,0.696748699621146,0.5,0.3333333333333333,0.1111111111111111,0.24325967593823106,0.9603250160361273,1,1,0.004083333,,215.677,books-oracle2=10
q037,spiritual awakening and mindfulness practice,Torso,StripeLocal,Conceptual,Hybrid,naive-score,0.7873362064798985,0.6,0.42857142857142855,1,0.7086287099166807,0.6643464480150214,1,2,0.003933333,,176.79209999999998,books-genre-a=4 | books-genre-b=6
q037,spiritual awakening and mindfulness practice,Torso,StripeLocal,Conceptual,Hybrid,interleave,0.5324657695478926,0.5,0.3333333333333333,1,0.38293264596589754,0.45726438987774115,1,2,0.003933333,,176.77769999999998,books-genre-a=5 | books-genre-b=5
q037,spiritual awakening and mindfulness practice,Torso,StripeLocal,Conceptual,Hybrid,quota-merge,0.538607422451943,0.5,0.3333333333333333,1,0.40307937656393683,0.46304568873169455,1,2,0.003933333,,176.7688,books-genre-a=5 | books-genre-b=5
q037,spiritual awakening and mindfulness practice,Torso,StripeLocal,Conceptual,Hybrid,global-rrf,0.538607422451943,0.5,0.3333333333333333,1,0.40307937656393683,0.46304568873169455,1,2,0.003933333,,176.7866,books-genre-a=5 | books-genre-b=5
q037,spiritual awakening and mindfulness practice,Torso,StripeLocal,Conceptual,Hybrid,minmax-norm,0.5475050323012491,0.5,0.3333333333333333,1,0.4152074700224319,0.46934491017484226,1,2,0.003933333,,176.81689999999998,books-genre-a=5 | books-genre-b=5
q037,spiritual awakening and mindfulness practice,Torso,StripeLocal,Conceptual,Hybrid,zscore-norm,0.26050184818874994,0.3,0.17647058823529413,1,0.041710985160956594,0.24646875493970657,1,2,0.003933333,,176.8621,books-genre-a=7 | books-genre-b=3
q037,spiritual awakening and mindfulness practice,Torso,StripeLocal,Conceptual,Hybrid,vector-similarity,0.9765010003272229,0.8,0.6666666666666666,0.7333333333333333,0.8552318699074062,0.9621404437403491,1,2,0.003933333,,176.78109999999998,books-genre-b=10
q037,spiritual awakening and mindfulness practice,Torso,StripeLocal,Conceptual,Hybrid,hybrid-legs,0.9985123827812696,0.9,0.8181818181818182,0.9111111111111111,0.9732161016926988,1,1,2,0.003933333,,176.82309999999998,books-genre-b=10
q037,spiritual awakening and mindfulness practice,Torso,StripeLocal,Conceptual,Hybrid,idf-correct-probe,0.919942809985507,0.9,0.8181818181818182,0.15555555555555556,0.5953929123156869,1,1,2,0.003933333,,176.81709999999998,books-genre-b=10
q037,spiritual awakening and mindfulness practice,Torso,StripeLocal,Conceptual,Hybrid,idf-correct-sidecar,0.919942809985507,0.9,0.8181818181818182,0.15555555555555556,0.5953929123156869,1,1,2,0.003933333,,176.80929999999998,books-genre-b=10
q037,spiritual awakening and mindfulness practice,Torso,StripeLocal,Conceptual,Hybrid,global-bm25,0.7307965882326464,0.6,0.42857142857142855,-0.06666666666666667,0.3009875133919348,0.9580777588003657,1,2,0.003933333,,178.20829999999998,books-genre-b=10
q037,spiritual awakening and mindfulness practice,Torso,StripeLocal,Conceptual,Hybrid,local-bm25,0.6984776203736409,0.6,0.42857142857142855,-0.16666666666666666,0.3009875133919348,0.9035456546298357,1,2,0.003933333,,178.2025,books-genre-a=1 | books-genre-b=9
q038,immigrant family adjusting to a new country,Torso,StripeLocal,Conceptual,Hybrid,single-index,1,1,1,1,1,0.7589640079038928,1,1,0.0047,,233.2956,books-oracle2=10
q038,immigrant family adjusting to a new country,Torso,StripeLocal,Conceptual,Hybrid,single-index-rescored,0.7440967919547349,0.6,0.42857142857142855,0.28888888888888886,0.4845916301792871,0.5422595711170399,1,1,0.0047,,233.2956,books-oracle2=10
q038,immigrant family adjusting to a new country,Torso,StripeLocal,Conceptual,Hybrid,naive-score,0.8640104091822234,0.7,0.5384615384615384,0.4444444444444444,0.6043321461967336,0.7720844307406929,1,2,0.009600000000000001,,219.5745,books-genre-a=5 | books-genre-b=5
q038,immigrant family adjusting to a new country,Torso,StripeLocal,Conceptual,Hybrid,interleave,0.8658797627935041,0.7,0.5384615384615384,0.4444444444444444,0.6133139104656515,0.7739708506740441,1,2,0.009600000000000001,,219.58190000000002,books-genre-a=5 | books-genre-b=5
q038,immigrant family adjusting to a new country,Torso,StripeLocal,Conceptual,Hybrid,quota-merge,0.8658797627935041,0.7,0.5384615384615384,0.4444444444444444,0.6133139104656515,0.7739708506740441,1,2,0.009600000000000001,,219.5565,books-genre-a=5 | books-genre-b=5
q038,immigrant family adjusting to a new country,Torso,StripeLocal,Conceptual,Hybrid,global-rrf,0.8658797627935041,0.7,0.5384615384615384,0.4444444444444444,0.6133139104656515,0.7739708506740441,1,2,0.009600000000000001,,219.5711,books-genre-a=5 | books-genre-b=5
q038,immigrant family adjusting to a new country,Torso,StripeLocal,Conceptual,Hybrid,minmax-norm,0.8718057428746652,0.7,0.5384615384615384,0.5555555555555556,0.6524604470698275,0.7791087573367822,1,2,0.009600000000000001,,219.5979,books-genre-a=5 | books-genre-b=5
q038,immigrant family adjusting to a new country,Torso,StripeLocal,Conceptual,Hybrid,zscore-norm,0.8640104091822234,0.7,0.5384615384615384,0.4444444444444444,0.6043321461967336,0.7720844307406929,1,2,0.009600000000000001,,219.5953,books-genre-a=5 | books-genre-b=5
q038,immigrant family adjusting to a new country,Torso,StripeLocal,Conceptual,Hybrid,vector-similarity,0.4728994506940895,0.3,0.17647058823529413,0.05555555555555555,0.07420298469599082,0.8836981896647146,1,2,0.009600000000000001,,219.56380000000001,books-genre-a=2 | books-genre-b=8
q038,immigrant family adjusting to a new country,Torso,StripeLocal,Conceptual,Hybrid,hybrid-legs,0.9345638427790354,0.6,0.42857142857142855,0.5111111111111111,0.7086287099166807,0.8887765216409891,1,2,0.009600000000000001,,219.6082,books-genre-a=3 | books-genre-b=7
q038,immigrant family adjusting to a new country,Torso,StripeLocal,Conceptual,Hybrid,idf-correct-probe,0.6818080393914691,0.2,0.1111111111111111,0.7333333333333333,0.30527593602452857,0.3586424921899786,1,2,0.009600000000000001,,219.60510000000002,books-genre-a=4 | books-genre-b=6
q038,immigrant family adjusting to a new country,Torso,StripeLocal,Conceptual,Hybrid,idf-correct-sidecar,0.7407975945087352,0.3,0.17647058823529413,0.6444444444444445,0.360021818988198,0.40367257055391037,1,2,0.009600000000000001,,219.596,books-genre-a=3 | books-genre-b=7
q038,immigrant family adjusting to a new country,Torso,StripeLocal,Conceptual,Hybrid,global-bm25,0.8996874003375432,0.6,0.42857142857142855,0.5555555555555556,0.7718670587383039,0.6201564118604438,1,2,0.009600000000000001,,221.00320000000002,books-genre-a=3 | books-genre-b=7
q038,immigrant family adjusting to a new country,Torso,StripeLocal,Conceptual,Hybrid,local-bm25,0.7646368742940869,0.5,0.3333333333333333,0.3888888888888889,0.515804333107655,0.581704718011352,1,2,0.009600000000000001,,220.9017,books-genre-a=5 | books-genre-b=5
q039,art history and the Renaissance painters,Torso,StripeLocal,Mixed,Hybrid,single-index,1,1,1,1,1,0.6832536573129196,1,1,0.005866667,,245.6009,books-oracle2=10
q039,art history and the Renaissance painters,Torso,StripeLocal,Mixed,Hybrid,single-index-rescored,0.9040894508897386,0.7,0.5384615384615384,0.7333333333333333,0.6663552953949832,0.737343518739918,1,1,0.005866667,,245.6009,books-oracle2=10
q039,art history and the Renaissance painters,Torso,StripeLocal,Mixed,Hybrid,naive-score,0.8291347321692896,0.6,0.42857142857142855,0.5238095238095238,0.7236124385947437,0.5744104354595758,1,2,0.007899999999999999,,215.0096,books-genre-a=4 | books-genre-b=6
q039,art history and the Renaissance painters,Torso,StripeLocal,Mixed,Hybrid,interleave,0.6373487497062136,0.5,0.3333333333333333,0.42857142857142855,0.38293264596589754,0.4791117567794432,1,2,0.007899999999999999,,214.9977,books-genre-a=5 | books-genre-b=5
q039,art history and the Renaissance painters,Torso,StripeLocal,Mixed,Hybrid,quota-merge,0.6610214545428273,0.5,0.3333333333333333,0.42857142857142855,0.44453355474920275,0.5095320500842728,1,2,0.007899999999999999,,214.98870000000002,books-genre-a=5 | books-genre-b=5
q039,art history and the Renaissance painters,Torso,StripeLocal,Mixed,Hybrid,global-rrf,0.6610214545428273,0.5,0.3333333333333333,0.42857142857142855,0.44453355474920275,0.5095320500842728,1,2,0.007899999999999999,,215.0061,books-genre-a=5 | books-genre-b=5
q039,art history and the Renaissance painters,Torso,StripeLocal,Mixed,Hybrid,minmax-norm,0.7078865104514943,0.6,0.42857142857142855,0.42857142857142855,0.5535556078842638,0.5341167605867078,1,2,0.007899999999999999,,215.0377,books-genre-a=4 | books-genre-b=6
q039,art history and the Renaissance painters,Torso,StripeLocal,Mixed,Hybrid,zscore-norm,0.5812515722839608,0.5,0.3333333333333333,0.5238095238095238,0.3060757843449101,0.4560551687239326,1,2,0.007899999999999999,,215.03140000000002,books-genre-a=5 | books-genre-b=5
q039,art history and the Renaissance painters,Torso,StripeLocal,Mixed,Hybrid,vector-similarity,0.8730905217590925,0.7,0.5384615384615384,0.5111111111111111,0.6528058985547047,0.7535335429380635,1,2,0.007899999999999999,,215.00150000000002,books-genre-b=10
q039,art history and the Renaissance painters,Torso,StripeLocal,Mixed,Hybrid,hybrid-legs,0.9999164833100198,1,1,0.9555555555555556,0.9908206458712683,0.6832536573129196,1,2,0.007899999999999999,,215.0444,books-genre-b=10
q039,art history and the Renaissance painters,Torso,StripeLocal,Mixed,Hybrid,idf-correct-probe,0.9172155630554786,0.7,0.5384615384615384,0.4222222222222222,0.7081987298487488,0.5853341299768838,1,2,0.007899999999999999,,215.03810000000001,books-genre-a=1 | books-genre-b=9
q039,art history and the Renaissance painters,Torso,StripeLocal,Mixed,Hybrid,idf-correct-sidecar,0.9172155630554786,0.7,0.5384615384615384,0.4222222222222222,0.7081987298487488,0.5853341299768838,1,2,0.007899999999999999,,215.03820000000002,books-genre-a=1 | books-genre-b=9
q039,art history and the Renaissance painters,Torso,StripeLocal,Mixed,Hybrid,global-bm25,0.8069589741587622,0.7,0.5384615384615384,0.5238095238095238,0.6194421941452631,0.7456840059897257,1,2,0.007899999999999999,,216.43970000000002,books-genre-a=3 | books-genre-b=7
q039,art history and the Renaissance painters,Torso,StripeLocal,Mixed,Hybrid,local-bm25,0.6482729213035947,0.6,0.42857142857142855,0.3333333333333333,0.44455024147720845,0.6915990070786976,1,2,0.007899999999999999,,216.3441,books-genre-a=4 | books-genre-b=6
q040,investing personal finance wealth,Torso,StripeLocal,Lexical,Hybrid,single-index,1,1,1,1,1,0.9371166382005486,1,1,0.0047,,232.9107,books-oracle2=10
q040,investing personal finance wealth,Torso,StripeLocal,Lexical,Hybrid,single-index-rescored,0.9288703504361855,0.8,0.6666666666666666,0.7333333333333333,0.7559553021089631,0.8803273038110722,1,1,0.0047,,232.9107,books-oracle2=10
q040,investing personal finance wealth,Torso,StripeLocal,Lexical,Hybrid,naive-score,0.8716440215671655,0.7,0.5384615384615384,0.9047619047619048,0.8740173993257234,0.7295776828136669,1,2,0.00845,,223.7334,books-genre-a=3 | books-genre-b=7
q040,investing personal finance wealth,Torso,StripeLocal,Lexical,Hybrid,interleave,0.556519014690621,0.5,0.3333333333333333,0.7333333333333333,0.38293264596589754,0.43765110854755945,1,2,0.00845,,223.7097,books-genre-a=5 | books-genre-b=5
q040,investing personal finance wealth,Torso,StripeLocal,Lexical,Hybrid,quota-merge,0.5801917195272348,0.5,0.3333333333333333,0.7333333333333333,0.44453355474920275,0.4526560814051062,1,2,0.00845,,223.7033,books-genre-a=5 | books-genre-b=5
q040,investing personal finance wealth,Torso,StripeLocal,Lexical,Hybrid,global-rrf,0.5801917195272348,0.5,0.3333333333333333,0.7333333333333333,0.44453355474920275,0.4526560814051062,1,2,0.00845,,223.7194,books-genre-a=5 | books-genre-b=5
q040,investing personal finance wealth,Torso,StripeLocal,Lexical,Hybrid,minmax-norm,0.5987901851903147,0.6,0.42857142857142855,0.8095238095238095,0.4078806734474523,0.49837314309961855,1,2,0.00845,,223.7414,books-genre-a=4 | books-genre-b=6
q040,investing personal finance wealth,Torso,StripeLocal,Lexical,Hybrid,zscore-norm,0.44229640822432026,0.5,0.3333333333333333,0.3333333333333333,0.18116825170851042,0.37305829915246297,1,2,0.00845,,223.7406,books-genre-a=5 | books-genre-b=5
q040,investing personal finance wealth,Torso,StripeLocal,Lexical,Hybrid,vector-similarity,0.979899346769974,0.9,0.8181818181818182,0.4666666666666667,0.8259233128362555,0.9173414328953917,1,2,0.00845,,223.7113,books-genre-b=10
q040,investing personal finance wealth,Torso,StripeLocal,Lexical,Hybrid,hybrid-legs,0.9997898725962474,1,1,0.9111111111111111,0.983477162568283,0.9371166382005486,1,2,0.00845,,223.8333,books-genre-b=10
q040,investing personal finance wealth,Torso,StripeLocal,Lexical,Hybrid,idf-correct-probe,0.9795446638649232,0.8,0.6666666666666666,0.6888888888888889,0.8238761609805659,0.8611375561264454,1,2,0.00845,,223.7499,books-genre-b=10
q040,investing personal finance wealth,Torso,StripeLocal,Lexical,Hybrid,idf-correct-sidecar,0.9795446638649232,0.8,0.6666666666666666,0.6888888888888889,0.8238761609805659,0.8611375561264454,1,2,0.00845,,223.7414,books-genre-b=10
q040,investing personal finance wealth,Torso,StripeLocal,Lexical,Hybrid,global-bm25,0.9354282581149841,0.9,0.8181818181818182,0.6888888888888889,0.7619035235843814,0.9371166382005486,1,2,0.00845,,225.1244,books-genre-b=10
q040,investing personal finance wealth,Torso,StripeLocal,Lexical,Hybrid,local-bm25,0.8874271066337582,0.8,0.6666666666666666,0.5555555555555556,0.727776141974095,0.8019290348323969,1,2,0.00845,,226.326,books-genre-a=2 | books-genre-b=8
q041,love,Head,CrossStripe,Lexical,Hybrid,single-index,1,1,1,1,1,0.9636452638863133,1,1,0.005266667,,230.2467,books-oracle2=10
q041,love,Head,CrossStripe,Lexical,Hybrid,single-index-rescored,0.66079424328561,0.4,0.25,-0.24444444444444444,0.2778003508884438,1,1,1,0.005266667,,230.2467,books-oracle2=10
q041,love,Head,CrossStripe,Lexical,Hybrid,naive-score,0.8519250873265332,0.5,0.3333333333333333,0.05555555555555555,0.5005209144642481,1,1,2,0.0068000000000000005,,220.62189999999998,books-genre-a=5 | books-genre-b=5
q041,love,Head,CrossStripe,Lexical,Hybrid,interleave,0.7504118043241434,0.5,0.3333333333333333,0.05555555555555555,0.38293264596589754,1,1,2,0.0068000000000000005,,220.61059999999998,books-genre-a=5 | books-genre-b=5
q041,love,Head,CrossStripe,Lexical,Hybrid,quota-merge,0.8724260754202025,0.5,0.3333333333333333,0.2222222222222222,0.5852643007329117,1,1,2,0.0068000000000000005,,220.60889999999998,books-genre-a=5 | books-genre-b=5
q041,love,Head,CrossStripe,Lexical,Hybrid,global-rrf,0.8724260754202025,0.5,0.3333333333333333,0.2222222222222222,0.5852643007329117,1,1,2,0.0068000000000000005,,220.6721,books-genre-a=5 | books-genre-b=5
q041,love,Head,CrossStripe,Lexical,Hybrid,minmax-norm,0.8450549818017312,0.5,0.3333333333333333,0,0.4725393441891935,1,1,2,0.0068000000000000005,,220.6426,books-genre-a=5 | books-genre-b=5
q041,love,Head,CrossStripe,Lexical,Hybrid,zscore-norm,0.7371014044699199,0.5,0.3333333333333333,-0.05555555555555555,0.31900535091043064,1,1,2,0.0068000000000000005,,220.64219999999997,books-genre-a=5 | books-genre-b=5
q041,love,Head,CrossStripe,Lexical,Hybrid,vector-similarity,0.6653048470069783,0.5,0.3333333333333333,0.2,0.28424208336815326,1,1,2,0.0068000000000000005,,220.61759999999998,books-genre-b=10
q041,love,Head,CrossStripe,Lexical,Hybrid,hybrid-legs,0.9454435443449928,0.6,0.42857142857142855,0.5111111111111111,0.7445744346970931,1,1,2,0.0068000000000000005,,220.65849999999998,books-genre-a=3 | books-genre-b=7
q041,love,Head,CrossStripe,Lexical,Hybrid,idf-correct-probe,0.9208438993503615,0.7,0.5384615384615384,0.6444444444444445,0.7087249832382788,0.8949419274729131,1,2,0.0068000000000000005,,220.6461,books-genre-a=2 | books-genre-b=8
q041,love,Head,CrossStripe,Lexical,Hybrid,idf-correct-sidecar,0.9395465658647341,0.8,0.6666666666666666,0.5111111111111111,0.7146732047136969,0.8931264997686913,1,2,0.0068000000000000005,,220.6358,books-genre-a=1 | books-genre-b=9
q041,love,Head,CrossStripe,Lexical,Hybrid,global-bm25,0.8218513679127706,0.5,0.3333333333333333,0.2,0.5366642291044742,0.9636452638863133,1,2,0.0068000000000000005,,222.01659999999998,books-genre-a=3 | books-genre-b=7
q041,love,Head,CrossStripe,Lexical,Hybrid,local-bm25,0.39497536732757177,0.1,0.05263157894736842,-0.3333333333333333,0.005948221475418107,0.9580777588003657,1,2,0.0068000000000000005,,222.0033,books-genre-a=9 | books-genre-b=1
q042,war,Head,CrossStripe,Lexical,Hybrid,single-index,1,1,1,1,1,1,1,1,0.005266667,,240.2146,books-oracle2=10
q042,war,Head,CrossStripe,Lexical,Hybrid,single-index-rescored,0.7414337147705402,0.3,0.17647058823529413,-0.022222222222222223,0.40151980195708625,0.9224654597764764,1,1,0.005266667,,240.2146,books-oracle2=10
q042,war,Head,CrossStripe,Lexical,Hybrid,naive-score,0.91324637345434,0.9,0.8181818181818182,0.6,0.6928815016404093,1,1,2,0.007333332999999999,,191.5803,books-genre-a=1 | books-genre-b=9
q042,war,Head,CrossStripe,Lexical,Hybrid,interleave,0.7386939423087635,0.5,0.3333333333333333,0.24444444444444444,0.3138423489904542,1,1,2,0.007333332999999999,,191.5723,books-genre-a=5 | books-genre-b=5
q042,war,Head,CrossStripe,Lexical,Hybrid,quota-merge,0.7994998690868804,0.5,0.3333333333333333,0.4222222222222222,0.3870995804769108,1,1,2,0.007333332999999999,,191.5628,books-genre-a=5 | books-genre-b=5
q042,war,Head,CrossStripe,Lexical,Hybrid,global-rrf,0.7994998690868804,0.5,0.3333333333333333,0.4222222222222222,0.3870995804769108,1,1,2,0.007333332999999999,,191.5799,books-genre-a=5 | books-genre-b=5
q042,war,Head,CrossStripe,Lexical,Hybrid,minmax-norm,0.8621088799996264,0.9,0.8181818181818182,0.4666666666666667,0.5543554562046453,1,1,2,0.007333332999999999,,191.6139,books-genre-a=1 | books-genre-b=9
q042,war,Head,CrossStripe,Lexical,Hybrid,zscore-norm,0.6739150813622015,0.4,0.25,0.06666666666666667,0.15869719280137537,0.9621404437403491,1,2,0.007333332999999999,,191.6059,books-genre-a=6 | books-genre-b=4
q042,war,Head,CrossStripe,Lexical,Hybrid,vector-similarity,0.7173295440764053,0.8,0.6666666666666666,-0.24444444444444444,0.31429674582595857,1,1,2,0.007333332999999999,,191.5942,books-genre-a=1 | books-genre-b=9
q042,war,Head,CrossStripe,Lexical,Hybrid,hybrid-legs,0.9952135443936103,0.9,0.8181818181818182,0.8666666666666667,0.9496156458492814,1,1,2,0.007333332999999999,,191.6192,books-genre-a=1 | books-genre-b=9
q042,war,Head,CrossStripe,Lexical,Hybrid,idf-correct-probe,0.8380832297605947,0.4,0.25,0.6888888888888889,0.6188856972042285,0.9636452638863133,1,2,0.007333332999999999,,191.6051,books-genre-a=3 | books-genre-b=7
q042,war,Head,CrossStripe,Lexical,Hybrid,idf-correct-sidecar,0.8380832297605947,0.4,0.25,0.6888888888888889,0.6188856972042285,0.9636452638863133,1,2,0.007333332999999999,,191.5934,books-genre-a=3 | books-genre-b=7
q042,war,Head,CrossStripe,Lexical,Hybrid,global-bm25,0.7581725109905277,0.4,0.25,-0.1111111111111111,0.43910090881275077,0.9580777588003657,1,2,0.007333332999999999,,192.9762,books-genre-a=1 | books-genre-b=9
q042,war,Head,CrossStripe,Lexical,Hybrid,local-bm25,0.757725311370771,0.4,0.25,-0.2,0.43910090881275077,0.9580777588003657,1,2,0.007333332999999999,,192.9217,books-genre-a=1 | books-genre-b=9
q043,family,Head,CrossStripe,Lexical,Hybrid,single-index,1,1,1,1,1,1,1,1,0.005866667,,197.3718,books-oracle2=10
q043,family,Head,CrossStripe,Lexical,Hybrid,single-index-rescored,0.47203845466900723,0.3,0.17647058823529413,0.06666666666666667,0.12456981119108901,0.799745749882561,0.9,1,0.005866667,,197.3718,books-oracle2=10
q043,family,Head,CrossStripe,Lexical,Hybrid,naive-score,0.8151081527604475,0.8,0.6666666666666666,0.5714285714285714,0.6197360573266748,1,1,2,0.008483333,,215.7388,books-genre-a=4 | books-genre-b=6
q043,family,Head,CrossStripe,Lexical,Hybrid,interleave,0.7506391042695962,0.7,0.5384615384615384,0.3333333333333333,0.5015542356815685,0.9621404437403491,1,2,0.008483333,,215.72619999999998,books-genre-a=5 | books-genre-b=5
q043,family,Head,CrossStripe,Lexical,Hybrid,quota-merge,0.7582936797822094,0.7,0.5384615384615384,0.3333333333333333,0.5290444495825931,0.9636452638863133,1,2,0.008483333,,215.7179,books-genre-a=5 | books-genre-b=5
q043,family,Head,CrossStripe,Lexical,Hybrid,global-rrf,0.7582936797822094,0.7,0.5384615384615384,0.3333333333333333,0.5290444495825931,0.9636452638863133,1,2,0.008483333,,215.7543,books-genre-a=5 | books-genre-b=5
q043,family,Head,CrossStripe,Lexical,Hybrid,minmax-norm,0.8151081527604475,0.8,0.6666666666666666,0.5714285714285714,0.6197360573266748,1,1,2,0.008483333,,215.76219999999998,books-genre-a=4 | books-genre-b=6
q043,family,Head,CrossStripe,Lexical,Hybrid,zscore-norm,0.7696880761453156,0.8,0.6666666666666666,0.42857142857142855,0.5091915821659655,1,1,2,0.008483333,,215.76129999999998,books-genre-a=4 | books-genre-b=6
q043,family,Head,CrossStripe,Lexical,Hybrid,vector-similarity,0.7243996089628023,0.4,0.25,0.4444444444444444,0.450241655976936,0.8385943955981612,1,2,0.008483333,,215.72709999999998,books-genre-a=1 | books-genre-b=9
q043,family,Head,CrossStripe,Lexical,Hybrid,hybrid-legs,0.9687471301887723,0.8,0.6666666666666666,0.6,0.7847287834487753,1,1,2,0.008483333,,215.77429999999998,books-genre-a=3 | books-genre-b=7
q043,family,Head,CrossStripe,Lexical,Hybrid,idf-correct-probe,0.8395198248529001,0.7,0.5384615384615384,0.4222222222222222,0.5620082198729711,0.9580777588003657,1,2,0.008483333,,215.821,books-genre-a=4 | books-genre-b=6
q043,family,Head,CrossStripe,Lexical,Hybrid,idf-correct-sidecar,0.8381391635704863,0.7,0.5384615384615384,0.3333333333333333,0.5546647365699857,0.9580777588003657,1,2,0.008483333,,215.75189999999998,books-genre-a=4 | books-genre-b=6
q043,family,Head,CrossStripe,Lexical,Hybrid,global-bm25,0.47902543611518805,0.4,0.25,0,0.22334833110618613,0.8837421747616737,0.9,2,0.008483333,,217.08399999999997,books-genre-a=4 | books-genre-b=6
q043,family,Head,CrossStripe,Lexical,Hybrid,local-bm25,0.28649073439440226,0.2,0.1111111111111111,0.3333333333333333,0.1186215897156709,0.9006688849845126,1,2,0.008483333,,217.07989999999998,books-genre-a=10
q044,death,Head,CrossStripe,Lexical,Hybrid,single-index,1,1,1,1,1,0.8984116547655663,1,1,0.005266667,,231.8627,books-oracle2=10
q044,death,Head,CrossStripe,Lexical,Hybrid,single-index-rescored,0.5697638459888744,0.4,0.25,0.022222222222222223,0.18053089377813222,0.7794896929594821,1,1,0.005266667,,231.8627,books-oracle2=10
q044,death,Head,CrossStripe,Lexical,Hybrid,naive-score,0.8721230637082686,0.6,0.42857142857142855,0.1111111111111111,0.5815613973242546,0.9636452638863133,1,2,0.0056166670000000005,,143.2888,books-genre-a=3 | books-genre-b=7
q044,death,Head,CrossStripe,Lexical,Hybrid,interleave,0.869789004549535,0.8,0.6666666666666666,0.7777777777777778,0.7288096987652012,0.9513467899190737,1,2,0.0056166670000000005,,143.2797,books-genre-a=5 | books-genre-b=5
q044,death,Head,CrossStripe,Lexical,Hybrid,quota-merge,0.9430254105416476,0.8,0.6666666666666666,0.8333333333333334,0.890834099938852,0.9552009891550426,1,2,0.0056166670000000005,,143.2716,books-genre-a=5 | books-genre-b=5
q044,death,Head,CrossStripe,Lexical,Hybrid,global-rrf,0.9430254105416476,0.8,0.6666666666666666,0.8333333333333334,0.890834099938852,0.9552009891550426,1,2,0.0056166670000000005,,143.2886,books-genre-a=5 | books-genre-b=5
q044,death,Head,CrossStripe,Lexical,Hybrid,minmax-norm,0.9329333790722086,0.7,0.5384615384615384,0.7222222222222222,0.8294140942873549,0.9458352203602566,1,2,0.0056166670000000005,,143.3124,books-genre-a=4 | books-genre-b=6
q044,death,Head,CrossStripe,Lexical,Hybrid,zscore-norm,0.8280247388684017,0.8,0.6666666666666666,0.5,0.6167736884553267,0.9371166382005486,1,2,0.0056166670000000005,,143.32999999999998,books-genre-a=5 | books-genre-b=5
q044,death,Head,CrossStripe,Lexical,Hybrid,vector-similarity,0.7750749075383533,0.5,0.3333333333333333,0.3333333333333333,0.3469869211854852,0.8340899081434534,1,2,0.0056166670000000005,,143.2833,books-genre-a=7 | books-genre-b=3
q044,death,Head,CrossStripe,Lexical,Hybrid,hybrid-legs,0.8995752318144773,0.7,0.5384615384615384,0.5555555555555556,0.714183906302733,0.9404875240541909,1,2,0.0056166670000000005,,143.3269,books-genre-a=5 | books-genre-b=5
q044,death,Head,CrossStripe,Lexical,Hybrid,idf-correct-probe,0.5371793669462199,0.3,0.17647058823529413,0.1111111111111111,0.12456981119108901,0.8361760372634244,1,2,0.0056166670000000005,,143.313,books-genre-a=8 | books-genre-b=2
q044,death,Head,CrossStripe,Lexical,Hybrid,idf-correct-sidecar,0.6047432198478537,0.3,0.17647058823529413,0.1111111111111111,0.26309585662685286,0.8613612255514265,1,2,0.0056166670000000005,,143.3023,books-genre-a=8 | books-genre-b=2
q044,death,Head,CrossStripe,Lexical,Hybrid,global-bm25,0.6089186450357439,0.5,0.3333333333333333,-0.2777777777777778,0.2146582753884186,0.8827904758126036,1,2,0.0056166670000000005,,144.6861,books-genre-a=6 | books-genre-b=4
q044,death,Head,CrossStripe,Lexical,Hybrid,local-bm25,0.511568410386459,0.4,0.25,0,0.2664399493297701,0.9636452638863133,1,2,0.0056166670000000005,,144.5951,books-genre-a=2 | books-genre-b=8
q045,friendship,Head,CrossStripe,Lexical,Hybrid,single-index,1,1,1,1,1,0.8593224540196794,1,1,0.0047,,231.4058,books-oracle2=10
q045,friendship,Head,CrossStripe,Lexical,Hybrid,single-index-rescored,0.7199000785771644,0.2,0.1111111111111111,0.37777777777777777,0.45880992930329145,0.7609347263805188,1,1,0.0047,,231.4058,books-oracle2=10
q045,friendship,Head,CrossStripe,Lexical,Hybrid,naive-score,0.9150533020256391,0.6,0.42857142857142855,0.24444444444444444,0.650997145784575,0.8323218380274555,1,2,0.006233333000000001,,182.5984,books-genre-a=5 | books-genre-b=5
q045,friendship,Head,CrossStripe,Lexical,Hybrid,interleave,0.9279668255670535,0.6,0.42857142857142855,0.3333333333333333,0.7443768448372792,0.8450923023011543,1,2,0.006233333000000001,,182.5898,books-genre-a=5 | books-genre-b=5
q045,friendship,Head,CrossStripe,Lexical,Hybrid,quota-merge,0.8672213073899966,0.6,0.42857142857142855,0.3333333333333333,0.6098426575646532,0.8465971224471185,1,2,0.006233333000000001,,182.5868,books-genre-a=5 | books-genre-b=5
q045,friendship,Head,CrossStripe,Lexical,Hybrid,global-rrf,0.8672213073899966,0.6,0.42857142857142855,0.3333333333333333,0.6098426575646532,0.8465971224471185,1,2,0.006233333000000001,,182.60060000000001,books-genre-a=5 | books-genre-b=5
q045,friendship,Head,CrossStripe,Lexical,Hybrid,minmax-norm,0.8693707699690528,0.6,0.42857142857142855,0.3333333333333333,0.6190220116933847,0.8829518585608052,1,2,0.006233333000000001,,182.6216,books-genre-a=4 | books-genre-b=6
q045,friendship,Head,CrossStripe,Lexical,Hybrid,zscore-norm,0.907468391628307,0.5,0.3333333333333333,0.3333333333333333,0.645048924309157,0.8323218380274555,1,2,0.006233333000000001,,182.621,books-genre-a=6 | books-genre-b=4
q045,friendship,Head,CrossStripe,Lexical,Hybrid,vector-similarity,0.815893675708919,0.6,0.42857142857142855,0.3333333333333333,0.44916148093784075,0.7942537960637901,1,2,0.006233333000000001,,182.58970000000002,books-genre-a=2 | books-genre-b=8
q045,friendship,Head,CrossStripe,Lexical,Hybrid,hybrid-legs,0.9063806816614954,0.7,0.5384615384615384,0.5111111111111111,0.7205076252118967,0.8104607582347386,1,2,0.006233333000000001,,182.6354,books-genre-a=4 | books-genre-b=6
q045,friendship,Head,CrossStripe,Lexical,Hybrid,idf-correct-probe,0.6006231929438587,0.3,0.17647058823529413,0.4222222222222222,0.21598732014758054,0.5363024735060591,1,2,0.006233333000000001,,182.6218,books-genre-a=2 | books-genre-b=8
q045,friendship,Head,CrossStripe,Lexical,Hybrid,idf-correct-sidecar,0.5756636114479038,0.2,0.1111111111111111,0.6888888888888889,0.16674989058876474,0.624528545696615,1,2,0.006233333000000001,,182.61090000000002,books-genre-a=6 | books-genre-b=4
q045,friendship,Head,CrossStripe,Lexical,Hybrid,global-bm25,0.7414563805159917,0.2,0.1111111111111111,0.24444444444444444,0.45880992930329145,0.8465971224471185,1,2,0.006233333000000001,,184.0335,books-genre-a=6 | books-genre-b=4
q045,friendship,Head,CrossStripe,Lexical,Hybrid,local-bm25,0.7401038353867119,0.2,0.1111111111111111,0.15555555555555556,0.45880992930329145,0.8555194130370415,1,2,0.006233333000000001,,183.9233,books-genre-a=7 | books-genre-b=3
q046,coming of age story about a teenager finding their identity,Torso,CrossStripe,Conceptual,Hybrid,single-index,1,1,1,1,1,0.7732109016363253,1,1,0.0053,,238.0659,books-oracle2=10
q046,coming of age story about a teenager finding their identity,Torso,CrossStripe,Conceptual,Hybrid,single-index-rescored,0.43232392481514464,0.2,0.1111111111111111,-0.24444444444444444,0.06252913433721924,0.8787277908726202,1,1,0.0053,,238.0659,books-oracle2=10
q046,coming of age story about a teenager finding their identity,Torso,CrossStripe,Conceptual,Hybrid,naive-score,0.7413302384208067,0.5,0.3333333333333333,0.4666666666666667,0.596920623436063,0.7501557436419941,0.9,2,0.007933333,,218.1449,books-genre-a=3 | books-genre-b=7
q046,coming of age story about a teenager finding their identity,Torso,CrossStripe,Conceptual,Hybrid,interleave,0.7541005972521069,0.5,0.3333333333333333,0.9047619047619048,0.5569130598080438,0.8493808749900923,1,2,0.007933333,,218.1346,books-genre-a=5 | books-genre-b=5
q046,coming of age story about a teenager finding their identity,Torso,CrossStripe,Conceptual,Hybrid,quota-merge,0.8046762434085154,0.5,0.3333333333333333,0.9047619047619048,0.7104470530868068,0.8493709020069076,1,2,0.007933333,,218.12550000000002,books-genre-a=5 | books-genre-b=5
q046,coming of age story about a teenager finding their identity,Torso,CrossStripe,Conceptual,Hybrid,global-rrf,0.8046762434085154,0.5,0.3333333333333333,0.9047619047619048,0.7104470530868068,0.8493709020069076,1,2,0.007933333,,218.1613,books-genre-a=5 | books-genre-b=5
q046,coming of age story about a teenager finding their identity,Torso,CrossStripe,Conceptual,Hybrid,minmax-norm,0.797029523855558,0.5,0.3333333333333333,0.8095238095238095,0.7104470530868068,0.8384050626114379,1,2,0.007933333,,218.166,books-genre-a=5 | books-genre-b=5
q046,coming of age story about a teenager finding their identity,Torso,CrossStripe,Conceptual,Hybrid,zscore-norm,0.7492282075902832,0.5,0.3333333333333333,0.7142857142857143,0.5569130598080438,0.8384050626114379,1,2,0.007933333,,218.1656,books-genre-a=5 | books-genre-b=5
q046,coming of age story about a teenager finding their identity,Torso,CrossStripe,Conceptual,Hybrid,vector-similarity,0.6858753558707367,0.5,0.3333333333333333,0.022222222222222223,0.20111739244673602,0.8476702169508651,1,2,0.007933333,,218.1328,books-genre-a=9 | books-genre-b=1
q046,coming of age story about a teenager finding their identity,Torso,CrossStripe,Conceptual,Hybrid,hybrid-legs,0.893141355426014,0.6,0.42857142857142855,0.6444444444444445,0.5907407514529862,0.9094245487194395,1,2,0.007933333,,218.2449,books-genre-a=8 | books-genre-b=2
q046,coming of age story about a teenager finding their identity,Torso,CrossStripe,Conceptual,Hybrid,idf-correct-probe,0.4505900109390077,0.1,0.05263157894736842,0.4666666666666667,0.0492374295588158,0.5580517233798291,1,2,0.007933333,,218.24710000000002,books-genre-a=5 | books-genre-b=5
q046,coming of age story about a teenager finding their identity,Torso,CrossStripe,Conceptual,Hybrid,idf-correct-sidecar,0.4505900109390077,0.1,0.05263157894736842,0.4666666666666667,0.0492374295588158,0.5580517233798291,1,2,0.007933333,,218.172,books-genre-a=5 | books-genre-b=5
q046,coming of age story about a teenager finding their identity,Torso,CrossStripe,Conceptual,Hybrid,global-bm25,0.423537760438416,0.2,0.1111111111111111,-0.21428571428571427,0.14476813009259373,0.8760366738926927,0.9,2,0.007933333,,219.4968,books-genre-a=5 | books-genre-b=5
q046,coming of age story about a teenager finding their identity,Torso,CrossStripe,Conceptual,Hybrid,local-bm25,0.4206825510605889,0.1,0.05263157894736842,0.14285714285714285,0.13881990861717564,0.8737794436737464,0.9,2,0.007933333,,219.5309,books-genre-a=4 | books-genre-b=6
q047,a story about losing someone you love and learning to go on,Torso,CrossStripe,Conceptual,Hybrid,single-index,1,1,1,1,1,0.66504521560959,1,1,0.005866667,,238.6346,books-oracle2=10
q047,a story about losing someone you love and learning to go on,Torso,CrossStripe,Conceptual,Hybrid,single-index-rescored,0.4658265920779047,0.2,0.1111111111111111,-0.1111111111111111,0.1186215897156709,0.1941872693042229,1,1,0.005866667,,238.6346,books-oracle2=10
q047,a story about losing someone you love and learning to go on,Torso,CrossStripe,Conceptual,Hybrid,naive-score,0.8235441508622903,0.8,0.6666666666666666,0.24444444444444444,0.527717462786497,0.5544823854843317,1,2,0.009066667,,220.86430000000001,books-genre-a=4 | books-genre-b=6
q047,a story about losing someone you love and learning to go on,Torso,CrossStripe,Conceptual,Hybrid,interleave,0.7869578101907363,0.7,0.5384615384615384,0.16666666666666666,0.5144257580080936,0.5544823854843317,1,2,0.009066667,,220.85150000000002,books-genre-a=5 | books-genre-b=5
q047,a story about losing someone you love and learning to go on,Torso,CrossStripe,Conceptual,Hybrid,quota-merge,0.7909889665556459,0.7,0.5384615384615384,0.2777777777777778,0.546228811309284,0.5560893274845391,1,2,0.009066667,,220.84410000000003,books-genre-a=5 | books-genre-b=5
q047,a story about losing someone you love and learning to go on,Torso,CrossStripe,Conceptual,Hybrid,global-rrf,0.7909889665556459,0.7,0.5384615384615384,0.2777777777777778,0.546228811309284,0.5560893274845391,1,2,0.009066667,,220.8599,books-genre-a=5 | books-genre-b=5
q047,a story about losing someone you love and learning to go on,Torso,CrossStripe,Conceptual,Hybrid,minmax-norm,0.8267401139028895,0.8,0.6666666666666666,0.28888888888888886,0.5478641933845363,0.5583365847203007,1,2,0.009066667,,220.8831,books-genre-a=4 | books-genre-b=6
q047,a story about losing someone you love and learning to go on,Torso,CrossStripe,Conceptual,Hybrid,zscore-norm,0.8235441508622903,0.8,0.6666666666666666,0.24444444444444444,0.527717462786497,0.5544823854843317,1,2,0.009066667,,220.8835,books-genre-a=4 | books-genre-b=6
q047,a story about losing someone you love and learning to go on,Torso,CrossStripe,Conceptual,Hybrid,vector-similarity,0.5360274253696761,0.3,0.17647058823529413,-0.022222222222222223,0.15805983487099717,0.7674300081809935,1,2,0.009066667,,220.85170000000002,books-genre-a=1 | books-genre-b=9
q047,a story about losing someone you love and learning to go on,Torso,CrossStripe,Conceptual,Hybrid,hybrid-legs,0.8838885113375722,0.7,0.5384615384615384,0.4222222222222222,0.6027930374430797,0.5923240947088932,1,2,0.009066667,,220.9178,books-genre-a=3 | books-genre-b=7
q047,a story about losing someone you love and learning to go on,Torso,CrossStripe,Conceptual,Hybrid,idf-correct-probe,0.3782630775136631,0.1,0.05263157894736842,0.1111111111111111,0.013291704778403425,0.15479815628564772,1,2,0.009066667,,220.8993,books-genre-a=5 | books-genre-b=5
q047,a story about losing someone you love and learning to go on,Torso,CrossStripe,Conceptual,Hybrid,idf-correct-sidecar,0.3628791763587567,0,0,0.6111111111111112,0,0.1470873646469303,1,2,0.009066667,,220.8907,books-genre-a=4 | books-genre-b=6
q047,a story about losing someone you love and learning to go on,Torso,CrossStripe,Conceptual,Hybrid,global-bm25,0.4437158519778198,0.2,0.1111111111111111,-0.2222222222222222,0.1186215897156709,0.17322614870440572,1,2,0.009066667,,222.3238,books-genre-a=4 | books-genre-b=6
q047,a story about losing someone you love and learning to go on,Torso,CrossStripe,Conceptual,Hybrid,local-bm25,0.4599918402987472,0.2,0.1111111111111111,-0.1111111111111111,0.20820406877403072,0.19318547785088072,1,2,0.009066667,,222.2328,books-genre-a=4 | books-genre-b=6
q048,World War II,Head,CrossStripe,Lexical,Hybrid,single-index,1,1,1,1,1,0.6586360245745401,1,1,0.0047,,237.6115,books-oracle2=10
q048,World War II,Head,CrossStripe,Lexical,Hybrid,single-index-rescored,0.5996742378917358,0.5,0.3333333333333333,0.4666666666666667,0.4019324519720342,0.8067607557350442,1,1,0.0047,,237.6115,books-oracle2=10
q048,World War II,Head,CrossStripe,Lexical,Hybrid,naive-score,0.6629540635071426,0.7,0.5384615384615384,-0.05555555555555555,0.2169310153940489,0.5306300287373971,1,2,0.007933333,,221.8448,books-genre-a=4 | books-genre-b=6
q048,World War II,Head,CrossStripe,Lexical,Hybrid,interleave,0.7254122088376931,0.6,0.42857142857142855,0.07142857142857142,0.4054037048730326,0.5036073110420177,1,2,0.007933333,,221.777,books-genre-a=5 | books-genre-b=5
q048,World War II,Head,CrossStripe,Lexical,Hybrid,quota-merge,0.8316151938471683,0.6,0.42857142857142855,0.14285714285714285,0.5779375041579322,0.42725868110869103,1,2,0.007933333,,221.76829999999998,books-genre-a=5 | books-genre-b=5
q048,World War II,Head,CrossStripe,Lexical,Hybrid,global-rrf,0.8316151938471683,0.6,0.42857142857142855,0.14285714285714285,0.5779375041579322,0.42725868110869103,1,2,0.007933333,,221.7843,books-genre-a=5 | books-genre-b=5
q048,World War II,Head,CrossStripe,Lexical,Hybrid,minmax-norm,0.8908839062773194,0.7,0.5384615384615384,0.3333333333333333,0.6697760364939166,0.47465829306021995,1,2,0.007933333,,221.8091,books-genre-a=4 | books-genre-b=6
q048,World War II,Head,CrossStripe,Lexical,Hybrid,zscore-norm,0.6629540635071426,0.7,0.5384615384615384,-0.05555555555555555,0.2169310153940489,0.5306300287373971,1,2,0.007933333,,221.8072,books-genre-a=4 | books-genre-b=6
q048,World War II,Head,CrossStripe,Lexical,Hybrid,vector-similarity,0.5826302115103569,0.3,0.17647058823529413,0.24444444444444444,0.08862408641067661,0.8700578715134215,1,2,0.007933333,,221.7792,books-genre-b=10
q048,World War II,Head,CrossStripe,Lexical,Hybrid,hybrid-legs,0.9833084917864361,0.8,0.6666666666666666,0.6888888888888889,0.9001123513991808,0.6626987095145235,1,2,0.007933333,,221.8234,books-genre-a=1 | books-genre-b=9
q048,World War II,Head,CrossStripe,Lexical,Hybrid,idf-correct-probe,0.735761531121031,0.7,0.5384615384615384,0.2,0.4937876710360244,0.7174110983195537,1,2,0.007933333,,221.8132,books-genre-a=2 | books-genre-b=8
q048,World War II,Head,CrossStripe,Lexical,Hybrid,idf-correct-sidecar,0.735761531121031,0.7,0.5384615384615384,0.2,0.4937876710360244,0.7174110983195537,1,2,0.007933333,,221.8032,books-genre-a=2 | books-genre-b=8
q048,World War II,Head,CrossStripe,Lexical,Hybrid,global-bm25,0.5827310232635295,0.6,0.42857142857142855,0.14285714285714285,0.459660289425738,0.8045134984992827,1,2,0.007933333,,223.2364,books-genre-a=3 | books-genre-b=7
q048,World War II,Head,CrossStripe,Lexical,Hybrid,local-bm25,0.5338158477802728,0.5,0.3333333333333333,0.23809523809523808,0.4371892305186029,0.7466611464785665,1,2,0.007933333,,223.1445,books-genre-a=4 | books-genre-b=6
q049,survival against impossible odds in a hostile environment,Torso,CrossStripe,Conceptual,Hybrid,single-index,1,1,1,1,1,0.9552009891550426,1,1,0.0047,,237.0255,books-oracle2=10
q049,survival against impossible odds in a hostile environment,Torso,CrossStripe,Conceptual,Hybrid,single-index-rescored,0.5634131725928028,0.3,0.17647058823529413,0.1111111111111111,0.21052839708312654,0.6127747800101491,1,1,0.0047,,237.0255,books-oracle2=10
q049,survival against impossible odds in a hostile environment,Torso,CrossStripe,Conceptual,Hybrid,naive-score,0.9932953205688448,1,1,0.6,0.8671283128582424,0.9458352203602566,1,2,0.008483333,,223.7912,books-genre-a=4 | books-genre-b=6
q049,survival against impossible odds in a hostile environment,Torso,CrossStripe,Conceptual,Hybrid,interleave,0.872152408913622,0.9,0.8181818181818182,0.5111111111111111,0.6018862330988618,0.874233276401097,1,2,0.008483333,,223.7783,books-genre-a=5 | books-genre-b=5
q049,survival against impossible odds in a hostile environment,Torso,CrossStripe,Conceptual,Hybrid,quota-merge,0.8774596995523974,0.9,0.8181818181818182,0.6,0.6293764469998864,0.874233276401097,1,2,0.008483333,,223.7698,books-genre-a=5 | books-genre-b=5
q049,survival against impossible odds in a hostile environment,Torso,CrossStripe,Conceptual,Hybrid,global-rrf,0.8774596995523974,0.9,0.8181818181818182,0.6,0.6293764469998864,0.874233276401097,1,2,0.008483333,,223.7856,books-genre-a=5 | books-genre-b=5
q049,survival against impossible odds in a hostile environment,Torso,CrossStripe,Conceptual,Hybrid,minmax-norm,0.8727116754364733,0.9,0.8181818181818182,0.5555555555555556,0.6092297164018471,0.874233276401097,1,2,0.008483333,,223.8101,books-genre-a=5 | books-genre-b=5
q049,survival against impossible odds in a hostile environment,Torso,CrossStripe,Conceptual,Hybrid,zscore-norm,0.9731879361825996,1,1,0.5111111111111111,0.7687119311560282,0.9206500320722545,1,2,0.008483333,,223.8095,books-genre-a=4 | books-genre-b=6
q049,survival against impossible odds in a hostile environment,Torso,CrossStripe,Conceptual,Hybrid,vector-similarity,0.6688228590530764,0.3,0.17647058823529413,0.3333333333333333,0.2997654246566091,1,1,2,0.008483333,,223.7814,books-genre-a=4 | books-genre-b=6
q049,survival against impossible odds in a hostile environment,Torso,CrossStripe,Conceptual,Hybrid,hybrid-legs,0.8664759720467419,0.5,0.3333333333333333,0.3333333333333333,0.4933750210210765,1,1,2,0.008483333,,223.8232,books-genre-a=4 | books-genre-b=6
q049,survival against impossible odds in a hostile environment,Torso,CrossStripe,Conceptual,Hybrid,idf-correct-probe,0.4043487497560221,0,0,0.9555555555555556,0,0.18253212682101555,1,2,0.008483333,,223.8445,books-genre-a=8 | books-genre-b=2
q049,survival against impossible odds in a hostile environment,Torso,CrossStripe,Conceptual,Hybrid,idf-correct-sidecar,0.4043487497560221,0,0,0.9555555555555556,0,0.18253212682101555,1,2,0.008483333,,223.8141,books-genre-a=8 | books-genre-b=2
q049,survival against impossible odds in a hostile environment,Torso,CrossStripe,Conceptual,Hybrid,global-bm25,0.6562939606335759,0.4,0.25,0.2,0.2762612421347897,0.6038109834134687,1,2,0.008483333,,225.1193,books-genre-a=3 | books-genre-b=7
q049,survival against impossible odds in a hostile environment,Torso,CrossStripe,Conceptual,Hybrid,local-bm25,0.6082223356432852,0.4,0.25,0.1111111111111111,0.2762612421347897,0.5624505323240702,1,2,0.008483333,,225.1654,books-genre-a=3 | books-genre-b=7
q050,revenge,Head,CrossStripe,Lexical,Hybrid,single-index,1,1,1,1,1,0.6719064647839048,1,1,0.002316667,,163.9287,books-oracle2=10
q050,revenge,Head,CrossStripe,Lexical,Hybrid,single-index-rescored,0.7170961318571403,0.5,0.3333333333333333,0.24444444444444444,0.4036224179086278,0.7966987361775735,1,1,0.002316667,,163.9287,books-oracle2=10
q050,revenge,Head,CrossStripe,Lexical,Hybrid,naive-score,0.9583025746352574,0.9,0.8181818181818182,0.7222222222222222,0.8764877291911676,0.7137727704564085,1,2,0.002783333,,126.4887,books-genre-a=7 | books-genre-b=3
q050,revenge,Head,CrossStripe,Lexical,Hybrid,interleave,0.9710645826746361,0.8,0.6666666666666666,0.7333333333333333,0.7849263733085888,0.7572513156527938,1,2,0.002783333,,126.4802,books-genre-a=5 | books-genre-b=5
q050,revenge,Head,CrossStripe,Lexical,Hybrid,quota-merge,0.969927675630198,0.8,0.6666666666666666,0.6444444444444445,0.7775828900056037,0.754149526489807,1,2,0.002783333,,126.472,books-genre-a=5 | books-genre-b=5
q050,revenge,Head,CrossStripe,Lexical,Hybrid,global-rrf,0.969927675630198,0.8,0.6666666666666666,0.6444444444444445,0.7775828900056037,0.754149526489807,1,2,0.002783333,,126.48769999999999,books-genre-a=5 | books-genre-b=5
q050,revenge,Head,CrossStripe,Lexical,Hybrid,minmax-norm,0.934342699067519,0.9,0.8181818181818182,0.5555555555555556,0.7659432540304582,0.7389579587444106,1,2,0.002783333,,126.52069999999999,books-genre-a=7 | books-genre-b=3
q050,revenge,Head,CrossStripe,Lexical,Hybrid,zscore-norm,0.8244662575098047,0.9,0.8181818181818182,0.5111111111111111,0.5018647855909859,0.7302393765847025,1,2,0.002783333,,126.514,books-genre-a=6 | books-genre-b=4
q050,revenge,Head,CrossStripe,Lexical,Hybrid,vector-similarity,0.9177362541715055,0.8,0.6666666666666666,0.28888888888888886,0.6467523458420943,0.5860656363839352,1,2,0.002783333,,126.4806,books-genre-a=6 | books-genre-b=4
q050,revenge,Head,CrossStripe,Lexical,Hybrid,hybrid-legs,0.993789350999876,0.9,0.8181818181818182,0.9111111111111111,0.945923477651488,0.6812722335786907,1,2,0.002783333,,126.5298,books-genre-a=6 | books-genre-b=4
q050,revenge,Head,CrossStripe,Lexical,Hybrid,idf-correct-probe,0.9538050288528893,0.8,0.6666666666666666,0.8666666666666667,0.8275957511172288,0.7092782559848854,1,2,0.002783333,,126.5128,books-genre-a=6 | books-genre-b=4
q050,revenge,Head,CrossStripe,Lexical,Hybrid,idf-correct-sidecar,0.9538050288528893,0.8,0.6666666666666666,0.8666666666666667,0.8275957511172288,0.7092782559848854,1,2,0.002783333,,126.5016,books-genre-a=6 | books-genre-b=4
q050,revenge,Head,CrossStripe,Lexical,Hybrid,global-bm25,0.7247532274743741,0.5,0.3333333333333333,0.06666666666666667,0.4036224179086278,0.7966987361775735,1,2,0.002783333,,127.8596,books-genre-a=5 | books-genre-b=5
q050,revenge,Head,CrossStripe,Lexical,Hybrid,local-bm25,0.6998795725909074,0.5,0.3333333333333333,-0.15555555555555556,0.25053488420974523,0.868300680136733,1,2,0.002783333,,127.78059999999999,books-genre-a=5 | books-genre-b=5
q051,betrayal by someone you trusted completely,Torso,CrossStripe,Conceptual,Hybrid,single-index,1,1,1,1,1,0.37247221757815474,1,1,0.0047,,235.4674,books-oracle2=10
q051,betrayal by someone you trusted completely,Torso,CrossStripe,Conceptual,Hybrid,single-index-rescored,0.41735065710918007,0.2,0.1111111111111111,0.5111111111111111,0.019239926253821527,0.41462325078465073,1,1,0.0047,,235.4674,books-oracle2=10
q051,betrayal by someone you trusted completely,Torso,CrossStripe,Conceptual,Hybrid,naive-score,0.6832484470414941,0.6,0.42857142857142855,0,0.34728078436689697,0.3944831488429477,1,2,0.007366666000000001,,200.8828,books-genre-a=7 | books-genre-b=3
q051,betrayal by someone you trusted completely,Torso,CrossStripe,Conceptual,Hybrid,interleave,0.5243201364233459,0.4,0.25,-0.047619047619047616,0.13009495132394827,0.38071435775505996,1,2,0.007366666000000001,,200.872,books-genre-a=5 | books-genre-b=5
q051,betrayal by someone you trusted completely,Torso,CrossStripe,Conceptual,Hybrid,quota-merge,0.5041764754061678,0.4,0.25,-0.23809523809523808,0.09094841471977243,0.3920514156954284,1,2,0.007366666000000001,,200.8622,books-genre-a=5 | books-genre-b=5
q051,betrayal by someone you trusted completely,Torso,CrossStripe,Conceptual,Hybrid,global-rrf,0.5041764754061678,0.4,0.25,-0.23809523809523808,0.09094841471977243,0.3920514156954284,1,2,0.007366666000000001,,200.8807,books-genre-a=5 | books-genre-b=5
q051,betrayal by someone you trusted completely,Torso,CrossStripe,Conceptual,Hybrid,minmax-norm,0.5800519186814436,0.5,0.3333333333333333,-0.23809523809523808,0.21580435905270662,0.38284022472628526,1,2,0.007366666000000001,,200.9036,books-genre-a=6 | books-genre-b=4
q051,betrayal by someone you trusted completely,Torso,CrossStripe,Conceptual,Hybrid,zscore-norm,0.4839686317138161,0.5,0.3333333333333333,-0.23809523809523808,0.1324192796330441,0.43334926039372046,1,2,0.007366666000000001,,200.9034,books-genre-a=6 | books-genre-b=4
q051,betrayal by someone you trusted completely,Torso,CrossStripe,Conceptual,Hybrid,vector-similarity,0.6444875190704128,0.5,0.3333333333333333,0,0.27075073076687023,0.34140669832197384,1,2,0.007366666000000001,,200.8718,books-genre-a=9 | books-genre-b=1
q051,betrayal by someone you trusted completely,Torso,CrossStripe,Conceptual,Hybrid,hybrid-legs,0.7332393028844187,0.6,0.42857142857142855,0.16666666666666666,0.37545994450176523,0.4257361567869829,1,2,0.007366666000000001,,200.9143,books-genre-a=9 | books-genre-b=1
q051,betrayal by someone you trusted completely,Torso,CrossStripe,Conceptual,Hybrid,idf-correct-probe,0.613149150898304,0.3,0.17647058823529413,0.2,0.12456981119108901,0.29749358012628585,1,2,0.007366666000000001,,200.9118,books-genre-a=7 | books-genre-b=3
q051,betrayal by someone you trusted completely,Torso,CrossStripe,Conceptual,Hybrid,idf-correct-sidecar,0.669724960394378,0.4,0.25,-0.022222222222222223,0.16584308624454697,0.3297906419902863,1,2,0.007366666000000001,,200.9018,books-genre-a=8 | books-genre-b=2
q051,betrayal by someone you trusted completely,Torso,CrossStripe,Conceptual,Hybrid,global-bm25,0.4057387910367406,0.2,0.1111111111111111,0.1111111111111111,0.019239926253821527,0.4056890326902886,1,2,0.007366666000000001,,202.2678,books-genre-a=5 | books-genre-b=5
q051,betrayal by someone you trusted completely,Torso,CrossStripe,Conceptual,Hybrid,local-bm25,0.4040001573724608,0.2,0.1111111111111111,0.05555555555555555,0.019239926253821527,0.3892224265619947,1,2,0.007366666000000001,,202.1437,books-genre-a=5 | books-genre-b=5
q052,an orphan raised by strangers who discovers the truth about their parents,Tail,CrossStripe,Conceptual,Hybrid,single-index,1,1,1,1,1,0.3558465805172663,1,1,0.005866667,,246.1245,books-oracle2=10
q052,an orphan raised by strangers who discovers the truth about their parents,Tail,CrossStripe,Conceptual,Hybrid,single-index-rescored,0.7631178931849757,0.4,0.25,0.37777777777777777,0.38864074719363073,0.20019881149478633,1,1,0.005866667,,246.1245,books-oracle2=10
q052,an orphan raised by strangers who discovers the truth about their parents,Tail,CrossStripe,Conceptual,Hybrid,naive-score,0.9789857123067018,0.9,0.8181818181818182,0.7333333333333333,0.8816722734657407,0.3843470768004758,1,2,0.0102,,226.8339,books-genre-a=4 | books-genre-b=6
q052,an orphan raised by strangers who discovers the truth about their parents,Tail,CrossStripe,Conceptual,Hybrid,interleave,0.9605233296833362,0.9,0.8181818181818182,0.3333333333333333,0.7286538557259441,0.3530501348602633,1,2,0.0102,,226.82160000000002,books-genre-a=5 | books-genre-b=5
q052,an orphan raised by strangers who discovers the truth about their parents,Tail,CrossStripe,Conceptual,Hybrid,quota-merge,0.9000383746528594,0.9,0.8181818181818182,0.4666666666666667,0.6483770939336376,0.43805367794525885,1,2,0.0102,,226.81380000000001,books-genre-a=5 | books-genre-b=5
q052,an orphan raised by strangers who discovers the truth about their parents,Tail,CrossStripe,Conceptual,Hybrid,global-rrf,0.9000383746528594,0.9,0.8181818181818182,0.4666666666666667,0.6483770939336376,0.43805367794525885,1,2,0.0102,,226.83010000000002,books-genre-a=5 | books-genre-b=5
q052,an orphan raised by strangers who discovers the truth about their parents,Tail,CrossStripe,Conceptual,Hybrid,minmax-norm,0.9062367179514961,0.9,0.8181818181818182,0.7333333333333333,0.7340689740067757,0.4606507010191153,1,2,0.0102,,226.85350000000003,books-genre-a=4 | books-genre-b=6
q052,an orphan raised by strangers who discovers the truth about their parents,Tail,CrossStripe,Conceptual,Hybrid,zscore-norm,0.976891903476237,0.9,0.8181818181818182,0.6444444444444445,0.8541820595647162,0.37810232835995994,1,2,0.0102,,226.85330000000002,books-genre-a=4 | books-genre-b=6
q052,an orphan raised by strangers who discovers the truth about their parents,Tail,CrossStripe,Conceptual,Hybrid,vector-similarity,0.8008238138506457,0.6,0.42857142857142855,0.28888888888888886,0.46213809892777225,0.5808847401508729,1,2,0.0102,,226.8221,books-genre-a=4 | books-genre-b=6
q052,an orphan raised by strangers who discovers the truth about their parents,Tail,CrossStripe,Conceptual,Hybrid,hybrid-legs,0.9711141513799979,0.8,0.6666666666666666,0.6444444444444445,0.8518577312556204,0.39566779628617244,1,2,0.0102,,226.86690000000002,books-genre-a=4 | books-genre-b=6
q052,an orphan raised by strangers who discovers the truth about their parents,Tail,CrossStripe,Conceptual,Hybrid,idf-correct-probe,0.8200822480678147,0.4,0.25,0.3333333333333333,0.5139955803375255,0.1126067528784262,1,2,0.0102,,226.8675,books-genre-a=6 | books-genre-b=4
q052,an orphan raised by strangers who discovers the truth about their parents,Tail,CrossStripe,Conceptual,Hybrid,idf-correct-sidecar,0.8200822480678147,0.4,0.25,0.3333333333333333,0.5139955803375255,0.1126067528784262,1,2,0.0102,,226.8597,books-genre-a=6 | books-genre-b=4
q052,an orphan raised by strangers who discovers the truth about their parents,Tail,CrossStripe,Conceptual,Hybrid,global-bm25,0.7631178931849757,0.4,0.25,0.37777777777777777,0.38864074719363073,0.20019881149478633,1,2,0.0102,,228.2553,books-genre-a=4 | books-genre-b=6
q052,an orphan raised by strangers who discovers the truth about their parents,Tail,CrossStripe,Conceptual,Hybrid,local-bm25,0.7833740941850725,0.5,0.3333333333333333,0.24444444444444444,0.39458896866904886,0.19549006405578176,1,2,0.0102,,228.19850000000002,books-genre-a=5 | books-genre-b=5
q053,political corruption and the abuse of power,Torso,CrossStripe,Mixed,Hybrid,single-index,1,1,1,1,1,0.5953447921417493,1,1,0.0047,,234.5775,books-oracle2=10
q053,political corruption and the abuse of power,Torso,CrossStripe,Mixed,Hybrid,single-index-rescored,0.610934144769559,0.4,0.25,0.2,0.24227770745059016,0.7083640926858487,0.9,1,0.0047,,234.5775,books-oracle2=10
q053,political corruption and the abuse of power,Torso,CrossStripe,Mixed,Hybrid,naive-score,0.9846967326068267,0.9,0.8181818181818182,0.5111111111111111,0.8259233128362555,0.6470542871560667,1,2,0.009033333,,214.0049,books-genre-a=2 | books-genre-b=8
q053,political corruption and the abuse of power,Torso,CrossStripe,Mixed,Hybrid,interleave,0.9240424844108659,0.7,0.5384615384615384,0.37777777777777777,0.7503250663126975,0.8068291213808964,1,2,0.009033333,,213.99509999999998,books-genre-a=5 | books-genre-b=5
q053,political corruption and the abuse of power,Torso,CrossStripe,Mixed,Hybrid,quota-merge,0.9287407323382887,0.7,0.5384615384615384,0.4666666666666667,0.7576685496156828,0.795853309002242,1,2,0.009033333,,213.98739999999998,books-genre-a=5 | books-genre-b=5
q053,political corruption and the abuse of power,Torso,CrossStripe,Mixed,Hybrid,global-rrf,0.9287407323382887,0.7,0.5384615384615384,0.4666666666666667,0.7576685496156828,0.795853309002242,1,2,0.009033333,,214.00289999999998,books-genre-a=5 | books-genre-b=5
q053,political corruption and the abuse of power,Torso,CrossStripe,Mixed,Hybrid,minmax-norm,0.9888271345245837,0.9,0.8181818181818182,0.6888888888888889,0.8526896834879364,0.6300024780396539,1,2,0.009033333,,214.0262,books-genre-a=2 | books-genre-b=8
q053,political corruption and the abuse of power,Torso,CrossStripe,Mixed,Hybrid,zscore-norm,0.9243225556027808,0.8,0.6666666666666666,0.15555555555555556,0.6532698857902054,0.7483237275391966,1,2,0.009033333,,214.02589999999998,books-genre-a=4 | books-genre-b=6
q053,political corruption and the abuse of power,Torso,CrossStripe,Mixed,Hybrid,vector-similarity,0.7493633168922469,0.7,0.5384615384615384,-0.2,0.28467979347565187,0.49412307431218866,1,2,0.009033333,,213.9974,books-genre-a=1 | books-genre-b=9
q053,political corruption and the abuse of power,Torso,CrossStripe,Mixed,Hybrid,hybrid-legs,0.9886635822735741,0.8,0.6666666666666666,0.7777777777777778,0.8644112240361379,0.6247551305714834,1,2,0.009033333,,214.0393,books-genre-a=1 | books-genre-b=9
q053,political corruption and the abuse of power,Torso,CrossStripe,Mixed,Hybrid,idf-correct-probe,0.8090756347270033,0.4,0.25,0.28888888888888886,0.5139955803375255,0.7486604643721531,0.9,2,0.009033333,,214.1001,books-genre-a=7 | books-genre-b=3
q053,political corruption and the abuse of power,Torso,CrossStripe,Mixed,Hybrid,idf-correct-sidecar,0.820640246318752,0.4,0.25,0.3333333333333333,0.5139955803375255,0.7568937674363,0.9,2,0.009033333,,214.02769999999998,books-genre-a=7 | books-genre-b=3
q053,political corruption and the abuse of power,Torso,CrossStripe,Mixed,Hybrid,global-bm25,0.6563033257868224,0.5,0.3333333333333333,-0.06666666666666667,0.2720922496607106,0.7693149534543192,0.9,2,0.009033333,,215.36059999999998,books-genre-a=5 | books-genre-b=5
q053,political corruption and the abuse of power,Torso,CrossStripe,Mixed,Hybrid,local-bm25,0.710060216475375,0.5,0.3333333333333333,-0.06666666666666667,0.2720922496607106,0.7039319631883818,0.9,2,0.009033333,,215.3601,books-genre-a=5 | books-genre-b=5
q054,isolation and loneliness,Torso,CrossStripe,Conceptual,Hybrid,single-index,1,1,1,1,1,0.9636452638863133,1,1,0.005266667,,214.9873,books-oracle2=10
q054,isolation and loneliness,Torso,CrossStripe,Conceptual,Hybrid,single-index-rescored,0.5512068640605521,0.3,0.17647058823529413,0.24444444444444444,0.21052839708312654,0.9458352203602566,1,1,0.005266667,,214.9873,books-oracle2=10
q054,isolation and loneliness,Torso,CrossStripe,Conceptual,Hybrid,naive-score,0.9809013311830151,0.8,0.6666666666666666,0.6888888888888889,0.8423603475808811,1,1,2,0.004483333,,160.9557,books-genre-a=6 | books-genre-b=4
q054,isolation and loneliness,Torso,CrossStripe,Conceptual,Hybrid,interleave,0.9262993015097035,0.8,0.6666666666666666,0.6888888888888889,0.7168079245771727,0.9636452638863133,1,2,0.004483333,,160.9279,books-genre-a=5 | books-genre-b=5
q054,isolation and loneliness,Torso,CrossStripe,Conceptual,Hybrid,quota-merge,0.9297514837399271,0.8,0.6666666666666666,0.7777777777777778,0.7168079245771727,0.9621404437403491,1,2,0.004483333,,160.9186,books-genre-a=5 | books-genre-b=5
q054,isolation and loneliness,Torso,CrossStripe,Conceptual,Hybrid,global-rrf,0.9297514837399271,0.8,0.6666666666666666,0.7777777777777778,0.7168079245771727,0.9621404437403491,1,2,0.004483333,,160.9357,books-genre-a=5 | books-genre-b=5
q054,isolation and loneliness,Torso,CrossStripe,Conceptual,Hybrid,minmax-norm,0.9263048164016374,0.8,0.6666666666666666,0.6444444444444445,0.6888263543021181,1,1,2,0.004483333,,160.9591,books-genre-a=6 | books-genre-b=4
q054,isolation and loneliness,Torso,CrossStripe,Conceptual,Hybrid,zscore-norm,0.9876559106400238,0.8,0.6666666666666666,0.8666666666666667,0.8983234881309902,1,1,2,0.004483333,,160.9592,books-genre-a=6 | books-genre-b=4
q054,isolation and loneliness,Torso,CrossStripe,Conceptual,Hybrid,vector-similarity,0.72166249241552,0.3,0.17647058823529413,0.3888888888888889,0.32774699493166365,0.8608272741656436,1,2,0.004483333,,160.9273,books-genre-a=3 | books-genre-b=7
q054,isolation and loneliness,Torso,CrossStripe,Conceptual,Hybrid,hybrid-legs,0.9677608944858548,0.7,0.5384615384615384,0.6,0.8137610049941346,0.9552009891550426,1,2,0.004483333,,160.9721,books-genre-a=5 | books-genre-b=5
q054,isolation and loneliness,Torso,CrossStripe,Conceptual,Hybrid,idf-correct-probe,0.8310897618884284,0.4,0.25,0.4666666666666667,0.5568625480059788,0.9458352203602566,1,2,0.004483333,,160.9621,books-genre-a=6 | books-genre-b=4
q054,isolation and loneliness,Torso,CrossStripe,Conceptual,Hybrid,idf-correct-sidecar,0.8310897618884284,0.4,0.25,0.4666666666666667,0.5568625480059788,0.9458352203602566,1,2,0.004483333,,160.9511,books-genre-a=6 | books-genre-b=4
q054,isolation and loneliness,Torso,CrossStripe,Conceptual,Hybrid,global-bm25,0.5512068640605521,0.3,0.17647058823529413,0.24444444444444444,0.21052839708312654,0.9458352203602566,1,2,0.004483333,,163.9238,books-genre-a=4 | books-genre-b=6
q054,isolation and loneliness,Torso,CrossStripe,Conceptual,Hybrid,local-bm25,0.5581126148220948,0.3,0.17647058823529413,0.2777777777777778,0.27043933992983815,0.9371166382005486,1,2,0.004483333,,162.394,books-genre-a=9 | books-genre-b=1
q055,mother and daughter relationship across generations,Torso,CrossStripe,Conceptual,Hybrid,single-index,1,1,1,1,1,0.6388254003775786,1,1,0.0047,,197.2345,books-oracle2=10
q055,mother and daughter relationship across generations,Torso,CrossStripe,Conceptual,Hybrid,single-index-rescored,0.7867686815502676,0.5,0.3333333333333333,0.5111111111111111,0.43745593633750235,0.62741694851189,1,1,0.0047,,197.2345,books-oracle2=10
q055,mother and daughter relationship across generations,Torso,CrossStripe,Conceptual,Hybrid,naive-score,0.9617429048542198,0.7,0.5384615384615384,0.6,0.8307281912423257,0.4917624707454984,1,2,0.010733334,,189.227,books-genre-a=5 | books-genre-b=5
q055,mother and daughter relationship across generations,Torso,CrossStripe,Conceptual,Hybrid,interleave,0.9520877880798654,0.7,0.5384615384615384,0.5111111111111111,0.7503250663126975,0.4757613048558837,1,2,0.010733334,,189.2176,books-genre-a=5 | books-genre-b=5
q055,mother and daughter relationship across generations,Torso,CrossStripe,Conceptual,Hybrid,quota-merge,0.8994460646456832,0.7,0.5384615384615384,0.5555555555555556,0.6157908790400712,0.5255489463806835,1,2,0.010733334,,189.2087,books-genre-a=5 | books-genre-b=5
q055,mother and daughter relationship across generations,Torso,CrossStripe,Conceptual,Hybrid,global-rrf,0.8994460646456832,0.7,0.5384615384615384,0.5555555555555556,0.6157908790400712,0.5255489463806835,1,2,0.010733334,,189.2272,books-genre-a=5 | books-genre-b=5
q055,mother and daughter relationship across generations,Torso,CrossStripe,Conceptual,Hybrid,minmax-norm,0.9071463900728419,0.7,0.5384615384615384,0.5555555555555556,0.677194197963563,0.5381792264166558,1,2,0.010733334,,189.2484,books-genre-a=5 | books-genre-b=5
q055,mother and daughter relationship across generations,Torso,CrossStripe,Conceptual,Hybrid,zscore-norm,0.902819477523679,0.5,0.3333333333333333,0.7333333333333333,0.6729622195527403,0.3849746800796976,1,2,0.010733334,,189.2472,books-genre-a=7 | books-genre-b=3
q055,mother and daughter relationship across generations,Torso,CrossStripe,Conceptual,Hybrid,vector-similarity,0.8797077788011757,0.7,0.5384615384615384,0.37777777777777777,0.5905160435375556,0.6950688800755376,1,2,0.010733334,,189.2188,books-genre-a=2 | books-genre-b=8
q055,mother and daughter relationship across generations,Torso,CrossStripe,Conceptual,Hybrid,hybrid-legs,0.9926017648597927,1,1,0.8222222222222222,0.9027305428896882,0.63319728430499,1,2,0.010733334,,189.3336,books-genre-a=2 | books-genre-b=8
q055,mother and daughter relationship across generations,Torso,CrossStripe,Conceptual,Hybrid,idf-correct-probe,0.9128765628470565,0.7,0.5384615384615384,0.6444444444444445,0.6896213714736137,0.6062669003239712,1,2,0.010733334,,189.2597,books-genre-a=1 | books-genre-b=9
q055,mother and daughter relationship across generations,Torso,CrossStripe,Conceptual,Hybrid,idf-correct-sidecar,0.9128765628470565,0.7,0.5384615384615384,0.6444444444444445,0.6896213714736137,0.6062669003239712,1,2,0.010733334,,189.25,books-genre-a=1 | books-genre-b=9
q055,mother and daughter relationship across generations,Torso,CrossStripe,Conceptual,Hybrid,global-bm25,0.7867686815502676,0.5,0.3333333333333333,0.5111111111111111,0.43745593633750235,0.62741694851189,1,2,0.010733334,,190.6251,books-genre-a=1 | books-genre-b=9
q055,mother and daughter relationship across generations,Torso,CrossStripe,Conceptual,Hybrid,local-bm25,0.7840575873798401,0.5,0.3333333333333333,0.4222222222222222,0.43745593633750235,0.6251597182929438,1,2,0.010733334,,190.6158,books-genre-a=2 | books-genre-b=8
q056,murder,Head,CrossStripe,Lexical,Hybrid,single-index,1,1,1,1,1,1,1,1,0.0047,,213.2957,books-oracle2=10
q056,murder,Head,CrossStripe,Lexical,Hybrid,single-index-rescored,0.38771929199336486,0.1,0.05263157894736842,-0.6,0.005948221475418107,1,1,1,0.0047,,213.2957,books-oracle2=10
q056,murder,Head,CrossStripe,Lexical,Hybrid,naive-score,0.7438885900206732,0.6,0.42857142857142855,0.42857142857142855,0.5420968750409262,1,1,2,0.00505,,157.1629,books-genre-a=5 | books-genre-b=5
q056,murder,Head,CrossStripe,Lexical,Hybrid,interleave,0.832530448920126,0.6,0.42857142857142855,0.5238095238095238,0.6864515141909575,1,1,2,0.00505,,157.0908,books-genre-a=5 | books-genre-b=5
q056,murder,Head,CrossStripe,Lexical,Hybrid,quota-merge,0.81020657783719,0.6,0.42857142857142855,0.5238095238095238,0.6259975299995549,1,1,2,0.00505,,157.08089999999999,books-genre-a=5 | books-genre-b=5
q056,murder,Head,CrossStripe,Lexical,Hybrid,global-rrf,0.81020657783719,0.6,0.42857142857142855,0.5238095238095238,0.6259975299995549,1,1,2,0.00505,,157.0977,books-genre-a=5 | books-genre-b=5
q056,murder,Head,CrossStripe,Lexical,Hybrid,minmax-norm,0.9258228726832676,0.8,0.6666666666666666,0.6666666666666666,0.7781091433951338,1,1,2,0.00505,,157.12019999999998,books-genre-a=7 | books-genre-b=3
q056,murder,Head,CrossStripe,Lexical,Hybrid,zscore-norm,0.588050320086522,0.5,0.3333333333333333,-0.06666666666666667,0.2913197017798538,1,1,2,0.00505,,157.1214,books-genre-a=4 | books-genre-b=6
q056,murder,Head,CrossStripe,Lexical,Hybrid,vector-similarity,0.7288406540531894,0.5,0.3333333333333333,0.2,0.33984102774231356,0.9039129791606223,1,2,0.00505,,157.0923,books-genre-a=10
q056,murder,Head,CrossStripe,Lexical,Hybrid,hybrid-legs,0.9898816177989375,0.9,0.8181818181818182,0.6,0.8758678989164096,1,1,2,0.00505,,157.1367,books-genre-a=9 | books-genre-b=1
q056,murder,Head,CrossStripe,Lexical,Hybrid,idf-correct-probe,0.7620682333185828,0.6,0.42857142857142855,0.1111111111111111,0.37545994450176523,0.9458352203602566,1,2,0.00505,,157.1328,books-genre-a=10
q056,murder,Head,CrossStripe,Lexical,Hybrid,idf-correct-sidecar,0.7620682333185828,0.6,0.42857142857142855,0.1111111111111111,0.37545994450176523,0.9458352203602566,1,2,0.00505,,157.1141,books-genre-a=10
q056,murder,Head,CrossStripe,Lexical,Hybrid,global-bm25,0.3506674551977712,0.2,0.1111111111111111,-0.23809523809523808,0.08336481116910217,1,1,2,0.00505,,158.45759999999999,books-genre-a=7 | books-genre-b=3
q056,murder,Head,CrossStripe,Lexical,Hybrid,local-bm25,0.04971275627789964,0,0,1,0,0.8964467476188773,1,2,0.00505,,158.41729999999998,books-genre-b=10
q057,a journey across a ruined landscape,Torso,CrossStripe,Conceptual,Hybrid,single-index,1,1,1,1,1,0.33104546938796225,1,1,0.005266667,,197.537,books-oracle2=10
q057,a journey across a ruined landscape,Torso,CrossStripe,Conceptual,Hybrid,single-index-rescored,0.4816248870988682,0.2,0.1111111111111111,0.06666666666666667,0.13876832031371017,0.7179030950887582,1,1,0.005266667,,197.537,books-oracle2=10
q057,a journey across a ruined landscape,Torso,CrossStripe,Conceptual,Hybrid,naive-score,0.9416996665210374,1,1,0.6888888888888889,0.7415758898545342,0.3076894970378292,1,2,0.009033333,,214.93030000000002,books-genre-a=6 | books-genre-b=4
q057,a journey across a ruined landscape,Torso,CrossStripe,Conceptual,Hybrid,interleave,0.9864027715124613,0.9,0.8181818181818182,0.7333333333333333,0.8611800913828243,0.2741901570069052,1,2,0.009033333,,214.9188,books-genre-a=5 | books-genre-b=5
q057,a journey across a ruined landscape,Torso,CrossStripe,Conceptual,Hybrid,quota-merge,0.9846365204187019,0.9,0.8181818181818182,0.6888888888888889,0.8410333607847851,0.2684088581529518,1,2,0.009033333,,214.91080000000002,books-genre-a=5 | books-genre-b=5
q057,a journey across a ruined landscape,Torso,CrossStripe,Conceptual,Hybrid,global-rrf,0.9846365204187019,0.9,0.8181818181818182,0.6888888888888889,0.8410333607847851,0.2684088581529518,1,2,0.009033333,,214.9274,books-genre-a=5 | books-genre-b=5
q057,a journey across a ruined landscape,Torso,CrossStripe,Conceptual,Hybrid,minmax-norm,0.9965084864750016,1,1,0.7777777777777778,0.9024533664362822,0.30881811214730237,1,2,0.009033333,,214.9753,books-genre-a=6 | books-genre-b=4
q057,a journey across a ruined landscape,Torso,CrossStripe,Conceptual,Hybrid,zscore-norm,0.9416304389790571,1,1,0.6444444444444445,0.7415758898545342,0.3063279262596628,1,2,0.009033333,,214.9575,books-genre-a=6 | books-genre-b=4
q057,a journey across a ruined landscape,Torso,CrossStripe,Conceptual,Hybrid,vector-similarity,0.818197393592212,0.6,0.42857142857142855,0.28888888888888886,0.4578252595276063,0.44773518285642727,1,2,0.009033333,,214.92340000000002,books-genre-a=6 | books-genre-b=4
q057,a journey across a ruined landscape,Torso,CrossStripe,Conceptual,Hybrid,hybrid-legs,0.941355259016925,0.9,0.8181818181818182,0.7333333333333333,0.7557743989771553,0.32389923476568766,1,2,0.009033333,,214.96620000000001,books-genre-a=6 | books-genre-b=4
q057,a journey across a ruined landscape,Torso,CrossStripe,Conceptual,Hybrid,idf-correct-probe,0.7948006976023904,0.7,0.5384615384615384,0.37777777777777777,0.43615610690391854,0.3399419287285436,0.9,2,0.009033333,,214.96110000000002,books-genre-a=7 | books-genre-b=3
q057,a journey across a ruined landscape,Torso,CrossStripe,Conceptual,Hybrid,idf-correct-sidecar,0.7431862810194105,0.6,0.42857142857142855,0.7333333333333333,0.4302078854285004,0.3399419287285436,0.9,2,0.009033333,,214.9528,books-genre-a=8 | books-genre-b=2
q057,a journey across a ruined landscape,Torso,CrossStripe,Conceptual,Hybrid,global-bm25,0.4553424297099953,0.2,0.1111111111111111,0,0.16674989058876474,0.7504269242705309,1,2,0.009033333,,216.2611,books-genre-a=7 | books-genre-b=3
q057,a journey across a ruined landscape,Torso,CrossStripe,Conceptual,Hybrid,local-bm25,0.49496073471541313,0.3,0.17647058823529413,-0.16666666666666666,0.17269811206418287,0.6970258777796371,1,2,0.009033333,,216.31980000000001,books-genre-a=6 | books-genre-b=4
q058,religion faith and doubt,Torso,CrossStripe,Mixed,Hybrid,single-index,1,1,1,1,1,0.6950920893633193,0.9,1,0.005866667,,227.2402,books-oracle2=10
q058,religion faith and doubt,Torso,CrossStripe,Mixed,Hybrid,single-index-rescored,0.6239075151985728,0.5,0.3333333333333333,0.2,0.2925349014032276,0.9188462530413559,1,1,0.005866667,,227.2402,books-oracle2=10
q058,religion faith and doubt,Torso,CrossStripe,Mixed,Hybrid,naive-score,0.7510257931475576,0.7,0.5384615384615384,0.1111111111111111,0.3332798651040895,0.43714119715161454,0.9,2,0.004516666,,185.6285,books-genre-a=3 | books-genre-b=7
q058,religion faith and doubt,Torso,CrossStripe,Mixed,Hybrid,interleave,0.7340824868765033,0.5,0.3333333333333333,0.2777777777777778,0.38293264596589754,0.5198960780083761,1,2,0.004516666,,185.6168,books-genre-a=5 | books-genre-b=5
q058,religion faith and doubt,Torso,CrossStripe,Mixed,Hybrid,quota-merge,0.860723397880842,0.5,0.3333333333333333,0.3888888888888889,0.5895771401330777,0.5561823290835172,1,2,0.004516666,,185.60860000000002,books-genre-a=5 | books-genre-b=5
q058,religion faith and doubt,Torso,CrossStripe,Mixed,Hybrid,global-rrf,0.860723397880842,0.5,0.3333333333333333,0.3888888888888889,0.5895771401330777,0.5561823290835172,1,2,0.004516666,,185.6258,books-genre-a=5 | books-genre-b=5
q058,religion faith and doubt,Torso,CrossStripe,Mixed,Hybrid,minmax-norm,0.9143474802251721,0.7,0.5384615384615384,0.28888888888888886,0.6040324562313895,0.4787773320075503,0.9,2,0.004516666,,185.7184,books-genre-a=3 | books-genre-b=7
q058,religion faith and doubt,Torso,CrossStripe,Mixed,Hybrid,zscore-norm,0.6179507336297846,0.5,0.3333333333333333,-0.1111111111111111,0.12507579633005877,0.5135259252020201,1,2,0.004516666,,185.6501,books-genre-a=5 | books-genre-b=5
q058,religion faith and doubt,Torso,CrossStripe,Mixed,Hybrid,vector-similarity,0.8790896013324827,0.9,0.8181818181818182,0.4222222222222222,0.6234457531800887,0.7504758920763749,0.9,2,0.004516666,,185.62050000000002,books-genre-b=10
q058,religion faith and doubt,Torso,CrossStripe,Mixed,Hybrid,hybrid-legs,0.995858543024317,0.9,0.8181818181818182,0.8222222222222222,0.9269236716453516,0.6898520608463379,0.9,2,0.004516666,,185.661,books-genre-b=10
q058,religion faith and doubt,Torso,CrossStripe,Mixed,Hybrid,idf-correct-probe,0.8010073893054778,0.8,0.6666666666666666,-0.022222222222222223,0.4795891619134032,0.8187698615190014,0.9,2,0.004516666,,185.6541,books-genre-b=10
q058,religion faith and doubt,Torso,CrossStripe,Mixed,Hybrid,idf-correct-sidecar,0.8010073893054778,0.8,0.6666666666666666,-0.022222222222222223,0.4795891619134032,0.8187698615190014,0.9,2,0.004516666,,185.649,books-genre-b=10
q058,religion faith and doubt,Torso,CrossStripe,Mixed,Hybrid,global-bm25,0.6480563636122103,0.6,0.42857142857142855,0.1111111111111111,0.32234944361334794,0.8454175825008119,0.9,2,0.004516666,,187.0285,books-genre-a=1 | books-genre-b=9
q058,religion faith and doubt,Torso,CrossStripe,Mixed,Hybrid,local-bm25,0.5012017338479957,0.4,0.25,0.14285714285714285,0.25860510965275485,0.737135622228308,1,2,0.004516666,,187.04430000000002,books-genre-a=4 | books-genre-b=6
q059,London,Head,CrossStripe,Lexical,Hybrid,single-index,1,1,1,1,1,0.8427915955013713,1,1,0.002316667,,173.2374,books-oracle2=10
q059,London,Head,CrossStripe,Lexical,Hybrid,single-index-rescored,0.6656708410587522,0.6,0.42857142857142855,0.5111111111111111,0.24258825736000764,0.9603250160361273,1,1,0.002316667,,173.2374,books-oracle2=10
q059,London,Head,CrossStripe,Lexical,Hybrid,naive-score,0.9042000237517488,0.9,0.8181818181818182,0.5555555555555556,0.6514515426200794,0.8277820869654723,1,2,0.002816666,,143.50390000000002,books-genre-a=7 | books-genre-b=3
q059,London,Head,CrossStripe,Lexical,Hybrid,interleave,0.8262222245051524,0.8,0.6666666666666666,0.6888888888888889,0.5911534014679339,0.8558694687409335,1,2,0.002816666,,143.47560000000001,books-genre-a=5 | books-genre-b=5
q059,London,Head,CrossStripe,Lexical,Hybrid,quota-merge,0.9104421691181867,0.8,0.6666666666666666,0.7333333333333333,0.7446873947466969,0.8558694687409335,1,2,0.002816666,,143.46620000000001,books-genre-a=5 | books-genre-b=5
q059,London,Head,CrossStripe,Lexical,Hybrid,global-rrf,0.9104421691181867,0.8,0.6666666666666666,0.7333333333333333,0.7446873947466969,0.8558694687409335,1,2,0.002816666,,143.4838,books-genre-a=5 | books-genre-b=5
q059,London,Head,CrossStripe,Lexical,Hybrid,minmax-norm,0.9018703767748156,0.9,0.8181818181818182,0.4666666666666667,0.6324517366139427,0.8296481526731505,1,2,0.002816666,,143.5059,books-genre-a=7 | books-genre-b=3
q059,London,Head,CrossStripe,Lexical,Hybrid,zscore-norm,0.9157640640029074,0.8,0.6666666666666666,0.8222222222222222,0.786141572931963,0.8180916863089303,1,2,0.002816666,,143.50560000000002,books-genre-a=5 | books-genre-b=5
q059,London,Head,CrossStripe,Lexical,Hybrid,vector-similarity,0.8433064990717071,0.5,0.3333333333333333,0.37777777777777777,0.6054110313309511,0.7157683910047747,1,2,0.002816666,,143.479,books-genre-a=3 | books-genre-b=7
q059,London,Head,CrossStripe,Lexical,Hybrid,hybrid-legs,0.9252614187655214,0.8,0.6666666666666666,0.8222222222222222,0.7769622188032314,0.7817369501952437,1,2,0.002816666,,143.5216,books-genre-a=6 | books-genre-b=4
q059,London,Head,CrossStripe,Lexical,Hybrid,idf-correct-probe,0.8933183306799142,0.6,0.42857142857142855,0.5111111111111111,0.6187223217280406,0.6922506583774116,1,2,0.002816666,,143.5109,books-genre-a=3 | books-genre-b=7
q059,London,Head,CrossStripe,Lexical,Hybrid,idf-correct-sidecar,0.8933183306799142,0.6,0.42857142857142855,0.5111111111111111,0.6187223217280406,0.6922506583774116,1,2,0.002816666,,143.5678,books-genre-a=3 | books-genre-b=7
q059,London,Head,CrossStripe,Lexical,Hybrid,global-bm25,0.6780808791836448,0.6,0.42857142857142855,0.6,0.24258825736000764,0.94546789582947,1,2,0.002816666,,144.8054,books-genre-a=7 | books-genre-b=3
q059,London,Head,CrossStripe,Lexical,Hybrid,local-bm25,0.5414808856055077,0.6,0.42857142857142855,0.6111111111111112,0.22175258052812474,0.8439725676973855,1,2,0.002816666,,144.7926,books-genre-a=10
q060,Paris,Head,CrossStripe,Lexical,Hybrid,single-index,1,1,1,1,1,0.9257857076266625,1,1,0.002316667,,128.4895,books-oracle2=10
q060,Paris,Head,CrossStripe,Lexical,Hybrid,single-index-rescored,0.6939209206396494,0.6,0.42857142857142855,-0.15555555555555556,0.23340890323127603,0.9552009891550426,1,1,0.002316667,,128.4895,books-oracle2=10
q060,Paris,Head,CrossStripe,Lexical,Hybrid,naive-score,0.786229182555279,0.6,0.42857142857142855,0.3888888888888889,0.5219501444428869,0.9621404437403491,1,2,0.001933333,,122.2396,books-genre-a=4 | books-genre-b=6
q060,Paris,Head,CrossStripe,Lexical,Hybrid,interleave,0.6424578171786653,0.5,0.3333333333333333,0.07142857142857142,0.38293264596589754,0.9513467899190737,1,2,0.001933333,,122.2271,books-genre-a=5 | books-genre-b=5
q060,Paris,Head,CrossStripe,Lexical,Hybrid,quota-merge,0.7085293519333647,0.5,0.3333333333333333,0.14285714285714285,0.38293264596589754,0.9513467899190737,1,2,0.001933333,,122.222,books-genre-a=5 | books-genre-b=5
q060,Paris,Head,CrossStripe,Lexical,Hybrid,global-rrf,0.7085293519333647,0.5,0.3333333333333333,0.14285714285714285,0.38293264596589754,0.9513467899190737,1,2,0.001933333,,122.23689999999999,books-genre-a=5 | books-genre-b=5
q060,Paris,Head,CrossStripe,Lexical,Hybrid,minmax-norm,0.8059196394663128,0.7,0.5384615384615384,0.2222222222222222,0.5352418492212903,0.9636452638863133,1,2,0.001933333,,122.2785,books-genre-a=3 | books-genre-b=7
q060,Paris,Head,CrossStripe,Lexical,Hybrid,zscore-norm,0.5251463452822177,0.3,0.17647058823529413,0.14285714285714285,0.19541834913459707,0.871620927986919,1,2,0.001933333,,122.2589,books-genre-a=7 | books-genre-b=3
q060,Paris,Head,CrossStripe,Lexical,Hybrid,vector-similarity,0.9361237443228109,0.9,0.8181818181818182,0.5111111111111111,0.7166278623729795,0.9202182025407148,1,2,0.001933333,,122.22999999999999,books-genre-b=10
q060,Paris,Head,CrossStripe,Lexical,Hybrid,hybrid-legs,0.9198937988731036,0.9,0.8181818181818182,0.5111111111111111,0.7374439535861762,0.9636452638863133,1,2,0.001933333,,122.3352,books-genre-a=1 | books-genre-b=9
q060,Paris,Head,CrossStripe,Lexical,Hybrid,idf-correct-probe,0.831448753313402,0.7,0.5384615384615384,0.1111111111111111,0.4509702337079704,0.9458352203602566,1,2,0.001933333,,122.262,books-genre-a=1 | books-genre-b=9
q060,Paris,Head,CrossStripe,Lexical,Hybrid,idf-correct-sidecar,0.831448753313402,0.7,0.5384615384615384,0.1111111111111111,0.4509702337079704,0.9458352203602566,1,2,0.001933333,,122.2501,books-genre-a=1 | books-genre-b=9
q060,Paris,Head,CrossStripe,Lexical,Hybrid,global-bm25,0.6939209206396494,0.6,0.42857142857142855,-0.15555555555555556,0.23340890323127603,0.9552009891550426,1,2,0.001933333,,123.5977,books-genre-a=2 | books-genre-b=8
q060,Paris,Head,CrossStripe,Lexical,Hybrid,local-bm25,0.463346512215409,0.2,0.1111111111111111,-0.2777777777777778,0.040075603085704466,0.8381528477158477,1,2,0.001933333,,123.5641,books-genre-a=6 | books-genre-b=4
q061,the sea and the people who make their living on it,Torso,CrossStripe,Conceptual,Hybrid,single-index,1,1,1,1,1,0.3922001644438446,1,1,0.005866667,,195.2784,books-oracle2=10
q061,the sea and the people who make their living on it,Torso,CrossStripe,Conceptual,Hybrid,single-index-rescored,0.8014259543234339,0.5,0.3333333333333333,-0.15555555555555556,0.41828275963648825,0.17499211334726472,1,1,0.005866667,,195.2784,books-oracle2=10
q061,the sea and the people who make their living on it,Torso,CrossStripe,Conceptual,Hybrid,naive-score,0.9186903629254928,0.9,0.8181818181818182,0.37777777777777777,0.6613749355306293,0.36797529632038484,1,2,0.007933333,,190.208,books-genre-a=3 | books-genre-b=7
q061,the sea and the people who make their living on it,Torso,CrossStripe,Conceptual,Hybrid,interleave,0.7498324601813707,0.7,0.5384615384615384,0.2222222222222222,0.423008249051602,0.26886198114604687,1,2,0.007933333,,190.19799999999998,books-genre-a=5 | books-genre-b=5
q061,the sea and the people who make their living on it,Torso,CrossStripe,Conceptual,Hybrid,quota-merge,0.7766621977891681,0.7,0.5384615384615384,0.3888888888888889,0.5036089638410439,0.27894245305887544,1,2,0.007933333,,190.1906,books-genre-a=5 | books-genre-b=5
q061,the sea and the people who make their living on it,Torso,CrossStripe,Conceptual,Hybrid,global-rrf,0.7766621977891681,0.7,0.5384615384615384,0.3888888888888889,0.5036089638410439,0.27894245305887544,1,2,0.007933333,,190.2061,books-genre-a=5 | books-genre-b=5
q061,the sea and the people who make their living on it,Torso,CrossStripe,Conceptual,Hybrid,minmax-norm,0.8350499804051836,0.9,0.8181818181818182,0.24444444444444444,0.55083046036992,0.3544040437758332,1,2,0.007933333,,190.22979999999998,books-genre-a=3 | books-genre-b=7
q061,the sea and the people who make their living on it,Torso,CrossStripe,Conceptual,Hybrid,zscore-norm,0.706725000278514,0.7,0.5384615384615384,0,0.27530284948710654,0.2660361056310773,1,2,0.007933333,,190.22809999999998,books-genre-a=5 | books-genre-b=5
q061,the sea and the people who make their living on it,Torso,CrossStripe,Conceptual,Hybrid,vector-similarity,0.7782396738112451,0.5,0.3333333333333333,0.4222222222222222,0.3944430637798962,0.6715505281675916,1,2,0.007933333,,190.1987,books-genre-b=10
q061,the sea and the people who make their living on it,Torso,CrossStripe,Conceptual,Hybrid,hybrid-legs,0.9800770620240434,0.8,0.6666666666666666,0.7333333333333333,0.9038319415358438,0.5112194018249352,1,2,0.007933333,,190.3241,books-genre-a=1 | books-genre-b=9
q061,the sea and the people who make their living on it,Torso,CrossStripe,Conceptual,Hybrid,idf-correct-probe,0.612169011736635,0.4,0.25,0.24444444444444444,0.1953667608311316,0.18556611877520576,1,2,0.007933333,,190.2604,books-genre-a=4 | books-genre-b=6
q061,the sea and the people who make their living on it,Torso,CrossStripe,Conceptual,Hybrid,idf-correct-sidecar,0.610558785035596,0.4,0.25,0.15555555555555556,0.17884392339941463,0.18556611877520576,1,2,0.007933333,,190.23,books-genre-a=4 | books-genre-b=6
q061,the sea and the people who make their living on it,Torso,CrossStripe,Conceptual,Hybrid,global-bm25,0.7615091697334799,0.4,0.25,-0.05555555555555555,0.41233453816107013,0.17499211334726472,1,2,0.007933333,,191.5652,books-genre-a=4 | books-genre-b=6
q061,the sea and the people who make their living on it,Torso,CrossStripe,Conceptual,Hybrid,local-bm25,0.7628051917112516,0.4,0.25,-0.05555555555555555,0.41233453816107013,0.17499211334726472,1,2,0.007933333,,191.52609999999999,books-genre-a=4 | books-genre-b=6
q062,a small town where everyone is hiding something,Torso,CrossStripe,Conceptual,Hybrid,single-index,1,1,1,1,1,0.44245462901042293,1,1,0.0047,,193.9908,books-oracle2=10
q062,a small town where everyone is hiding something,Torso,CrossStripe,Conceptual,Hybrid,single-index-rescored,0.4897580503546767,0.1,0.05263157894736842,0.37777777777777777,0.20791020559261889,0.490741422296211,0.9,1,0.0047,,193.9908,books-oracle2=10
q062,a small town where everyone is hiding something,Torso,CrossStripe,Conceptual,Hybrid,naive-score,0.7264922187467344,0.6,0.42857142857142855,0.05555555555555555,0.4395135588276987,0.43338042041661656,1,2,0.010733334,,216.9095,books-genre-a=6 | books-genre-b=4
q062,a small town where everyone is hiding something,Torso,CrossStripe,Conceptual,Hybrid,interleave,0.8121225097658223,0.5,0.3333333333333333,0.07142857142857142,0.596920623436063,0.5198998167379586,1,2,0.010733334,,216.89690000000002,books-genre-a=5 | books-genre-b=5
q062,a small town where everyone is hiding something,Torso,CrossStripe,Conceptual,Hybrid,quota-merge,0.6816044560148147,0.5,0.3333333333333333,-0.14285714285714285,0.3902761292688829,0.4947643392843954,1,2,0.010733334,,216.889,books-genre-a=5 | books-genre-b=5
q062,a small town where everyone is hiding something,Torso,CrossStripe,Conceptual,Hybrid,global-rrf,0.6816044560148147,0.5,0.3333333333333333,-0.14285714285714285,0.3902761292688829,0.4947643392843954,1,2,0.010733334,,216.90550000000002,books-genre-a=5 | books-genre-b=5
q062,a small town where everyone is hiding something,Torso,CrossStripe,Conceptual,Hybrid,minmax-norm,0.7269441059748822,0.6,0.42857142857142855,0.1111111111111111,0.45116988153085,0.43450404903449735,1,2,0.010733334,,216.9279,books-genre-a=6 | books-genre-b=4
q062,a small town where everyone is hiding something,Torso,CrossStripe,Conceptual,Hybrid,zscore-norm,0.7254230670870498,0.6,0.42857142857142855,0,0.4244035108791692,0.43194203559395505,1,2,0.010733334,,216.929,books-genre-a=6 | books-genre-b=4
q062,a small town where everyone is hiding something,Torso,CrossStripe,Conceptual,Hybrid,vector-similarity,0.5236365686780355,0.4,0.25,0.3333333333333333,0.09457230788609472,0.3679130686892517,0.9,2,0.010733334,,216.89690000000002,books-genre-a=9 | books-genre-b=1
q062,a small town where everyone is hiding something,Torso,CrossStripe,Conceptual,Hybrid,hybrid-legs,0.8008738007827426,0.8,0.6666666666666666,0.15555555555555556,0.3991390294262192,0.43936303054524023,1,2,0.010733334,,216.9365,books-genre-a=8 | books-genre-b=2
q062,a small town where everyone is hiding something,Torso,CrossStripe,Conceptual,Hybrid,idf-correct-probe,0.5718219908562281,0.2,0.1111111111111111,0.4222222222222222,0.16129096752431069,0.2967436405917907,1,2,0.010733334,,216.9393,books-genre-a=7 | books-genre-b=3
q062,a small town where everyone is hiding something,Torso,CrossStripe,Conceptual,Hybrid,idf-correct-sidecar,0.5696581268109785,0.2,0.1111111111111111,0.4666666666666667,0.15211161339557905,0.2915068924900416,1,2,0.010733334,,216.9307,books-genre-a=6 | books-genre-b=4
q062,a small town where everyone is hiding something,Torso,CrossStripe,Conceptual,Hybrid,global-bm25,0.4797242687494912,0.1,0.05263157894736842,0.3333333333333333,0.20791020559261889,0.5273056758842097,0.9,2,0.010733334,,218.3004,books-genre-a=6 | books-genre-b=4
q062,a small town where everyone is hiding something,Torso,CrossStripe,Conceptual,Hybrid,local-bm25,0.4776412606191623,0.1,0.05263157894736842,0.2777777777777778,0.20791020559261889,0.5309308255096755,0.9,2,0.010733334,,218.1972,books-genre-a=6 | books-genre-b=4
q063,identity and what makes someone who they are,Torso,CrossStripe,Conceptual,Hybrid,single-index,1,1,1,1,1,0.7554399392688858,1,1,0.005866667,,231.6418,books-oracle2=10
q063,identity and what makes someone who they are,Torso,CrossStripe,Conceptual,Hybrid,single-index-rescored,0.45947442568786523,0.3,0.17647058823529413,0.24444444444444444,0.041710985160956594,0.73778909353607,1,1,0.005866667,,231.6418,books-oracle2=10
q063,identity and what makes someone who they are,Torso,CrossStripe,Conceptual,Hybrid,naive-score,0.5501786092379118,0.5,0.3333333333333333,0,0.3060757843449101,0.6068992702250998,1,2,0.010733334,,218.5245,books-genre-a=5 | books-genre-b=5
q063,identity and what makes someone who they are,Torso,CrossStripe,Conceptual,Hybrid,interleave,0.5710004409999849,0.5,0.3333333333333333,0.07142857142857142,0.38293264596589754,0.6352947944591485,1,2,0.010733334,,218.5007,books-genre-a=5 | books-genre-b=5
q063,identity and what makes someone who they are,Torso,CrossStripe,Conceptual,Hybrid,quota-merge,0.636017194123369,0.5,0.3333333333333333,0.21428571428571427,0.4104228598669221,0.6330375642402022,1,2,0.010733334,,218.493,books-genre-a=5 | books-genre-b=5
q063,identity and what makes someone who they are,Torso,CrossStripe,Conceptual,Hybrid,global-rrf,0.636017194123369,0.5,0.3333333333333333,0.21428571428571427,0.4104228598669221,0.6330375642402022,1,2,0.010733334,,218.5037,books-genre-a=5 | books-genre-b=5
q063,identity and what makes someone who they are,Torso,CrossStripe,Conceptual,Hybrid,minmax-norm,0.6354240956742315,0.5,0.3333333333333333,0.21428571428571427,0.41662025950561943,0.6446770526571031,1,2,0.010733334,,218.5466,books-genre-a=5 | books-genre-b=5
q063,identity and what makes someone who they are,Torso,CrossStripe,Conceptual,Hybrid,zscore-norm,0.6540108759632629,0.5,0.3333333333333333,0.2857142857142857,0.4317303074541488,0.6461154374797645,1,2,0.010733334,,218.5261,books-genre-a=5 | books-genre-b=5
q063,identity and what makes someone who they are,Torso,CrossStripe,Conceptual,Hybrid,vector-similarity,0.6978839901044642,0.4,0.25,0.6444444444444445,0.43009492537889676,0.7539630868864869,1,2,0.010733334,,218.4935,books-genre-b=10
q063,identity and what makes someone who they are,Torso,CrossStripe,Conceptual,Hybrid,hybrid-legs,0.7181898463019394,0.5,0.3333333333333333,0.3333333333333333,0.4584966781058296,0.741134765228392,1,2,0.010733334,,218.53470000000002,books-genre-a=3 | books-genre-b=7
q063,identity and what makes someone who they are,Torso,CrossStripe,Conceptual,Hybrid,idf-correct-probe,0.5743610069260686,0.4,0.25,0.3333333333333333,0.06418204406809166,0.6286963038325649,1,2,0.010733334,,218.5341,books-genre-a=8 | books-genre-b=2
q063,identity and what makes someone who they are,Torso,CrossStripe,Conceptual,Hybrid,idf-correct-sidecar,0.46818540207182013,0.2,0.1111111111111111,0.5111111111111111,0.0357627636855385,0.6426457101871113,1,2,0.010733334,,218.57410000000002,books-genre-a=10
q063,identity and what makes someone who they are,Torso,CrossStripe,Conceptual,Hybrid,global-bm25,0.39240785181917703,0.3,0.17647058823529413,0.6428571428571429,0.041710985160956594,0.6780793576359043,1,2,0.010733334,,219.8693,books-genre-a=5 | books-genre-b=5
q063,identity and what makes someone who they are,Torso,CrossStripe,Conceptual,Hybrid,local-bm25,0.32265375998032547,0.3,0.17647058823529413,0.7857142857142857,0.041710985160956594,0.6887621209888156,1,2,0.010733334,,219.8533,books-genre-a=4 | books-genre-b=6
q064,father and son,Head,CrossStripe,Lexical,Hybrid,single-index,1,1,1,1,1,0.6724397481745218,1,1,0.0047,,227.1327,books-oracle2=10
q064,father and son,Head,CrossStripe,Lexical,Hybrid,single-index-rescored,0.6137075897038836,0.4,0.25,-0.3333333333333333,0.2219355416229986,0.8675077089328014,1,1,0.0047,,227.1327,books-oracle2=10
q064,father and son,Head,CrossStripe,Lexical,Hybrid,naive-score,0.9138719531151848,0.8,0.6666666666666666,0.24444444444444444,0.6734166163882448,0.625720285327937,1,2,0.006699999999999999,,154.3344,books-genre-a=5 | books-genre-b=5
q064,father and son,Head,CrossStripe,Lexical,Hybrid,interleave,0.834027834531084,0.8,0.6666666666666666,0.2,0.4905565383827108,0.5256139437748063,1,2,0.006699999999999999,,154.3216,books-genre-a=5 | books-genre-b=5
q064,father and son,Head,CrossStripe,Lexical,Hybrid,quota-merge,0.9223306588339495,0.8,0.6666666666666666,0.24444444444444444,0.6642372622595131,0.601020376135496,1,2,0.006699999999999999,,154.3131,books-genre-a=5 | books-genre-b=5
q064,father and son,Head,CrossStripe,Lexical,Hybrid,global-rrf,0.9223306588339495,0.8,0.6666666666666666,0.24444444444444444,0.6642372622595131,0.601020376135496,1,2,0.006699999999999999,,154.3299,books-genre-a=5 | books-genre-b=5
q064,father and son,Head,CrossStripe,Lexical,Hybrid,minmax-norm,0.8827226762438108,0.7,0.5384615384615384,0.5111111111111111,0.6205552936631065,0.5889914217825772,1,2,0.006699999999999999,,154.353,books-genre-a=6 | books-genre-b=4
q064,father and son,Head,CrossStripe,Lexical,Hybrid,zscore-norm,0.9138719531151848,0.8,0.6666666666666666,0.24444444444444444,0.6734166163882448,0.625720285327937,1,2,0.006699999999999999,,154.3536,books-genre-a=5 | books-genre-b=5
q064,father and son,Head,CrossStripe,Lexical,Hybrid,vector-similarity,0.6159548940243169,0.4,0.25,0.05555555555555555,0.22010051172486694,0.8467563202403593,1,2,0.006699999999999999,,154.325,books-genre-a=4 | books-genre-b=6
q064,father and son,Head,CrossStripe,Lexical,Hybrid,hybrid-legs,0.9241665877317116,0.7,0.5384615384615384,0.4222222222222222,0.7281478705869743,0.796938306811723,1,2,0.006699999999999999,,154.3656,books-genre-a=3 | books-genre-b=7
q064,father and son,Head,CrossStripe,Lexical,Hybrid,idf-correct-probe,0.753680892297104,0.5,0.3333333333333333,0.5111111111111111,0.47864340870386896,0.7341015211550971,1,2,0.006699999999999999,,154.357,books-genre-a=2 | books-genre-b=8
q064,father and son,Head,CrossStripe,Lexical,Hybrid,idf-correct-sidecar,0.776093286034795,0.6,0.42857142857142855,0.28888888888888886,0.4919351134822723,0.7341015211550971,1,2,0.006699999999999999,,154.34799999999998,books-genre-a=3 | books-genre-b=7
q064,father and son,Head,CrossStripe,Lexical,Hybrid,global-bm25,0.7527876042386162,0.6,0.42857142857142855,0.06666666666666667,0.441991368329733,0.7963404060657466,1,2,0.006699999999999999,,155.6568,books-genre-a=2 | books-genre-b=8
q064,father and son,Head,CrossStripe,Lexical,Hybrid,local-bm25,0.7527876042386162,0.6,0.42857142857142855,0.06666666666666667,0.441991368329733,0.7963404060657466,1,2,0.006699999999999999,,155.6543,books-genre-a=2 | books-genre-b=8
q065,escape from captivity,Torso,CrossStripe,Conceptual,Hybrid,single-index,1,1,1,1,1,0.9206500320722545,1,1,0.00235,,182.961,books-oracle2=10
q065,escape from captivity,Torso,CrossStripe,Conceptual,Hybrid,single-index-rescored,0.5089072749537478,0.4,0.25,0.06666666666666667,0.16584308624454697,0.8451551060060025,0.9,1,0.00235,,182.961,books-oracle2=10
q065,escape from captivity,Torso,CrossStripe,Conceptual,Hybrid,naive-score,0.9094053355024524,0.8,0.6666666666666666,0.7777777777777778,0.7058648111396565,0.7982035563235377,1,2,0.003333333,,127.57119999999999,books-genre-a=4 | books-genre-b=6
q065,escape from captivity,Torso,CrossStripe,Conceptual,Hybrid,interleave,0.8901701412733064,0.8,0.6666666666666666,0.4222222222222222,0.6044284195183317,0.8255800663201707,1,2,0.003333333,,127.56089999999999,books-genre-a=5 | books-genre-b=5
q065,escape from captivity,Torso,CrossStripe,Conceptual,Hybrid,quota-merge,0.8733743374785065,0.8,0.6666666666666666,0.5111111111111111,0.6435749561225075,0.8758510212272971,1,2,0.003333333,,127.5527,books-genre-a=5 | books-genre-b=5
q065,escape from captivity,Torso,CrossStripe,Conceptual,Hybrid,global-rrf,0.8733743374785065,0.8,0.6666666666666666,0.5111111111111111,0.6435749561225075,0.8758510212272971,1,2,0.003333333,,127.62899999999999,books-genre-a=5 | books-genre-b=5
q065,escape from captivity,Torso,CrossStripe,Conceptual,Hybrid,minmax-norm,0.8905787195685275,0.8,0.6666666666666666,0.6888888888888889,0.7265028981117257,0.8431154918487309,1,2,0.003333333,,127.59299999999999,books-genre-a=4 | books-genre-b=6
q065,escape from captivity,Torso,CrossStripe,Conceptual,Hybrid,zscore-norm,0.888318335956507,0.8,0.6666666666666666,0.6444444444444445,0.6644106329543905,0.8345582924372243,1,2,0.003333333,,127.60629999999999,books-genre-a=5 | books-genre-b=5
q065,escape from captivity,Torso,CrossStripe,Conceptual,Hybrid,vector-similarity,0.8472450312888752,0.8,0.6666666666666666,0.28888888888888886,0.5879055820866148,0.8158444290731688,1,2,0.003333333,,127.5615,books-genre-a=5 | books-genre-b=5
q065,escape from captivity,Torso,CrossStripe,Conceptual,Hybrid,hybrid-legs,0.9367159887548292,0.9,0.8181818181818182,0.8666666666666667,0.8051927316677793,0.8363737201414462,1,2,0.003333333,,127.6032,books-genre-a=4 | books-genre-b=6
q065,escape from captivity,Torso,CrossStripe,Conceptual,Hybrid,idf-correct-probe,0.849208544322295,0.6,0.42857142857142855,0.6888888888888889,0.6321015945142301,0.8323110352014628,1,2,0.003333333,,127.5966,books-genre-a=4 | books-genre-b=6
q065,escape from captivity,Torso,CrossStripe,Conceptual,Hybrid,idf-correct-sidecar,0.9359823847004396,0.6,0.42857142857142855,0.7777777777777778,0.8547258847684365,0.8787277908726202,1,2,0.003333333,,127.58709999999999,books-genre-a=4 | books-genre-b=6
q065,escape from captivity,Torso,CrossStripe,Conceptual,Hybrid,global-bm25,0.48818682651532147,0.4,0.25,0.1111111111111111,0.16584308624454697,0.8034413505103827,0.9,2,0.003333333,,128.8813,books-genre-a=6 | books-genre-b=4
q065,escape from captivity,Torso,CrossStripe,Conceptual,Hybrid,local-bm25,0.40357860509029464,0.3,0.17647058823529413,0.23809523809523808,0.1690742188978605,0.810647616992105,0.9,2,0.003333333,,128.9306,books-genre-a=2 | books-genre-b=8
q066,a secret that destroys a community when it comes out,Torso,CrossStripe,Conceptual,Hybrid,single-index,1,1,1,1,1,0.40002923508319405,1,1,0.0053,,233.9863,books-oracle2=10
q066,a secret that destroys a community when it comes out,Torso,CrossStripe,Conceptual,Hybrid,single-index-rescored,0.5809155906053689,0.3,0.17647058823529413,-0.022222222222222223,0.2479858086783234,0.39159335135490125,1,1,0.0053,,233.9863,books-oracle2=10
q066,a secret that destroys a community when it comes out,Torso,CrossStripe,Conceptual,Hybrid,naive-score,0.9565648303125048,0.9,0.8181818181818182,0.8333333333333334,0.8813268219808635,0.40255159366562854,1,2,0.01075,,217.4875,books-genre-a=5 | books-genre-b=5
q066,a secret that destroys a community when it comes out,Torso,CrossStripe,Conceptual,Hybrid,interleave,0.9450201630324114,0.9,0.8181818181818182,0.6666666666666666,0.8238928477085716,0.37417820773508004,1,2,0.01075,,217.4772,books-genre-a=5 | books-genre-b=5
q066,a secret that destroys a community when it comes out,Torso,CrossStripe,Conceptual,Hybrid,quota-merge,0.9450201630324114,0.9,0.8181818181818182,0.6666666666666666,0.8238928477085716,0.37417820773508004,1,2,0.01075,,217.4693,books-genre-a=5 | books-genre-b=5
q066,a secret that destroys a community when it comes out,Torso,CrossStripe,Conceptual,Hybrid,global-rrf,0.9450201630324114,0.9,0.8181818181818182,0.6666666666666666,0.8238928477085716,0.37417820773508004,1,2,0.01075,,217.486,books-genre-a=5 | books-genre-b=5
q066,a secret that destroys a community when it comes out,Torso,CrossStripe,Conceptual,Hybrid,minmax-norm,0.9131497336546249,0.8,0.6666666666666666,0.4444444444444444,0.6741055626220883,0.3666008279786552,1,2,0.01075,,217.5086,books-genre-a=4 | books-genre-b=6
q066,a secret that destroys a community when it comes out,Torso,CrossStripe,Conceptual,Hybrid,zscore-norm,0.9515438027358268,0.8,0.6666666666666666,0.7222222222222222,0.8753786005054454,0.4122425221090497,1,2,0.01075,,217.5089,books-genre-a=4 | books-genre-b=6
q066,a secret that destroys a community when it comes out,Torso,CrossStripe,Conceptual,Hybrid,vector-similarity,0.880958548111493,0.8,0.6666666666666666,-0.05555555555555555,0.5538882223283559,0.2426107166493984,1,2,0.01075,,217.4785,books-genre-a=7 | books-genre-b=3
q066,a secret that destroys a community when it comes out,Torso,CrossStripe,Conceptual,Hybrid,hybrid-legs,0.9426776368745411,0.9,0.8181818181818182,0.6666666666666666,0.7918922045475674,0.29736040648698464,1,2,0.01075,,217.519,books-genre-a=6 | books-genre-b=4
q066,a secret that destroys a community when it comes out,Torso,CrossStripe,Conceptual,Hybrid,idf-correct-probe,0.6091463323379358,0.2,0.1111111111111111,0.5,0.21385842706803698,0.16058570529322827,1,2,0.01075,,217.5198,books-genre-a=8 | books-genre-b=2
q066,a secret that destroys a community when it comes out,Torso,CrossStripe,Conceptual,Hybrid,idf-correct-sidecar,0.610470384164536,0.2,0.1111111111111111,0.42857142857142855,0.21385842706803698,0.16172709709021274,1,2,0.01075,,217.5805,books-genre-a=8 | books-genre-b=2
q066,a secret that destroys a community when it comes out,Torso,CrossStripe,Conceptual,Hybrid,global-bm25,0.718781551324062,0.5,0.3333333333333333,0.5,0.4227681288039171,0.6442628778762317,1,2,0.01075,,218.83350000000002,books-genre-a=5 | books-genre-b=5
q066,a secret that destroys a community when it comes out,Torso,CrossStripe,Conceptual,Hybrid,local-bm25,0.6794966051597257,0.5,0.3333333333333333,0.14285714285714285,0.38682240402350465,0.5831463301321105,1,2,0.01075,,218.7917,books-genre-a=4 | books-genre-b=6
q067,the American South,Torso,CrossStripe,Lexical,Hybrid,single-index,1,1,1,1,1,0.46940989755812,1,1,0.005866667,,244.5613,books-oracle2=10
q067,the American South,Torso,CrossStripe,Lexical,Hybrid,single-index-rescored,0.6455791564796828,0.5,0.3333333333333333,-0.15555555555555556,0.2672257349321449,0.5316315575245244,1,1,0.005866667,,244.5613,books-oracle2=10
q067,the American South,Torso,CrossStripe,Lexical,Hybrid,naive-score,0.6913857734395522,0.4,0.25,0.8,0.6109215426988706,0.3304307832351324,1,2,0.005600000000000001,,194.5408,books-genre-a=6 | books-genre-b=4
q067,the American South,Torso,CrossStripe,Lexical,Hybrid,interleave,0.5605377707217511,0.5,0.3333333333333333,0.6,0.38293264596589754,0.2664250647785148,1,2,0.005600000000000001,,194.48059999999998,books-genre-a=5 | books-genre-b=5
q067,the American South,Torso,CrossStripe,Lexical,Hybrid,quota-merge,0.7309384869073907,0.5,0.3333333333333333,0.6,0.596920623436063,0.29730493136930014,1,2,0.005600000000000001,,194.4724,books-genre-a=5 | books-genre-b=5
q067,the American South,Torso,CrossStripe,Lexical,Hybrid,global-rrf,0.7309384869073907,0.5,0.3333333333333333,0.6,0.596920623436063,0.29730493136930014,1,2,0.005600000000000001,,194.489,books-genre-a=5 | books-genre-b=5
q067,the American South,Torso,CrossStripe,Lexical,Hybrid,minmax-norm,0.5795876134165721,0.3,0.17647058823529413,0.3333333333333333,0.41804263938880326,0.3570305147529561,1,2,0.005600000000000001,,194.5129,books-genre-a=7 | books-genre-b=3
q067,the American South,Torso,CrossStripe,Lexical,Hybrid,zscore-norm,0.6913857734395522,0.4,0.25,0.8,0.6109215426988706,0.3304307832351324,1,2,0.005600000000000001,,194.5127,books-genre-a=6 | books-genre-b=4
q067,the American South,Torso,CrossStripe,Lexical,Hybrid,vector-similarity,0.7794537345465192,0.4,0.25,0.37777777777777777,0.4196780214640555,0.5939343675684545,1,2,0.005600000000000001,,194.4834,books-genre-a=1 | books-genre-b=9
q067,the American South,Torso,CrossStripe,Lexical,Hybrid,hybrid-legs,0.9816327414933459,0.8,0.6666666666666666,0.8666666666666667,0.9130112956645753,0.4772160881621669,1,2,0.005600000000000001,,194.5232,books-genre-b=10
q067,the American South,Torso,CrossStripe,Lexical,Hybrid,idf-correct-probe,0.8370907709571935,0.5,0.3333333333333333,0.5714285714285714,0.6729622195527403,0.23220771575996738,1,2,0.005600000000000001,,194.5162,books-genre-a=4 | books-genre-b=6
q067,the American South,Torso,CrossStripe,Lexical,Hybrid,idf-correct-sidecar,0.8370907709571935,0.5,0.3333333333333333,0.5714285714285714,0.6729622195527403,0.23220771575996738,1,2,0.005600000000000001,,194.505,books-genre-a=4 | books-genre-b=6
q067,the American South,Torso,CrossStripe,Lexical,Hybrid,global-bm25,0.24299569375682528,0.3,0.17647058823529413,0,0.15071635156801183,0.45960389571354865,1,2,0.005600000000000001,,195.9863,books-genre-a=6 | books-genre-b=4
q067,the American South,Torso,CrossStripe,Lexical,Hybrid,local-bm25,0.0731009647129379,0.1,0.05263157894736842,0,0.005948221475418107,0.43353162790319716,1,2,0.005600000000000001,,195.8475,books-genre-a=9 | books-genre-b=1
q068,grief after the death of a child,Torso,CrossStripe,Conceptual,Hybrid,single-index,1,1,1,1,1,0.14481083343757015,0.9,1,0.005266667,,236.0232,books-oracle2=10
q068,grief after the death of a child,Torso,CrossStripe,Conceptual,Hybrid,single-index-rescored,0.5254933215272463,0.2,0.1111111111111111,0.15555555555555556,0.18805733817599143,0.14569278766894517,1,1,0.005266667,,236.0232,books-oracle2=10
q068,grief after the death of a child,Torso,CrossStripe,Conceptual,Hybrid,naive-score,0.9801047047182766,0.9,0.8181818181818182,0.6444444444444445,0.8556520523592844,0.15130636068705972,1,2,0.009066666000000001,,224.8884,books-genre-a=6 | books-genre-b=4
q068,grief after the death of a child,Torso,CrossStripe,Conceptual,Hybrid,interleave,0.8743795121258088,1,1,0.5555555555555556,0.6067011595239621,0.14312539051074896,0.9,2,0.009066666000000001,,224.8782,books-genre-a=5 | books-genre-b=5
q068,grief after the death of a child,Torso,CrossStripe,Conceptual,Hybrid,quota-merge,0.8812894225399823,1,1,0.6444444444444445,0.6598116604123793,0.14481083343757015,0.9,2,0.009066666000000001,,224.86919999999998,books-genre-a=5 | books-genre-b=5
q068,grief after the death of a child,Torso,CrossStripe,Conceptual,Hybrid,global-rrf,0.8812894225399823,1,1,0.6444444444444445,0.6598116604123793,0.14481083343757015,0.9,2,0.009066666000000001,,224.88629999999998,books-genre-a=5 | books-genre-b=5
q068,grief after the death of a child,Torso,CrossStripe,Conceptual,Hybrid,minmax-norm,0.8595040225812827,0.9,0.8181818181818182,0.4222222222222222,0.584230100616827,0.15055395061407761,1,2,0.009066666000000001,,224.9298,books-genre-a=6 | books-genre-b=4
q068,grief after the death of a child,Torso,CrossStripe,Conceptual,Hybrid,zscore-norm,0.9869391296274015,0.9,0.8181818181818182,0.7777777777777778,0.9250878008196052,0.15130636068705972,1,2,0.009066666000000001,,224.9097,books-genre-a=6 | books-genre-b=4
q068,grief after the death of a child,Torso,CrossStripe,Conceptual,Hybrid,vector-similarity,0.8762248483130841,0.4,0.25,0.022222222222222223,0.519504033742379,0.3232917722264397,1,2,0.009066666000000001,,224.8818,books-genre-a=3 | books-genre-b=7
q068,grief after the death of a child,Torso,CrossStripe,Conceptual,Hybrid,hybrid-legs,0.9789286357745905,0.7,0.5384615384615384,0.7777777777777778,0.9230322362924747,0.2418834746510342,1,2,0.009066666000000001,,224.921,books-genre-a=3 | books-genre-b=7
q068,grief after the death of a child,Torso,CrossStripe,Conceptual,Hybrid,idf-correct-probe,0.9266558759655904,0.6,0.42857142857142855,0.5111111111111111,0.7357405320532389,0.13376845882872118,1,2,0.009066666000000001,,224.91989999999998,books-genre-a=5 | books-genre-b=5
q068,grief after the death of a child,Torso,CrossStripe,Conceptual,Hybrid,idf-correct-sidecar,0.9266558759655904,0.6,0.42857142857142855,0.5111111111111111,0.7357405320532389,0.13376845882872118,1,2,0.009066666000000001,,224.9085,books-genre-a=5 | books-genre-b=5
q068,grief after the death of a child,Torso,CrossStripe,Conceptual,Hybrid,global-bm25,0.568923717698318,0.3,0.17647058823529413,-0.1111111111111111,0.19400555965140953,0.10545598939613207,1,2,0.009066666000000001,,227.8468,books-genre-a=5 | books-genre-b=5
q068,grief after the death of a child,Torso,CrossStripe,Conceptual,Hybrid,local-bm25,0.5833603457034704,0.3,0.17647058823529413,-0.16666666666666666,0.17889551170288012,0.10093760236400674,1,2,0.009066666000000001,,226.26489999999998,books-genre-a=5 | books-genre-b=5
q069,an outsider who does not fit in anywhere,Torso,CrossStripe,Conceptual,Hybrid,single-index,1,1,1,1,1,0.6516550721283562,1,1,0.0047,,244.0955,books-oracle2=10
q069,an outsider who does not fit in anywhere,Torso,CrossStripe,Conceptual,Hybrid,single-index-rescored,0.42302367788071704,0.1,0.05263157894736842,0.1111111111111111,0.03412738161028636,0.5279203907656239,1,1,0.0047,,244.0955,books-oracle2=10
q069,an outsider who does not fit in anywhere,Torso,CrossStripe,Conceptual,Hybrid,naive-score,0.7185385883417795,0.5,0.3333333333333333,0.35714285714285715,0.4371892305186029,0.6304741427486572,1,2,0.009066666000000001,,224.1345,books-genre-a=8 | books-genre-b=2
q069,an outsider who does not fit in anywhere,Torso,CrossStripe,Conceptual,Hybrid,interleave,0.5619920716668475,0.4,0.25,0.14285714285714285,0.20871005391300052,0.5277274270594632,1,2,0.009066666000000001,,224.1256,books-genre-a=5 | books-genre-b=5
q069,an outsider who does not fit in anywhere,Torso,CrossStripe,Conceptual,Hybrid,quota-merge,0.555851347127712,0.4,0.25,-0.047619047619047616,0.20136657061001514,0.5006648499879155,1,2,0.009066666000000001,,224.1173,books-genre-a=5 | books-genre-b=5
q069,an outsider who does not fit in anywhere,Torso,CrossStripe,Conceptual,Hybrid,global-rrf,0.555851347127712,0.4,0.25,-0.047619047619047616,0.20136657061001514,0.5006648499879155,1,2,0.009066666000000001,,224.1341,books-genre-a=5 | books-genre-b=5
q069,an outsider who does not fit in anywhere,Torso,CrossStripe,Conceptual,Hybrid,minmax-norm,0.43141537825448284,0.2,0.1111111111111111,-0.047619047619047616,0.06252913433721924,0.43716638711423006,1,2,0.009066666000000001,,224.1566,books-genre-a=2 | books-genre-b=8
q069,an outsider who does not fit in anywhere,Torso,CrossStripe,Conceptual,Hybrid,zscore-norm,0.45242208463951544,0.2,0.1111111111111111,0.2,0.14660315999072546,0.4787773320075503,1,2,0.009066666000000001,,224.1567,books-genre-a=3 | books-genre-b=7
q069,an outsider who does not fit in anywhere,Torso,CrossStripe,Conceptual,Hybrid,vector-similarity,0.688181257122094,0.5,0.3333333333333333,0.6428571428571429,0.39390002243520517,0.3634463372545813,1,2,0.009066666000000001,,224.123,books-genre-a=7 | books-genre-b=3
q069,an outsider who does not fit in anywhere,Torso,CrossStripe,Conceptual,Hybrid,hybrid-legs,0.793302705916249,0.5,0.3333333333333333,0.5,0.5476073864088457,0.6017556034052642,1,2,0.009066666000000001,,224.1709,books-genre-a=9 | books-genre-b=1
q069,an outsider who does not fit in anywhere,Torso,CrossStripe,Conceptual,Hybrid,idf-correct-probe,0.5132881266408538,0.3,0.17647058823529413,0.6444444444444445,0.10583587007623722,0.5652552496622563,1,2,0.009066666000000001,,224.2181,books-genre-a=6 | books-genre-b=4
q069,an outsider who does not fit in anywhere,Torso,CrossStripe,Conceptual,Hybrid,idf-correct-sidecar,0.5127420922764891,0.3,0.17647058823529413,0.5555555555555556,0.10583587007623722,0.5718176613660024,1,2,0.009066666000000001,,224.1805,books-genre-a=6 | books-genre-b=4
q069,an outsider who does not fit in anywhere,Torso,CrossStripe,Conceptual,Hybrid,global-bm25,0.42299024134349883,0.1,0.05263157894736842,0.24444444444444444,0.03412738161028636,0.46466082392968144,1,2,0.009066666000000001,,225.516,books-genre-a=7 | books-genre-b=3
q069,an outsider who does not fit in anywhere,Torso,CrossStripe,Conceptual,Hybrid,local-bm25,0.42207174145650894,0.1,0.05263157894736842,0.24444444444444444,0.03412738161028636,0.48004923196734367,1,2,0.009066666000000001,,225.49450000000002,books-genre-a=7 | books-genre-b=3
q070,school,Head,CrossStripe,Lexical,Hybrid,single-index,1,1,1,1,1,0.9636452638863133,1,1,0.0047,,223.7924,books-oracle2=10
q070,school,Head,CrossStripe,Lexical,Hybrid,single-index-rescored,0.6804058775748498,0.6,0.42857142857142855,0.3333333333333333,0.4363370100357267,1,1,1,0.0047,,223.7924,books-oracle2=10
q070,school,Head,CrossStripe,Lexical,Hybrid,naive-score,0.9221719549489231,0.7,0.5384615384615384,0.3333333333333333,0.6679401656681703,1,1,2,0.00785,,171.73790000000002,books-genre-a=6 | books-genre-b=4
q070,school,Head,CrossStripe,Lexical,Hybrid,interleave,0.9029777306416494,0.6,0.42857142857142855,0.3333333333333333,0.6303590588125058,1,1,2,0.00785,,171.7263,books-genre-a=5 | books-genre-b=5
q070,school,Head,CrossStripe,Lexical,Hybrid,quota-merge,0.9017743222828767,0.6,0.42857142857142855,0.28888888888888886,0.6187027361093543,1,1,2,0.00785,,171.7175,books-genre-a=5 | books-genre-b=5
q070,school,Head,CrossStripe,Lexical,Hybrid,global-rrf,0.9017743222828767,0.6,0.42857142857142855,0.28888888888888886,0.6187027361093543,1,1,2,0.00785,,171.7339,books-genre-a=5 | books-genre-b=5
q070,school,Head,CrossStripe,Lexical,Hybrid,minmax-norm,0.9221719549489231,0.7,0.5384615384615384,0.3333333333333333,0.6679401656681703,1,1,2,0.00785,,171.7586,books-genre-a=6 | books-genre-b=4
q070,school,Head,CrossStripe,Lexical,Hybrid,zscore-norm,0.7408338089186755,0.7,0.5384615384615384,-0.1111111111111111,0.29733414032367705,1,1,2,0.00785,,171.7577,books-genre-a=6 | books-genre-b=4
q070,school,Head,CrossStripe,Lexical,Hybrid,vector-similarity,0.813920872368019,0.3,0.17647058823529413,0.4222222222222222,0.4441200638066403,0.9010362095152992,1,2,0.00785,,171.72830000000002,books-genre-a=7 | books-genre-b=3
q070,school,Head,CrossStripe,Lexical,Hybrid,hybrid-legs,0.9414321782619052,0.8,0.6666666666666666,0.4222222222222222,0.7487830586683629,1,1,2,0.00785,,171.76930000000002,books-genre-a=8 | books-genre-b=2
q070,school,Head,CrossStripe,Lexical,Hybrid,idf-correct-probe,0.9500632077860579,0.7,0.5384615384615384,0.5555555555555556,0.7698679136635251,1,1,2,0.00785,,171.7657,books-genre-a=10
q070,school,Head,CrossStripe,Lexical,Hybrid,idf-correct-sidecar,0.9500632077860579,0.7,0.5384615384615384,0.5555555555555556,0.7698679136635251,1,1,2,0.00785,,171.8194,books-genre-a=10
q070,school,Head,CrossStripe,Lexical,Hybrid,global-bm25,0.6539458266234535,0.6,0.42857142857142855,0.2777777777777778,0.4363370100357267,1,1,2,0.00785,,173.22390000000001,books-genre-a=8 | books-genre-b=2
q070,school,Head,CrossStripe,Lexical,Hybrid,local-bm25,0.24841516858551257,0.1,0.05263157894736842,0.6,0.013291704778403425,0.8372490278778489,1,2,0.00785,,173.1935,books-genre-b=10
q071,obsession that ruins a life,Torso,CrossStripe,Conceptual,Hybrid,single-index,1,1,1,1,1,0.22173233647840185,1,1,0.005866667,,265.5563,books-oracle2=10
q071,obsession that ruins a life,Torso,CrossStripe,Conceptual,Hybrid,single-index-rescored,0.4211687222810469,0.2,0.1111111111111111,-0.3333333333333333,0.02658340955680685,0.3118011535663642,1,1,0.005866667,,265.5563,books-oracle2=10
q071,obsession that ruins a life,Torso,CrossStripe,Conceptual,Hybrid,naive-score,0.7718006755486468,0.6,0.42857142857142855,0.4444444444444444,0.5700784453159808,0.4873833202627995,1,2,0.007933333,,216.06719999999999,books-genre-a=3 | books-genre-b=7
q071,obsession that ruins a life,Torso,CrossStripe,Conceptual,Hybrid,interleave,0.7419507327312805,0.5,0.3333333333333333,0.2,0.38293264596589754,0.5616177959859511,1,2,0.007933333,,216.057,books-genre-a=5 | books-genre-b=5
q071,obsession that ruins a life,Torso,CrossStripe,Conceptual,Hybrid,quota-merge,0.8692479072301365,0.5,0.3333333333333333,0.28888888888888886,0.5779208174299264,0.47891478923965247,1,2,0.007933333,,216.0472,books-genre-a=5 | books-genre-b=5
q071,obsession that ruins a life,Torso,CrossStripe,Conceptual,Hybrid,global-rrf,0.8692479072301365,0.5,0.3333333333333333,0.28888888888888886,0.5779208174299264,0.47891478923965247,1,2,0.007933333,,216.0638,books-genre-a=5 | books-genre-b=5
q071,obsession that ruins a life,Torso,CrossStripe,Conceptual,Hybrid,minmax-norm,0.8870284714044252,0.6,0.42857142857142855,0.5,0.7236124385947437,0.4177581867560632,1,2,0.007933333,,216.08859999999999,books-genre-a=3 | books-genre-b=7
q071,obsession that ruins a life,Torso,CrossStripe,Conceptual,Hybrid,zscore-norm,0.7085093153682208,0.6,0.42857142857142855,0.1111111111111111,0.3905699924502947,0.5468291474148895,1,2,0.007933333,,216.08689999999999,books-genre-a=3 | books-genre-b=7
q071,obsession that ruins a life,Torso,CrossStripe,Conceptual,Hybrid,vector-similarity,0.7319409018269729,0.6,0.42857142857142855,0.2,0.3363134078975893,0.5241846791286611,1,2,0.007933333,,216.0564,books-genre-a=1 | books-genre-b=9
q071,obsession that ruins a life,Torso,CrossStripe,Conceptual,Hybrid,hybrid-legs,0.8220210126954047,0.8,0.6666666666666666,0.3333333333333333,0.577662048866651,0.4381291654214808,1,2,0.007933333,,216.09539999999998,books-genre-a=1 | books-genre-b=9
q071,obsession that ruins a life,Torso,CrossStripe,Conceptual,Hybrid,idf-correct-probe,0.598546804005171,0.3,0.17647058823529413,0.3333333333333333,0.07582083911562267,0.18488422808248012,1,2,0.007933333,,216.0929,books-genre-a=6 | books-genre-b=4
q071,obsession that ruins a life,Torso,CrossStripe,Conceptual,Hybrid,idf-correct-sidecar,0.6014714392164447,0.3,0.17647058823529413,0.37777777777777777,0.0850001932443543,0.19124977055456902,1,2,0.007933333,,216.088,books-genre-a=5 | books-genre-b=5
q071,obsession that ruins a life,Torso,CrossStripe,Conceptual,Hybrid,global-bm25,0.44046657680855006,0.2,0.1111111111111111,-0.022222222222222223,0.04741908638868978,0.39515199311518007,1,2,0.007933333,,217.5352,books-genre-a=6 | books-genre-b=4
q071,obsession that ruins a life,Torso,CrossStripe,Conceptual,Hybrid,local-bm25,0.43256207239833394,0.2,0.1111111111111111,-0.2,0.02658340955680685,0.4602680605839728,1,2,0.007933333,,217.3561,books-genre-a=6 | books-genre-b=4
q072,slavery and its aftermath,Torso,CrossStripe,Mixed,Hybrid,single-index,1,1,1,1,1,0.7904112455011445,1,1,0.00175,,152.4987,books-oracle2=10
q072,slavery and its aftermath,Torso,CrossStripe,Mixed,Hybrid,single-index-rescored,0.6381572584152986,0.7,0.5384615384615384,-0.06666666666666667,0.37560379142785205,0.622051649700751,0.9,1,0.00175,,152.4987,books-oracle2=10
q072,slavery and its aftermath,Torso,CrossStripe,Mixed,Hybrid,naive-score,0.7854027582818833,0.7,0.5384615384615384,0.2222222222222222,0.4772648336043074,0.6235211703476038,1,2,0.00165,,124.4499,books-genre-a=3 | books-genre-b=7
q072,slavery and its aftermath,Torso,CrossStripe,Mixed,Hybrid,interleave,0.7168001456382685,0.6,0.42857142857142855,0.14285714285714285,0.396224350744301,0.6096103529671604,1,2,0.00165,,124.4389,books-genre-a=5 | books-genre-b=5
q072,slavery and its aftermath,Torso,CrossStripe,Mixed,Hybrid,quota-merge,0.8412674740836912,0.6,0.42857142857142855,0.2857142857142857,0.6230155755095205,0.6770659262717607,1,2,0.00165,,124.4313,books-genre-a=5 | books-genre-b=5
q072,slavery and its aftermath,Torso,CrossStripe,Mixed,Hybrid,global-rrf,0.8412674740836912,0.6,0.42857142857142855,0.2857142857142857,0.6230155755095205,0.6770659262717607,1,2,0.00165,,124.44669999999999,books-genre-a=5 | books-genre-b=5
q072,slavery and its aftermath,Torso,CrossStripe,Mixed,Hybrid,minmax-norm,0.8888013024418492,0.7,0.5384615384615384,0.2777777777777778,0.6307988268830703,0.6699379260187613,1,2,0.00165,,124.4697,books-genre-a=3 | books-genre-b=7
q072,slavery and its aftermath,Torso,CrossStripe,Mixed,Hybrid,zscore-norm,0.6672169952500582,0.6,0.42857142857142855,0.14285714285714285,0.3181522894999398,0.5725264379044205,1,2,0.00165,,124.4726,books-genre-a=5 | books-genre-b=5
q072,slavery and its aftermath,Torso,CrossStripe,Mixed,Hybrid,vector-similarity,0.7170789393141287,0.6,0.42857142857142855,-0.1111111111111111,0.3137907606869888,0.6923249627100273,1,2,0.00165,,124.4401,books-genre-a=1 | books-genre-b=9
q072,slavery and its aftermath,Torso,CrossStripe,Mixed,Hybrid,hybrid-legs,0.9848774463114718,0.9,0.8181818181818182,0.8666666666666667,0.9129597073611101,0.7511622989331158,1,2,0.00165,,124.5,books-genre-a=2 | books-genre-b=8
q072,slavery and its aftermath,Torso,CrossStripe,Mixed,Hybrid,idf-correct-probe,0.8233597135993465,0.5,0.3333333333333333,0.4222222222222222,0.5511544467782457,0.5319234904756048,0.9,2,0.00165,,124.4745,books-genre-a=3 | books-genre-b=7
q072,slavery and its aftermath,Torso,CrossStripe,Mixed,Hybrid,idf-correct-sidecar,0.8233597135993465,0.5,0.3333333333333333,0.4222222222222222,0.5511544467782457,0.5319234904756048,0.9,2,0.00165,,124.4655,books-genre-a=3 | books-genre-b=7
q072,slavery and its aftermath,Torso,CrossStripe,Mixed,Hybrid,global-bm25,0.6381572584152986,0.7,0.5384615384615384,-0.06666666666666667,0.37560379142785205,0.622051649700751,0.9,2,0.00165,,125.80799999999999,books-genre-a=2 | books-genre-b=8
q072,slavery and its aftermath,Torso,CrossStripe,Mixed,Hybrid,local-bm25,0.6373918119136552,0.7,0.5384615384615384,-0.2,0.3547681145959692,0.6242312952406781,0.9,2,0.00165,,125.7558,books-genre-a=2 | books-genre-b=8
q073,the Holocaust,Torso,CrossStripe,Lexical,Hybrid,single-index,1,1,1,1,1,0.8719968219913282,1,1,0.001716667,,86.2964,books-oracle2=10
q073,the Holocaust,Torso,CrossStripe,Lexical,Hybrid,single-index-rescored,0.47008800956967783,0.3,0.17647058823529413,0.022222222222222223,0.12456981119108901,0.7534045454785803,1,1,0.001716667,,86.2964,books-oracle2=10
q073,the Holocaust,Torso,CrossStripe,Lexical,Hybrid,naive-score,0.6785663790640505,0.6,0.42857142857142855,0.05555555555555555,0.2895013586097277,0.6727111401530721,1,2,0.0022,,71.7692,books-genre-a=5 | books-genre-b=5
q073,the Holocaust,Torso,CrossStripe,Lexical,Hybrid,interleave,0.7299998456525383,0.6,0.42857142857142855,0.2777777777777778,0.45231680612275266,0.6664483009331401,1,2,0.0022,,71.7619,books-genre-a=5 | books-genre-b=5
q073,the Holocaust,Torso,CrossStripe,Lexical,Hybrid,quota-merge,0.7878319183792247,0.6,0.42857142857142855,0.3888888888888889,0.4937709843080187,0.6664483009331401,1,2,0.0022,,71.7535,books-genre-a=5 | books-genre-b=5
q073,the Holocaust,Torso,CrossStripe,Lexical,Hybrid,global-rrf,0.7878319183792247,0.6,0.42857142857142855,0.3888888888888889,0.4937709843080187,0.6664483009331401,1,2,0.0022,,71.77029999999999,books-genre-a=5 | books-genre-b=5
q073,the Holocaust,Torso,CrossStripe,Lexical,Hybrid,minmax-norm,0.8020206648576204,0.7,0.5384615384615384,0.3333333333333333,0.5187190117895734,0.7065551144285526,1,2,0.0022,,71.7918,books-genre-a=4 | books-genre-b=6
q073,the Holocaust,Torso,CrossStripe,Lexical,Hybrid,zscore-norm,0.6410292300537578,0.6,0.42857142857142855,-0.1111111111111111,0.19445995648691383,0.6637329140360186,1,2,0.0022,,71.79299999999999,books-genre-a=5 | books-genre-b=5
q073,the Holocaust,Torso,CrossStripe,Lexical,Hybrid,vector-similarity,0.7634748331590305,0.4,0.25,0.4222222222222222,0.4239908608642214,0.9224654597764764,1,2,0.0022,,71.7645,books-genre-b=10
q073,the Holocaust,Torso,CrossStripe,Lexical,Hybrid,hybrid-legs,0.825526984089049,0.7,0.5384615384615384,0.28888888888888886,0.4713341397845095,0.7193255787022513,1,2,0.0022,,71.8014,books-genre-a=4 | books-genre-b=6
q073,the Holocaust,Torso,CrossStripe,Lexical,Hybrid,idf-correct-probe,0.5815060579073451,0.4,0.25,0.022222222222222223,0.27073320311124993,0.6559702265963407,1,2,0.0022,,71.7952,books-genre-a=1 | books-genre-b=9
q073,the Holocaust,Torso,CrossStripe,Lexical,Hybrid,idf-correct-sidecar,0.5815060579073451,0.4,0.25,0.022222222222222223,0.27073320311124993,0.6559702265963407,1,2,0.0022,,71.78399999999999,books-genre-a=1 | books-genre-b=9
q073,the Holocaust,Torso,CrossStripe,Lexical,Hybrid,global-bm25,0.5462509159003358,0.5,0.3333333333333333,-0.2,0.16033257487662747,0.6933049362221025,1,2,0.0022,,73.1825,books-genre-a=4 | books-genre-b=6
q073,the Holocaust,Torso,CrossStripe,Lexical,Hybrid,local-bm25,0.33756422939197733,0.1,0.05263157894736842,0.23809523809523808,0.06938416015685508,0.44613274581738543,1,2,0.0022,,73.08539999999999,books-genre-a=10
q074,a woman who defies the expectations of her time,Torso,CrossStripe,Conceptual,Hybrid,single-index,1,1,1,1,1,0.733625636834526,1,1,0.0047,,196.1073,books-oracle2=10
q074,a woman who defies the expectations of her time,Torso,CrossStripe,Conceptual,Hybrid,single-index-rescored,0.5152592397609191,0.3,0.17647058823529413,-0.06666666666666667,0.15805983487099717,0.4575772312243633,1,1,0.0047,,196.1073,books-oracle2=10
q074,a woman who defies the expectations of her time,Torso,CrossStripe,Conceptual,Hybrid,naive-score,0.8818220697931034,0.7,0.5384615384615384,0.6428571428571429,0.7423630664376011,0.6863010442276941,1,2,0.009649999999999999,,300.3987,books-genre-a=6 | books-genre-b=4
q074,a woman who defies the expectations of her time,Torso,CrossStripe,Conceptual,Hybrid,interleave,0.9361243991056086,0.7,0.5384615384615384,0.8888888888888888,0.8900684660020964,0.7462354998054217,1,2,0.009649999999999999,,300.3883,books-genre-a=5 | books-genre-b=5
q074,a woman who defies the expectations of her time,Torso,CrossStripe,Conceptual,Hybrid,quota-merge,0.8831298454913451,0.7,0.5384615384615384,0.7777777777777778,0.7163877421252944,0.7044764143703368,1,2,0.009649999999999999,,300.3799,books-genre-a=5 | books-genre-b=5
q074,a woman who defies the expectations of her time,Torso,CrossStripe,Conceptual,Hybrid,global-rrf,0.8831298454913451,0.7,0.5384615384615384,0.7777777777777778,0.7163877421252944,0.7044764143703368,1,2,0.009649999999999999,,300.3973,books-genre-a=5 | books-genre-b=5
q074,a woman who defies the expectations of her time,Torso,CrossStripe,Conceptual,Hybrid,minmax-norm,0.854403056033918,0.7,0.5384615384615384,0.9285714285714286,0.7779886509085996,0.6350743273174316,1,2,0.009649999999999999,,300.4208,books-genre-a=6 | books-genre-b=4
q074,a woman who defies the expectations of her time,Torso,CrossStripe,Conceptual,Hybrid,zscore-norm,0.8857134668665934,0.7,0.5384615384615384,0.8888888888888888,0.7779886509085996,0.6986951155163833,1,2,0.009649999999999999,,300.4213,books-genre-a=5 | books-genre-b=5
q074,a woman who defies the expectations of her time,Torso,CrossStripe,Conceptual,Hybrid,vector-similarity,0.8374973761735247,0.5,0.3333333333333333,0.28888888888888886,0.45239261359115424,0.715019583571087,0.9,2,0.009649999999999999,,300.3892,books-genre-a=3 | books-genre-b=7
q074,a woman who defies the expectations of her time,Torso,CrossStripe,Conceptual,Hybrid,hybrid-legs,0.9294940527503774,0.7,0.5384615384615384,0.5555555555555556,0.7686359260849904,0.7021947233701081,1,2,0.009649999999999999,,300.4292,books-genre-a=5 | books-genre-b=5
q074,a woman who defies the expectations of her time,Torso,CrossStripe,Conceptual,Hybrid,idf-correct-probe,0.6360743121023618,0.2,0.1111111111111111,0.6444444444444445,0.25714763515143474,0.43797614076534563,1,2,0.009649999999999999,,300.4284,books-genre-a=3 | books-genre-b=7
q074,a woman who defies the expectations of her time,Torso,CrossStripe,Conceptual,Hybrid,idf-correct-sidecar,0.5503876395312319,0.2,0.1111111111111111,0.37777777777777777,0.08336481116910217,0.4318926211156755,1,2,0.009649999999999999,,300.4206,books-genre-a=2 | books-genre-b=8
q074,a woman who defies the expectations of her time,Torso,CrossStripe,Conceptual,Hybrid,global-bm25,0.5930418322433455,0.5,0.3333333333333333,-0.15555555555555556,0.2629128955319789,0.588558372223423,1,2,0.009649999999999999,,301.8677,books-genre-a=2 | books-genre-b=8
q074,a woman who defies the expectations of her time,Torso,CrossStripe,Conceptual,Hybrid,local-bm25,0.43651508954483714,0.3,0.17647058823529413,-0.07142857142857142,0.12394913998871647,0.4716961755647202,1,2,0.009649999999999999,,301.7024,books-genre-a=5 | books-genre-b=5
q075,addiction and recovery,Torso,CrossStripe,Mixed,Hybrid,single-index,1,1,1,1,1,0.8433247537080037,1,1,0.002316667,,128.9026,books-oracle2=10
q075,addiction and recovery,Torso,CrossStripe,Mixed,Hybrid,single-index-rescored,0.8749508066280166,0.7,0.5384615384615384,0.5555555555555556,0.5748797421994961,0.9134872336594229,1,1,0.002316667,,128.9026,books-oracle2=10
q075,addiction and recovery,Torso,CrossStripe,Mixed,Hybrid,naive-score,0.9191656825747289,0.8,0.6666666666666666,0.6111111111111112,0.7787980896289775,0.7350822765625054,1,2,0.002766667,,133.0784,books-genre-a=3 | books-genre-b=7
q075,addiction and recovery,Torso,CrossStripe,Mixed,Hybrid,interleave,0.7219441337183676,0.6,0.42857142857142855,0.14285714285714285,0.417060027576184,0.7059073701312428,1,2,0.002766667,,133.0572,books-genre-a=5 | books-genre-b=5
q075,addiction and recovery,Torso,CrossStripe,Mixed,Hybrid,quota-merge,0.8205640492307542,0.6,0.42857142857142855,0.21428571428571427,0.5705940208549469,0.7523241258024005,1,2,0.002766667,,133.0468,books-genre-a=5 | books-genre-b=5
q075,addiction and recovery,Torso,CrossStripe,Mixed,Hybrid,global-rrf,0.8205640492307542,0.6,0.42857142857142855,0.21428571428571427,0.5705940208549469,0.7523241258024005,1,2,0.002766667,,133.0642,books-genre-a=5 | books-genre-b=5
q075,addiction and recovery,Torso,CrossStripe,Mixed,Hybrid,minmax-norm,0.9191656825747289,0.8,0.6666666666666666,0.6111111111111112,0.7787980896289775,0.7350822765625054,1,2,0.002766667,,133.0907,books-genre-a=3 | books-genre-b=7
q075,addiction and recovery,Torso,CrossStripe,Mixed,Hybrid,zscore-norm,0.7047073873842759,0.7,0.5384615384615384,0.1111111111111111,0.3332798651040895,0.6770977406346566,1,2,0.002766667,,133.088,books-genre-a=4 | books-genre-b=6
q075,addiction and recovery,Torso,CrossStripe,Mixed,Hybrid,vector-similarity,0.9027160161437233,0.7,0.5384615384615384,0.5555555555555556,0.5982038625171221,0.9173414328953917,1,2,0.002766667,,133.05689999999998,books-genre-b=10
q075,addiction and recovery,Torso,CrossStripe,Mixed,Hybrid,hybrid-legs,0.9934913792774456,0.9,0.8181818181818182,0.8222222222222222,0.9099973384897618,0.841628131706027,1,2,0.002766667,,133.0999,books-genre-a=1 | books-genre-b=9
q075,addiction and recovery,Torso,CrossStripe,Mixed,Hybrid,idf-correct-probe,0.9567072317821211,0.8,0.6666666666666666,0.5555555555555556,0.7581600026569082,0.8214625721625727,1,2,0.002766667,,133.0909,books-genre-a=1 | books-genre-b=9
q075,addiction and recovery,Torso,CrossStripe,Mixed,Hybrid,idf-correct-sidecar,0.9567072317821211,0.8,0.6666666666666666,0.5555555555555556,0.7581600026569082,0.8214625721625727,1,2,0.002766667,,133.08089999999999,books-genre-a=1 | books-genre-b=9
q075,addiction and recovery,Torso,CrossStripe,Mixed,Hybrid,global-bm25,0.8739195568068899,0.7,0.5384615384615384,0.6,0.5748797421994961,0.9513467899190737,1,2,0.002766667,,134.388,books-genre-a=1 | books-genre-b=9
q075,addiction and recovery,Torso,CrossStripe,Mixed,Hybrid,local-bm25,0.6484282953807723,0.7,0.5384615384615384,-0.2777777777777778,0.20775166126531727,0.7571851349619022,1,2,0.002766667,,134.4098,books-genre-a=4 | books-genre-b=6
q076,New York City,Head,CrossStripe,Lexical,Hybrid,single-index,1,1,1,1,1,0.874233276401097,1,1,0.0047,,192.0031,books-oracle2=10
q076,New York City,Head,CrossStripe,Lexical,Hybrid,single-index-rescored,0.8793125570122009,0.7,0.5384615384615384,0.1111111111111111,0.5831967793995066,0.7660675903743616,1,1,0.0047,,192.0031,books-oracle2=10
q076,New York City,Head,CrossStripe,Lexical,Hybrid,naive-score,0.8855486628525839,0.8,0.6666666666666666,0.5555555555555556,0.5966618548727876,0.8213189170567671,1,2,0.008483333,,183.5396,books-genre-a=4 | books-genre-b=6
q076,New York City,Head,CrossStripe,Lexical,Hybrid,interleave,0.861413490449808,0.7,0.5384615384615384,0.4222222222222222,0.49359008117621056,0.7712539039322259,1,2,0.008483333,,183.5289,books-genre-a=5 | books-genre-b=5
q076,New York City,Head,CrossStripe,Lexical,Hybrid,quota-merge,0.9548000495007856,0.7,0.5384615384615384,0.5111111111111111,0.6885782526402396,0.7248371482610683,1,2,0.008483333,,183.5204,books-genre-a=5 | books-genre-b=5
q076,New York City,Head,CrossStripe,Lexical,Hybrid,global-rrf,0.9548000495007856,0.7,0.5384615384615384,0.5111111111111111,0.6885782526402396,0.7248371482610683,1,2,0.008483333,,183.5373,books-genre-a=5 | books-genre-b=5
q076,New York City,Head,CrossStripe,Lexical,Hybrid,minmax-norm,0.9830211549953005,0.9,0.8181818181818182,0.6888888888888889,0.8310387411517434,0.8345582924372243,1,2,0.008483333,,183.5616,books-genre-a=3 | books-genre-b=7
q076,New York City,Head,CrossStripe,Lexical,Hybrid,zscore-norm,0.8293653203813224,0.8,0.6666666666666666,0.28888888888888886,0.4214662414072674,0.823439382614996,1,2,0.008483333,,183.56289999999998,books-genre-a=4 | books-genre-b=6
q076,New York City,Head,CrossStripe,Lexical,Hybrid,vector-similarity,0.9276571833722612,1,1,0.24444444444444444,0.6185529174566656,0.9206500320722545,1,2,0.008483333,,183.5326,books-genre-a=2 | books-genre-b=8
q076,New York City,Head,CrossStripe,Lexical,Hybrid,hybrid-legs,0.9980737746893691,1,1,0.9555555555555556,0.9585458218147338,0.874233276401097,1,2,0.008483333,,183.5733,books-genre-a=2 | books-genre-b=8
q076,New York City,Head,CrossStripe,Lexical,Hybrid,idf-correct-probe,0.7763050782405931,0.7,0.5384615384615384,0.15555555555555556,0.4150462491765055,0.7562921179498961,1,2,0.008483333,,183.5679,books-genre-a=3 | books-genre-b=7
q076,New York City,Head,CrossStripe,Lexical,Hybrid,idf-correct-sidecar,0.7763050782405931,0.7,0.5384615384615384,0.15555555555555556,0.4150462491765055,0.7562921179498961,1,2,0.008483333,,183.5563,books-genre-a=3 | books-genre-b=7
q076,New York City,Head,CrossStripe,Lexical,Hybrid,global-bm25,0.8793125570122009,0.7,0.5384615384615384,0.1111111111111111,0.5831967793995066,0.7660675903743616,1,2,0.008483333,,185.0125,books-genre-a=4 | books-genre-b=6
q076,New York City,Head,CrossStripe,Lexical,Hybrid,local-bm25,0.8847048480377717,0.8,0.6666666666666666,0.15555555555555556,0.5934852622139603,0.8200684967613536,1,2,0.008483333,,184.8876,books-genre-a=3 | books-genre-b=7
q077,an unlikely friendship between two very different people,Torso,CrossStripe,Conceptual,Hybrid,single-index,1,1,1,1,1,0.5807240674443517,1,1,0.005866667,,234.8895,books-oracle2=10
q077,an unlikely friendship between two very different people,Torso,CrossStripe,Conceptual,Hybrid,single-index-rescored,0.6051607741402789,0.3,0.17647058823529413,0.24444444444444444,0.1690742188978605,0.3555419201406437,1,1,0.005866667,,234.8895,books-oracle2=10
q077,an unlikely friendship between two very different people,Torso,CrossStripe,Conceptual,Hybrid,naive-score,0.7288221970298822,0.7,0.5384615384615384,0.6,0.546700582064628,0.37860664287041695,1,2,0.01075,,224.24900000000002,books-genre-a=6 | books-genre-b=4
q077,an unlikely friendship between two very different people,Torso,CrossStripe,Conceptual,Hybrid,interleave,0.7352728564103691,0.7,0.5384615384615384,0.5111111111111111,0.48691595848838276,0.42910304927863174,1,2,0.01075,,224.24,books-genre-a=5 | books-genre-b=5
q077,an unlikely friendship between two very different people,Torso,CrossStripe,Conceptual,Hybrid,quota-merge,0.7323212346918936,0.7,0.5384615384615384,0.5555555555555556,0.5187190117895734,0.43782163143833996,1,2,0.01075,,224.2312,books-genre-a=5 | books-genre-b=5
q077,an unlikely friendship between two very different people,Torso,CrossStripe,Conceptual,Hybrid,global-rrf,0.7323212346918936,0.7,0.5384615384615384,0.5555555555555556,0.5187190117895734,0.43782163143833996,1,2,0.01075,,224.24810000000002,books-genre-a=5 | books-genre-b=5
q077,an unlikely friendship between two very different people,Torso,CrossStripe,Conceptual,Hybrid,minmax-norm,0.7288221970298822,0.7,0.5384615384615384,0.6,0.546700582064628,0.37860664287041695,1,2,0.01075,,224.27210000000002,books-genre-a=6 | books-genre-b=4
q077,an unlikely friendship between two very different people,Torso,CrossStripe,Conceptual,Hybrid,zscore-norm,0.7288221970298822,0.7,0.5384615384615384,0.6,0.546700582064628,0.37860664287041695,1,2,0.01075,,224.3249,books-genre-a=6 | books-genre-b=4
q077,an unlikely friendship between two very different people,Torso,CrossStripe,Conceptual,Hybrid,vector-similarity,0.5317411659400338,0.2,0.1111111111111111,0.3333333333333333,0.25714763515143474,0.4217961677937376,1,2,0.01075,,224.2408,books-genre-a=6 | books-genre-b=4
q077,an unlikely friendship between two very different people,Torso,CrossStripe,Conceptual,Hybrid,hybrid-legs,0.7047556460743386,0.5,0.3333333333333333,0.2,0.42984574721561764,0.4744061493150932,1,2,0.01075,,224.2809,books-genre-a=4 | books-genre-b=6
q077,an unlikely friendship between two very different people,Torso,CrossStripe,Conceptual,Hybrid,idf-correct-probe,0.8365150506409725,0.3,0.17647058823529413,0.7333333333333333,0.5281940894601466,0.3692452062272236,1,2,0.01075,,224.3043,books-genre-a=5 | books-genre-b=5
q077,an unlikely friendship between two very different people,Torso,CrossStripe,Conceptual,Hybrid,idf-correct-sidecar,0.7171818997346028,0.3,0.17647058823529413,0.6,0.37466009618138363,0.3310617536202131,1,2,0.01075,,224.2782,books-genre-a=5 | books-genre-b=5
q077,an unlikely friendship between two very different people,Torso,CrossStripe,Conceptual,Hybrid,global-bm25,0.605788693340305,0.3,0.17647058823529413,0.28888888888888886,0.1690742188978605,0.3487104663311683,1,2,0.01075,,225.6151,books-genre-a=4 | books-genre-b=6
q077,an unlikely friendship between two very different people,Torso,CrossStripe,Conceptual,Hybrid,local-bm25,0.6080535717564906,0.3,0.17647058823529413,-0.1111111111111111,0.15989486476912887,0.38420982148058036,1,2,0.01075,,227.6545,books-genre-a=5 | books-genre-b=5
q078,climate change and environmental collapse,Torso,CrossStripe,Mixed,Hybrid,single-index,1,1,1,1,1,0.8646814734016125,1,1,0.005266667,,226.7809,books-oracle2=10
q078,climate change and environmental collapse,Torso,CrossStripe,Mixed,Hybrid,single-index-rescored,0.9231737236530136,0.6,0.42857142857142855,0.37777777777777777,0.6804495497818124,0.9636452638863133,1,1,0.005266667,,226.7809,books-oracle2=10
q078,climate change and environmental collapse,Torso,CrossStripe,Mixed,Hybrid,naive-score,0.995619120891527,1,1,0.6888888888888889,0.8799998351847673,0.8526426433917184,1,2,0.007883333,,190.72,books-genre-a=4 | books-genre-b=6
q078,climate change and environmental collapse,Torso,CrossStripe,Mixed,Hybrid,interleave,0.8792882620979366,0.9,0.8181818181818182,0.37777777777777777,0.5428450383906468,0.7513657739468331,1,2,0.007883333,,190.7076,books-genre-a=5 | books-genre-b=5
q078,climate change and environmental collapse,Torso,CrossStripe,Mixed,Hybrid,quota-merge,0.880334551024366,0.9,0.8181818181818182,0.4666666666666667,0.5618448443967833,0.7513657739468331,1,2,0.007883333,,190.6998,books-genre-a=5 | books-genre-b=5
q078,climate change and environmental collapse,Torso,CrossStripe,Mixed,Hybrid,global-rrf,0.880334551024366,0.9,0.8181818181818182,0.4666666666666667,0.5618448443967833,0.7513657739468331,1,2,0.007883333,,190.71550000000002,books-genre-a=5 | books-genre-b=5
q078,climate change and environmental collapse,Torso,CrossStripe,Mixed,Hybrid,minmax-norm,0.8946245556048295,1,1,0.4222222222222222,0.5975909213543161,0.7877205100605198,1,2,0.007883333,,190.7395,books-genre-a=4 | books-genre-b=6
q078,climate change and environmental collapse,Torso,CrossStripe,Mixed,Hybrid,zscore-norm,0.9919445604389452,1,1,0.5555555555555556,0.8403619422065615,0.8544580710959402,1,2,0.007883333,,190.74020000000002,books-genre-a=4 | books-genre-b=6
q078,climate change and environmental collapse,Torso,CrossStripe,Mixed,Hybrid,vector-similarity,0.9509461749526071,0.7,0.5384615384615384,0.7333333333333333,0.8460358290506689,0.7308987695553354,1,2,0.007883333,,190.70950000000002,books-genre-a=2 | books-genre-b=8
q078,climate change and environmental collapse,Torso,CrossStripe,Mixed,Hybrid,hybrid-legs,0.9990493741592862,1,1,0.8666666666666667,0.9555638673246996,0.8675582430469356,1,2,0.007883333,,190.7511,books-genre-a=4 | books-genre-b=6
q078,climate change and environmental collapse,Torso,CrossStripe,Mixed,Hybrid,idf-correct-probe,0.8050609648440114,0.4,0.25,0.6444444444444445,0.507675630249228,0.8836981896647146,1,2,0.007883333,,190.7468,books-genre-a=5 | books-genre-b=5
q078,climate change and environmental collapse,Torso,CrossStripe,Mixed,Hybrid,idf-correct-sidecar,0.807108437967029,0.4,0.25,0.8666666666666667,0.507675630249228,0.8699181219331126,1,2,0.007883333,,190.7389,books-genre-a=5 | books-genre-b=5
q078,climate change and environmental collapse,Torso,CrossStripe,Mixed,Hybrid,global-bm25,0.9231737236530136,0.6,0.42857142857142855,0.37777777777777777,0.6804495497818124,0.9636452638863133,1,2,0.007883333,,192.1996,books-genre-a=6 | books-genre-b=4
q078,climate change and environmental collapse,Torso,CrossStripe,Mixed,Hybrid,local-bm25,0.8973189668110033,0.6,0.42857142857142855,0.022222222222222223,0.564446151556649,0.9621404437403491,1,2,0.007883333,,192.0851,books-genre-a=6 | books-genre-b=4
q079,memory and how unreliable it can be,Torso,CrossStripe,Conceptual,Hybrid,single-index,1,1,1,1,1,0.5241170110049477,1,1,0.0047,,228.2811,books-oracle2=10
q079,memory and how unreliable it can be,Torso,CrossStripe,Conceptual,Hybrid,single-index-rescored,0.474680608290839,0.4,0.25,-0.24444444444444444,0.13193082214969462,0.3058027095978555,1,1,0.0047,,228.2811,books-oracle2=10
q079,memory and how unreliable it can be,Torso,CrossStripe,Conceptual,Hybrid,naive-score,0.8514022687296725,0.8,0.6666666666666666,0.6666666666666666,0.6525567203914256,0.45828419747769494,1,2,0.008483333,,215.6157,books-genre-a=7 | books-genre-b=3
q079,memory and how unreliable it can be,Torso,CrossStripe,Conceptual,Hybrid,interleave,0.8455608051498598,0.8,0.6666666666666666,0.6111111111111112,0.6252640963502146,0.4435813954216777,1,2,0.008483333,,215.6057,books-genre-a=5 | books-genre-b=5
q079,memory and how unreliable it can be,Torso,CrossStripe,Conceptual,Hybrid,quota-merge,0.82358676976351,0.8,0.6666666666666666,0.4444444444444444,0.6136077736470634,0.43449159471707083,1,2,0.008483333,,215.5969,books-genre-a=5 | books-genre-b=5
q079,memory and how unreliable it can be,Torso,CrossStripe,Conceptual,Hybrid,global-rrf,0.82358676976351,0.8,0.6666666666666666,0.4444444444444444,0.6136077736470634,0.43449159471707083,1,2,0.008483333,,215.61290000000002,books-genre-a=5 | books-genre-b=5
q079,memory and how unreliable it can be,Torso,CrossStripe,Conceptual,Hybrid,minmax-norm,0.828235710877115,0.8,0.6666666666666666,0.6666666666666666,0.6733923972233085,0.4280388272783283,1,2,0.008483333,,215.637,books-genre-a=7 | books-genre-b=3
q079,memory and how unreliable it can be,Torso,CrossStripe,Conceptual,Hybrid,zscore-norm,0.7792519943038755,0.8,0.6666666666666666,0.2777777777777778,0.4665913203164115,0.4379966215088354,1,2,0.008483333,,215.63660000000002,books-genre-a=6 | books-genre-b=4
q079,memory and how unreliable it can be,Torso,CrossStripe,Conceptual,Hybrid,vector-similarity,0.7017659849122786,0.5,0.3333333333333333,-0.1111111111111111,0.1717913077199651,0.5822496500752924,1,2,0.008483333,,215.6079,books-genre-a=3 | books-genre-b=7
q079,memory and how unreliable it can be,Torso,CrossStripe,Conceptual,Hybrid,hybrid-legs,0.9756609879107379,0.7,0.5384615384615384,0.7333333333333333,0.841742575269189,0.6523705220404853,1,2,0.008483333,,215.64950000000002,books-genre-a=5 | books-genre-b=5
q079,memory and how unreliable it can be,Torso,CrossStripe,Conceptual,Hybrid,idf-correct-probe,0.7124513982433656,0.5,0.3333333333333333,0.2,0.4104228598669221,0.4357959085052778,1,2,0.008483333,,215.6448,books-genre-a=6 | books-genre-b=4
q079,memory and how unreliable it can be,Torso,CrossStripe,Conceptual,Hybrid,idf-correct-sidecar,0.7170800024847548,0.5,0.3333333333333333,0.24444444444444444,0.4196022139956538,0.43761133620949955,1,2,0.008483333,,215.63660000000002,books-genre-a=6 | books-genre-b=4
q079,memory and how unreliable it can be,Torso,CrossStripe,Conceptual,Hybrid,global-bm25,0.45906136406558723,0.4,0.25,-0.2777777777777778,0.15991239242474917,0.3847761614570279,1,2,0.008483333,,217.0693,books-genre-a=4 | books-genre-b=6
q079,memory and how unreliable it can be,Torso,CrossStripe,Conceptual,Hybrid,local-bm25,0.48767393995296826,0.5,0.3333333333333333,-0.5,0.16586061390016726,0.3752186894054114,1,2,0.008483333,,216.9693,books-genre-a=5 | books-genre-b=5
q080,a doctor confronting the limits of medicine,Tail,CrossStripe,Conceptual,Hybrid,single-index,1,1,1,1,1,0.6145715261920416,1,1,0.0047,,236.298,books-oracle2=10
q080,a doctor confronting the limits of medicine,Tail,CrossStripe,Conceptual,Hybrid,single-index-rescored,0.5418269698411291,0.3,0.17647058823529413,-0.4222222222222222,0.07765670994136897,0.5174041844521107,0.9,1,0.0047,,236.298,books-oracle2=10
q080,a doctor confronting the limits of medicine,Tail,CrossStripe,Conceptual,Hybrid,naive-score,0.965406558833097,0.7,0.5384615384615384,0.8222222222222222,0.7989964085304824,0.6540619396205719,1,2,0.009066666000000001,,223.43040000000002,books-genre-a=5 | books-genre-b=5
q080,a doctor confronting the limits of medicine,Tail,CrossStripe,Conceptual,Hybrid,interleave,0.8207234717728787,0.7,0.5384615384615384,0.24444444444444444,0.41135192634845064,0.49358436238476877,1,2,0.009066666000000001,,223.41750000000002,books-genre-a=5 | books-genre-b=5
q080,a doctor confronting the limits of medicine,Tail,CrossStripe,Conceptual,Hybrid,quota-merge,0.9238336591181538,0.7,0.5384615384615384,0.37777777777777777,0.5838857256333503,0.5829507696309839,1,2,0.009066666000000001,,223.4162,books-genre-a=5 | books-genre-b=5
q080,a doctor confronting the limits of medicine,Tail,CrossStripe,Conceptual,Hybrid,global-rrf,0.9238336591181538,0.7,0.5384615384615384,0.37777777777777777,0.5838857256333503,0.5829507696309839,1,2,0.009066666000000001,,223.42680000000001,books-genre-a=5 | books-genre-b=5
q080,a doctor confronting the limits of medicine,Tail,CrossStripe,Conceptual,Hybrid,minmax-norm,0.9291394224467935,0.7,0.5384615384615384,0.4222222222222222,0.6117990208769338,0.5813253177217923,1,2,0.009066666000000001,,223.4501,books-genre-a=5 | books-genre-b=5
q080,a doctor confronting the limits of medicine,Tail,CrossStripe,Conceptual,Hybrid,zscore-norm,0.7905670915103558,0.7,0.5384615384615384,0.3333333333333333,0.38917473062272756,0.46245776312197784,1,2,0.009066666000000001,,223.4487,books-genre-a=5 | books-genre-b=5
q080,a doctor confronting the limits of medicine,Tail,CrossStripe,Conceptual,Hybrid,vector-similarity,0.8687306906707408,0.6,0.42857142857142855,0.6,0.6039907094108331,0.8735688610496498,1,2,0.009066666000000001,,223.4179,books-genre-b=10
q080,a doctor confronting the limits of medicine,Tail,CrossStripe,Conceptual,Hybrid,hybrid-legs,0.9924657133420107,0.9,0.8181818181818182,0.9111111111111111,0.9658726183897135,0.6719716647567998,1,2,0.009066666000000001,,223.4683,books-genre-a=2 | books-genre-b=8
q080,a doctor confronting the limits of medicine,Tail,CrossStripe,Conceptual,Hybrid,idf-correct-probe,0.862064097705612,0.5,0.3333333333333333,0.4666666666666667,0.6227217123281086,0.5214063181320829,1,2,0.009066666000000001,,223.4563,books-genre-a=4 | books-genre-b=6
q080,a doctor confronting the limits of medicine,Tail,CrossStripe,Conceptual,Hybrid,idf-correct-sidecar,0.862064097705612,0.5,0.3333333333333333,0.4666666666666667,0.6227217123281086,0.5214063181320829,1,2,0.009066666000000001,,223.4576,books-genre-a=4 | books-genre-b=6
q080,a doctor confronting the limits of medicine,Tail,CrossStripe,Conceptual,Hybrid,global-bm25,0.5993117442273431,0.4,0.25,-0.1111111111111111,0.19402224637941523,0.6152821368237749,0.9,2,0.009066666000000001,,224.8775,books-genre-a=5 | books-genre-b=5
q080,a doctor confronting the limits of medicine,Tail,CrossStripe,Conceptual,Hybrid,local-bm25,0.5667966763815547,0.3,0.17647058823529413,-0.2,0.10514692384239357,0.4911177886039478,0.9,2,0.009066666000000001,,224.7781,books-genre-a=6 | books-genre-b=4
q081,immortality and the cost of living forever,Tail,CrossStripe,Conceptual,Hybrid,single-index,1,1,1,1,1,0.3046122432002206,1,1,0.005866667,,228.6348,books-oracle2=10
q081,immortality and the cost of living forever,Tail,CrossStripe,Conceptual,Hybrid,single-index-rescored,0.5337790091928012,0.4,0.25,0.15555555555555556,0.2219355416229986,0.5870695762953209,1,1,0.005866667,,228.6348,books-oracle2=10
q081,immortality and the cost of living forever,Tail,CrossStripe,Conceptual,Hybrid,naive-score,0.7978451903360834,0.7,0.5384615384615384,0.2222222222222222,0.5546647365699857,0.29801518256774373,1,2,0.010166667,,220.0503,books-genre-a=5 | books-genre-b=5
q081,immortality and the cost of living forever,Tail,CrossStripe,Conceptual,Hybrid,interleave,0.7939654518975394,0.7,0.5384615384615384,0.2777777777777778,0.5613388592578135,0.3031124095458488,1,2,0.010166667,,220.0375,books-genre-a=5 | books-genre-b=5
q081,immortality and the cost of living forever,Tail,CrossStripe,Conceptual,Hybrid,quota-merge,0.7991532696613866,0.7,0.5384615384615384,0.2777777777777778,0.5826463068450404,0.3021488597368565,1,2,0.010166667,,220.03,books-genre-a=5 | books-genre-b=5
q081,immortality and the cost of living forever,Tail,CrossStripe,Conceptual,Hybrid,global-rrf,0.7991532696613866,0.7,0.5384615384615384,0.2777777777777778,0.5826463068450404,0.3021488597368565,1,2,0.010166667,,220.0448,books-genre-a=5 | books-genre-b=5
q081,immortality and the cost of living forever,Tail,CrossStripe,Conceptual,Hybrid,minmax-norm,0.7978451903360834,0.7,0.5384615384615384,0.2222222222222222,0.5546647365699857,0.29801518256774373,1,2,0.010166667,,220.0688,books-genre-a=5 | books-genre-b=5
q081,immortality and the cost of living forever,Tail,CrossStripe,Conceptual,Hybrid,zscore-norm,0.9094444259100527,0.7,0.5384615384615384,0.2222222222222222,0.7038858904485829,0.2983913876042348,1,2,0.010166667,,220.093,books-genre-a=5 | books-genre-b=5
q081,immortality and the cost of living forever,Tail,CrossStripe,Conceptual,Hybrid,vector-similarity,0.7483723708349083,0.2,0.1111111111111111,0.5,0.45880992930329145,0.4603753673567083,1,2,0.010166667,,220.0386,books-genre-a=7 | books-genre-b=3
q081,immortality and the cost of living forever,Tail,CrossStripe,Conceptual,Hybrid,hybrid-legs,0.8199610827615468,0.6,0.42857142857142855,0.5555555555555556,0.5851884932645103,0.3604855743549636,1,2,0.010166667,,220.1078,books-genre-a=6 | books-genre-b=4
q081,immortality and the cost of living forever,Tail,CrossStripe,Conceptual,Hybrid,idf-correct-probe,0.5356628103460035,0.2,0.1111111111111111,0.37777777777777777,0.10331395190732774,0.4535188075078769,1,2,0.010166667,,220.1512,books-genre-a=7 | books-genre-b=3
q081,immortality and the cost of living forever,Tail,CrossStripe,Conceptual,Hybrid,idf-correct-sidecar,0.5355139316091504,0.2,0.1111111111111111,0.3333333333333333,0.10331395190732774,0.4540806218168173,1,2,0.010166667,,220.1154,books-genre-a=7 | books-genre-b=3
q081,immortality and the cost of living forever,Tail,CrossStripe,Conceptual,Hybrid,global-bm25,0.4619262671595075,0.4,0.25,-0.3333333333333333,0.2219355416229986,0.588755019222142,1,2,0.010166667,,221.4121,books-genre-a=5 | books-genre-b=5
q081,immortality and the cost of living forever,Tail,CrossStripe,Conceptual,Hybrid,local-bm25,0.42843455504924294,0.3,0.17647058823529413,-0.4666666666666667,0.21598732014758054,0.6185112571950465,1,2,0.010166667,,221.4447,books-genre-a=4 | books-genre-b=6
q082,twins separated at birth,Tail,CrossStripe,Lexical,Hybrid,single-index,1,1,1,1,1,0.3645860205185894,1,1,0.003483333,,169.8085,books-oracle2=10
q082,twins separated at birth,Tail,CrossStripe,Lexical,Hybrid,single-index-rescored,0.5237399672880739,0.2,0.1111111111111111,-0.15555555555555556,0.05518565103423391,0.48451440762606807,1,1,0.003483333,,169.8085,books-oracle2=10
q082,twins separated at birth,Tail,CrossStripe,Lexical,Hybrid,naive-score,0.9262058970508084,0.9,0.8181818181818182,0.6888888888888889,0.7437639036744735,0.3928871690603007,1,2,0.002266666,,124.6533,books-genre-a=6 | books-genre-b=4
q082,twins separated at birth,Tail,CrossStripe,Lexical,Hybrid,interleave,0.874827491421161,0.8,0.6666666666666666,0.5555555555555556,0.6947240639754714,0.42605597963718994,1,2,0.002266666,,124.64489999999999,books-genre-a=5 | books-genre-b=5
q082,twins separated at birth,Tail,CrossStripe,Lexical,Hybrid,quota-merge,0.7712806429357059,0.8,0.6666666666666666,0.3888888888888889,0.47224567861041783,0.5295593937224973,1,2,0.002266666,,124.6357,books-genre-a=5 | books-genre-b=5
q082,twins separated at birth,Tail,CrossStripe,Lexical,Hybrid,global-rrf,0.7712806429357059,0.8,0.6666666666666666,0.3888888888888889,0.47224567861041783,0.5295593937224973,1,2,0.002266666,,124.6527,books-genre-a=5 | books-genre-b=5
q082,twins separated at birth,Tail,CrossStripe,Lexical,Hybrid,minmax-norm,0.8121950178585575,0.9,0.8181818181818182,0.3333333333333333,0.4940277912837092,0.5470739167531865,1,2,0.002266666,,124.676,books-genre-a=6 | books-genre-b=4
q082,twins separated at birth,Tail,CrossStripe,Lexical,Hybrid,zscore-norm,0.7336648660002246,0.9,0.8181818181818182,0.022222222222222223,0.2721166664282828,0.5418996792793015,1,2,0.002266666,,124.6859,books-genre-a=6 | books-genre-b=4
q082,twins separated at birth,Tail,CrossStripe,Lexical,Hybrid,vector-similarity,0.8834457610295062,0.7,0.5384615384615384,0.4666666666666667,0.6454866344166554,0.23621652967724674,0.9,2,0.002266666,,124.6441,books-genre-a=8 | books-genre-b=2
q082,twins separated at birth,Tail,CrossStripe,Lexical,Hybrid,hybrid-legs,0.9278183900080698,0.9,0.8181818181818182,0.9555555555555556,0.792089794407381,0.3662032649452502,0.9,2,0.002266666,,124.6846,books-genre-a=7 | books-genre-b=3
q082,twins separated at birth,Tail,CrossStripe,Lexical,Hybrid,idf-correct-probe,0.9412287346839426,0.6,0.42857142857142855,0.6888888888888889,0.8194691062218676,0.4226735110044813,1,2,0.002266666,,124.6828,books-genre-a=6 | books-genre-b=4
q082,twins separated at birth,Tail,CrossStripe,Lexical,Hybrid,idf-correct-sidecar,0.9412287346839426,0.6,0.42857142857142855,0.6888888888888889,0.8194691062218676,0.4226735110044813,1,2,0.002266666,,124.6724,books-genre-a=6 | books-genre-b=4
q082,twins separated at birth,Tail,CrossStripe,Lexical,Hybrid,global-bm25,0.5237399672880739,0.2,0.1111111111111111,-0.15555555555555556,0.05518565103423391,0.48451440762606807,1,2,0.002266666,,125.9967,books-genre-a=5 | books-genre-b=5
q082,twins separated at birth,Tail,CrossStripe,Lexical,Hybrid,local-bm25,0.4421058328088781,0.2,0.1111111111111111,0.022222222222222223,0.05518565103423391,0.48509280108828906,1,2,0.002266666,,126.0026,books-genre-a=4 | books-genre-b=6
q083,a letter that arrives decades too late,Tail,CrossStripe,Conceptual,Hybrid,single-index,1,1,1,1,1,0.4589571442324229,1,1,0.0047,,198.9339,books-oracle2=10
q083,a letter that arrives decades too late,Tail,CrossStripe,Conceptual,Hybrid,single-index-rescored,0.41135312118869616,0.1,0.05263157894736842,-0.06666666666666667,0.005948221475418107,0.2228425524221368,1,1,0.0047,,198.9339,books-oracle2=10
q083,a letter that arrives decades too late,Tail,CrossStripe,Conceptual,Hybrid,naive-score,0.7486210110641883,0.8,0.6666666666666666,0.3888888888888889,0.5000813439963196,0.48147224476576916,1,2,0.007283334000000001,,170.8734,books-genre-a=4 | books-genre-b=6
q083,a letter that arrives decades too late,Tail,CrossStripe,Conceptual,Hybrid,interleave,0.7861405955637673,0.7,0.5384615384615384,0.3888888888888889,0.5558799361933596,0.38875440732706823,1,2,0.007283334000000001,,170.8604,books-genre-a=5 | books-genre-b=5
q083,a letter that arrives decades too late,Tail,CrossStripe,Conceptual,Hybrid,quota-merge,0.7928969735852486,0.7,0.5384615384615384,0.4444444444444444,0.5632234194963449,0.4119492201503382,1,2,0.007283334000000001,,170.8522,books-genre-a=5 | books-genre-b=5
q083,a letter that arrives decades too late,Tail,CrossStripe,Conceptual,Hybrid,global-rrf,0.7928969735852486,0.7,0.5384615384615384,0.4444444444444444,0.5632234194963449,0.4119492201503382,1,2,0.007283334000000001,,170.8692,books-genre-a=5 | books-genre-b=5
q083,a letter that arrives decades too late,Tail,CrossStripe,Conceptual,Hybrid,minmax-norm,0.8012303962631048,0.8,0.6666666666666666,0.4444444444444444,0.5783509951004946,0.5066309035681531,1,2,0.007283334000000001,,170.893,books-genre-a=4 | books-genre-b=6
q083,a letter that arrives decades too late,Tail,CrossStripe,Conceptual,Hybrid,zscore-norm,0.6987050455735777,0.7,0.5384615384615384,0.16666666666666666,0.36004623575577027,0.36006036548110837,1,2,0.007283334000000001,,170.899,books-genre-a=5 | books-genre-b=5
q083,a letter that arrives decades too late,Tail,CrossStripe,Conceptual,Hybrid,vector-similarity,0.6682095172305001,0.7,0.5384615384615384,0.42857142857142855,0.36557427477931,0.6316368172933093,1,2,0.007283334000000001,,170.8614,books-genre-a=2 | books-genre-b=8
q083,a letter that arrives decades too late,Tail,CrossStripe,Conceptual,Hybrid,hybrid-legs,0.8066434654953841,0.8,0.6666666666666666,0.6666666666666666,0.6051173657521753,0.5153442073604801,1,2,0.007283334000000001,,170.9034,books-genre-a=4 | books-genre-b=6
q083,a letter that arrives decades too late,Tail,CrossStripe,Conceptual,Hybrid,idf-correct-probe,0.6265069995969164,0.4,0.25,0.37777777777777777,0.25562315516272044,0.1671282504637776,1,2,0.007283334000000001,,170.9021,books-genre-a=4 | books-genre-b=6
q083,a letter that arrives decades too late,Tail,CrossStripe,Conceptual,Hybrid,idf-correct-sidecar,0.6265069995969164,0.4,0.25,0.37777777777777777,0.25562315516272044,0.1671282504637776,1,2,0.007283334000000001,,170.896,books-genre-a=4 | books-genre-b=6
q083,a letter that arrives decades too late,Tail,CrossStripe,Conceptual,Hybrid,global-bm25,0.4287514753287184,0.2,0.1111111111111111,-0.4666666666666667,0.011896442950836214,0.2228425524221368,1,2,0.007283334000000001,,172.2764,books-genre-a=5 | books-genre-b=5
q083,a letter that arrives decades too late,Tail,CrossStripe,Conceptual,Hybrid,local-bm25,0.4115973135940392,0.1,0.05263157894736842,-0.28888888888888886,0.005948221475418107,0.20883663127328778,1,2,0.007283334000000001,,172.2574,books-genre-a=7 | books-genre-b=3
q084,music and the people who devote their lives to it,Torso,CrossStripe,Conceptual,Hybrid,single-index,1,1,1,1,1,0.6031065278231024,1,1,0.0047,,196.0173,books-oracle2=10
q084,music and the people who devote their lives to it,Torso,CrossStripe,Conceptual,Hybrid,single-index-rescored,0.46365033077354223,0.3,0.17647058823529413,0.4222222222222222,0.1259826006742765,0.5969444377970956,1,1,0.0047,,196.0173,books-oracle2=10
q084,music and the people who devote their lives to it,Torso,CrossStripe,Conceptual,Hybrid,naive-score,0.748601314697046,0.6,0.42857142857142855,0.3888888888888889,0.565041762666471,0.45498144133058394,1,2,0.009649999999999999,,217.3767,books-genre-a=4 | books-genre-b=6
q084,music and the people who devote their lives to it,Torso,CrossStripe,Conceptual,Hybrid,interleave,0.7030225108599828,0.6,0.42857142857142855,0,0.4321700755247134,0.425835456540344,1,2,0.009649999999999999,,217.3666,books-genre-a=5 | books-genre-b=5
q084,music and the people who devote their lives to it,Torso,CrossStripe,Conceptual,Hybrid,quota-merge,0.8302360292101147,0.6,0.42857142857142855,0.14285714285714285,0.6388145696918935,0.4341274477827809,1,2,0.009649999999999999,,217.3574,books-genre-a=5 | books-genre-b=5
q084,music and the people who devote their lives to it,Torso,CrossStripe,Conceptual,Hybrid,global-rrf,0.8302360292101147,0.6,0.42857142857142855,0.14285714285714285,0.6388145696918935,0.4341274477827809,1,2,0.009649999999999999,,217.3738,books-genre-a=5 | books-genre-b=5
q084,music and the people who devote their lives to it,Torso,CrossStripe,Conceptual,Hybrid,minmax-norm,0.8687348948494726,0.6,0.42857142857142855,0.4444444444444444,0.7185757559452339,0.45498144133058394,1,2,0.009649999999999999,,217.3973,books-genre-a=4 | books-genre-b=6
q084,music and the people who devote their lives to it,Torso,CrossStripe,Conceptual,Hybrid,zscore-norm,0.69163624857742,0.6,0.42857142857142855,0.05555555555555555,0.3632773684090838,0.4201406396375377,1,2,0.009649999999999999,,217.3964,books-genre-a=4 | books-genre-b=6
q084,music and the people who devote their lives to it,Torso,CrossStripe,Conceptual,Hybrid,vector-similarity,0.8404708413118694,0.6,0.42857142857142855,0.37777777777777777,0.5833534633663785,0.5642664712383888,1,2,0.009649999999999999,,217.3672,books-genre-a=2 | books-genre-b=8
q084,music and the people who devote their lives to it,Torso,CrossStripe,Conceptual,Hybrid,hybrid-legs,0.803570643858006,0.7,0.5384615384615384,0.5111111111111111,0.6101365207460648,0.572085295420729,1,2,0.009649999999999999,,217.4081,books-genre-a=3 | books-genre-b=7
q084,music and the people who devote their lives to it,Torso,CrossStripe,Conceptual,Hybrid,idf-correct-probe,0.6490985937779161,0.3,0.17647058823529413,0.4666666666666667,0.20134904295439485,0.25866256788352104,1,2,0.009649999999999999,,217.4045,books-genre-a=3 | books-genre-b=7
q084,music and the people who devote their lives to it,Torso,CrossStripe,Conceptual,Hybrid,idf-correct-sidecar,0.5851129685263345,0.2,0.1111111111111111,0.5111111111111111,0.13149311204219602,0.23631542254702176,1,2,0.009649999999999999,,217.3959,books-genre-a=4 | books-genre-b=6
q084,music and the people who devote their lives to it,Torso,CrossStripe,Conceptual,Hybrid,global-bm25,0.6619647507226186,0.5,0.3333333333333333,-0.15555555555555556,0.1734016870629663,0.6077347603090826,1,2,0.009649999999999999,,218.91400000000002,books-genre-a=3 | books-genre-b=7
q084,music and the people who devote their lives to it,Torso,CrossStripe,Conceptual,Hybrid,local-bm25,0.3851545154863944,0.3,0.17647058823529413,-0.3333333333333333,0.11680324654554484,0.509090720021865,1,2,0.009649999999999999,,218.6963,books-genre-a=7 | books-genre-b=3
q085,a trial that divides a town,Torso,CrossStripe,Conceptual,Hybrid,single-index,1,1,1,1,1,0.4896846052707772,1,1,0.004133333,,231.0816,books-oracle2=10
q085,a trial that divides a town,Torso,CrossStripe,Conceptual,Hybrid,single-index-rescored,0.691607769323895,0.6,0.42857142857142855,0.06666666666666667,0.3238066477939461,0.6090305900045287,1,1,0.004133333,,231.0816,books-oracle2=10
q085,a trial that divides a town,Torso,CrossStripe,Conceptual,Hybrid,naive-score,0.7736030249928816,0.5,0.3333333333333333,0.6444444444444445,0.5476073864088457,0.25723434831163555,1,2,0.007366666000000001,,183.5686,books-genre-a=6 | books-genre-b=4
q085,a trial that divides a town,Torso,CrossStripe,Conceptual,Hybrid,interleave,0.7627832824918457,0.5,0.3333333333333333,0.2,0.34202150912532253,0.31907298260555117,1,2,0.007366666000000001,,183.5595,books-genre-a=5 | books-genre-b=5
q085,a trial that divides a town,Torso,CrossStripe,Conceptual,Hybrid,quota-merge,0.7249259326724351,0.5,0.3333333333333333,0.24444444444444444,0.3536778318284738,0.28538903096165613,1,2,0.007366666000000001,,183.5504,books-genre-a=5 | books-genre-b=5
q085,a trial that divides a town,Torso,CrossStripe,Conceptual,Hybrid,global-rrf,0.7249259326724351,0.5,0.3333333333333333,0.24444444444444444,0.3536778318284738,0.28538903096165613,1,2,0.007366666000000001,,183.5677,books-genre-a=5 | books-genre-b=5
q085,a trial that divides a town,Torso,CrossStripe,Conceptual,Hybrid,minmax-norm,0.7473635461398198,0.5,0.3333333333333333,0.6,0.4785170894334024,0.2654676513757826,1,2,0.007366666000000001,,183.5906,books-genre-a=6 | books-genre-b=4
q085,a trial that divides a town,Torso,CrossStripe,Conceptual,Hybrid,zscore-norm,0.7772410469697908,0.5,0.3333333333333333,0.6888888888888889,0.5476073864088457,0.2659529304713438,1,2,0.007366666000000001,,183.5908,books-genre-a=6 | books-genre-b=4
q085,a trial that divides a town,Torso,CrossStripe,Conceptual,Hybrid,vector-similarity,0.7886807844470153,0.4,0.25,0.2777777777777778,0.45924763941079016,0.3208348576564587,0.9,2,0.007366666000000001,,183.5607,books-genre-a=3 | books-genre-b=7
q085,a trial that divides a town,Torso,CrossStripe,Conceptual,Hybrid,hybrid-legs,0.8028377005655519,0.6,0.42857142857142855,0.37777777777777777,0.5290960378860586,0.35211148368742323,1,2,0.007366666000000001,,183.6011,books-genre-a=4 | books-genre-b=6
q085,a trial that divides a town,Torso,CrossStripe,Conceptual,Hybrid,idf-correct-probe,0.5542012917588504,0.2,0.1111111111111111,0.4222222222222222,0.11065743521031306,0.16940160862401873,1,2,0.007366666000000001,,183.59720000000002,books-genre-a=7 | books-genre-b=3
q085,a trial that divides a town,Torso,CrossStripe,Conceptual,Hybrid,idf-correct-sidecar,0.5569693967636901,0.2,0.1111111111111111,0.5111111111111111,0.08336481116910217,0.15905302978250757,1,2,0.007366666000000001,,183.6131,books-genre-a=6 | books-genre-b=4
q085,a trial that divides a town,Torso,CrossStripe,Conceptual,Hybrid,global-bm25,0.691607769323895,0.6,0.42857142857142855,0.06666666666666667,0.3238066477939461,0.6090305900045287,1,2,0.007366666000000001,,184.9361,books-genre-a=7 | books-genre-b=3
q085,a trial that divides a town,Torso,CrossStripe,Conceptual,Hybrid,local-bm25,0.708198486849215,0.6,0.42857142857142855,-0.022222222222222223,0.3238066477939461,0.6095924043134692,1,2,0.007366666000000001,,184.8634,books-genre-a=6 | books-genre-b=4
q086,forbidden love across a social divide,Torso,CrossStripe,Conceptual,Hybrid,single-index,1,1,1,1,1,0.4681496809020744,1,1,0.0047,,235.4273,books-oracle2=10
q086,forbidden love across a social divide,Torso,CrossStripe,Conceptual,Hybrid,single-index-rescored,0.44996651363834694,0.1,0.05263157894736842,0.15555555555555556,0.06938416015685508,0.3321083145871432,0.9,1,0.0047,,235.4273,books-oracle2=10
q086,forbidden love across a social divide,Torso,CrossStripe,Conceptual,Hybrid,naive-score,0.692198111749247,0.5,0.3333333333333333,0.05555555555555555,0.3328421549965908,0.3931158026135921,0.9,2,0.009616667,,220.4729,books-genre-a=4 | books-genre-b=6
q086,forbidden love across a social divide,Torso,CrossStripe,Conceptual,Hybrid,interleave,0.6280820123850684,0.4,0.25,-0.1111111111111111,0.1750224403732786,0.41840369415375106,0.9,2,0.009616667,,220.4593,books-genre-a=5 | books-genre-b=5
q086,forbidden love across a social divide,Torso,CrossStripe,Conceptual,Hybrid,quota-merge,0.634224136267383,0.4,0.25,0.05555555555555555,0.20251265427430323,0.4099012943989485,0.9,2,0.009616667,,220.45080000000002,books-genre-a=5 | books-genre-b=5
q086,forbidden love across a social divide,Torso,CrossStripe,Conceptual,Hybrid,global-rrf,0.634224136267383,0.4,0.25,0.05555555555555555,0.20251265427430323,0.4099012943989485,0.9,2,0.009616667,,220.4675,books-genre-a=5 | books-genre-b=5
q086,forbidden love across a social divide,Torso,CrossStripe,Conceptual,Hybrid,minmax-norm,0.683733097577409,0.5,0.3333333333333333,-0.05555555555555555,0.293204262018385,0.39423943123147287,0.9,2,0.009616667,,220.4913,books-genre-a=4 | books-genre-b=6
q086,forbidden love across a social divide,Torso,CrossStripe,Conceptual,Hybrid,zscore-norm,0.656670813982132,0.5,0.3333333333333333,-0.16666666666666666,0.23522724640140208,0.40501355818671575,0.9,2,0.009616667,,220.4921,books-genre-a=4 | books-genre-b=6
q086,forbidden love across a social divide,Torso,CrossStripe,Conceptual,Hybrid,vector-similarity,0.6923844420454977,0.5,0.3333333333333333,0.5,0.4665153152453738,0.4020604261375865,0.9,2,0.009616667,,220.4596,books-genre-b=10
q086,forbidden love across a social divide,Torso,CrossStripe,Conceptual,Hybrid,hybrid-legs,0.7752025023648662,0.6,0.42857142857142855,0.28888888888888886,0.5334088772862245,0.41938598871107524,0.9,2,0.009616667,,220.5721,books-genre-a=2 | books-genre-b=8
q086,forbidden love across a social divide,Torso,CrossStripe,Conceptual,Hybrid,idf-correct-probe,0.38249463603547407,0,0,0.7222222222222222,0,0.3374559731117584,0.9,2,0.009616667,,220.5031,books-genre-a=4 | books-genre-b=6
q086,forbidden love across a social divide,Torso,CrossStripe,Conceptual,Hybrid,idf-correct-sidecar,0.44513709956428515,0.1,0.05263157894736842,0.2,0.005948221475418107,0.31852619498193296,0.9,2,0.009616667,,220.4956,books-genre-a=2 | books-genre-b=8
q086,forbidden love across a social divide,Torso,CrossStripe,Conceptual,Hybrid,global-bm25,0.44996651363834694,0.1,0.05263157894736842,0.15555555555555556,0.06938416015685508,0.3321083145871432,0.9,2,0.009616667,,221.8206,books-genre-a=3 | books-genre-b=7
q086,forbidden love across a social divide,Torso,CrossStripe,Conceptual,Hybrid,local-bm25,0.4499317243509926,0.1,0.05263157894736842,0.15555555555555556,0.06938416015685508,0.3440917647104664,0.9,2,0.009616667,,222.8582,books-genre-a=3 | books-genre-b=7
q087,an old man looking back on his life,Torso,CrossStripe,Conceptual,Hybrid,single-index,1,1,1,1,1,0.45549507891240965,1,1,0.0047,,242.1098,books-oracle2=10
q087,an old man looking back on his life,Torso,CrossStripe,Conceptual,Hybrid,single-index-rescored,0.5295808316461492,0.3,0.17647058823529413,-0.5555555555555556,0.07765670994136897,0.11811432587117644,1,1,0.0047,,242.1098,books-oracle2=10
q087,an old man looking back on his life,Torso,CrossStripe,Conceptual,Hybrid,naive-score,0.639144176468967,0.5,0.3333333333333333,0.3333333333333333,0.4992814956759382,0.29697185913114416,0.9,2,0.009616666999999999,,224.4334,books-genre-a=5 | books-genre-b=5
q087,an old man looking back on his life,Torso,CrossStripe,Conceptual,Hybrid,interleave,0.6029410673728944,0.5,0.3333333333333333,0.3333333333333333,0.38293264596589754,0.28404553865956295,0.9,2,0.009616666999999999,,224.42419999999998,books-genre-a=5 | books-genre-b=5
q087,an old man looking back on his life,Torso,CrossStripe,Conceptual,Hybrid,quota-merge,0.7240340247986822,0.5,0.3333333333333333,0.4666666666666667,0.5756131758488364,0.3583813128654249,0.9,2,0.009616666999999999,,224.4158,books-genre-a=5 | books-genre-b=5
q087,an old man looking back on his life,Torso,CrossStripe,Conceptual,Hybrid,global-rrf,0.7240340247986822,0.5,0.3333333333333333,0.4666666666666667,0.5756131758488364,0.3583813128654249,0.9,2,0.009616666999999999,,224.4384,books-genre-a=5 | books-genre-b=5
q087,an old man looking back on his life,Torso,CrossStripe,Conceptual,Hybrid,minmax-norm,0.7508829260469082,0.5,0.3333333333333333,0.4666666666666667,0.6528154889547011,0.3665969926378805,0.9,2,0.009616666999999999,,224.4623,books-genre-a=5 | books-genre-b=5
q087,an old man looking back on his life,Torso,CrossStripe,Conceptual,Hybrid,zscore-norm,0.6358783818529362,0.5,0.3333333333333333,0.3333333333333333,0.4841714477274087,0.2919375122518289,0.9,2,0.009616666999999999,,224.4588,books-genre-a=5 | books-genre-b=5
q087,an old man looking back on his life,Torso,CrossStripe,Conceptual,Hybrid,vector-similarity,0.7943978250897961,0.4,0.25,0.4666666666666667,0.43910090881275077,0.5795518350348864,1,2,0.009616666999999999,,224.4253,books-genre-a=1 | books-genre-b=9
q087,an old man looking back on his life,Torso,CrossStripe,Conceptual,Hybrid,hybrid-legs,0.889012239587018,0.6,0.42857142857142855,0.6444444444444445,0.6752865478618361,0.44159418956355556,1,2,0.009616666999999999,,224.4648,books-genre-a=1 | books-genre-b=9
q087,an old man looking back on his life,Torso,CrossStripe,Conceptual,Hybrid,idf-correct-probe,0.5258264643821043,0.1,0.05263157894736842,0.6,0.13881990861717564,0.0512791728816621,1,2,0.009616666999999999,,224.5114,books-genre-a=8 | books-genre-b=2
q087,an old man looking back on his life,Torso,CrossStripe,Conceptual,Hybrid,idf-correct-sidecar,0.5818656018072951,0.2,0.1111111111111111,0.2,0.14476813009259373,0.0698327459749965,1,2,0.009616666999999999,,224.46,books-genre-a=6 | books-genre-b=4
q087,an old man looking back on his life,Torso,CrossStripe,Conceptual,Hybrid,global-bm25,0.40767229312253667,0.2,0.1111111111111111,-0.4666666666666667,0.10351154176714143,0.11482960566644071,1,2,0.009616666999999999,,225.7924,books-genre-a=6 | books-genre-b=4
q087,an old man looking back on his life,Torso,CrossStripe,Conceptual,Hybrid,local-bm25,0.40583294231276573,0.2,0.1111111111111111,-0.6,0.10351154176714143,0.11482960566644071,1,2,0.009616666999999999,,225.8396,books-genre-a=6 | books-genre-b=4
q088,letters and diaries as a way of telling a story,Tail,CrossStripe,Conceptual,Hybrid,single-index,1,1,1,1,1,0.6839291944441319,1,1,0.005866667,,231.699,books-oracle2=10
q088,letters and diaries as a way of telling a story,Tail,CrossStripe,Conceptual,Hybrid,single-index-rescored,0.46352921604458625,0.1,0.05263157894736842,0.7333333333333333,0.09736573043190963,0.6818444024101188,1,1,0.005866667,,231.699,books-oracle2=10
q088,letters and diaries as a way of telling a story,Tail,CrossStripe,Conceptual,Hybrid,naive-score,0.8375740494021857,0.7,0.5384615384615384,0.4222222222222222,0.5573714713425248,0.7672471545193731,1,2,0.008483333,,225.5115,books-genre-a=4 | books-genre-b=6
q088,letters and diaries as a way of telling a story,Tail,CrossStripe,Conceptual,Hybrid,interleave,0.8355227720388722,0.7,0.5384615384615384,0.3333333333333333,0.5408486339108078,0.7048903150439492,1,2,0.008483333,,225.49960000000002,books-genre-a=5 | books-genre-b=5
q088,letters and diaries as a way of telling a story,Tail,CrossStripe,Conceptual,Hybrid,quota-merge,0.8381041841100932,0.7,0.5384615384615384,0.4222222222222222,0.5609953645088471,0.7071475452628955,1,2,0.008483333,,225.4912,books-genre-a=5 | books-genre-b=5
q088,letters and diaries as a way of telling a story,Tail,CrossStripe,Conceptual,Hybrid,global-rrf,0.8381041841100932,0.7,0.5384615384615384,0.4222222222222222,0.5609953645088471,0.7071475452628955,1,2,0.008483333,,225.5076,books-genre-a=5 | books-genre-b=5
q088,letters and diaries as a way of telling a story,Tail,CrossStripe,Conceptual,Hybrid,minmax-norm,0.8541308521341071,0.8,0.6666666666666666,0.4222222222222222,0.563319692817943,0.8036018906330598,1,2,0.008483333,,225.5312,books-genre-a=3 | books-genre-b=7
q088,letters and diaries as a way of telling a story,Tail,CrossStripe,Conceptual,Hybrid,zscore-norm,0.8339999443098302,0.7,0.5384615384615384,0.4222222222222222,0.5984801980429136,0.7727587240781901,1,2,0.008483333,,225.5542,books-genre-a=4 | books-genre-b=6
q088,letters and diaries as a way of telling a story,Tail,CrossStripe,Conceptual,Hybrid,vector-similarity,0.8749376420128082,0.8,0.6666666666666666,0.6,0.5794970787647827,0.6167306781766959,1,2,0.008483333,,225.5028,books-genre-a=3 | books-genre-b=7
q088,letters and diaries as a way of telling a story,Tail,CrossStripe,Conceptual,Hybrid,hybrid-legs,0.8435389689882182,0.8,0.6666666666666666,0.5111111111111111,0.5749760155210941,0.7440894146872506,1,2,0.008483333,,225.5415,books-genre-a=4 | books-genre-b=6
q088,letters and diaries as a way of telling a story,Tail,CrossStripe,Conceptual,Hybrid,idf-correct-probe,0.4302891493436986,0.1,0.05263157894736842,0.6,0.13881990861717564,0.9305687780632227,1,2,0.008483333,,225.6079,books-genre-a=5 | books-genre-b=5
q088,letters and diaries as a way of telling a story,Tail,CrossStripe,Conceptual,Hybrid,idf-correct-sidecar,0.4789746148612406,0.2,0.1111111111111111,0.28888888888888886,0.14476813009259373,0.8973910404319243,1,2,0.008483333,,225.5387,books-genre-a=7 | books-genre-b=3
q088,letters and diaries as a way of telling a story,Tail,CrossStripe,Conceptual,Hybrid,global-bm25,0.3669303421829088,0.2,0.1111111111111111,0.3333333333333333,0.10331395190732774,0.7568937674363,1,2,0.008483333,,226.8874,books-genre-a=3 | books-genre-b=7
q088,letters and diaries as a way of telling a story,Tail,CrossStripe,Conceptual,Hybrid,local-bm25,0.32762206065196536,0.1,0.05263157894736842,0.2857142857142857,0.09736573043190963,0.747926720394402,1,2,0.008483333,,226.8744,books-genre-a=4 | books-genre-b=6
q089,the price of ambition,Torso,CrossStripe,Conceptual,Hybrid,single-index,1,1,1,1,1,0.31767809611571474,1,1,0.005266667,,228.9747,books-oracle2=10
q089,the price of ambition,Torso,CrossStripe,Conceptual,Hybrid,single-index-rescored,0.42782221105319324,0.2,0.1111111111111111,0.06666666666666667,0.08336481116910217,0.18544815828978922,0.9,1,0.005266667,,228.9747,books-oracle2=10
q089,the price of ambition,Torso,CrossStripe,Conceptual,Hybrid,naive-score,0.9020179486133061,0.8,0.6666666666666666,0.8888888888888888,0.8107032430356984,0.3044660714685267,1,2,0.0067333340000000005,,192.809,books-genre-a=5 | books-genre-b=5
q089,the price of ambition,Torso,CrossStripe,Conceptual,Hybrid,interleave,0.8135135125261277,0.8,0.6666666666666666,0.5,0.5710066708698947,0.2713788441942822,1,2,0.0067333340000000005,,192.7948,books-genre-a=5 | books-genre-b=5
q089,the price of ambition,Torso,CrossStripe,Conceptual,Hybrid,quota-merge,0.8475708605922478,0.8,0.6666666666666666,0.5555555555555556,0.5954662408680998,0.29719311487235905,1,2,0.0067333340000000005,,192.78670000000002,books-genre-a=5 | books-genre-b=5
q089,the price of ambition,Torso,CrossStripe,Conceptual,Hybrid,global-rrf,0.8475708605922478,0.8,0.6666666666666666,0.5555555555555556,0.5954662408680998,0.29719311487235905,1,2,0.0067333340000000005,,192.80210000000002,books-genre-a=5 | books-genre-b=5
q089,the price of ambition,Torso,CrossStripe,Conceptual,Hybrid,minmax-norm,0.8693471133219706,0.8,0.6666666666666666,0.6666666666666666,0.6649019893284205,0.3005598654791817,1,2,0.0067333340000000005,,192.82680000000002,books-genre-a=5 | books-genre-b=5
q089,the price of ambition,Torso,CrossStripe,Conceptual,Hybrid,zscore-norm,0.7828658233532938,0.8,0.6666666666666666,0.2777777777777778,0.43679346483429676,0.25855785787889557,1,2,0.0067333340000000005,,192.82590000000002,books-genre-a=5 | books-genre-b=5
q089,the price of ambition,Torso,CrossStripe,Conceptual,Hybrid,vector-similarity,0.6806368052533363,0.5,0.3333333333333333,0.37777777777777777,0.25175008383311903,0.3524264713671846,1,2,0.0067333340000000005,,192.79430000000002,books-genre-a=6 | books-genre-b=4
q089,the price of ambition,Torso,CrossStripe,Conceptual,Hybrid,hybrid-legs,0.9185865482342775,0.8,0.6666666666666666,0.6444444444444445,0.7235315776054001,0.34142647316981745,1,2,0.0067333340000000005,,192.8365,books-genre-a=6 | books-genre-b=4
q089,the price of ambition,Torso,CrossStripe,Conceptual,Hybrid,idf-correct-probe,0.744226556571506,0.4,0.25,0.4666666666666667,0.3115180206813585,0.11592917878144814,1,2,0.0067333340000000005,,192.83,books-genre-a=2 | books-genre-b=8
q089,the price of ambition,Torso,CrossStripe,Conceptual,Hybrid,idf-correct-sidecar,0.6911016901993569,0.3,0.17647058823529413,0.5555555555555556,0.30556979920594035,0.11592917878144814,1,2,0.0067333340000000005,,192.8214,books-genre-a=3 | books-genre-b=7
q089,the price of ambition,Torso,CrossStripe,Conceptual,Hybrid,global-bm25,0.44415112292445263,0.2,0.1111111111111111,0.022222222222222223,0.08336481116910217,0.16224705759290728,0.9,2,0.0067333340000000005,,194.21620000000001,books-genre-a=5 | books-genre-b=5
q089,the price of ambition,Torso,CrossStripe,Conceptual,Hybrid,local-bm25,0.47748676509841737,0.2,0.1111111111111111,0.06666666666666667,0.08336481116910217,0.16935270225960533,0.9,2,0.0067333340000000005,,194.0958,books-genre-a=4 | books-genre-b=6
q090,a con artist whose scheme goes wrong,Tail,CrossStripe,Conceptual,Hybrid,single-index,1,1,1,1,1,0.3602316855194437,1,1,0.005266667,,235.1354,books-oracle2=10
q090,a con artist whose scheme goes wrong,Tail,CrossStripe,Conceptual,Hybrid,single-index-rescored,0.6416378942081136,0.3,0.17647058823529413,-0.37777777777777777,0.22715013184644045,0.426553905332058,1,1,0.005266667,,235.1354,books-oracle2=10
q090,a con artist whose scheme goes wrong,Tail,CrossStripe,Conceptual,Hybrid,naive-score,0.774580393707461,0.8,0.6666666666666666,0.2777777777777778,0.5198826231094816,0.6147079519858483,1,2,0.010166667,,225.1881,books-genre-a=5 | books-genre-b=5
q090,a con artist whose scheme goes wrong,Tail,CrossStripe,Conceptual,Hybrid,interleave,0.8995039939086593,0.8,0.6666666666666666,0.2222222222222222,0.738013272058869,0.5289968859096406,1,2,0.010166667,,225.1793,books-genre-a=5 | books-genre-b=5
q090,a con artist whose scheme goes wrong,Tail,CrossStripe,Conceptual,Hybrid,quota-merge,0.8979910713000968,0.8,0.6666666666666666,0.2222222222222222,0.7306697887558836,0.5294675013603664,1,2,0.010166667,,225.1705,books-genre-a=5 | books-genre-b=5
q090,a con artist whose scheme goes wrong,Tail,CrossStripe,Conceptual,Hybrid,global-rrf,0.8979910713000968,0.8,0.6666666666666666,0.2222222222222222,0.7306697887558836,0.5294675013603664,1,2,0.010166667,,225.1873,books-genre-a=5 | books-genre-b=5
q090,a con artist whose scheme goes wrong,Tail,CrossStripe,Conceptual,Hybrid,minmax-norm,0.8947145659961141,0.8,0.6666666666666666,0.2777777777777778,0.6885266643367742,0.5330254910886343,1,2,0.010166667,,225.2121,books-genre-a=5 | books-genre-b=5
q090,a con artist whose scheme goes wrong,Tail,CrossStripe,Conceptual,Hybrid,zscore-norm,0.8991085997278672,0.8,0.6666666666666666,0.3333333333333333,0.7416371652251913,0.5262235797539399,1,2,0.010166667,,225.2121,books-genre-a=5 | books-genre-b=5
q090,a con artist whose scheme goes wrong,Tail,CrossStripe,Conceptual,Hybrid,vector-similarity,0.55224463038841,0.4,0.25,0.2777777777777778,0.15869719280137537,0.4376302128841026,1,2,0.010166667,,225.1787,books-genre-a=8 | books-genre-b=2
q090,a con artist whose scheme goes wrong,Tail,CrossStripe,Conceptual,Hybrid,hybrid-legs,0.7360275944639677,0.6,0.42857142857142855,0.15555555555555556,0.4158448279528101,0.6099113410265168,1,2,0.010166667,,225.2171,books-genre-a=6 | books-genre-b=4
q090,a con artist whose scheme goes wrong,Tail,CrossStripe,Conceptual,Hybrid,idf-correct-probe,0.5070957862662145,0.1,0.05263157894736842,0.28888888888888886,0.005948221475418107,0.3821913250537724,1,2,0.010166667,,225.221,books-genre-a=10
q090,a con artist whose scheme goes wrong,Tail,CrossStripe,Conceptual,Hybrid,idf-correct-sidecar,0.5070957862662145,0.1,0.05263157894736842,0.28888888888888886,0.005948221475418107,0.3821913250537724,1,2,0.010166667,,225.2449,books-genre-a=10
q090,a con artist whose scheme goes wrong,Tail,CrossStripe,Conceptual,Hybrid,global-bm25,0.6396900862748689,0.3,0.17647058823529413,-0.3888888888888889,0.2645086461100403,0.503819009668356,1,2,0.010166667,,226.5547,books-genre-a=8 | books-genre-b=2
q090,a con artist whose scheme goes wrong,Tail,CrossStripe,Conceptual,Hybrid,local-bm25,0.5938917578919071,0.3,0.17647058823529413,-0.2777777777777778,0.18004159536716816,0.5595935312761227,1,2,0.010166667,,226.5453,books-genre-a=8 | books-genre-b=2
q091,prison,Head,CrossStripe,Lexical,Hybrid,single-index,1,1,1,1,1,0.9603250160361273,1,1,0.00175,,146.7989,books-oracle2=10
q091,prison,Head,CrossStripe,Lexical,Hybrid,single-index-rescored,0.807296362087665,0.6,0.42857142857142855,0.24444444444444444,0.48096773701296475,0.9458352203602566,1,1,0.00175,,146.7989,books-oracle2=10
q091,prison,Head,CrossStripe,Lexical,Hybrid,naive-score,0.9807708625577258,0.8,0.6666666666666666,0.9111111111111111,0.9435991493423922,0.9636452638863133,1,2,0.0022,,114.0188,books-genre-a=6 | books-genre-b=4
q091,prison,Head,CrossStripe,Lexical,Hybrid,interleave,0.9298003433775381,0.8,0.6666666666666666,0.6,0.7188626527366482,0.9603250160361273,1,2,0.0022,,114.00999999999999,books-genre-a=5 | books-genre-b=5
q091,prison,Head,CrossStripe,Lexical,Hybrid,quota-merge,0.9241151455524879,0.8,0.6666666666666666,0.5111111111111111,0.6572617439533428,0.9603250160361273,1,2,0.0022,,114.0021,books-genre-a=5 | books-genre-b=5
q091,prison,Head,CrossStripe,Lexical,Hybrid,global-rrf,0.9241151455524879,0.8,0.6666666666666666,0.5111111111111111,0.6572617439533428,0.9603250160361273,1,2,0.0022,,114.0179,books-genre-a=5 | books-genre-b=5
q091,prison,Head,CrossStripe,Lexical,Hybrid,minmax-norm,0.9330689477882281,0.9,0.8181818181818182,0.8222222222222222,0.7960133775390476,0.9636452638863133,1,2,0.0022,,114.0424,books-genre-a=7 | books-genre-b=3
q091,prison,Head,CrossStripe,Lexical,Hybrid,zscore-norm,0.9787116603338656,0.8,0.6666666666666666,0.5555555555555556,0.8107957372321059,0.9603250160361273,1,2,0.0022,,114.0424,books-genre-a=5 | books-genre-b=5
q091,prison,Head,CrossStripe,Lexical,Hybrid,vector-similarity,0.9399536277253575,0.7,0.5384615384615384,0.4666666666666667,0.7132354124982586,0.9552009891550426,1,2,0.0022,,114.0119,books-genre-a=6 | books-genre-b=4
q091,prison,Head,CrossStripe,Lexical,Hybrid,hybrid-legs,0.9771297022827408,0.8,0.6666666666666666,1,0.9807600737461785,0.8940707925817382,1,2,0.0022,,114.05279999999999,books-genre-a=7 | books-genre-b=3
q091,prison,Head,CrossStripe,Lexical,Hybrid,idf-correct-probe,0.7632355630859526,0.6,0.42857142857142855,0.2,0.44455024147720845,0.7193883824070996,1,2,0.0022,,114.0435,books-genre-a=7 | books-genre-b=3
q091,prison,Head,CrossStripe,Lexical,Hybrid,idf-correct-sidecar,0.7647995011799495,0.6,0.42857142857142855,0.28888888888888886,0.4537295956059402,0.7193883824070996,1,2,0.0022,,114.03359999999999,books-genre-a=8 | books-genre-b=2
q091,prison,Head,CrossStripe,Lexical,Hybrid,global-bm25,0.807296362087665,0.6,0.42857142857142855,0.24444444444444444,0.48096773701296475,0.9458352203602566,1,2,0.0022,,115.4378,books-genre-a=8 | books-genre-b=2
q091,prison,Head,CrossStripe,Lexical,Hybrid,local-bm25,0.7714661493725811,0.6,0.42857142857142855,0.3333333333333333,0.5407523605892098,0.9552009891550426,1,2,0.0022,,115.3205,books-genre-a=8 | books-genre-b=2
q092,language and the way words shape thought,Tail,CrossStripe,Conceptual,Hybrid,single-index,1,1,1,1,1,0.634336605024364,1,1,0.0053,,207.347,books-oracle2=10
q092,language and the way words shape thought,Tail,CrossStripe,Conceptual,Hybrid,single-index-rescored,0.7291843513640303,0.6,0.42857142857142855,0.1111111111111111,0.3325929768333117,0.7423978676059203,1,1,0.0053,,207.347,books-oracle2=10
q092,language and the way words shape thought,Tail,CrossStripe,Conceptual,Hybrid,naive-score,0.7969149247116774,0.5,0.3333333333333333,0.6,0.7224488272748353,0.7066101708358598,1,2,0.007933333,,188.55159999999998,books-genre-a=6 | books-genre-b=4
q092,language and the way words shape thought,Tail,CrossStripe,Conceptual,Hybrid,interleave,0.6169741040361961,0.6,0.42857142857142855,0.23809523809523808,0.417060027576184,0.7220486030344899,1,2,0.007933333,,188.539,books-genre-a=5 | books-genre-b=5
q092,language and the way words shape thought,Tail,CrossStripe,Conceptual,Hybrid,quota-merge,0.6206295718733772,0.6,0.42857142857142855,0.3333333333333333,0.4372067581742232,0.719481656802216,1,2,0.007933333,,188.531,books-genre-a=5 | books-genre-b=5
q092,language and the way words shape thought,Tail,CrossStripe,Conceptual,Hybrid,global-rrf,0.6206295718733772,0.6,0.42857142857142855,0.3333333333333333,0.4372067581742232,0.719481656802216,1,2,0.007933333,,188.5614,books-genre-a=5 | books-genre-b=5
q092,language and the way words shape thought,Tail,CrossStripe,Conceptual,Hybrid,minmax-norm,0.5809906027467248,0.5,0.3333333333333333,0.06666666666666667,0.4019324519720342,0.6821022261534939,1,2,0.007933333,,188.57309999999998,books-genre-a=6 | books-genre-b=4
q092,language and the way words shape thought,Tail,CrossStripe,Conceptual,Hybrid,zscore-norm,0.7992593667154219,0.5,0.3333333333333333,0.7333333333333333,0.7425955578728745,0.7066101708358598,1,2,0.007933333,,188.5708,books-genre-a=6 | books-genre-b=4
q092,language and the way words shape thought,Tail,CrossStripe,Conceptual,Hybrid,vector-similarity,0.9172041791745613,0.6,0.42857142857142855,0.7777777777777778,0.6454886923797215,0.6742614345920848,1,2,0.007933333,,188.5428,books-genre-a=1 | books-genre-b=9
q092,language and the way words shape thought,Tail,CrossStripe,Conceptual,Hybrid,hybrid-legs,0.9513198843056635,0.7,0.5384615384615384,0.7333333333333333,0.7483628762164847,0.6594011475645857,1,2,0.007933333,,188.5831,books-genre-a=1 | books-genre-b=9
q092,language and the way words shape thought,Tail,CrossStripe,Conceptual,Hybrid,idf-correct-probe,0.79135844649209,0.4,0.25,0.16666666666666666,0.47824744541692676,0.4170739521912071,1,2,0.007933333,,188.5819,books-genre-a=4 | books-genre-b=6
q092,language and the way words shape thought,Tail,CrossStripe,Conceptual,Hybrid,idf-correct-sidecar,0.79135844649209,0.4,0.25,0.16666666666666666,0.47824744541692676,0.4170739521912071,1,2,0.007933333,,188.57649999999998,books-genre-a=4 | books-genre-b=6
q092,language and the way words shape thought,Tail,CrossStripe,Conceptual,Hybrid,global-bm25,0.37813870740476574,0.3,0.17647058823529413,0.3333333333333333,0.2641156210206744,0.5637399213717975,1,2,0.007933333,,189.9662,books-genre-a=6 | books-genre-b=4
q092,language and the way words shape thought,Tail,CrossStripe,Conceptual,Hybrid,local-bm25,0.3178073210044534,0.3,0.17647058823529413,0.2,0.1892209494958998,0.5905841910021702,1,2,0.007933333,,189.9024,books-genre-a=7 | books-genre-b=3
q093,a house that holds a family's history,Torso,CrossStripe,Conceptual,Hybrid,single-index,1,1,1,1,1,0.840409823302383,1,1,0.0047,,197.4745,books-oracle2=10
q093,a house that holds a family's history,Torso,CrossStripe,Conceptual,Hybrid,single-index-rescored,0.8086340670708652,0.5,0.3333333333333333,0.3333333333333333,0.5566133698426998,0.6870701551923576,1,1,0.0047,,197.4745,books-oracle2=10
q093,a house that holds a family's history,Torso,CrossStripe,Conceptual,Hybrid,naive-score,0.9657312765220658,0.7,0.5384615384615384,0.6444444444444445,0.8831967534544551,0.7745774321976443,1,2,0.007933333,,219.31310000000002,books-genre-a=4 | books-genre-b=6
q093,a house that holds a family's history,Torso,CrossStripe,Conceptual,Hybrid,interleave,0.7977712520890782,0.6,0.42857142857142855,0.15555555555555556,0.4054037048730326,0.6899320227197011,1,2,0.007933333,,219.30040000000002,books-genre-a=5 | books-genre-b=5
q093,a house that holds a family's history,Torso,CrossStripe,Conceptual,Hybrid,quota-merge,0.9001211611804568,0.6,0.42857142857142855,0.24444444444444444,0.5705940208549469,0.6933029085733435,1,2,0.007933333,,219.29170000000002,books-genre-a=5 | books-genre-b=5
q093,a house that holds a family's history,Torso,CrossStripe,Conceptual,Hybrid,global-rrf,0.9001211611804568,0.6,0.42857142857142855,0.24444444444444444,0.5705940208549469,0.6933029085733435,1,2,0.007933333,,219.3091,books-genre-a=5 | books-genre-b=5
q093,a house that holds a family's history,Torso,CrossStripe,Conceptual,Hybrid,minmax-norm,0.9255804403403115,0.6,0.42857142857142855,0.5111111111111111,0.7027767617628606,0.7214837128497756,1,2,0.007933333,,219.3326,books-genre-a=5 | books-genre-b=5
q093,a house that holds a family's history,Torso,CrossStripe,Conceptual,Hybrid,zscore-norm,0.77778012417742,0.5,0.3333333333333333,0.4444444444444444,0.5006942851591256,0.7314917272026656,1,2,0.007933333,,219.3322,books-genre-a=6 | books-genre-b=4
q093,a house that holds a family's history,Torso,CrossStripe,Conceptual,Hybrid,vector-similarity,0.8171014043373335,0.7,0.5384615384615384,0.1111111111111111,0.49857228119153413,0.543078349904302,1,2,0.007933333,,219.305,books-genre-a=2 | books-genre-b=8
q093,a house that holds a family's history,Torso,CrossStripe,Conceptual,Hybrid,hybrid-legs,0.9928485012524612,0.8,0.6666666666666666,0.7777777777777778,0.9289804577678925,0.8107183745433251,1,2,0.007933333,,219.3426,books-genre-a=2 | books-genre-b=8
q093,a house that holds a family's history,Torso,CrossStripe,Conceptual,Hybrid,idf-correct-probe,0.8911286932965949,0.5,0.3333333333333333,0.6666666666666666,0.8054884552096204,0.6588503213228147,1,2,0.007933333,,219.3401,books-genre-a=3 | books-genre-b=7
q093,a house that holds a family's history,Torso,CrossStripe,Conceptual,Hybrid,idf-correct-sidecar,0.9346684865284136,0.6,0.42857142857142855,0.7333333333333333,0.818780159988024,0.6881527023696639,1,2,0.007933333,,219.33120000000002,books-genre-a=1 | books-genre-b=9
q093,a house that holds a family's history,Torso,CrossStripe,Conceptual,Hybrid,global-bm25,0.7644550790296338,0.4,0.25,0.5,0.5506651483672818,0.6299972271307317,1,2,0.007933333,,220.7418,books-genre-a=4 | books-genre-b=6
q093,a house that holds a family's history,Torso,CrossStripe,Conceptual,Hybrid,local-bm25,0.7444010582558791,0.5,0.3333333333333333,0.2857142857142857,0.5566133698426998,0.6931961217999071,1,2,0.007933333,,220.61950000000002,books-genre-a=5 | books-genre-b=5
q094,surveillance and the loss of privacy,Torso,CrossStripe,Mixed,Hybrid,single-index,1,1,1,1,1,0.8791712690774832,1,1,0.0047,,231.8486,books-oracle2=10
q094,surveillance and the loss of privacy,Torso,CrossStripe,Mixed,Hybrid,single-index-rescored,0.8390155448135425,0.5,0.3333333333333333,-0.06666666666666667,0.5272872851159288,0.8057479757512308,1,1,0.0047,,231.8486,books-oracle2=10
q094,surveillance and the loss of privacy,Torso,CrossStripe,Mixed,Hybrid,naive-score,0.9678257141844576,0.7,0.5384615384615384,0.6888888888888889,0.9033434840524943,0.8985652828545566,1,2,0.00565,,171.3471,books-genre-a=6 | books-genre-b=4
q094,surveillance and the loss of privacy,Torso,CrossStripe,Mixed,Hybrid,interleave,0.8730623837763452,0.6,0.42857142857142855,0.7777777777777778,0.68062292047669,0.8241045999222906,1,2,0.00565,,171.3393,books-genre-a=5 | books-genre-b=5
q094,surveillance and the loss of privacy,Torso,CrossStripe,Mixed,Hybrid,quota-merge,0.8693878594249044,0.6,0.42857142857142855,0.6666666666666666,0.6488198671754994,0.816066070849391,1,2,0.00565,,171.3314,books-genre-a=5 | books-genre-b=5
q094,surveillance and the loss of privacy,Torso,CrossStripe,Mixed,Hybrid,global-rrf,0.8693878594249044,0.6,0.42857142857142855,0.6666666666666666,0.6488198671754994,0.816066070849391,1,2,0.00565,,171.3476,books-genre-a=5 | books-genre-b=5
q094,surveillance and the loss of privacy,Torso,CrossStripe,Mixed,Hybrid,minmax-norm,0.9132291994030798,0.7,0.5384615384615384,0.6444444444444445,0.7498094907737315,0.8985652828545566,1,2,0.00565,,171.3717,books-genre-a=6 | books-genre-b=4
q094,surveillance and the loss of privacy,Torso,CrossStripe,Mixed,Hybrid,zscore-norm,0.9304277843137788,0.6,0.42857142857142855,0.8888888888888888,0.8973952625770762,0.8411564090387035,1,2,0.00565,,171.371,books-genre-a=5 | books-genre-b=5
q094,surveillance and the loss of privacy,Torso,CrossStripe,Mixed,Hybrid,vector-similarity,0.8601578421872345,0.5,0.3333333333333333,0.5111111111111111,0.5274848749757426,0.692918801595373,1,2,0.00565,,171.3394,books-genre-a=5 | books-genre-b=5
q094,surveillance and the loss of privacy,Torso,CrossStripe,Mixed,Hybrid,hybrid-legs,0.963162127933554,0.7,0.5384615384615384,0.7777777777777778,0.8742149891855371,0.8886785614399936,1,2,0.00565,,171.3912,books-genre-a=7 | books-genre-b=3
q094,surveillance and the loss of privacy,Torso,CrossStripe,Mixed,Hybrid,idf-correct-probe,0.7599084069843849,0.2,0.1111111111111111,0.3333333333333333,0.3673924203468,0.5135089207924552,1,2,0.00565,,171.4748,books-genre-a=6 | books-genre-b=4
q094,surveillance and the loss of privacy,Torso,CrossStripe,Mixed,Hybrid,idf-correct-sidecar,0.7599084069843849,0.2,0.1111111111111111,0.3333333333333333,0.3673924203468,0.5135089207924552,1,2,0.00565,,171.3698,books-genre-a=6 | books-genre-b=4
q094,surveillance and the loss of privacy,Torso,CrossStripe,Mixed,Hybrid,global-bm25,0.8406110919660914,0.5,0.3333333333333333,0.06666666666666667,0.5438101225476458,0.7512158715807008,1,2,0.00565,,172.7201,books-genre-a=7 | books-genre-b=3
q094,surveillance and the loss of privacy,Torso,CrossStripe,Mixed,Hybrid,local-bm25,0.770709477667891,0.4,0.25,-0.2,0.43910090881275077,0.6757765827540857,1,2,0.00565,,172.7151,books-genre-a=7 | books-genre-b=3
q095,sisters,Head,CrossStripe,Lexical,Hybrid,single-index,1,1,1,1,1,0.742334824219244,0.9,1,0.00175,,162.1392,books-oracle2=10
q095,sisters,Head,CrossStripe,Lexical,Hybrid,single-index-rescored,0.5201666912351253,0.2,0.1111111111111111,-0.1111111111111111,0.09185521906399015,0.9371166382005486,1,1,0.00175,,162.1392,books-oracle2=10
q095,sisters,Head,CrossStripe,Lexical,Hybrid,naive-score,0.9453461020468301,1,1,0.9111111111111111,0.8391225234182518,0.742334824219244,0.9,2,0.0039,,119.1149,books-genre-a=4 | books-genre-b=6
q095,sisters,Head,CrossStripe,Lexical,Hybrid,interleave,0.9317261808655806,0.9,0.8181818181818182,0.5555555555555556,0.6684995614998857,0.8139833740557877,0.9,2,0.0039,,119.10430000000001,books-genre-a=5 | books-genre-b=5
q095,sisters,Head,CrossStripe,Lexical,Hybrid,quota-merge,0.9341807069909999,0.9,0.8181818181818182,0.6888888888888889,0.7076460981040615,0.8113499388003503,0.9,2,0.0039,,119.0961,books-genre-a=5 | books-genre-b=5
q095,sisters,Head,CrossStripe,Lexical,Hybrid,global-rrf,0.9341807069909999,0.9,0.8181818181818182,0.6888888888888889,0.7076460981040615,0.8113499388003503,0.9,2,0.0039,,119.1118,books-genre-a=5 | books-genre-b=5
q095,sisters,Head,CrossStripe,Lexical,Hybrid,minmax-norm,0.9454034852186222,1,1,0.9555555555555556,0.846466006721237,0.742334824219244,0.9,2,0.0039,,119.1367,books-genre-a=4 | books-genre-b=6
q095,sisters,Head,CrossStripe,Lexical,Hybrid,zscore-norm,0.9390867714611066,0.9,0.8181818181818182,0.8222222222222222,0.7733896783665885,0.8065809274063104,0.9,2,0.0039,,119.1575,books-genre-a=5 | books-genre-b=5
q095,sisters,Head,CrossStripe,Lexical,Hybrid,vector-similarity,0.9129206558874751,0.6,0.42857142857142855,0.6888888888888889,0.7967983994918529,0.657780269585161,0.8,2,0.0039,,119.1079,books-genre-a=4 | books-genre-b=6
q095,sisters,Head,CrossStripe,Lexical,Hybrid,hybrid-legs,0.9987437390587608,0.9,0.8181818181818182,0.9555555555555556,0.9848724243958502,0.7941437868334413,0.9,2,0.0039,,119.16890000000001,books-genre-a=3 | books-genre-b=7
q095,sisters,Head,CrossStripe,Lexical,Hybrid,idf-correct-probe,0.8398712561103245,0.6,0.42857142857142855,-0.06666666666666667,0.4916587779564808,0.9432106656105237,1,2,0.0039,,119.14070000000001,books-genre-a=6 | books-genre-b=4
q095,sisters,Head,CrossStripe,Lexical,Hybrid,idf-correct-sidecar,0.9330858942246928,0.6,0.42857142857142855,0.4222222222222222,0.7798312132436619,0.918752830540385,1,2,0.0039,,119.1282,books-genre-a=4 | books-genre-b=6
q095,sisters,Head,CrossStripe,Lexical,Hybrid,global-bm25,0.6407718130306607,0.4,0.25,-0.1111111111111111,0.18053089377813222,0.94546789582947,1,2,0.0039,,120.483,books-genre-a=6 | books-genre-b=4
q095,sisters,Head,CrossStripe,Lexical,Hybrid,local-bm25,0.5895767705880023,0.3,0.17647058823529413,0.1111111111111111,0.09417954737308593,1,1,2,0.0039,,120.42620000000001,books-genre-a=7 | books-genre-b=3
q096,a mentor who turns out to be wrong about everything,Tail,CrossStripe,Conceptual,Hybrid,single-index,1,1,1,1,1,0.1072626157170664,1,1,0.005866667,,230.7185,books-oracle2=10
q096,a mentor who turns out to be wrong about everything,Tail,CrossStripe,Conceptual,Hybrid,single-index-rescored,0.411400918644878,0.1,0.05263157894736842,0.4222222222222222,0.013291704778403425,0.07483856267279784,1,1,0.005866667,,230.7185,books-oracle2=10
q096,a mentor who turns out to be wrong about everything,Tail,CrossStripe,Conceptual,Hybrid,naive-score,0.8415239031720934,0.7,0.5384615384615384,0.8095238095238095,0.7894716029168733,0.09653121191524808,1,2,0.01075,,218.6955,books-genre-a=6 | books-genre-b=4
q096,a mentor who turns out to be wrong about everything,Tail,CrossStripe,Conceptual,Hybrid,interleave,0.7869245851585156,0.6,0.42857142857142855,0.9047619047619048,0.6542787902399536,0.13569199092996131,1,2,0.01075,,218.68540000000002,books-genre-a=5 | books-genre-b=5
q096,a mentor who turns out to be wrong about everything,Tail,CrossStripe,Conceptual,Hybrid,quota-merge,0.8014294194870346,0.6,0.42857142857142855,0.8095238095238095,0.6957329684252195,0.1422669472330171,1,2,0.01075,,218.6771,books-genre-a=5 | books-genre-b=5
q096,a mentor who turns out to be wrong about everything,Tail,CrossStripe,Conceptual,Hybrid,global-rrf,0.8014294194870346,0.6,0.42857142857142855,0.8095238095238095,0.6957329684252195,0.1422669472330171,1,2,0.01075,,218.6936,books-genre-a=5 | books-genre-b=5
q096,a mentor who turns out to be wrong about everything,Tail,CrossStripe,Conceptual,Hybrid,minmax-norm,0.7869273883907156,0.7,0.5384615384615384,0.7142857142857143,0.6359376096381106,0.1315355434311988,1,2,0.01075,,218.7166,books-genre-a=6 | books-genre-b=4
q096,a mentor who turns out to be wrong about everything,Tail,CrossStripe,Conceptual,Hybrid,zscore-norm,0.8394601723185665,0.6,0.42857142857142855,1,0.7986334293899846,0.1006876594140106,1,2,0.01075,,218.7371,books-genre-a=5 | books-genre-b=5
q096,a mentor who turns out to be wrong about everything,Tail,CrossStripe,Conceptual,Hybrid,vector-similarity,0.644976256525768,0.4,0.25,0.7222222222222222,0.2633897198082646,0.15249853784949555,1,2,0.01075,,218.6844,books-genre-a=1 | books-genre-b=9
q096,a mentor who turns out to be wrong about everything,Tail,CrossStripe,Conceptual,Hybrid,hybrid-legs,0.8539044965560546,0.5,0.3333333333333333,0.6666666666666666,0.673159809412554,0.09653121191524808,1,2,0.01075,,218.7237,books-genre-a=3 | books-genre-b=7
q096,a mentor who turns out to be wrong about everything,Tail,CrossStripe,Conceptual,Hybrid,idf-correct-probe,0.6547636960480381,0.5,0.3333333333333333,0.06666666666666667,0.1324192796330441,0.05596732593424747,1,2,0.01075,,218.7355,books-genre-a=6 | books-genre-b=4
q096,a mentor who turns out to be wrong about everything,Tail,CrossStripe,Conceptual,Hybrid,idf-correct-sidecar,0.6513109226013344,0.5,0.3333333333333333,0.022222222222222223,0.13673211903321006,0.060165956168681346,1,2,0.01075,,218.757,books-genre-a=6 | books-genre-b=4
q096,a mentor who turns out to be wrong about everything,Tail,CrossStripe,Conceptual,Hybrid,global-bm25,0.4187520265318075,0.1,0.05263157894736842,0.2,0.013291704778403425,0.0759733947501277,1,2,0.01075,,220.05180000000001,books-genre-a=9 | books-genre-b=1
q096,a mentor who turns out to be wrong about everything,Tail,CrossStripe,Conceptual,Hybrid,local-bm25,0.5276312318632798,0.3,0.17647058823529413,-0.022222222222222223,0.0490544684639419,0.059840299972727364,1,2,0.01075,,220.0475,books-genre-a=7 | books-genre-b=3
q097,winter cold and isolation in a remote place,Torso,CrossStripe,Conceptual,Hybrid,single-index,1,1,1,1,1,0.94546789582947,1,1,0.0053,,232.342,books-oracle2=10
q097,winter cold and isolation in a remote place,Torso,CrossStripe,Conceptual,Hybrid,single-index-rescored,0.7483423077631539,0.5,0.3333333333333333,0.06666666666666667,0.37375329183716594,0.8178994274115402,1,1,0.0053,,232.342,books-oracle2=10
q097,winter cold and isolation in a remote place,Torso,CrossStripe,Conceptual,Hybrid,naive-score,0.956605687399497,0.7,0.5384615384615384,0.8222222222222222,0.8350684525813614,0.9404875240541909,1,2,0.008483333,,208.2431,books-genre-a=5 | books-genre-b=5
q097,winter cold and isolation in a remote place,Torso,CrossStripe,Conceptual,Hybrid,interleave,0.9335605459142674,0.7,0.5384615384615384,0.6444444444444445,0.681432359197068,0.9404875240541909,1,2,0.008483333,,208.2339,books-genre-a=5 | books-genre-b=5
q097,winter cold and isolation in a remote place,Torso,CrossStripe,Conceptual,Hybrid,quota-merge,0.9308452345146622,0.7,0.5384615384615384,0.6,0.6612856285990287,0.9404875240541909,1,2,0.008483333,,208.2254,books-genre-a=5 | books-genre-b=5
q097,winter cold and isolation in a remote place,Torso,CrossStripe,Conceptual,Hybrid,global-rrf,0.9308452345146622,0.7,0.5384615384615384,0.6,0.6612856285990287,0.9404875240541909,1,2,0.008483333,,208.3143,books-genre-a=5 | books-genre-b=5
q097,winter cold and isolation in a remote place,Torso,CrossStripe,Conceptual,Hybrid,minmax-norm,0.90559472702547,0.6,0.42857142857142855,0.6444444444444445,0.5857040688034764,0.8825845340300185,1,2,0.008483333,,208.2843,books-genre-a=3 | books-genre-b=7
q097,winter cold and isolation in a remote place,Torso,CrossStripe,Conceptual,Hybrid,zscore-norm,0.956605687399497,0.7,0.5384615384615384,0.8222222222222222,0.8350684525813614,0.9404875240541909,1,2,0.008483333,,208.2656,books-genre-a=5 | books-genre-b=5
q097,winter cold and isolation in a remote place,Torso,CrossStripe,Conceptual,Hybrid,vector-similarity,0.7721890597398609,0.5,0.3333333333333333,-0.06666666666666667,0.33984102774231356,1,1,2,0.008483333,,208.2388,books-genre-a=7 | books-genre-b=3
q097,winter cold and isolation in a remote place,Torso,CrossStripe,Conceptual,Hybrid,hybrid-legs,0.9725478819576732,0.7,0.5384615384615384,0.7777777777777778,0.8943617197835765,1,1,2,0.008483333,,208.27870000000001,books-genre-a=6 | books-genre-b=4
q097,winter cold and isolation in a remote place,Torso,CrossStripe,Conceptual,Hybrid,idf-correct-probe,0.833892201293328,0.5,0.3333333333333333,0.3333333333333333,0.5418030118595144,0.7816871066439105,1,2,0.008483333,,208.27720000000002,books-genre-a=8 | books-genre-b=2
q097,winter cold and isolation in a remote place,Torso,CrossStripe,Conceptual,Hybrid,idf-correct-sidecar,0.833892201293328,0.5,0.3333333333333333,0.3333333333333333,0.5418030118595144,0.7816871066439105,1,2,0.008483333,,208.2656,books-genre-a=8 | books-genre-b=2
q097,winter cold and isolation in a remote place,Torso,CrossStripe,Conceptual,Hybrid,global-bm25,0.7734178947623257,0.6,0.42857142857142855,0.16666666666666666,0.4493348516327183,0.918752830540385,1,2,0.008483333,,209.54930000000002,books-genre-a=7 | books-genre-b=3
q097,winter cold and isolation in a remote place,Torso,CrossStripe,Conceptual,Hybrid,local-bm25,0.7290479715382302,0.6,0.42857142857142855,-0.05555555555555555,0.4284991748008353,0.918752830540385,1,2,0.008483333,,209.67950000000002,books-genre-a=7 | books-genre-b=3
q098,money and what people will do for it,Torso,CrossStripe,Conceptual,Hybrid,single-index,1,1,1,1,1,0.4461489146656898,1,1,0.0047,,228.9661,books-oracle2=10
q098,money and what people will do for it,Torso,CrossStripe,Conceptual,Hybrid,single-index-rescored,0.4839990911534178,0.3,0.17647058823529413,-0.37777777777777777,0.1319132944940743,0.37981995149006714,0.9,1,0.0047,,228.9661,books-oracle2=10
q098,money and what people will do for it,Torso,CrossStripe,Conceptual,Hybrid,naive-score,0.8063220978348686,0.6,0.42857142857142855,0.14285714285714285,0.5889048806272399,0.5917771046481007,1,2,0.008483333,,216.9936,books-genre-a=5 | books-genre-b=5
q098,money and what people will do for it,Torso,CrossStripe,Conceptual,Hybrid,interleave,0.6794495644277171,0.6,0.42857142857142855,0,0.396224350744301,0.5929007332659816,1,2,0.008483333,,216.9809,books-genre-a=5 | books-genre-b=5
q098,money and what people will do for it,Torso,CrossStripe,Conceptual,Hybrid,quota-merge,0.6810481814950937,0.6,0.42857142857142855,0,0.40356783404728624,0.5929007332659816,1,2,0.008483333,,216.9784,books-genre-a=5 | books-genre-b=5
q098,money and what people will do for it,Torso,CrossStripe,Conceptual,Hybrid,global-rrf,0.6810481814950937,0.6,0.42857142857142855,0,0.40356783404728624,0.5929007332659816,1,2,0.008483333,,216.99269999999999,books-genre-a=5 | books-genre-b=5
q098,money and what people will do for it,Torso,CrossStripe,Conceptual,Hybrid,minmax-norm,0.6408288018155348,0.5,0.3333333333333333,-0.047619047619047616,0.3902761292688829,0.5838120492375599,1,2,0.008483333,,217.0133,books-genre-a=6 | books-genre-b=4
q098,money and what people will do for it,Torso,CrossStripe,Conceptual,Hybrid,zscore-norm,0.7605704287926729,0.5,0.3333333333333333,0.047619047619047616,0.5438101225476458,0.5838120492375599,1,2,0.008483333,,217.0127,books-genre-a=6 | books-genre-b=4
q098,money and what people will do for it,Torso,CrossStripe,Conceptual,Hybrid,vector-similarity,0.8717423522016123,0.5,0.3333333333333333,0.1111111111111111,0.5536314153526652,0.44678799014149534,1,2,0.008483333,,216.9811,books-genre-a=1 | books-genre-b=9
q098,money and what people will do for it,Torso,CrossStripe,Conceptual,Hybrid,hybrid-legs,0.9229044138360587,0.6,0.42857142857142855,0.5111111111111111,0.7157746033598523,0.5293609912719937,1,2,0.008483333,,217.0238,books-genre-a=2 | books-genre-b=8
q098,money and what people will do for it,Torso,CrossStripe,Conceptual,Hybrid,idf-correct-probe,0.5190402839578453,0.1,0.05263157894736842,0.4666666666666667,0.0492374295588158,0.12804492272206672,0.9,2,0.008483333,,217.0204,books-genre-a=5 | books-genre-b=5
q098,money and what people will do for it,Torso,CrossStripe,Conceptual,Hybrid,idf-correct-sidecar,0.50018366284735,0.1,0.05263157894736842,0.28888888888888886,0.013291704778403425,0.11726244797594682,0.9,2,0.008483333,,217.0328,books-genre-a=5 | books-genre-b=5
q098,money and what people will do for it,Torso,CrossStripe,Conceptual,Hybrid,global-bm25,0.43352328272298735,0.3,0.17647058823529413,-0.4444444444444444,0.11176656389603504,0.4076215337212695,0.9,2,0.008483333,,218.3632,books-genre-a=3 | books-genre-b=7
q098,money and what people will do for it,Torso,CrossStripe,Conceptual,Hybrid,local-bm25,0.3997323857335426,0.3,0.17647058823529413,-0.6428571428571429,0.10442308059304972,0.43091060293094907,0.9,2,0.008483333,,218.4037,books-genre-a=4 | books-genre-b=6
q099,a rebellion against an unjust authority,Torso,CrossStripe,Conceptual,Hybrid,single-index,1,1,1,1,1,0.918752830540385,1,1,0.0053,,231.872,books-oracle2=10
q099,a rebellion against an unjust authority,Torso,CrossStripe,Conceptual,Hybrid,single-index-rescored,0.7738623723216962,0.2,0.1111111111111111,0.7333333333333333,0.5002641074885573,0.6013704318393882,1,1,0.0053,,231.872,books-oracle2=10
q099,a rebellion against an unjust authority,Torso,CrossStripe,Conceptual,Hybrid,naive-score,0.9559707264407957,0.9,0.8181818181818182,0.7777777777777778,0.8694896973730596,0.8760121493430877,1,2,0.007933333,,218.0738,books-genre-a=5 | books-genre-b=5
q099,a rebellion against an unjust authority,Torso,CrossStripe,Conceptual,Hybrid,interleave,0.8742443583554775,0.9,0.8181818181818182,0.6111111111111112,0.6628452032058793,0.8760121493430877,1,2,0.007933333,,218.0608,books-genre-a=5 | books-genre-b=5
q099,a rebellion against an unjust authority,Torso,CrossStripe,Conceptual,Hybrid,quota-merge,0.948875569283266,0.9,0.8181818181818182,0.7777777777777778,0.8280355191877935,0.8702308504891342,1,2,0.007933333,,218.0537,books-genre-a=5 | books-genre-b=5
q099,a rebellion against an unjust authority,Torso,CrossStripe,Conceptual,Hybrid,global-rrf,0.948875569283266,0.9,0.8181818181818182,0.7777777777777778,0.8280355191877935,0.8702308504891342,1,2,0.007933333,,218.0693,books-genre-a=5 | books-genre-b=5
q099,a rebellion against an unjust authority,Torso,CrossStripe,Conceptual,Hybrid,minmax-norm,0.9559707264407957,0.9,0.8181818181818182,0.7777777777777778,0.8694896973730596,0.8760121493430877,1,2,0.007933333,,218.0925,books-genre-a=5 | books-genre-b=5
q099,a rebellion against an unjust authority,Torso,CrossStripe,Conceptual,Hybrid,zscore-norm,0.8820057898065058,0.9,0.8181818181818182,0.7222222222222222,0.7159557040942964,0.8760121493430877,1,2,0.007933333,,218.0929,books-genre-a=5 | books-genre-b=5
q099,a rebellion against an unjust authority,Torso,CrossStripe,Conceptual,Hybrid,vector-similarity,0.911165078619573,0.6,0.42857142857142855,0.3333333333333333,0.5877587969629516,0.9371166382005486,1,2,0.007933333,,218.0625,books-genre-a=2 | books-genre-b=8
q099,a rebellion against an unjust authority,Torso,CrossStripe,Conceptual,Hybrid,hybrid-legs,0.987800367143186,0.8,0.6666666666666666,0.7777777777777778,0.8893425647896868,0.9270201848786105,1,2,0.007933333,,218.1046,books-genre-a=4 | books-genre-b=6
q099,a rebellion against an unjust authority,Torso,CrossStripe,Conceptual,Hybrid,idf-correct-probe,0.7812234509916646,0.5,0.3333333333333333,0.5111111111111111,0.3982402837742407,0.6808433386912794,1,2,0.007933333,,218.0994,books-genre-a=5 | books-genre-b=5
q099,a rebellion against an unjust authority,Torso,CrossStripe,Conceptual,Hybrid,idf-correct-sidecar,0.7792947525520141,0.5,0.3333333333333333,0.5111111111111111,0.3982402837742407,0.6899320227197011,1,2,0.007933333,,218.1702,books-genre-a=4 | books-genre-b=6
q099,a rebellion against an unjust authority,Torso,CrossStripe,Conceptual,Hybrid,global-bm25,0.7842321335585871,0.3,0.17647058823529413,0.4444444444444444,0.5135558122669608,0.6013704318393882,1,2,0.007933333,,219.41809999999998,books-genre-a=3 | books-genre-b=7
q099,a rebellion against an unjust authority,Torso,CrossStripe,Conceptual,Hybrid,local-bm25,0.7848384598061383,0.3,0.17647058823529413,0.3888888888888889,0.5227351663956924,0.5955891329854346,1,2,0.007933333,,219.4076,books-genre-a=3 | books-genre-b=7
q100,the moment everything changed,Torso,CrossStripe,Conceptual,Hybrid,single-index,1,1,1,1,1,0.7222954974312066,1,1,0.005266667,,233.7302,books-oracle2=10
q100,the moment everything changed,Torso,CrossStripe,Conceptual,Hybrid,single-index-rescored,0.43741688897209746,0.2,0.1111111111111111,-0.022222222222222223,0.11065743521031306,0.44773452261294694,0.9,1,0.005266667,,233.7302,books-oracle2=10
q100,the moment everything changed,Torso,CrossStripe,Conceptual,Hybrid,naive-score,0.6891944090777931,0.7,0.5384615384615384,0.6428571428571429,0.5911367147399282,0.7222954974312066,1,2,0.006200000000000001,,185.36759999999998,books-genre-a=6 | books-genre-b=4
q100,the moment everything changed,Torso,CrossStripe,Conceptual,Hybrid,interleave,0.6374420332688392,0.6,0.42857142857142855,0.5714285714285714,0.46948158223075753,0.7859162856301584,1,2,0.006200000000000001,,185.3541,books-genre-a=5 | books-genre-b=5
q100,the moment everything changed,Torso,CrossStripe,Conceptual,Hybrid,quota-merge,0.630638385093497,0.6,0.42857142857142855,0.42857142857142855,0.43033504562658165,0.7778721720600673,1,2,0.006200000000000001,,185.3449,books-genre-a=5 | books-genre-b=5
q100,the moment everything changed,Torso,CrossStripe,Conceptual,Hybrid,global-rrf,0.630638385093497,0.6,0.42857142857142855,0.42857142857142855,0.43033504562658165,0.7778721720600673,1,2,0.006200000000000001,,185.361,books-genre-a=5 | books-genre-b=5
q100,the moment everything changed,Torso,CrossStripe,Conceptual,Hybrid,minmax-norm,0.674562137999894,0.7,0.5384615384615384,0.5714285714285714,0.5819573606111967,0.7222954974312066,1,2,0.006200000000000001,,185.3851,books-genre-a=6 | books-genre-b=4
q100,the moment everything changed,Torso,CrossStripe,Conceptual,Hybrid,zscore-norm,0.6007757053949637,0.6,0.42857142857142855,0.5714285714285714,0.5535556078842638,0.7909506325094737,1,2,0.006200000000000001,,185.38479999999998,books-genre-a=5 | books-genre-b=5
q100,the moment everything changed,Torso,CrossStripe,Conceptual,Hybrid,vector-similarity,0.7158400501629248,0.6,0.42857142857142855,0.28888888888888886,0.4493348516327183,0.8205228949141826,1,2,0.006200000000000001,,185.35309999999998,books-genre-a=8 | books-genre-b=2
q100,the moment everything changed,Torso,CrossStripe,Conceptual,Hybrid,hybrid-legs,0.7720134743287042,0.8,0.6666666666666666,0.5555555555555556,0.5893183715698023,0.7967610662472993,1,2,0.006200000000000001,,185.3969,books-genre-a=7 | books-genre-b=3
q100,the moment everything changed,Torso,CrossStripe,Conceptual,Hybrid,idf-correct-probe,0.7947060179603808,0.3,0.17647058823529413,0.6111111111111112,0.4441200638066403,0.8611375561264454,1,2,0.006200000000000001,,185.3913,books-genre-a=2 | books-genre-b=8
q100,the moment everything changed,Torso,CrossStripe,Conceptual,Hybrid,idf-correct-sidecar,0.8043880000730399,0.3,0.17647058823529413,0.6666666666666666,0.5135558122669608,0.8611375561264454,1,2,0.006200000000000001,,185.38369999999998,books-genre-a=3 | books-genre-b=7
q100,the moment everything changed,Torso,CrossStripe,Conceptual,Hybrid,global-bm25,0.43038022814485355,0.3,0.17647058823529413,-0.2857142857142857,0.12394913998871647,0.37326895379685443,0.9,2,0.006200000000000001,,188.19459999999998,books-genre-a=7 | books-genre-b=3
q100,the moment everything changed,Torso,CrossStripe,Conceptual,Hybrid,local-bm25,0.4845685722770966,0.4,0.25,-0.3333333333333333,0.13907671559286625,0.36670281837883434,0.9,2,0.006200000000000001,,186.7389,books-genre-a=8 | books-genre-b=2
q001,dragons and ancient magic,Torso,StripeLocal,Lexical,Vector,single-index,1,1,1,1,1,0.7305840133505547,1,1,0.000583333,,73.2456,books-oracle2=10
q001,dragons and ancient magic,Torso,StripeLocal,Lexical,Vector,naive-score,1,1,1,1,0.9999999999999998,0.7305840133505547,1,2,0.0006,,62.8155,books-genre-a=10
q001,dragons and ancient magic,Torso,StripeLocal,Lexical,Vector,interleave,0.7708772732334263,0.5,0.3333333333333333,0.4666666666666667,0.6170673540341023,0.5203038776464316,1,2,0.0006,,62.8041,books-genre-a=5 | books-genre-b=5
q001,dragons and ancient magic,Torso,StripeLocal,Lexical,Vector,quota-merge,0.7677927707495528,0.5,0.3333333333333333,0.4666666666666667,0.6054110313309511,0.5169329917927893,1,2,0.0006,,62.7945,books-genre-a=5 | books-genre-b=5
q001,dragons and ancient magic,Torso,StripeLocal,Lexical,Vector,global-rrf,0.7677927707495528,0.5,0.3333333333333333,0.4666666666666667,0.6054110313309511,0.5169329917927893,1,2,0.0006,,62.8105,books-genre-a=5 | books-genre-b=5
q001,dragons and ancient magic,Torso,StripeLocal,Lexical,Vector,minmax-norm,0.8871935958064424,0.7,0.5384615384615384,0.5714285714285714,0.7728498681535595,0.5974277511794222,1,2,0.0006,,62.834199999999996,books-genre-a=7 | books-genre-b=3
q001,dragons and ancient magic,Torso,StripeLocal,Lexical,Vector,zscore-norm,0.7223774022098121,0.6,0.42857142857142855,0.42857142857142855,0.5492427684840978,0.456907691911519,1,2,0.0006,,62.832499999999996,books-genre-a=6 | books-genre-b=4
q001,dragons and ancient magic,Torso,StripeLocal,Lexical,Vector,vector-similarity,1,1,1,1,0.9999999999999998,0.7305840133505547,1,2,0.0006,,62.8062,books-genre-a=10
q002,a young wizard learning to control his powers at a school of magic,Torso,StripeLocal,Conceptual,Vector,single-index,1,1,1,1,1,0.6018054469565974,1,1,0.000583333,,75.6423,books-oracle2=10
q002,a young wizard learning to control his powers at a school of magic,Torso,StripeLocal,Conceptual,Vector,naive-score,1,1,1,1,0.9999999999999998,0.6018054469565974,1,2,0.0006,,62.8852,books-genre-a=10
q002,a young wizard learning to control his powers at a school of magic,Torso,StripeLocal,Conceptual,Vector,interleave,0.7600533077905745,0.5,0.3333333333333333,0.4666666666666667,0.6170673540341023,0.28752912794668994,1,2,0.0006,,62.8888,books-genre-a=5 | books-genre-b=5
q002,a young wizard learning to control his powers at a school of magic,Torso,StripeLocal,Conceptual,Vector,quota-merge,0.7345253144533375,0.5,0.3333333333333333,0.4666666666666667,0.5481229619478117,0.2820050432642759,1,2,0.0006,,62.8651,books-genre-a=5 | books-genre-b=5
q002,a young wizard learning to control his powers at a school of magic,Torso,StripeLocal,Conceptual,Vector,global-rrf,0.7345253144533375,0.5,0.3333333333333333,0.4666666666666667,0.5481229619478117,0.2820050432642759,1,2,0.0006,,62.8807,books-genre-a=5 | books-genre-b=5
q002,a young wizard learning to control his powers at a school of magic,Torso,StripeLocal,Conceptual,Vector,minmax-norm,0.792098132044807,0.6,0.42857142857142855,0.5238095238095238,0.5912125222083299,0.3471356381007841,1,2,0.0006,,62.9067,books-genre-a=6 | books-genre-b=4
q002,a young wizard learning to control his powers at a school of magic,Torso,StripeLocal,Conceptual,Vector,zscore-norm,0.6281726666366678,0.5,0.3333333333333333,0.3333333333333333,0.41662025950561943,0.25886808724359217,1,2,0.0006,,62.9277,books-genre-a=5 | books-genre-b=5
q002,a young wizard learning to control his powers at a school of magic,Torso,StripeLocal,Conceptual,Vector,vector-similarity,1,1,1,1,0.9999999999999998,0.6018054469565974,1,2,0.0006,,62.876,books-genre-a=10
q003,epic fantasy quest to destroy an artifact,Torso,StripeLocal,Mixed,Vector,single-index,1,1,1,1,1,0.4722669331219993,1,1,0.000583333,,73.0238,books-oracle2=10
q003,epic fantasy quest to destroy an artifact,Torso,StripeLocal,Mixed,Vector,naive-score,1,1,1,1,0.9999999999999998,0.4722669331219993,1,2,0.0011,,62.6663,books-genre-a=9 | books-genre-b=1
q003,epic fantasy quest to destroy an artifact,Torso,StripeLocal,Mixed,Vector,interleave,0.8220212200889563,0.6,0.42857142857142855,1,0.8249775596267213,0.39245937894656935,1,2,0.0011,,62.651300000000006,books-genre-a=5 | books-genre-b=5
q003,epic fantasy quest to destroy an artifact,Torso,StripeLocal,Mixed,Vector,quota-merge,0.7674247053075786,0.6,0.42857142857142855,0.8666666666666667,0.6714435663479584,0.39245937894656935,1,2,0.0011,,62.640800000000006,books-genre-a=5 | books-genre-b=5
q003,epic fantasy quest to destroy an artifact,Torso,StripeLocal,Mixed,Vector,global-rrf,0.7674247053075786,0.6,0.42857142857142855,0.8666666666666667,0.6714435663479584,0.39245937894656935,1,2,0.0011,,62.6593,books-genre-a=5 | books-genre-b=5
q003,epic fantasy quest to destroy an artifact,Torso,StripeLocal,Mixed,Vector,minmax-norm,0.9454034852186222,1,1,0.9555555555555556,0.846466006721237,0.4722669331219993,1,2,0.0011,,62.6871,books-genre-a=9 | books-genre-b=1
q003,epic fantasy quest to destroy an artifact,Torso,StripeLocal,Mixed,Vector,zscore-norm,0.8281197357796862,0.7,0.5384615384615384,0.9047619047619048,0.768809296779868,0.40109513174593525,1,2,0.0011,,62.808,books-genre-a=6 | books-genre-b=4
q003,epic fantasy quest to destroy an artifact,Torso,StripeLocal,Mixed,Vector,vector-similarity,1,1,1,1,0.9999999999999998,0.4722669331219993,1,2,0.0011,,62.656400000000005,books-genre-a=9 | books-genre-b=1
q004,vampires,Head,StripeLocal,Lexical,Vector,single-index,1,1,1,1,1,1,1,1,0.000583333,,73.18,books-oracle2=10
q004,vampires,Head,StripeLocal,Lexical,Vector,naive-score,1,1,1,1,0.9999999999999998,1,1,2,0.0011,,63.1599,books-genre-a=10
q004,vampires,Head,StripeLocal,Lexical,Vector,interleave,0.8124576171608144,0.5,0.3333333333333333,0.35714285714285715,0.6170673540341023,0.9404875240541909,1,2,0.0011,,63.146699999999996,books-genre-a=5 | books-genre-b=5
q004,vampires,Head,StripeLocal,Lexical,Vector,quota-merge,0.6796105207279183,0.5,0.3333333333333333,0.21428571428571427,0.42207918257007343,0.9404875240541909,1,2,0.0011,,63.136799999999994,books-genre-a=5 | books-genre-b=5
q004,vampires,Head,StripeLocal,Lexical,Vector,global-rrf,0.6796105207279183,0.5,0.3333333333333333,0.21428571428571427,0.42207918257007343,0.9404875240541909,1,2,0.0011,,63.154999999999994,books-genre-a=5 | books-genre-b=5
q004,vampires,Head,StripeLocal,Lexical,Vector,minmax-norm,0.5916302034503164,0.4,0.25,0.047619047619047616,0.2704568675854584,0.9270201848786105,1,2,0.0011,,63.180899999999994,books-genre-a=4 | books-genre-b=6
q004,vampires,Head,StripeLocal,Lexical,Vector,zscore-norm,0.7802982167440898,0.5,0.3333333333333333,0.14285714285714285,0.5007185043240618,0.932801483732564,1,2,0.0011,,63.1798,books-genre-a=5 | books-genre-b=5
q004,vampires,Head,StripeLocal,Lexical,Vector,vector-similarity,1,1,1,1,0.9999999999999998,1,1,2,0.0011,,63.2328,books-genre-a=10
q005,haunted house that torments the family living in it,Torso,StripeLocal,Conceptual,Vector,single-index,1,1,1,1,1,0.5000862538253009,1,1,0.000316667,,73.5801,books-oracle2=10
q005,haunted house that torments the family living in it,Torso,StripeLocal,Conceptual,Vector,naive-score,1,1,1,1,0.9999999999999998,0.5000862538253009,1,2,0.0006,,62.5857,books-genre-a=8 | books-genre-b=2
q005,haunted house that torments the family living in it,Torso,StripeLocal,Conceptual,Vector,interleave,0.9468109855005902,0.7,0.5384615384615384,0.6,0.6997432189693609,0.49293410101829876,1,2,0.0006,,62.572900000000004,books-genre-a=5 | books-genre-b=5
q005,haunted house that torments the family living in it,Torso,StripeLocal,Conceptual,Vector,quota-merge,0.9447080258320627,0.7,0.5384615384615384,0.5111111111111111,0.6807434129632243,0.49253852855780006,1,2,0.0006,,62.5621,books-genre-a=5 | books-genre-b=5
q005,haunted house that torments the family living in it,Torso,StripeLocal,Conceptual,Vector,global-rrf,0.9447080258320627,0.7,0.5384615384615384,0.5111111111111111,0.6807434129632243,0.49253852855780006,1,2,0.0006,,62.579800000000006,books-genre-a=5 | books-genre-b=5
q005,haunted house that torments the family living in it,Torso,StripeLocal,Conceptual,Vector,minmax-norm,0.9534389611711469,0.7,0.5384615384615384,0.7333333333333333,0.7629815677909841,0.48768102020907284,1,2,0.0006,,62.602900000000005,books-genre-a=5 | books-genre-b=5
q005,haunted house that torments the family living in it,Torso,StripeLocal,Conceptual,Vector,zscore-norm,0.8589275871103245,0.7,0.5384615384615384,0.5555555555555556,0.5668473126626673,0.4672885663929571,1,2,0.0006,,62.601800000000004,books-genre-a=5 | books-genre-b=5
q005,haunted house that torments the family living in it,Torso,StripeLocal,Conceptual,Vector,vector-similarity,1,1,1,1,0.9999999999999998,0.5000862538253009,1,2,0.0006,,62.5754,books-genre-a=8 | books-genre-b=2
q006,generation starship colonists who forget they are on a ship,Tail,StripeLocal,Conceptual,Vector,single-index,1,1,1,1,1,0.5171918186505525,1,1,0.000583333,,72.8404,books-oracle2=10
q006,generation starship colonists who forget they are on a ship,Tail,StripeLocal,Conceptual,Vector,naive-score,1,1,1,1,0.9999999999999998,0.5171918186505525,1,2,0.0006,,62.7682,books-genre-a=10
q006,generation starship colonists who forget they are on a ship,Tail,StripeLocal,Conceptual,Vector,interleave,0.7540483625675651,0.5,0.3333333333333333,0.4666666666666667,0.6170673540341023,0.4619797146451894,1,2,0.0006,,62.7557,books-genre-a=5 | books-genre-b=5
q006,generation starship colonists who forget they are on a ship,Tail,StripeLocal,Conceptual,Vector,quota-merge,0.6118497769056722,0.5,0.3333333333333333,0.3333333333333333,0.4104228598669221,0.3060505848919067,1,2,0.0006,,62.7469,books-genre-a=5 | books-genre-b=5
q006,generation starship colonists who forget they are on a ship,Tail,StripeLocal,Conceptual,Vector,global-rrf,0.6118497769056722,0.5,0.3333333333333333,0.3333333333333333,0.4104228598669221,0.3060505848919067,1,2,0.0006,,62.7634,books-genre-a=5 | books-genre-b=5
q006,generation starship colonists who forget they are on a ship,Tail,StripeLocal,Conceptual,Vector,minmax-norm,0.6211210630934801,0.5,0.3333333333333333,0.3333333333333333,0.44636858464733453,0.31169722116091036,1,2,0.0006,,62.7896,books-genre-a=5 | books-genre-b=5
q006,generation starship colonists who forget they are on a ship,Tail,StripeLocal,Conceptual,Vector,zscore-norm,0.5646935573638711,0.5,0.3333333333333333,0.3333333333333333,0.3621682397233618,0.25408884305485413,1,2,0.0006,,62.784,books-genre-a=5 | books-genre-b=5
q006,generation starship colonists who forget they are on a ship,Tail,StripeLocal,Conceptual,Vector,vector-similarity,1,1,1,1,0.9999999999999998,0.5171918186505525,1,2,0.0006,,62.757799999999996,books-genre-a=10
q007,artificial intelligence becomes self aware,Torso,StripeLocal,Mixed,Vector,single-index,1,1,1,1,1,0.42817414158824135,1,1,0.000583333,,73.876,books-oracle2=10
q007,artificial intelligence becomes self aware,Torso,StripeLocal,Mixed,Vector,naive-score,1,1,1,1,0.9999999999999998,0.42817414158824135,1,2,0.0011,,63.4753,books-genre-a=7 | books-genre-b=3
q007,artificial intelligence becomes self aware,Torso,StripeLocal,Mixed,Vector,interleave,0.9774328337717695,0.8,0.6666666666666666,0.7333333333333333,0.8442174858805428,0.3772940551055174,1,2,0.0011,,63.4578,books-genre-a=5 | books-genre-b=5
q007,artificial intelligence becomes self aware,Torso,StripeLocal,Mixed,Vector,quota-merge,0.9760339369427222,0.8,0.6666666666666666,0.6444444444444445,0.8252176798744062,0.3747150269390107,1,2,0.0011,,63.4476,books-genre-a=5 | books-genre-b=5
q007,artificial intelligence becomes self aware,Torso,StripeLocal,Mixed,Vector,global-rrf,0.9760339369427222,0.8,0.6666666666666666,0.6444444444444445,0.8252176798744062,0.3747150269390107,1,2,0.0011,,63.4657,books-genre-a=5 | books-genre-b=5
q007,artificial intelligence becomes self aware,Torso,StripeLocal,Mixed,Vector,minmax-norm,0.9993023895695917,1,1,0.8222222222222222,0.9626414857364001,0.42505903190009564,1,2,0.0011,,63.4925,books-genre-a=7 | books-genre-b=3
q007,artificial intelligence becomes self aware,Torso,StripeLocal,Mixed,Vector,zscore-norm,0.9353100964112077,0.9,0.8181818181818182,0.6444444444444445,0.7337926384809842,0.35400022349835786,1,2,0.0011,,63.5,books-genre-a=6 | books-genre-b=4
q007,artificial intelligence becomes self aware,Torso,StripeLocal,Mixed,Vector,vector-similarity,1,1,1,1,0.9999999999999998,0.42817414158824135,1,2,0.0011,,63.4629,books-genre-a=7 | books-genre-b=3
q008,hard science fiction about terraforming Mars,Tail,StripeLocal,Mixed,Vector,single-index,1,1,1,1,1,0.9253240274250416,1,1,0.000583333,,73.5888,books-oracle2=10
q008,hard science fiction about terraforming Mars,Tail,StripeLocal,Mixed,Vector,naive-score,1,1,1,1,0.9999999999999998,0.9253240274250416,1,2,0.0011,,62.8588,books-genre-a=9 | books-genre-b=1
q008,hard science fiction about terraforming Mars,Tail,StripeLocal,Mixed,Vector,interleave,0.8926869551750402,0.6,0.42857142857142855,0.4444444444444444,0.6663047835929182,0.7987894776910067,1,2,0.0011,,62.846,books-genre-a=5 | books-genre-b=5
q008,hard science fiction about terraforming Mars,Tail,StripeLocal,Mixed,Vector,quota-merge,0.7956861387974108,0.6,0.42857142857142855,0.3333333333333333,0.501114467611004,0.64867467090512,1,2,0.0011,,62.8364,books-genre-a=5 | books-genre-b=5
q008,hard science fiction about terraforming Mars,Tail,StripeLocal,Mixed,Vector,global-rrf,0.7956861387974108,0.6,0.42857142857142855,0.3333333333333333,0.501114467611004,0.64867467090512,1,2,0.0011,,62.854,books-genre-a=5 | books-genre-b=5
q008,hard science fiction about terraforming Mars,Tail,StripeLocal,Mixed,Vector,minmax-norm,0.8089023512911399,0.6,0.42857142857142855,0.6666666666666666,0.5968448159676615,0.6723606457826702,1,2,0.0011,,62.8792,books-genre-a=5 | books-genre-b=5
q008,hard science fiction about terraforming Mars,Tail,StripeLocal,Mixed,Vector,zscore-norm,0.8075394872323721,0.6,0.42857142857142855,0.6111111111111112,0.5851884932645103,0.671329523709982,1,2,0.0011,,62.8756,books-genre-a=5 | books-genre-b=5
q008,hard science fiction about terraforming Mars,Tail,StripeLocal,Mixed,Vector,vector-similarity,1,1,1,1,0.9999999999999998,0.9253240274250416,1,2,0.0011,,62.8495,books-genre-a=9 | books-genre-b=1
q009,cyberpunk hacker corporate dystopia,Torso,StripeLocal,Lexical,Vector,single-index,1,1,1,1,1,0.8803273038110722,1,1,0.000316667,,73.6484,books-oracle2=10
q009,cyberpunk hacker corporate dystopia,Torso,StripeLocal,Lexical,Vector,naive-score,1,1,1,1,0.9999999999999998,0.8803273038110722,1,2,0.0008500000000000001,,62.732,books-genre-a=10
q009,cyberpunk hacker corporate dystopia,Torso,StripeLocal,Lexical,Vector,interleave,0.8711604967629255,0.5,0.3333333333333333,0.5555555555555556,0.6170673540341023,0.5599128261930972,1,2,0.0008500000000000001,,62.7192,books-genre-a=5 | books-genre-b=5
q009,cyberpunk hacker corporate dystopia,Torso,StripeLocal,Lexical,Vector,quota-merge,0.8592380356431751,0.5,0.3333333333333333,0.5111111111111111,0.5756131758488364,0.5468349529535349,1,2,0.0008500000000000001,,62.7106,books-genre-a=5 | books-genre-b=5
q009,cyberpunk hacker corporate dystopia,Torso,StripeLocal,Lexical,Vector,global-rrf,0.8592380356431751,0.5,0.3333333333333333,0.5111111111111111,0.5756131758488364,0.5468349529535349,1,2,0.0008500000000000001,,62.727799999999995,books-genre-a=5 | books-genre-b=5
q009,cyberpunk hacker corporate dystopia,Torso,StripeLocal,Lexical,Vector,minmax-norm,0.6846452762514661,0.2,0.1111111111111111,0.5714285714285714,0.3747359036497853,0.37613326012474213,1,2,0.0008500000000000001,,62.7519,books-genre-a=2 | books-genre-b=8
q009,cyberpunk hacker corporate dystopia,Torso,StripeLocal,Lexical,Vector,zscore-norm,0.8098519047762771,0.3,0.17647058823529413,0.8333333333333334,0.6185918340228166,0.46245112526968557,1,2,0.0008500000000000001,,62.750699999999995,books-genre-a=3 | books-genre-b=7
q009,cyberpunk hacker corporate dystopia,Torso,StripeLocal,Lexical,Vector,vector-similarity,1,1,1,1,0.9999999999999998,0.8803273038110722,1,2,0.0008500000000000001,,62.7232,books-genre-a=10
q010,a locked room murder that seems impossible to have committed,Tail,StripeLocal,Conceptual,Vector,single-index,1,1,1,1,1,0.4379509121902392,1,1,0.000583333,,73.7009,books-oracle2=10
q010,a locked room murder that seems impossible to have committed,Tail,StripeLocal,Conceptual,Vector,naive-score,1,1,1,1,0.9999999999999998,0.4379509121902392,1,2,0.0006,,62.7246,books-genre-a=8 | books-genre-b=2
q010,a locked room murder that seems impossible to have committed,Tail,StripeLocal,Conceptual,Vector,interleave,0.9369771150697221,0.7,0.5384615384615384,0.6111111111111112,0.778358321558413,0.3522291627026381,1,2,0.0006,,62.7102,books-genre-a=5 | books-genre-b=5
q010,a locked room murder that seems impossible to have committed,Tail,StripeLocal,Conceptual,Vector,quota-merge,0.9341287340370664,0.7,0.5384615384615384,0.5555555555555556,0.7593585155522765,0.3501675147393259,1,2,0.0006,,62.7015,books-genre-a=5 | books-genre-b=5
q010,a locked room murder that seems impossible to have committed,Tail,StripeLocal,Conceptual,Vector,global-rrf,0.9341287340370664,0.7,0.5384615384615384,0.5555555555555556,0.7593585155522765,0.3501675147393259,1,2,0.0006,,62.7986,books-genre-a=5 | books-genre-b=5
q010,a locked room murder that seems impossible to have committed,Tail,StripeLocal,Conceptual,Vector,minmax-norm,0.9656922873494661,0.8,0.6666666666666666,0.4666666666666667,0.7311960421454139,0.3596324038042386,1,2,0.0006,,62.7458,books-genre-a=6 | books-genre-b=4
q010,a locked room murder that seems impossible to have committed,Tail,StripeLocal,Conceptual,Vector,zscore-norm,0.889756636739828,0.8,0.6666666666666666,0.37777777777777777,0.5575153182686117,0.32385628724187826,1,2,0.0006,,62.7592,books-genre-a=6 | books-genre-b=4
q010,a locked room murder that seems impossible to have committed,Tail,StripeLocal,Conceptual,Vector,vector-similarity,1,1,1,1,0.9999999999999998,0.4379509121902392,1,2,0.0006,,62.7142,books-genre-a=8 | books-genre-b=2
q011,detective investigating a serial killer,Torso,StripeLocal,Mixed,Vector,single-index,1,1,1,1,1,0.5490149525373843,1,1,0.000583333,,72.3708,books-oracle2=10
q011,detective investigating a serial killer,Torso,StripeLocal,Mixed,Vector,naive-score,1,1,1,1,0.9999999999999998,0.5490149525373843,1,2,0.0011,,62.778,books-genre-a=10
q011,detective investigating a serial killer,Torso,StripeLocal,Mixed,Vector,interleave,0.758716175152435,0.5,0.3333333333333333,0.4666666666666667,0.6170673540341023,0.6236906055413591,1,2,0.0011,,62.7645,books-genre-a=5 | books-genre-b=5
q011,detective investigating a serial killer,Torso,StripeLocal,Mixed,Vector,quota-merge,0.7525745222483844,0.5,0.3333333333333333,0.4666666666666667,0.596920623436063,0.6236906055413591,1,2,0.0011,,62.7542,books-genre-a=5 | books-genre-b=5
q011,detective investigating a serial killer,Torso,StripeLocal,Mixed,Vector,global-rrf,0.7525745222483844,0.5,0.3333333333333333,0.4666666666666667,0.596920623436063,0.6236906055413591,1,2,0.0011,,62.7727,books-genre-a=5 | books-genre-b=5
q011,detective investigating a serial killer,Torso,StripeLocal,Mixed,Vector,minmax-norm,0.7674988418269758,0.5,0.3333333333333333,0.4666666666666667,0.645048924309157,0.6181790359825421,1,2,0.0011,,62.8005,books-genre-a=5 | books-genre-b=5
q011,detective investigating a serial killer,Torso,StripeLocal,Mixed,Vector,zscore-norm,0.5768846325647118,0.4,0.25,0.2,0.3941492005984844,0.6144416554409211,1,2,0.0011,,62.7971,books-genre-a=4 | books-genre-b=6
q011,detective investigating a serial killer,Torso,StripeLocal,Mixed,Vector,vector-similarity,1,1,1,1,0.9999999999999998,0.5490149525373843,1,2,0.0011,,62.7665,books-genre-a=10
q012,espionage thriller cold war spy,Torso,StripeLocal,Lexical,Vector,single-index,1,1,1,1,1,1,1,1,0.000583333,,72.8155,books-oracle2=10
q012,espionage thriller cold war spy,Torso,StripeLocal,Lexical,Vector,naive-score,1,1,1,1,0.9999999999999998,1,1,2,0.0011,,63.2512,books-genre-a=10
q012,espionage thriller cold war spy,Torso,StripeLocal,Lexical,Vector,interleave,0.8017415778282054,0.5,0.3333333333333333,0.3333333333333333,0.6170673540341023,0.7275909881656417,1,2,0.0011,,63.213,books-genre-a=5 | books-genre-b=5
q012,espionage thriller cold war spy,Torso,StripeLocal,Lexical,Vector,quota-merge,0.796801786843709,0.5,0.3333333333333333,0.3333333333333333,0.5980675480279657,0.7214010577841127,1,2,0.0011,,63.2025,books-genre-a=5 | books-genre-b=5
q012,espionage thriller cold war spy,Torso,StripeLocal,Lexical,Vector,global-rrf,0.796801786843709,0.5,0.3333333333333333,0.3333333333333333,0.5980675480279657,0.7214010577841127,1,2,0.0011,,63.22,books-genre-a=5 | books-genre-b=5
q012,espionage thriller cold war spy,Torso,StripeLocal,Lexical,Vector,minmax-norm,0.7786373867219617,0.5,0.3333333333333333,0.23809523809523808,0.5364666392446605,0.702541885690597,1,2,0.0011,,63.2586,books-genre-a=5 | books-genre-b=5
q012,espionage thriller cold war spy,Torso,StripeLocal,Lexical,Vector,zscore-norm,0.7786373867219617,0.5,0.3333333333333333,0.23809523809523808,0.5364666392446605,0.702541885690597,1,2,0.0011,,63.2452,books-genre-a=5 | books-genre-b=5
q012,espionage thriller cold war spy,Torso,StripeLocal,Lexical,Vector,vector-similarity,1,1,1,1,0.9999999999999998,1,1,2,0.0011,,63.2161,books-genre-a=10
q013,teenagers forced to compete in a deadly televised game,Tail,StripeLocal,Conceptual,Vector,single-index,1,1,1,1,1,0.6141453658587722,1,1,0.000316667,,73.7447,books-oracle2=10
q013,teenagers forced to compete in a deadly televised game,Tail,StripeLocal,Conceptual,Vector,naive-score,0.9632393902397784,0.9,0.8181818181818182,1,0.9775289410928649,0.6141453658587722,1,2,0.0006,,62.6927,books-genre-a=9 | books-genre-b=1
q013,teenagers forced to compete in a deadly televised game,Tail,StripeLocal,Conceptual,Vector,interleave,0.8575550707228989,0.6,0.42857142857142855,0.7142857142857143,0.8249775596267213,0.6115714575516963,1,2,0.0006,,62.6795,books-genre-a=5 | books-genre-b=5
q013,teenagers forced to compete in a deadly televised game,Tail,StripeLocal,Conceptual,Vector,quota-merge,0.8558467540563998,0.6,0.42857142857142855,0.7142857142857143,0.8176340763237359,0.610569227991822,1,2,0.0006,,62.6696,books-genre-a=5 | books-genre-b=5
q013,teenagers forced to compete in a deadly televised game,Tail,StripeLocal,Conceptual,Vector,global-rrf,0.8558467540563998,0.6,0.42857142857142855,0.7142857142857143,0.8176340763237359,0.610569227991822,1,2,0.0006,,62.6881,books-genre-a=5 | books-genre-b=5
q013,teenagers forced to compete in a deadly televised game,Tail,StripeLocal,Conceptual,Vector,minmax-norm,0.9505849208282939,0.8,0.6666666666666666,0.8333333333333334,0.9374708656627806,0.611271417516948,1,2,0.0006,,62.7155,books-genre-a=8 | books-genre-b=2
q013,teenagers forced to compete in a deadly televised game,Tail,StripeLocal,Conceptual,Vector,zscore-norm,0.8125154537969773,0.6,0.42857142857142855,0.7142857142857143,0.723714538700274,0.6198492518677516,1,2,0.0006,,62.7119,books-genre-a=5 | books-genre-b=5
q013,teenagers forced to compete in a deadly televised game,Tail,StripeLocal,Conceptual,Vector,vector-similarity,0.9632393902397784,0.9,0.8181818181818182,1,0.9775289410928649,0.6141453658587722,1,2,0.0006,,62.6833,books-genre-a=9 | books-genre-b=1
q014,picture book about a bear,Torso,StripeLocal,Mixed,Vector,single-index,1,1,1,1,1,0.7619617448900868,1,1,0.000583333,,73.4448,books-oracle2=10
q014,picture book about a bear,Torso,StripeLocal,Mixed,Vector,naive-score,1,1,1,1,0.9999999999999998,0.7619617448900868,1,2,0.0006,,62.8474,books-genre-a=10
q014,picture book about a bear,Torso,StripeLocal,Mixed,Vector,interleave,0.7090081386375826,0.5,0.3333333333333333,1,0.6170673540341023,0.5055567457529747,1,2,0.0006,,62.8356,books-genre-a=5 | books-genre-b=5
q014,picture book about a bear,Torso,StripeLocal,Mixed,Vector,quota-merge,0.535550272031766,0.5,0.3333333333333333,1,0.39458896866904886,0.410589848330212,1,2,0.0006,,62.8273,books-genre-a=5 | books-genre-b=5
q014,picture book about a bear,Torso,StripeLocal,Mixed,Vector,global-rrf,0.535550272031766,0.5,0.3333333333333333,1,0.39458896866904886,0.410589848330212,1,2,0.0006,,62.8448,books-genre-a=5 | books-genre-b=5
q014,picture book about a bear,Torso,StripeLocal,Mixed,Vector,minmax-norm,0.6023492450111593,0.6,0.42857142857142855,1,0.46948158223075753,0.45159347541371414,1,2,0.0006,,62.8683,books-genre-a=6 | books-genre-b=4
q014,picture book about a bear,Torso,StripeLocal,Mixed,Vector,zscore-norm,0.538607422451943,0.5,0.3333333333333333,1,0.40307937656393683,0.4134019968305748,1,2,0.0006,,62.8656,books-genre-a=5 | books-genre-b=5
q014,picture book about a bear,Torso,StripeLocal,Mixed,Vector,vector-similarity,1,1,1,1,0.9999999999999998,0.7619617448900868,1,2,0.0006,,62.8551,books-genre-a=10
q015,graphic novel superhero origin,Torso,StripeLocal,Lexical,Vector,single-index,1,1,1,1,1,0.6367226794856379,1,1,0.000583333,,73.5145,books-oracle2=10
q015,graphic novel superhero origin,Torso,StripeLocal,Lexical,Vector,naive-score,1,1,1,1,0.9999999999999998,0.6367226794856379,1,2,0.0011,,63.401700000000005,books-genre-a=10
q015,graphic novel superhero origin,Torso,StripeLocal,Lexical,Vector,interleave,0.7090081386375826,0.5,0.3333333333333333,1,0.6170673540341023,0.48457529592457815,1,2,0.0011,,63.3864,books-genre-a=5 | books-genre-b=5
q015,graphic novel superhero origin,Torso,StripeLocal,Lexical,Vector,quota-merge,0.5374055605323891,0.5,0.3333333333333333,1,0.4019324519720342,0.4018722891782796,1,2,0.0011,,63.377300000000005,books-genre-a=5 | books-genre-b=5
q015,graphic novel superhero origin,Torso,StripeLocal,Lexical,Vector,global-rrf,0.5374055605323891,0.5,0.3333333333333333,1,0.4019324519720342,0.4018722891782796,1,2,0.0011,,63.392700000000005,books-genre-a=5 | books-genre-b=5
q015,graphic novel superhero origin,Torso,StripeLocal,Lexical,Vector,minmax-norm,0.5645095462493355,0.6,0.42857142857142855,1,0.36824278046924647,0.4555402801121846,1,2,0.0011,,63.417100000000005,books-genre-a=6 | books-genre-b=4
q015,graphic novel superhero origin,Torso,StripeLocal,Lexical,Vector,zscore-norm,0.712439419517915,0.6,0.42857142857142855,1,0.5217767737480093,0.525165413618921,1,2,0.0011,,63.4159,books-genre-a=6 | books-genre-b=4
q015,graphic novel superhero origin,Torso,StripeLocal,Lexical,Vector,vector-similarity,1,1,1,1,0.9999999999999998,0.6367226794856379,1,2,0.0011,,63.3885,books-genre-a=10
q016,zombie apocalypse survival,Torso,StripeLocal,Lexical,Vector,single-index,1,1,1,1,1,0.8301717595472909,0.9,1,0.000583333,,74.7742,books-oracle2=10
q016,zombie apocalypse survival,Torso,StripeLocal,Lexical,Vector,naive-score,1,1,1,1,0.9999999999999998,0.8301717595472909,0.9,2,0.0011,,63.4462,books-genre-a=10
q016,zombie apocalypse survival,Torso,StripeLocal,Lexical,Vector,interleave,0.7090081386375826,0.5,0.3333333333333333,1,0.6170673540341023,0.5648176586334586,1,2,0.0011,,63.4329,books-genre-a=5 | books-genre-b=5
q016,zombie apocalypse survival,Torso,StripeLocal,Lexical,Vector,quota-merge,0.6997819832496587,0.5,0.3333333333333333,1,0.5852643007329117,0.5547019241168705,1,2,0.0011,,63.423399999999994,books-genre-a=5 | books-genre-b=5
q016,zombie apocalypse survival,Torso,StripeLocal,Lexical,Vector,global-rrf,0.6997819832496587,0.5,0.3333333333333333,1,0.5852643007329117,0.5547019241168705,1,2,0.0011,,63.4409,books-genre-a=5 | books-genre-b=5
q016,zombie apocalypse survival,Torso,StripeLocal,Lexical,Vector,minmax-norm,0.4008176619494063,0.1,0.05263157894736842,0,0.3614441988713819,0.2427356291182203,1,2,0.0011,,63.4655,books-genre-a=1 | books-genre-b=9
q016,zombie apocalypse survival,Torso,StripeLocal,Lexical,Vector,zscore-norm,0.619907377778079,0.4,0.25,1,0.48742679954565843,0.4683184647154996,1,2,0.0011,,63.466499999999996,books-genre-a=4 | books-genre-b=6
q016,zombie apocalypse survival,Torso,StripeLocal,Lexical,Vector,vector-similarity,1,1,1,1,0.9999999999999998,0.8301717595472909,0.9,2,0.0011,,63.437099999999994,books-genre-a=10
q017,time travel paradox,Torso,StripeLocal,Lexical,Vector,single-index,1,1,1,1,1,0.6627218810413394,1,1,0.000583333,,74.7294,books-oracle2=10
q017,time travel paradox,Torso,StripeLocal,Lexical,Vector,naive-score,1,1,1,1,0.9999999999999998,0.6627218810413394,1,2,0.0011,,63.6104,books-genre-a=7 | books-genre-b=3
q017,time travel paradox,Torso,StripeLocal,Lexical,Vector,interleave,0.9813701374962597,0.8,0.6666666666666666,0.8222222222222222,0.8665446978615909,0.647534710279887,1,2,0.0011,,63.613,books-genre-a=5 | books-genre-b=5
q017,time travel paradox,Torso,StripeLocal,Lexical,Vector,quota-merge,0.9797625837018127,0.8,0.6666666666666666,0.7333333333333333,0.8347416445604006,0.6448726777096194,1,2,0.0011,,63.5811,books-genre-a=5 | books-genre-b=5
q017,time travel paradox,Torso,StripeLocal,Lexical,Vector,global-rrf,0.9797625837018127,0.8,0.6666666666666666,0.7333333333333333,0.8347416445604006,0.6448726777096194,1,2,0.0011,,63.599199999999996,books-genre-a=5 | books-genre-b=5
q017,time travel paradox,Torso,StripeLocal,Lexical,Vector,minmax-norm,0.9732089924096303,0.8,0.6666666666666666,0.6444444444444445,0.7781774184266051,0.650036561333256,1,2,0.0011,,63.626799999999996,books-genre-a=5 | books-genre-b=5
q017,time travel paradox,Torso,StripeLocal,Lexical,Vector,zscore-norm,0.9727393614624151,0.8,0.6666666666666666,0.6,0.7708339351236196,0.6491452792456508,1,2,0.0011,,63.6232,books-genre-a=5 | books-genre-b=5
q017,time travel paradox,Torso,StripeLocal,Lexical,Vector,vector-similarity,1,1,1,1,0.9999999999999998,0.6627218810413394,1,2,0.0011,,63.5937,books-genre-a=7 | books-genre-b=3
q018,a girl who discovers she is the last of a magical bloodline,Tail,StripeLocal,Conceptual,Vector,single-index,1,1,1,1,1,0.40851716096154483,1,1,0.000316667,,73.701,books-oracle2=10
q018,a girl who discovers she is the last of a magical bloodline,Tail,StripeLocal,Conceptual,Vector,naive-score,0.9103914319844957,0.8,0.6666666666666666,1,0.8966860480926722,0.3612460788849587,1,2,0.0011,,63.2276,books-genre-a=9 | books-genre-b=1
q018,a girl who discovers she is the last of a magical bloodline,Tail,StripeLocal,Conceptual,Vector,interleave,0.7545852581382079,0.5,0.3333333333333333,0.4,0.6523241325806711,0.36182345115236464,1,2,0.0011,,63.2151,books-genre-a=5 | books-genre-b=5
q018,a girl who discovers she is the last of a magical bloodline,Tail,StripeLocal,Conceptual,Vector,quota-merge,0.7288470926128287,0.5,0.3333333333333333,0.4,0.5833797404943806,0.361060820600387,1,2,0.0011,,63.2061,books-genre-a=5 | books-genre-b=5
q018,a girl who discovers she is the last of a magical bloodline,Tail,StripeLocal,Conceptual,Vector,global-rrf,0.7288470926128287,0.5,0.3333333333333333,0.4,0.5833797404943806,0.361060820600387,1,2,0.0011,,63.2215,books-genre-a=5 | books-genre-b=5
q018,a girl who discovers she is the last of a magical bloodline,Tail,StripeLocal,Conceptual,Vector,minmax-norm,0.7856097941773805,0.6,0.42857142857142855,0.6,0.6449973360056915,0.3011947456922658,1,2,0.0011,,63.2465,books-genre-a=6 | books-genre-b=4
q018,a girl who discovers she is the last of a magical bloodline,Tail,StripeLocal,Conceptual,Vector,zscore-norm,0.6876223993270214,0.6,0.42857142857142855,0.4666666666666667,0.4632841825920602,0.2961673293031612,1,2,0.0011,,63.2461,books-genre-a=6 | books-genre-b=4
q018,a girl who discovers she is the last of a magical bloodline,Tail,StripeLocal,Conceptual,Vector,vector-similarity,0.9103914319844957,0.8,0.6666666666666666,1,0.8966860480926722,0.3612460788849587,1,2,0.0011,,63.218,books-genre-a=9 | books-genre-b=1
q019,dystopian society divided into rigid factions,Torso,StripeLocal,Conceptual,Vector,single-index,1,1,1,1,1,0.6236860339711708,1,1,0.000583333,,74.1611,books-oracle2=10
q019,dystopian society divided into rigid factions,Torso,StripeLocal,Conceptual,Vector,naive-score,1,1,1,1,0.9999999999999998,0.6236860339711708,1,2,0.0006,,63.2032,books-genre-a=10
q019,dystopian society divided into rigid factions,Torso,StripeLocal,Conceptual,Vector,interleave,0.7553294054554549,0.5,0.3333333333333333,0.4666666666666667,0.6170673540341023,0.49881208607606403,1,2,0.0006,,63.1899,books-genre-a=5 | books-genre-b=5
q019,dystopian society divided into rigid factions,Torso,StripeLocal,Conceptual,Vector,quota-merge,0.7491877525514044,0.5,0.3333333333333333,0.4666666666666667,0.596920623436063,0.4930307872221105,1,2,0.0006,,63.1809,books-genre-a=5 | books-genre-b=5
q019,dystopian society divided into rigid factions,Torso,StripeLocal,Conceptual,Vector,global-rrf,0.7491877525514044,0.5,0.3333333333333333,0.4666666666666667,0.596920623436063,0.4930307872221105,1,2,0.0006,,63.1976,books-genre-a=5 | books-genre-b=5
q019,dystopian society divided into rigid factions,Torso,StripeLocal,Conceptual,Vector,minmax-norm,0.7733507520206774,0.5,0.3333333333333333,0.4666666666666667,0.6803057028557257,0.5171758937362273,1,2,0.0006,,63.2228,books-genre-a=5 | books-genre-b=5
q019,dystopian society divided into rigid factions,Torso,StripeLocal,Conceptual,Vector,zscore-norm,0.6472269509592562,0.5,0.3333333333333333,0.3333333333333333,0.5066249789789234,0.4417694613755377,1,2,0.0006,,63.2446,books-genre-a=5 | books-genre-b=5
q019,dystopian society divided into rigid factions,Torso,StripeLocal,Conceptual,Vector,vector-similarity,1,1,1,1,0.9999999999999998,0.6236860339711708,1,2,0.0006,,63.1948,books-genre-a=10
q020,supernatural creatures hidden among ordinary people,Torso,StripeLocal,Conceptual,Vector,single-index,1,1,1,1,1,0.6488107085987413,1,1,0.000583333,,72.8722,books-oracle2=10
q020,supernatural creatures hidden among ordinary people,Torso,StripeLocal,Conceptual,Vector,naive-score,0.9244611126341428,0.8,0.6666666666666666,1,0.95258091361131,0.6032896365670686,1,2,0.0008500000000000001,,62.1545,books-genre-a=8 | books-genre-b=2
q020,supernatural creatures hidden among ordinary people,Torso,StripeLocal,Conceptual,Vector,interleave,0.8413019938799119,0.6,0.42857142857142855,0.7142857142857143,0.7558872626512778,0.6845983385043973,1,2,0.0008500000000000001,,62.1315,books-genre-a=5 | books-genre-b=5
q020,supernatural creatures hidden among ordinary people,Torso,StripeLocal,Conceptual,Vector,quota-merge,0.8413019938799119,0.6,0.42857142857142855,0.7142857142857143,0.7558872626512778,0.6845983385043973,1,2,0.0008500000000000001,,62.1209,books-genre-a=5 | books-genre-b=5
q020,supernatural creatures hidden among ordinary people,Torso,StripeLocal,Conceptual,Vector,global-rrf,0.8413019938799119,0.6,0.42857142857142855,0.7142857142857143,0.7558872626512778,0.6845983385043973,1,2,0.0008500000000000001,,62.1373,books-genre-a=5 | books-genre-b=5
q020,supernatural creatures hidden among ordinary people,Torso,StripeLocal,Conceptual,Vector,minmax-norm,0.8227916616250924,0.6,0.42857142857142855,0.6190476190476191,0.7034657079967044,0.6627634789326063,1,2,0.0008500000000000001,,62.1622,books-genre-a=5 | books-genre-b=5
q020,supernatural creatures hidden among ordinary people,Torso,StripeLocal,Conceptual,Vector,zscore-norm,0.8289385867155495,0.6,0.42857142857142855,0.9047619047619048,0.7503788092464244,0.6683708191960175,1,2,0.0008500000000000001,,62.1596,books-genre-a=5 | books-genre-b=5
q020,supernatural creatures hidden among ordinary people,Torso,StripeLocal,Conceptual,Vector,vector-similarity,0.9244611126341428,0.8,0.6666666666666666,1,0.95258091361131,0.6032896365670686,1,2,0.0008500000000000001,,62.132400000000004,books-genre-a=8 | books-genre-b=2
q021,Victorian England social class and marriage,Torso,StripeLocal,Mixed,Vector,single-index,1,1,1,1,1,0.3896689350679977,1,1,0.000583333,,74.6444,books-oracle2=10
q021,Victorian England social class and marriage,Torso,StripeLocal,Mixed,Vector,naive-score,1,1,1,1,0.9999999999999998,0.3896689350679977,1,2,0.0008500000000000001,,66.89489999999999,books-genre-b=10
q021,Victorian England social class and marriage,Torso,StripeLocal,Mixed,Vector,interleave,0.6563778451904824,0.5,0.3333333333333333,0.14285714285714285,0.38293264596589754,0.2819566643374739,1,2,0.0008500000000000001,,66.88109999999999,books-genre-a=5 | books-genre-b=5
q021,Victorian England social class and marriage,Torso,StripeLocal,Mixed,Vector,quota-merge,0.6719338942953371,0.5,0.3333333333333333,0.23809523809523808,0.4360431468543149,0.2950345375770361,1,2,0.0008500000000000001,,66.87159999999999,books-genre-a=5 | books-genre-b=5
q021,Victorian England social class and marriage,Torso,StripeLocal,Mixed,Vector,global-rrf,0.6719338942953371,0.5,0.3333333333333333,0.23809523809523808,0.4360431468543149,0.2950345375770361,1,2,0.0008500000000000001,,66.88789999999999,books-genre-a=5 | books-genre-b=5
q021,Victorian England social class and marriage,Torso,StripeLocal,Mixed,Vector,minmax-norm,0.7109685044016347,0.6,0.42857142857142855,0.21428571428571427,0.4372067581742232,0.30179415631941026,1,2,0.0008500000000000001,,66.91189999999999,books-genre-a=4 | books-genre-b=6
q021,Victorian England social class and marriage,Torso,StripeLocal,Mixed,Vector,zscore-norm,0.6643747865951561,0.5,0.3333333333333333,0.14285714285714285,0.4104228598669221,0.282709074410456,1,2,0.0008500000000000001,,66.9118,books-genre-a=5 | books-genre-b=5
q021,Victorian England social class and marriage,Torso,StripeLocal,Mixed,Vector,vector-similarity,1,1,1,1,0.9999999999999998,0.3896689350679977,1,2,0.0008500000000000001,,66.8852,books-genre-b=10
q022,memoir of growing up in poverty,Torso,StripeLocal,Conceptual,Vector,single-index,1,1,1,1,1,0.7722043463452036,1,1,0.000583333,,74.4226,books-oracle2=10
q022,memoir of growing up in poverty,Torso,StripeLocal,Conceptual,Vector,naive-score,1,1,1,1,0.9999999999999998,0.7722043463452036,1,2,0.0011,,64.18050000000001,books-genre-b=10
q022,memoir of growing up in poverty,Torso,StripeLocal,Conceptual,Vector,interleave,0.6731105488782942,0.5,0.3333333333333333,0.14285714285714285,0.38293264596589754,0.3907496556417774,0.9,2,0.0011,,64.1544,books-genre-a=5 | books-genre-b=5
q022,memoir of growing up in poverty,Torso,StripeLocal,Conceptual,Vector,quota-merge,0.7928521758554324,0.5,0.3333333333333333,0.21428571428571427,0.5364666392446605,0.4603747891485137,0.9,2,0.0011,,64.1449,books-genre-a=5 | books-genre-b=5
q022,memoir of growing up in poverty,Torso,StripeLocal,Conceptual,Vector,global-rrf,0.7928521758554324,0.5,0.3333333333333333,0.21428571428571427,0.5364666392446605,0.4603747891485137,0.9,2,0.0011,,64.1614,books-genre-a=5 | books-genre-b=5
q022,memoir of growing up in poverty,Torso,StripeLocal,Conceptual,Vector,minmax-norm,0.735460528628668,0.4,0.25,0.14285714285714285,0.48742679954565843,0.3980525533192599,0.9,2,0.0011,,64.1866,books-genre-a=6 | books-genre-b=4
q022,memoir of growing up in poverty,Torso,StripeLocal,Conceptual,Vector,zscore-norm,0.7959366783393058,0.5,0.3333333333333333,0.21428571428571427,0.5481229619478117,0.46093660345745413,0.9,2,0.0011,,64.1861,books-genre-a=5 | books-genre-b=5
q022,memoir of growing up in poverty,Torso,StripeLocal,Conceptual,Vector,vector-similarity,1,1,1,1,0.9999999999999998,0.7722043463452036,1,2,0.0011,,64.1572,books-genre-b=10
q023,biography of a president,Torso,StripeLocal,Mixed,Vector,single-index,1,1,1,1,1,0.918752830540385,1,1,0.000583333,,101.4624,books-oracle2=10
q023,biography of a president,Torso,StripeLocal,Mixed,Vector,naive-score,1,1,1,1,0.9999999999999998,0.918752830540385,1,2,0.0011,,91.7865,books-genre-b=10
q023,biography of a president,Torso,StripeLocal,Mixed,Vector,interleave,0.5324657695478926,0.5,0.3333333333333333,1,0.38293264596589754,0.39505350047661325,1,2,0.0011,,91.75500000000001,books-genre-a=5 | books-genre-b=5
q023,biography of a president,Torso,StripeLocal,Mixed,Vector,quota-merge,0.6883925842211459,0.5,0.3333333333333333,1,0.5639568531456851,0.48528490178303085,1,2,0.0011,,91.7466,books-genre-a=5 | books-genre-b=5
q023,biography of a president,Torso,StripeLocal,Mixed,Vector,global-rrf,0.6883925842211459,0.5,0.3333333333333333,1,0.5639568531456851,0.48528490178303085,1,2,0.0011,,91.7621,books-genre-a=5 | books-genre-b=5
q023,biography of a president,Torso,StripeLocal,Mixed,Vector,minmax-norm,0.6199587452125477,0.4,0.25,1,0.478049855557113,0.40070359845035025,1,2,0.0011,,91.7864,books-genre-a=6 | books-genre-b=4
q023,biography of a president,Torso,StripeLocal,Mixed,Vector,zscore-norm,0.637489797145111,0.4,0.25,1,0.519504033742379,0.4159611172298396,1,2,0.0011,,91.7846,books-genre-a=6 | books-genre-b=4
q023,biography of a president,Torso,StripeLocal,Mixed,Vector,vector-similarity,1,1,1,1,0.9999999999999998,0.918752830540385,1,2,0.0011,,91.7589,books-genre-b=10
q024,behavioral economics and irrational decision making,Tail,StripeLocal,Mixed,Vector,single-index,1,1,1,1,1,0.8964612840850101,1,1,0.000583333,,73.1237,books-oracle2=10
q024,behavioral economics and irrational decision making,Tail,StripeLocal,Mixed,Vector,naive-score,1,1,1,1,0.9999999999999998,0.8964612840850101,1,2,0.0006,,63.9263,books-genre-b=10
q024,behavioral economics and irrational decision making,Tail,StripeLocal,Mixed,Vector,interleave,0.5324657695478926,0.5,0.3333333333333333,1,0.38293264596589754,0.5278410419316881,1,2,0.0006,,63.8884,books-genre-a=5 | books-genre-b=5
q024,behavioral economics and irrational decision making,Tail,StripeLocal,Mixed,Vector,quota-merge,0.7071528501369595,0.5,0.3333333333333333,1,0.609723870731117,0.6254234620585568,1,2,0.0006,,63.8835,books-genre-a=5 | books-genre-b=5
q024,behavioral economics and irrational decision making,Tail,StripeLocal,Mixed,Vector,global-rrf,0.7071528501369595,0.5,0.3333333333333333,1,0.609723870731117,0.6254234620585568,1,2,0.0006,,63.937,books-genre-a=5 | books-genre-b=5
q024,behavioral economics and irrational decision making,Tail,StripeLocal,Mixed,Vector,minmax-norm,0.726606413443125,0.6,0.42857142857142855,1,0.5614146667262153,0.6625227122658937,1,2,0.0006,,63.950599999999994,books-genre-a=4 | books-genre-b=6
q024,behavioral economics and irrational decision making,Tail,StripeLocal,Mixed,Vector,zscore-norm,0.726606413443125,0.6,0.42857142857142855,1,0.5614146667262153,0.6625227122658937,1,2,0.0006,,64.2954,books-genre-a=4 | books-genre-b=6
q024,behavioral economics and irrational decision making,Tail,StripeLocal,Mixed,Vector,vector-similarity,1,1,1,1,0.9999999999999998,0.8964612840850101,1,2,0.0006,,64.215,books-genre-b=10
q025,habits productivity and personal effectiveness,Torso,StripeLocal,Mixed,Vector,single-index,1,1,1,1,1,0.9061602363963839,1,1,0.000583333,,77.4339,books-oracle2=10
q025,habits productivity and personal effectiveness,Torso,StripeLocal,Mixed,Vector,naive-score,1,1,1,1,0.9999999999999998,0.9061602363963839,1,2,0.0006,,62.368,books-genre-b=10
q025,habits productivity and personal effectiveness,Torso,StripeLocal,Mixed,Vector,interleave,0.5324657695478926,0.5,0.3333333333333333,1,0.38293264596589754,0.46475192726345704,1,2,0.0006,,62.353500000000004,books-genre-a=5 | books-genre-b=5
q025,habits productivity and personal effectiveness,Torso,StripeLocal,Mixed,Vector,quota-merge,0.7040683476530861,0.5,0.3333333333333333,1,0.5980675480279657,0.5532362328637092,1,2,0.0006,,62.3459,books-genre-a=5 | books-genre-b=5
q025,habits productivity and personal effectiveness,Torso,StripeLocal,Mixed,Vector,global-rrf,0.7040683476530861,0.5,0.3333333333333333,1,0.5980675480279657,0.5532362328637092,1,2,0.0006,,62.361700000000006,books-genre-a=5 | books-genre-b=5
q025,habits productivity and personal effectiveness,Torso,StripeLocal,Mixed,Vector,minmax-norm,0.7705387005254104,0.6,0.42857142857142855,1,0.6954332784598753,0.635985736506179,1,2,0.0006,,62.386700000000005,books-genre-a=4 | books-genre-b=6
q025,habits productivity and personal effectiveness,Torso,StripeLocal,Mixed,Vector,zscore-norm,0.5271325402642216,0.4,0.25,1,0.4933332742005201,0.4313814932457293,1,2,0.0006,,62.3932,books-genre-a=6 | books-genre-b=4
q025,habits productivity and personal effectiveness,Torso,StripeLocal,Mixed,Vector,vector-similarity,1,1,1,1,0.9999999999999998,0.9061602363963839,1,2,0.0006,,62.42100000000001,books-genre-b=10
q026,poetry collection about grief,Torso,StripeLocal,Conceptual,Vector,single-index,1,1,1,1,1,0.458398170875221,1,1,0.000583333,,74.1793,books-oracle2=10
q026,poetry collection about grief,Torso,StripeLocal,Conceptual,Vector,naive-score,1,1,1,1,0.9999999999999998,0.458398170875221,1,2,0.0006,,65.09859999999999,books-genre-b=10
q026,poetry collection about grief,Torso,StripeLocal,Conceptual,Vector,interleave,0.6588386781451933,0.5,0.3333333333333333,0.14285714285714285,0.38293264596589754,0.30019331047031195,1,2,0.0006,,65.08609999999999,books-genre-a=5 | books-genre-b=5
q026,poetry collection about grief,Torso,StripeLocal,Conceptual,Vector,quota-merge,0.7879230260376098,0.5,0.3333333333333333,0.3333333333333333,0.5852643007329117,0.33800495179452106,1,2,0.0006,,65.0758,books-genre-a=5 | books-genre-b=5
q026,poetry collection about grief,Torso,StripeLocal,Conceptual,Vector,global-rrf,0.7879230260376098,0.5,0.3333333333333333,0.3333333333333333,0.5852643007329117,0.33800495179452106,1,2,0.0006,,65.0944,books-genre-a=5 | books-genre-b=5
q026,poetry collection about grief,Torso,StripeLocal,Conceptual,Vector,minmax-norm,0.8578926391141404,0.6,0.42857142857142855,0.5714285714285714,0.7221996491115561,0.37376823323490044,1,2,0.0006,,65.11999999999999,books-genre-a=4 | books-genre-b=6
q026,poetry collection about grief,Torso,StripeLocal,Conceptual,Vector,zscore-norm,0.6805443204949703,0.5,0.3333333333333333,0.3333333333333333,0.46333577089552574,0.30019331047031195,1,2,0.0006,,65.11949999999999,books-genre-a=5 | books-genre-b=5
q026,poetry collection about grief,Torso,StripeLocal,Conceptual,Vector,vector-similarity,1,1,1,1,0.9999999999999998,0.458398170875221,1,2,0.0006,,65.08919999999999,books-genre-b=10
q027,existentialist philosophy and the meaning of life,Torso,StripeLocal,Mixed,Vector,single-index,1,1,1,1,1,0.8298568499066524,1,1,0.000583333,,72.8015,books-oracle2=10
q027,existentialist philosophy and the meaning of life,Torso,StripeLocal,Mixed,Vector,naive-score,1,1,1,1,0.9999999999999998,0.8298568499066524,1,2,0.0011,,62.880399999999995,books-genre-b=10
q027,existentialist philosophy and the meaning of life,Torso,StripeLocal,Mixed,Vector,interleave,0.7038989235463231,0.5,0.3333333333333333,0.14285714285714285,0.38293264596589754,0.5754286481552614,1,2,0.0011,,62.9482,books-genre-a=5 | books-genre-b=5
q027,existentialist philosophy and the meaning of life,Torso,StripeLocal,Mixed,Vector,quota-merge,0.834388778807645,0.5,0.3333333333333333,0.35714285714285715,0.609723870731117,0.6495784357927247,1,2,0.0011,,62.8572,books-genre-a=5 | books-genre-b=5
q027,existentialist philosophy and the meaning of life,Torso,StripeLocal,Mixed,Vector,global-rrf,0.834388778807645,0.5,0.3333333333333333,0.35714285714285715,0.609723870731117,0.6495784357927247,1,2,0.0011,,62.901599999999995,books-genre-a=5 | books-genre-b=5
q027,existentialist philosophy and the meaning of life,Torso,StripeLocal,Mixed,Vector,minmax-norm,0.7668123405914274,0.4,0.25,0.14285714285714285,0.5141931701973391,0.6202773500141565,1,2,0.0011,,62.8993,books-genre-a=6 | books-genre-b=4
q027,existentialist philosophy and the meaning of life,Torso,StripeLocal,Mixed,Vector,zscore-norm,0.780702437529907,0.4,0.25,0.42857142857142855,0.5774315190189624,0.6401132661542326,1,2,0.0011,,62.8974,books-genre-a=6 | books-genre-b=4
q027,existentialist philosophy and the meaning of life,Torso,StripeLocal,Mixed,Vector,vector-similarity,1,1,1,1,0.9999999999999998,0.8298568499066524,1,2,0.0011,,62.869299999999996,books-genre-b=10
q028,evolutionary biology explained for general readers,Torso,StripeLocal,Conceptual,Vector,single-index,1,1,1,1,1,0.9324303156581432,1,1,0.000583333,,73.549,books-oracle2=10
q028,evolutionary biology explained for general readers,Torso,StripeLocal,Conceptual,Vector,naive-score,1,1,1,1,0.9999999999999998,0.9324303156581432,1,2,0.0011,,62.9591,books-genre-b=10
q028,evolutionary biology explained for general readers,Torso,StripeLocal,Conceptual,Vector,interleave,0.6987660918112069,0.5,0.3333333333333333,0.14285714285714285,0.38293264596589754,0.5299152427287418,1,2,0.0011,,62.9478,books-genre-a=5 | books-genre-b=5
q028,evolutionary biology explained for general readers,Torso,StripeLocal,Conceptual,Vector,quota-merge,0.713718984839559,0.5,0.3333333333333333,0.21428571428571427,0.4360431468543149,0.5493198516966035,1,2,0.0011,,62.937799999999996,books-genre-a=5 | books-genre-b=5
q028,evolutionary biology explained for general readers,Torso,StripeLocal,Conceptual,Vector,global-rrf,0.713718984839559,0.5,0.3333333333333333,0.21428571428571427,0.4360431468543149,0.5493198516966035,1,2,0.0011,,62.9544,books-genre-a=5 | books-genre-b=5
q028,evolutionary biology explained for general readers,Torso,StripeLocal,Conceptual,Vector,minmax-norm,0.8346556735818865,0.8,0.6666666666666666,0.6,0.6252640963502146,0.7322600539980584,1,2,0.0011,,62.980399999999996,books-genre-a=2 | books-genre-b=8
q028,evolutionary biology explained for general readers,Torso,StripeLocal,Conceptual,Vector,zscore-norm,0.7949913227193142,0.7,0.5384615384615384,0.3333333333333333,0.4772648336043074,0.6505824869924004,1,2,0.0011,,62.998599999999996,books-genre-a=3 | books-genre-b=7
q028,evolutionary biology explained for general readers,Torso,StripeLocal,Conceptual,Vector,vector-similarity,1,1,1,1,0.9999999999999998,0.9324303156581432,1,2,0.0011,,62.954,books-genre-b=10
q029,the history of the Roman empire,Torso,StripeLocal,Lexical,Vector,single-index,1,1,1,1,1,0.9672309121509223,1,1,0.000316667,,74.0649,books-oracle2=10
q029,the history of the Roman empire,Torso,StripeLocal,Lexical,Vector,naive-score,1,1,1,1,0.9999999999999998,0.9672309121509223,1,2,0.0006,,62.608599999999996,books-genre-b=10
q029,the history of the Roman empire,Torso,StripeLocal,Lexical,Vector,interleave,0.5324657695478926,0.5,0.3333333333333333,1,0.38293264596589754,0.6251544405046949,1,2,0.0006,,62.604299999999995,books-genre-a=5 | books-genre-b=5
q029,the history of the Roman empire,Torso,StripeLocal,Lexical,Vector,quota-merge,0.5324657695478926,0.5,0.3333333333333333,1,0.38293264596589754,0.6251544405046949,1,2,0.0006,,62.6209,books-genre-a=5 | books-genre-b=5
q029,the history of the Roman empire,Torso,StripeLocal,Lexical,Vector,global-rrf,0.5324657695478926,0.5,0.3333333333333333,1,0.38293264596589754,0.6251544405046949,1,2,0.0006,,62.6211,books-genre-a=5 | books-genre-b=5
q029,the history of the Roman empire,Torso,StripeLocal,Lexical,Vector,minmax-norm,0.4221052056004462,0.3,0.17647058823529413,1,0.3265317953082898,0.6372809643118036,1,2,0.0006,,62.6306,books-genre-a=7 | books-genre-b=3
q029,the history of the Roman empire,Torso,StripeLocal,Lexical,Vector,zscore-norm,0.6310167416463153,0.4,0.25,1,0.5139955803375255,0.8359941791364874,1,2,0.0006,,62.6278,books-genre-a=6 | books-genre-b=4
q029,the history of the Roman empire,Torso,StripeLocal,Lexical,Vector,vector-similarity,1,1,1,1,0.9999999999999998,0.9672309121509223,1,2,0.0006,,62.599199999999996,books-genre-b=10
q030,a novel narrated by an unreliable narrator in a decaying southern town,Tail,StripeLocal,Conceptual,Vector,single-index,1,1,1,1,1,0.3066720825848718,1,1,0.000583333,,73.3635,books-oracle2=10
q030,a novel narrated by an unreliable narrator in a decaying southern town,Tail,StripeLocal,Conceptual,Vector,naive-score,1,1,1,1,0.9999999999999998,0.3066720825848718,1,2,0.0006,,62.5083,books-genre-a=4 | books-genre-b=6
q030,a novel narrated by an unreliable narrator in a decaying southern town,Tail,StripeLocal,Conceptual,Vector,interleave,0.9914738430195427,0.9,0.8181818181818182,0.8666666666666667,0.897471267648114,0.28409844951503,1,2,0.0006,,62.494,books-genre-a=5 | books-genre-b=5
q030,a novel narrated by an unreliable narrator in a decaying southern town,Tail,StripeLocal,Conceptual,Vector,quota-merge,0.9915797692248982,0.9,0.8181818181818182,0.9111111111111111,0.9048147509510993,0.28409844951503,1,2,0.0006,,62.4847,books-genre-a=5 | books-genre-b=5
q030,a novel narrated by an unreliable narrator in a decaying southern town,Tail,StripeLocal,Conceptual,Vector,global-rrf,0.9915797692248982,0.9,0.8181818181818182,0.9111111111111111,0.9048147509510993,0.28409844951503,1,2,0.0006,,62.501999999999995,books-genre-a=5 | books-genre-b=5
q030,a novel narrated by an unreliable narrator in a decaying southern town,Tail,StripeLocal,Conceptual,Vector,minmax-norm,0.9738703947851246,0.9,0.8181818181818182,0.6888888888888889,0.7840573648705521,0.3009678062254267,1,2,0.0006,,62.529799999999994,books-genre-a=3 | books-genre-b=7
q030,a novel narrated by an unreliable narrator in a decaying southern town,Tail,StripeLocal,Conceptual,Vector,zscore-norm,0.9864811086210921,1,1,0.7333333333333333,0.8418534773557268,0.3009678062254267,1,2,0.0006,,62.529799999999994,books-genre-a=4 | books-genre-b=6
q030,a novel narrated by an unreliable narrator in a decaying southern town,Tail,StripeLocal,Conceptual,Vector,vector-similarity,1,1,1,1,0.9999999999999998,0.3066720825848718,1,2,0.0006,,62.49829999999999,books-genre-a=4 | books-genre-b=6
q031,Regency romance with a reluctant duke,Tail,StripeLocal,Mixed,Vector,single-index,1,1,1,1,1,0.5732430713559219,1,1,0.000583333,,73.5077,books-oracle2=10
q031,Regency romance with a reluctant duke,Tail,StripeLocal,Mixed,Vector,naive-score,1,1,1,1,0.9999999999999998,0.5732430713559219,1,2,0.0011,,62.5674,books-genre-b=10
q031,Regency romance with a reluctant duke,Tail,StripeLocal,Mixed,Vector,interleave,0.6544706880561432,0.5,0.3333333333333333,0.14285714285714285,0.38293264596589754,0.3459204228305733,1,2,0.0011,,62.55329999999999,books-genre-a=5 | books-genre-b=5
q031,Regency romance with a reluctant duke,Tail,StripeLocal,Mixed,Vector,quota-merge,0.673194595771846,0.5,0.3333333333333333,0.23809523809523808,0.44453355474920275,0.37633210256274763,1,2,0.0011,,62.5449,books-genre-a=5 | books-genre-b=5
q031,Regency romance with a reluctant duke,Tail,StripeLocal,Mixed,Vector,global-rrf,0.673194595771846,0.5,0.3333333333333333,0.23809523809523808,0.44453355474920275,0.37633210256274763,1,2,0.0011,,62.56079999999999,books-genre-a=5 | books-genre-b=5
q031,Regency romance with a reluctant duke,Tail,StripeLocal,Mixed,Vector,minmax-norm,0.6151553800915324,0.4,0.25,0.2,0.3941492005984844,0.35528665078175964,1,2,0.0011,,62.5845,books-genre-a=6 | books-genre-b=4
q031,Regency romance with a reluctant duke,Tail,StripeLocal,Mixed,Vector,zscore-norm,0.7312302890323394,0.4,0.25,0.3333333333333333,0.5476831938772472,0.420554153041762,1,2,0.0011,,62.5839,books-genre-a=6 | books-genre-b=4
q031,Regency romance with a reluctant duke,Tail,StripeLocal,Mixed,Vector,vector-similarity,1,1,1,1,0.9999999999999998,0.5732430713559219,1,2,0.0011,,62.556799999999996,books-genre-b=10
q032,cookbook,Head,StripeLocal,Lexical,Vector,single-index,1,1,1,1,1,1,1,1,0.000583333,,73.4751,books-oracle2=10
q032,cookbook,Head,StripeLocal,Lexical,Vector,naive-score,1,1,1,1,0.9999999999999998,1,1,2,0.0011,,68.0273,books-genre-a=1 | books-genre-b=9
q032,cookbook,Head,StripeLocal,Lexical,Vector,interleave,0.9408902579012112,0.6,0.42857142857142855,0.5555555555555556,0.7443768448372792,1,1,2,0.0011,,68.0105,books-genre-a=5 | books-genre-b=5
q032,cookbook,Head,StripeLocal,Lexical,Vector,quota-merge,0.8969684707927587,0.6,0.42857142857142855,0.6888888888888889,0.6714435663479584,1,1,2,0.0011,,68.0016,books-genre-a=5 | books-genre-b=5
q032,cookbook,Head,StripeLocal,Lexical,Vector,global-rrf,0.8969684707927587,0.6,0.42857142857142855,0.6888888888888889,0.6714435663479584,1,1,2,0.0011,,68.01989999999999,books-genre-a=5 | books-genre-b=5
q032,cookbook,Head,StripeLocal,Lexical,Vector,minmax-norm,0.9303515634553905,0.8,0.6666666666666666,0.6888888888888889,0.7358085715109238,1,1,2,0.0011,,68.0445,books-genre-a=3 | books-genre-b=7
q032,cookbook,Head,StripeLocal,Lexical,Vector,zscore-norm,0.9605100684947064,0.7,0.5384615384615384,0.6,0.7858477097505511,1,1,2,0.0011,,68.04339999999999,books-genre-a=4 | books-genre-b=6
q032,cookbook,Head,StripeLocal,Lexical,Vector,vector-similarity,1,1,1,1,0.9999999999999998,1,1,2,0.0011,,68.0152,books-genre-a=1 | books-genre-b=9
q033,travel writing about walking across a country,Tail,StripeLocal,Conceptual,Vector,single-index,1,1,1,1,1,0.6779785406384933,1,1,0.000583333,,74.2937,books-oracle2=10
q033,travel writing about walking across a country,Tail,StripeLocal,Conceptual,Vector,naive-score,1,1,1,1,0.9999999999999998,0.6779785406384933,1,2,0.0011,,62.7823,books-genre-b=10
q033,travel writing about walking across a country,Tail,StripeLocal,Conceptual,Vector,interleave,0.686755048647702,0.5,0.3333333333333333,0.14285714285714285,0.38293264596589754,0.3908393572645859,1,2,0.0011,,62.769400000000005,books-genre-a=5 | books-genre-b=5
q033,travel writing about walking across a country,Tail,StripeLocal,Conceptual,Vector,quota-merge,0.7055932302306696,0.5,0.3333333333333333,0.2857142857142857,0.4561898774523541,0.40104260252381246,1,2,0.0011,,62.759800000000006,books-genre-a=5 | books-genre-b=5
q033,travel writing about walking across a country,Tail,StripeLocal,Conceptual,Vector,global-rrf,0.7055932302306696,0.5,0.3333333333333333,0.2857142857142857,0.4561898774523541,0.40104260252381246,1,2,0.0011,,62.7762,books-genre-a=5 | books-genre-b=5
q033,travel writing about walking across a country,Tail,StripeLocal,Conceptual,Vector,minmax-norm,0.548030538933326,0.3,0.17647058823529413,0.06666666666666667,0.2363294859751721,0.35355192215174014,1,2,0.0011,,62.8006,books-genre-a=7 | books-genre-b=3
q033,travel writing about walking across a country,Tail,StripeLocal,Conceptual,Vector,zscore-norm,0.6928773562358647,0.3,0.17647058823529413,0.3333333333333333,0.47210163408169487,0.5129140350992407,1,2,0.0011,,62.9022,books-genre-a=7 | books-genre-b=3
q033,travel writing about walking across a country,Tail,StripeLocal,Conceptual,Vector,vector-similarity,1,1,1,1,0.9999999999999998,0.6779785406384933,1,2,0.0011,,62.7744,books-genre-b=10
q034,startup founder building a company from nothing,Torso,StripeLocal,Conceptual,Vector,single-index,1,1,1,1,1,0.9636452638863133,1,1,0.000583333,,75.6656,books-oracle2=10
q034,startup founder building a company from nothing,Torso,StripeLocal,Conceptual,Vector,naive-score,1,1,1,1,0.9999999999999998,0.9636452638863133,1,2,0.0011,,62.8045,books-genre-b=10
q034,startup founder building a company from nothing,Torso,StripeLocal,Conceptual,Vector,interleave,0.5324657695478926,0.5,0.3333333333333333,1,0.38293264596589754,0.47130248810728104,1,2,0.0011,,62.7908,books-genre-a=5 | books-genre-b=5
q034,startup founder building a company from nothing,Torso,StripeLocal,Conceptual,Vector,quota-merge,0.6896217982043962,0.5,0.3333333333333333,1,0.5682696925458511,0.5626475450483948,1,2,0.0011,,62.7813,books-genre-a=5 | books-genre-b=5
q034,startup founder building a company from nothing,Torso,StripeLocal,Conceptual,Vector,global-rrf,0.6896217982043962,0.5,0.3333333333333333,1,0.5682696925458511,0.5626475450483948,1,2,0.0011,,62.7984,books-genre-a=5 | books-genre-b=5
q034,startup founder building a company from nothing,Torso,StripeLocal,Conceptual,Vector,minmax-norm,0.6896217982043962,0.5,0.3333333333333333,1,0.5682696925458511,0.5626475450483948,1,2,0.0011,,62.8212,books-genre-a=5 | books-genre-b=5
q034,startup founder building a company from nothing,Torso,StripeLocal,Conceptual,Vector,zscore-norm,0.7090081386375826,0.5,0.3333333333333333,1,0.6170673540341023,0.5783588535433944,1,2,0.0011,,62.8945,books-genre-a=5 | books-genre-b=5
q034,startup founder building a company from nothing,Torso,StripeLocal,Conceptual,Vector,vector-similarity,1,1,1,1,0.9999999999999998,0.9636452638863133,1,2,0.0011,,62.795700000000004,books-genre-b=10
q035,a marriage falling apart told from both perspectives,Tail,StripeLocal,Conceptual,Vector,single-index,1,1,1,1,1,0.16236798063587166,1,1,0.000316667,,72.3124,books-oracle2=10
q035,a marriage falling apart told from both perspectives,Tail,StripeLocal,Conceptual,Vector,naive-score,1,1,1,1,0.9999999999999998,0.16236798063587166,1,2,0.0006,,62.4863,books-genre-b=10
q035,a marriage falling apart told from both perspectives,Tail,StripeLocal,Conceptual,Vector,interleave,0.744961133384929,0.5,0.3333333333333333,0.2222222222222222,0.38293264596589754,0.18564634256191173,1,2,0.0006,,62.4734,books-genre-a=5 | books-genre-b=5
q035,a marriage falling apart told from both perspectives,Tail,StripeLocal,Conceptual,Vector,quota-merge,0.7580143774767806,0.5,0.3333333333333333,0.3333333333333333,0.4360431468543149,0.18251723722732427,1,2,0.0006,,62.4638,books-genre-a=5 | books-genre-b=5
q035,a marriage falling apart told from both perspectives,Tail,StripeLocal,Conceptual,Vector,global-rrf,0.7580143774767806,0.5,0.3333333333333333,0.3333333333333333,0.4360431468543149,0.18251723722732427,1,2,0.0006,,62.4822,books-genre-a=5 | books-genre-b=5
q035,a marriage falling apart told from both perspectives,Tail,StripeLocal,Conceptual,Vector,minmax-norm,0.8106280919410022,0.6,0.42857142857142855,0.4222222222222222,0.5066425066345438,0.18251723722732427,1,2,0.0006,,62.5079,books-genre-a=4 | books-genre-b=6
q035,a marriage falling apart told from both perspectives,Tail,StripeLocal,Conceptual,Vector,zscore-norm,0.7780207879985822,0.6,0.42857142857142855,0.1111111111111111,0.353132732520717,0.18762444879438445,1,2,0.0006,,62.588699999999996,books-genre-a=4 | books-genre-b=6
q035,a marriage falling apart told from both perspectives,Tail,StripeLocal,Conceptual,Vector,vector-similarity,1,1,1,1,0.9999999999999998,0.16236798063587166,1,2,0.0006,,62.479299999999995,books-genre-b=10
q036,essays on race in America,Torso,StripeLocal,Mixed,Vector,single-index,1,1,1,1,1,0.8389874946397199,1,1,0.000583333,,73.9066,books-oracle2=10
q036,essays on race in America,Torso,StripeLocal,Mixed,Vector,naive-score,1,1,1,1,0.9999999999999998,0.8389874946397199,1,2,0.0006,,63.739599999999996,books-genre-b=10
q036,essays on race in America,Torso,StripeLocal,Mixed,Vector,interleave,0.6187771550795901,0.5,0.3333333333333333,0.3333333333333333,0.38293264596589754,0.48207572815876226,1,2,0.0006,,63.730199999999996,books-genre-a=5 | books-genre-b=5
q036,essays on race in America,Torso,StripeLocal,Mixed,Vector,quota-merge,0.758524768857011,0.5,0.3333333333333333,0.4666666666666667,0.5980675480279657,0.587944155713815,1,2,0.0006,,63.7247,books-genre-a=5 | books-genre-b=5
q036,essays on race in America,Torso,StripeLocal,Mixed,Vector,global-rrf,0.758524768857011,0.5,0.3333333333333333,0.4666666666666667,0.5980675480279657,0.587944155713815,1,2,0.0006,,63.739,books-genre-a=5 | books-genre-b=5
q036,essays on race in America,Torso,StripeLocal,Mixed,Vector,minmax-norm,0.8197049898621394,0.6,0.42857142857142855,0.5238095238095238,0.6752865478618361,0.6628136711570533,1,2,0.0006,,63.761399999999995,books-genre-a=4 | books-genre-b=6
q036,essays on race in America,Torso,StripeLocal,Mixed,Vector,zscore-norm,0.6473896509007006,0.5,0.3333333333333333,0.3333333333333333,0.4635333607553394,0.5022518776429161,1,2,0.0006,,63.7589,books-genre-a=5 | books-genre-b=5
q036,essays on race in America,Torso,StripeLocal,Mixed,Vector,vector-similarity,1,1,1,1,0.9999999999999998,0.8389874946397199,1,2,0.0006,,63.732099999999996,books-genre-b=10
q037,spiritual awakening and mindfulness practice,Torso,StripeLocal,Conceptual,Vector,single-index,1,1,1,1,1,0.9621404437403491,1,1,0.000583333,,72.9312,books-oracle2=10
q037,spiritual awakening and mindfulness practice,Torso,StripeLocal,Conceptual,Vector,naive-score,1,1,1,1,0.9999999999999998,0.9621404437403491,1,2,0.0011,,64.0005,books-genre-b=10
q037,spiritual awakening and mindfulness practice,Torso,StripeLocal,Conceptual,Vector,interleave,0.5324657695478926,0.5,0.3333333333333333,1,0.38293264596589754,0.44510108735750964,1,2,0.0011,,63.9822,books-genre-a=5 | books-genre-b=5
q037,spiritual awakening and mindfulness practice,Torso,StripeLocal,Conceptual,Vector,quota-merge,0.535550272031766,0.5,0.3333333333333333,1,0.39458896866904886,0.44903378752009243,1,2,0.0011,,63.972699999999996,books-genre-a=5 | books-genre-b=5
q037,spiritual awakening and mindfulness practice,Torso,StripeLocal,Conceptual,Vector,global-rrf,0.535550272031766,0.5,0.3333333333333333,1,0.39458896866904886,0.44903378752009243,1,2,0.0011,,63.990899999999996,books-genre-a=5 | books-genre-b=5
q037,spiritual awakening and mindfulness practice,Torso,StripeLocal,Conceptual,Vector,minmax-norm,0.4980992587041927,0.4,0.25,1,0.3941492005984844,0.38852647257634376,1,2,0.0011,,64.017,books-genre-a=6 | books-genre-b=4
q037,spiritual awakening and mindfulness practice,Torso,StripeLocal,Conceptual,Vector,zscore-norm,0.7341217330861204,0.5,0.3333333333333333,1,0.6586674371085209,0.5743371894486217,1,2,0.0011,,64.0897,books-genre-a=5 | books-genre-b=5
q037,spiritual awakening and mindfulness practice,Torso,StripeLocal,Conceptual,Vector,vector-similarity,1,1,1,1,0.9999999999999998,0.9621404437403491,1,2,0.0011,,63.9896,books-genre-b=10
q038,immigrant family adjusting to a new country,Torso,StripeLocal,Conceptual,Vector,single-index,1,1,1,1,1,0.9041327879405042,1,1,0.000583333,,72.951,books-oracle2=10
q038,immigrant family adjusting to a new country,Torso,StripeLocal,Conceptual,Vector,naive-score,0.9650645928231532,0.9,0.8181818181818182,1,0.9867082952215966,0.8836981896647146,1,2,0.0011,,63.4543,books-genre-a=2 | books-genre-b=8
q038,immigrant family adjusting to a new country,Torso,StripeLocal,Conceptual,Vector,interleave,0.8487439471885139,0.7,0.5384615384615384,0.37777777777777777,0.4656085109011561,0.9202182025407148,1,2,0.0011,,63.4412,books-genre-a=5 | books-genre-b=5
q038,immigrant family adjusting to a new country,Torso,StripeLocal,Conceptual,Vector,quota-merge,0.8521944046033267,0.7,0.5384615384615384,0.4666666666666667,0.49309872480218064,0.921723022686679,1,2,0.0011,,63.432,books-genre-a=5 | books-genre-b=5
q038,immigrant family adjusting to a new country,Torso,StripeLocal,Conceptual,Vector,global-rrf,0.8521944046033267,0.7,0.5384615384615384,0.4666666666666667,0.49309872480218064,0.921723022686679,1,2,0.0011,,63.448800000000006,books-genre-a=5 | books-genre-b=5
q038,immigrant family adjusting to a new country,Torso,StripeLocal,Conceptual,Vector,minmax-norm,0.863244683415847,0.7,0.5384615384615384,0.4666666666666667,0.5460116358307842,0.918402774836493,1,2,0.0011,,63.4763,books-genre-a=5 | books-genre-b=5
q038,immigrant family adjusting to a new country,Torso,StripeLocal,Conceptual,Vector,zscore-norm,0.9539474699366266,0.7,0.5384615384615384,0.5111111111111111,0.6995456291095473,0.918402774836493,1,2,0.0011,,63.475500000000004,books-genre-a=5 | books-genre-b=5
q038,immigrant family adjusting to a new country,Torso,StripeLocal,Conceptual,Vector,vector-similarity,0.9650645928231532,0.9,0.8181818181818182,1,0.9867082952215966,0.8836981896647146,1,2,0.0011,,63.4459,books-genre-a=2 | books-genre-b=8
q039,art history and the Renaissance painters,Torso,StripeLocal,Mixed,Vector,single-index,1,1,1,1,1,0.7535335429380635,1,1,0.000316667,,72.1816,books-oracle2=10
q039,art history and the Renaissance painters,Torso,StripeLocal,Mixed,Vector,naive-score,1,1,1,1,0.9999999999999998,0.7535335429380635,1,2,0.0006,,62.180699999999995,books-genre-b=10
q039,art history and the Renaissance painters,Torso,StripeLocal,Mixed,Vector,interleave,0.6672618975290422,0.5,0.3333333333333333,0.14285714285714285,0.38293264596589754,0.43746657451119353,1,2,0.0006,,62.1733,books-genre-a=5 | books-genre-b=5
q039,art history and the Renaissance painters,Torso,StripeLocal,Mixed,Vector,quota-merge,0.6887601546292943,0.5,0.3333333333333333,0.2857142857142857,0.4635333607553394,0.4615737520209853,1,2,0.0006,,62.142799999999994,books-genre-a=5 | books-genre-b=5
q039,art history and the Renaissance painters,Torso,StripeLocal,Mixed,Vector,global-rrf,0.6887601546292943,0.5,0.3333333333333333,0.2857142857142857,0.4635333607553394,0.4615737520209853,1,2,0.0006,,62.163999999999994,books-genre-a=5 | books-genre-b=5
q039,art history and the Renaissance painters,Torso,StripeLocal,Mixed,Vector,minmax-norm,0.7174192205026434,0.6,0.42857142857142855,0.16666666666666666,0.4244035108791692,0.4575483311849481,1,2,0.0006,,62.1924,books-genre-a=4 | books-genre-b=6
q039,art history and the Renaissance painters,Torso,StripeLocal,Mixed,Vector,zscore-norm,0.5963406440769854,0.5,0.3333333333333333,-0.07142857142857142,0.256062923233285,0.40766410291694827,1,2,0.0006,,62.1868,books-genre-a=5 | books-genre-b=5
q039,art history and the Renaissance painters,Torso,StripeLocal,Mixed,Vector,vector-similarity,1,1,1,1,0.9999999999999998,0.7535335429380635,1,2,0.0006,,62.1545,books-genre-b=10
q040,investing personal finance wealth,Torso,StripeLocal,Lexical,Vector,single-index,1,1,1,1,1,0.9173414328953917,1,1,0.000583333,,72.3227,books-oracle2=10
q040,investing personal finance wealth,Torso,StripeLocal,Lexical,Vector,naive-score,1,1,1,1,0.9999999999999998,0.9173414328953917,1,2,0.0006,,63.203,books-genre-b=10
q040,investing personal finance wealth,Torso,StripeLocal,Lexical,Vector,interleave,0.5324657695478926,0.5,0.3333333333333333,1,0.38293264596589754,0.5138918002922425,1,2,0.0006,,63.1886,books-genre-a=5 | books-genre-b=5
q040,investing personal finance wealth,Torso,StripeLocal,Lexical,Vector,quota-merge,0.5435472134364396,0.5,0.3333333333333333,1,0.42207918257007343,0.525863029527725,1,2,0.0006,,63.179300000000005,books-genre-a=5 | books-genre-b=5
q040,investing personal finance wealth,Torso,StripeLocal,Lexical,Vector,global-rrf,0.5435472134364396,0.5,0.3333333333333333,1,0.42207918257007343,0.525863029527725,1,2,0.0006,,63.1969,books-genre-a=5 | books-genre-b=5
q040,investing personal finance wealth,Torso,StripeLocal,Lexical,Vector,minmax-norm,0.6361656207707201,0.7,0.5384615384615384,1,0.48644418773303905,0.6205605535491192,1,2,0.0006,,63.221000000000004,books-genre-a=3 | books-genre-b=7
q040,investing personal finance wealth,Torso,StripeLocal,Lexical,Vector,zscore-norm,0.5435472134364396,0.5,0.3333333333333333,1,0.42207918257007343,0.525863029527725,1,2,0.0006,,63.2207,books-genre-a=5 | books-genre-b=5
q040,investing personal finance wealth,Torso,StripeLocal,Lexical,Vector,vector-similarity,1,1,1,1,0.9999999999999998,0.9173414328953917,1,2,0.0006,,63.1918,books-genre-b=10
q041,love,Head,CrossStripe,Lexical,Vector,single-index,1,1,1,1,1,1,1,1,0.000583333,,75.3508,books-oracle2=10
q041,love,Head,CrossStripe,Lexical,Vector,naive-score,1,1,1,1,0.9999999999999998,1,1,2,0.0011,,63.1532,books-genre-b=10
q041,love,Head,CrossStripe,Lexical,Vector,interleave,0.7504496453623092,0.5,0.3333333333333333,0.3333333333333333,0.38293264596589754,1,1,2,0.0011,,63.1441,books-genre-a=5 | books-genre-b=5
q041,love,Head,CrossStripe,Lexical,Vector,quota-merge,0.8766408507713754,0.5,0.3333333333333333,0.4666666666666667,0.5852643007329117,1,1,2,0.0011,,63.1295,books-genre-a=5 | books-genre-b=5
q041,love,Head,CrossStripe,Lexical,Vector,global-rrf,0.8766408507713754,0.5,0.3333333333333333,0.4666666666666667,0.5852643007329117,1,1,2,0.0011,,63.1471,books-genre-a=5 | books-genre-b=5
q041,love,Head,CrossStripe,Lexical,Vector,minmax-norm,0.7879056145643271,0.3,0.17647058823529413,0.5111111111111111,0.41662984990561563,0.9603250160361273,1,2,0.0011,,63.1705,books-genre-a=7 | books-genre-b=3
q041,love,Head,CrossStripe,Lexical,Vector,zscore-norm,0.8693272338040653,0.5,0.3333333333333333,0.28888888888888886,0.5419750926495139,1,1,2,0.0011,,63.1694,books-genre-a=5 | books-genre-b=5
q041,love,Head,CrossStripe,Lexical,Vector,vector-similarity,1,1,1,1,0.9999999999999998,1,1,2,0.0011,,63.1422,books-genre-b=10
q042,war,Head,CrossStripe,Lexical,Vector,single-index,1,1,1,1,1,1,1,1,0.000583333,,72.7713,books-oracle2=10
q042,war,Head,CrossStripe,Lexical,Vector,naive-score,1,1,1,1,0.9999999999999998,1,1,2,0.0011,,63.265299999999996,books-genre-a=1 | books-genre-b=9
q042,war,Head,CrossStripe,Lexical,Vector,interleave,0.8081087175255843,0.6,0.42857142857142855,0.3333333333333333,0.396224350744301,0.9513467899190737,1,2,0.0011,,63.2522,books-genre-a=5 | books-genre-b=5
q042,war,Head,CrossStripe,Lexical,Vector,quota-merge,0.8229807524557381,0.6,0.42857142857142855,0.5111111111111111,0.4768250655337429,0.9552009891550426,1,2,0.0011,,63.2432,books-genre-a=5 | books-genre-b=5
q042,war,Head,CrossStripe,Lexical,Vector,global-rrf,0.8229807524557381,0.6,0.42857142857142855,0.5111111111111111,0.4768250655337429,0.9552009891550426,1,2,0.0011,,63.259,books-genre-a=5 | books-genre-b=5
q042,war,Head,CrossStripe,Lexical,Vector,minmax-norm,0.8398324092720605,0.7,0.5384615384615384,0.37777777777777777,0.49195264113789255,0.9552009891550426,1,2,0.0011,,63.283,books-genre-a=4 | books-genre-b=6
q042,war,Head,CrossStripe,Lexical,Vector,zscore-norm,0.8249189276810414,0.7,0.5384615384615384,0.2,0.40951605552270437,0.9513467899190737,1,2,0.0011,,63.366099999999996,books-genre-a=4 | books-genre-b=6
q042,war,Head,CrossStripe,Lexical,Vector,vector-similarity,1,1,1,1,0.9999999999999998,1,1,2,0.0011,,63.2569,books-genre-a=1 | books-genre-b=9
q043,family,Head,CrossStripe,Lexical,Vector,single-index,1,1,1,1,1,0.8760121493430877,1,1,0.000316667,,72.2164,books-oracle2=10
q043,family,Head,CrossStripe,Lexical,Vector,naive-score,0.9632393902397784,0.9,0.8181818181818182,1,0.9775289410928649,0.8385943955981612,1,2,0.0006,,62.592,books-genre-a=1 | books-genre-b=9
q043,family,Head,CrossStripe,Lexical,Vector,interleave,0.920981990089558,0.6,0.42857142857142855,0.5,0.7443768448372792,0.94546789582947,1,2,0.0006,,62.5777,books-genre-a=5 | books-genre-b=5
q043,family,Head,CrossStripe,Lexical,Vector,quota-merge,0.8680937919746792,0.6,0.42857142857142855,0.4444444444444444,0.5981863348615019,0.9432106656105237,1,2,0.0006,,62.569199999999995,books-genre-a=5 | books-genre-b=5
q043,family,Head,CrossStripe,Lexical,Vector,global-rrf,0.8680937919746792,0.6,0.42857142857142855,0.4444444444444444,0.5981863348615019,0.9432106656105237,1,2,0.0006,,62.5852,books-genre-a=5 | books-genre-b=5
q043,family,Head,CrossStripe,Lexical,Vector,minmax-norm,0.881398438036218,0.6,0.42857142857142855,0.7777777777777778,0.7273384318665964,0.94546789582947,1,2,0.0006,,62.6113,books-genre-a=5 | books-genre-b=5
q043,family,Head,CrossStripe,Lexical,Vector,zscore-norm,0.9143453922691054,0.5,0.3333333333333333,0.8888888888888888,0.8267959027968472,0.94546789582947,1,2,0.0006,,62.6095,books-genre-a=6 | books-genre-b=4
q043,family,Head,CrossStripe,Lexical,Vector,vector-similarity,0.9632393902397784,0.9,0.8181818181818182,1,0.9775289410928649,0.8385943955981612,1,2,0.0006,,62.580799999999996,books-genre-a=1 | books-genre-b=9
q044,death,Head,CrossStripe,Lexical,Vector,single-index,1,1,1,1,1,0.8340899081434534,1,1,0.000583333,,73.0213,books-oracle2=10
q044,death,Head,CrossStripe,Lexical,Vector,naive-score,1,1,1,1,0.9999999999999998,0.8340899081434534,1,2,0.0006,,62.576699999999995,books-genre-a=7 | books-genre-b=3
q044,death,Head,CrossStripe,Lexical,Vector,interleave,0.9673056464773241,0.8,0.6666666666666666,0.6444444444444445,0.7336730107198334,0.8619634961509087,1,2,0.0006,,62.5629,books-genre-a=5 | books-genre-b=5
q044,death,Head,CrossStripe,Lexical,Vector,quota-merge,0.9673056464773241,0.8,0.6666666666666666,0.6444444444444445,0.7336730107198334,0.8619634961509087,1,2,0.0006,,62.5537,books-genre-a=5 | books-genre-b=5
q044,death,Head,CrossStripe,Lexical,Vector,global-rrf,0.9673056464773241,0.8,0.6666666666666666,0.6444444444444445,0.7336730107198334,0.8619634961509087,1,2,0.0006,,62.5698,books-genre-a=5 | books-genre-b=5
q044,death,Head,CrossStripe,Lexical,Vector,minmax-norm,0.9759422650555357,0.9,0.8181818181818182,0.5555555555555556,0.7488005863239834,0.8228856184808893,1,2,0.0006,,62.595299999999995,books-genre-a=6 | books-genre-b=4
q044,death,Head,CrossStripe,Lexical,Vector,zscore-norm,0.8825557060045582,0.9,0.8181818181818182,0.4666666666666667,0.5538124148599544,0.809807745241327,1,2,0.0006,,62.5957,books-genre-a=6 | books-genre-b=4
q044,death,Head,CrossStripe,Lexical,Vector,vector-similarity,1,1,1,1,0.9999999999999998,0.8340899081434534,1,2,0.0006,,62.565799999999996,books-genre-a=7 | books-genre-b=3
q045,friendship,Head,CrossStripe,Lexical,Vector,single-index,1,1,1,1,1,0.8390528069087475,1,1,0.000583333,,100.8232,books-oracle2=10
q045,friendship,Head,CrossStripe,Lexical,Vector,naive-score,0.9544582668435443,0.9,0.8181818181818182,1,0.9507625704411842,0.7942537960637901,1,2,0.0008500000000000001,,90.7265,books-genre-a=2 | books-genre-b=8
q045,friendship,Head,CrossStripe,Lexical,Vector,interleave,0.939799137714147,0.7,0.5384615384615384,0.5555555555555556,0.7785042264475658,0.7794896929594821,1,2,0.0008500000000000001,,90.7128,books-genre-a=5 | books-genre-b=5
q045,friendship,Head,CrossStripe,Lexical,Vector,quota-merge,0.9467782636322379,0.7,0.5384615384615384,0.6666666666666666,0.8389582106389685,0.7889507122089876,1,2,0.0008500000000000001,,90.70299999999999,books-genre-a=5 | books-genre-b=5
q045,friendship,Head,CrossStripe,Lexical,Vector,global-rrf,0.9467782636322379,0.7,0.5384615384615384,0.6666666666666666,0.8389582106389685,0.7889507122089876,1,2,0.0008500000000000001,,90.71979999999999,books-genre-a=5 | books-genre-b=5
q045,friendship,Head,CrossStripe,Lexical,Vector,minmax-norm,0.9532855225922852,0.8,0.6666666666666666,1,0.9448143489657659,0.7942537960637901,1,2,0.0008500000000000001,,90.7456,books-genre-a=3 | books-genre-b=7
q045,friendship,Head,CrossStripe,Lexical,Vector,zscore-norm,0.9519986602560816,0.7,0.5384615384615384,0.8888888888888888,0.9223432900586309,0.7983164810037735,1,2,0.0008500000000000001,,90.74369999999999,books-genre-a=5 | books-genre-b=5
q045,friendship,Head,CrossStripe,Lexical,Vector,vector-similarity,0.9544582668435443,0.9,0.8181818181818182,1,0.9507625704411842,0.7942537960637901,1,2,0.0008500000000000001,,90.7164,books-genre-a=2 | books-genre-b=8
q046,coming of age story about a teenager finding their identity,Torso,CrossStripe,Conceptual,Vector,single-index,1,1,1,1,1,0.8476702169508651,1,1,0.000583333,,75.4175,books-oracle2=10
q046,coming of age story about a teenager finding their identity,Torso,CrossStripe,Conceptual,Vector,naive-score,1,1,1,1,0.9999999999999998,0.8476702169508651,1,2,0.0006,,63.6087,books-genre-a=9 | books-genre-b=1
q046,coming of age story about a teenager finding their identity,Torso,CrossStripe,Conceptual,Vector,interleave,0.9431339408394569,0.6,0.42857142857142855,0.6444444444444445,0.714433084466012,0.7800261882666942,1,2,0.0006,,63.596,books-genre-a=5 | books-genre-b=5
q046,coming of age story about a teenager finding their identity,Torso,CrossStripe,Conceptual,Vector,quota-merge,0.8484456514437413,0.6,0.42857142857142855,0.5111111111111111,0.5121014296989979,0.786487540207456,1,2,0.0006,,63.585699999999996,books-genre-a=5 | books-genre-b=5
q046,coming of age story about a teenager finding their identity,Torso,CrossStripe,Conceptual,Vector,global-rrf,0.8484456514437413,0.6,0.42857142857142855,0.5111111111111111,0.5121014296989979,0.786487540207456,1,2,0.0006,,63.6036,books-genre-a=5 | books-genre-b=5
q046,coming of age story about a teenager finding their identity,Torso,CrossStripe,Conceptual,Vector,minmax-norm,0.8491336696935582,0.6,0.42857142857142855,0.5555555555555556,0.5194449130019831,0.7887447704264023,1,2,0.0006,,63.631099999999996,books-genre-a=5 | books-genre-b=5
q046,coming of age story about a teenager finding their identity,Torso,CrossStripe,Conceptual,Vector,zscore-norm,0.8451955982125259,0.6,0.42857142857142855,0.4666666666666667,0.4919546991009585,0.786487540207456,1,2,0.0006,,63.626599999999996,books-genre-a=5 | books-genre-b=5
q046,coming of age story about a teenager finding their identity,Torso,CrossStripe,Conceptual,Vector,vector-similarity,1,1,1,1,0.9999999999999998,0.8476702169508651,1,2,0.0006,,63.599,books-genre-a=9 | books-genre-b=1
q047,a story about losing someone you love and learning to go on,Torso,CrossStripe,Conceptual,Vector,single-index,1,1,1,1,1,0.8219621123515236,1,1,0.000583333,,73.6266,books-oracle2=10
q047,a story about losing someone you love and learning to go on,Torso,CrossStripe,Conceptual,Vector,naive-score,1,1,1,1,0.9999999999999998,0.8219621123515236,1,2,0.0006,,64.7378,books-genre-b=10
q047,a story about losing someone you love and learning to go on,Torso,CrossStripe,Conceptual,Vector,interleave,0.7908823078014483,0.5,0.3333333333333333,0.3333333333333333,0.38293264596589754,0.6209546335102745,1,2,0.0006,,64.7242,books-genre-a=5 | books-genre-b=5
q047,a story about losing someone you love and learning to go on,Torso,CrossStripe,Conceptual,Vector,quota-merge,0.9088248548334054,0.5,0.3333333333333333,0.4666666666666667,0.5852643007329117,0.6970411189577728,1,2,0.0006,,64.7144,books-genre-a=5 | books-genre-b=5
q047,a story about losing someone you love and learning to go on,Torso,CrossStripe,Conceptual,Vector,global-rrf,0.9088248548334054,0.5,0.3333333333333333,0.4666666666666667,0.5852643007329117,0.6970411189577728,1,2,0.0006,,64.7319,books-genre-a=5 | books-genre-b=5
q047,a story about losing someone you love and learning to go on,Torso,CrossStripe,Conceptual,Vector,minmax-norm,0.8817206931374305,0.4,0.25,0.5111111111111111,0.5403397105742619,0.7538304533472491,1,2,0.0006,,64.7577,books-genre-a=6 | books-genre-b=4
q047,a story about losing someone you love and learning to go on,Torso,CrossStripe,Conceptual,Vector,zscore-norm,0.9067866786981729,0.4,0.25,0.6888888888888889,0.6520302693992593,0.7843116613936434,1,2,0.0006,,64.7777,books-genre-a=6 | books-genre-b=4
q047,a story about losing someone you love and learning to go on,Torso,CrossStripe,Conceptual,Vector,vector-similarity,1,1,1,1,0.9999999999999998,0.8219621123515236,1,2,0.0006,,64.7289,books-genre-b=10
q048,World War II,Head,CrossStripe,Lexical,Vector,single-index,1,1,1,1,1,0.8700578715134215,1,1,0.000583333,,74.4395,books-oracle2=10
q048,World War II,Head,CrossStripe,Lexical,Vector,naive-score,1,1,1,1,0.9999999999999998,0.8700578715134215,1,2,0.0008500000000000001,,63.1558,books-genre-b=10
q048,World War II,Head,CrossStripe,Lexical,Vector,interleave,0.6326701850352442,0.5,0.3333333333333333,0.3333333333333333,0.38293264596589754,0.6330137463563639,1,2,0.0008500000000000001,,63.146300000000004,books-genre-a=5 | books-genre-b=5
q048,World War II,Head,CrossStripe,Lexical,Vector,quota-merge,0.754699033875226,0.5,0.3333333333333333,0.4666666666666667,0.5756131758488364,0.6420058522550711,1,2,0.0008500000000000001,,63.137100000000004,books-genre-a=5 | books-genre-b=5
q048,World War II,Head,CrossStripe,Lexical,Vector,global-rrf,0.754699033875226,0.5,0.3333333333333333,0.4666666666666667,0.5756131758488364,0.6420058522550711,1,2,0.0008500000000000001,,63.1745,books-genre-a=5 | books-genre-b=5
q048,World War II,Head,CrossStripe,Lexical,Vector,minmax-norm,0.8885464083808055,0.7,0.5384615384615384,0.5714285714285714,0.7728498681535595,0.7498044781683496,1,2,0.0008500000000000001,,63.177800000000005,books-genre-a=3 | books-genre-b=7
q048,World War II,Head,CrossStripe,Lexical,Vector,zscore-norm,0.7308389576558177,0.6,0.42857142857142855,0.42857142857142855,0.5760091391357787,0.7045922946118498,1,2,0.0008500000000000001,,63.1756,books-genre-a=4 | books-genre-b=6
q048,World War II,Head,CrossStripe,Lexical,Vector,vector-similarity,1,1,1,1,0.9999999999999998,0.8700578715134215,1,2,0.0008500000000000001,,63.15,books-genre-b=10
q049,survival against impossible odds in a hostile environment,Torso,CrossStripe,Conceptual,Vector,single-index,1,1,1,1,1,1,1,1,0.000583333,,72.8424,books-oracle2=10
q049,survival against impossible odds in a hostile environment,Torso,CrossStripe,Conceptual,Vector,naive-score,1,1,1,1,0.9999999999999998,1,1,2,0.0011,,62.918299999999995,books-genre-a=4 | books-genre-b=6
q049,survival against impossible odds in a hostile environment,Torso,CrossStripe,Conceptual,Vector,interleave,0.8574162877595337,0.9,0.8181818181818182,0.3333333333333333,0.47388106068567,1,1,2,0.0011,,62.90389999999999,books-genre-a=5 | books-genre-b=5
q049,survival against impossible odds in a hostile environment,Torso,CrossStripe,Conceptual,Vector,quota-merge,0.9648762345862065,0.9,0.8181818181818182,0.5111111111111111,0.7006722854508896,1,1,2,0.0011,,62.8949,books-genre-a=5 | books-genre-b=5
q049,survival against impossible odds in a hostile environment,Torso,CrossStripe,Conceptual,Vector,global-rrf,0.9648762345862065,0.9,0.8181818181818182,0.5111111111111111,0.7006722854508896,1,1,2,0.0011,,62.910799999999995,books-genre-a=5 | books-genre-b=5
q049,survival against impossible odds in a hostile environment,Torso,CrossStripe,Conceptual,Vector,minmax-norm,0.9665823856199918,0.9,0.8181818181818182,0.6,0.7231258167024043,1,1,2,0.0011,,63.0162,books-genre-a=5 | books-genre-b=5
q049,survival against impossible odds in a hostile environment,Torso,CrossStripe,Conceptual,Vector,zscore-norm,0.8631464477604122,0.9,0.8181818181818182,0.5555555555555556,0.537316999367107,1,1,2,0.0011,,62.9357,books-genre-a=5 | books-genre-b=5
q049,survival against impossible odds in a hostile environment,Torso,CrossStripe,Conceptual,Vector,vector-similarity,1,1,1,1,0.9999999999999998,1,1,2,0.0011,,62.9096,books-genre-a=4 | books-genre-b=6
q050,revenge,Head,CrossStripe,Lexical,Vector,single-index,1,1,1,1,1,0.5860656363839352,1,1,0.000316667,,74.8816,books-oracle2=10
q050,revenge,Head,CrossStripe,Lexical,Vector,naive-score,1,1,1,1,0.9999999999999998,0.5860656363839352,1,2,0.0011,,62.53,books-genre-a=6 | books-genre-b=4
q050,revenge,Head,CrossStripe,Lexical,Vector,interleave,0.9866392294105969,0.9,0.8181818181818182,0.7333333333333333,0.8408874558956322,0.5473285911237908,1,2,0.0011,,62.519999999999996,books-genre-a=5 | books-genre-b=5
q050,revenge,Head,CrossStripe,Lexical,Vector,quota-merge,0.9862681489441992,0.9,0.8181818181818182,0.6888888888888889,0.8335439725926471,0.5469523860872998,1,2,0.0011,,62.5102,books-genre-a=5 | books-genre-b=5
q050,revenge,Head,CrossStripe,Lexical,Vector,global-rrf,0.9862681489441992,0.9,0.8181818181818182,0.6888888888888889,0.8335439725926471,0.5469523860872998,1,2,0.0011,,62.526799999999994,books-genre-a=5 | books-genre-b=5
q050,revenge,Head,CrossStripe,Lexical,Vector,minmax-norm,0.9796231274035669,1,1,0.5555555555555556,0.7584683979360644,0.5759725143712856,1,2,0.0011,,62.553399999999996,books-genre-a=6 | books-genre-b=4
q050,revenge,Head,CrossStripe,Lexical,Vector,zscore-norm,0.8960646854362125,1,1,0.4222222222222222,0.5568061037842077,0.5759725143712856,1,2,0.0011,,62.550399999999996,books-genre-a=6 | books-genre-b=4
q050,revenge,Head,CrossStripe,Lexical,Vector,vector-similarity,1,1,1,1,0.9999999999999998,0.5860656363839352,1,2,0.0011,,62.5269,books-genre-a=6 | books-genre-b=4
q051,betrayal by someone you trusted completely,Torso,CrossStripe,Conceptual,Vector,single-index,1,1,1,1,1,0.37579285615104,0.9,1,0.000583333,,74.3931,books-oracle2=10
q051,betrayal by someone you trusted completely,Torso,CrossStripe,Conceptual,Vector,naive-score,0.7680192057463955,0.6,0.42857142857142855,1,0.6869428705649874,0.34140669832197384,1,2,0.0006,,62.952400000000004,books-genre-a=9 | books-genre-b=1
q051,betrayal by someone you trusted completely,Torso,CrossStripe,Conceptual,Vector,interleave,0.6864226535348955,0.6,0.42857142857142855,0.8666666666666667,0.5275024026313629,0.338745608004251,0.9,2,0.0006,,62.9409,books-genre-a=5 | books-genre-b=5
q051,betrayal by someone you trusted completely,Torso,CrossStripe,Conceptual,Vector,quota-merge,0.5398790921611061,0.6,0.42857142857142855,0.8666666666666667,0.37396840935259995,0.37390324396991886,0.9,2,0.0006,,62.9318,books-genre-a=5 | books-genre-b=5
q051,betrayal by someone you trusted completely,Torso,CrossStripe,Conceptual,Vector,global-rrf,0.5398790921611061,0.6,0.42857142857142855,0.8666666666666667,0.37396840935259995,0.37390324396991886,0.9,2,0.0006,,62.9469,books-genre-a=5 | books-genre-b=5
q051,betrayal by someone you trusted completely,Torso,CrossStripe,Conceptual,Vector,minmax-norm,0.5417397885874188,0.6,0.42857142857142855,0.4666666666666667,0.32705530810287986,0.37390324396991886,0.9,2,0.0006,,63.0568,books-genre-a=5 | books-genre-b=5
q051,betrayal by someone you trusted completely,Torso,CrossStripe,Conceptual,Vector,zscore-norm,0.6873006575577791,0.6,0.42857142857142855,0.6,0.49569934933017223,0.34989638162582876,0.9,2,0.0006,,62.973600000000005,books-genre-a=5 | books-genre-b=5
q051,betrayal by someone you trusted completely,Torso,CrossStripe,Conceptual,Vector,vector-similarity,0.7680192057463955,0.6,0.42857142857142855,1,0.6869428705649874,0.34140669832197384,1,2,0.0006,,62.9448,books-genre-a=9 | books-genre-b=1
q052,an orphan raised by strangers who discovers the truth about their parents,Tail,CrossStripe,Conceptual,Vector,single-index,1,1,1,1,1,0.5808847401508729,1,1,0.000583333,,75.1009,books-oracle2=10
q052,an orphan raised by strangers who discovers the truth about their parents,Tail,CrossStripe,Conceptual,Vector,naive-score,1,1,1,1,0.9999999999999998,0.5808847401508729,1,2,0.0006,,63.706799999999994,books-genre-a=4 | books-genre-b=6
q052,an orphan raised by strangers who discovers the truth about their parents,Tail,CrossStripe,Conceptual,Vector,interleave,0.9090347898966115,0.9,0.8181818181818182,0.6444444444444445,0.6536658490771475,0.48816609726218196,1,2,0.0006,,63.6922,books-genre-a=5 | books-genre-b=5
q052,an orphan raised by strangers who discovers the truth about their parents,Tail,CrossStripe,Conceptual,Vector,quota-merge,0.9911029032665196,0.9,0.8181818181818182,0.8666666666666667,0.8878005571453523,0.5709756866153078,1,2,0.0006,,63.6827,books-genre-a=5 | books-genre-b=5
q052,an orphan raised by strangers who discovers the truth about their parents,Tail,CrossStripe,Conceptual,Vector,global-rrf,0.9911029032665196,0.9,0.8181818181818182,0.8666666666666667,0.8878005571453523,0.5709756866153078,1,2,0.0006,,63.7001,books-genre-a=5 | books-genre-b=5
q052,an orphan raised by strangers who discovers the truth about their parents,Tail,CrossStripe,Conceptual,Vector,minmax-norm,0.9913609174608741,1,1,0.8222222222222222,0.873602048022731,0.5688941038018025,1,2,0.0006,,63.727199999999996,books-genre-a=4 | books-genre-b=6
q052,an orphan raised by strangers who discovers the truth about their parents,Tail,CrossStripe,Conceptual,Vector,zscore-norm,0.917164624549093,1,1,0.7333333333333333,0.7084117320408169,0.4936875706557824,1,2,0.0006,,63.7256,books-genre-a=4 | books-genre-b=6
q052,an orphan raised by strangers who discovers the truth about their parents,Tail,CrossStripe,Conceptual,Vector,vector-similarity,1,1,1,1,0.9999999999999998,0.5808847401508729,1,2,0.0006,,63.696999999999996,books-genre-a=4 | books-genre-b=6
q053,political corruption and the abuse of power,Torso,CrossStripe,Mixed,Vector,single-index,1,1,1,1,1,0.49412307431218866,1,1,0.000583333,,73.212,books-oracle2=10
q053,political corruption and the abuse of power,Torso,CrossStripe,Mixed,Vector,naive-score,1,1,1,1,0.9999999999999998,0.49412307431218866,1,2,0.0006,,63.915099999999995,books-genre-a=1 | books-genre-b=9
q053,political corruption and the abuse of power,Torso,CrossStripe,Mixed,Vector,interleave,0.7993492302906984,0.6,0.42857142857142855,0.3333333333333333,0.4054037048730326,0.6562172922146989,1,2,0.0006,,63.9018,books-genre-a=5 | books-genre-b=5
q053,political corruption and the abuse of power,Torso,CrossStripe,Mixed,Vector,quota-merge,0.8140234923684372,0.6,0.42857142857142855,0.4666666666666667,0.4743480969593232,0.6415424499581139,1,2,0.0006,,63.8928,books-genre-a=5 | books-genre-b=5
q053,political corruption and the abuse of power,Torso,CrossStripe,Mixed,Vector,global-rrf,0.8140234923684372,0.6,0.42857142857142855,0.4666666666666667,0.4743480969593232,0.6415424499581139,1,2,0.0006,,63.9093,books-genre-a=5 | books-genre-b=5
q053,political corruption and the abuse of power,Torso,CrossStripe,Mixed,Vector,minmax-norm,0.8578143929030925,0.8,0.6666666666666666,0.5111111111111111,0.5984977256985339,0.6292999115180049,1,2,0.0006,,63.9353,books-genre-a=3 | books-genre-b=7
q053,political corruption and the abuse of power,Torso,CrossStripe,Mixed,Vector,zscore-norm,0.834838451297386,0.7,0.5384615384615384,0.37777777777777777,0.507062689086422,0.6568430483696344,1,2,0.0006,,64.0137,books-genre-a=4 | books-genre-b=6
q053,political corruption and the abuse of power,Torso,CrossStripe,Mixed,Vector,vector-similarity,1,1,1,1,0.9999999999999998,0.49412307431218866,1,2,0.0006,,63.9073,books-genre-a=1 | books-genre-b=9
q054,isolation and loneliness,Torso,CrossStripe,Conceptual,Vector,single-index,1,1,1,1,1,0.8047903498491494,1,1,0.000583333,,73.2732,books-oracle2=10
q054,isolation and loneliness,Torso,CrossStripe,Conceptual,Vector,naive-score,0.9575862646317291,0.9,0.8181818181818182,1,0.9507625704411842,0.8608272741656436,1,2,0.0011,,62.815999999999995,books-genre-a=3 | books-genre-b=7
q054,isolation and loneliness,Torso,CrossStripe,Conceptual,Vector,interleave,0.8482480431697903,0.9,0.8181818181818182,0.3333333333333333,0.4587710127371405,0.8124337080420628,1,2,0.0011,,62.802499999999995,books-genre-a=5 | books-genre-b=5
q054,isolation and loneliness,Torso,CrossStripe,Conceptual,Vector,quota-merge,0.8609893204135268,0.9,0.8181818181818182,0.5111111111111111,0.5393717275265824,0.8159067157499483,1,2,0.0011,,62.7926,books-genre-a=5 | books-genre-b=5
q054,isolation and loneliness,Torso,CrossStripe,Conceptual,Vector,global-rrf,0.8609893204135268,0.9,0.8181818181818182,0.5111111111111111,0.5393717275265824,0.8159067157499483,1,2,0.0011,,62.8095,books-genre-a=5 | books-genre-b=5
q054,isolation and loneliness,Torso,CrossStripe,Conceptual,Vector,minmax-norm,0.7601161633372677,0.6,0.42857142857142855,0.6444444444444445,0.2970402771422653,0.8183233010683373,1,2,0.0011,,62.836299999999994,books-genre-a=8 | books-genre-b=2
q054,isolation and loneliness,Torso,CrossStripe,Conceptual,Vector,zscore-norm,0.9401883389140513,0.8,0.6666666666666666,0.6,0.6327009147772217,0.844473289687765,1,2,0.0011,,62.9068,books-genre-a=6 | books-genre-b=4
q054,isolation and loneliness,Torso,CrossStripe,Conceptual,Vector,vector-similarity,0.9575862646317291,0.9,0.8181818181818182,1,0.9507625704411842,0.8608272741656436,1,2,0.0011,,62.808099999999996,books-genre-a=3 | books-genre-b=7
q055,mother and daughter relationship across generations,Torso,CrossStripe,Conceptual,Vector,single-index,1,1,1,1,1,0.6950688800755376,1,1,0.000583333,,73.672,books-oracle2=10
q055,mother and daughter relationship across generations,Torso,CrossStripe,Conceptual,Vector,naive-score,1,1,1,1,0.9999999999999998,0.6950688800755376,1,2,0.0011,,62.9676,books-genre-a=2 | books-genre-b=8
q055,mother and daughter relationship across generations,Torso,CrossStripe,Conceptual,Vector,interleave,0.8777936684669528,0.7,0.5384615384615384,0.4444444444444444,0.5967910730339346,0.49341595878798655,1,2,0.0011,,63.0197,books-genre-a=5 | books-genre-b=5
q055,mother and daughter relationship across generations,Torso,CrossStripe,Conceptual,Vector,quota-merge,0.8824101666211286,0.7,0.5384615384615384,0.5555555555555556,0.6359376096381106,0.5025781164787672,1,2,0.0011,,62.9445,books-genre-a=5 | books-genre-b=5
q055,mother and daughter relationship across generations,Torso,CrossStripe,Conceptual,Vector,global-rrf,0.8824101666211286,0.7,0.5384615384615384,0.5555555555555556,0.6359376096381106,0.5025781164787672,1,2,0.0011,,62.961999999999996,books-genre-a=5 | books-genre-b=5
q055,mother and daughter relationship across generations,Torso,CrossStripe,Conceptual,Vector,minmax-norm,0.934197193263514,0.8,0.6666666666666666,0.9111111111111111,0.7990469203325471,0.5884919041612613,1,2,0.0011,,62.989999999999995,books-genre-a=4 | books-genre-b=6
q055,mother and daughter relationship across generations,Torso,CrossStripe,Conceptual,Vector,zscore-norm,0.9291568649968077,0.8,0.6666666666666666,0.6888888888888889,0.7192857340792072,0.5690019239617878,1,2,0.0011,,63.0085,books-genre-a=4 | books-genre-b=6
q055,mother and daughter relationship across generations,Torso,CrossStripe,Conceptual,Vector,vector-similarity,1,1,1,1,0.9999999999999998,0.6950688800755376,1,2,0.0011,,62.9583,books-genre-a=2 | books-genre-b=8
q056,murder,Head,CrossStripe,Lexical,Vector,single-index,1,1,1,1,1,0.9039129791606223,1,1,0.000583333,,77.0642,books-oracle2=10
q056,murder,Head,CrossStripe,Lexical,Vector,naive-score,1,1,1,1,0.9999999999999998,0.9039129791606223,1,2,0.0011,,62.9335,books-genre-a=10
q056,murder,Head,CrossStripe,Lexical,Vector,interleave,0.8890955283331933,0.5,0.3333333333333333,0.5555555555555556,0.6170673540341023,0.9580777588003657,1,2,0.0011,,62.8364,books-genre-a=5 | books-genre-b=5
q056,murder,Head,CrossStripe,Lexical,Vector,quota-merge,0.8864419628502976,0.5,0.3333333333333333,0.4666666666666667,0.5980675480279657,0.9603250160361273,1,2,0.0011,,62.8276,books-genre-a=5 | books-genre-b=5
q056,murder,Head,CrossStripe,Lexical,Vector,global-rrf,0.8864419628502976,0.5,0.3333333333333333,0.4666666666666667,0.5980675480279657,0.9603250160361273,1,2,0.0011,,62.8456,books-genre-a=5 | books-genre-b=5
q056,murder,Head,CrossStripe,Lexical,Vector,minmax-norm,0.9033457654930568,0.6,0.42857142857142855,0.5111111111111111,0.6248506054076522,0.9552009891550426,1,2,0.0011,,62.897,books-genre-a=6 | books-genre-b=4
q056,murder,Head,CrossStripe,Lexical,Vector,zscore-norm,0.7276962991451759,0.5,0.3333333333333333,0.4666666666666667,0.3621682397233618,0.9580777588003657,1,2,0.0011,,62.8703,books-genre-a=5 | books-genre-b=5
q056,murder,Head,CrossStripe,Lexical,Vector,vector-similarity,1,1,1,1,0.9999999999999998,0.9039129791606223,1,2,0.0011,,62.8408,books-genre-a=10
q057,a journey across a ruined landscape,Torso,CrossStripe,Conceptual,Vector,single-index,1,1,1,1,1,0.44773518285642727,1,1,0.000583333,,73.843,books-oracle2=10
q057,a journey across a ruined landscape,Torso,CrossStripe,Conceptual,Vector,naive-score,1,1,1,1,0.9999999999999998,0.44773518285642727,1,2,0.0006,,63.0301,books-genre-a=6 | books-genre-b=4
q057,a journey across a ruined landscape,Torso,CrossStripe,Conceptual,Vector,interleave,0.9976907249621239,0.9,0.8181818181818182,0.9555555555555556,0.9823954558214305,0.4386464988280056,1,2,0.0006,,63.0164,books-genre-a=5 | books-genre-b=5
q057,a journey across a ruined landscape,Torso,CrossStripe,Conceptual,Vector,quota-merge,0.9971666223496202,0.9,0.8181818181818182,0.8666666666666667,0.954905241920406,0.43023176471861474,1,2,0.0006,,63.0065,books-genre-a=5 | books-genre-b=5
q057,a journey across a ruined landscape,Torso,CrossStripe,Conceptual,Vector,global-rrf,0.9971666223496202,0.9,0.8181818181818182,0.8666666666666667,0.954905241920406,0.43023176471861474,1,2,0.0006,,63.0256,books-genre-a=5 | books-genre-b=5
q057,a journey across a ruined landscape,Torso,CrossStripe,Conceptual,Vector,minmax-norm,1,1,1,1,0.9999999999999998,0.44773518285642727,1,2,0.0006,,63.052,books-genre-a=6 | books-genre-b=4
q057,a journey across a ruined landscape,Torso,CrossStripe,Conceptual,Vector,zscore-norm,0.9434772599079913,1,1,0.9111111111111111,0.8050118285359709,0.375930403809764,1,2,0.0006,,63.0512,books-genre-a=6 | books-genre-b=4
q057,a journey across a ruined landscape,Torso,CrossStripe,Conceptual,Vector,vector-similarity,1,1,1,1,0.9999999999999998,0.44773518285642727,1,2,0.0006,,63.021300000000004,books-genre-a=6 | books-genre-b=4
q058,religion faith and doubt,Torso,CrossStripe,Mixed,Vector,single-index,1,1,1,1,1,0.7504758920763749,0.9,1,0.000583333,,74.0787,books-oracle2=10
q058,religion faith and doubt,Torso,CrossStripe,Mixed,Vector,naive-score,1,1,1,1,0.9999999999999998,0.7504758920763749,0.9,2,0.0006,,62.8881,books-genre-b=10
q058,religion faith and doubt,Torso,CrossStripe,Mixed,Vector,interleave,0.7048284944451692,0.5,0.3333333333333333,0.2222222222222222,0.38293264596589754,0.576522947196104,1,2,0.0006,,62.875,books-genre-a=5 | books-genre-b=5
q058,religion faith and doubt,Torso,CrossStripe,Mixed,Vector,quota-merge,0.8228988579162803,0.5,0.3333333333333333,0.2777777777777778,0.5364666392446605,0.6461480807028404,1,2,0.0006,,62.8638,books-genre-a=5 | books-genre-b=5
q058,religion faith and doubt,Torso,CrossStripe,Mixed,Vector,global-rrf,0.8228988579162803,0.5,0.3333333333333333,0.2777777777777778,0.5364666392446605,0.6461480807028404,1,2,0.0006,,62.8864,books-genre-a=5 | books-genre-b=5
q058,religion faith and doubt,Torso,CrossStripe,Mixed,Vector,minmax-norm,0.8497932888138936,0.6,0.42857142857142855,0.1111111111111111,0.4865199952014406,0.6400268114827858,1,2,0.0006,,62.910199999999996,books-genre-a=4 | books-genre-b=6
q058,religion faith and doubt,Torso,CrossStripe,Mixed,Vector,zscore-norm,0.8497932888138936,0.6,0.42857142857142855,0.1111111111111111,0.4865199952014406,0.6400268114827858,1,2,0.0006,,62.9039,books-genre-a=4 | books-genre-b=6
q058,religion faith and doubt,Torso,CrossStripe,Mixed,Vector,vector-similarity,1,1,1,1,0.9999999999999998,0.7504758920763749,0.9,2,0.0006,,62.8773,books-genre-b=10
q059,London,Head,CrossStripe,Lexical,Vector,single-index,1,1,1,1,1,0.7923565945319208,1,1,0.000583333,,73.7721,books-oracle2=10
q059,London,Head,CrossStripe,Lexical,Vector,naive-score,0.9636953938929018,0.9,0.8181818181818182,1,0.8611800913828243,0.7157683910047747,1,2,0.0008500000000000001,,64.17580000000001,books-genre-a=3 | books-genre-b=7
q059,London,Head,CrossStripe,Lexical,Vector,interleave,0.8294121371544221,0.8,0.6666666666666666,0.4222222222222222,0.4807360865053058,0.7938884018555531,1,2,0.0008500000000000001,,64.1628,books-genre-a=5 | books-genre-b=5
q059,London,Head,CrossStripe,Lexical,Vector,quota-merge,0.8299505606732813,0.8,0.6666666666666666,0.4666666666666667,0.4880795698082911,0.7923835817095889,1,2,0.0008500000000000001,,64.1529,books-genre-a=5 | books-genre-b=5
q059,London,Head,CrossStripe,Lexical,Vector,global-rrf,0.8299505606732813,0.8,0.6666666666666666,0.4666666666666667,0.4880795698082911,0.7923835817095889,1,2,0.0008500000000000001,,64.17150000000001,books-genre-a=5 | books-genre-b=5
q059,London,Head,CrossStripe,Lexical,Vector,minmax-norm,0.7431873483997301,0.5,0.3333333333333333,0.6,0.3116618676074453,0.807979052946708,1,2,0.0008500000000000001,,64.1961,books-genre-a=8 | books-genre-b=2
q059,London,Head,CrossStripe,Lexical,Vector,zscore-norm,0.8834191866836701,0.7,0.5384615384615384,0.24444444444444444,0.5009586245717467,0.7810892058979341,1,2,0.0008500000000000001,,64.19340000000001,books-genre-a=6 | books-genre-b=4
q059,London,Head,CrossStripe,Lexical,Vector,vector-similarity,0.9636953938929018,0.9,0.8181818181818182,1,0.8611800913828243,0.7157683910047747,1,2,0.0008500000000000001,,64.16680000000001,books-genre-a=3 | books-genre-b=7
q060,Paris,Head,CrossStripe,Lexical,Vector,single-index,1,1,1,1,1,0.9202182025407148,1,1,0.000583333,,72.6698,books-oracle2=10
q060,Paris,Head,CrossStripe,Lexical,Vector,naive-score,1,1,1,1,0.9999999999999998,0.9202182025407148,1,2,0.0011,,62.6344,books-genre-b=10
q060,Paris,Head,CrossStripe,Lexical,Vector,interleave,0.6007817658483888,0.5,0.3333333333333333,0.3333333333333333,0.38293264596589754,0.8899541168509599,1,2,0.0011,,62.6202,books-genre-a=5 | books-genre-b=5
q060,Paris,Head,CrossStripe,Lexical,Vector,quota-merge,0.7517961416008418,0.5,0.3333333333333333,0.3333333333333333,0.5481229619478117,0.8899541168509599,1,2,0.0011,,62.610699999999994,books-genre-a=5 | books-genre-b=5
q060,Paris,Head,CrossStripe,Lexical,Vector,global-rrf,0.7517961416008418,0.5,0.3333333333333333,0.3333333333333333,0.5481229619478117,0.8899541168509599,1,2,0.0011,,62.629099999999994,books-genre-a=5 | books-genre-b=5
q060,Paris,Head,CrossStripe,Lexical,Vector,minmax-norm,0.817026685915264,0.6,0.42857142857142855,0.5714285714285714,0.6546484608897669,0.9052116356304492,1,2,0.0011,,62.65689999999999,books-genre-a=4 | books-genre-b=6
q060,Paris,Head,CrossStripe,Lexical,Vector,zscore-norm,0.621555197234442,0.5,0.3333333333333333,0.5238095238095238,0.4635333607553394,0.9052116356304492,1,2,0.0011,,62.654599999999995,books-genre-a=5 | books-genre-b=5
q060,Paris,Head,CrossStripe,Lexical,Vector,vector-similarity,1,1,1,1,0.9999999999999998,0.9202182025407148,1,2,0.0011,,62.6247,books-genre-b=10
q061,the sea and the people who make their living on it,Torso,CrossStripe,Conceptual,Vector,single-index,1,1,1,1,1,0.6715505281675916,1,1,0.000583333,,100.3568,books-oracle2=10
q061,the sea and the people who make their living on it,Torso,CrossStripe,Conceptual,Vector,naive-score,1,1,1,1,0.9999999999999998,0.6715505281675916,1,2,0.0011,,90.66239999999999,books-genre-b=10
q061,the sea and the people who make their living on it,Torso,CrossStripe,Conceptual,Vector,interleave,0.7290260878226408,0.5,0.3333333333333333,0.3333333333333333,0.38293264596589754,0.4213299657286824,1,2,0.0011,,90.6485,books-genre-a=5 | books-genre-b=5
q061,the sea and the people who make their living on it,Torso,CrossStripe,Conceptual,Vector,quota-merge,0.8423486110252842,0.5,0.3333333333333333,0.4444444444444444,0.5438101225476458,0.46949785220172124,1,2,0.0011,,90.63839999999999,books-genre-a=5 | books-genre-b=5
q061,the sea and the people who make their living on it,Torso,CrossStripe,Conceptual,Vector,global-rrf,0.8423486110252842,0.5,0.3333333333333333,0.4444444444444444,0.5438101225476458,0.46949785220172124,1,2,0.0011,,90.6557,books-genre-a=5 | books-genre-b=5
q061,the sea and the people who make their living on it,Torso,CrossStripe,Conceptual,Vector,minmax-norm,0.8868766835581243,0.6,0.42857142857142855,0.5,0.6663047835929182,0.5027130326928319,1,2,0.0011,,90.681,books-genre-a=4 | books-genre-b=6
q061,the sea and the people who make their living on it,Torso,CrossStripe,Conceptual,Vector,zscore-norm,0.7097584727516464,0.6,0.42857142857142855,0.2777777777777778,0.34796973060074066,0.41456135348096307,1,2,0.0011,,90.68159999999999,books-genre-a=4 | books-genre-b=6
q061,the sea and the people who make their living on it,Torso,CrossStripe,Conceptual,Vector,vector-similarity,1,1,1,1,0.9999999999999998,0.6715505281675916,1,2,0.0011,,90.65129999999999,books-genre-b=10
q062,a small town where everyone is hiding something,Torso,CrossStripe,Conceptual,Vector,single-index,1,1,1,1,1,0.3679130686892517,0.9,1,0.000583333,,77.6183,books-oracle2=10
q062,a small town where everyone is hiding something,Torso,CrossStripe,Conceptual,Vector,naive-score,1,1,1,1,0.9999999999999998,0.3679130686892517,0.9,2,0.0006,,68.6734,books-genre-a=9 | books-genre-b=1
q062,a small town where everyone is hiding something,Torso,CrossStripe,Conceptual,Vector,interleave,0.901600242702698,0.6,0.42857142857142855,0.5555555555555556,0.6395384129412375,0.5279612564519733,1,2,0.0006,,68.6596,books-genre-a=5 | books-genre-b=5
q062,a small town where everyone is hiding something,Torso,CrossStripe,Conceptual,Vector,quota-merge,0.7966304366363488,0.6,0.42857142857142855,0.4666666666666667,0.46585768906443525,0.5047528786163946,1,2,0.0006,,68.6509,books-genre-a=5 | books-genre-b=5
q062,a small town where everyone is hiding something,Torso,CrossStripe,Conceptual,Vector,global-rrf,0.7966304366363488,0.6,0.42857142857142855,0.4666666666666667,0.46585768906443525,0.5047528786163946,1,2,0.0006,,68.6678,books-genre-a=5 | books-genre-b=5
q062,a small town where everyone is hiding something,Torso,CrossStripe,Conceptual,Vector,minmax-norm,0.812323570113992,0.7,0.5384615384615384,0.3333333333333333,0.4656085109011561,0.5364223583933833,1,2,0.0006,,68.6929,books-genre-a=6 | books-genre-b=4
q062,a small town where everyone is hiding something,Torso,CrossStripe,Conceptual,Vector,zscore-norm,0.790468298373034,0.6,0.42857142857142855,0.4666666666666667,0.45231680612275266,0.5080276911986451,1,2,0.0006,,68.69319999999999,books-genre-a=5 | books-genre-b=5
q062,a small town where everyone is hiding something,Torso,CrossStripe,Conceptual,Vector,vector-similarity,1,1,1,1,0.9999999999999998,0.3679130686892517,0.9,2,0.0006,,68.6635,books-genre-a=9 | books-genre-b=1
q063,identity and what makes someone who they are,Torso,CrossStripe,Conceptual,Vector,single-index,1,1,1,1,1,0.8061914539560937,1,1,0.000583333,,74.4428,books-oracle2=10
q063,identity and what makes someone who they are,Torso,CrossStripe,Conceptual,Vector,naive-score,0.9636953938929018,0.9,0.8181818181818182,1,0.8611800913828243,0.7539630868864869,1,2,0.0006,,62.8835,books-genre-b=10
q063,identity and what makes someone who they are,Torso,CrossStripe,Conceptual,Vector,interleave,0.5134762579253738,0.5,0.3333333333333333,1,0.38293264596589754,0.7530184108518507,1,2,0.0006,,62.8699,books-genre-a=5 | books-genre-b=5
q063,identity and what makes someone who they are,Torso,CrossStripe,Conceptual,Vector,quota-merge,0.6834161368811973,0.5,0.3333333333333333,1,0.596920623436063,0.7634778083107526,1,2,0.0006,,62.86,books-genre-a=5 | books-genre-b=5
q063,identity and what makes someone who they are,Torso,CrossStripe,Conceptual,Vector,global-rrf,0.6834161368811973,0.5,0.3333333333333333,1,0.596920623436063,0.7634778083107526,1,2,0.0006,,62.8871,books-genre-a=5 | books-genre-b=5
q063,identity and what makes someone who they are,Torso,CrossStripe,Conceptual,Vector,minmax-norm,0.5272615562898197,0.2,0.1111111111111111,1,0.5002641074885573,0.7963569927951244,1,2,0.0006,,62.9278,books-genre-a=8 | books-genre-b=2
q063,identity and what makes someone who they are,Torso,CrossStripe,Conceptual,Vector,zscore-norm,0.6148285133469562,0.3,0.17647058823529413,1,0.5918254633711357,0.7990801343514572,1,2,0.0006,,62.930499999999995,books-genre-a=7 | books-genre-b=3
q063,identity and what makes someone who they are,Torso,CrossStripe,Conceptual,Vector,vector-similarity,0.9636953938929018,0.9,0.8181818181818182,1,0.8611800913828243,0.7539630868864869,1,2,0.0006,,62.8748,books-genre-b=10
q064,father and son,Head,CrossStripe,Lexical,Vector,single-index,1,1,1,1,1,0.8257951996405422,1,1,0.000583333,,73.4423,books-oracle2=10
q064,father and son,Head,CrossStripe,Lexical,Vector,naive-score,0.8785664801215991,0.7,0.5384615384615384,1,0.9033434840524943,0.8467563202403593,1,2,0.0006,,63.6222,books-genre-a=4 | books-genre-b=6
q064,father and son,Head,CrossStripe,Lexical,Vector,interleave,0.9074974487138295,0.7,0.5384615384615384,0.7857142857142857,0.8459095097802023,0.8406523198471995,1,2,0.0006,,63.6096,books-genre-a=5 | books-genre-b=5
q064,father and son,Head,CrossStripe,Lexical,Vector,quota-merge,0.8232164334580152,0.7,0.5384615384615384,0.6428571428571429,0.6307746077181341,0.8406523198471995,1,2,0.0006,,63.6004,books-genre-a=5 | books-genre-b=5
q064,father and son,Head,CrossStripe,Lexical,Vector,global-rrf,0.8232164334580152,0.7,0.5384615384615384,0.6428571428571429,0.6307746077181341,0.8406523198471995,1,2,0.0006,,63.6173,books-genre-a=5 | books-genre-b=5
q064,father and son,Head,CrossStripe,Lexical,Vector,minmax-norm,0.7921662391996196,0.7,0.5384615384615384,0.7142857142857143,0.6392650156130222,0.8467563202403593,1,2,0.0006,,63.723099999999995,books-genre-a=4 | books-genre-b=6
q064,father and son,Head,CrossStripe,Lexical,Vector,zscore-norm,0.876251403719907,0.7,0.5384615384615384,0.8095238095238095,0.8412512188951591,0.8467563202403593,1,2,0.0006,,63.640699999999995,books-genre-a=4 | books-genre-b=6
q064,father and son,Head,CrossStripe,Lexical,Vector,vector-similarity,0.8785664801215991,0.7,0.5384615384615384,1,0.9033434840524943,0.8467563202403593,1,2,0.0006,,63.6136,books-genre-a=4 | books-genre-b=6
q065,escape from captivity,Torso,CrossStripe,Conceptual,Vector,single-index,1,1,1,1,1,0.8158444290731688,1,1,0.000583333,,73.3086,books-oracle2=10
q065,escape from captivity,Torso,CrossStripe,Conceptual,Vector,naive-score,1,1,1,1,0.9999999999999998,0.8158444290731688,1,2,0.0011,,64.7603,books-genre-a=5 | books-genre-b=5
q065,escape from captivity,Torso,CrossStripe,Conceptual,Vector,interleave,0.9397352027534592,1,1,0.6888888888888889,0.7227736737082111,0.7714152866804274,1,2,0.0011,,64.7435,books-genre-a=5 | books-genre-b=5
q065,escape from captivity,Torso,CrossStripe,Conceptual,Vector,quota-merge,0.9943317175348371,1,1,0.7333333333333333,0.8763076669869742,0.8178320423515849,1,2,0.0011,,64.7331,books-genre-a=5 | books-genre-b=5
q065,escape from captivity,Torso,CrossStripe,Conceptual,Vector,global-rrf,0.9943317175348371,1,1,0.7333333333333333,0.8763076669869742,0.8178320423515849,1,2,0.0011,,64.7507,books-genre-a=5 | books-genre-b=5
q065,escape from captivity,Torso,CrossStripe,Conceptual,Vector,minmax-norm,0.9955274141326659,1,1,0.7777777777777778,0.8964543975850133,0.821686241587554,1,2,0.0011,,64.77329999999999,books-genre-a=5 | books-genre-b=5
q065,escape from captivity,Torso,CrossStripe,Conceptual,Vector,zscore-norm,0.9955274141326659,1,1,0.7777777777777778,0.8964543975850133,0.821686241587554,1,2,0.0011,,64.77189999999999,books-genre-a=5 | books-genre-b=5
q065,escape from captivity,Torso,CrossStripe,Conceptual,Vector,vector-similarity,1,1,1,1,0.9999999999999998,0.8158444290731688,1,2,0.0011,,64.74619999999999,books-genre-a=5 | books-genre-b=5
q066,a secret that destroys a community when it comes out,Torso,CrossStripe,Conceptual,Vector,single-index,1,1,1,1,1,0.23622225115994025,0.9,1,0.000583333,,73.8121,books-oracle2=10
q066,a secret that destroys a community when it comes out,Torso,CrossStripe,Conceptual,Vector,naive-score,0.9528344332977449,0.9,0.8181818181818182,1,0.9306158398431449,0.2426107166493984,1,2,0.0011,,62.2162,books-genre-a=7 | books-genre-b=3
q066,a secret that destroys a community when it comes out,Torso,CrossStripe,Conceptual,Vector,interleave,0.9392688921343597,0.8,0.6666666666666666,0.9444444444444444,0.8801632106609553,0.18942876659014715,0.9,2,0.0011,,62.202799999999996,books-genre-a=5 | books-genre-b=5
q066,a secret that destroys a community when it comes out,Torso,CrossStripe,Conceptual,Vector,quota-merge,0.8707793473973281,0.8,0.6666666666666666,0.8888888888888888,0.6851750391969263,0.18942876659014715,0.9,2,0.0011,,62.193,books-genre-a=5 | books-genre-b=5
q066,a secret that destroys a community when it comes out,Torso,CrossStripe,Conceptual,Vector,global-rrf,0.8707793473973281,0.8,0.6666666666666666,0.8888888888888888,0.6851750391969263,0.18942876659014715,0.9,2,0.0011,,62.2098,books-genre-a=5 | books-genre-b=5
q066,a secret that destroys a community when it comes out,Torso,CrossStripe,Conceptual,Vector,minmax-norm,0.8381505391075608,0.6,0.42857142857142855,0.5,0.5269155565030496,0.19167025861239773,0.9,2,0.0011,,62.2353,books-genre-a=3 | books-genre-b=7
q066,a secret that destroys a community when it comes out,Torso,CrossStripe,Conceptual,Vector,zscore-norm,0.9139386937016529,0.7,0.5384615384615384,0.7222222222222222,0.769256597287363,0.18857363395943103,0.9,2,0.0011,,62.2339,books-genre-a=4 | books-genre-b=6
q066,a secret that destroys a community when it comes out,Torso,CrossStripe,Conceptual,Vector,vector-similarity,0.9528344332977449,0.9,0.8181818181818182,1,0.9306158398431449,0.2426107166493984,1,2,0.0011,,62.2066,books-genre-a=7 | books-genre-b=3
q067,the American South,Torso,CrossStripe,Lexical,Vector,single-index,1,1,1,1,1,0.5939343675684545,1,1,0.000316667,,73.5566,books-oracle2=10
q067,the American South,Torso,CrossStripe,Lexical,Vector,naive-score,1,1,1,1,0.9999999999999998,0.5939343675684545,1,2,0.0006,,63.1954,books-genre-a=1 | books-genre-b=9
q067,the American South,Torso,CrossStripe,Lexical,Vector,interleave,0.6839725356021776,0.6,0.42857142857142855,0.4666666666666667,0.45231680612275266,0.49572107662995024,1,2,0.0006,,63.1812,books-genre-a=5 | books-genre-b=5
q067,the American South,Torso,CrossStripe,Lexical,Vector,quota-merge,0.8031408461099439,0.6,0.42857142857142855,0.6,0.6864515141909575,0.5190071514991546,1,2,0.0006,,63.1723,books-genre-a=5 | books-genre-b=5
q067,the American South,Torso,CrossStripe,Lexical,Vector,global-rrf,0.8031408461099439,0.6,0.42857142857142855,0.6,0.6864515141909575,0.5190071514991546,1,2,0.0006,,63.1899,books-genre-a=5 | books-genre-b=5
q067,the American South,Torso,CrossStripe,Lexical,Vector,minmax-norm,0.7658597139919555,0.5,0.3333333333333333,0.4,0.6894850569844573,0.5627598771050094,1,2,0.0006,,63.216,books-genre-a=6 | books-genre-b=4
q067,the American South,Torso,CrossStripe,Lexical,Vector,zscore-norm,0.6011920643937878,0.4,0.25,0,0.450241655976936,0.47902034597462967,1,2,0.0006,,63.2127,books-genre-a=7 | books-genre-b=3
q067,the American South,Torso,CrossStripe,Lexical,Vector,vector-similarity,1,1,1,1,0.9999999999999998,0.5939343675684545,1,2,0.0006,,63.1854,books-genre-a=1 | books-genre-b=9
q068,grief after the death of a child,Torso,CrossStripe,Conceptual,Vector,single-index,1,1,1,1,1,0.3232917722264397,1,1,0.000583333,,73.1632,books-oracle2=10
q068,grief after the death of a child,Torso,CrossStripe,Conceptual,Vector,naive-score,1,1,1,1,0.9999999999999998,0.3232917722264397,1,2,0.0006,,63.6996,books-genre-a=3 | books-genre-b=7
q068,grief after the death of a child,Torso,CrossStripe,Conceptual,Vector,interleave,0.8500389213582151,0.8,0.6666666666666666,0.3333333333333333,0.4795891619134032,0.21998711955791087,1,2,0.0006,,63.6866,books-genre-a=5 | books-genre-b=5
q068,grief after the death of a child,Torso,CrossStripe,Conceptual,Vector,quota-merge,0.9567337849714675,0.8,0.6666666666666666,0.5111111111111111,0.7020675472784567,0.224722615674256,1,2,0.0006,,63.677099999999996,books-genre-a=5 | books-genre-b=5
q068,grief after the death of a child,Torso,CrossStripe,Conceptual,Vector,global-rrf,0.9567337849714675,0.8,0.6666666666666666,0.5111111111111111,0.7020675472784567,0.224722615674256,1,2,0.0006,,63.6937,books-genre-a=5 | books-genre-b=5
q068,grief after the death of a child,Torso,CrossStripe,Conceptual,Vector,minmax-norm,0.9732929086168117,0.9,0.8181818181818182,0.6444444444444445,0.7835993865124932,0.2960294441948346,1,2,0.0006,,63.719899999999996,books-genre-a=4 | books-genre-b=6
q068,grief after the death of a child,Torso,CrossStripe,Conceptual,Vector,zscore-norm,0.8221316868458423,0.8,0.6666666666666666,0.5555555555555556,0.4855911263225481,0.22804936491602884,1,2,0.0006,,63.7183,books-genre-a=5 | books-genre-b=5
q068,grief after the death of a child,Torso,CrossStripe,Conceptual,Vector,vector-similarity,1,1,1,1,0.9999999999999998,0.3232917722264397,1,2,0.0006,,63.6902,books-genre-a=3 | books-genre-b=7
q069,an outsider who does not fit in anywhere,Torso,CrossStripe,Conceptual,Vector,single-index,1,1,1,1,1,0.5479580359417012,1,1,0.000583333,,74.3903,books-oracle2=10
q069,an outsider who does not fit in anywhere,Torso,CrossStripe,Conceptual,Vector,naive-score,0.7753153813063062,0.7,0.5384615384615384,1,0.6040324562313895,0.3634463372545813,1,2,0.0006,,63.4532,books-genre-a=7 | books-genre-b=3
q069,an outsider who does not fit in anywhere,Torso,CrossStripe,Conceptual,Vector,interleave,0.7495071690175372,0.6,0.42857142857142855,0.8666666666666667,0.63812562345805,0.3905156816188251,1,2,0.0006,,63.438700000000004,books-genre-a=5 | books-genre-b=5
q069,an outsider who does not fit in anywhere,Torso,CrossStripe,Conceptual,Vector,quota-merge,0.585265003035253,0.6,0.42857142857142855,0.7333333333333333,0.44313745199402105,0.40071379791067613,1,2,0.0006,,63.429500000000004,books-genre-a=5 | books-genre-b=5
q069,an outsider who does not fit in anywhere,Torso,CrossStripe,Conceptual,Vector,global-rrf,0.585265003035253,0.6,0.42857142857142855,0.7333333333333333,0.44313745199402105,0.40071379791067613,1,2,0.0006,,63.4483,books-genre-a=5 | books-genre-b=5
q069,an outsider who does not fit in anywhere,Torso,CrossStripe,Conceptual,Vector,minmax-norm,0.5802429859754319,0.6,0.42857142857142855,0.7333333333333333,0.45231680612275266,0.3902318295597647,1,2,0.0006,,63.558600000000006,books-genre-a=5 | books-genre-b=5
q069,an outsider who does not fit in anywhere,Torso,CrossStripe,Conceptual,Vector,zscore-norm,0.7281728592440114,0.6,0.42857142857142855,0.7333333333333333,0.6058507994015156,0.36702345172418593,1,2,0.0006,,63.471700000000006,books-genre-a=5 | books-genre-b=5
q069,an outsider who does not fit in anywhere,Torso,CrossStripe,Conceptual,Vector,vector-similarity,0.7753153813063062,0.7,0.5384615384615384,1,0.6040324562313895,0.3634463372545813,1,2,0.0006,,63.442600000000006,books-genre-a=7 | books-genre-b=3
q070,school,Head,CrossStripe,Lexical,Vector,single-index,1,1,1,1,1,0.9010362095152992,1,1,0.000583333,,72.7983,books-oracle2=10
q070,school,Head,CrossStripe,Lexical,Vector,naive-score,0.96085205924776,0.9,0.8181818181818182,1,0.9658726183897135,0.9010362095152992,1,2,0.0011,,63.8981,books-genre-a=7 | books-genre-b=3
q070,school,Head,CrossStripe,Lexical,Vector,interleave,0.915355798350403,0.7,0.5384615384615384,0.7222222222222222,0.7485604660762983,0.8431154918487309,1,2,0.0011,,63.8836,books-genre-a=5 | books-genre-b=5
q070,school,Head,CrossStripe,Lexical,Vector,quota-merge,0.915355798350403,0.7,0.5384615384615384,0.7222222222222222,0.7485604660762983,0.8431154918487309,1,2,0.0011,,63.8729,books-genre-a=5 | books-genre-b=5
q070,school,Head,CrossStripe,Lexical,Vector,global-rrf,0.915355798350403,0.7,0.5384615384615384,0.7222222222222222,0.7485604660762983,0.8431154918487309,1,2,0.0011,,63.903999999999996,books-genre-a=5 | books-genre-b=5
q070,school,Head,CrossStripe,Lexical,Vector,minmax-norm,0.8881610584230104,0.7,0.5384615384615384,0.4444444444444444,0.6307988268830703,0.8423730547589335,1,2,0.0011,,64.0008,books-genre-a=5 | books-genre-b=5
q070,school,Head,CrossStripe,Lexical,Vector,zscore-norm,0.891164637254073,0.7,0.5384615384615384,0.6666666666666666,0.6681573411466702,0.8431154918487309,1,2,0.0011,,63.9153,books-genre-a=5 | books-genre-b=5
q070,school,Head,CrossStripe,Lexical,Vector,vector-similarity,0.96085205924776,0.9,0.8181818181818182,1,0.9658726183897135,0.9010362095152992,1,2,0.0011,,63.8871,books-genre-a=7 | books-genre-b=3
q071,obsession that ruins a life,Torso,CrossStripe,Conceptual,Vector,single-index,1,1,1,1,1,0.4734143925347467,1,1,0.000583333,,73.3375,books-oracle2=10
q071,obsession that ruins a life,Torso,CrossStripe,Conceptual,Vector,naive-score,0.7472080191239205,0.9,0.8181818181818182,1,0.6385558011286181,0.5241846791286611,1,2,0.0011,,68.0962,books-genre-a=1 | books-genre-b=9
q071,obsession that ruins a life,Torso,CrossStripe,Conceptual,Vector,interleave,0.6796177219633486,0.5,0.3333333333333333,0.4444444444444444,0.38293264596589754,0.6142107928935056,1,2,0.0011,,68.0736,books-genre-a=5 | books-genre-b=5
q071,obsession that ruins a life,Torso,CrossStripe,Conceptual,Vector,quota-merge,0.8306184216839536,0.5,0.3333333333333333,0.5,0.5566133698426998,0.6142107928935056,1,2,0.0011,,68.0639,books-genre-a=5 | books-genre-b=5
q071,obsession that ruins a life,Torso,CrossStripe,Conceptual,Vector,global-rrf,0.8306184216839536,0.5,0.3333333333333333,0.5,0.5566133698426998,0.6142107928935056,1,2,0.0011,,68.0824,books-genre-a=5 | books-genre-b=5
q071,obsession that ruins a life,Torso,CrossStripe,Conceptual,Vector,minmax-norm,0.8851734521153033,0.7,0.5384615384615384,1,0.7728498681535595,0.5522031412869082,1,2,0.0011,,68.1101,books-genre-a=3 | books-genre-b=7
q071,obsession that ruins a life,Torso,CrossStripe,Conceptual,Vector,zscore-norm,0.7200247524048451,0.6,0.42857142857142855,0.7222222222222222,0.5418992851811125,0.610959457146335,1,2,0.0011,,68.1073,books-genre-a=4 | books-genre-b=6
q071,obsession that ruins a life,Torso,CrossStripe,Conceptual,Vector,vector-similarity,0.7472080191239205,0.9,0.8181818181818182,1,0.6385558011286181,0.5241846791286611,1,2,0.0011,,68.0781,books-genre-a=1 | books-genre-b=9
q072,slavery and its aftermath,Torso,CrossStripe,Mixed,Vector,single-index,1,1,1,1,1,0.6923249627100273,1,1,0.000583333,,74.0979,books-oracle2=10
q072,slavery and its aftermath,Torso,CrossStripe,Mixed,Vector,naive-score,1,1,1,1,0.9999999999999998,0.6923249627100273,1,2,0.0011,,63.0097,books-genre-a=1 | books-genre-b=9
q072,slavery and its aftermath,Torso,CrossStripe,Mixed,Vector,interleave,0.7864411738394018,0.6,0.42857142857142855,0.3333333333333333,0.396224350744301,0.6722901134475253,1,2,0.0011,,62.9956,books-genre-a=5 | books-genre-b=5
q072,slavery and its aftermath,Torso,CrossStripe,Mixed,Vector,quota-merge,0.9039991425400391,0.6,0.42857142857142855,0.4666666666666667,0.6113592528063692,0.6258733577763678,1,2,0.0011,,62.9849,books-genre-a=5 | books-genre-b=5
q072,slavery and its aftermath,Torso,CrossStripe,Mixed,Vector,global-rrf,0.9039991425400391,0.6,0.42857142857142855,0.4666666666666667,0.6113592528063692,0.6258733577763678,1,2,0.0011,,63.019800000000004,books-genre-a=5 | books-genre-b=5
q072,slavery and its aftermath,Torso,CrossStripe,Mixed,Vector,minmax-norm,0.9552713507450691,0.8,0.6666666666666666,0.6444444444444445,0.76530589610008,0.6789081576485813,1,2,0.0011,,63.0314,books-genre-a=3 | books-genre-b=7
q072,slavery and its aftermath,Torso,CrossStripe,Mixed,Vector,zscore-norm,0.7538139513045453,0.6,0.42857142857142855,0.4222222222222222,0.37404715501857777,0.6751668830928483,1,2,0.0011,,63.1038,books-genre-a=5 | books-genre-b=5
q072,slavery and its aftermath,Torso,CrossStripe,Mixed,Vector,vector-similarity,1,1,1,1,0.9999999999999998,0.6923249627100273,1,2,0.0011,,62.999900000000004,books-genre-a=1 | books-genre-b=9
q073,the Holocaust,Torso,CrossStripe,Lexical,Vector,single-index,1,1,1,1,1,0.9224654597764764,1,1,0.000583333,,73.3417,books-oracle2=10
q073,the Holocaust,Torso,CrossStripe,Lexical,Vector,naive-score,1,1,1,1,0.9999999999999998,0.9224654597764764,1,2,0.0011,,62.754599999999996,books-genre-b=10
q073,the Holocaust,Torso,CrossStripe,Lexical,Vector,interleave,0.7335136870551106,0.5,0.3333333333333333,0.2222222222222222,0.38293264596589754,0.7268684907310601,1,2,0.0011,,62.737,books-genre-a=5 | books-genre-b=5
q073,the Holocaust,Torso,CrossStripe,Lexical,Vector,quota-merge,0.8471662681397392,0.5,0.3333333333333333,0.3333333333333333,0.5566133698426998,0.7771394456381865,1,2,0.0011,,62.7265,books-genre-a=5 | books-genre-b=5
q073,the Holocaust,Torso,CrossStripe,Lexical,Vector,global-rrf,0.8471662681397392,0.5,0.3333333333333333,0.3333333333333333,0.5566133698426998,0.7771394456381865,1,2,0.0011,,62.7459,books-genre-a=5 | books-genre-b=5
q073,the Holocaust,Torso,CrossStripe,Lexical,Vector,minmax-norm,0.9286669793985981,0.7,0.5384615384615384,0.37777777777777777,0.6734682046917101,0.8758510212272971,1,2,0.0011,,62.772,books-genre-a=3 | books-genre-b=7
q073,the Holocaust,Torso,CrossStripe,Lexical,Vector,zscore-norm,0.7087547811113092,0.6,0.42857142857142855,0.15555555555555556,0.27853398214042,0.7734903583419945,1,2,0.0011,,62.7711,books-genre-a=4 | books-genre-b=6
q073,the Holocaust,Torso,CrossStripe,Lexical,Vector,vector-similarity,1,1,1,1,0.9999999999999998,0.9224654597764764,1,2,0.0011,,62.7417,books-genre-b=10
q074,a woman who defies the expectations of her time,Torso,CrossStripe,Conceptual,Vector,single-index,1,1,1,1,1,0.715019583571087,0.9,1,0.000583333,,73.4719,books-oracle2=10
q074,a woman who defies the expectations of her time,Torso,CrossStripe,Conceptual,Vector,naive-score,1,1,1,1,0.9999999999999998,0.715019583571087,0.9,2,0.0006,,63.0217,books-genre-a=3 | books-genre-b=7
q074,a woman who defies the expectations of her time,Torso,CrossStripe,Conceptual,Vector,interleave,0.9491687478348194,0.8,0.6666666666666666,0.5,0.8009752853547008,0.6717595977615042,1,2,0.0006,,63.0082,books-genre-a=5 | books-genre-b=5
q074,a woman who defies the expectations of her time,Torso,CrossStripe,Conceptual,Vector,quota-merge,0.9032162829821611,0.8,0.6666666666666666,0.6111111111111112,0.7280420068653798,0.6890118278548124,1,2,0.0006,,62.999,books-genre-a=5 | books-genre-b=5
q074,a woman who defies the expectations of her time,Torso,CrossStripe,Conceptual,Vector,global-rrf,0.9032162829821611,0.8,0.6666666666666666,0.6111111111111112,0.7280420068653798,0.6890118278548124,1,2,0.0006,,63.0368,books-genre-a=5 | books-genre-b=5
q074,a woman who defies the expectations of her time,Torso,CrossStripe,Conceptual,Vector,minmax-norm,0.9072808581536821,0.8,0.6666666666666666,0.9444444444444444,0.8272260804674155,0.7044260793967011,1,2,0.0006,,63.050200000000004,books-genre-a=5 | books-genre-b=5
q074,a woman who defies the expectations of her time,Torso,CrossStripe,Conceptual,Vector,zscore-norm,0.9613758637085867,0.8,0.6666666666666666,0.8888888888888888,0.9539937030944976,0.7018640659561588,1,2,0.0006,,63.0991,books-genre-a=5 | books-genre-b=5
q074,a woman who defies the expectations of her time,Torso,CrossStripe,Conceptual,Vector,vector-similarity,1,1,1,1,0.9999999999999998,0.715019583571087,0.9,2,0.0006,,63.0129,books-genre-a=3 | books-genre-b=7
q075,addiction and recovery,Torso,CrossStripe,Mixed,Vector,single-index,1,1,1,1,1,0.9173414328953917,1,1,0.000583333,,72.6756,books-oracle2=10
q075,addiction and recovery,Torso,CrossStripe,Mixed,Vector,naive-score,1,1,1,1,0.9999999999999998,0.9173414328953917,1,2,0.0011,,65.5867,books-genre-b=10
q075,addiction and recovery,Torso,CrossStripe,Mixed,Vector,interleave,0.7776109813175748,0.5,0.3333333333333333,0.3333333333333333,0.38293264596589754,0.8289401735465252,0.9,2,0.0011,,65.5739,books-genre-a=5 | books-genre-b=5
q075,addiction and recovery,Torso,CrossStripe,Mixed,Vector,quota-merge,0.7897179593489365,0.5,0.3333333333333333,0.4222222222222222,0.4360431468543149,0.8399060129419949,0.9,2,0.0011,,65.5641,books-genre-a=5 | books-genre-b=5
q075,addiction and recovery,Torso,CrossStripe,Mixed,Vector,global-rrf,0.7897179593489365,0.5,0.3333333333333333,0.4222222222222222,0.4360431468543149,0.8399060129419949,0.9,2,0.0011,,65.5804,books-genre-a=5 | books-genre-b=5
q075,addiction and recovery,Torso,CrossStripe,Mixed,Vector,minmax-norm,0.7475008544863535,0.4,0.25,0.4222222222222222,0.3324800167837079,0.7689738406746606,0.9,2,0.0011,,65.6043,books-genre-a=6 | books-genre-b=4
q075,addiction and recovery,Torso,CrossStripe,Mixed,Vector,zscore-norm,0.8599201269495536,0.4,0.25,0.5555555555555556,0.5025368474941878,0.7744080693759952,0.9,2,0.0011,,65.60369999999999,books-genre-a=6 | books-genre-b=4
q075,addiction and recovery,Torso,CrossStripe,Mixed,Vector,vector-similarity,1,1,1,1,0.9999999999999998,0.9173414328953917,1,2,0.0011,,65.5769,books-genre-b=10
q076,New York City,Head,CrossStripe,Lexical,Vector,single-index,1,1,1,1,1,0.9206500320722545,1,1,0.000583333,,74.3507,books-oracle2=10
q076,New York City,Head,CrossStripe,Lexical,Vector,naive-score,1,1,1,1,0.9999999999999998,0.9206500320722545,1,2,0.0011,,62.8437,books-genre-a=2 | books-genre-b=8
q076,New York City,Head,CrossStripe,Lexical,Vector,interleave,0.7796307471664191,0.7,0.5384615384615384,0.2777777777777778,0.40217257221971914,0.9079756641006057,1,2,0.0011,,62.8302,books-genre-a=5 | books-genre-b=5
q076,New York City,Head,CrossStripe,Lexical,Vector,quota-merge,0.8933234656287333,0.7,0.5384615384615384,0.4444444444444444,0.6045042269867331,0.9007619020868619,1,2,0.0011,,62.821,books-genre-a=5 | books-genre-b=5
q076,New York City,Head,CrossStripe,Lexical,Vector,global-rrf,0.8933234656287333,0.7,0.5384615384615384,0.4444444444444444,0.6045042269867331,0.9007619020868619,1,2,0.0011,,62.8384,books-genre-a=5 | books-genre-b=5
q076,New York City,Head,CrossStripe,Lexical,Vector,minmax-norm,0.8573913597628064,0.7,0.5384615384615384,0.1111111111111111,0.4565224918964463,0.9132787479554083,1,2,0.0011,,62.8645,books-genre-a=5 | books-genre-b=5
q076,New York City,Head,CrossStripe,Lexical,Vector,zscore-norm,0.8721095008563331,0.7,0.5384615384615384,0.2777777777777778,0.5126149472748981,0.9134872336594229,1,2,0.0011,,62.8596,books-genre-a=5 | books-genre-b=5
q076,New York City,Head,CrossStripe,Lexical,Vector,vector-similarity,1,1,1,1,0.9999999999999998,0.9206500320722545,1,2,0.0011,,62.8333,books-genre-a=2 | books-genre-b=8
q077,an unlikely friendship between two very different people,Torso,CrossStripe,Conceptual,Vector,single-index,1,1,1,1,1,0.48436680103716734,1,1,0.000583333,,72.7199,books-oracle2=10
q077,an unlikely friendship between two very different people,Torso,CrossStripe,Conceptual,Vector,naive-score,0.852630017810393,0.8,0.6666666666666666,1,0.791795931225969,0.4217961677937376,1,2,0.0011,,62.971900000000005,books-genre-a=6 | books-genre-b=4
q077,an unlikely friendship between two very different people,Torso,CrossStripe,Conceptual,Vector,interleave,0.8234524321197363,0.8,0.6666666666666666,0.8571428571428571,0.7208014883933085,0.5200572061241666,1,2,0.0011,,62.9621,books-genre-a=5 | books-genre-b=5
q077,an unlikely friendship between two very different people,Torso,CrossStripe,Conceptual,Vector,quota-merge,0.6685283170246835,0.8,0.6666666666666666,0.7142857142857143,0.5184698336262942,0.5818090652538327,1,2,0.0011,,62.9523,books-genre-a=5 | books-genre-b=5
q077,an unlikely friendship between two very different people,Torso,CrossStripe,Conceptual,Vector,global-rrf,0.6685283170246835,0.8,0.6666666666666666,0.7142857142857143,0.5184698336262942,0.5818090652538327,1,2,0.0011,,63.0503,books-genre-a=5 | books-genre-b=5
q077,an unlikely friendship between two very different people,Torso,CrossStripe,Conceptual,Vector,minmax-norm,0.6715896086886021,0.8,0.6666666666666666,1,0.569171640971763,0.49291283265733604,1,2,0.0011,,62.9985,books-genre-a=6 | books-genre-b=4
q077,an unlikely friendship between two very different people,Torso,CrossStripe,Conceptual,Vector,zscore-norm,0.6753102536785702,0.8,0.6666666666666666,0.7857142857142857,0.5599240118115602,0.5687311920142704,1,2,0.0011,,62.9938,books-genre-a=5 | books-genre-b=5
q077,an unlikely friendship between two very different people,Torso,CrossStripe,Conceptual,Vector,vector-similarity,0.852630017810393,0.8,0.6666666666666666,1,0.791795931225969,0.4217961677937376,1,2,0.0011,,62.9672,books-genre-a=6 | books-genre-b=4
q078,climate change and environmental collapse,Torso,CrossStripe,Mixed,Vector,single-index,1,1,1,1,1,0.7308987695553354,1,1,0.000316667,,73.3296,books-oracle2=10
q078,climate change and environmental collapse,Torso,CrossStripe,Mixed,Vector,naive-score,1,1,1,1,0.9999999999999998,0.7308987695553354,1,2,0.0006,,62.5605,books-genre-a=2 | books-genre-b=8
q078,climate change and environmental collapse,Torso,CrossStripe,Mixed,Vector,interleave,0.85041191688317,0.7,0.5384615384615384,0.37777777777777777,0.45826502759817067,0.645226028977093,1,2,0.0006,,62.5457,books-genre-a=5 | books-genre-b=5
q078,climate change and environmental collapse,Torso,CrossStripe,Mixed,Vector,quota-merge,0.8521246791079095,0.7,0.5384615384615384,0.4666666666666667,0.4772648336043074,0.6459784390500751,1,2,0.0006,,62.536699999999996,books-genre-a=5 | books-genre-b=5
q078,climate change and environmental collapse,Torso,CrossStripe,Mixed,Vector,global-rrf,0.8521246791079095,0.7,0.5384615384615384,0.4666666666666667,0.4772648336043074,0.6459784390500751,1,2,0.0006,,62.5526,books-genre-a=5 | books-genre-b=5
q078,climate change and environmental collapse,Torso,CrossStripe,Mixed,Vector,minmax-norm,0.8893132282328536,0.9,0.8181818181818182,0.6888888888888889,0.6664690963722014,0.6365156018326262,1,2,0.0006,,62.5764,books-genre-a=3 | books-genre-b=7
q078,climate change and environmental collapse,Torso,CrossStripe,Mixed,Vector,zscore-norm,0.8728850527990283,0.7,0.5384615384615384,0.8222222222222222,0.6380498159896483,0.6734674442401662,1,2,0.0006,,62.5766,books-genre-a=5 | books-genre-b=5
q078,climate change and environmental collapse,Torso,CrossStripe,Mixed,Vector,vector-similarity,1,1,1,1,0.9999999999999998,0.7308987695553354,1,2,0.0006,,62.5502,books-genre-a=2 | books-genre-b=8
q079,memory and how unreliable it can be,Torso,CrossStripe,Conceptual,Vector,single-index,1,1,1,1,1,0.5822496500752924,1,1,0.000583333,,72.9059,books-oracle2=10
q079,memory and how unreliable it can be,Torso,CrossStripe,Conceptual,Vector,naive-score,1,1,1,1,0.9999999999999998,0.5822496500752924,1,2,0.0006,,62.7294,books-genre-a=3 | books-genre-b=7
q079,memory and how unreliable it can be,Torso,CrossStripe,Conceptual,Vector,interleave,0.8329755476373681,0.8,0.6666666666666666,0.3888888888888889,0.5087176567803603,0.6889196430919179,1,2,0.0006,,62.6918,books-genre-a=5 | books-genre-b=5
q079,memory and how unreliable it can be,Torso,CrossStripe,Conceptual,Vector,quota-merge,0.929289867065288,0.8,0.6666666666666666,0.5555555555555556,0.7227056342505259,0.640998067274796,1,2,0.0006,,62.6816,books-genre-a=5 | books-genre-b=5
q079,memory and how unreliable it can be,Torso,CrossStripe,Conceptual,Vector,global-rrf,0.929289867065288,0.8,0.6666666666666666,0.5555555555555556,0.7227056342505259,0.640998067274796,1,2,0.0006,,62.6989,books-genre-a=5 | books-genre-b=5
q079,memory and how unreliable it can be,Torso,CrossStripe,Conceptual,Vector,minmax-norm,0.896893828660051,0.6,0.42857142857142855,0.8888888888888888,0.7234148487349299,0.6873620639447332,1,2,0.0006,,62.723,books-genre-a=7 | books-genre-b=3
q079,memory and how unreliable it can be,Torso,CrossStripe,Conceptual,Vector,zscore-norm,0.896893828660051,0.6,0.42857142857142855,0.8888888888888888,0.7234148487349299,0.6873620639447332,1,2,0.0006,,62.7401,books-genre-a=7 | books-genre-b=3
q079,memory and how unreliable it can be,Torso,CrossStripe,Conceptual,Vector,vector-similarity,1,1,1,1,0.9999999999999998,0.5822496500752924,1,2,0.0006,,62.6959,books-genre-a=3 | books-genre-b=7
q080,a doctor confronting the limits of medicine,Tail,CrossStripe,Conceptual,Vector,single-index,1,1,1,1,1,0.8735688610496498,1,1,0.000583333,,73.3439,books-oracle2=10
q080,a doctor confronting the limits of medicine,Tail,CrossStripe,Conceptual,Vector,naive-score,1,1,1,1,0.9999999999999998,0.8735688610496498,1,2,0.0011,,64.5578,books-genre-b=10
q080,a doctor confronting the limits of medicine,Tail,CrossStripe,Conceptual,Vector,interleave,0.7678554892682629,0.5,0.3333333333333333,0.3333333333333333,0.38293264596589754,0.5478188732882617,1,2,0.0011,,64.5428,books-genre-a=5 | books-genre-b=5
q080,a doctor confronting the limits of medicine,Tail,CrossStripe,Conceptual,Vector,quota-merge,0.7822717022591037,0.5,0.3333333333333333,0.4222222222222222,0.44453355474920275,0.557236368166271,1,2,0.0011,,64.5356,books-genre-a=5 | books-genre-b=5
q080,a doctor confronting the limits of medicine,Tail,CrossStripe,Conceptual,Vector,global-rrf,0.7822717022591037,0.5,0.3333333333333333,0.4222222222222222,0.44453355474920275,0.557236368166271,1,2,0.0011,,64.54990000000001,books-genre-a=5 | books-genre-b=5
q080,a doctor confronting the limits of medicine,Tail,CrossStripe,Conceptual,Vector,minmax-norm,0.7877972506760604,0.5,0.3333333333333333,0.5111111111111111,0.47985860832724264,0.5600809090073565,1,2,0.0011,,64.5737,books-genre-a=5 | books-genre-b=5
q080,a doctor confronting the limits of medicine,Tail,CrossStripe,Conceptual,Vector,zscore-norm,0.7822717022591037,0.5,0.3333333333333333,0.4222222222222222,0.44453355474920275,0.557236368166271,1,2,0.0011,,64.5712,books-genre-a=5 | books-genre-b=5
q080,a doctor confronting the limits of medicine,Tail,CrossStripe,Conceptual,Vector,vector-similarity,1,1,1,1,0.9999999999999998,0.8735688610496498,1,2,0.0011,,64.6191,books-genre-b=10
q081,immortality and the cost of living forever,Tail,CrossStripe,Conceptual,Vector,single-index,1,1,1,1,1,0.4789924411292169,1,1,0.000583333,,73.9741,books-oracle2=10
q081,immortality and the cost of living forever,Tail,CrossStripe,Conceptual,Vector,naive-score,0.9164434866841276,0.8,0.6666666666666666,1,0.9173241350647414,0.4603753673567083,1,2,0.0011,,70.8858,books-genre-a=7 | books-genre-b=3
q081,immortality and the cost of living forever,Tail,CrossStripe,Conceptual,Vector,interleave,0.8895242848226872,0.8,0.6666666666666666,0.7222222222222222,0.6980465615234515,0.5468254649931402,1,2,0.0011,,70.7883,books-genre-a=5 | books-genre-b=5
q081,immortality and the cost of living forever,Tail,CrossStripe,Conceptual,Vector,quota-merge,0.9437502517987922,0.8,0.6666666666666666,0.7222222222222222,0.844237071499229,0.47682412644991307,1,2,0.0011,,70.7788,books-genre-a=5 | books-genre-b=5
q081,immortality and the cost of living forever,Tail,CrossStripe,Conceptual,Vector,global-rrf,0.9437502517987922,0.8,0.6666666666666666,0.7222222222222222,0.844237071499229,0.47682412644991307,1,2,0.0011,,70.8405,books-genre-a=5 | books-genre-b=5
q081,immortality and the cost of living forever,Tail,CrossStripe,Conceptual,Vector,minmax-norm,0.897269427283528,0.8,0.6666666666666666,0.7857142857142857,0.8387090324756892,0.41926820657835956,1,2,0.0011,,70.8237,books-genre-a=8 | books-genre-b=2
q081,immortality and the cost of living forever,Tail,CrossStripe,Conceptual,Vector,zscore-norm,0.9145172613734966,0.8,0.6666666666666666,0.9285714285714286,0.8758699568794752,0.47345324059627064,1,2,0.0011,,70.8221,books-genre-a=7 | books-genre-b=3
q081,immortality and the cost of living forever,Tail,CrossStripe,Conceptual,Vector,vector-similarity,0.9164434866841276,0.8,0.6666666666666666,1,0.9173241350647414,0.4603753673567083,1,2,0.0011,,70.79350000000001,books-genre-a=7 | books-genre-b=3
q082,twins separated at birth,Tail,CrossStripe,Lexical,Vector,single-index,1,1,1,1,1,0.23325372558911645,0.9,1,0.000583333,,74.0069,books-oracle2=10
q082,twins separated at birth,Tail,CrossStripe,Lexical,Vector,naive-score,0.9851534011567502,0.9,0.8181818181818182,1,0.9306158398431449,0.23621652967724674,0.9,2,0.0006,,62.6179,books-genre-a=8 | books-genre-b=2
q082,twins separated at birth,Tail,CrossStripe,Lexical,Vector,interleave,0.9253928248675279,0.6,0.42857142857142855,0.5555555555555556,0.6230155755095205,0.2154057979208056,0.9,2,0.0006,,62.6031,books-genre-a=5 | books-genre-b=5
q082,twins separated at birth,Tail,CrossStripe,Lexical,Vector,quota-merge,0.8104439481896931,0.6,0.42857142857142855,0.4666666666666667,0.42802740404549156,0.2154057979208056,0.9,2,0.0006,,62.5932,books-genre-a=5 | books-genre-b=5
q082,twins separated at birth,Tail,CrossStripe,Lexical,Vector,global-rrf,0.8104439481896931,0.6,0.42857142857142855,0.4666666666666667,0.42802740404549156,0.2154057979208056,0.9,2,0.0006,,62.6106,books-genre-a=5 | books-genre-b=5
q082,twins separated at birth,Tail,CrossStripe,Lexical,Vector,minmax-norm,0.8308176622161022,0.8,0.6666666666666666,0.4222222222222222,0.4997358925114424,0.220668798539541,0.9,2,0.0006,,62.6445,books-genre-a=7 | books-genre-b=3
q082,twins separated at birth,Tail,CrossStripe,Lexical,Vector,zscore-norm,0.7916450266292839,0.8,0.6666666666666666,0.24444444444444444,0.40246643540113086,0.21680135541393583,0.9,2,0.0006,,62.6372,books-genre-a=7 | books-genre-b=3
q082,twins separated at birth,Tail,CrossStripe,Lexical,Vector,vector-similarity,0.9851534011567502,0.9,0.8181818181818182,1,0.9306158398431449,0.23621652967724674,0.9,2,0.0006,,62.6073,books-genre-a=8 | books-genre-b=2
q083,a letter that arrives decades too late,Tail,CrossStripe,Conceptual,Vector,single-index,1,1,1,1,1,0.4825364502992288,1,1,0.000583333,,74.2472,books-oracle2=10
q083,a letter that arrives decades too late,Tail,CrossStripe,Conceptual,Vector,naive-score,0.7025817713751363,0.8,0.6666666666666666,1,0.6252640963502146,0.6316368172933093,1,2,0.0011,,62.548199999999994,books-genre-a=2 | books-genre-b=8
q083,a letter that arrives decades too late,Tail,CrossStripe,Conceptual,Vector,interleave,0.6676055355000626,0.6,0.42857142857142855,0.7142857142857143,0.5418992851811125,0.49982961739706594,1,2,0.0011,,62.5333,books-genre-a=5 | books-genre-b=5
q083,a letter that arrives decades too late,Tail,CrossStripe,Conceptual,Vector,quota-merge,0.6829297176942549,0.6,0.42857142857142855,0.7857142857142857,0.5492427684840978,0.6165981537306018,1,2,0.0011,,62.523399999999995,books-genre-a=5 | books-genre-b=5
q083,a letter that arrives decades too late,Tail,CrossStripe,Conceptual,Vector,global-rrf,0.6829297176942549,0.6,0.42857142857142855,0.7857142857142857,0.5492427684840978,0.6165981537306018,1,2,0.0011,,62.5425,books-genre-a=5 | books-genre-b=5
q083,a letter that arrives decades too late,Tail,CrossStripe,Conceptual,Vector,minmax-norm,0.6990889748435085,0.7,0.5384615384615384,0.9285714285714286,0.6101365207460648,0.6157632212654868,1,2,0.0011,,62.5697,books-genre-a=4 | books-genre-b=6
q083,a letter that arrives decades too late,Tail,CrossStripe,Conceptual,Vector,zscore-norm,0.6782076303820339,0.7,0.5384615384615384,0.8571428571428571,0.6027930374430797,0.49962561961400953,1,2,0.0011,,62.5674,books-genre-a=4 | books-genre-b=6
q083,a letter that arrives decades too late,Tail,CrossStripe,Conceptual,Vector,vector-similarity,0.7025817713751363,0.8,0.6666666666666666,1,0.6252640963502146,0.6316368172933093,1,2,0.0011,,62.538999999999994,books-genre-a=2 | books-genre-b=8
q084,music and the people who devote their lives to it,Torso,CrossStripe,Conceptual,Vector,single-index,1,1,1,1,1,0.6105840824407147,1,1,0.000583333,,73.7352,books-oracle2=10
q084,music and the people who devote their lives to it,Torso,CrossStripe,Conceptual,Vector,naive-score,0.9452694559895504,0.9,0.8181818181818182,1,0.9026342695680903,0.6187985754089188,1,2,0.0011,,63.080400000000004,books-genre-a=1 | books-genre-b=9
q084,music and the people who devote their lives to it,Torso,CrossStripe,Conceptual,Vector,interleave,0.5903969134661661,0.6,0.42857142857142855,0.4666666666666667,0.3888808674413157,0.4840678642187169,1,2,0.0011,,63.0835,books-genre-a=5 | books-genre-b=5
q084,music and the people who devote their lives to it,Torso,CrossStripe,Conceptual,Vector,quota-merge,0.7475529421226697,0.6,0.42857142857142855,0.4666666666666667,0.5742179140212692,0.48824222107246307,1,2,0.0011,,63.0578,books-genre-a=5 | books-genre-b=5
q084,music and the people who devote their lives to it,Torso,CrossStripe,Conceptual,Vector,global-rrf,0.7475529421226697,0.6,0.42857142857142855,0.4666666666666667,0.5742179140212692,0.48824222107246307,1,2,0.0011,,63.0779,books-genre-a=5 | books-genre-b=5
q084,music and the people who devote their lives to it,Torso,CrossStripe,Conceptual,Vector,minmax-norm,0.8896748167316616,0.9,0.8181818181818182,0.6666666666666666,0.7006722854508896,0.5329162845387566,1,2,0.0011,,63.104600000000005,books-genre-a=2 | books-genre-b=8
q084,music and the people who devote their lives to it,Torso,CrossStripe,Conceptual,Vector,zscore-norm,0.6892651999794857,0.8,0.6666666666666666,0.5714285714285714,0.4715567323765742,0.514807401520459,1,2,0.0011,,63.098400000000005,books-genre-a=3 | books-genre-b=7
q084,music and the people who devote their lives to it,Torso,CrossStripe,Conceptual,Vector,vector-similarity,0.9452694559895504,0.9,0.8181818181818182,1,0.9026342695680903,0.6187985754089188,1,2,0.0011,,63.0707,books-genre-a=1 | books-genre-b=9
q085,a trial that divides a town,Torso,CrossStripe,Conceptual,Vector,single-index,1,1,1,1,1,0.36566891315566896,0.9,1,0.000583333,,72.4763,books-oracle2=10
q085,a trial that divides a town,Torso,CrossStripe,Conceptual,Vector,naive-score,0.8538484439374456,0.8,0.6666666666666666,1,0.7428523648485651,0.3208348576564587,0.9,2,0.0006,,62.5453,books-genre-a=3 | books-genre-b=7
q085,a trial that divides a town,Torso,CrossStripe,Conceptual,Vector,interleave,0.7941522356346691,0.6,0.42857142857142855,0.5,0.5102938217397356,0.35959468892154645,0.9,2,0.0006,,62.5327,books-genre-a=5 | books-genre-b=5
q085,a trial that divides a town,Torso,CrossStripe,Conceptual,Vector,quota-merge,0.7859820499314949,0.6,0.42857142857142855,0.5714285714285714,0.5304405523377749,0.3573374587026001,0.9,2,0.0006,,62.5236,books-genre-a=5 | books-genre-b=5
q085,a trial that divides a town,Torso,CrossStripe,Conceptual,Vector,global-rrf,0.7859820499314949,0.6,0.42857142857142855,0.5714285714285714,0.5304405523377749,0.3573374587026001,0.9,2,0.0006,,62.5422,books-genre-a=5 | books-genre-b=5
q085,a trial that divides a town,Torso,CrossStripe,Conceptual,Vector,minmax-norm,0.7842518010131209,0.6,0.42857142857142855,0.7142857142857143,0.5572069229894556,0.3553061162326083,0.9,2,0.0006,,62.5687,books-genre-a=5 | books-genre-b=5
q085,a trial that divides a town,Torso,CrossStripe,Conceptual,Vector,zscore-norm,0.7854548693712117,0.6,0.42857142857142855,0.6428571428571429,0.5420968750409262,0.35867700208625075,0.9,2,0.0006,,62.5685,books-genre-a=5 | books-genre-b=5
q085,a trial that divides a town,Torso,CrossStripe,Conceptual,Vector,vector-similarity,0.8538484439374456,0.8,0.6666666666666666,1,0.7428523648485651,0.3208348576564587,0.9,2,0.0006,,62.538,books-genre-a=3 | books-genre-b=7
q086,forbidden love across a social divide,Torso,CrossStripe,Conceptual,Vector,single-index,1,1,1,1,1,0.5069614858495151,1,1,0.000316667,,100.6934,books-oracle2=10
q086,forbidden love across a social divide,Torso,CrossStripe,Conceptual,Vector,naive-score,0.705918570668866,0.8,0.6666666666666666,1,0.5893183715698023,0.4020604261375865,0.9,2,0.0006,,90.7324,books-genre-b=10
q086,forbidden love across a social divide,Torso,CrossStripe,Conceptual,Vector,interleave,0.5584179282826547,0.4,0.25,-0.047619047619047616,0.1750224403732786,0.4312917585671962,0.9,2,0.0006,,90.71759999999999,books-genre-a=5 | books-genre-b=5
q086,forbidden love across a social divide,Torso,CrossStripe,Conceptual,Vector,quota-merge,0.5435778364107718,0.4,0.25,0.047619047619047616,0.22813294126169587,0.406186179199748,0.9,2,0.0006,,90.7085,books-genre-a=5 | books-genre-b=5
q086,forbidden love across a social divide,Torso,CrossStripe,Conceptual,Vector,global-rrf,0.5435778364107718,0.4,0.25,0.047619047619047616,0.22813294126169587,0.406186179199748,0.9,2,0.0006,,90.726,books-genre-a=5 | books-genre-b=5
q086,forbidden love across a social divide,Torso,CrossStripe,Conceptual,Vector,minmax-norm,0.3396997660526613,0.2,0.1111111111111111,-0.2,0.019239926253821527,0.4065929498544968,0.9,2,0.0006,,90.8427,books-genre-a=7 | books-genre-b=3
q086,forbidden love across a social divide,Torso,CrossStripe,Conceptual,Vector,zscore-norm,0.45788149153355945,0.3,0.17647058823529413,-0.2,0.15274897132595724,0.351242000287682,0.9,2,0.0006,,90.75059999999999,books-genre-a=6 | books-genre-b=4
q086,forbidden love across a social divide,Torso,CrossStripe,Conceptual,Vector,vector-similarity,0.705918570668866,0.8,0.6666666666666666,1,0.5893183715698023,0.4020604261375865,0.9,2,0.0006,,90.7226,books-genre-b=10
q087,an old man looking back on his life,Torso,CrossStripe,Conceptual,Vector,single-index,1,1,1,1,1,0.5795518350348864,1,1,0.000316667,,74.8432,books-oracle2=10
q087,an old man looking back on his life,Torso,CrossStripe,Conceptual,Vector,naive-score,1,1,1,1,0.9999999999999998,0.5795518350348864,1,2,0.0008500000000000001,,63.2334,books-genre-a=1 | books-genre-b=9
q087,an old man looking back on his life,Torso,CrossStripe,Conceptual,Vector,interleave,0.7992707180380337,0.6,0.42857142857142855,0.5714285714285714,0.5908428515585166,0.48376308099712095,1,2,0.0008500000000000001,,63.2194,books-genre-a=5 | books-genre-b=5
q087,an old man looking back on his life,Torso,CrossStripe,Conceptual,Vector,quota-merge,0.8035816940615141,0.6,0.42857142857142855,0.7142857142857143,0.6226459048597072,0.4826394523792402,1,2,0.0008500000000000001,,63.210300000000004,books-genre-a=5 | books-genre-b=5
q087,an old man looking back on his life,Torso,CrossStripe,Conceptual,Vector,global-rrf,0.8035816940615141,0.6,0.42857142857142855,0.7142857142857143,0.6226459048597072,0.4826394523792402,1,2,0.0008500000000000001,,63.2269,books-genre-a=5 | books-genre-b=5
q087,an old man looking back on his life,Torso,CrossStripe,Conceptual,Vector,minmax-norm,0.9062555444663821,0.9,0.8181818181818182,0.9444444444444444,0.8123386251109506,0.47587983363686615,1,2,0.0008500000000000001,,63.253,books-genre-a=2 | books-genre-b=8
q087,an old man looking back on his life,Torso,CrossStripe,Conceptual,Vector,zscore-norm,0.8477912213642792,0.7,0.5384615384615384,0.8333333333333334,0.671883334418523,0.42494240413765294,1,2,0.0008500000000000001,,63.2524,books-genre-a=4 | books-genre-b=6
q087,an old man looking back on his life,Torso,CrossStripe,Conceptual,Vector,vector-similarity,1,1,1,1,0.9999999999999998,0.5795518350348864,1,2,0.0008500000000000001,,63.222500000000004,books-genre-a=1 | books-genre-b=9
q088,letters and diaries as a way of telling a story,Tail,CrossStripe,Conceptual,Vector,single-index,1,1,1,1,1,0.6167306781766959,1,1,0.000583333,,74.0033,books-oracle2=10
q088,letters and diaries as a way of telling a story,Tail,CrossStripe,Conceptual,Vector,naive-score,1,1,1,1,0.9999999999999998,0.6167306781766959,1,2,0.0006,,63.142700000000005,books-genre-a=3 | books-genre-b=7
q088,letters and diaries as a way of telling a story,Tail,CrossStripe,Conceptual,Vector,interleave,0.8487222245798897,0.8,0.6666666666666666,0.5555555555555556,0.598919966113478,0.5386011284583784,1,2,0.0006,,63.1291,books-genre-a=5 | books-genre-b=5
q088,letters and diaries as a way of telling a story,Tail,CrossStripe,Conceptual,Vector,quota-merge,0.8527027322901972,0.8,0.6666666666666666,0.6666666666666666,0.638066502717654,0.5503867484214114,1,2,0.0006,,63.1208,books-genre-a=5 | books-genre-b=5
q088,letters and diaries as a way of telling a story,Tail,CrossStripe,Conceptual,Vector,global-rrf,0.8527027322901972,0.8,0.6666666666666666,0.6666666666666666,0.638066502717654,0.5503867484214114,1,2,0.0006,,63.1374,books-genre-a=5 | books-genre-b=5
q088,letters and diaries as a way of telling a story,Tail,CrossStripe,Conceptual,Vector,minmax-norm,0.8928090951931916,1,1,0.7333333333333333,0.6463390525021679,0.6109493793227425,1,2,0.0006,,63.1619,books-genre-a=3 | books-genre-b=7
q088,letters and diaries as a way of telling a story,Tail,CrossStripe,Conceptual,Vector,zscore-norm,0.8379177104684931,1,1,0.6,0.5078130070664041,0.6203009095917739,1,2,0.0006,,63.160900000000005,books-genre-a=3 | books-genre-b=7
q088,letters and diaries as a way of telling a story,Tail,CrossStripe,Conceptual,Vector,vector-similarity,1,1,1,1,0.9999999999999998,0.6167306781766959,1,2,0.0006,,63.133900000000004,books-genre-a=3 | books-genre-b=7
q089,the price of ambition,Torso,CrossStripe,Conceptual,Vector,single-index,1,1,1,1,1,0.3524264713671846,1,1,0.000583333,,73.4816,books-oracle2=10
q089,the price of ambition,Torso,CrossStripe,Conceptual,Vector,naive-score,1,1,1,1,0.9999999999999998,0.3524264713671846,1,2,0.0008500000000000001,,62.977000000000004,books-genre-a=6 | books-genre-b=4
q089,the price of ambition,Torso,CrossStripe,Conceptual,Vector,interleave,0.9441027672070762,0.9,0.8181818181818182,0.9111111111111111,0.8288614625426676,0.3479700903139188,1,2,0.0008500000000000001,,62.9612,books-genre-a=5 | books-genre-b=5
q089,the price of ambition,Torso,CrossStripe,Conceptual,Vector,quota-merge,0.9966671304724674,0.9,0.8181818181818182,0.8666666666666667,0.9335977943331792,0.38569316356793265,1,2,0.0008500000000000001,,62.9533,books-genre-a=5 | books-genre-b=5
q089,the price of ambition,Torso,CrossStripe,Conceptual,Vector,global-rrf,0.9966671304724674,0.9,0.8181818181818182,0.8666666666666667,0.9335977943331792,0.38569316356793265,1,2,0.0008500000000000001,,62.9697,books-genre-a=5 | books-genre-b=5
q089,the price of ambition,Torso,CrossStripe,Conceptual,Vector,minmax-norm,0.9885809794065978,0.9,0.8181818181818182,0.8222222222222222,0.9019453233342466,0.38571969430815684,1,2,0.0008500000000000001,,62.9956,books-genre-a=7 | books-genre-b=3
q089,the price of ambition,Torso,CrossStripe,Conceptual,Vector,zscore-norm,1,1,1,1,0.9999999999999998,0.3524264713671846,1,2,0.0008500000000000001,,62.9949,books-genre-a=6 | books-genre-b=4
q089,the price of ambition,Torso,CrossStripe,Conceptual,Vector,vector-similarity,1,1,1,1,0.9999999999999998,0.3524264713671846,1,2,0.0008500000000000001,,62.966100000000004,books-genre-a=6 | books-genre-b=4
q090,a con artist whose scheme goes wrong,Tail,CrossStripe,Conceptual,Vector,single-index,1,1,1,1,1,0.3463357716730406,1,1,0.000583333,,73.3042,books-oracle2=10
q090,a con artist whose scheme goes wrong,Tail,CrossStripe,Conceptual,Vector,naive-score,0.8728861812489203,0.8,0.6666666666666666,1,0.7638143609509146,0.4376302128841026,1,2,0.0011,,63.5662,books-genre-a=8 | books-genre-b=2
q090,a con artist whose scheme goes wrong,Tail,CrossStripe,Conceptual,Vector,interleave,0.8236629256280507,0.6,0.42857142857142855,0.7857142857142857,0.650997145784575,0.565757750343204,1,2,0.0011,,63.5501,books-genre-a=5 | books-genre-b=5
q090,a con artist whose scheme goes wrong,Tail,CrossStripe,Conceptual,Vector,quota-merge,0.8260645385680764,0.6,0.42857142857142855,0.7142857142857143,0.6393408230814237,0.5699745757747657,1,2,0.0011,,63.5475,books-genre-a=5 | books-genre-b=5
q090,a con artist whose scheme goes wrong,Tail,CrossStripe,Conceptual,Vector,global-rrf,0.8260645385680764,0.6,0.42857142857142855,0.7142857142857143,0.6393408230814237,0.5699745757747657,1,2,0.0011,,63.557300000000005,books-genre-a=5 | books-genre-b=5
q090,a con artist whose scheme goes wrong,Tail,CrossStripe,Conceptual,Vector,minmax-norm,0.8335380989364022,0.7,0.5384615384615384,0.7857142857142857,0.6928910920404056,0.5505187111939791,1,2,0.0011,,63.6019,books-genre-a=6 | books-genre-b=4
q090,a con artist whose scheme goes wrong,Tail,CrossStripe,Conceptual,Vector,zscore-norm,0.6856082256678225,0.7,0.5384615384615384,0.7857142857142857,0.5393570987616426,0.6376165977420651,1,2,0.0011,,63.5816,books-genre-a=6 | books-genre-b=4
q090,a con artist whose scheme goes wrong,Tail,CrossStripe,Conceptual,Vector,vector-similarity,0.8728861812489203,0.8,0.6666666666666666,1,0.7638143609509146,0.4376302128841026,1,2,0.0011,,63.5539,books-genre-a=8 | books-genre-b=2
q091,prison,Head,CrossStripe,Lexical,Vector,single-index,1,1,1,1,1,0.9552009891550426,1,1,0.000583333,,73.0423,books-oracle2=10
q091,prison,Head,CrossStripe,Lexical,Vector,naive-score,1,1,1,1,0.9999999999999998,0.9552009891550426,1,2,0.0011,,62.851,books-genre-a=6 | books-genre-b=4
q091,prison,Head,CrossStripe,Lexical,Vector,interleave,0.9098220185018883,0.9,0.8181818181818182,0.8222222222222222,0.7134504726533927,0.9552009891550426,1,2,0.0011,,62.75429999999999,books-genre-a=5 | books-genre-b=5
q091,prison,Head,CrossStripe,Lexical,Vector,quota-merge,0.9148523144223323,0.9,0.8181818181818182,0.7777777777777778,0.7359048448325219,0.9552009891550426,1,2,0.0011,,62.7457,books-genre-a=5 | books-genre-b=5
q091,prison,Head,CrossStripe,Lexical,Vector,global-rrf,0.9148523144223323,0.9,0.8181818181818182,0.7777777777777778,0.7359048448325219,0.9552009891550426,1,2,0.0011,,62.7624,books-genre-a=5 | books-genre-b=5
q091,prison,Head,CrossStripe,Lexical,Vector,minmax-norm,0.908491715198381,1,1,0.6888888888888889,0.6719942365050606,0.9621404437403491,1,2,0.0011,,62.785799999999995,books-genre-a=6 | books-genre-b=4
q091,prison,Head,CrossStripe,Lexical,Vector,zscore-norm,1,1,1,1,0.9999999999999998,0.9552009891550426,1,2,0.0011,,62.785199999999996,books-genre-a=6 | books-genre-b=4
q091,prison,Head,CrossStripe,Lexical,Vector,vector-similarity,1,1,1,1,0.9999999999999998,0.9552009891550426,1,2,0.0011,,62.7591,books-genre-a=6 | books-genre-b=4
q092,language and the way words shape thought,Tail,CrossStripe,Conceptual,Vector,single-index,1,1,1,1,1,0.6742614345920848,1,1,0.000316667,,75.8687,books-oracle2=10
q092,language and the way words shape thought,Tail,CrossStripe,Conceptual,Vector,naive-score,1,1,1,1,0.9999999999999998,0.6742614345920848,1,2,0.0008500000000000001,,62.8691,books-genre-a=1 | books-genre-b=9
q092,language and the way words shape thought,Tail,CrossStripe,Conceptual,Vector,interleave,0.785442536380644,0.6,0.42857142857142855,0.35714285714285715,0.5217525545830732,0.750505300896881,1,2,0.0008500000000000001,,62.855700000000006,books-genre-a=5 | books-genre-b=5
q092,language and the way words shape thought,Tail,CrossStripe,Conceptual,Vector,quota-merge,0.7884827443242269,0.6,0.42857142857142855,0.42857142857142855,0.5418992851811125,0.7479383546646069,1,2,0.0008500000000000001,,62.8461,books-genre-a=5 | books-genre-b=5
q092,language and the way words shape thought,Tail,CrossStripe,Conceptual,Vector,global-rrf,0.7884827443242269,0.6,0.42857142857142855,0.42857142857142855,0.5418992851811125,0.7479383546646069,1,2,0.0008500000000000001,,62.8618,books-genre-a=5 | books-genre-b=5
q092,language and the way words shape thought,Tail,CrossStripe,Conceptual,Vector,minmax-norm,0.8545463297075871,0.7,0.5384615384615384,0.6666666666666666,0.6880626771012736,0.6954664092301502,1,2,0.0008500000000000001,,62.8868,books-genre-a=4 | books-genre-b=6
q092,language and the way words shape thought,Tail,CrossStripe,Conceptual,Vector,zscore-norm,0.8046684516857187,0.6,0.42857142857142855,0.5714285714285714,0.6101198340180592,0.7494350568694265,1,2,0.0008500000000000001,,62.884600000000006,books-genre-a=5 | books-genre-b=5
q092,language and the way words shape thought,Tail,CrossStripe,Conceptual,Vector,vector-similarity,1,1,1,1,0.9999999999999998,0.6742614345920848,1,2,0.0008500000000000001,,62.858200000000004,books-genre-a=1 | books-genre-b=9
q093,a house that holds a family's history,Torso,CrossStripe,Conceptual,Vector,single-index,1,1,1,1,1,0.543078349904302,1,1,0.000583333,,73.434,books-oracle2=10
q093,a house that holds a family's history,Torso,CrossStripe,Conceptual,Vector,naive-score,1,1,1,1,0.9999999999999998,0.543078349904302,1,2,0.0006,,63.2286,books-genre-a=2 | books-genre-b=8
q093,a house that holds a family's history,Torso,CrossStripe,Conceptual,Vector,interleave,0.8143394844802156,0.7,0.5384615384615384,0.2777777777777778,0.4747878650298877,0.4188147478761133,1,2,0.0006,,63.2151,books-genre-a=5 | books-genre-b=5
q093,a house that holds a family's history,Torso,CrossStripe,Conceptual,Vector,quota-merge,0.8231050104464973,0.7,0.5384615384615384,0.3333333333333333,0.5162420432151538,0.4318926211156755,1,2,0.0006,,63.204299999999996,books-genre-a=5 | books-genre-b=5
q093,a house that holds a family's history,Torso,CrossStripe,Conceptual,Vector,global-rrf,0.8231050104464973,0.7,0.5384615384615384,0.3333333333333333,0.5162420432151538,0.4318926211156755,1,2,0.0006,,63.2228,books-genre-a=5 | books-genre-b=5
q093,a house that holds a family's history,Torso,CrossStripe,Conceptual,Vector,minmax-norm,0.8232356303780152,0.7,0.5384615384615384,0.5,0.5382238037113247,0.4194799651834078,1,2,0.0006,,63.2479,books-genre-a=5 | books-genre-b=5
q093,a house that holds a family's history,Torso,CrossStripe,Conceptual,Vector,zscore-norm,0.911425020497997,0.7,0.5384615384615384,0.4444444444444444,0.6674683949128267,0.42107197809505964,1,2,0.0006,,63.2462,books-genre-a=5 | books-genre-b=5
q093,a house that holds a family's history,Torso,CrossStripe,Conceptual,Vector,vector-similarity,1,1,1,1,0.9999999999999998,0.543078349904302,1,2,0.0006,,63.2181,books-genre-a=2 | books-genre-b=8
q094,surveillance and the loss of privacy,Torso,CrossStripe,Mixed,Vector,single-index,1,1,1,1,1,0.692918801595373,1,1,0.000583333,,73.1285,books-oracle2=10
q094,surveillance and the loss of privacy,Torso,CrossStripe,Mixed,Vector,naive-score,1,1,1,1,0.9999999999999998,0.692918801595373,1,2,0.0011,,62.6536,books-genre-a=5 | books-genre-b=5
q094,surveillance and the loss of privacy,Torso,CrossStripe,Mixed,Vector,interleave,0.943267546821875,1,1,0.8666666666666667,0.7899017805874415,0.6966030368757657,1,2,0.0011,,62.6406,books-genre-a=5 | books-genre-b=5
q094,surveillance and the loss of privacy,Torso,CrossStripe,Mixed,Vector,quota-merge,0.9432101636500828,1,1,0.8222222222222222,0.7825582972844563,0.6966030368757657,1,2,0.0011,,62.6299,books-genre-a=5 | books-genre-b=5
q094,surveillance and the loss of privacy,Torso,CrossStripe,Mixed,Vector,global-rrf,0.9432101636500828,1,1,0.8222222222222222,0.7825582972844563,0.6966030368757657,1,2,0.0011,,62.649300000000004,books-genre-a=5 | books-genre-b=5
q094,surveillance and the loss of privacy,Torso,CrossStripe,Mixed,Vector,minmax-norm,0.8869189890061754,0.7,0.5384615384615384,0.7222222222222222,0.6792268177215083,0.7398828200090506,1,2,0.0011,,62.677,books-genre-a=8 | books-genre-b=2
q094,surveillance and the loss of privacy,Torso,CrossStripe,Mixed,Vector,zscore-norm,0.9605134703594359,0.9,0.8181818181818182,0.7222222222222222,0.883633622634339,0.7297423349156509,1,2,0.0011,,62.673700000000004,books-genre-a=6 | books-genre-b=4
q094,surveillance and the loss of privacy,Torso,CrossStripe,Mixed,Vector,vector-similarity,1,1,1,1,0.9999999999999998,0.692918801595373,1,2,0.0011,,62.6446,books-genre-a=5 | books-genre-b=5
q095,sisters,Head,CrossStripe,Lexical,Vector,single-index,1,1,1,1,1,0.657780269585161,0.8,1,0.000583333,,72.6571,books-oracle2=10
q095,sisters,Head,CrossStripe,Lexical,Vector,naive-score,1,1,1,1,0.9999999999999998,0.657780269585161,0.8,2,0.0011,,63.1141,books-genre-a=4 | books-genre-b=6
q095,sisters,Head,CrossStripe,Lexical,Vector,interleave,0.9397332535013367,0.9,0.8181818181818182,0.6888888888888889,0.735627668379116,0.6413466675244648,0.9,2,0.0011,,63.0997,books-genre-a=5 | books-genre-b=5
q095,sisters,Head,CrossStripe,Lexical,Vector,quota-merge,0.9416594788119674,0.9,0.8181818181818182,0.7333333333333333,0.7770818465643821,0.6544245407640271,0.9,2,0.0011,,63.090599999999995,books-genre-a=5 | books-genre-b=5
q095,sisters,Head,CrossStripe,Lexical,Vector,global-rrf,0.9416594788119674,0.9,0.8181818181818182,0.7333333333333333,0.7770818465643821,0.6544245407640271,0.9,2,0.0011,,63.1048,books-genre-a=5 | books-genre-b=5
q095,sisters,Head,CrossStripe,Lexical,Vector,minmax-norm,0.9454034852186222,1,1,0.9555555555555556,0.846466006721237,0.657780269585161,0.8,2,0.0011,,63.129599999999996,books-genre-a=4 | books-genre-b=6
q095,sisters,Head,CrossStripe,Lexical,Vector,zscore-norm,0.9416594788119674,0.9,0.8181818181818182,0.7333333333333333,0.7770818465643821,0.6544245407640271,0.9,2,0.0011,,63.128499999999995,books-genre-a=5 | books-genre-b=5
q095,sisters,Head,CrossStripe,Lexical,Vector,vector-similarity,1,1,1,1,0.9999999999999998,0.657780269585161,0.8,2,0.0011,,63.1031,books-genre-a=4 | books-genre-b=6
q096,a mentor who turns out to be wrong about everything,Tail,CrossStripe,Conceptual,Vector,single-index,1,1,1,1,1,0.18657513533462175,1,1,0.000583333,,74.771,books-oracle2=10
q096,a mentor who turns out to be wrong about everything,Tail,CrossStripe,Conceptual,Vector,naive-score,0.9452694559895504,0.9,0.8181818181818182,1,0.9026342695680903,0.15249853784949555,1,2,0.0008500000000000001,,63.015100000000004,books-genre-a=1 | books-genre-b=9
q096,a mentor who turns out to be wrong about everything,Tail,CrossStripe,Conceptual,Vector,interleave,0.6207244669711343,0.5,0.3333333333333333,0.5714285714285714,0.38293264596589754,0.09931858843343556,1,2,0.0008500000000000001,,62.9981,books-genre-a=5 | books-genre-b=5
q096,a mentor who turns out to be wrong about everything,Tail,CrossStripe,Conceptual,Vector,quota-merge,0.7896480033598101,0.5,0.3333333333333333,0.6428571428571429,0.5980675480279657,0.10589354473649137,1,2,0.0008500000000000001,,63.0661,books-genre-a=5 | books-genre-b=5
q096,a mentor who turns out to be wrong about everything,Tail,CrossStripe,Conceptual,Vector,global-rrf,0.7896480033598101,0.5,0.3333333333333333,0.6428571428571429,0.5980675480279657,0.10589354473649137,1,2,0.0008500000000000001,,63.0084,books-genre-a=5 | books-genre-b=5
q096,a mentor who turns out to be wrong about everything,Tail,CrossStripe,Conceptual,Vector,minmax-norm,0.8505945234670126,0.7,0.5384615384615384,1,0.7728498681535595,0.08411322768685976,1,2,0.0008500000000000001,,63.03,books-genre-a=3 | books-genre-b=7
q096,a mentor who turns out to be wrong about everything,Tail,CrossStripe,Conceptual,Vector,zscore-norm,0.6711677006538781,0.6,0.42857142857142855,0.7857142857142857,0.5139859899375291,0.07903719290723173,1,2,0.0008500000000000001,,63.0307,books-genre-a=4 | books-genre-b=6
q096,a mentor who turns out to be wrong about everything,Tail,CrossStripe,Conceptual,Vector,vector-similarity,0.9452694559895504,0.9,0.8181818181818182,1,0.9026342695680903,0.15249853784949555,1,2,0.0008500000000000001,,63.0019,books-genre-a=1 | books-genre-b=9
q097,winter cold and isolation in a remote place,Torso,CrossStripe,Conceptual,Vector,single-index,1,1,1,1,1,1,1,1,0.000583333,,75.083,books-oracle2=10
q097,winter cold and isolation in a remote place,Torso,CrossStripe,Conceptual,Vector,naive-score,1,1,1,1,0.9999999999999998,1,1,2,0.0008500000000000001,,63.928599999999996,books-genre-a=7 | books-genre-b=3
q097,winter cold and isolation in a remote place,Torso,CrossStripe,Conceptual,Vector,interleave,0.985726513540626,0.8,0.6666666666666666,0.9111111111111111,0.9024904226420034,1,1,2,0.0008500000000000001,,63.9424,books-genre-a=5 | books-genre-b=5
q097,winter cold and isolation in a remote place,Torso,CrossStripe,Conceptual,Vector,quota-merge,0.9110580735237609,0.8,0.6666666666666666,0.7777777777777778,0.7299566233571038,1,1,2,0.0008500000000000001,,63.9077,books-genre-a=5 | books-genre-b=5
q097,winter cold and isolation in a remote place,Torso,CrossStripe,Conceptual,Vector,global-rrf,0.9110580735237609,0.8,0.6666666666666666,0.7777777777777778,0.7299566233571038,1,1,2,0.0008500000000000001,,63.9236,books-genre-a=5 | books-genre-b=5
q097,winter cold and isolation in a remote place,Torso,CrossStripe,Conceptual,Vector,minmax-norm,0.8896065394848357,0.7,0.5384615384615384,0.6,0.6027930374430797,1,1,2,0.0008500000000000001,,63.9488,books-genre-a=4 | books-genre-b=6
q097,winter cold and isolation in a remote place,Torso,CrossStripe,Conceptual,Vector,zscore-norm,0.9853087452007657,0.9,0.8181818181818182,0.7333333333333333,0.835181412630965,1,1,2,0.0008500000000000001,,63.9479,books-genre-a=6 | books-genre-b=4
q097,winter cold and isolation in a remote place,Torso,CrossStripe,Conceptual,Vector,vector-similarity,1,1,1,1,0.9999999999999998,1,1,2,0.0008500000000000001,,63.9186,books-genre-a=7 | books-genre-b=3
q098,money and what people will do for it,Torso,CrossStripe,Conceptual,Vector,single-index,1,1,1,1,1,0.44678799014149534,1,1,0.000583333,,74.2045,books-oracle2=10
q098,money and what people will do for it,Torso,CrossStripe,Conceptual,Vector,naive-score,1,1,1,1,0.9999999999999998,0.44678799014149534,1,2,0.0006,,63.1941,books-genre-a=1 | books-genre-b=9
q098,money and what people will do for it,Torso,CrossStripe,Conceptual,Vector,interleave,0.6841879458021524,0.6,0.42857142857142855,0.3333333333333333,0.4054037048730326,0.6422234307150909,1,2,0.0006,,63.1802,books-genre-a=5 | books-genre-b=5
q098,money and what people will do for it,Torso,CrossStripe,Conceptual,Vector,quota-merge,0.6939143380447724,0.6,0.42857142857142855,0.42857142857142855,0.44455024147720845,0.6426457101871113,1,2,0.0006,,63.1713,books-genre-a=5 | books-genre-b=5
q098,money and what people will do for it,Torso,CrossStripe,Conceptual,Vector,global-rrf,0.6939143380447724,0.6,0.42857142857142855,0.42857142857142855,0.44455024147720845,0.6426457101871113,1,2,0.0006,,63.188100000000006,books-genre-a=5 | books-genre-b=5
q098,money and what people will do for it,Torso,CrossStripe,Conceptual,Vector,minmax-norm,0.7775137894863732,0.7,0.5384615384615384,0.5714285714285714,0.5925495042231157,0.5657742068342402,1,2,0.0006,,63.214800000000004,books-genre-a=4 | books-genre-b=6
q098,money and what people will do for it,Torso,CrossStripe,Conceptual,Vector,zscore-norm,0.7334558668489823,0.7,0.5384615384615384,0.35714285714285715,0.4388421402494753,0.5881136060165812,1,2,0.0006,,63.213300000000004,books-genre-a=4 | books-genre-b=6
q098,money and what people will do for it,Torso,CrossStripe,Conceptual,Vector,vector-similarity,1,1,1,1,0.9999999999999998,0.44678799014149534,1,2,0.0006,,63.185100000000006,books-genre-a=1 | books-genre-b=9
q099,a rebellion against an unjust authority,Torso,CrossStripe,Conceptual,Vector,single-index,1,1,1,1,1,0.9371166382005486,1,1,0.000583333,,73.1518,books-oracle2=10
q099,a rebellion against an unjust authority,Torso,CrossStripe,Conceptual,Vector,naive-score,1,1,1,1,0.9999999999999998,0.9371166382005486,1,2,0.0011,,62.5491,books-genre-a=2 | books-genre-b=8
q099,a rebellion against an unjust authority,Torso,CrossStripe,Conceptual,Vector,interleave,0.8979691565678429,0.7,0.5384615384615384,0.5111111111111111,0.6041345563369198,0.8702308504891342,1,2,0.0011,,62.5381,books-genre-a=5 | books-genre-b=5
q099,a rebellion against an unjust authority,Torso,CrossStripe,Conceptual,Vector,quota-merge,0.9566908765077882,0.7,0.5384615384615384,0.6888888888888889,0.7968150862198586,0.878269379562034,1,2,0.0011,,62.529,books-genre-a=5 | books-genre-b=5
q099,a rebellion against an unjust authority,Torso,CrossStripe,Conceptual,Vector,global-rrf,0.9566908765077882,0.7,0.5384615384615384,0.6888888888888889,0.7968150862198586,0.878269379562034,1,2,0.0011,,62.5462,books-genre-a=5 | books-genre-b=5
q099,a rebellion against an unjust authority,Torso,CrossStripe,Conceptual,Vector,minmax-norm,0.9724293063262743,0.8,0.6666666666666666,0.6444444444444445,0.8270527097725379,0.8825845340300185,1,2,0.0011,,62.5713,books-genre-a=4 | books-genre-b=6
q099,a rebellion against an unjust authority,Torso,CrossStripe,Conceptual,Vector,zscore-norm,0.9170692838184185,0.8,0.6666666666666666,0.5555555555555556,0.6643393623650434,0.8825845340300185,1,2,0.0011,,62.57,books-genre-a=4 | books-genre-b=6
q099,a rebellion against an unjust authority,Torso,CrossStripe,Conceptual,Vector,vector-similarity,1,1,1,1,0.9999999999999998,0.9371166382005486,1,2,0.0011,,62.5422,books-genre-a=2 | books-genre-b=8
q100,the moment everything changed,Torso,CrossStripe,Conceptual,Vector,single-index,1,1,1,1,1,0.8236998933965709,1,1,0.000583333,,73.4331,books-oracle2=10
q100,the moment everything changed,Torso,CrossStripe,Conceptual,Vector,naive-score,0.9775884238485559,0.9,0.8181818181818182,1,0.9026342695680903,0.8205228949141826,1,2,0.0011,,63.1262,books-genre-a=8 | books-genre-b=2
q100,the moment everything changed,Torso,CrossStripe,Conceptual,Vector,interleave,0.9414644783627111,0.7,0.5384615384615384,0.6444444444444445,0.6997432189693609,0.6780494608112012,1,2,0.0011,,63.112,books-genre-a=5 | books-genre-b=5
q100,the moment everything changed,Torso,CrossStripe,Conceptual,Vector,quota-merge,0.9403247881685082,0.7,0.5384615384615384,0.5555555555555556,0.6807434129632243,0.675416025555764,1,2,0.0011,,63.1028,books-genre-a=5 | books-genre-b=5
q100,the moment everything changed,Torso,CrossStripe,Conceptual,Vector,global-rrf,0.9403247881685082,0.7,0.5384615384615384,0.5555555555555556,0.6807434129632243,0.675416025555764,1,2,0.0011,,63.1212,books-genre-a=5 | books-genre-b=5
q100,the moment everything changed,Torso,CrossStripe,Conceptual,Vector,minmax-norm,0.9464253962502409,0.7,0.5384615384615384,0.7777777777777778,0.7428348371929449,0.6898286563534621,1,2,0.0011,,63.1488,books-genre-a=5 | books-genre-b=5
q100,the moment everything changed,Torso,CrossStripe,Conceptual,Vector,zscore-norm,0.8510802460134762,0.7,0.5384615384615384,0.6,0.5539757903361421,0.6804503724350792,1,2,0.0011,,63.1491,books-genre-a=5 | books-genre-b=5
q100,the moment everything changed,Torso,CrossStripe,Conceptual,Vector,vector-similarity,0.9775884238485559,0.9,0.8181818181818182,1,0.9026342695680903,0.8205228949141826,1,2,0.0011,,63.1171,books-genre-a=8 | books-genre-b=2
