queryId,query,shape,span,intent,mode,strategy,ndcg,recall,jaccard,kendallTau,rbo,judgedNdcg,judgedCoverage,queries,computeUnits,latencyMs,stripeMix
q001,dragons and ancient magic,Torso,StripeLocal,Lexical,Keyword,single-index,1,1,1,1,1,0.8771324975457362,1,1,0.000366667,66.1007,books-oracle2=10
q001,dragons and ancient magic,Torso,StripeLocal,Lexical,Keyword,naive-score,0.9999426168282078,1,1,0.9555555555555556,0.8543290079708894,0.8771324975457362,1,2,0.000516667,57.952799999999996,books-t2013-a=10
q001,dragons and ancient magic,Torso,StripeLocal,Lexical,Keyword,interleave,0.7858608116217345,0.5,0.3333333333333333,0.23809523809523808,0.506432585789978,0.5368768483647759,0.6,2,0.000516667,56.129799999999996,books-t2013-a=5 | books-t2013-b=5
q001,dragons and ancient magic,Torso,StripeLocal,Lexical,Keyword,quota-merge,0.9419198022158775,0.9,0.8181818181818182,0.6444444444444445,0.7026140996154846,0.7998213011497377,1,2,0.000516667,56.8612,books-t2013-a=9 | books-t2013-b=1
q001,dragons and ancient magic,Torso,StripeLocal,Lexical,Keyword,global-rrf,0.771595131747403,0.5,0.3333333333333333,0.14285714285714285,0.47448496593885636,0.5204907144758133,0.6,2,0.000516667,55.998099999999994,books-t2013-a=5 | books-t2013-b=5
q001,dragons and ancient magic,Torso,StripeLocal,Lexical,Keyword,minmax-norm,0.7720505339389389,0.5,0.3333333333333333,0.23809523809523808,0.4757187794506294,0.5211649526599321,0.6,2,0.000516667,57.459999999999994,books-t2013-a=5 | books-t2013-b=5
q001,dragons and ancient magic,Torso,StripeLocal,Lexical,Keyword,zscore-norm,0.7720505339389389,0.5,0.3333333333333333,0.23809523809523808,0.4757187794506294,0.5211649526599321,0.6,2,0.000516667,57.5556,books-t2013-a=5 | books-t2013-b=5
q001,dragons and ancient magic,Torso,StripeLocal,Lexical,Keyword,idf-correct-probe,0.9999426168282078,1,1,0.9555555555555556,0.8543290079708894,0.8771324975457362,1,10,0.0006500029999999999,417.9602,books-t2013-a=10
q001,dragons and ancient magic,Torso,StripeLocal,Lexical,Keyword,idf-correct-sidecar,0.9999426168282078,1,1,0.9555555555555556,0.8543290079708894,0.8771324975457362,1,2,0.000516667,56.54089999999999,books-t2013-a=10
q002,a young wizard learning to control his powers at a school of magic,Torso,StripeLocal,Conceptual,Keyword,single-index,1,1,1,1,1,0.44426423489927896,1,1,0.000433333,72.5319,books-oracle2=10
q002,a young wizard learning to control his powers at a school of magic,Torso,StripeLocal,Conceptual,Keyword,naive-score,1,1,1,1,0.8591367550184259,0.44426423489927896,1,2,0.000766666,57.782799999999995,books-t2013-a=10
q002,a young wizard learning to control his powers at a school of magic,Torso,StripeLocal,Conceptual,Keyword,interleave,0.8577265120954329,0.5,0.3333333333333333,0.2777777777777778,0.5184622726476124,0.267813401250111,0.8,2,0.000766666,57.729699999999994,books-t2013-a=5 | books-t2013-b=5
q002,a young wizard learning to control his powers at a school of magic,Torso,StripeLocal,Conceptual,Keyword,quota-merge,0.9493110593336769,0.9,0.8181818181818182,0.6444444444444445,0.7037562873906468,0.36089305004605,1,2,0.000766666,57.7123,books-t2013-a=9 | books-t2013-b=1
q002,a young wizard learning to control his powers at a school of magic,Torso,StripeLocal,Conceptual,Keyword,global-rrf,0.8561482477660473,0.5,0.3333333333333333,0.2222222222222222,0.5108309281277129,0.2661279583232898,0.8,2,0.000766666,57.7377,books-t2013-a=5 | books-t2013-b=5
q002,a young wizard learning to control his powers at a school of magic,Torso,StripeLocal,Conceptual,Keyword,minmax-norm,0.8677806847340502,0.6,0.42857142857142855,-0.022222222222222223,0.4534375803459217,0.2418862859610237,0.9,2,0.000766666,57.7752,books-t2013-a=6 | books-t2013-b=4
q002,a young wizard learning to control his powers at a school of magic,Torso,StripeLocal,Conceptual,Keyword,zscore-norm,0.8729472868050823,0.6,0.42857142857142855,0.022222222222222223,0.46662755852846405,0.24863113462396935,0.9,2,0.000766666,57.7727,books-t2013-a=6 | books-t2013-b=4
q002,a young wizard learning to control his powers at a school of magic,Torso,StripeLocal,Conceptual,Keyword,idf-correct-probe,1,1,1,1,0.8591367550184259,0.44426423489927896,1,14,0.00096667,580.078,books-t2013-a=10
q002,a young wizard learning to control his powers at a school of magic,Torso,StripeLocal,Conceptual,Keyword,idf-correct-sidecar,1,1,1,1,0.8591367550184259,0.44426423489927896,1,2,0.000766666,57.8094,books-t2013-a=10
q003,epic fantasy quest to destroy an artifact,Torso,StripeLocal,Mixed,Keyword,single-index,1,1,1,1,1,0.2748545757000134,1,1,0.000416667,67.6879,books-oracle2=10
q003,epic fantasy quest to destroy an artifact,Torso,StripeLocal,Mixed,Keyword,naive-score,1,1,1,1,0.8591367550184259,0.2748545757000134,1,2,0.000733334,56.9169,books-t2013-a=8 | books-t2013-b=2
q003,epic fantasy quest to destroy an artifact,Torso,StripeLocal,Mixed,Keyword,interleave,0.9282997477410387,0.7,0.5384615384615384,0.6666666666666666,0.6745389440523686,0.16338026033518457,0.8,2,0.000733334,56.8711,books-t2013-a=5 | books-t2013-b=5
q003,epic fantasy quest to destroy an artifact,Torso,StripeLocal,Mixed,Keyword,quota-merge,0.9089658563390909,0.9,0.8181818181818182,0.8666666666666667,0.6811500521361644,0.23376380480662962,0.9,2,0.000733334,56.8487,books-t2013-a=9 | books-t2013-b=1
q003,epic fantasy quest to destroy an artifact,Torso,StripeLocal,Mixed,Keyword,global-rrf,0.8517991347079953,0.7,0.5384615384615384,0.5555555555555556,0.5608309184491412,0.14244684835125934,0.8,2,0.000733334,56.884499999999996,books-t2013-a=5 | books-t2013-b=5
q003,epic fantasy quest to destroy an artifact,Torso,StripeLocal,Mixed,Keyword,minmax-norm,0.7904507502575058,0.6,0.42857142857142855,0.35714285714285715,0.4625626320887313,0.12517262939548715,0.7,2,0.000733334,56.921499999999995,books-t2013-a=4 | books-t2013-b=6
q003,epic fantasy quest to destroy an artifact,Torso,StripeLocal,Mixed,Keyword,zscore-norm,0.8776254362456172,0.6,0.42857142857142855,0.5,0.6038615806423214,0.14610604137941235,0.7,2,0.000733334,56.9169,books-t2013-a=4 | books-t2013-b=6
q003,epic fantasy quest to destroy an artifact,Torso,StripeLocal,Mixed,Keyword,idf-correct-probe,0.9969310189632548,1,1,0.7777777777777778,0.8036556232010772,0.2785190221431072,1,12,0.0009000039999999999,496.5111,books-t2013-a=8 | books-t2013-b=2
q003,epic fantasy quest to destroy an artifact,Torso,StripeLocal,Mixed,Keyword,idf-correct-sidecar,1,1,1,1,0.8591367550184259,0.2748545757000134,1,2,0.000733334,56.9306,books-t2013-a=8 | books-t2013-b=2
q004,vampires,Head,StripeLocal,Lexical,Keyword,single-index,1,1,1,1,1,1,1,1,0.000316667,93.3891,books-oracle2=10
q004,vampires,Head,StripeLocal,Lexical,Keyword,naive-score,0.7485602697119006,0.8,0.6666666666666666,0.5,0.4909453613850979,0.6698623505528797,0.8,2,0.00045,54.7553,books-t2013-a=8 | books-t2013-b=2
q004,vampires,Head,StripeLocal,Lexical,Keyword,interleave,0.7544188367738733,0.5,0.3333333333333333,0.3333333333333333,0.5064294542400328,0.5548989126424904,0.5,2,0.00045,54.732699999999994,books-t2013-a=5 | books-t2013-b=5
q004,vampires,Head,StripeLocal,Lexical,Keyword,quota-merge,0.9439459942588698,0.9,0.8181818181818182,0.6,0.7027923121142982,0.8611375561264454,0.9,2,0.00045,54.7127,books-t2013-a=9 | books-t2013-b=1
q004,vampires,Head,StripeLocal,Lexical,Keyword,global-rrf,0.7525635482732502,0.5,0.3333333333333333,0.3333333333333333,0.5016217071924963,0.552265477387053,0.5,2,0.00045,54.7367,books-t2013-a=5 | books-t2013-b=5
q004,vampires,Head,StripeLocal,Lexical,Keyword,minmax-norm,0.886587744381426,0.8,0.6666666666666666,0.5555555555555556,0.6186032816093678,0.7663491917568946,0.8,2,0.00045,54.776399999999995,books-t2013-a=8 | books-t2013-b=2
q004,vampires,Head,StripeLocal,Lexical,Keyword,zscore-norm,0.6960813120057772,0.8,0.6666666666666666,0.5,0.4457122400457896,0.6410457898283652,0.8,2,0.00045,54.770599999999995,books-t2013-a=8 | books-t2013-b=2
q004,vampires,Head,StripeLocal,Lexical,Keyword,idf-correct-probe,0.999872026239713,1,1,0.9555555555555556,0.8515054104985265,1,1,4,0.000483334,142.0015,books-t2013-a=10
q004,vampires,Head,StripeLocal,Lexical,Keyword,idf-correct-sidecar,0.999872026239713,1,1,0.9555555555555556,0.8515054104985265,1,1,2,0.00045,54.773799999999994,books-t2013-a=10
q005,haunted house that torments the family living in it,Torso,StripeLocal,Conceptual,Keyword,single-index,1,1,1,1,1,0.18831267345093142,1,1,0.000416667,68.625,books-oracle2=10
q005,haunted house that torments the family living in it,Torso,StripeLocal,Conceptual,Keyword,naive-score,0.9930676445895613,0.9,0.8181818181818182,0.9555555555555556,0.8367937045330642,0.26253034488546384,1,2,0.000566666,57.3519,books-t2013-a=8 | books-t2013-b=2
q005,haunted house that torments the family living in it,Torso,StripeLocal,Conceptual,Keyword,interleave,0.9387443403557151,0.8,0.6666666666666666,0.4222222222222222,0.6190402962416681,0.15192994325228257,0.9,2,0.000566666,57.3334,books-t2013-a=5 | books-t2013-b=5
q005,haunted house that torments the family living in it,Torso,StripeLocal,Conceptual,Keyword,quota-merge,0.8565431573058736,0.8,0.6666666666666666,0.7333333333333333,0.601974220255138,0.2587095844744261,1,2,0.000566666,57.3151,books-t2013-a=9 | books-t2013-b=1
q005,haunted house that torments the family living in it,Torso,StripeLocal,Conceptual,Keyword,global-rrf,0.8344331880353627,0.8,0.6666666666666666,0.3333333333333333,0.5137145017734466,0.15192994325228257,0.9,2,0.000566666,57.344699999999996,books-t2013-a=5 | books-t2013-b=5
q005,haunted house that torments the family living in it,Torso,StripeLocal,Conceptual,Keyword,minmax-norm,0.8245330525947844,0.8,0.6666666666666666,0.28888888888888886,0.47819239783485606,0.14592297285151365,0.9,2,0.000566666,57.391799999999996,books-t2013-a=5 | books-t2013-b=5
q005,haunted house that torments the family living in it,Torso,StripeLocal,Conceptual,Keyword,zscore-norm,0.9279315967547499,0.8,0.6666666666666666,0.3333333333333333,0.578710445255541,0.14592297285151365,0.9,2,0.000566666,57.380599999999994,books-t2013-a=5 | books-t2013-b=5
q005,haunted house that torments the family living in it,Torso,StripeLocal,Conceptual,Keyword,idf-correct-probe,0.9985717652154473,1,1,0.7333333333333333,0.8231641514847627,0.19217820963424434,1,12,0.0007333359999999999,497.57160000000005,books-t2013-a=7 | books-t2013-b=3
q005,haunted house that torments the family living in it,Torso,StripeLocal,Conceptual,Keyword,idf-correct-sidecar,0.9930676445895613,0.9,0.8181818181818182,0.9555555555555556,0.8367937045330642,0.26253034488546384,1,2,0.000566666,57.395799999999994,books-t2013-a=8 | books-t2013-b=2
q006,generation starship colonists who forget they are on a ship,Tail,StripeLocal,Conceptual,Keyword,single-index,1,1,1,1,1,0.4075684966350758,1,1,0.000383333,67.8189,books-oracle2=10
q006,generation starship colonists who forget they are on a ship,Tail,StripeLocal,Conceptual,Keyword,naive-score,0.9980574769566493,0.9,0.8181818181818182,0.9555555555555556,0.8369230657675014,0.24598313159906948,1,2,0.000666666,57.017399999999995,books-t2013-a=10
q006,generation starship colonists who forget they are on a ship,Tail,StripeLocal,Conceptual,Keyword,interleave,0.807105711410195,0.6,0.42857142857142855,0.3333333333333333,0.5306064206110463,0.5664809259837301,0.7,2,0.000666666,57.125,books-t2013-a=5 | books-t2013-b=5
q006,generation starship colonists who forget they are on a ship,Tail,StripeLocal,Conceptual,Keyword,quota-merge,0.8656600042154406,1,1,0.5555555555555556,0.6263950621161221,0.707189995698517,1,2,0.000666666,56.9589,books-t2013-a=9 | books-t2013-b=1
q006,generation starship colonists who forget they are on a ship,Tail,StripeLocal,Conceptual,Keyword,global-rrf,0.6979948616793952,0.6,0.42857142857142855,0.14285714285714285,0.4168983950078189,0.697403334653131,0.7,2,0.000666666,57.007,books-t2013-a=5 | books-t2013-b=5
q006,generation starship colonists who forget they are on a ship,Tail,StripeLocal,Conceptual,Keyword,minmax-norm,0.7668902742782462,0.7,0.5384615384615384,0.42857142857142855,0.5193621402846619,0.707189995698517,0.8,2,0.000666666,57.031499999999994,books-t2013-a=6 | books-t2013-b=4
q006,generation starship colonists who forget they are on a ship,Tail,StripeLocal,Conceptual,Keyword,zscore-norm,0.7079491908515845,0.6,0.42857142857142855,0.23809523809523808,0.44077644281288164,0.697403334653131,0.7,2,0.000666666,57.023199999999996,books-t2013-a=5 | books-t2013-b=5
q006,generation starship colonists who forget they are on a ship,Tail,StripeLocal,Conceptual,Keyword,idf-correct-probe,0.9992302212079083,1,1,0.9555555555555556,0.8408173408760061,0.3997955711930069,1,12,0.000833336,491.1728,books-t2013-a=9 | books-t2013-b=1
q006,generation starship colonists who forget they are on a ship,Tail,StripeLocal,Conceptual,Keyword,idf-correct-sidecar,0.9991728380361162,1,1,0.9111111111111111,0.8360095938284696,0.4061622810785373,1,2,0.000666666,57.078599999999994,books-t2013-a=9 | books-t2013-b=1
q007,artificial intelligence becomes self aware,Torso,StripeLocal,Mixed,Keyword,single-index,1,1,1,1,1,0.32820921765295175,1,1,0.0004,66.398,books-oracle2=10
q007,artificial intelligence becomes self aware,Torso,StripeLocal,Mixed,Keyword,naive-score,0.9997898725962474,1,1,0.9111111111111111,0.8483193241614684,0.3287103324328889,1,2,0.00038333400000000004,56.8693,books-t2013-a=9 | books-t2013-b=1
q007,artificial intelligence becomes self aware,Torso,StripeLocal,Mixed,Keyword,interleave,0.884397083268719,0.6,0.42857142857142855,0.3333333333333333,0.5507366346405009,0.13486502551792331,0.7,2,0.00038333400000000004,56.840900000000005,books-t2013-a=5 | books-t2013-b=5
q007,artificial intelligence becomes self aware,Torso,StripeLocal,Mixed,Keyword,quota-merge,0.9749151074893126,1,1,0.7333333333333333,0.7377305403937645,0.29886226543381805,1,2,0.00038333400000000004,56.8151,books-t2013-a=9 | books-t2013-b=1
q007,artificial intelligence becomes self aware,Torso,StripeLocal,Mixed,Keyword,global-rrf,0.8660364148441511,0.6,0.42857142857142855,0.16666666666666666,0.49796769208693764,0.1254397507922655,0.7,2,0.00038333400000000004,56.8532,books-t2013-a=5 | books-t2013-b=5
q007,artificial intelligence becomes self aware,Torso,StripeLocal,Mixed,Keyword,minmax-norm,0.8001155666656207,0.5,0.3333333333333333,0,0.4185864086295441,0.11638271205614166,0.6,2,0.00038333400000000004,56.932500000000005,books-t2013-a=4 | books-t2013-b=6
q007,artificial intelligence becomes self aware,Torso,StripeLocal,Mixed,Keyword,zscore-norm,0.8560054512731454,0.6,0.42857142857142855,0.05555555555555555,0.4697557943076111,0.12264637992625611,0.7,2,0.00038333400000000004,56.915600000000005,books-t2013-a=5 | books-t2013-b=5
q007,artificial intelligence becomes self aware,Torso,StripeLocal,Mixed,Keyword,idf-correct-probe,0.9955583580987839,0.9,0.8181818181818182,1,0.8444250490529637,0.34081669320705865,1,12,0.000550004,491.7656,books-t2013-a=10
q007,artificial intelligence becomes self aware,Torso,StripeLocal,Mixed,Keyword,idf-correct-sidecar,0.9955583580987839,0.9,0.8181818181818182,1,0.8444250490529637,0.34081669320705865,1,2,0.00038333400000000004,56.859500000000004,books-t2013-a=10
q008,hard science fiction about terraforming Mars,Tail,StripeLocal,Mixed,Keyword,single-index,1,1,1,1,1,0.8987028428087189,1,1,0.0008,67.428,books-oracle2=10
q008,hard science fiction about terraforming Mars,Tail,StripeLocal,Mixed,Keyword,naive-score,0.9378465674416271,0.9,0.8181818181818182,0.7777777777777778,0.70250512567041,0.9038331760548297,1,2,0.000516667,84.83919999999999,books-t2013-a=9 | books-t2013-b=1
q008,hard science fiction about terraforming Mars,Tail,StripeLocal,Mixed,Keyword,interleave,0.879979170703134,0.7,0.5384615384615384,0.5555555555555556,0.5476885551947358,0.7996224609149136,0.8,2,0.000516667,84.81819999999999,books-t2013-a=5 | books-t2013-b=5
q008,hard science fiction about terraforming Mars,Tail,StripeLocal,Mixed,Keyword,quota-merge,0.9087816876531113,0.9,0.8181818181818182,0.8222222222222222,0.6583440293068433,0.8204132084231804,1,2,0.000516667,84.80799999999999,books-t2013-a=9 | books-t2013-b=1
q008,hard science fiction about terraforming Mars,Tail,StripeLocal,Mixed,Keyword,global-rrf,0.857126004462893,0.7,0.5384615384615384,0.4222222222222222,0.5025509571610719,0.7592405654020005,0.8,2,0.000516667,84.82669999999999,books-t2013-a=5 | books-t2013-b=5
q008,hard science fiction about terraforming Mars,Tail,StripeLocal,Mixed,Keyword,minmax-norm,0.9281622177459449,0.8,0.6666666666666666,0.5111111111111111,0.6526774852989525,0.8982158611295752,0.9,2,0.000516667,84.86449999999999,books-t2013-a=6 | books-t2013-b=4
q008,hard science fiction about terraforming Mars,Tail,StripeLocal,Mixed,Keyword,zscore-norm,0.8510985225563955,0.7,0.5384615384615384,0.4222222222222222,0.5475591939602986,0.6674081309913226,0.8,2,0.000516667,84.87429999999999,books-t2013-a=5 | books-t2013-b=5
q008,hard science fiction about terraforming Mars,Tail,StripeLocal,Mixed,Keyword,idf-correct-probe,0.9448169282911766,1,1,0.8222222222222222,0.7346112985582411,0.9013042706243276,1,14,0.0007166709999999999,621.4461,books-t2013-a=8 | books-t2013-b=2
q008,hard science fiction about terraforming Mars,Tail,StripeLocal,Mixed,Keyword,idf-correct-sidecar,0.9448169282911766,1,1,0.8222222222222222,0.7346112985582411,0.9013042706243276,1,2,0.000516667,84.87939999999999,books-t2013-a=8 | books-t2013-b=2
q009,cyberpunk hacker corporate dystopia,Torso,StripeLocal,Lexical,Keyword,single-index,1,1,1,1,1,0.6271258586362687,1,1,0.000583333,65.3366,books-oracle2=10
q009,cyberpunk hacker corporate dystopia,Torso,StripeLocal,Lexical,Keyword,naive-score,0.9281412654633036,0.7,0.5384615384615384,0.9555555555555556,0.6731628929592247,0.7993778229448748,1,2,0.000283334,58.1836,books-t2013-a=10
q009,cyberpunk hacker corporate dystopia,Torso,StripeLocal,Lexical,Keyword,interleave,0.9790421828011657,0.8,0.6666666666666666,0.8222222222222222,0.7477143667102665,0.591172603167855,0.9,2,0.000283334,58.165,books-t2013-a=5 | books-t2013-b=5
q009,cyberpunk hacker corporate dystopia,Torso,StripeLocal,Lexical,Keyword,quota-merge,0.8857825693566592,0.8,0.6666666666666666,0.7333333333333333,0.6182965234500469,0.6806701357887815,1,2,0.000283334,58.181200000000004,books-t2013-a=9 | books-t2013-b=1
q009,cyberpunk hacker corporate dystopia,Torso,StripeLocal,Lexical,Keyword,global-rrf,0.9040971073227085,0.8,0.6666666666666666,0.7333333333333333,0.6395649747696821,0.5176147694985359,0.9,2,0.000283334,58.1753,books-t2013-a=5 | books-t2013-b=5
q009,cyberpunk hacker corporate dystopia,Torso,StripeLocal,Lexical,Keyword,minmax-norm,0.8886801137663387,0.7,0.5384615384615384,0.5555555555555556,0.5803618712942389,0.44921374743744263,0.9,2,0.000283334,58.2426,books-t2013-a=4 | books-t2013-b=6
q009,cyberpunk hacker corporate dystopia,Torso,StripeLocal,Lexical,Keyword,zscore-norm,0.9695161074007781,0.7,0.5384615384615384,0.6444444444444445,0.726113040054232,0.518838880944179,0.9,2,0.000283334,58.209,books-t2013-a=4 | books-t2013-b=6
q009,cyberpunk hacker corporate dystopia,Torso,StripeLocal,Lexical,Keyword,idf-correct-probe,0.9855099726744818,0.8,0.6666666666666666,0.8222222222222222,0.788139741002038,0.5873184039318861,0.9,10,0.00041666999999999995,408.6743,books-t2013-a=5 | books-t2013-b=5
q009,cyberpunk hacker corporate dystopia,Torso,StripeLocal,Lexical,Keyword,idf-correct-sidecar,0.9855099726744818,0.8,0.6666666666666666,0.8222222222222222,0.788139741002038,0.5873184039318861,0.9,2,0.000283334,58.233000000000004,books-t2013-a=5 | books-t2013-b=5
q010,a locked room murder that seems impossible to have committed,Tail,StripeLocal,Conceptual,Keyword,single-index,1,1,1,1,1,0.561387795497429,1,1,0.000383333,69.6532,books-oracle2=10
q010,a locked room murder that seems impossible to have committed,Tail,StripeLocal,Conceptual,Keyword,naive-score,0.9726244307412809,0.9,0.8181818181818182,0.6444444444444445,0.7231481956627394,0.5394444053373811,1,2,0.000666666,57.286,books-t2013-a=9 | books-t2013-b=1
q010,a locked room murder that seems impossible to have committed,Tail,StripeLocal,Conceptual,Keyword,interleave,0.9328033216043758,0.7,0.5384615384615384,0.5,0.6887782645689071,0.3539167651091841,0.7,2,0.000666666,57.2662,books-t2013-a=5 | books-t2013-b=5
q010,a locked room murder that seems impossible to have committed,Tail,StripeLocal,Conceptual,Keyword,quota-merge,0.9420079315851553,0.9,0.8181818181818182,0.8222222222222222,0.7232150401642742,0.4644966099054276,1,2,0.000666666,57.2622,books-t2013-a=9 | books-t2013-b=1
q010,a locked room murder that seems impossible to have committed,Tail,StripeLocal,Conceptual,Keyword,global-rrf,0.8769754157054835,0.7,0.5384615384615384,0.3888888888888889,0.5882602171482223,0.28429163160244786,0.7,2,0.000666666,57.2808,books-t2013-a=5 | books-t2013-b=5
q010,a locked room murder that seems impossible to have committed,Tail,StripeLocal,Conceptual,Keyword,minmax-norm,0.9234755700305433,0.9,0.8181818181818182,0.3333333333333333,0.6182040207066025,0.42070557987556967,0.9,2,0.000666666,57.338899999999995,books-t2013-a=7 | books-t2013-b=3
q010,a locked room murder that seems impossible to have committed,Tail,StripeLocal,Conceptual,Keyword,zscore-norm,0.9115743321669635,0.8,0.6666666666666666,0.4222222222222222,0.5962761543677993,0.357084791676618,0.8,2,0.000666666,57.3092,books-t2013-a=6 | books-t2013-b=4
q010,a locked room murder that seems impossible to have committed,Tail,StripeLocal,Conceptual,Keyword,idf-correct-probe,0.9737971749925399,1,1,0.6444444444444445,0.727042470771244,0.5667104574226461,1,14,0.0008666699999999999,564.7446,books-t2013-a=8 | books-t2013-b=2
q010,a locked room murder that seems impossible to have committed,Tail,StripeLocal,Conceptual,Keyword,idf-correct-sidecar,0.9909061336176425,1,1,0.8222222222222222,0.7823942413541555,0.5572711439653555,1,2,0.000666666,57.348,books-t2013-a=8 | books-t2013-b=2
q011,detective investigating a serial killer,Torso,StripeLocal,Mixed,Keyword,single-index,1,1,1,1,1,0.8294342655561396,1,1,0.000716667,64.6067,books-oracle2=10
q011,detective investigating a serial killer,Torso,StripeLocal,Mixed,Keyword,naive-score,0.9979601465980071,0.9,0.8181818181818182,0.9111111111111111,0.8321600180904722,0.761959278121219,0.9,2,0.00035,56.262,books-t2013-a=10
q011,detective investigating a serial killer,Torso,StripeLocal,Mixed,Keyword,interleave,0.8871722076318895,0.5,0.3333333333333333,0.5555555555555556,0.5283260714286434,0.530135076657491,0.6,2,0.00035,56.2427,books-t2013-a=5 | books-t2013-b=5
q011,detective investigating a serial killer,Torso,StripeLocal,Mixed,Keyword,quota-merge,0.9640224776572011,0.9,0.8181818181818182,0.5555555555555556,0.7172039736412851,0.8294342655561396,1,2,0.00035,56.234,books-t2013-a=9 | books-t2013-b=1
q011,detective investigating a serial killer,Torso,StripeLocal,Mixed,Keyword,global-rrf,0.8749892130701646,0.5,0.3333333333333333,0.4666666666666667,0.4963784515775219,0.5137489427685286,0.6,2,0.00035,56.2717,books-t2013-a=5 | books-t2013-b=5
q011,detective investigating a serial killer,Torso,StripeLocal,Mixed,Keyword,minmax-norm,0.7635132686157617,0.2,0.1111111111111111,0.9444444444444444,0.39083819570965306,0.3432333697217718,0.3,2,0.00035,56.2853,books-t2013-a=2 | books-t2013-b=8
q011,detective investigating a serial killer,Torso,StripeLocal,Mixed,Keyword,zscore-norm,0.853950352870211,0.4,0.25,0.4666666666666667,0.4502762159505155,0.47628537985750075,0.5,2,0.00035,56.280300000000004,books-t2013-a=4 | books-t2013-b=6
q011,detective investigating a serial killer,Torso,StripeLocal,Mixed,Keyword,idf-correct-probe,0.9979601465980071,0.9,0.8181818181818182,0.9111111111111111,0.8321600180904722,0.761959278121219,0.9,10,0.000483336,404.1583,books-t2013-a=10
q011,detective investigating a serial killer,Torso,StripeLocal,Mixed,Keyword,idf-correct-sidecar,0.9958882877893809,0.9,0.8181818181818182,0.8666666666666667,0.8215374102559185,0.8255800663201707,1,2,0.00035,56.295100000000005,books-t2013-a=9 | books-t2013-b=1
q012,espionage thriller cold war spy,Torso,StripeLocal,Lexical,Keyword,single-index,1,1,1,1,1,0.5442601090382408,1,1,0.000383333,66.1265,books-oracle2=10
q012,espionage thriller cold war spy,Torso,StripeLocal,Lexical,Keyword,naive-score,0.9999426168282078,1,1,0.9555555555555556,0.8543290079708894,0.5442601090382408,1,2,0.000366667,55.785900000000005,books-t2013-a=10
q012,espionage thriller cold war spy,Torso,StripeLocal,Lexical,Keyword,interleave,0.82430328024852,0.5,0.3333333333333333,0.35714285714285715,0.5108216999011239,0.4748420318898538,0.7,2,0.000366667,55.769800000000004,books-t2013-a=5 | books-t2013-b=5
q012,espionage thriller cold war spy,Torso,StripeLocal,Lexical,Keyword,quota-merge,0.9527841488737282,0.9,0.8181818181818182,0.6444444444444445,0.7062867603163048,0.49047082562903205,0.9,2,0.000366667,55.762800000000006,books-t2013-a=9 | books-t2013-b=1
q012,espionage thriller cold war spy,Torso,StripeLocal,Lexical,Keyword,global-rrf,0.8064490332260972,0.5,0.3333333333333333,0.21428571428571427,0.46568410186746007,0.46515989992115336,0.7,2,0.000366667,55.7962,books-t2013-a=5 | books-t2013-b=5
q012,espionage thriller cold war spy,Torso,StripeLocal,Lexical,Keyword,minmax-norm,0.7080626695402171,0.3,0.17647058823529413,0.4666666666666667,0.41174854634073615,0.3841247005284193,0.5,2,0.000366667,55.8156,books-t2013-a=3 | books-t2013-b=7
q012,espionage thriller cold war spy,Torso,StripeLocal,Lexical,Keyword,zscore-norm,0.7080626695402171,0.3,0.17647058823529413,0.4666666666666667,0.41174854634073615,0.3841247005284193,0.5,2,0.000366667,55.8049,books-t2013-a=3 | books-t2013-b=7
q012,espionage thriller cold war spy,Torso,StripeLocal,Lexical,Keyword,idf-correct-probe,0.9999426168282078,1,1,0.9555555555555556,0.8543290079708894,0.5442601090382408,1,12,0.0005333369999999999,488.39779999999996,books-t2013-a=10
q012,espionage thriller cold war spy,Torso,StripeLocal,Lexical,Keyword,idf-correct-sidecar,0.9999426168282078,1,1,0.9555555555555556,0.8543290079708894,0.5442601090382408,1,2,0.000366667,55.8967,books-t2013-a=10
q013,teenagers forced to compete in a deadly televised game,Tail,StripeLocal,Conceptual,Keyword,single-index,1,1,1,1,1,0.6531525447657412,1,1,0.000383333,68.5838,books-oracle2=10
q013,teenagers forced to compete in a deadly televised game,Tail,StripeLocal,Conceptual,Keyword,naive-score,0.9916649177789087,0.8,0.6666666666666666,0.9111111111111111,0.8325368018081459,0.6894716270882504,1,2,0.00055,59.063500000000005,books-t2013-a=10
q013,teenagers forced to compete in a deadly televised game,Tail,StripeLocal,Conceptual,Keyword,interleave,0.8985615040435496,0.6,0.42857142857142855,0.5555555555555556,0.5448113736400385,0.5758015121162061,0.8,2,0.00055,59.049,books-t2013-a=5 | books-t2013-b=5
q013,teenagers forced to compete in a deadly televised game,Tail,StripeLocal,Conceptual,Keyword,quota-merge,0.9711998212281227,0.9,0.8181818181818182,0.6888888888888889,0.7258422931489467,0.597023422718358,1,2,0.00055,59.0489,books-t2013-a=9 | books-t2013-b=1
q013,teenagers forced to compete in a deadly televised game,Tail,StripeLocal,Conceptual,Keyword,global-rrf,0.8949231280250881,0.6,0.42857142857142855,0.5111111111111111,0.5316213954574961,0.5732345658839322,0.8,2,0.00055,59.057700000000004,books-t2013-a=5 | books-t2013-b=5
q013,teenagers forced to compete in a deadly televised game,Tail,StripeLocal,Conceptual,Keyword,minmax-norm,0.9521920804006315,0.8,0.6666666666666666,0.6444444444444445,0.6763632708852658,0.6195259313005982,1,2,0.00055,59.0949,books-t2013-a=7 | books-t2013-b=3
q013,teenagers forced to compete in a deadly televised game,Tail,StripeLocal,Conceptual,Keyword,zscore-norm,0.8306111040766399,0.7,0.5384615384615384,0.6,0.5283328500789347,0.4763602034926592,0.9,2,0.00055,59.084900000000005,books-t2013-a=6 | books-t2013-b=4
q013,teenagers forced to compete in a deadly televised game,Tail,StripeLocal,Conceptual,Keyword,idf-correct-probe,0.99628471373881,0.9,0.8181818181818182,0.9555555555555556,0.8472485077736082,0.6531525447657412,1,14,0.000750004,570.4028999999999,books-t2013-a=9 | books-t2013-b=1
q013,teenagers forced to compete in a deadly televised game,Tail,StripeLocal,Conceptual,Keyword,idf-correct-sidecar,0.99628471373881,0.9,0.8181818181818182,0.9555555555555556,0.8472485077736082,0.6531525447657412,1,2,0.00055,59.1284,books-t2013-a=9 | books-t2013-b=1
q014,picture book about a bear,Torso,StripeLocal,Mixed,Keyword,single-index,1,1,1,1,1,0.6984156588107141,1,1,0.0008,94.6847,books-oracle2=10
q014,picture book about a bear,Torso,StripeLocal,Mixed,Keyword,naive-score,0.9904235391097574,0.9,0.8181818181818182,0.8666666666666667,0.7888254082517575,0.6176219288460156,1,2,0.0006833329999999999,55.3163,books-t2013-a=9 | books-t2013-b=1
q014,picture book about a bear,Torso,StripeLocal,Mixed,Keyword,interleave,0.805870880887474,0.5,0.3333333333333333,0.3333333333333333,0.5237286039170792,0.40550278450246174,0.6,2,0.0006833329999999999,55.302499999999995,books-t2013-a=5 | books-t2013-b=5
q014,picture book about a bear,Torso,StripeLocal,Mixed,Keyword,quota-merge,0.8583712755982619,0.9,0.8181818181818182,0.5555555555555556,0.6193145619188408,0.5072217100367273,1,2,0.0006833329999999999,55.296299999999995,books-t2013-a=9 | books-t2013-b=1
q014,picture book about a bear,Torso,StripeLocal,Mixed,Keyword,global-rrf,0.6807797675540019,0.5,0.3333333333333333,0.14285714285714285,0.383631592125373,0.3073255138800332,0.6,2,0.0006833329999999999,55.3354,books-t2013-a=5 | books-t2013-b=5
q014,picture book about a bear,Torso,StripeLocal,Mixed,Keyword,minmax-norm,0.8340290029656575,0.8,0.6666666666666666,0.3333333333333333,0.553703798008149,0.42689378473428125,0.9,2,0.0006833329999999999,55.3535,books-t2013-a=8 | books-t2013-b=2
q014,picture book about a bear,Torso,StripeLocal,Mixed,Keyword,zscore-norm,0.7793693290499184,0.7,0.5384615384615384,0.16666666666666666,0.47909838484840295,0.38081011404586795,0.8,2,0.0006833329999999999,55.338899999999995,books-t2013-a=7 | books-t2013-b=3
q014,picture book about a bear,Torso,StripeLocal,Mixed,Keyword,idf-correct-probe,0.9927525134761573,1,1,0.9111111111111111,0.8007136554965754,0.6838761523004047,1,8,0.0007833349999999999,315.0276,books-t2013-a=10
q014,picture book about a bear,Torso,StripeLocal,Mixed,Keyword,idf-correct-sidecar,0.9927525134761573,1,1,0.9111111111111111,0.8007136554965754,0.6838761523004047,1,2,0.0006833329999999999,55.3628,books-t2013-a=10
q015,graphic novel superhero origin,Torso,StripeLocal,Lexical,Keyword,single-index,1,1,1,1,1,0.1739703281146716,1,1,0.000833333,75.8904,books-oracle2=10
q015,graphic novel superhero origin,Torso,StripeLocal,Lexical,Keyword,naive-score,1,1,1,1,0.8591367550184259,0.1739703281146716,1,2,0.000716667,56.5759,books-t2013-a=10
q015,graphic novel superhero origin,Torso,StripeLocal,Lexical,Keyword,interleave,0.7959902157111135,0.5,0.3333333333333333,0.3333333333333333,0.5099991435178445,0.12214695213061731,0.6,2,0.000716667,56.561899999999994,books-t2013-a=5 | books-t2013-b=5
q015,graphic novel superhero origin,Torso,StripeLocal,Lexical,Keyword,quota-merge,0.9541704607685183,0.9,0.8181818181818182,0.6444444444444445,0.7062867603163048,0.15631391294048338,0.9,2,0.000716667,56.5563,books-t2013-a=9 | books-t2013-b=1
q015,graphic novel superhero origin,Torso,StripeLocal,Lexical,Keyword,global-rrf,0.7879932743064398,0.5,0.3333333333333333,0.3333333333333333,0.49200141828776556,0.12387983611710685,0.6,2,0.000716667,56.5695,books-t2013-a=5 | books-t2013-b=5
q015,graphic novel superhero origin,Torso,StripeLocal,Lexical,Keyword,minmax-norm,0.9541704607685183,0.9,0.8181818181818182,0.6444444444444445,0.7062867603163048,0.15631391294048338,0.9,2,0.000716667,56.607099999999996,books-t2013-a=9 | books-t2013-b=1
q015,graphic novel superhero origin,Torso,StripeLocal,Lexical,Keyword,zscore-norm,0.717821035156718,0.7,0.5384615384615384,0.2222222222222222,0.4201358031098597,0.0602828944195143,0.7,2,0.000716667,56.596599999999995,books-t2013-a=7 | books-t2013-b=3
q015,graphic novel superhero origin,Torso,StripeLocal,Lexical,Keyword,idf-correct-probe,1,1,1,1,0.8591367550184259,0.1739703281146716,1,10,0.000850003,403.3172,books-t2013-a=10
q015,graphic novel superhero origin,Torso,StripeLocal,Lexical,Keyword,idf-correct-sidecar,1,1,1,1,0.8591367550184259,0.1739703281146716,1,2,0.000716667,56.6348,books-t2013-a=10
q016,zombie apocalypse survival,Torso,StripeLocal,Lexical,Keyword,single-index,1,1,1,1,1,0.6833467607916786,0.9,1,0.00035,66.0834,books-oracle2=10
q016,zombie apocalypse survival,Torso,StripeLocal,Lexical,Keyword,naive-score,0.9997902869138835,1,1,0.9555555555555556,0.8492442713815191,0.6833467607916786,0.9,2,0.0006000000000000001,55.3495,books-t2013-a=10
q016,zombie apocalypse survival,Torso,StripeLocal,Lexical,Keyword,interleave,0.8730040439056945,0.5,0.3333333333333333,0.37777777777777777,0.516820951252646,0.3583402631528731,0.5,2,0.0006000000000000001,55.3361,books-t2013-a=5 | books-t2013-b=5
q016,zombie apocalypse survival,Torso,StripeLocal,Lexical,Keyword,quota-merge,0.9488434479168503,0.9,0.8181818181818182,0.6444444444444445,0.7035984697440644,0.588507094293753,0.8,2,0.0006000000000000001,55.3289,books-t2013-a=9 | books-t2013-b=1
q016,zombie apocalypse survival,Torso,StripeLocal,Lexical,Keyword,global-rrf,0.8610815827859443,0.5,0.3333333333333333,0.3333333333333333,0.4896810784490613,0.3583402631528731,0.5,2,0.0006000000000000001,55.3436,books-t2013-a=5 | books-t2013-b=5
q016,zombie apocalypse survival,Torso,StripeLocal,Lexical,Keyword,minmax-norm,0.7778561094592005,0.4,0.25,-0.05555555555555555,0.3563294662279256,0.32258778199167853,0.5,2,0.0006000000000000001,55.3776,books-t2013-a=4 | books-t2013-b=6
q016,zombie apocalypse survival,Torso,StripeLocal,Lexical,Keyword,zscore-norm,0.7917247423671896,0.4,0.25,0.05555555555555555,0.387494322714052,0.3246191244616703,0.5,2,0.0006000000000000001,55.368,books-t2013-a=4 | books-t2013-b=6
q016,zombie apocalypse survival,Torso,StripeLocal,Lexical,Keyword,idf-correct-probe,0.9997902869138835,1,1,0.9555555555555556,0.8492442713815191,0.6833467607916786,0.9,8,0.000700002,311.5661,books-t2013-a=10
q016,zombie apocalypse survival,Torso,StripeLocal,Lexical,Keyword,idf-correct-sidecar,0.9997902869138835,1,1,0.9555555555555556,0.8492442713815191,0.6833467607916786,0.9,2,0.0006000000000000001,55.3807,books-t2013-a=10
q017,time travel paradox,Torso,StripeLocal,Lexical,Keyword,single-index,1,1,1,1,1,0.7741767122711218,1,1,0.000366667,64.7758,books-oracle2=10
q017,time travel paradox,Torso,StripeLocal,Lexical,Keyword,naive-score,1,1,1,1,0.8591367550184259,0.7741767122711218,1,2,0.000616667,55.2547,books-t2013-a=10
q017,time travel paradox,Torso,StripeLocal,Lexical,Keyword,interleave,0.7090081386375826,0.5,0.3333333333333333,1,0.5062118724963371,0.599683261591595,0.5,2,0.000616667,55.2408,books-t2013-a=5 | books-t2013-b=5
q017,time travel paradox,Torso,StripeLocal,Lexical,Keyword,quota-merge,0.8982658901806848,0.9,0.8181818181818182,1,0.7025747303706025,0.6783035375135223,0.9,2,0.000616667,55.236799999999995,books-t2013-a=9 | books-t2013-b=1
q017,time travel paradox,Torso,StripeLocal,Lexical,Keyword,global-rrf,0.7071528501369595,0.5,0.3333333333333333,1,0.5014041254488005,0.5965637742849765,0.5,2,0.000616667,55.2483,books-t2013-a=5 | books-t2013-b=5
q017,time travel paradox,Torso,StripeLocal,Lexical,Keyword,minmax-norm,0.47391862666234424,0.2,0.1111111111111111,1,0.281418451234713,0.3360772628278715,0.2,2,0.000616667,55.313399999999994,books-t2013-a=2 | books-t2013-b=8
q017,time travel paradox,Torso,StripeLocal,Lexical,Keyword,zscore-norm,0.5700350788690258,0.3,0.17647058823529413,1,0.3756293266109873,0.40137261892601994,0.3,2,0.000616667,55.2866,books-t2013-a=3 | books-t2013-b=7
q017,time travel paradox,Torso,StripeLocal,Lexical,Keyword,idf-correct-probe,1,1,1,1,0.8591367550184259,0.7741767122711218,1,8,0.000716669,340.9197,books-t2013-a=10
q017,time travel paradox,Torso,StripeLocal,Lexical,Keyword,idf-correct-sidecar,1,1,1,1,0.8591367550184259,0.7741767122711218,1,2,0.000616667,55.293699999999994,books-t2013-a=10
q018,a girl who discovers she is the last of a magical bloodline,Tail,StripeLocal,Conceptual,Keyword,single-index,1,1,1,1,1,0.26386772277687637,1,1,0.0004,69.3262,books-oracle2=10
q018,a girl who discovers she is the last of a magical bloodline,Tail,StripeLocal,Conceptual,Keyword,naive-score,0.9930454263098701,1,1,0.9111111111111111,0.8078939498696969,0.2192600479327553,1,2,0.00038333400000000004,58.6577,books-t2013-a=9 | books-t2013-b=1
q018,a girl who discovers she is the last of a magical bloodline,Tail,StripeLocal,Conceptual,Keyword,interleave,0.9614897900774849,0.6,0.42857142857142855,0.7333333333333333,0.708840293288705,0.29171887668443314,1,2,0.00038333400000000004,58.633799999999994,books-t2013-a=5 | books-t2013-b=5
q018,a girl who discovers she is the last of a magical bloodline,Tail,StripeLocal,Conceptual,Keyword,quota-merge,0.9999164833100198,1,1,0.9555555555555556,0.853127071209005,0.26386772277687637,1,2,0.00038333400000000004,58.626799999999996,books-t2013-a=9 | books-t2013-b=1
q018,a girl who discovers she is the last of a magical bloodline,Tail,StripeLocal,Conceptual,Keyword,global-rrf,0.9542943836344804,0.6,0.42857142857142855,0.6444444444444445,0.6740690759652206,0.29171887668443314,1,2,0.00038333400000000004,58.641099999999994,books-t2013-a=5 | books-t2013-b=5
q018,a girl who discovers she is the last of a magical bloodline,Tail,StripeLocal,Conceptual,Keyword,minmax-norm,0.9396621925541643,0.5,0.3333333333333333,0.6888888888888889,0.6549529547061915,0.2912367224867396,0.9,2,0.00038333400000000004,58.6924,books-t2013-a=4 | books-t2013-b=6
q018,a girl who discovers she is the last of a magical bloodline,Tail,StripeLocal,Conceptual,Keyword,zscore-norm,0.8824691156702192,0.5,0.3333333333333333,0.5555555555555556,0.5397346766010632,0.41438099359636227,0.9,2,0.00038333400000000004,58.6738,books-t2013-a=4 | books-t2013-b=6
q018,a girl who discovers she is the last of a magical bloodline,Tail,StripeLocal,Conceptual,Keyword,idf-correct-probe,0.9999164833100198,1,1,0.9555555555555556,0.853127071209005,0.26386772277687637,1,12,0.000550004,518.157,books-t2013-a=9 | books-t2013-b=1
q018,a girl who discovers she is the last of a magical bloodline,Tail,StripeLocal,Conceptual,Keyword,idf-correct-sidecar,0.9930454263098701,1,1,0.9111111111111111,0.8078939498696969,0.2192600479327553,1,2,0.00038333400000000004,58.6823,books-t2013-a=9 | books-t2013-b=1
q019,dystopian society divided into rigid factions,Torso,StripeLocal,Conceptual,Keyword,single-index,1,1,1,1,1,0.8544580710959402,1,1,0.000416667,67.7546,books-oracle2=10
q019,dystopian society divided into rigid factions,Torso,StripeLocal,Conceptual,Keyword,naive-score,0.999623570476307,1,1,0.9555555555555556,0.8459467768358835,0.8506038718599713,1,2,0.000733334,58.77719999999999,books-t2013-a=6 | books-t2013-b=4
q019,dystopian society divided into rigid factions,Torso,StripeLocal,Conceptual,Keyword,interleave,0.9914517954646113,0.9,0.8181818181818182,0.8666666666666667,0.7891880358681712,0.8539747577136138,1,2,0.000733334,58.7632,books-t2013-a=5 | books-t2013-b=5
q019,dystopian society divided into rigid factions,Torso,StripeLocal,Conceptual,Keyword,quota-merge,0.9412268078523184,0.7,0.5384615384615384,0.9555555555555556,0.6653904081219041,0.8374154213163475,1,2,0.000733334,58.7575,books-t2013-a=9 | books-t2013-b=1
q019,dystopian society divided into rigid factions,Torso,StripeLocal,Conceptual,Keyword,global-rrf,0.9860155219373581,0.9,0.8181818181818182,0.8666666666666667,0.7696795075844858,0.8506038718599713,1,2,0.000733334,58.7705,books-t2013-a=5 | books-t2013-b=5
q019,dystopian society divided into rigid factions,Torso,StripeLocal,Conceptual,Keyword,minmax-norm,0.9858650052128874,0.9,0.8181818181818182,0.7777777777777778,0.7621595712731638,0.854524506419243,1,2,0.000733334,58.806799999999996,books-t2013-a=5 | books-t2013-b=5
q019,dystopian society divided into rigid factions,Torso,StripeLocal,Conceptual,Keyword,zscore-norm,0.9986175426626245,0.9,0.8181818181818182,0.9555555555555556,0.8453499962730144,0.8530196862732788,1,2,0.000733334,58.799499999999995,books-t2013-a=5 | books-t2013-b=5
q019,dystopian society divided into rigid factions,Torso,StripeLocal,Conceptual,Keyword,idf-correct-probe,0.992919229913734,1,1,0.9111111111111111,0.8040111500422108,0.8530196862732788,1,14,0.0009333379999999999,572.7287,books-t2013-a=6 | books-t2013-b=4
q019,dystopian society divided into rigid factions,Torso,StripeLocal,Conceptual,Keyword,idf-correct-sidecar,0.992919229913734,1,1,0.9111111111111111,0.8040111500422108,0.8530196862732788,1,2,0.000733334,58.822599999999994,books-t2013-a=6 | books-t2013-b=4
q020,supernatural creatures hidden among ordinary people,Torso,StripeLocal,Conceptual,Keyword,single-index,1,1,1,1,1,0.3796025655833152,1,1,0.000433333,67.5861,books-oracle2=10
q020,supernatural creatures hidden among ordinary people,Torso,StripeLocal,Conceptual,Keyword,naive-score,0.9999426168282078,1,1,0.9555555555555556,0.8543290079708894,0.38223600083875253,1,2,0.000766666,56.591100000000004,books-t2013-a=10
q020,supernatural creatures hidden among ordinary people,Torso,StripeLocal,Conceptual,Keyword,interleave,0.8248886938880454,0.5,0.3333333333333333,0.3333333333333333,0.5412852198247199,0.09320141408129641,0.7,2,0.000766666,56.5763,books-t2013-a=5 | books-t2013-b=5
q020,supernatural creatures hidden among ordinary people,Torso,StripeLocal,Conceptual,Keyword,quota-merge,0.9674208429797251,0.9,0.8181818181818182,0.6444444444444445,0.7230188344283023,0.37765076531303543,1,2,0.000766666,56.5698,books-t2013-a=9 | books-t2013-b=1
q020,supernatural creatures hidden among ordinary people,Torso,StripeLocal,Conceptual,Keyword,global-rrf,0.8085139847676521,0.5,0.3333333333333333,0.23809523809523808,0.5009553688385927,0.09320141408129641,0.7,2,0.000766666,56.586000000000006,books-t2013-a=5 | books-t2013-b=5
q020,supernatural creatures hidden among ordinary people,Torso,StripeLocal,Conceptual,Keyword,minmax-norm,0.7974314933263156,0.5,0.3333333333333333,0.23809523809523808,0.48263595469617293,0.09320141408129641,0.7,2,0.000766666,56.6574,books-t2013-a=5 | books-t2013-b=5
q020,supernatural creatures hidden among ordinary people,Torso,StripeLocal,Conceptual,Keyword,zscore-norm,0.8409407086489209,0.6,0.42857142857142855,0.2857142857142857,0.5129840176717982,0.15682220228024812,0.8,2,0.000766666,56.614200000000004,books-t2013-a=6 | books-t2013-b=4
q020,supernatural creatures hidden among ordinary people,Torso,StripeLocal,Conceptual,Keyword,idf-correct-probe,0.9999426168282078,1,1,0.9555555555555556,0.8543290079708894,0.38223600083875253,1,14,0.00096667,571.2578,books-t2013-a=10
q020,supernatural creatures hidden among ordinary people,Torso,StripeLocal,Conceptual,Keyword,idf-correct-sidecar,0.9999426168282078,1,1,0.9555555555555556,0.8543290079708894,0.38223600083875253,1,2,0.000766666,56.6255,books-t2013-a=10
q021,Victorian England social class and marriage,Torso,StripeLocal,Mixed,Keyword,single-index,1,1,1,1,1,0.5400969299866776,1,1,0.000416667,68.4235,books-oracle2=10
q021,Victorian England social class and marriage,Torso,StripeLocal,Mixed,Keyword,naive-score,0.9983449000196923,0.9,0.8181818181818182,0.9111111111111111,0.8372447546798424,0.5946290341572077,1,2,0.000733334,58.7198,books-t2013-a=10
q021,Victorian England social class and marriage,Torso,StripeLocal,Mixed,Keyword,interleave,0.7090081386375826,0.5,0.3333333333333333,1,0.5062118724963371,0.29326901212274653,0.5,2,0.000733334,58.7044,books-t2013-a=5 | books-t2013-b=5
q021,Victorian England social class and marriage,Torso,StripeLocal,Mixed,Keyword,quota-merge,0.8957068340346357,0.8,0.6666666666666666,1,0.6986804552620977,0.4749384909331906,0.9,2,0.000733334,58.698499999999996,books-t2013-a=9 | books-t2013-b=1
q021,Victorian England social class and marriage,Torso,StripeLocal,Mixed,Keyword,global-rrf,0.6803956428164721,0.5,0.3333333333333333,1,0.4534429299427739,0.2704818081162448,0.5,2,0.000733334,58.7333,books-t2013-a=5 | books-t2013-b=5
q021,Victorian England social class and marriage,Torso,StripeLocal,Mixed,Keyword,minmax-norm,0.7192931662896146,0.6,0.42857142857142855,0.8666666666666667,0.4827184173909523,0.33683391874311236,0.6,2,0.000733334,58.765,books-t2013-a=6 | books-t2013-b=4
q021,Victorian England social class and marriage,Torso,StripeLocal,Mixed,Keyword,zscore-norm,0.7192931662896146,0.6,0.42857142857142855,0.8666666666666667,0.4827184173909523,0.33683391874311236,0.6,2,0.000733334,58.742,books-t2013-a=6 | books-t2013-b=4
q021,Victorian England social class and marriage,Torso,StripeLocal,Mixed,Keyword,idf-correct-probe,0.9983449000196923,0.9,0.8181818181818182,0.9111111111111111,0.8372447546798424,0.5946290341572077,1,12,0.0009000039999999999,493.48449999999997,books-t2013-a=10
q021,Victorian England social class and marriage,Torso,StripeLocal,Mixed,Keyword,idf-correct-sidecar,0.9983449000196923,0.9,0.8181818181818182,0.9111111111111111,0.8372447546798424,0.5946290341572077,1,2,0.000733334,58.7751,books-t2013-a=10
q022,memoir of growing up in poverty,Torso,StripeLocal,Conceptual,Keyword,single-index,1,1,1,1,1,0.2553016358188221,1,1,0.000383333,66.6281,books-oracle2=10
q022,memoir of growing up in poverty,Torso,StripeLocal,Conceptual,Keyword,naive-score,1,1,1,1,0.8591367550184259,0.2553016358188221,1,2,0.0007,56.701699999999995,books-t2013-a=10
q022,memoir of growing up in poverty,Torso,StripeLocal,Conceptual,Keyword,interleave,0.8938772778920864,0.5,0.3333333333333333,0.5111111111111111,0.5379069496930432,0.3499504588214101,0.7,2,0.0007,56.693999999999996,books-t2013-a=5 | books-t2013-b=5
q022,memoir of growing up in poverty,Torso,StripeLocal,Conceptual,Keyword,quota-merge,0.8621412762052716,0.9,0.8181818181818182,0.6,0.6225007870076174,0.43408590324740093,1,2,0.0007,56.6829,books-t2013-a=9 | books-t2013-b=1
q022,memoir of growing up in poverty,Torso,StripeLocal,Conceptual,Keyword,global-rrf,0.7833196702424055,0.5,0.3333333333333333,0.4222222222222222,0.4241989240898159,0.4253568911820998,0.7,2,0.0007,56.7234,books-t2013-a=5 | books-t2013-b=5
q022,memoir of growing up in poverty,Torso,StripeLocal,Conceptual,Keyword,minmax-norm,0.7739153894058991,0.5,0.3333333333333333,0.3333333333333333,0.3978099379013371,0.41346324662563655,0.7,2,0.0007,56.733,books-t2013-a=5 | books-t2013-b=5
q022,memoir of growing up in poverty,Torso,StripeLocal,Conceptual,Keyword,zscore-norm,0.9140511367984424,0.6,0.42857142857142855,0.3333333333333333,0.5621238095127092,0.3772165109066752,0.8,2,0.0007,56.7251,books-t2013-a=6 | books-t2013-b=4
q022,memoir of growing up in poverty,Torso,StripeLocal,Conceptual,Keyword,idf-correct-probe,1,1,1,1,0.8591367550184259,0.2553016358188221,1,10,0.000833336,399.2281,books-t2013-a=10
q022,memoir of growing up in poverty,Torso,StripeLocal,Conceptual,Keyword,idf-correct-sidecar,1,1,1,1,0.8591367550184259,0.2553016358188221,1,2,0.0007,56.7447,books-t2013-a=10
q023,biography of a president,Torso,StripeLocal,Mixed,Keyword,single-index,1,1,1,1,1,0.2936312762892952,1,1,0.000266667,64.2954,books-oracle2=10
q023,biography of a president,Torso,StripeLocal,Mixed,Keyword,naive-score,0.9978186987224108,0.9,0.8181818181818182,1,0.8520562548211447,0.2936312762892952,1,2,0.00023333299999999998,53.0612,books-t2013-a=10
q023,biography of a president,Torso,StripeLocal,Mixed,Keyword,interleave,0.8469715992375074,0.5,0.3333333333333333,0.5,0.5107958219629904,0.12408128067208175,0.7,2,0.00023333299999999998,53.0484,books-t2013-a=5 | books-t2013-b=5
q023,biography of a president,Torso,StripeLocal,Mixed,Keyword,quota-merge,0.9527223113846099,0.9,0.8181818181818182,0.6444444444444445,0.7053564453789197,0.22420005435251794,1,2,0.00023333299999999998,53.0474,books-t2013-a=9 | books-t2013-b=1
q023,biography of a president,Torso,StripeLocal,Mixed,Keyword,global-rrf,0.833972015991375,0.5,0.3333333333333333,0.3888888888888889,0.47884820211186896,0.12408128067208175,0.7,2,0.00023333299999999998,53.0548,books-t2013-a=5 | books-t2013-b=5
q023,biography of a president,Torso,StripeLocal,Mixed,Keyword,minmax-norm,0.8862076910362149,0.7,0.5384615384615384,0.2,0.511491239378461,0.09432504269917721,0.8,2,0.00023333299999999998,53.079100000000004,books-t2013-a=7 | books-t2013-b=3
q023,biography of a president,Torso,StripeLocal,Mixed,Keyword,zscore-norm,0.9276700665165742,0.7,0.5384615384615384,0.3333333333333333,0.6021836476637739,0.09432504269917721,0.8,2,0.00023333299999999998,53.074200000000005,books-t2013-a=7 | books-t2013-b=3
q023,biography of a president,Torso,StripeLocal,Mixed,Keyword,idf-correct-probe,0.9978186987224108,0.9,0.8181818181818182,1,0.8520562548211447,0.2936312762892952,1,6,0.000300001,224.57999999999998,books-t2013-a=10
q023,biography of a president,Torso,StripeLocal,Mixed,Keyword,idf-correct-sidecar,0.9978186987224108,0.9,0.8181818181818182,1,0.8520562548211447,0.2936312762892952,1,2,0.00023333299999999998,53.0833,books-t2013-a=10
q024,behavioral economics and irrational decision making,Tail,StripeLocal,Mixed,Keyword,single-index,1,1,1,1,1,0.8771495496465931,1,1,0.000366667,94.5441,books-oracle2=10
q024,behavioral economics and irrational decision making,Tail,StripeLocal,Mixed,Keyword,naive-score,1,1,1,1,0.8591367550184259,0.8771495496465931,1,2,0.0006333339999999999,56.380300000000005,books-t2013-a=10
q024,behavioral economics and irrational decision making,Tail,StripeLocal,Mixed,Keyword,interleave,0.8431260334507907,0.5,0.3333333333333333,0.4444444444444444,0.5085429484691706,0.5879388761179755,0.6,2,0.0006333339999999999,56.3665,books-t2013-a=5 | books-t2013-b=5
q024,behavioral economics and irrational decision making,Tail,StripeLocal,Mixed,Keyword,quota-merge,0.9503220404485568,0.9,0.8181818181818182,0.6444444444444445,0.7041464404851902,0.7383128570505997,0.9,2,0.0006333339999999999,56.3618,books-t2013-a=9 | books-t2013-b=1
q024,behavioral economics and irrational decision making,Tail,StripeLocal,Mixed,Keyword,global-rrf,0.8373790159697303,0.5,0.3333333333333333,0.3888888888888889,0.4905452232390917,0.5806533362707069,0.6,2,0.0006333339999999999,56.3757,books-t2013-a=5 | books-t2013-b=5
q024,behavioral economics and irrational decision making,Tail,StripeLocal,Mixed,Keyword,minmax-norm,0.775640719589635,0.4,0.25,0.2857142857142857,0.42154314311249563,0.5250350463333376,0.5,2,0.0006333339999999999,56.4105,books-t2013-a=4 | books-t2013-b=6
q024,behavioral economics and irrational decision making,Tail,StripeLocal,Mixed,Keyword,zscore-norm,0.7964490936479831,0.4,0.25,0.5714285714285714,0.47939682225542884,0.5584870798106376,0.5,2,0.0006333339999999999,56.402300000000004,books-t2013-a=4 | books-t2013-b=6
q024,behavioral economics and irrational decision making,Tail,StripeLocal,Mixed,Keyword,idf-correct-probe,1,1,1,1,0.8591367550184259,0.8771495496465931,1,12,0.0008000039999999999,484.26689999999996,books-t2013-a=10
q024,behavioral economics and irrational decision making,Tail,StripeLocal,Mixed,Keyword,idf-correct-sidecar,1,1,1,1,0.8591367550184259,0.8771495496465931,1,2,0.0006333339999999999,56.4151,books-t2013-a=10
q025,habits productivity and personal effectiveness,Torso,StripeLocal,Mixed,Keyword,single-index,1,1,1,1,1,0.8758510212272971,1,1,0.000366667,67.8651,books-oracle2=10
q025,habits productivity and personal effectiveness,Torso,StripeLocal,Mixed,Keyword,naive-score,1,1,1,1,0.8591367550184259,0.8758510212272971,1,2,0.00035,57.3811,books-t2013-a=9 | books-t2013-b=1
q025,habits productivity and personal effectiveness,Torso,StripeLocal,Mixed,Keyword,interleave,0.851058219361363,0.6,0.42857142857142855,0.6190476190476191,0.6193530249326734,0.5930184384569425,0.7,2,0.00035,57.367000000000004,books-t2013-a=5 | books-t2013-b=5
q025,habits productivity and personal effectiveness,Torso,StripeLocal,Mixed,Keyword,quota-merge,0.9931289429998503,1,1,0.9555555555555556,0.8139036336791178,0.8923176273555912,1,2,0.00035,57.3598,books-t2013-a=9 | books-t2013-b=1
q025,habits productivity and personal effectiveness,Torso,StripeLocal,Mixed,Keyword,global-rrf,0.8295379878803895,0.6,0.42857142857142855,0.5238095238095238,0.5665840823791101,0.5746733379021599,0.7,2,0.00035,57.3753,books-t2013-a=5 | books-t2013-b=5
q025,habits productivity and personal effectiveness,Torso,StripeLocal,Mixed,Keyword,minmax-norm,0.9931289429998503,1,1,0.9555555555555556,0.8139036336791178,0.8923176273555912,1,2,0.00035,57.409800000000004,books-t2013-a=9 | books-t2013-b=1
q025,habits productivity and personal effectiveness,Torso,StripeLocal,Mixed,Keyword,zscore-norm,0.9078080405106685,0.9,0.8181818181818182,0.7777777777777778,0.6724106808431922,0.8189537052562311,1,2,0.00035,57.4024,books-t2013-a=8 | books-t2013-b=2
q025,habits productivity and personal effectiveness,Torso,StripeLocal,Mixed,Keyword,idf-correct-probe,0.9943200554371718,1,1,0.8666666666666667,0.8004874898898788,0.8719968219913282,1,10,0.000483336,394.1707,books-t2013-a=9 | books-t2013-b=1
q025,habits productivity and personal effectiveness,Torso,StripeLocal,Mixed,Keyword,idf-correct-sidecar,0.996086306530931,1,1,0.9111111111111111,0.8136774680724213,0.8758510212272971,1,2,0.00035,57.4106,books-t2013-a=9 | books-t2013-b=1
q026,poetry collection about grief,Torso,StripeLocal,Conceptual,Keyword,single-index,1,1,1,1,1,0.24020345294718828,1,1,0.000383333,65.3913,books-oracle2=10
q026,poetry collection about grief,Torso,StripeLocal,Conceptual,Keyword,naive-score,0.9997902869138835,1,1,0.9555555555555556,0.8492442713815191,0.23906852175861015,1,2,0.0007,110.3694,books-t2013-a=10
q026,poetry collection about grief,Torso,StripeLocal,Conceptual,Keyword,interleave,0.8910857658478696,0.5,0.3333333333333333,0.5555555555555556,0.5290780171892789,0.22050650077637357,0.7,2,0.0007,110.3539,books-t2013-a=5 | books-t2013-b=5
q026,poetry collection about grief,Torso,StripeLocal,Conceptual,Keyword,quota-merge,0.9645229279142185,0.9,0.8181818181818182,0.6,0.7172039736412851,0.23877102298152877,1,2,0.0007,110.3476,books-t2013-a=9 | books-t2013-b=1
q026,poetry collection about grief,Torso,StripeLocal,Conceptual,Keyword,global-rrf,0.877113426139076,0.5,0.3333333333333333,0.4222222222222222,0.48949905281825795,0.22590548432350574,0.7,2,0.0007,110.3631,books-t2013-a=5 | books-t2013-b=5
q026,poetry collection about grief,Torso,StripeLocal,Conceptual,Keyword,minmax-norm,0.7867353357095017,0.3,0.17647058823529413,0.5,0.38173808566592965,0.20513029625242876,0.6,2,0.0007,110.3989,books-t2013-a=3 | books-t2013-b=7
q026,poetry collection about grief,Torso,StripeLocal,Conceptual,Keyword,zscore-norm,0.8796634960065209,0.4,0.25,0.5555555555555556,0.5142927012742533,0.21678948919642696,0.7,2,0.0007,110.391,books-t2013-a=4 | books-t2013-b=6
q026,poetry collection about grief,Torso,StripeLocal,Conceptual,Keyword,idf-correct-probe,0.9997902869138835,1,1,0.9555555555555556,0.8492442713815191,0.23906852175861015,1,8,0.000800002,370.4815,books-t2013-a=10
q026,poetry collection about grief,Torso,StripeLocal,Conceptual,Keyword,idf-correct-sidecar,0.9997902869138835,1,1,0.9555555555555556,0.8492442713815191,0.23906852175861015,1,2,0.0007,110.3952,books-t2013-a=10
q027,existentialist philosophy and the meaning of life,Torso,StripeLocal,Mixed,Keyword,single-index,1,1,1,1,1,0.26834602793134127,1,1,0.0004,67.5377,books-oracle2=10
q027,existentialist philosophy and the meaning of life,Torso,StripeLocal,Mixed,Keyword,naive-score,1,1,1,1,0.8591367550184259,0.26834602793134127,1,2,0.0007,55.3296,books-t2013-a=10
q027,existentialist philosophy and the meaning of life,Torso,StripeLocal,Mixed,Keyword,interleave,0.8885717844371795,0.5,0.3333333333333333,0.4222222222222222,0.5286973121742352,0.1954252519296986,0.6,2,0.0007,55.316399999999994,books-t2013-a=5 | books-t2013-b=5
q027,existentialist philosophy and the meaning of life,Torso,StripeLocal,Mixed,Keyword,quota-merge,0.8483962751985874,0.9,0.8181818181818182,0.6,0.6111440920110364,0.25733435009679745,1,2,0.0007,55.3086,books-t2013-a=9 | books-t2013-b=1
q027,existentialist philosophy and the meaning of life,Torso,StripeLocal,Mixed,Keyword,global-rrf,0.7607959521814239,0.5,0.3333333333333333,0.24444444444444444,0.3802180692475236,0.18778212733487007,0.6,2,0.0007,55.3234,books-t2013-a=5 | books-t2013-b=5
q027,existentialist philosophy and the meaning of life,Torso,StripeLocal,Mixed,Keyword,minmax-norm,0.7652825953257595,0.5,0.3333333333333333,0.28888888888888886,0.39623164490242874,0.19185178927830246,0.6,2,0.0007,55.358599999999996,books-t2013-a=5 | books-t2013-b=5
q027,existentialist philosophy and the meaning of life,Torso,StripeLocal,Mixed,Keyword,zscore-norm,0.7613908663453219,0.5,0.3333333333333333,0.24444444444444444,0.3830416667198865,0.19081099787154984,0.6,2,0.0007,55.3504,books-t2013-a=5 | books-t2013-b=5
q027,existentialist philosophy and the meaning of life,Torso,StripeLocal,Mixed,Keyword,idf-correct-probe,1,1,1,1,0.8591367550184259,0.26834602793134127,1,10,0.000833336,431.2575,books-t2013-a=10
q027,existentialist philosophy and the meaning of life,Torso,StripeLocal,Mixed,Keyword,idf-correct-sidecar,1,1,1,1,0.8591367550184259,0.26834602793134127,1,2,0.0007,55.361399999999996,books-t2013-a=10
q028,evolutionary biology explained for general readers,Torso,StripeLocal,Conceptual,Keyword,single-index,1,1,1,1,1,0.5194759540724612,1,1,0.000333333,67.4535,books-oracle2=10
q028,evolutionary biology explained for general readers,Torso,StripeLocal,Conceptual,Keyword,naive-score,0.9998146430679209,1,1,0.9111111111111111,0.8466976634509897,0.5194759540724612,1,2,0.000566667,56.858200000000004,books-t2013-a=10
q028,evolutionary biology explained for general readers,Torso,StripeLocal,Conceptual,Keyword,interleave,0.7555199044100182,0.5,0.3333333333333333,0.3333333333333333,0.5089935875046544,0.26530541415334336,0.5,2,0.000566667,56.8435,books-t2013-a=5 | books-t2013-b=5
q028,evolutionary biology explained for general readers,Torso,StripeLocal,Conceptual,Keyword,quota-merge,0.8331531741376037,0.9,0.8181818181818182,0.4222222222222222,0.594945914321328,0.43803203175953465,0.9,2,0.000566667,56.8372,books-t2013-a=9 | books-t2013-b=1
q028,evolutionary biology explained for general readers,Torso,StripeLocal,Conceptual,Keyword,global-rrf,0.6114441981140474,0.5,0.3333333333333333,0.2,0.35570659753040595,0.2400949495442549,0.5,2,0.000566667,56.8523,books-t2013-a=5 | books-t2013-b=5
q028,evolutionary biology explained for general readers,Torso,StripeLocal,Conceptual,Keyword,minmax-norm,0.5970377556761473,0.5,0.3333333333333333,0.3333333333333333,0.31385367142175913,0.22661441692545897,0.5,2,0.000566667,56.8859,books-t2013-a=5 | books-t2013-b=5
q028,evolutionary biology explained for general readers,Torso,StripeLocal,Conceptual,Keyword,zscore-norm,0.7131126646169543,0.5,0.3333333333333333,0.4666666666666667,0.4143717188424442,0.22661441692545897,0.5,2,0.000566667,56.8787,books-t2013-a=5 | books-t2013-b=5
q028,evolutionary biology explained for general readers,Torso,StripeLocal,Conceptual,Keyword,idf-correct-probe,0.9998146430679209,1,1,0.9111111111111111,0.8466976634509897,0.5194759540724612,1,12,0.0007333369999999999,504.9034,books-t2013-a=10
q028,evolutionary biology explained for general readers,Torso,StripeLocal,Conceptual,Keyword,idf-correct-sidecar,0.9998146430679209,1,1,0.9111111111111111,0.8466976634509897,0.5194759540724612,1,2,0.000566667,56.912800000000004,books-t2013-a=10
q029,the history of the Roman empire,Torso,StripeLocal,Lexical,Keyword,single-index,1,1,1,1,1,0.7824816778041492,1,1,0.00075,64.7466,books-oracle2=10
q029,the history of the Roman empire,Torso,StripeLocal,Lexical,Keyword,naive-score,1,1,1,1,0.8591367550184259,0.7824816778041492,1,2,0.000516667,56.4688,books-t2013-a=10
q029,the history of the Roman empire,Torso,StripeLocal,Lexical,Keyword,interleave,0.7556125341311287,0.5,0.3333333333333333,0.4666666666666667,0.5063932165450956,0.7218054901689454,0.6,2,0.000516667,56.4542,books-t2013-a=5 | books-t2013-b=5
q029,the history of the Roman empire,Torso,StripeLocal,Lexical,Keyword,quota-merge,0.8242022361381539,0.9,0.8181818181818182,0.6,0.6022380269986759,0.5158855358932293,1,2,0.000516667,56.4498,books-t2013-a=9 | books-t2013-b=1
q029,the history of the Roman empire,Torso,StripeLocal,Lexical,Keyword,global-rrf,0.6143289301786148,0.5,0.3333333333333333,0.3333333333333333,0.37110395180092626,0.4955802576306845,0.6,2,0.000516667,56.4632,books-t2013-a=5 | books-t2013-b=5
q029,the history of the Roman empire,Torso,StripeLocal,Lexical,Keyword,minmax-norm,0.4110499374671509,0.2,0.1111111111111111,-0.3333333333333333,0.19953052323964354,0.4023441836841061,0.3,2,0.000516667,56.499,books-t2013-a=2 | books-t2013-b=8
q029,the history of the Roman empire,Torso,StripeLocal,Lexical,Keyword,zscore-norm,0.6751024755337551,0.4,0.25,0.4,0.4133837273790001,0.6831642310029972,0.5,2,0.000516667,56.4902,books-t2013-a=4 | books-t2013-b=6
q029,the history of the Roman empire,Torso,StripeLocal,Lexical,Keyword,idf-correct-probe,1,1,1,1,0.8591367550184259,0.7824816778041492,1,8,0.0006166689999999999,311.0861,books-t2013-a=10
q029,the history of the Roman empire,Torso,StripeLocal,Lexical,Keyword,idf-correct-sidecar,1,1,1,1,0.8591367550184259,0.7824816778041492,1,2,0.000516667,56.4958,books-t2013-a=10
q030,a novel narrated by an unreliable narrator in a decaying southern town,Tail,StripeLocal,Conceptual,Keyword,single-index,1,1,1,1,1,0.2344141794010839,1,1,0.000433333,69.012,books-oracle2=10
q030,a novel narrated by an unreliable narrator in a decaying southern town,Tail,StripeLocal,Conceptual,Keyword,naive-score,0.976939124445833,0.9,0.8181818181818182,0.7333333333333333,0.7306500401964833,0.2745313455720637,1,2,0.000783333,56.844899999999996,books-t2013-a=6 | books-t2013-b=4
q030,a novel narrated by an unreliable narrator in a decaying southern town,Tail,StripeLocal,Conceptual,Keyword,interleave,0.9039377997227858,1,1,0.6444444444444445,0.6372124929730796,0.21878278794996117,1,2,0.000783333,56.8304,books-t2013-a=5 | books-t2013-b=5
q030,a novel narrated by an unreliable narrator in a decaying southern town,Tail,StripeLocal,Conceptual,Keyword,quota-merge,0.8802542339581136,0.6,0.42857142857142855,0.9555555555555556,0.5899942239342704,0.30592727256871477,0.9,2,0.000783333,56.8236,books-t2013-a=9 | books-t2013-b=1
q030,a novel narrated by an unreliable narrator in a decaying southern town,Tail,StripeLocal,Conceptual,Keyword,global-rrf,0.9827758935606032,1,1,0.7777777777777778,0.7509205185763067,0.24744967649824234,1,2,0.000783333,56.8392,books-t2013-a=5 | books-t2013-b=5
q030,a novel narrated by an unreliable narrator in a decaying southern town,Tail,StripeLocal,Conceptual,Keyword,minmax-norm,0.9781371493256402,1,1,0.6888888888888889,0.7405541378661272,0.24751845798270014,1,2,0.000783333,56.8827,books-t2013-a=5 | books-t2013-b=5
q030,a novel narrated by an unreliable narrator in a decaying southern town,Tail,StripeLocal,Conceptual,Keyword,zscore-norm,0.9041722126913502,1,1,0.6444444444444445,0.6400360904454423,0.21625567508045468,1,2,0.000783333,56.869499999999995,books-t2013-a=5 | books-t2013-b=5
q030,a novel narrated by an unreliable narrator in a decaying southern town,Tail,StripeLocal,Conceptual,Keyword,idf-correct-probe,0.9772483664464613,0.9,0.8181818181818182,0.7777777777777778,0.751471362898925,0.28151251904653346,1,14,0.000983337,575.9821999999999,books-t2013-a=6 | books-t2013-b=4
q030,a novel narrated by an unreliable narrator in a decaying southern town,Tail,StripeLocal,Conceptual,Keyword,idf-correct-sidecar,0.9733011024689237,0.9,0.8181818181818182,0.6888888888888889,0.7306500401964833,0.2856219943061699,1,2,0.000783333,56.9116,books-t2013-a=6 | books-t2013-b=4
q031,Regency romance with a reluctant duke,Tail,StripeLocal,Mixed,Keyword,single-index,1,1,1,1,1,0.7964626293911861,1,1,0.000366667,65.9028,books-oracle2=10
q031,Regency romance with a reluctant duke,Tail,StripeLocal,Mixed,Keyword,naive-score,0.999623570476307,1,1,0.9555555555555556,0.8459467768358835,0.7946561412404685,1,2,0.00065,54.960499999999996,books-t2013-a=8 | books-t2013-b=2
q031,Regency romance with a reluctant duke,Tail,StripeLocal,Mixed,Keyword,interleave,0.9177483699078371,0.7,0.5384615384615384,0.5714285714285714,0.7228189306561457,0.7710752462760969,0.7,2,0.00065,54.945699999999995,books-t2013-a=5 | books-t2013-b=5
q031,Regency romance with a reluctant duke,Tail,StripeLocal,Mixed,Keyword,quota-merge,0.9909068057526814,0.9,0.8181818181818182,0.9555555555555556,0.8177888655635047,0.7955070439663979,0.9,2,0.00065,54.939499999999995,books-t2013-a=9 | books-t2013-b=1
q031,Regency romance with a reluctant duke,Tail,StripeLocal,Mixed,Keyword,global-rrf,0.9085954925751826,0.7,0.5384615384615384,0.42857142857142855,0.6748577351501189,0.7406635665439226,0.7,2,0.00065,54.9539,books-t2013-a=5 | books-t2013-b=5
q031,Regency romance with a reluctant duke,Tail,StripeLocal,Mixed,Keyword,minmax-norm,0.9093490382193354,0.7,0.5384615384615384,0.35714285714285715,0.6701793493370195,0.7234313107635195,0.7,2,0.00065,54.986399999999996,books-t2013-a=5 | books-t2013-b=5
q031,Regency romance with a reluctant duke,Tail,StripeLocal,Mixed,Keyword,zscore-norm,0.9161437807218284,0.7,0.5384615384615384,0.5714285714285714,0.7115812252988882,0.7433209574205696,0.7,2,0.00065,54.977599999999995,books-t2013-a=5 | books-t2013-b=5
q031,Regency romance with a reluctant duke,Tail,StripeLocal,Mixed,Keyword,idf-correct-probe,0.999623570476307,1,1,0.9555555555555556,0.8459467768358835,0.7946561412404685,1,10,0.0007833359999999999,395.5258,books-t2013-a=8 | books-t2013-b=2
q031,Regency romance with a reluctant duke,Tail,StripeLocal,Mixed,Keyword,idf-correct-sidecar,0.999623570476307,1,1,0.9555555555555556,0.8459467768358835,0.7946561412404685,1,2,0.00065,54.987899999999996,books-t2013-a=8 | books-t2013-b=2
q032,cookbook,Head,StripeLocal,Lexical,Keyword,single-index,1,1,1,1,1,1,1,1,0.000216667,58.8246,books-oracle2=10
q032,cookbook,Head,StripeLocal,Lexical,Keyword,naive-score,0.996086306530931,1,1,0.9111111111111111,0.8225856938329161,1,1,2,0.00025,53.1945,books-t2013-a=10
q032,cookbook,Head,StripeLocal,Lexical,Keyword,interleave,0.9093124661527863,1,1,0.8222222222222222,0.6745848948129534,1,1,2,0.00025,53.124199999999995,books-t2013-a=10
q032,cookbook,Head,StripeLocal,Lexical,Keyword,quota-merge,0.8758207540425217,0.9,0.9,0.7777777777777778,0.6502359260886826,0.9363792118010483,1,2,0.00025,53.1316,books-t2013-a=9
q032,cookbook,Head,StripeLocal,Lexical,Keyword,global-rrf,0.9093124661527863,1,1,0.8222222222222222,0.6745848948129534,1,1,2,0.00025,53.1294,books-t2013-a=10
q032,cookbook,Head,StripeLocal,Lexical,Keyword,minmax-norm,0.996086306530931,1,1,0.9111111111111111,0.8225856938329161,1,1,2,0.00025,53.1459,books-t2013-a=10
q032,cookbook,Head,StripeLocal,Lexical,Keyword,zscore-norm,0.996086306530931,1,1,0.9111111111111111,0.8225856938329161,1,1,2,0.00025,53.1413,books-t2013-a=10
q032,cookbook,Head,StripeLocal,Lexical,Keyword,idf-correct-probe,0.996086306530931,1,1,0.9111111111111111,0.8225856938329161,1,1,4,0.000283334,138.3046,books-t2013-a=10
q032,cookbook,Head,StripeLocal,Lexical,Keyword,idf-correct-sidecar,0.996086306530931,1,1,0.9111111111111111,0.8225856938329161,1,1,2,0.00025,53.146,books-t2013-a=10
q033,travel writing about walking across a country,Tail,StripeLocal,Conceptual,Keyword,single-index,1,1,1,1,1,0.5801031069904631,0.9,1,0.000416667,67.4755,books-oracle2=10
q033,travel writing about walking across a country,Tail,StripeLocal,Conceptual,Keyword,naive-score,1,1,1,1,0.8591367550184259,0.5801031069904631,0.9,2,0.000733334,62.038799999999995,books-t2013-a=10
q033,travel writing about walking across a country,Tail,StripeLocal,Conceptual,Keyword,interleave,0.7591405792631754,0.5,0.3333333333333333,0.4666666666666667,0.5070981577905174,0.5261901414423265,0.6,2,0.000733334,62.0134,books-t2013-a=5 | books-t2013-b=5
q033,travel writing about walking across a country,Tail,StripeLocal,Conceptual,Keyword,quota-merge,0.8297940553732995,0.9,0.8181818181818182,0.6,0.602942968244098,0.3041445695308537,0.8,2,0.000733334,62.0079,books-t2013-a=9 | books-t2013-b=1
q033,travel writing about walking across a country,Tail,StripeLocal,Conceptual,Keyword,global-rrf,0.6168635989935833,0.5,0.3333333333333333,0.3333333333333333,0.36625025938370503,0.3861586706562785,0.6,2,0.000733334,62.0211,books-t2013-a=5 | books-t2013-b=5
q033,travel writing about walking across a country,Tail,StripeLocal,Conceptual,Keyword,minmax-norm,0.5732438096109526,0.4,0.25,0.2,0.34266276683260677,0.36736034734534323,0.6,2,0.000733334,62.0982,books-t2013-a=4 | books-t2013-b=6
q033,travel writing about walking across a country,Tail,StripeLocal,Conceptual,Keyword,zscore-norm,0.6988811355512897,0.4,0.25,0.4,0.46070464241009795,0.522052850546376,0.6,2,0.000733334,62.052,books-t2013-a=4 | books-t2013-b=6
q033,travel writing about walking across a country,Tail,StripeLocal,Conceptual,Keyword,idf-correct-probe,1,1,1,1,0.8591367550184259,0.5801031069904631,0.9,10,0.0008666699999999999,405.4387,books-t2013-a=10
q033,travel writing about walking across a country,Tail,StripeLocal,Conceptual,Keyword,idf-correct-sidecar,1,1,1,1,0.8591367550184259,0.5801031069904631,0.9,2,0.000733334,62.0586,books-t2013-a=10
q034,startup founder building a company from nothing,Torso,StripeLocal,Conceptual,Keyword,single-index,1,1,1,1,1,0.8128236231221232,1,1,0.000366667,68.8526,books-oracle2=10
q034,startup founder building a company from nothing,Torso,StripeLocal,Conceptual,Keyword,naive-score,0.9986216109928167,1,1,0.8666666666666667,0.8284229486790775,0.8105763658863617,1,2,0.00035,55.696200000000005,books-t2013-a=7 | books-t2013-b=3
q034,startup founder building a company from nothing,Torso,StripeLocal,Conceptual,Keyword,interleave,0.9917605197759295,0.8,0.6666666666666666,0.8666666666666667,0.7943860621713145,0.8041946128422202,0.9,2,0.00035,55.6813,books-t2013-a=5 | books-t2013-b=5
q034,startup founder building a company from nothing,Torso,StripeLocal,Conceptual,Keyword,quota-merge,0.8893346482971191,0.8,0.6666666666666666,0.9555555555555556,0.6111235205093213,0.7238912361575537,0.9,2,0.00035,55.6726,books-t2013-a=9 | books-t2013-b=1
q034,startup founder building a company from nothing,Torso,StripeLocal,Conceptual,Keyword,global-rrf,0.9367744614200068,0.8,0.6666666666666666,0.7777777777777778,0.6862366702307302,0.8041946128422202,0.9,2,0.00035,55.6892,books-t2013-a=5 | books-t2013-b=5
q034,startup founder building a company from nothing,Torso,StripeLocal,Conceptual,Keyword,minmax-norm,0.9242632904028774,0.7,0.5384615384615384,0.5555555555555556,0.6322880056183957,0.7892871472850959,0.8,2,0.00035,55.7224,books-t2013-a=4 | books-t2013-b=6
q034,startup founder building a company from nothing,Torso,StripeLocal,Conceptual,Keyword,zscore-norm,0.9930401012979462,0.8,0.6666666666666666,0.8666666666666667,0.8115887519674854,0.8244112253105348,0.9,2,0.00035,55.714600000000004,books-t2013-a=5 | books-t2013-b=5
q034,startup founder building a company from nothing,Torso,StripeLocal,Conceptual,Keyword,idf-correct-probe,0.999623570476307,1,1,0.9555555555555556,0.8459467768358835,0.8128236231221232,1,12,0.00051667,491.619,books-t2013-a=7 | books-t2013-b=3
q034,startup founder building a company from nothing,Torso,StripeLocal,Conceptual,Keyword,idf-correct-sidecar,0.999623570476307,1,1,0.9555555555555556,0.8459467768358835,0.8128236231221232,1,2,0.00035,55.7269,books-t2013-a=7 | books-t2013-b=3
q035,a marriage falling apart told from both perspectives,Tail,StripeLocal,Conceptual,Keyword,single-index,1,1,1,1,1,0.1613817985593553,1,1,0.0008,68.0914,books-oracle2=10
q035,a marriage falling apart told from both perspectives,Tail,StripeLocal,Conceptual,Keyword,naive-score,0.9558489246631988,0.9,0.8181818181818182,0.6444444444444445,0.6915094421033402,0.12619744683988712,1,2,0.00038333400000000004,56.4436,books-t2013-a=10
q035,a marriage falling apart told from both perspectives,Tail,StripeLocal,Conceptual,Keyword,interleave,0.8830877067291476,0.6,0.42857142857142855,0.2777777777777778,0.5853728177947576,0.11774262180355755,0.8,2,0.00038333400000000004,56.43,books-t2013-a=5 | books-t2013-b=5
q035,a marriage falling apart told from both perspectives,Tail,StripeLocal,Conceptual,Keyword,quota-merge,0.9728980459658954,0.9,0.8181818181818182,0.6,0.7234698845750803,0.13501863121134752,1,2,0.00038333400000000004,56.4213,books-t2013-a=9 | books-t2013-b=1
q035,a marriage falling apart told from both perspectives,Tail,StripeLocal,Conceptual,Keyword,global-rrf,0.8736776851056074,0.6,0.42857142857142855,0.2222222222222222,0.553425197943636,0.11698626888398622,0.8,2,0.00038333400000000004,56.437400000000004,books-t2013-a=5 | books-t2013-b=5
q035,a marriage falling apart told from both perspectives,Tail,StripeLocal,Conceptual,Keyword,minmax-norm,0.9440253771814751,0.8,0.6666666666666666,0.28888888888888886,0.6347603492911575,0.15708620747054378,1,2,0.00038333400000000004,56.4654,books-t2013-a=7 | books-t2013-b=3
q035,a marriage falling apart told from both perspectives,Tail,StripeLocal,Conceptual,Keyword,zscore-norm,0.83257652781545,0.7,0.5384615384615384,0.06666666666666667,0.46974354640369315,0.15748748563082016,0.9,2,0.00038333400000000004,56.4623,books-t2013-a=6 | books-t2013-b=4
q035,a marriage falling apart told from both perspectives,Tail,StripeLocal,Conceptual,Keyword,idf-correct-probe,0.9745811883157359,0.9,0.8181818181818182,0.5555555555555556,0.7051504704326605,0.12786627029491837,1,12,0.000550004,490.876,books-t2013-a=9 | books-t2013-b=1
q035,a marriage falling apart told from both perspectives,Tail,StripeLocal,Conceptual,Keyword,idf-correct-sidecar,0.973756043063594,0.9,0.8181818181818182,0.5111111111111111,0.697519125912761,0.12786627029491837,1,2,0.00038333400000000004,56.4913,books-t2013-a=9 | books-t2013-b=1
q036,essays on race in America,Torso,StripeLocal,Mixed,Keyword,single-index,1,1,1,1,1,0.06518264816572998,1,1,0.00035,93.8235,books-oracle2=10
q036,essays on race in America,Torso,StripeLocal,Mixed,Keyword,naive-score,0.9898374680792391,0.9,0.8181818181818182,0.8222222222222222,0.77588330028751,0.06695575975322494,0.9,2,0.0006000000000000001,56.8628,books-t2013-a=9 | books-t2013-b=1
q036,essays on race in America,Torso,StripeLocal,Mixed,Keyword,interleave,0.9371054285143181,0.7,0.5384615384615384,0.6,0.6297777673622668,0.10561131599397303,0.9,2,0.0006000000000000001,56.8489,books-t2013-a=5 | books-t2013-b=5
q036,essays on race in America,Torso,StripeLocal,Mixed,Keyword,quota-merge,0.9811355856526559,0.9,0.8181818181818182,0.8666666666666667,0.7537326407676507,0.06575040261105275,0.9,2,0.0006000000000000001,56.840300000000006,books-t2013-a=9 | books-t2013-b=1
q036,essays on race in America,Torso,StripeLocal,Mixed,Keyword,global-rrf,0.9371054285143181,0.7,0.5384615384615384,0.6,0.6297777673622668,0.10561131599397303,0.9,2,0.0006000000000000001,56.857200000000006,books-t2013-a=5 | books-t2013-b=5
q036,essays on race in America,Torso,StripeLocal,Mixed,Keyword,minmax-norm,0.981555064181188,1,1,0.6888888888888889,0.7377305403937645,0.06428297105355223,1,2,0.0006000000000000001,56.885400000000004,books-t2013-a=8 | books-t2013-b=2
q036,essays on race in America,Torso,StripeLocal,Mixed,Keyword,zscore-norm,0.8314269180170053,0.8,0.6666666666666666,0.5555555555555556,0.5154265411427283,0.07966673847231777,1,2,0.0006000000000000001,56.925700000000006,books-t2013-a=6 | books-t2013-b=4
q036,essays on race in America,Torso,StripeLocal,Mixed,Keyword,idf-correct-probe,0.9942791099804552,1,1,0.8222222222222222,0.7905950062529721,0.06638800530790215,1,8,0.000700002,312.885,books-t2013-a=8 | books-t2013-b=2
q036,essays on race in America,Torso,StripeLocal,Mixed,Keyword,idf-correct-sidecar,0.9942791099804552,1,1,0.8222222222222222,0.7905950062529721,0.06638800530790215,1,2,0.0006000000000000001,56.889100000000006,books-t2013-a=8 | books-t2013-b=2
q037,spiritual awakening and mindfulness practice,Torso,StripeLocal,Conceptual,Keyword,single-index,1,1,1,1,1,1,1,1,0.00035,65.5911,books-oracle2=10
q037,spiritual awakening and mindfulness practice,Torso,StripeLocal,Conceptual,Keyword,naive-score,0.999623570476307,1,1,0.9555555555555556,0.8459467768358835,1,1,2,0.000566667,54.8127,books-t2013-a=10
q037,spiritual awakening and mindfulness practice,Torso,StripeLocal,Conceptual,Keyword,interleave,0.8357968590251704,0.5,0.3333333333333333,0.35714285714285715,0.5221500068316142,0.7343849412458523,0.7,2,0.000566667,54.8015,books-t2013-a=5 | books-t2013-b=5
q037,spiritual awakening and mindfulness practice,Torso,StripeLocal,Conceptual,Keyword,quota-merge,0.8502594658585325,0.9,0.8181818181818182,0.5555555555555556,0.6126771123502504,1,1,2,0.000566667,54.791799999999995,books-t2013-a=9 | books-t2013-b=1
q037,spiritual awakening and mindfulness practice,Torso,StripeLocal,Conceptual,Keyword,global-rrf,0.7248494540737356,0.5,0.3333333333333333,0.2857142857142857,0.4216319594109292,0.7343849412458523,0.7,2,0.000566667,54.8088,books-t2013-a=5 | books-t2013-b=5
q037,spiritual awakening and mindfulness practice,Torso,StripeLocal,Conceptual,Keyword,minmax-norm,0.8085230923676223,0.7,0.5384615384615384,0.2,0.4679361704177538,0.8606921027186357,0.9,2,0.000566667,54.8366,books-t2013-a=7 | books-t2013-b=3
q037,spiritual awakening and mindfulness practice,Torso,StripeLocal,Conceptual,Keyword,zscore-norm,0.7565120172303593,0.7,0.5384615384615384,0.1111111111111111,0.3955631762748603,0.8355069144306335,0.9,2,0.000566667,54.8317,books-t2013-a=7 | books-t2013-b=3
q037,spiritual awakening and mindfulness practice,Torso,StripeLocal,Conceptual,Keyword,idf-correct-probe,0.999623570476307,1,1,0.9555555555555556,0.8459467768358835,1,1,10,0.0007000029999999999,400.6462,books-t2013-a=10
q037,spiritual awakening and mindfulness practice,Torso,StripeLocal,Conceptual,Keyword,idf-correct-sidecar,0.999623570476307,1,1,0.9555555555555556,0.8459467768358835,1,1,2,0.000566667,54.851299999999995,books-t2013-a=10
q038,immigrant family adjusting to a new country,Torso,StripeLocal,Conceptual,Keyword,single-index,1,1,1,1,1,0.4042040793695303,1,1,0.000416667,66.5929,books-oracle2=10
q038,immigrant family adjusting to a new country,Torso,StripeLocal,Conceptual,Keyword,naive-score,0.9955583580987839,0.9,0.8181818181818182,1,0.8444250490529637,0.38391273046153845,1,2,0.000733334,56.5761,books-t2013-a=10
q038,immigrant family adjusting to a new country,Torso,StripeLocal,Conceptual,Keyword,interleave,0.8770667729304619,0.6,0.42857142857142855,0.3333333333333333,0.5459108405334021,0.37522792018541884,0.6,2,0.000733334,56.5683,books-t2013-a=5 | books-t2013-b=5
q038,immigrant family adjusting to a new country,Torso,StripeLocal,Conceptual,Keyword,quota-merge,0.9749151074893126,1,1,0.7333333333333333,0.7377305403937645,0.4160438994529701,1,2,0.000733334,56.5529,books-t2013-a=9 | books-t2013-b=1
q038,immigrant family adjusting to a new country,Torso,StripeLocal,Conceptual,Keyword,global-rrf,0.87196530099938,0.6,0.42857142857142855,0.2222222222222222,0.5250895178309604,0.3679212572135328,0.6,2,0.000733334,56.573899999999995,books-t2013-a=5 | books-t2013-b=5
q038,immigrant family adjusting to a new country,Torso,StripeLocal,Conceptual,Keyword,minmax-norm,0.8656956590353001,0.6,0.42857142857142855,0.3333333333333333,0.5247806515392381,0.37522792018541884,0.6,2,0.000733334,56.602599999999995,books-t2013-a=5 | books-t2013-b=5
q038,immigrant family adjusting to a new country,Torso,StripeLocal,Conceptual,Keyword,zscore-norm,0.7644324650103215,0.6,0.42857142857142855,0.2777777777777778,0.4242626041185529,0.32881116451426134,0.6,2,0.000733334,56.5946,books-t2013-a=5 | books-t2013-b=5
q038,immigrant family adjusting to a new country,Torso,StripeLocal,Conceptual,Keyword,idf-correct-probe,0.9955583580987839,0.9,0.8181818181818182,1,0.8444250490529637,0.38391273046153845,1,8,0.000833336,342.8345,books-t2013-a=10
q038,immigrant family adjusting to a new country,Torso,StripeLocal,Conceptual,Keyword,idf-correct-sidecar,0.9997898725962474,1,1,0.9111111111111111,0.8483193241614684,0.4020900985183818,1,2,0.000733334,56.603699999999996,books-t2013-a=9 | books-t2013-b=1
q039,art history and the Renaissance painters,Torso,StripeLocal,Mixed,Keyword,single-index,1,1,1,1,1,0.6291545409698538,1,1,0.000366667,66.3039,books-oracle2=10
q039,art history and the Renaissance painters,Torso,StripeLocal,Mixed,Keyword,naive-score,0.998699281988454,0.9,0.8181818181818182,0.9555555555555556,0.8476111353900218,0.5853341299768838,1,2,0.000516667,56.448800000000006,books-t2013-a=9 | books-t2013-b=1
q039,art history and the Renaissance painters,Torso,StripeLocal,Mixed,Keyword,interleave,0.9002328039966346,0.6,0.42857142857142855,0.6428571428571429,0.6837438060587864,0.5192074117348275,0.7,2,0.000516667,56.433800000000005,books-t2013-a=5 | books-t2013-b=5
q039,art history and the Renaissance painters,Torso,StripeLocal,Mixed,Keyword,quota-merge,0.998699281988454,0.9,0.8181818181818182,0.9555555555555556,0.8476111353900218,0.5853341299768838,1,2,0.000516667,56.4253,books-t2013-a=9 | books-t2013-b=1
q039,art history and the Renaissance painters,Torso,StripeLocal,Mixed,Keyword,global-rrf,0.8985244873301355,0.6,0.42857142857142855,0.6428571428571429,0.6789360590112496,0.5173156063323295,0.7,2,0.000516667,56.4453,books-t2013-a=5 | books-t2013-b=5
q039,art history and the Renaissance painters,Torso,StripeLocal,Mixed,Keyword,minmax-norm,0.9700189965968756,0.8,0.6666666666666666,0.4666666666666667,0.7029081442620257,0.560783492832672,0.9,2,0.000516667,56.4705,books-t2013-a=7 | books-t2013-b=3
q039,art history and the Renaissance painters,Torso,StripeLocal,Mixed,Keyword,zscore-norm,0.9105228908056028,0.8,0.6666666666666666,0.37777777777777777,0.584070682698921,0.5057136431388277,0.9,2,0.000516667,56.4658,books-t2013-a=7 | books-t2013-b=3
q039,art history and the Renaissance painters,Torso,StripeLocal,Mixed,Keyword,idf-correct-probe,0.998699281988454,0.9,0.8181818181818182,0.9555555555555556,0.8476111353900218,0.5853341299768838,1,8,0.0006166689999999999,340.5562,books-t2013-a=9 | books-t2013-b=1
q039,art history and the Renaissance painters,Torso,StripeLocal,Mixed,Keyword,idf-correct-sidecar,0.998699281988454,0.9,0.8181818181818182,0.9555555555555556,0.8476111353900218,0.5853341299768838,1,2,0.000516667,56.475500000000004,books-t2013-a=9 | books-t2013-b=1
q040,investing personal finance wealth,Torso,StripeLocal,Lexical,Keyword,single-index,1,1,1,1,1,0.8043482217369691,1,1,0.000733333,66.4477,books-oracle2=10
q040,investing personal finance wealth,Torso,StripeLocal,Lexical,Keyword,naive-score,1,1,1,1,0.8591367550184259,0.8043482217369691,1,2,0.00035,56.4945,books-t2013-a=10
q040,investing personal finance wealth,Torso,StripeLocal,Lexical,Keyword,interleave,0.841990892004705,0.5,0.3333333333333333,0.35714285714285715,0.5251945408899247,0.4920155508430389,0.6,2,0.00035,56.4818,books-t2013-a=5 | books-t2013-b=5
q040,investing personal finance wealth,Torso,StripeLocal,Lexical,Keyword,quota-merge,0.8556105894578118,0.9,0.8181818181818182,0.6,0.6166859262206001,0.6057034333424619,0.9,2,0.00035,56.4719,books-t2013-a=9 | books-t2013-b=1
q040,investing personal finance wealth,Torso,StripeLocal,Lexical,Keyword,global-rrf,0.7158986197462438,0.5,0.3333333333333333,0.14285714285714285,0.37953889543557556,0.3948690078803491,0.6,2,0.00035,56.4899,books-t2013-a=5 | books-t2013-b=5
q040,investing personal finance wealth,Torso,StripeLocal,Lexical,Keyword,minmax-norm,0.7293015578569186,0.5,0.3333333333333333,0.21428571428571427,0.4114865152866972,0.4040413797555676,0.6,2,0.00035,56.5262,books-t2013-a=5 | books-t2013-b=5
q040,investing personal finance wealth,Torso,StripeLocal,Lexical,Keyword,zscore-norm,0.8352932162095213,0.5,0.3333333333333333,0.2857142857142857,0.5043732181874829,0.4813380020175105,0.6,2,0.00035,56.514,books-t2013-a=5 | books-t2013-b=5
q040,investing personal finance wealth,Torso,StripeLocal,Lexical,Keyword,idf-correct-probe,1,1,1,1,0.8591367550184259,0.8043482217369691,1,8,0.000450002,319.1555,books-t2013-a=10
q040,investing personal finance wealth,Torso,StripeLocal,Lexical,Keyword,idf-correct-sidecar,1,1,1,1,0.8591367550184259,0.8043482217369691,1,2,0.00035,56.521499999999996,books-t2013-a=10
q041,love,Head,CrossStripe,Lexical,Keyword,single-index,1,1,1,1,1,0.9371166382005486,1,1,0.000383333,66.188,books-oracle2=10
q041,love,Head,CrossStripe,Lexical,Keyword,naive-score,0.998450826225048,0.9,0.8181818181818182,0.9555555555555556,0.8420525017273789,0.9371166382005486,1,2,0.0006833329999999999,54.996500000000005,books-t2013-a=10
q041,love,Head,CrossStripe,Lexical,Keyword,interleave,0.8438581281252049,0.6,0.42857142857142855,0.42857142857142855,0.5411821932277787,0.7885497208855956,0.7,2,0.0006833329999999999,54.9831,books-t2013-a=5 | books-t2013-b=5
q041,love,Head,CrossStripe,Lexical,Keyword,quota-merge,0.865917338207728,1,1,0.5555555555555556,0.6263950621161221,0.9404875240541909,1,2,0.0006833329999999999,54.9726,books-t2013-a=9 | books-t2013-b=1
q041,love,Head,CrossStripe,Lexical,Keyword,global-rrf,0.7307260206071423,0.6,0.42857142857142855,0.2857142857142857,0.41984282310465204,0.7778721720600672,0.7,2,0.0006833329999999999,54.9912,books-t2013-a=5 | books-t2013-b=5
q041,love,Head,CrossStripe,Lexical,Keyword,minmax-norm,0.6361930383204742,0.5,0.3333333333333333,0.047619047619047616,0.28017266078237285,0.7416702490101529,0.7,2,0.0006833329999999999,55.0183,books-t2013-a=4 | books-t2013-b=6
q041,love,Head,CrossStripe,Lexical,Keyword,zscore-norm,0.8048273798400347,0.5,0.3333333333333333,0.5238095238095238,0.5219285506509441,0.7909506325094736,0.7,2,0.0006833329999999999,55.013600000000004,books-t2013-a=4 | books-t2013-b=6
q041,love,Head,CrossStripe,Lexical,Keyword,idf-correct-probe,0.8550356023507024,0.9,0.8181818181818182,0.37777777777777777,0.5711458751539443,0.9432106656105237,1,4,0.0007166669999999999,141.1593,books-t2013-a=8 | books-t2013-b=2
q041,love,Head,CrossStripe,Lexical,Keyword,idf-correct-sidecar,0.9890266034112456,1,1,0.6444444444444445,0.7721462308761151,0.9404875240541909,1,2,0.0006833329999999999,55.0142,books-t2013-a=9 | books-t2013-b=1
q042,war,Head,CrossStripe,Lexical,Keyword,single-index,1,1,1,1,1,0.94546789582947,1,1,0.000733333,66.8129,books-oracle2=10
q042,war,Head,CrossStripe,Lexical,Keyword,naive-score,0.9978186987224108,0.9,0.8181818181818182,1,0.8520562548211447,0.9363792118010483,0.9,2,0.000333333,53.985099999999996,books-t2013-a=7 | books-t2013-b=3
q042,war,Head,CrossStripe,Lexical,Keyword,interleave,0.9573867225254008,0.7,0.5384615384615384,0.6,0.6591261449573397,0.8579809428223729,0.8,2,0.000333333,53.9689,books-t2013-a=5 | books-t2013-b=5
q042,war,Head,CrossStripe,Lexical,Keyword,quota-merge,0.980310750261819,0.9,0.8181818181818182,0.8222222222222222,0.7512307322076288,0.94546789582947,1,2,0.000333333,53.957,books-t2013-a=9 | books-t2013-b=1
q042,war,Head,CrossStripe,Lexical,Keyword,global-rrf,0.9462954555510704,0.7,0.5384615384615384,0.5111111111111111,0.6187962939712126,0.8512360941594272,0.8,2,0.000333333,53.9784,books-t2013-a=5 | books-t2013-b=5
q042,war,Head,CrossStripe,Lexical,Keyword,minmax-norm,0.8983960761508465,0.5,0.3333333333333333,0.7333333333333333,0.5378864787416588,0.7155506487682609,0.6,2,0.000333333,54.0082,books-t2013-a=3 | books-t2013-b=7
q042,war,Head,CrossStripe,Lexical,Keyword,zscore-norm,0.9548815562920691,0.7,0.5384615384615384,0.5111111111111111,0.6406773695804829,0.8521705090845474,0.8,2,0.000333333,54,books-t2013-a=5 | books-t2013-b=5
q042,war,Head,CrossStripe,Lexical,Keyword,idf-correct-probe,0.9894531585812189,0.9,0.8181818181818182,0.7777777777777778,0.787760484051296,0.94546789582947,1,2,0.000333333,54.0091,books-t2013-a=9 | books-t2013-b=1
q042,war,Head,CrossStripe,Lexical,Keyword,idf-correct-sidecar,0.9903816863505649,0.9,0.8181818181818182,0.8222222222222222,0.7953918285711954,0.94546789582947,1,2,0.000333333,54.0008,books-t2013-a=9 | books-t2013-b=1
q043,family,Head,CrossStripe,Lexical,Keyword,single-index,1,1,1,1,1,0.9621404437403491,1,1,0.000383333,65.2536,books-oracle2=10
q043,family,Head,CrossStripe,Lexical,Keyword,naive-score,0.9893865133035952,0.8,0.6666666666666666,0.9555555555555556,0.8249054572882464,1,1,2,0.0006833329999999999,54.544200000000004,books-t2013-a=10
q043,family,Head,CrossStripe,Lexical,Keyword,interleave,0.9080382334846018,0.6,0.42857142857142855,0.5555555555555556,0.5566149973977258,0.8521705090845474,0.8,2,0.0006833329999999999,54.5294,books-t2013-a=5 | books-t2013-b=5
q043,family,Head,CrossStripe,Lexical,Keyword,quota-merge,0.9723281810920503,0.8,0.6666666666666666,0.7777777777777778,0.7295793625603413,1,1,2,0.0006833329999999999,54.511500000000005,books-t2013-a=9 | books-t2013-b=1
q043,family,Head,CrossStripe,Lexical,Keyword,global-rrf,0.9016813676006865,0.6,0.42857142857142855,0.4222222222222222,0.5309859276477474,0.841492960259019,0.8,2,0.0006833329999999999,54.5407,books-t2013-a=5 | books-t2013-b=5
q043,family,Head,CrossStripe,Lexical,Keyword,minmax-norm,0.913961655337224,0.6,0.42857142857142855,0.6,0.5800191481295157,0.8572048559638626,0.8,2,0.0006833329999999999,54.601600000000005,books-t2013-a=5 | books-t2013-b=5
q043,family,Head,CrossStripe,Lexical,Keyword,zscore-norm,0.7297747782547546,0.5,0.3333333333333333,0.5111111111111111,0.3409761705359685,0.8482378089219647,0.8,2,0.0006833329999999999,54.5615,books-t2013-a=4 | books-t2013-b=6
q043,family,Head,CrossStripe,Lexical,Keyword,idf-correct-probe,0.6993761460779637,0.6,0.42857142857142855,0.06666666666666667,0.27123372317629574,0.7951657524814091,0.8,2,0.0006833329999999999,54.588100000000004,books-t2013-a=5 | books-t2013-b=5
q043,family,Head,CrossStripe,Lexical,Keyword,idf-correct-sidecar,0.6993761460779637,0.6,0.42857142857142855,0.06666666666666667,0.27123372317629574,0.7951657524814091,0.8,2,0.0006833329999999999,54.5549,books-t2013-a=5 | books-t2013-b=5
q044,death,Head,CrossStripe,Lexical,Keyword,single-index,1,1,1,1,1,0.7283513076812134,0.9,1,0.000333333,64.4616,books-oracle2=10
q044,death,Head,CrossStripe,Lexical,Keyword,naive-score,0.8659928175851392,0.9,0.8181818181818182,0.4222222222222222,0.5843358533364867,0.5681262127580976,0.8,2,0.000433333,53.7605,books-t2013-a=7 | books-t2013-b=3
q044,death,Head,CrossStripe,Lexical,Keyword,interleave,0.9102728601661946,0.7,0.5384615384615384,0.7142857142857143,0.7119947088689821,0.6186243016772897,0.7,2,0.000433333,53.7467,books-t2013-a=5 | books-t2013-b=5
q044,death,Head,CrossStripe,Lexical,Keyword,quota-merge,0.9551732553365814,0.8,0.6666666666666666,0.6444444444444445,0.7260903885494976,0.712289012952999,0.9,2,0.000433333,53.729099999999995,books-t2013-a=9 | books-t2013-b=1
q044,death,Head,CrossStripe,Lexical,Keyword,global-rrf,0.9121990854768254,0.7,0.5384615384615384,0.7857142857142857,0.739134581672567,0.6186243016772897,0.7,2,0.000433333,53.781099999999995,books-t2013-a=5 | books-t2013-b=5
q044,death,Head,CrossStripe,Lexical,Keyword,minmax-norm,0.9676683561530601,0.9,0.8181818181818182,0.5555555555555556,0.7572268949000648,0.6298004872087444,0.8,2,0.000433333,53.783899999999996,books-t2013-a=7 | books-t2013-b=3
q044,death,Head,CrossStripe,Lexical,Keyword,zscore-norm,0.7718930156770558,0.7,0.5384615384615384,0.35714285714285715,0.48331042695081416,0.5190487814682535,0.7,2,0.000433333,53.775,books-t2013-a=5 | books-t2013-b=5
q044,death,Head,CrossStripe,Lexical,Keyword,idf-correct-probe,0.8659928175851392,0.9,0.8181818181818182,0.4222222222222222,0.5843358533364867,0.5681262127580976,0.8,4,0.000466667,138.8151,books-t2013-a=7 | books-t2013-b=3
q044,death,Head,CrossStripe,Lexical,Keyword,idf-correct-sidecar,0.8659928175851392,0.9,0.8181818181818182,0.4222222222222222,0.5843358533364867,0.5681262127580976,0.8,2,0.000433333,53.7859,books-t2013-a=7 | books-t2013-b=3
q045,friendship,Head,CrossStripe,Lexical,Keyword,single-index,1,1,1,1,1,0.4608083674976965,0.9,1,0.00035,62.5679,books-oracle2=10
q045,friendship,Head,CrossStripe,Lexical,Keyword,naive-score,0.9629802017166054,0.6,0.42857142857142855,0.8666666666666667,0.7506308868746546,0.5792860566467946,1,2,0.00035,54.573100000000004,books-t2013-a=9 | books-t2013-b=1
q045,friendship,Head,CrossStripe,Lexical,Keyword,interleave,0.8803999016813965,0.6,0.42857142857142855,0.5714285714285714,0.6124167171735551,0.49547813946612607,0.7,2,0.00035,54.5435,books-t2013-a=5 | books-t2013-b=5
q045,friendship,Head,CrossStripe,Lexical,Keyword,quota-merge,0.867240910965945,0.5,0.3333333333333333,0.8666666666666667,0.5775357146400314,0.6652960224541772,1,2,0.00035,54.5347,books-t2013-a=9 | books-t2013-b=1
q045,friendship,Head,CrossStripe,Lexical,Keyword,global-rrf,0.7829049366810112,0.6,0.42857142857142855,0.42857142857142855,0.4771274524293858,0.5484066329588257,0.7,2,0.00035,54.5512,books-t2013-a=5 | books-t2013-b=5
q045,friendship,Head,CrossStripe,Lexical,Keyword,minmax-norm,0.7349678720504009,0.5,0.3333333333333333,0.7142857142857143,0.4670261945394108,0.46344061718208623,0.6,2,0.00035,54.5751,books-t2013-a=3 | books-t2013-b=7
q045,friendship,Head,CrossStripe,Lexical,Keyword,zscore-norm,0.8296968956404942,0.5,0.3333333333333333,0.9047619047619048,0.6127773632994039,0.39232395231848777,0.6,2,0.00035,54.5698,books-t2013-a=3 | books-t2013-b=7
q045,friendship,Head,CrossStripe,Lexical,Keyword,idf-correct-probe,0.9629802017166054,0.6,0.42857142857142855,0.8666666666666667,0.7506308868746546,0.5792860566467946,1,4,0.000383334,140.9596,books-t2013-a=9 | books-t2013-b=1
q045,friendship,Head,CrossStripe,Lexical,Keyword,idf-correct-sidecar,0.9629802017166054,0.6,0.42857142857142855,0.8666666666666667,0.7506308868746546,0.5792860566467946,1,2,0.00035,54.577,books-t2013-a=9 | books-t2013-b=1
q046,coming of age story about a teenager finding their identity,Torso,CrossStripe,Conceptual,Keyword,single-index,1,1,1,1,1,0.5648732390871197,1,1,0.000433333,68.2159,books-oracle2=10
q046,coming of age story about a teenager finding their identity,Torso,CrossStripe,Conceptual,Keyword,naive-score,0.9980737746893691,1,1,0.9555555555555556,0.831996882214841,0.5648732390871197,1,2,0.000766666,57.098099999999995,books-t2013-a=10
q046,coming of age story about a teenager finding their identity,Torso,CrossStripe,Conceptual,Keyword,interleave,0.895312184368245,0.5,0.3333333333333333,0.37777777777777777,0.5359815909995903,0.5958972095752784,0.7,2,0.000766666,57.082499999999996,books-t2013-a=5 | books-t2013-b=5
q046,coming of age story about a teenager finding their identity,Torso,CrossStripe,Conceptual,Keyword,quota-merge,0.8543929000914654,0.9,0.8181818181818182,0.5555555555555556,0.6166859262206001,0.6019148048893751,1,2,0.000766666,57.0749,books-t2013-a=9 | books-t2013-b=1
q046,coming of age story about a teenager finding their identity,Torso,CrossStripe,Conceptual,Keyword,global-rrf,0.7718325942368482,0.5,0.3333333333333333,0.2,0.39588457920788406,0.5949591902298469,0.7,2,0.000766666,57.0922,books-t2013-a=5 | books-t2013-b=5
q046,coming of age story about a teenager finding their identity,Torso,CrossStripe,Conceptual,Keyword,minmax-norm,0.7343282167280826,0.4,0.25,0.2222222222222222,0.37948641085330126,0.6480738876653294,0.7,2,0.000766666,57.12,books-t2013-a=4 | books-t2013-b=6
q046,coming of age story about a teenager finding their identity,Torso,CrossStripe,Conceptual,Keyword,zscore-norm,0.9176227095590325,0.5,0.3333333333333333,0.4222222222222222,0.5947263794337817,0.5872536502005617,0.7,2,0.000766666,57.1152,books-t2013-a=5 | books-t2013-b=5
q046,coming of age story about a teenager finding their identity,Torso,CrossStripe,Conceptual,Keyword,idf-correct-probe,0.9980737746893691,1,1,0.9555555555555556,0.831996882214841,0.5648732390871197,1,14,0.00096667,574.3435999999999,books-t2013-a=10
q046,coming of age story about a teenager finding their identity,Torso,CrossStripe,Conceptual,Keyword,idf-correct-sidecar,0.9980737746893691,1,1,0.9555555555555556,0.831996882214841,0.5648732390871197,1,2,0.000766666,57.129799999999996,books-t2013-a=10
q047,a story about losing someone you love and learning to go on,Torso,CrossStripe,Conceptual,Keyword,single-index,1,1,1,1,1,0.1732200866986228,1,1,0.000433333,68.3135,books-oracle2=10
q047,a story about losing someone you love and learning to go on,Torso,CrossStripe,Conceptual,Keyword,naive-score,1,1,1,1,0.8591367550184259,0.1732200866986228,1,2,0.000616666,58.2493,books-t2013-a=10
q047,a story about losing someone you love and learning to go on,Torso,CrossStripe,Conceptual,Keyword,interleave,0.8457094048201613,0.5,0.3333333333333333,0.3333333333333333,0.5098821106511394,0.18341656928622002,0.7,2,0.000616666,58.237199999999994,books-t2013-a=5 | books-t2013-b=5
q047,a story about losing someone you love and learning to go on,Torso,CrossStripe,Conceptual,Keyword,quota-merge,0.9493110593336769,0.9,0.8181818181818182,0.6444444444444445,0.7037562873906468,0.16528049514262003,1,2,0.000616666,58.227799999999995,books-t2013-a=9 | books-t2013-b=1
q047,a story about losing someone you love and learning to go on,Torso,CrossStripe,Conceptual,Keyword,global-rrf,0.8400260019833099,0.5,0.3333333333333333,0.2222222222222222,0.4890607879486977,0.18245301947722778,0.7,2,0.000616666,58.2448,books-t2013-a=5 | books-t2013-b=5
q047,a story about losing someone you love and learning to go on,Torso,CrossStripe,Conceptual,Keyword,minmax-norm,0.8892960351777879,0.6,0.42857142857142855,0.3333333333333333,0.5441129734542506,0.18341656928622002,0.8,2,0.000616666,58.2735,books-t2013-a=6 | books-t2013-b=4
q047,a story about losing someone you love and learning to go on,Torso,CrossStripe,Conceptual,Keyword,zscore-norm,0.7712256717066769,0.6,0.42857142857142855,0.28888888888888886,0.44359492603356554,0.1950207582040094,0.8,2,0.000616666,58.2686,books-t2013-a=6 | books-t2013-b=4
q047,a story about losing someone you love and learning to go on,Torso,CrossStripe,Conceptual,Keyword,idf-correct-probe,1,1,1,1,0.8591367550184259,0.1732200866986228,1,8,0.000716668,319.106,books-t2013-a=10
q047,a story about losing someone you love and learning to go on,Torso,CrossStripe,Conceptual,Keyword,idf-correct-sidecar,1,1,1,1,0.8591367550184259,0.1732200866986228,1,2,0.000616666,58.2885,books-t2013-a=10
q048,World War II,Head,CrossStripe,Lexical,Keyword,single-index,1,1,1,1,1,0.7511000364550411,1,1,0.0004,66.2314,books-oracle2=10
q048,World War II,Head,CrossStripe,Lexical,Keyword,naive-score,0.9454034852186222,1,1,0.9555555555555556,0.7586187075977409,0.7046832807838835,1,2,0.0007,55.8454,books-t2013-a=8 | books-t2013-b=2
q048,World War II,Head,CrossStripe,Lexical,Keyword,interleave,0.9484020872783671,0.7,0.5384615384615384,0.6888888888888889,0.698776075910414,0.6550349733181069,0.7,2,0.0007,55.8298,books-t2013-a=5 | books-t2013-b=5
q048,World War II,Head,CrossStripe,Lexical,Keyword,quota-merge,0.9955583580987839,0.9,0.8181818181818182,1,0.8444250490529637,0.7849645866810882,1,2,0.0007,55.8211,books-t2013-a=9 | books-t2013-b=1
q048,World War II,Head,CrossStripe,Lexical,Keyword,global-rrf,0.9454698430715432,0.7,0.5384615384615384,0.6444444444444445,0.6855860977278717,0.6482901246551612,0.7,2,0.0007,55.8386,books-t2013-a=5 | books-t2013-b=5
q048,World War II,Head,CrossStripe,Lexical,Keyword,minmax-norm,0.9887490643598706,0.9,0.8181818181818182,1,0.8352889888984097,0.7511000364550411,0.9,2,0.0007,55.867399999999996,books-t2013-a=7 | books-t2013-b=3
q048,World War II,Head,CrossStripe,Lexical,Keyword,zscore-norm,0.9163253248290544,0.8,0.6666666666666666,0.7777777777777778,0.6566884980272992,0.6901934851080129,0.8,2,0.0007,55.862,books-t2013-a=6 | books-t2013-b=4
q048,World War II,Head,CrossStripe,Lexical,Keyword,idf-correct-probe,0.9931289429998503,1,1,0.9555555555555556,0.8139036336791178,0.7675666425833351,1,6,0.000766668,231.73239999999998,books-t2013-a=8 | books-t2013-b=2
q048,World War II,Head,CrossStripe,Lexical,Keyword,idf-correct-sidecar,0.9931289429998503,1,1,0.9555555555555556,0.8139036336791178,0.7675666425833351,1,2,0.0007,55.8801,books-t2013-a=8 | books-t2013-b=2
q049,survival against impossible odds in a hostile environment,Torso,CrossStripe,Conceptual,Keyword,single-index,1,1,1,1,1,0.17344344279259388,1,1,0.000383333,67.3525,books-oracle2=10
q049,survival against impossible odds in a hostile environment,Torso,CrossStripe,Conceptual,Keyword,naive-score,0.9999164833100198,1,1,0.9555555555555556,0.853127071209005,0.17344344279259388,1,2,0.000666666,57.4063,books-t2013-a=9 | books-t2013-b=1
q049,survival against impossible odds in a hostile environment,Torso,CrossStripe,Conceptual,Keyword,interleave,0.9340031750463761,0.6,0.42857142857142855,0.5111111111111111,0.5964880096063645,0.20111393108440898,1,2,0.000666666,57.3921,books-t2013-a=5 | books-t2013-b=5
q049,survival against impossible odds in a hostile environment,Torso,CrossStripe,Conceptual,Keyword,quota-merge,0.9749151074893126,1,1,0.7333333333333333,0.7377305403937645,0.1652101397284469,1,2,0.000666666,57.3838,books-t2013-a=9 | books-t2013-b=1
q049,survival against impossible odds in a hostile environment,Torso,CrossStripe,Conceptual,Keyword,global-rrf,0.9300365307387504,0.6,0.42857142857142855,0.4222222222222222,0.5756666869039226,0.20127400989329752,1,2,0.000666666,57.401,books-t2013-a=5 | books-t2013-b=5
q049,survival against impossible odds in a hostile environment,Torso,CrossStripe,Conceptual,Keyword,minmax-norm,0.9327518421383556,0.6,0.42857142857142855,0.4666666666666667,0.5888566650864651,0.20223755970228977,1,2,0.000666666,57.4292,books-t2013-a=5 | books-t2013-b=5
q049,survival against impossible odds in a hostile environment,Torso,CrossStripe,Conceptual,Keyword,zscore-norm,0.8214664497300526,0.6,0.42857142857142855,0.37777777777777777,0.46119874486219514,0.1978782686224357,1,2,0.000666666,57.4239,books-t2013-a=5 | books-t2013-b=5
q049,survival against impossible odds in a hostile environment,Torso,CrossStripe,Conceptual,Keyword,idf-correct-probe,0.9999164833100198,1,1,0.9555555555555556,0.853127071209005,0.17344344279259388,1,10,0.000800002,406.0933,books-t2013-a=9 | books-t2013-b=1
q049,survival against impossible odds in a hostile environment,Torso,CrossStripe,Conceptual,Keyword,idf-correct-sidecar,0.9999164833100198,1,1,0.9555555555555556,0.853127071209005,0.17344344279259388,1,2,0.000666666,57.4413,books-t2013-a=9 | books-t2013-b=1
q050,revenge,Head,CrossStripe,Lexical,Keyword,single-index,1,1,1,1,1,0.6767777191071676,1,1,0.0003,64.4845,books-oracle2=10
q050,revenge,Head,CrossStripe,Lexical,Keyword,naive-score,0.9980737746893691,1,1,0.9555555555555556,0.831996882214841,0.6854963012668757,1,2,0.00041666699999999996,54.214099999999995,books-t2013-a=9 | books-t2013-b=1
q050,revenge,Head,CrossStripe,Lexical,Keyword,interleave,0.8988400672378277,0.6,0.42857142857142855,0.6111111111111112,0.6229143476893294,0.6459830542654259,0.7,2,0.00041666699999999996,54.198899999999995,books-t2013-a=5 | books-t2013-b=5
q050,revenge,Head,CrossStripe,Lexical,Keyword,quota-merge,0.9191640063655604,1,1,0.9111111111111111,0.7133855862584327,0.613894357307716,1,2,0.00041666699999999996,54.1896,books-t2013-a=9 | books-t2013-b=1
q050,revenge,Head,CrossStripe,Lexical,Keyword,global-rrf,0.8052582032665722,0.6,0.42857142857142855,0.3888888888888889,0.4696273577150813,0.5764353160423602,0.7,2,0.00041666699999999996,54.206799999999994,books-t2013-a=5 | books-t2013-b=5
q050,revenge,Head,CrossStripe,Lexical,Keyword,minmax-norm,0.9191640063655604,1,1,0.9111111111111111,0.7133855862584327,0.613894357307716,1,2,0.00041666699999999996,54.232099999999996,books-t2013-a=9 | books-t2013-b=1
q050,revenge,Head,CrossStripe,Lexical,Keyword,zscore-norm,0.9070244200866325,0.9,0.8181818181818182,0.9111111111111111,0.6892285511409866,0.586628305222451,0.9,2,0.00041666699999999996,54.2275,books-t2013-a=8 | books-t2013-b=2
q050,revenge,Head,CrossStripe,Lexical,Keyword,idf-correct-probe,1,1,1,1,0.8591367550184259,0.6767777191071676,1,4,0.00045000099999999995,140.7855,books-t2013-a=9 | books-t2013-b=1
q050,revenge,Head,CrossStripe,Lexical,Keyword,idf-correct-sidecar,1,1,1,1,0.8591367550184259,0.6767777191071676,1,2,0.00041666699999999996,54.234199999999994,books-t2013-a=9 | books-t2013-b=1
q051,betrayal by someone you trusted completely,Torso,CrossStripe,Conceptual,Keyword,single-index,1,1,1,1,1,0.24093945340345765,1,1,0.000366667,93.714,books-oracle2=10
q051,betrayal by someone you trusted completely,Torso,CrossStripe,Conceptual,Keyword,naive-score,0.9973835606821587,0.9,0.8181818181818182,1,0.8504347328623846,0.2746818363159577,1,2,0.00035,55.4807,books-t2013-a=10
q051,betrayal by someone you trusted completely,Torso,CrossStripe,Conceptual,Keyword,interleave,0.8383105045208885,0.5,0.3333333333333333,0.35714285714285715,0.5250808308247302,0.1768470864659831,0.7,2,0.00035,55.467999999999996,books-t2013-a=5 | books-t2013-b=5
q051,betrayal by someone you trusted completely,Torso,CrossStripe,Conceptual,Keyword,quota-merge,0.8572659302443959,0.9,0.8181818181818182,0.6,0.6193145619188408,0.3192848410364309,1,2,0.00035,55.4579,books-t2013-a=9 | books-t2013-b=1
q051,betrayal by someone you trusted completely,Torso,CrossStripe,Conceptual,Keyword,global-rrf,0.7254171362045807,0.5,0.3333333333333333,0.2857142857142857,0.41212369183660913,0.20303837071051362,0.7,2,0.00035,55.4761,books-t2013-a=5 | books-t2013-b=5
q051,betrayal by someone you trusted completely,Torso,CrossStripe,Conceptual,Keyword,minmax-norm,0.8197808554527618,0.7,0.5384615384615384,0.4666666666666667,0.5123982316071755,0.224913328927651,0.9,2,0.00035,55.5018,books-t2013-a=7 | books-t2013-b=3
q051,betrayal by someone you trusted completely,Torso,CrossStripe,Conceptual,Keyword,zscore-norm,0.7984298902781947,0.7,0.5384615384615384,0.2,0.44372712160728456,0.22071440514739987,0.9,2,0.00035,55.4984,books-t2013-a=7 | books-t2013-b=3
q051,betrayal by someone you trusted completely,Torso,CrossStripe,Conceptual,Keyword,idf-correct-probe,0.9973835606821587,0.9,0.8181818181818182,1,0.8504347328623846,0.2746818363159577,1,8,0.000450002,314.46049999999997,books-t2013-a=10
q051,betrayal by someone you trusted completely,Torso,CrossStripe,Conceptual,Keyword,idf-correct-sidecar,0.9973835606821587,0.9,0.8181818181818182,1,0.8504347328623846,0.2746818363159577,1,2,0.00035,55.5092,books-t2013-a=10
q052,an orphan raised by strangers who discovers the truth about their parents,Tail,CrossStripe,Conceptual,Keyword,single-index,1,1,1,1,1,0.19174418815571395,1,1,0.000433333,69.9809,books-oracle2=10
q052,an orphan raised by strangers who discovers the truth about their parents,Tail,CrossStripe,Conceptual,Keyword,naive-score,0.9915474134636236,1,1,0.7333333333333333,0.7771801435303483,0.19435050706529097,1,2,0.000783333,59.0867,books-t2013-a=7 | books-t2013-b=3
q052,an orphan raised by strangers who discovers the truth about their parents,Tail,CrossStripe,Conceptual,Keyword,interleave,0.9761370380351982,0.8,0.6666666666666666,0.9111111111111111,0.7849152215340852,0.11215746546575327,0.9,2,0.000783333,59.0719,books-t2013-a=5 | books-t2013-b=5
q052,an orphan raised by strangers who discovers the truth about their parents,Tail,CrossStripe,Conceptual,Keyword,quota-merge,0.973251792086665,0.8,0.6666666666666666,0.9555555555555556,0.7782894835025703,0.27318877545953396,1,2,0.000783333,59.0625,books-t2013-a=9 | books-t2013-b=1
q052,an orphan raised by strangers who discovers the truth about their parents,Tail,CrossStripe,Conceptual,Keyword,global-rrf,0.9752223079782937,0.8,0.6666666666666666,0.8666666666666667,0.7717252433515429,0.11095210832358107,0.9,2,0.000783333,59.0799,books-t2013-a=5 | books-t2013-b=5
q052,an orphan raised by strangers who discovers the truth about their parents,Tail,CrossStripe,Conceptual,Keyword,minmax-norm,0.9862455921666708,0.9,0.8181818181818182,0.8222222222222222,0.7725499397416549,0.11265537165954943,1,2,0.000783333,59.1083,books-t2013-a=6 | books-t2013-b=4
q052,an orphan raised by strangers who discovers the truth about their parents,Tail,CrossStripe,Conceptual,Keyword,zscore-norm,0.9852421786886658,0.9,0.8181818181818182,0.7333333333333333,0.7677421926941181,0.11095210832358107,1,2,0.000783333,59.1039,books-t2013-a=6 | books-t2013-b=4
q052,an orphan raised by strangers who discovers the truth about their parents,Tail,CrossStripe,Conceptual,Keyword,idf-correct-probe,0.9921783171591366,1,1,0.8222222222222222,0.7848114880502477,0.19224209434951006,1,12,0.0009500029999999999,492.2053,books-t2013-a=7 | books-t2013-b=3
q052,an orphan raised by strangers who discovers the truth about their parents,Tail,CrossStripe,Conceptual,Keyword,idf-correct-sidecar,0.9921783171591366,1,1,0.8222222222222222,0.7848114880502477,0.19224209434951006,1,2,0.000783333,59.120400000000004,books-t2013-a=7 | books-t2013-b=3
q053,political corruption and the abuse of power,Torso,CrossStripe,Mixed,Keyword,single-index,1,1,1,1,1,0.5848276962738509,0.9,1,0.0004,66.0387,books-oracle2=10
q053,political corruption and the abuse of power,Torso,CrossStripe,Mixed,Keyword,naive-score,0.9997067702239034,1,1,0.9111111111111111,0.8432345875720982,0.5848276962738509,0.9,2,0.0007,55.3316,books-t2013-a=10
q053,political corruption and the abuse of power,Torso,CrossStripe,Mixed,Keyword,interleave,0.8535849346572697,0.5,0.3333333333333333,0.4444444444444444,0.5139325742242301,0.44271999787779936,0.6,2,0.0007,55.3172,books-t2013-a=5 | books-t2013-b=5
q053,political corruption and the abuse of power,Torso,CrossStripe,Mixed,Keyword,quota-merge,0.9565455649335274,0.9,0.8181818181818182,0.5555555555555556,0.7083416850102341,0.6011552985190168,1,2,0.0007,55.307700000000004,books-t2013-a=9 | books-t2013-b=1
q053,political corruption and the abuse of power,Torso,CrossStripe,Mixed,Keyword,global-rrf,0.8342606181313402,0.5,0.3333333333333333,0.2777777777777778,0.4611636316706668,0.42443728132600567,0.6,2,0.0007,55.3248,books-t2013-a=5 | books-t2013-b=5
q053,political corruption and the abuse of power,Torso,CrossStripe,Mixed,Keyword,minmax-norm,0.7678734635166484,0.4,0.25,0.21428571428571427,0.3841548955388577,0.401478301035688,0.5,2,0.0007,55.353500000000004,books-t2013-a=4 | books-t2013-b=6
q053,political corruption and the abuse of power,Torso,CrossStripe,Mixed,Keyword,zscore-norm,0.7940060697891314,0.4,0.25,0.35714285714285715,0.44325521081418295,0.427396737778103,0.5,2,0.0007,55.3476,books-t2013-a=4 | books-t2013-b=6
q053,political corruption and the abuse of power,Torso,CrossStripe,Mixed,Keyword,idf-correct-probe,0.9997067702239034,1,1,0.9111111111111111,0.8432345875720982,0.5848276962738509,0.9,10,0.000833336,427.3646,books-t2013-a=10
q053,political corruption and the abuse of power,Torso,CrossStripe,Mixed,Keyword,idf-correct-sidecar,0.9997067702239034,1,1,0.9111111111111111,0.8432345875720982,0.5848276962738509,0.9,2,0.0007,55.359100000000005,books-t2013-a=10
q054,isolation and loneliness,Torso,CrossStripe,Conceptual,Keyword,single-index,1,1,1,1,1,0.9513467899190737,1,1,0.000333333,65.3691,books-oracle2=10
q054,isolation and loneliness,Torso,CrossStripe,Conceptual,Keyword,naive-score,0.9023831124787169,0.6,0.42857142857142855,0.022222222222222223,0.60984624657349,0.8480318756513257,0.9,2,0.000466666,55.9869,books-t2013-a=8 | books-t2013-b=2
q054,isolation and loneliness,Torso,CrossStripe,Conceptual,Keyword,interleave,0.7988431746968766,0.6,0.42857142857142855,0.6111111111111112,0.4642657273192173,0.7631925784528222,0.7,2,0.000466666,55.974,books-t2013-a=5 | books-t2013-b=5
q054,isolation and loneliness,Torso,CrossStripe,Conceptual,Keyword,quota-merge,0.9470230343052544,0.8,0.6666666666666666,0.4666666666666667,0.6498970833983908,0.9580777588003657,1,2,0.000466666,55.964,books-t2013-a=9 | books-t2013-b=1
q054,isolation and loneliness,Torso,CrossStripe,Conceptual,Keyword,global-rrf,0.8510700257030253,0.6,0.42857142857142855,0.6111111111111112,0.5647837747399023,0.753814294534439,0.7,2,0.000466666,55.9824,books-t2013-a=5 | books-t2013-b=5
q054,isolation and loneliness,Torso,CrossStripe,Conceptual,Keyword,minmax-norm,0.8757333479161796,0.4,0.25,-0.1111111111111111,0.5391720364709848,0.766951442949688,0.8,2,0.000466666,56.007799999999996,books-t2013-a=6 | books-t2013-b=4
q054,isolation and loneliness,Torso,CrossStripe,Conceptual,Keyword,zscore-norm,0.8757333479161796,0.4,0.25,-0.1111111111111111,0.5391720364709848,0.766951442949688,0.8,2,0.000466666,56.002399999999994,books-t2013-a=6 | books-t2013-b=4
q054,isolation and loneliness,Torso,CrossStripe,Conceptual,Keyword,idf-correct-probe,0.9168910940141252,0.7,0.5384615384615384,0.06666666666666667,0.6392630002828181,0.9552009891550426,1,6,0.000533334,254.7638,books-t2013-a=9 | books-t2013-b=1
q054,isolation and loneliness,Torso,CrossStripe,Conceptual,Keyword,idf-correct-sidecar,0.9168910940141252,0.7,0.5384615384615384,0.06666666666666667,0.6392630002828181,0.9552009891550426,1,2,0.000466666,56.0085,books-t2013-a=9 | books-t2013-b=1
q055,mother and daughter relationship across generations,Torso,CrossStripe,Conceptual,Keyword,single-index,1,1,1,1,1,0.5979995459857458,1,1,0.0004,67.7708,books-oracle2=10
q055,mother and daughter relationship across generations,Torso,CrossStripe,Conceptual,Keyword,naive-score,0.9951537163710059,0.8,0.6666666666666666,1,0.8433542326651033,0.5889108619573241,0.9,2,0.000716667,57.536500000000004,books-t2013-a=10
q055,mother and daughter relationship across generations,Torso,CrossStripe,Conceptual,Keyword,interleave,0.9177746655152464,0.7,0.5384615384615384,0.5111111111111111,0.5732870902099658,0.4341461025941944,0.9,2,0.000716667,57.522,books-t2013-a=5 | books-t2013-b=5
q055,mother and daughter relationship across generations,Torso,CrossStripe,Conceptual,Keyword,quota-merge,0.9718336439646988,0.9,0.8181818181818182,0.6888888888888889,0.7278265814758389,0.5735316255778161,1,2,0.000716667,57.5127,books-t2013-a=9 | books-t2013-b=1
q055,mother and daughter relationship across generations,Torso,CrossStripe,Conceptual,Keyword,global-rrf,0.9138809050437755,0.7,0.5384615384615384,0.4222222222222222,0.5552893649798868,0.42996177275726355,0.9,2,0.000716667,57.5302,books-t2013-a=5 | books-t2013-b=5
q055,mother and daughter relationship across generations,Torso,CrossStripe,Conceptual,Keyword,minmax-norm,0.936333374327839,0.9,0.8181818181818182,0.2,0.5729867555507853,0.4922779188347782,1,2,0.000716667,57.5872,books-t2013-a=7 | books-t2013-b=3
q055,mother and daughter relationship across generations,Torso,CrossStripe,Conceptual,Keyword,zscore-norm,0.8329348301678733,0.9,0.8181818181818182,0.15555555555555556,0.47246870813010045,0.4226527853280419,1,2,0.000716667,57.5546,books-t2013-a=7 | books-t2013-b=3
q055,mother and daughter relationship across generations,Torso,CrossStripe,Conceptual,Keyword,idf-correct-probe,1,1,1,1,0.8591367550184259,0.5979995459857458,1,10,0.000850003,400.8162,books-t2013-a=8 | books-t2013-b=2
q055,mother and daughter relationship across generations,Torso,CrossStripe,Conceptual,Keyword,idf-correct-sidecar,1,1,1,1,0.8591367550184259,0.5979995459857458,1,2,0.000716667,57.570100000000004,books-t2013-a=8 | books-t2013-b=2
q056,murder,Head,CrossStripe,Lexical,Keyword,single-index,1,1,1,1,1,0.9513467899190737,1,1,0.000333333,64.2554,books-oracle2=10
q056,murder,Head,CrossStripe,Lexical,Keyword,naive-score,0.7156285569911432,0.7,0.5384615384615384,0.8222222222222222,0.4683681503506071,0.9363792118010483,0.9,2,0.000416666,54.011700000000005,books-t2013-a=10
q056,murder,Head,CrossStripe,Lexical,Keyword,interleave,0.9275118378186482,0.8,0.6666666666666666,0.7777777777777778,0.6609393126497497,0.8915802009560909,0.9,2,0.000416666,53.9986,books-t2013-a=5 | books-t2013-b=5
q056,murder,Head,CrossStripe,Lexical,Keyword,quota-merge,0.9405753359119648,0.8,0.6666666666666666,0.7777777777777778,0.7050041183614155,1,1,2,0.000416666,53.98950000000001,books-t2013-a=9 | books-t2013-b=1
q056,murder,Head,CrossStripe,Lexical,Keyword,global-rrf,0.9816113619262152,0.8,0.6666666666666666,0.7777777777777778,0.7698395912054401,0.8850925664646847,0.9,2,0.000416666,54.0078,books-t2013-a=5 | books-t2013-b=5
q056,murder,Head,CrossStripe,Lexical,Keyword,minmax-norm,0.9547549496653428,0.6,0.42857142857142855,0.9111111111111111,0.710698435910559,0.7520405563289557,0.7,2,0.000416666,54.0315,books-t2013-a=3 | books-t2013-b=7
q056,murder,Head,CrossStripe,Lexical,Keyword,zscore-norm,0.8702809340539941,0.6,0.42857142857142855,0.8222222222222222,0.564947267150566,0.7520405563289557,0.7,2,0.000416666,54.02760000000001,books-t2013-a=3 | books-t2013-b=7
q056,murder,Head,CrossStripe,Lexical,Keyword,idf-correct-probe,0.7156285569911432,0.7,0.5384615384615384,0.8222222222222222,0.4683681503506071,0.9363792118010483,0.9,2,0.000416666,54.032700000000006,books-t2013-a=10
q056,murder,Head,CrossStripe,Lexical,Keyword,idf-correct-sidecar,0.8387764606007243,0.8,0.6666666666666666,0.7777777777777778,0.5321130767978375,1,1,2,0.000416666,54.022400000000005,books-t2013-a=9 | books-t2013-b=1
q057,a journey across a ruined landscape,Torso,CrossStripe,Conceptual,Keyword,single-index,1,1,1,1,1,0.39731017693664533,0.9,1,0.000383333,66.0261,books-oracle2=10
q057,a journey across a ruined landscape,Torso,CrossStripe,Conceptual,Keyword,naive-score,0.9779319588132147,0.9,0.8181818181818182,0.6888888888888889,0.7398839824277421,0.4007194117963413,0.9,2,0.00055,58.7764,books-t2013-a=9 | books-t2013-b=1
q057,a journey across a ruined landscape,Torso,CrossStripe,Conceptual,Keyword,interleave,0.9059514687806169,0.6,0.42857142857142855,0.3333333333333333,0.5763614679161586,0.397437452245026,0.8,2,0.00055,58.7753,books-t2013-a=5 | books-t2013-b=5
q057,a journey across a ruined landscape,Torso,CrossStripe,Conceptual,Keyword,quota-merge,0.837135190681449,0.9,0.8181818181818182,0.28888888888888886,0.5942283369733934,0.37329409454855217,0.9,2,0.00055,58.7558,books-t2013-a=9 | books-t2013-b=1
q057,a journey across a ruined landscape,Torso,CrossStripe,Conceptual,Keyword,global-rrf,0.7886469136975106,0.6,0.42857142857142855,0.15555555555555556,0.4362644561244526,0.3568798213080944,0.8,2,0.00055,58.7767,books-t2013-a=5 | books-t2013-b=5
q057,a journey across a ruined landscape,Torso,CrossStripe,Conceptual,Keyword,minmax-norm,0.7917024014127395,0.6,0.42857142857142855,0.1111111111111111,0.45739464511861677,0.3546781074622326,0.8,2,0.00055,58.800599999999996,books-t2013-a=5 | books-t2013-b=5
q057,a journey across a ruined landscape,Torso,CrossStripe,Conceptual,Keyword,zscore-norm,0.9035493443211278,0.6,0.42857142857142855,0.2,0.5639223763487226,0.4010948631333901,0.8,2,0.00055,58.7942,books-t2013-a=5 | books-t2013-b=5
q057,a journey across a ruined landscape,Torso,CrossStripe,Conceptual,Keyword,idf-correct-probe,0.9762414021338521,0.9,0.8181818181818182,0.6888888888888889,0.7359618175231135,0.38254204373949796,0.9,8,0.000650002,315.1294,books-t2013-a=10
q057,a journey across a ruined landscape,Torso,CrossStripe,Conceptual,Keyword,idf-correct-sidecar,0.9762414021338521,0.9,0.8181818181818182,0.6888888888888889,0.7359618175231135,0.38254204373949796,0.9,2,0.00055,58.8054,books-t2013-a=10
q058,religion faith and doubt,Torso,CrossStripe,Mixed,Keyword,single-index,1,1,1,1,1,0.8100512793592932,0.9,1,0.00035,64.9585,books-oracle2=10
q058,religion faith and doubt,Torso,CrossStripe,Mixed,Keyword,naive-score,0.9875646957123101,1,1,0.9111111111111111,0.7867637608755327,0.8187698615190014,0.9,2,0.000583333,54.4563,books-t2013-a=10
q058,religion faith and doubt,Torso,CrossStripe,Mixed,Keyword,interleave,0.8155535942447326,0.5,0.3333333333333333,0.5,0.49760328623434613,0.5415108123580178,0.5,2,0.000583333,54.4404,books-t2013-a=5 | books-t2013-b=5
q058,religion faith and doubt,Torso,CrossStripe,Mixed,Keyword,quota-merge,0.9579048136404014,0.9,0.8181818181818182,0.5555555555555556,0.6900641008377002,0.694411093102971,0.8,2,0.000583333,54.4307,books-t2013-a=9 | books-t2013-b=1
q058,religion faith and doubt,Torso,CrossStripe,Mixed,Keyword,global-rrf,0.8027291081574137,0.5,0.3333333333333333,0.42857142857142855,0.49279553918680946,0.5415108123580178,0.5,2,0.000583333,54.4523,books-t2013-a=5 | books-t2013-b=5
q058,religion faith and doubt,Torso,CrossStripe,Mixed,Keyword,minmax-norm,0.9579048136404014,0.9,0.8181818181818182,0.5555555555555556,0.6900641008377002,0.694411093102971,0.8,2,0.000583333,54.4761,books-t2013-a=9 | books-t2013-b=1
q058,religion faith and doubt,Torso,CrossStripe,Mixed,Keyword,zscore-norm,0.7534941662979322,0.6,0.42857142857142855,0.42857142857142855,0.4893545038276774,0.5198047445065892,0.6,2,0.000583333,54.4732,books-t2013-a=6 | books-t2013-b=4
q058,religion faith and doubt,Torso,CrossStripe,Mixed,Keyword,idf-correct-probe,0.9875646957123101,1,1,0.9111111111111111,0.7867637608755327,0.8187698615190014,0.9,8,0.000683335,312.5777,books-t2013-a=10
q058,religion faith and doubt,Torso,CrossStripe,Mixed,Keyword,idf-correct-sidecar,0.9875646957123101,1,1,0.9111111111111111,0.7867637608755327,0.8187698615190014,0.9,2,0.000583333,54.4794,books-t2013-a=10
q059,London,Head,CrossStripe,Lexical,Keyword,single-index,1,1,1,1,1,0.6751304836151464,1,1,0.000316667,65.5673,books-oracle2=10
q059,London,Head,CrossStripe,Lexical,Keyword,naive-score,0.9896721825686846,0.9,0.8181818181818182,0.9111111111111111,0.8269012208961576,0.6725684701746042,1,2,0.000533334,53.420100000000005,books-t2013-a=10
q059,London,Head,CrossStripe,Lexical,Keyword,interleave,0.8675531765534509,0.5,0.3333333333333333,0.4444444444444444,0.5275918810240208,0.7412163950553277,0.8,2,0.000533334,53.4069,books-t2013-a=5 | books-t2013-b=5
q059,London,Head,CrossStripe,Lexical,Keyword,quota-merge,0.8475818288353858,0.8,0.6666666666666666,0.5111111111111111,0.6087828372417455,0.7257107933140573,1,2,0.000533334,53.3964,books-t2013-a=9 | books-t2013-b=1
q059,London,Head,CrossStripe,Lexical,Keyword,global-rrf,0.7458725942900839,0.5,0.3333333333333333,0.3333333333333333,0.39993396079975074,0.7324978128956195,0.8,2,0.000533334,53.4146,books-t2013-a=5 | books-t2013-b=5
q059,London,Head,CrossStripe,Lexical,Keyword,minmax-norm,0.7260111869693784,0.5,0.3333333333333333,0.35714285714285715,0.42228591574593394,0.7411812662653681,0.8,2,0.000533334,53.4395,books-t2013-a=5 | books-t2013-b=5
q059,London,Head,CrossStripe,Lexical,Keyword,zscore-norm,0.7260111869693784,0.5,0.3333333333333333,0.35714285714285715,0.42228591574593394,0.7411812662653681,0.8,2,0.000533334,53.4339,books-t2013-a=5 | books-t2013-b=5
q059,London,Head,CrossStripe,Lexical,Keyword,idf-correct-probe,0.9896721825686846,0.9,0.8181818181818182,0.9111111111111111,0.8269012208961576,0.6725684701746042,1,4,0.000566668,140.84300000000002,books-t2013-a=10
q059,London,Head,CrossStripe,Lexical,Keyword,idf-correct-sidecar,0.9896721825686846,0.9,0.8181818181818182,0.9111111111111111,0.8269012208961576,0.6725684701746042,1,2,0.000533334,53.4513,books-t2013-a=10
q060,Paris,Head,CrossStripe,Lexical,Keyword,single-index,1,1,1,1,1,0.9371166382005486,1,1,0.000266667,63.8092,books-oracle2=10
q060,Paris,Head,CrossStripe,Lexical,Keyword,naive-score,1,1,1,1,0.8591367550184259,0.9371166382005486,1,2,0.00038333299999999997,52.9908,books-t2013-a=10
q060,Paris,Head,CrossStripe,Lexical,Keyword,interleave,0.8590291587778142,0.5,0.3333333333333333,0.5,0.5204349846160793,0.6605465428769239,0.7,2,0.00038333299999999997,52.98,books-t2013-a=5 | books-t2013-b=5
q060,Paris,Head,CrossStripe,Lexical,Keyword,quota-merge,0.8505404323994568,0.9,0.8181818181818182,0.6,0.6126771123502504,0.8200684967613536,1,2,0.00038333299999999997,52.9704,books-t2013-a=9 | books-t2013-b=1
q060,Paris,Head,CrossStripe,Lexical,Keyword,global-rrf,0.7296709619585006,0.5,0.3333333333333333,0.3333333333333333,0.3719557416893676,0.6073064376162068,0.7,2,0.00038333299999999997,52.986,books-t2013-a=5 | books-t2013-b=5
q060,Paris,Head,CrossStripe,Lexical,Keyword,minmax-norm,0.8505404323994568,0.9,0.8181818181818182,0.6,0.6126771123502504,0.8200684967613536,1,2,0.00038333299999999997,53.0081,books-t2013-a=9 | books-t2013-b=1
q060,Paris,Head,CrossStripe,Lexical,Keyword,zscore-norm,0.7236306598265393,0.7,0.5384615384615384,0.06666666666666667,0.348082982515493,0.7193883824070996,0.9,2,0.00038333299999999997,53.003299999999996,books-t2013-a=7 | books-t2013-b=3
q060,Paris,Head,CrossStripe,Lexical,Keyword,idf-correct-probe,1,1,1,1,0.8591367550184259,0.9371166382005486,1,4,0.00041666699999999996,139.4676,books-t2013-a=10
q060,Paris,Head,CrossStripe,Lexical,Keyword,idf-correct-sidecar,1,1,1,1,0.8591367550184259,0.9371166382005486,1,2,0.00038333299999999997,53.0104,books-t2013-a=10
q061,the sea and the people who make their living on it,Torso,CrossStripe,Conceptual,Keyword,single-index,1,1,1,1,1,0.18755069487588283,1,1,0.000866667,67.4518,books-oracle2=10
q061,the sea and the people who make their living on it,Torso,CrossStripe,Conceptual,Keyword,naive-score,0.9999426168282078,1,1,0.9555555555555556,0.8543290079708894,0.1879570578531808,1,2,0.000416666,55.631099999999996,books-t2013-a=6 | books-t2013-b=4
q061,the sea and the people who make their living on it,Torso,CrossStripe,Conceptual,Keyword,interleave,0.9885524107285314,0.9,0.8181818181818182,0.6888888888888889,0.7714910106808508,0.1855721059857437,1,2,0.000416666,55.6179,books-t2013-a=5 | books-t2013-b=5
q061,the sea and the people who make their living on it,Torso,CrossStripe,Conceptual,Keyword,quota-merge,0.9315859627928479,0.7,0.5384615384615384,0.9111111111111111,0.7146782739720395,0.17380256997957272,1,2,0.000416666,55.608399999999996,books-t2013-a=9 | books-t2013-b=1
q061,the sea and the people who make their living on it,Torso,CrossStripe,Conceptual,Keyword,global-rrf,0.932216435739986,0.9,0.8181818181818182,0.6,0.6577829850776237,0.16050326160373699,1,2,0.000416666,55.6265,books-t2013-a=5 | books-t2013-b=5
q061,the sea and the people who make their living on it,Torso,CrossStripe,Conceptual,Keyword,minmax-norm,0.91714353778113,0.9,0.8181818181818182,0.24444444444444444,0.5631611164154133,0.15682149075102783,1,2,0.000416666,55.6583,books-t2013-a=5 | books-t2013-b=5
q061,the sea and the people who make their living on it,Torso,CrossStripe,Conceptual,Keyword,zscore-norm,0.9729913854705281,0.9,0.8181818181818182,0.3333333333333333,0.6713105083559977,0.18189033513303451,1,2,0.000416666,55.651199999999996,books-t2013-a=5 | books-t2013-b=5
q061,the sea and the people who make their living on it,Torso,CrossStripe,Conceptual,Keyword,idf-correct-probe,0.9972555869218718,0.9,0.8181818181818182,0.9555555555555556,0.842803388342485,0.1983811746416134,1,6,0.000483334,225.1524,books-t2013-a=7 | books-t2013-b=3
q061,the sea and the people who make their living on it,Torso,CrossStripe,Conceptual,Keyword,idf-correct-sidecar,0.9999426168282078,1,1,0.9555555555555556,0.8543290079708894,0.1879570578531808,1,2,0.000416666,55.6828,books-t2013-a=6 | books-t2013-b=4
q062,a small town where everyone is hiding something,Torso,CrossStripe,Conceptual,Keyword,single-index,1,1,1,1,1,0.29053138869206563,0.9,1,0.000416667,66.5445,books-oracle2=10
q062,a small town where everyone is hiding something,Torso,CrossStripe,Conceptual,Keyword,naive-score,0.9939413608521165,0.9,0.8181818181818182,0.8666666666666667,0.8157344371409421,0.2928728308907621,0.9,2,0.0006000000000000001,56.4542,books-t2013-a=10
q062,a small town where everyone is hiding something,Torso,CrossStripe,Conceptual,Keyword,interleave,0.8288714421788048,0.5,0.3333333333333333,0.35714285714285715,0.5204915093931746,0.31254877732576897,0.7,2,0.0006000000000000001,56.440000000000005,books-t2013-a=5 | books-t2013-b=5
q062,a small town where everyone is hiding something,Torso,CrossStripe,Conceptual,Keyword,quota-merge,0.958913970835862,0.9,0.8181818181818182,0.5555555555555556,0.7116621394317213,0.2727137932061086,1,2,0.0006000000000000001,56.4316,books-t2013-a=9 | books-t2013-b=1
q062,a small town where everyone is hiding something,Torso,CrossStripe,Conceptual,Keyword,global-rrf,0.8288714421788048,0.5,0.3333333333333333,0.35714285714285715,0.5204915093931746,0.31254877732576897,0.7,2,0.0006000000000000001,56.4486,books-t2013-a=5 | books-t2013-b=5
q062,a small town where everyone is hiding something,Torso,CrossStripe,Conceptual,Keyword,minmax-norm,0.8108474193526617,0.5,0.3333333333333333,0.14285714285714285,0.472530313887148,0.30909631358985185,0.7,2,0.0006000000000000001,56.5034,books-t2013-a=5 | books-t2013-b=5
q062,a small town where everyone is hiding something,Torso,CrossStripe,Conceptual,Keyword,zscore-norm,0.8676014404299169,0.6,0.42857142857142855,0.05555555555555555,0.5153174684302095,0.31011198482484775,0.8,2,0.0006000000000000001,56.491,books-t2013-a=6 | books-t2013-b=4
q062,a small town where everyone is hiding something,Torso,CrossStripe,Conceptual,Keyword,idf-correct-probe,0.9939413608521165,0.9,0.8181818181818182,0.8666666666666667,0.8157344371409421,0.2928728308907621,0.9,10,0.000733336,399.9239,books-t2013-a=10
q062,a small town where everyone is hiding something,Torso,CrossStripe,Conceptual,Keyword,idf-correct-sidecar,0.9939413608521165,0.9,0.8181818181818182,0.8666666666666667,0.8157344371409421,0.2928728308907621,0.9,2,0.0006000000000000001,56.483900000000006,books-t2013-a=10
q063,identity and what makes someone who they are,Torso,CrossStripe,Conceptual,Keyword,single-index,1,1,1,1,1,0.6669739779109883,1,1,0.000416667,66.3043,books-oracle2=10
q063,identity and what makes someone who they are,Torso,CrossStripe,Conceptual,Keyword,naive-score,0.9990448642758293,1,1,0.8666666666666667,0.8283782493085701,0.6647267206752268,1,2,0.00075,56.6321,books-t2013-a=9 | books-t2013-b=1
q063,identity and what makes someone who they are,Torso,CrossStripe,Conceptual,Keyword,interleave,0.9160322930844457,0.6,0.42857142857142855,0.4666666666666667,0.5723726908807768,0.4353000721879181,0.7,2,0.00075,56.6177,books-t2013-a=5 | books-t2013-b=5
q063,identity and what makes someone who they are,Torso,CrossStripe,Conceptual,Keyword,quota-merge,0.9791792440255288,1,1,0.6888888888888889,0.7428152769831345,0.6573022900241798,1,2,0.00075,56.6085,books-t2013-a=9 | books-t2013-b=1
q063,identity and what makes someone who they are,Torso,CrossStripe,Conceptual,Keyword,global-rrf,0.9126450956488376,0.6,0.42857142857142855,0.4222222222222222,0.5591827126982345,0.4343365223789259,0.7,2,0.00075,56.6259,books-t2013-a=5 | books-t2013-b=5
q063,identity and what makes someone who they are,Torso,CrossStripe,Conceptual,Keyword,minmax-norm,0.9564308945683223,0.8,0.6666666666666666,0.37777777777777777,0.6500864886306932,0.5277693845076634,0.9,2,0.00075,56.6825,books-t2013-a=7 | books-t2013-b=3
q063,identity and what makes someone who they are,Torso,CrossStripe,Conceptual,Keyword,zscore-norm,0.8188755533789805,0.6,0.42857142857142855,0.4222222222222222,0.46467434908697036,0.38837362363382383,0.7,2,0.00075,56.6511,books-t2013-a=5 | books-t2013-b=5
q063,identity and what makes someone who they are,Torso,CrossStripe,Conceptual,Keyword,idf-correct-probe,0.9981301342189247,1,1,0.8222222222222222,0.8151882711260278,0.6666538202932113,1,4,0.000783334,143.0222,books-t2013-a=9 | books-t2013-b=1
q063,identity and what makes someone who they are,Torso,CrossStripe,Conceptual,Keyword,idf-correct-sidecar,0.9975918336857131,1,1,0.7777777777777778,0.8151882711260278,0.6694096050726197,1,2,0.00075,56.6582,books-t2013-a=9 | books-t2013-b=1
q064,father and son,Head,CrossStripe,Lexical,Keyword,single-index,1,1,1,1,1,0.7331938073029861,1,1,0.00035,64.1634,books-oracle2=10
q064,father and son,Head,CrossStripe,Lexical,Keyword,naive-score,0.9884967380913311,0.9,0.8181818181818182,0.9111111111111111,0.7917554062161597,0.7040517165268583,0.9,2,0.00031666599999999995,54.1001,books-t2013-a=9 | books-t2013-b=1
q064,father and son,Head,CrossStripe,Lexical,Keyword,interleave,0.9522118590346774,0.7,0.5384615384615384,0.7333333333333333,0.6982292180836621,0.7348570755530233,0.9,2,0.00031666599999999995,54.0875,books-t2013-a=5 | books-t2013-b=5
q064,father and son,Head,CrossStripe,Lexical,Keyword,quota-merge,0.9953677950914808,0.9,0.8181818181818182,0.9555555555555556,0.836988527555468,0.7040517165268583,0.9,2,0.00031666599999999995,54.0789,books-t2013-a=9 | books-t2013-b=1
q064,father and son,Head,CrossStripe,Lexical,Keyword,global-rrf,0.9483579073062519,0.7,0.5384615384615384,0.6444444444444445,0.6774078953812204,0.7321265049349353,0.9,2,0.00031666599999999995,54.0955,books-t2013-a=5 | books-t2013-b=5
q064,father and son,Head,CrossStripe,Lexical,Keyword,minmax-norm,0.973380566464056,0.8,0.6666666666666666,0.7777777777777778,0.7698576376746179,0.7479072724038378,1,2,0.00031666599999999995,54.122499999999995,books-t2013-a=6 | books-t2013-b=4
q064,father and son,Head,CrossStripe,Lexical,Keyword,zscore-norm,0.9154525787565623,0.8,0.6666666666666666,0.6444444444444445,0.6378301979289708,0.7443228024630054,1,2,0.00031666599999999995,54.1194,books-t2013-a=6 | books-t2013-b=4
q064,father and son,Head,CrossStripe,Lexical,Keyword,idf-correct-probe,0.9452755114583352,1,1,0.9111111111111111,0.7509873630778414,0.7320701786851053,1,6,0.00038333399999999993,223.4026,books-t2013-a=8 | books-t2013-b=2
q064,father and son,Head,CrossStripe,Lexical,Keyword,idf-correct-sidecar,0.9452755114583352,1,1,0.9111111111111111,0.7509873630778414,0.7320701786851053,1,2,0.00031666599999999995,54.122499999999995,books-t2013-a=8 | books-t2013-b=2
q065,escape from captivity,Torso,CrossStripe,Conceptual,Keyword,single-index,1,1,1,1,1,0.8356362937419459,0.9,1,0.000316667,64.0155,books-oracle2=10
q065,escape from captivity,Torso,CrossStripe,Conceptual,Keyword,naive-score,0.845522431827521,0.7,0.5384615384615384,0.6888888888888889,0.5813723532547044,0.8454175825008119,0.9,2,0.00055,54.386700000000005,books-t2013-a=8 | books-t2013-b=2
q065,escape from captivity,Torso,CrossStripe,Conceptual,Keyword,interleave,0.898024339225308,0.9,0.8181818181818182,0.6444444444444445,0.6508239542438029,0.8822144321613049,0.9,2,0.00055,54.3723,books-t2013-a=5 | books-t2013-b=5
q065,escape from captivity,Torso,CrossStripe,Conceptual,Keyword,quota-merge,0.8554001397129375,0.7,0.5384615384615384,0.8666666666666667,0.5827144362797023,0.9603250160361273,1,2,0.00055,54.363,books-t2013-a=9 | books-t2013-b=1
q065,escape from captivity,Torso,CrossStripe,Conceptual,Keyword,global-rrf,0.8963796206105847,0.9,0.8181818181818182,0.5555555555555556,0.632826229013724,0.8795809969058676,0.9,2,0.00055,54.380500000000005,books-t2013-a=5 | books-t2013-b=5
q065,escape from captivity,Torso,CrossStripe,Conceptual,Keyword,minmax-norm,0.8685287076989432,0.7,0.5384615384615384,0.7333333333333333,0.5748289620860839,0.8455608318686098,0.9,2,0.00055,54.406,books-t2013-a=3 | books-t2013-b=7
q065,escape from captivity,Torso,CrossStripe,Conceptual,Keyword,zscore-norm,0.9527486523119779,0.7,0.5384615384615384,0.7777777777777778,0.675347009506769,0.8455608318686098,0.9,2,0.00055,54.451,books-t2013-a=3 | books-t2013-b=7
q065,escape from captivity,Torso,CrossStripe,Conceptual,Keyword,idf-correct-probe,0.9661477429260987,0.7,0.5384615384615384,0.8222222222222222,0.7090302734789743,0.8454175825008119,0.9,6,0.000616668,226.8742,books-t2013-a=8 | books-t2013-b=2
q065,escape from captivity,Torso,CrossStripe,Conceptual,Keyword,idf-correct-sidecar,0.9661477429260987,0.7,0.5384615384615384,0.8222222222222222,0.7090302734789743,0.8454175825008119,0.9,2,0.00055,54.408500000000004,books-t2013-a=8 | books-t2013-b=2
q066,a secret that destroys a community when it comes out,Torso,CrossStripe,Conceptual,Keyword,single-index,1,1,1,1,1,0.2333842658702877,1,1,0.000416667,95.5842,books-oracle2=10
q066,a secret that destroys a community when it comes out,Torso,CrossStripe,Conceptual,Keyword,naive-score,0.9889752501923421,0.8,0.6666666666666666,0.9555555555555556,0.8238983435487659,0.10033899972787695,0.8,2,0.000733334,57.3875,books-t2013-a=10
q066,a secret that destroys a community when it comes out,Torso,CrossStripe,Conceptual,Keyword,interleave,0.9237836020659794,0.7,0.5384615384615384,0.5111111111111111,0.5940743330828039,0.27896689557835885,0.9,2,0.000733334,57.348400000000005,books-t2013-a=5 | books-t2013-b=5
q066,a secret that destroys a community when it comes out,Torso,CrossStripe,Conceptual,Keyword,quota-merge,0.9629189637920565,0.9,0.8181818181818182,0.6888888888888889,0.7172039736412851,0.12496736907910312,0.9,2,0.000733334,57.3397,books-t2013-a=9 | books-t2013-b=1
q066,a secret that destroys a community when it comes out,Torso,CrossStripe,Conceptual,Keyword,global-rrf,0.9118073736579915,0.7,0.5384615384615384,0.37777777777777777,0.5489367350491399,0.30021408451241366,0.9,2,0.000733334,57.35680000000001,books-t2013-a=5 | books-t2013-b=5
q066,a secret that destroys a community when it comes out,Torso,CrossStripe,Conceptual,Keyword,minmax-norm,0.7807305154314849,0.4,0.25,0.6666666666666666,0.4109484215074525,0.3148227624748519,0.8,2,0.000733334,57.3843,books-t2013-a=2 | books-t2013-b=8
q066,a secret that destroys a community when it comes out,Torso,CrossStripe,Conceptual,Keyword,zscore-norm,0.9200764056201188,0.7,0.5384615384615384,0.4222222222222222,0.5760766078527249,0.27896689557835885,0.9,2,0.000733334,57.380700000000004,books-t2013-a=5 | books-t2013-b=5
q066,a secret that destroys a community when it comes out,Torso,CrossStripe,Conceptual,Keyword,idf-correct-probe,0.9912832352763745,0.9,0.8181818181818182,1,0.8309788437460471,0.1157162925428669,0.9,12,0.0009000039999999999,491.0185,books-t2013-a=9 | books-t2013-b=1
q066,a secret that destroys a community when it comes out,Torso,CrossStripe,Conceptual,Keyword,idf-correct-sidecar,0.9889752501923421,0.8,0.6666666666666666,0.9555555555555556,0.8238983435487659,0.10033899972787695,0.8,2,0.000733334,57.42,books-t2013-a=10
q067,the American South,Torso,CrossStripe,Lexical,Keyword,single-index,1,1,1,1,1,0.2678250254741538,1,1,0.00035,64.5949,books-oracle2=10
q067,the American South,Torso,CrossStripe,Lexical,Keyword,naive-score,0.9997902869138835,1,1,0.9555555555555556,0.8492442713815191,0.27285937235346913,1,2,0.0006000000000000001,55.1415,books-t2013-a=9 | books-t2013-b=1
q067,the American South,Torso,CrossStripe,Lexical,Keyword,interleave,0.8909320281870129,0.6,0.42857142857142855,0.4444444444444444,0.5609943306034969,0.17292924494849155,0.6,2,0.0006000000000000001,55.132,books-t2013-a=5 | books-t2013-b=5
q067,the American South,Torso,CrossStripe,Lexical,Keyword,quota-merge,0.9728425658358881,1,1,0.6444444444444445,0.7317208565843436,0.2513413937088206,1,2,0.0006000000000000001,55.1204,books-t2013-a=9 | books-t2013-b=1
q067,the American South,Torso,CrossStripe,Lexical,Keyword,global-rrf,0.8858746244739198,0.6,0.42857142857142855,0.3333333333333333,0.5401730079010552,0.1712438020216704,0.6,2,0.0006000000000000001,55.1371,books-t2013-a=5 | books-t2013-b=5
q067,the American South,Torso,CrossStripe,Lexical,Keyword,minmax-norm,0.9337627897303618,0.7,0.5384615384615384,0.5111111111111111,0.6088662217359286,0.2387076103814355,0.7,2,0.0006000000000000001,55.163399999999996,books-t2013-a=6 | books-t2013-b=4
q067,the American South,Torso,CrossStripe,Lexical,Keyword,zscore-norm,0.7797274315059258,0.6,0.42857142857142855,0.3888888888888889,0.4432288940161337,0.13373531880933456,0.6,2,0.0006000000000000001,55.1598,books-t2013-a=5 | books-t2013-b=5
q067,the American South,Torso,CrossStripe,Lexical,Keyword,idf-correct-probe,0.9997329037420914,1,1,0.9111111111111111,0.8444365243339826,0.27285937235346913,1,6,0.000666668,226.5294,books-t2013-a=9 | books-t2013-b=1
q067,the American South,Torso,CrossStripe,Lexical,Keyword,idf-correct-sidecar,0.9997329037420914,1,1,0.9111111111111111,0.8444365243339826,0.27285937235346913,1,2,0.0006000000000000001,55.1644,books-t2013-a=9 | books-t2013-b=1
q068,grief after the death of a child,Torso,CrossStripe,Conceptual,Keyword,single-index,1,1,1,1,1,0.13377794863052406,1,1,0.000416667,66.6506,books-oracle2=10
q068,grief after the death of a child,Torso,CrossStripe,Conceptual,Keyword,naive-score,0.996997099978131,0.9,0.8181818181818182,0.8666666666666667,0.8396173020054271,0.12355432021744686,1,2,0.000733334,54.86559999999999,books-t2013-a=10
q068,grief after the death of a child,Torso,CrossStripe,Conceptual,Keyword,interleave,0.9041049416063444,0.6,0.42857142857142855,0.37777777777777777,0.5580115040034259,0.11235021236443757,0.7,2,0.000733334,54.8518,books-t2013-a=5 | books-t2013-b=5
q068,grief after the death of a child,Torso,CrossStripe,Conceptual,Keyword,quota-merge,0.9543420446369391,0.8,0.6666666666666666,0.6,0.7029601172756799,0.11284045208440362,0.9,2,0.000733334,54.8424,books-t2013-a=9 | books-t2013-b=1
q068,grief after the death of a child,Torso,CrossStripe,Conceptual,Keyword,global-rrf,0.9016609321964458,0.6,0.42857142857142855,0.3333333333333333,0.5448215258208837,0.11235021236443757,0.7,2,0.000733334,54.860699999999994,books-t2013-a=5 | books-t2013-b=5
q068,grief after the death of a child,Torso,CrossStripe,Conceptual,Keyword,minmax-norm,0.7928902607830036,0.4,0.25,0.2857142857142857,0.4493547330978542,0.08893192794662406,0.5,2,0.000733334,54.8874,books-t2013-a=3 | books-t2013-b=7
q068,grief after the death of a child,Torso,CrossStripe,Conceptual,Keyword,zscore-norm,0.8777574056049625,0.5,0.3333333333333333,0.4444444444444444,0.5739691378945558,0.1050697869389846,0.6,2,0.000733334,54.8818,books-t2013-a=4 | books-t2013-b=6
q068,grief after the death of a child,Torso,CrossStripe,Conceptual,Keyword,idf-correct-probe,0.9867230532634536,0.8,0.6666666666666666,0.7777777777777778,0.8068425037435353,0.1221706234183732,0.9,6,0.000800002,227.25220000000002,books-t2013-a=9 | books-t2013-b=1
q068,grief after the death of a child,Torso,CrossStripe,Conceptual,Keyword,idf-correct-sidecar,0.9867230532634536,0.8,0.6666666666666666,0.7777777777777778,0.8068425037435353,0.1221706234183732,0.9,2,0.000733334,54.8968,books-t2013-a=9 | books-t2013-b=1
q069,an outsider who does not fit in anywhere,Torso,CrossStripe,Conceptual,Keyword,single-index,1,1,1,1,1,0.4034903470451456,1,1,0.000416667,67.2449,books-oracle2=10
q069,an outsider who does not fit in anywhere,Torso,CrossStripe,Conceptual,Keyword,naive-score,0.999498490773527,1,1,0.9111111111111111,0.8416129268616196,0.399175192577161,1,2,0.000733334,57.2687,books-t2013-a=8 | books-t2013-b=2
q069,an outsider who does not fit in anywhere,Torso,CrossStripe,Conceptual,Keyword,interleave,0.9639930039776543,0.7,0.5384615384615384,0.7333333333333333,0.7205851247146513,0.33880830082835206,0.9,2,0.000733334,57.253800000000005,books-t2013-a=5 | books-t2013-b=5
q069,an outsider who does not fit in anywhere,Torso,CrossStripe,Conceptual,Keyword,quota-merge,0.939953286291076,0.9,0.8181818181818182,0.9555555555555556,0.7407207765435022,0.4603693877355173,1,2,0.000733334,57.246,books-t2013-a=9 | books-t2013-b=1
q069,an outsider who does not fit in anywhere,Torso,CrossStripe,Conceptual,Keyword,global-rrf,0.900305745720323,0.7,0.5384615384615384,0.5111111111111111,0.567298134740403,0.32020634290637573,0.9,2,0.000733334,57.262600000000006,books-t2013-a=5 | books-t2013-b=5
q069,an outsider who does not fit in anywhere,Torso,CrossStripe,Conceptual,Keyword,minmax-norm,0.9147814969380381,0.8,0.6666666666666666,0.37777777777777777,0.578003327465186,0.322283215462305,1,2,0.000733334,57.3049,books-t2013-a=6 | books-t2013-b=4
q069,an outsider who does not fit in anywhere,Torso,CrossStripe,Conceptual,Keyword,zscore-norm,0.969378011719416,0.8,0.6666666666666666,0.4222222222222222,0.6785213748858708,0.322283215462305,1,2,0.000733334,57.2991,books-t2013-a=6 | books-t2013-b=4
q069,an outsider who does not fit in anywhere,Torso,CrossStripe,Conceptual,Keyword,idf-correct-probe,0.999498490773527,1,1,0.9111111111111111,0.8416129268616196,0.399175192577161,1,12,0.0009000039999999999,508.76829999999995,books-t2013-a=8 | books-t2013-b=2
q069,an outsider who does not fit in anywhere,Torso,CrossStripe,Conceptual,Keyword,idf-correct-sidecar,0.9974488667415577,0.9,0.8181818181818182,0.8666666666666667,0.8245286735705728,0.39724809295917657,1,2,0.000733334,57.299400000000006,books-t2013-a=7 | books-t2013-b=3
q070,school,Head,CrossStripe,Lexical,Keyword,single-index,1,1,1,1,1,1,1,1,0.00035,63.119,books-oracle2=10
q070,school,Head,CrossStripe,Lexical,Keyword,naive-score,0.9931289429998503,1,1,0.9555555555555556,0.8139036336791178,1,1,2,0.00048333299999999996,79.96019999999999,books-t2013-a=10
q070,school,Head,CrossStripe,Lexical,Keyword,interleave,0.8498818764039349,0.5,0.3333333333333333,0.4444444444444444,0.5116445750698353,0.6332971816211656,0.6,2,0.00048333299999999996,79.94489999999999,books-t2013-a=5 | books-t2013-b=5
q070,school,Head,CrossStripe,Lexical,Keyword,quota-merge,0.8377560692868767,0.9,0.8181818181818182,0.6,0.6052687772984269,0.7799082337019198,0.9,2,0.00048333299999999996,79.9356,books-t2013-a=9 | books-t2013-b=1
q070,school,Head,CrossStripe,Lexical,Keyword,global-rrf,0.7342161434081084,0.5,0.3333333333333333,0.3888888888888889,0.4111265276491505,0.55206785919664,0.6,2,0.00048333299999999996,79.95259999999999,books-t2013-a=5 | books-t2013-b=5
q070,school,Head,CrossStripe,Lexical,Keyword,minmax-norm,0.8011229101485638,0.8,0.6666666666666666,0.28888888888888886,0.49575212311773253,0.6698623505528797,0.8,2,0.00048333299999999996,79.97879999999999,books-t2013-a=8 | books-t2013-b=2
q070,school,Head,CrossStripe,Lexical,Keyword,zscore-norm,0.7595603417161622,0.8,0.6666666666666666,0.24444444444444444,0.4505190017784242,0.6410457898283652,0.8,2,0.00048333299999999996,79.97349999999999,books-t2013-a=8 | books-t2013-b=2
q070,school,Head,CrossStripe,Lexical,Keyword,idf-correct-probe,0.9931289429998503,1,1,0.9555555555555556,0.8139036336791178,1,1,2,0.00048333299999999996,79.97819999999999,books-t2013-a=10
q070,school,Head,CrossStripe,Lexical,Keyword,idf-correct-sidecar,0.9931289429998503,1,1,0.9555555555555556,0.8139036336791178,1,1,2,0.00048333299999999996,79.967,books-t2013-a=10
q071,obsession that ruins a life,Torso,CrossStripe,Conceptual,Keyword,single-index,1,1,1,1,1,0.11218224663488109,1,1,0.0004,65.1813,books-oracle2=10
q071,obsession that ruins a life,Torso,CrossStripe,Conceptual,Keyword,naive-score,0.9826916692956948,0.7,0.5384615384615384,1,0.8043788905357669,0.10102194165996248,1,2,0.000716667,55.7124,books-t2013-a=10
q071,obsession that ruins a life,Torso,CrossStripe,Conceptual,Keyword,interleave,0.9516388255563291,0.8,0.6666666666666666,0.5111111111111111,0.6363668462903175,0.18177220779997338,0.9,2,0.000716667,55.6844,books-t2013-a=5 | books-t2013-b=5
q071,obsession that ruins a life,Torso,CrossStripe,Conceptual,Keyword,quota-merge,0.8703701403877264,0.8,0.6666666666666666,0.7333333333333333,0.6182438842826988,0.03394050120081259,1,2,0.000716667,55.6764,books-t2013-a=9 | books-t2013-b=1
q071,obsession that ruins a life,Torso,CrossStripe,Conceptual,Keyword,global-rrf,0.8495008757851454,0.8,0.6666666666666666,0.37777777777777777,0.5150274761671908,0.18177220779997338,0.9,2,0.000716667,55.6925,books-t2013-a=5 | books-t2013-b=5
q071,obsession that ruins a life,Torso,CrossStripe,Conceptual,Keyword,minmax-norm,0.8318992534077357,0.8,0.6666666666666666,0.2,0.45486795853674267,0.20032186181327352,0.9,2,0.000716667,55.7203,books-t2013-a=5 | books-t2013-b=5
q071,obsession that ruins a life,Torso,CrossStripe,Conceptual,Keyword,zscore-norm,0.9305191689201222,0.8,0.6666666666666666,0.24444444444444444,0.5553860059574276,0.20032186181327352,0.9,2,0.000716667,55.7146,books-t2013-a=5 | books-t2013-b=5
q071,obsession that ruins a life,Torso,CrossStripe,Conceptual,Keyword,idf-correct-probe,0.9826916692956948,0.7,0.5384615384615384,1,0.8043788905357669,0.10102194165996248,1,6,0.000783335,229.247,books-t2013-a=10
q071,obsession that ruins a life,Torso,CrossStripe,Conceptual,Keyword,idf-correct-sidecar,0.9826916692956948,0.7,0.5384615384615384,1,0.8043788905357669,0.10102194165996248,1,2,0.000716667,55.7245,books-t2013-a=10
q072,slavery and its aftermath,Torso,CrossStripe,Mixed,Keyword,single-index,1,1,1,1,1,0.5200368575497579,0.9,1,0.000283333,64.1139,books-oracle2=10
q072,slavery and its aftermath,Torso,CrossStripe,Mixed,Keyword,naive-score,0.9728643456474293,1,1,0.6,0.7045809837807585,0.5907485662075074,0.9,2,0.000283334,54.4049,books-t2013-a=8 | books-t2013-b=2
q072,slavery and its aftermath,Torso,CrossStripe,Mixed,Keyword,interleave,0.958779347363082,0.7,0.5384615384615384,0.7333333333333333,0.7240846158632026,0.5621659651911469,0.8,2,0.000283334,54.3868,books-t2013-a=5 | books-t2013-b=5
q072,slavery and its aftermath,Torso,CrossStripe,Mixed,Keyword,quota-merge,0.9636953938929018,0.9,0.8181818181818182,1,0.7682519557676104,0.5793843083662262,0.9,2,0.000283334,54.3764,books-t2013-a=9 | books-t2013-b=1
q072,slavery and its aftermath,Torso,CrossStripe,Mixed,Keyword,global-rrf,0.9547965192237445,0.7,0.5384615384615384,0.6,0.6984555461132244,0.5576839312443389,0.8,2,0.000283334,54.3944,books-t2013-a=5 | books-t2013-b=5
q072,slavery and its aftermath,Torso,CrossStripe,Mixed,Keyword,minmax-norm,0.999872026239713,1,1,0.9555555555555556,0.8515054104985265,0.5166659716961155,0.9,2,0.000283334,54.4192,books-t2013-a=8 | books-t2013-b=2
q072,slavery and its aftermath,Torso,CrossStripe,Mixed,Keyword,zscore-norm,0.93588484653827,0.9,0.8181818181818182,0.9111111111111111,0.7284612330394579,0.4172592812147466,0.9,2,0.000283334,54.413999999999994,books-t2013-a=7 | books-t2013-b=3
q072,slavery and its aftermath,Torso,CrossStripe,Mixed,Keyword,idf-correct-probe,0.9836830026998257,1,1,0.7777777777777778,0.747623024030671,0.570385297928049,0.9,6,0.000350002,224.55180000000001,books-t2013-a=8 | books-t2013-b=2
q072,slavery and its aftermath,Torso,CrossStripe,Mixed,Keyword,idf-correct-sidecar,0.9836830026998257,1,1,0.7777777777777778,0.747623024030671,0.570385297928049,0.9,2,0.000283334,54.4208,books-t2013-a=8 | books-t2013-b=2
q073,the Holocaust,Torso,CrossStripe,Lexical,Keyword,single-index,1,1,1,1,1,0.5786590881586625,0.9,1,0.000216667,60.7831,books-oracle2=10
q073,the Holocaust,Torso,CrossStripe,Lexical,Keyword,naive-score,0.8509802527142829,0.5,0.3333333333333333,0.24444444444444444,0.5171166706976109,0.5313786122442995,0.9,2,0.000233334,52.7795,books-t2013-a=9 | books-t2013-b=1
q073,the Holocaust,Torso,CrossStripe,Lexical,Keyword,interleave,0.8512553788133658,0.7,0.5384615384615384,0.24444444444444444,0.5121016246652761,0.4615093259208578,0.8,2,0.000233334,52.7686,books-t2013-a=9 | books-t2013-b=1
q073,the Holocaust,Torso,CrossStripe,Lexical,Keyword,quota-merge,0.8512553788133658,0.7,0.5384615384615384,0.24444444444444444,0.5121016246652761,0.4615093259208578,0.8,2,0.000233334,52.7684,books-t2013-a=9 | books-t2013-b=1
q073,the Holocaust,Torso,CrossStripe,Lexical,Keyword,global-rrf,0.8512553788133658,0.7,0.5384615384615384,0.24444444444444444,0.5121016246652761,0.4615093259208578,0.8,2,0.000233334,52.7733,books-t2013-a=9 | books-t2013-b=1
q073,the Holocaust,Torso,CrossStripe,Lexical,Keyword,minmax-norm,0.8081138263799182,0.5,0.3333333333333333,0.2,0.47167599900085694,0.5190286576480789,0.9,2,0.000233334,52.786699999999996,books-t2013-a=9 | books-t2013-b=1
q073,the Holocaust,Torso,CrossStripe,Lexical,Keyword,zscore-norm,0.8773720806028943,0.6,0.42857142857142855,0.37777777777777777,0.5795480021081514,0.5785040520186695,1,2,0.000233334,52.7855,books-t2013-a=10
q073,the Holocaust,Torso,CrossStripe,Lexical,Keyword,idf-correct-probe,0.8773720806028943,0.6,0.42857142857142855,0.37777777777777777,0.5795480021081514,0.5785040520186695,1,4,0.000266668,138.6289,books-t2013-a=10
q073,the Holocaust,Torso,CrossStripe,Lexical,Keyword,idf-correct-sidecar,0.8773720806028943,0.6,0.42857142857142855,0.37777777777777777,0.5795480021081514,0.5785040520186695,1,2,0.000233334,52.7949,books-t2013-a=10
q074,a woman who defies the expectations of her time,Torso,CrossStripe,Conceptual,Keyword,single-index,1,1,1,1,1,0.42353976043085817,1,1,0.000416667,66.1128,books-oracle2=10
q074,a woman who defies the expectations of her time,Torso,CrossStripe,Conceptual,Keyword,naive-score,0.8731113211343604,0.8,0.6666666666666666,0.6,0.5663870663285678,0.4763382449474523,1,2,0.000733334,56.5257,books-t2013-a=8 | books-t2013-b=2
q074,a woman who defies the expectations of her time,Torso,CrossStripe,Conceptual,Keyword,interleave,0.8654865188730779,0.9,0.8181818181818182,0.5555555555555556,0.5589133557536995,0.34329201247388236,1,2,0.000733334,56.5113,books-t2013-a=5 | books-t2013-b=5
q074,a woman who defies the expectations of her time,Torso,CrossStripe,Conceptual,Keyword,quota-merge,0.7953407782021862,0.7,0.5384615384615384,0.8666666666666667,0.5006273782367803,0.47818480847586553,1,2,0.000733334,56.5017,books-t2013-a=9 | books-t2013-b=1
q074,a woman who defies the expectations of her time,Torso,CrossStripe,Conceptual,Keyword,global-rrf,0.8654865188730779,0.9,0.8181818181818182,0.5555555555555556,0.5589133557536995,0.34329201247388236,1,2,0.000733334,56.5194,books-t2013-a=5 | books-t2013-b=5
q074,a woman who defies the expectations of her time,Torso,CrossStripe,Conceptual,Keyword,minmax-norm,0.851031258437415,0.8,0.6666666666666666,0.5555555555555556,0.520131355703045,0.2728337642476436,0.9,2,0.000733334,56.5497,books-t2013-a=4 | books-t2013-b=6
q074,a woman who defies the expectations of her time,Torso,CrossStripe,Conceptual,Keyword,zscore-norm,0.851031258437415,0.8,0.6666666666666666,0.5555555555555556,0.520131355703045,0.2728337642476436,0.9,2,0.000733334,56.545,books-t2013-a=4 | books-t2013-b=6
q074,a woman who defies the expectations of her time,Torso,CrossStripe,Conceptual,Keyword,idf-correct-probe,0.8775886160884282,0.9,0.8181818181818182,0.7333333333333333,0.577912685956972,0.39588251963562027,1,8,0.000833336,316.3388,books-t2013-a=7 | books-t2013-b=3
q074,a woman who defies the expectations of her time,Torso,CrossStripe,Conceptual,Keyword,idf-correct-sidecar,0.9026558760367511,1,1,0.5111111111111111,0.6080756479737022,0.3902057943894693,1,2,0.000733334,56.5518,books-t2013-a=6 | books-t2013-b=4
q075,addiction and recovery,Torso,CrossStripe,Mixed,Keyword,single-index,1,1,1,1,1,0.7813557586671602,1,1,0.0003,64.2477,books-oracle2=10
q075,addiction and recovery,Torso,CrossStripe,Mixed,Keyword,naive-score,0.9710809788051248,0.9,0.8181818181818182,0.6888888888888889,0.7290285182377232,0.8857697672182653,1,2,0.000283334,54.4985,books-t2013-a=9 | books-t2013-b=1
q075,addiction and recovery,Torso,CrossStripe,Mixed,Keyword,interleave,0.9382033029624671,0.6,0.42857142857142855,0.6888888888888889,0.6781796168513368,0.7191184989488184,0.8,2,0.000283334,54.484,books-t2013-a=5 | books-t2013-b=5
q075,addiction and recovery,Torso,CrossStripe,Mixed,Keyword,quota-merge,0.9992302212079083,1,1,0.9555555555555556,0.8408173408760061,0.7813557586671602,1,2,0.000283334,54.475,books-t2013-a=9 | books-t2013-b=1
q075,addiction and recovery,Torso,CrossStripe,Mixed,Keyword,global-rrf,0.9373632396513722,0.6,0.42857142857142855,0.6444444444444445,0.6733718698038,0.716485063693381,0.8,2,0.000283334,54.491800000000005,books-t2013-a=5 | books-t2013-b=5
q075,addiction and recovery,Torso,CrossStripe,Mixed,Keyword,minmax-norm,0.9096466662906293,0.6,0.42857142857142855,0.24444444444444444,0.5604752863696775,0.6879509227782193,0.8,2,0.000283334,54.5174,books-t2013-a=5 | books-t2013-b=5
q075,addiction and recovery,Torso,CrossStripe,Mixed,Keyword,zscore-norm,0.9125709457770592,0.6,0.42857142857142855,0.28888888888888886,0.5703677700065843,0.6929852696575346,0.8,2,0.000283334,54.5123,books-t2013-a=5 | books-t2013-b=5
q075,addiction and recovery,Torso,CrossStripe,Mixed,Keyword,idf-correct-probe,0.9877282492530833,0.9,0.8181818181818182,0.8666666666666667,0.7810673365936394,0.8480318756513257,1,6,0.000350002,225.4943,books-t2013-a=8 | books-t2013-b=2
q075,addiction and recovery,Torso,CrossStripe,Mixed,Keyword,idf-correct-sidecar,0.9877282492530833,0.9,0.8181818181818182,0.8666666666666667,0.7810673365936394,0.8480318756513257,1,2,0.000283334,54.5216,books-t2013-a=8 | books-t2013-b=2
q076,New York City,Head,CrossStripe,Lexical,Keyword,single-index,1,1,1,1,1,0.7796560863979807,1,1,0.0004,65.4576,books-oracle2=10
q076,New York City,Head,CrossStripe,Lexical,Keyword,naive-score,0.9904639606484454,0.9,0.8181818181818182,0.9111111111111111,0.8052016115230766,0.7417965301383298,1,2,0.0007,54.946600000000004,books-t2013-a=9 | books-t2013-b=1
q076,New York City,Head,CrossStripe,Lexical,Keyword,interleave,0.9222078313796428,0.7,0.5384615384615384,0.6111111111111112,0.649662981455864,0.7398965108046693,0.7,2,0.0007,54.9311,books-t2013-a=5 | books-t2013-b=5
q076,New York City,Head,CrossStripe,Lexical,Keyword,quota-merge,0.9904639606484454,0.9,0.8181818181818182,0.9111111111111111,0.8052016115230766,0.7417965301383298,1,2,0.0007,54.9224,books-t2013-a=9 | books-t2013-b=1
q076,New York City,Head,CrossStripe,Lexical,Keyword,global-rrf,0.9204995147131436,0.7,0.5384615384615384,0.6111111111111112,0.6448552344083274,0.737263075549232,0.7,2,0.0007,54.941100000000006,books-t2013-a=5 | books-t2013-b=5
q076,New York City,Head,CrossStripe,Lexical,Keyword,minmax-norm,0.9919561987485912,0.9,0.8181818181818182,0.9555555555555556,0.8100093585706132,0.8069221384832457,1,2,0.0007,54.9675,books-t2013-a=8 | books-t2013-b=2
q076,New York City,Head,CrossStripe,Lexical,Keyword,zscore-norm,0.8962161366382896,0.9,0.8181818181818182,0.6,0.6041464770930077,0.7892253544051889,0.9,2,0.0007,54.9643,books-t2013-a=7 | books-t2013-b=3
q076,New York City,Head,CrossStripe,Lexical,Keyword,idf-correct-probe,0.9179912621143013,0.9,0.8181818181818182,0.9111111111111111,0.709491311149928,0.8069221384832457,1,6,0.000766668,224.5446,books-t2013-a=8 | books-t2013-b=2
q076,New York City,Head,CrossStripe,Lexical,Keyword,idf-correct-sidecar,0.9179912621143013,0.9,0.8181818181818182,0.9111111111111111,0.709491311149928,0.8069221384832457,1,2,0.0007,54.9722,books-t2013-a=8 | books-t2013-b=2
q077,an unlikely friendship between two very different people,Torso,CrossStripe,Conceptual,Keyword,single-index,1,1,1,1,1,0.3301540397681022,1,1,0.000433333,67.1242,books-oracle2=10
q077,an unlikely friendship between two very different people,Torso,CrossStripe,Conceptual,Keyword,naive-score,0.9851534011567502,0.9,0.8181818181818182,1,0.8137112427136154,0.3219730695917914,0.9,2,0.0007999999999999999,58.4206,books-t2013-a=10
q077,an unlikely friendship between two very different people,Torso,CrossStripe,Conceptual,Keyword,interleave,0.885761980037671,0.6,0.42857142857142855,0.5,0.5729824279307549,0.25575535540626615,0.7,2,0.0007999999999999999,58.4066,books-t2013-a=5 | books-t2013-b=5
q077,an unlikely friendship between two very different people,Torso,CrossStripe,Conceptual,Keyword,quota-merge,0.8924466425060095,1,1,0.7777777777777778,0.6602949547925283,0.28362364512978666,1,2,0.0007999999999999999,58.3971,books-t2013-a=9 | books-t2013-b=1
q077,an unlikely friendship between two very different people,Torso,CrossStripe,Conceptual,Keyword,global-rrf,0.7915353636418003,0.6,0.42857142857142855,0.3888888888888889,0.4600252889426339,0.23273258684313672,0.7,2,0.0007999999999999999,58.4141,books-t2013-a=5 | books-t2013-b=5
q077,an unlikely friendship between two very different people,Torso,CrossStripe,Conceptual,Keyword,minmax-norm,0.7510922015481613,0.5,0.3333333333333333,0.5,0.44318889306189146,0.22502179520441928,0.6,2,0.0007999999999999999,58.4414,books-t2013-a=4 | books-t2013-b=6
q077,an unlikely friendship between two very different people,Torso,CrossStripe,Conceptual,Keyword,zscore-norm,0.8438604487577063,0.5,0.3333333333333333,0.5714285714285714,0.548514687530113,0.24823017303999806,0.6,2,0.0007999999999999999,58.4393,books-t2013-a=4 | books-t2013-b=6
q077,an unlikely friendship between two very different people,Torso,CrossStripe,Conceptual,Keyword,idf-correct-probe,0.9851534011567502,0.9,0.8181818181818182,1,0.8137112427136154,0.3219730695917914,0.9,12,0.0009666699999999999,483.947,books-t2013-a=10
q077,an unlikely friendship between two very different people,Torso,CrossStripe,Conceptual,Keyword,idf-correct-sidecar,0.9851534011567502,0.9,0.8181818181818182,1,0.8137112427136154,0.3219730695917914,0.9,2,0.0007999999999999999,58.457,books-t2013-a=10
q078,climate change and environmental collapse,Torso,CrossStripe,Mixed,Keyword,single-index,1,1,1,1,1,0.8062973337341608,1,1,0.00035,65.5593,books-oracle2=10
q078,climate change and environmental collapse,Torso,CrossStripe,Mixed,Keyword,naive-score,0.9932729594695598,0.9,0.8181818181818182,0.8666666666666667,0.8131104797504055,0.7896152452865445,1,2,0.0006333339999999999,56.1364,books-t2013-a=8 | books-t2013-b=2
q078,climate change and environmental collapse,Torso,CrossStripe,Mixed,Keyword,interleave,0.9002076557922474,0.8,0.6666666666666666,0.7222222222222222,0.6690992927553092,0.8066100622901824,0.9,2,0.0006333339999999999,56.1211,books-t2013-a=5 | books-t2013-b=5
q078,climate change and environmental collapse,Torso,CrossStripe,Mixed,Keyword,quota-merge,0.9177534660373108,0.8,0.6666666666666666,0.8666666666666667,0.6803568982074518,0.7821230923361717,1,2,0.0006333339999999999,56.1127,books-t2013-a=9 | books-t2013-b=1
q078,climate change and environmental collapse,Torso,CrossStripe,Mixed,Keyword,global-rrf,0.8986090387248707,0.8,0.6666666666666666,0.7222222222222222,0.6642915457077724,0.8062338572536913,0.9,2,0.0006333339999999999,56.1301,books-t2013-a=5 | books-t2013-b=5
q078,climate change and environmental collapse,Torso,CrossStripe,Mixed,Keyword,minmax-norm,0.9432475798834603,1,1,0.7333333333333333,0.7218952174489716,0.8096682195878032,1,2,0.0006333339999999999,56.1585,books-t2013-a=7 | books-t2013-b=3
q078,climate change and environmental collapse,Torso,CrossStripe,Mixed,Keyword,zscore-norm,0.988750669303324,0.9,0.8181818181818182,0.6444444444444445,0.7668158465386138,0.8760121493430877,1,2,0.0006333339999999999,56.1539,books-t2013-a=6 | books-t2013-b=4
q078,climate change and environmental collapse,Torso,CrossStripe,Mixed,Keyword,idf-correct-probe,0.9983154911510037,1,1,0.9111111111111111,0.8276273626934639,0.7922486805419818,1,10,0.0007666699999999999,399.293,books-t2013-a=7 | books-t2013-b=3
q078,climate change and environmental collapse,Torso,CrossStripe,Mixed,Keyword,idf-correct-sidecar,0.9993086975088357,1,1,0.8666666666666667,0.8323057485065634,0.8038869207338497,1,2,0.0006333339999999999,56.1712,books-t2013-a=7 | books-t2013-b=3
q079,memory and how unreliable it can be,Torso,CrossStripe,Conceptual,Keyword,single-index,1,1,1,1,1,0.454858502406438,1,1,0.000416667,65.469,books-oracle2=10
q079,memory and how unreliable it can be,Torso,CrossStripe,Conceptual,Keyword,naive-score,0.9998146430679209,1,1,0.9111111111111111,0.8466976634509897,0.4541060923334559,1,2,0.000733334,55.5014,books-t2013-a=10
q079,memory and how unreliable it can be,Torso,CrossStripe,Conceptual,Keyword,interleave,0.8802073483138972,0.5,0.3333333333333333,0.37777777777777777,0.5180689454374725,0.5046909726514692,0.8,2,0.000733334,55.530199999999994,books-t2013-a=5 | books-t2013-b=5
q079,memory and how unreliable it can be,Torso,CrossStripe,Conceptual,Keyword,quota-merge,0.9483134745715137,0.9,0.8181818181818182,0.6,0.7039376869844197,0.40595064236086864,0.9,2,0.000733334,55.4798,books-t2013-a=9 | books-t2013-b=1
q079,memory and how unreliable it can be,Torso,CrossStripe,Conceptual,Keyword,global-rrf,0.8767107613434445,0.5,0.3333333333333333,0.3333333333333333,0.5048789672549302,0.5046909726514692,0.8,2,0.000733334,55.496399999999994,books-t2013-a=5 | books-t2013-b=5
q079,memory and how unreliable it can be,Torso,CrossStripe,Conceptual,Keyword,minmax-norm,0.7848222890660139,0.3,0.17647058823529413,0.15555555555555556,0.33510749932287237,0.5239628239020041,0.7,2,0.000733334,55.5218,books-t2013-a=3 | books-t2013-b=7
q079,memory and how unreliable it can be,Torso,CrossStripe,Conceptual,Keyword,zscore-norm,0.890289135155709,0.4,0.25,0.4222222222222222,0.5629787012600082,0.5157957422698688,0.8,2,0.000733334,55.5188,books-t2013-a=4 | books-t2013-b=6
q079,memory and how unreliable it can be,Torso,CrossStripe,Conceptual,Keyword,idf-correct-probe,0.9998146430679209,1,1,0.9111111111111111,0.8466976634509897,0.4541060923334559,1,8,0.000833336,315.5283,books-t2013-a=10
q079,memory and how unreliable it can be,Torso,CrossStripe,Conceptual,Keyword,idf-correct-sidecar,0.9998146430679209,1,1,0.9111111111111111,0.8466976634509897,0.4541060923334559,1,2,0.000733334,55.532199999999996,books-t2013-a=10
q080,a doctor confronting the limits of medicine,Tail,CrossStripe,Conceptual,Keyword,single-index,1,1,1,1,1,0.5357916837107143,1,1,0.000366667,66.1958,books-oracle2=10
q080,a doctor confronting the limits of medicine,Tail,CrossStripe,Conceptual,Keyword,naive-score,0.9991328908492664,1,1,0.9111111111111111,0.836054293198977,0.5290228945197712,1,2,0.000666666,55.2891,books-t2013-a=9 | books-t2013-b=1
q080,a doctor confronting the limits of medicine,Tail,CrossStripe,Conceptual,Keyword,interleave,0.7964079656716035,0.6,0.42857142857142855,0.5238095238095238,0.5625617343213036,0.30530780339669134,0.6,2,0.000666666,55.2768,books-t2013-a=5 | books-t2013-b=5
q080,a doctor confronting the limits of medicine,Tail,CrossStripe,Conceptual,Keyword,quota-merge,0.9991328908492664,1,1,0.9111111111111111,0.836054293198977,0.5290228945197712,1,2,0.000666666,55.2663,books-t2013-a=9 | books-t2013-b=1
q080,a doctor confronting the limits of medicine,Tail,CrossStripe,Conceptual,Keyword,global-rrf,0.8370423699889427,0.6,0.42857142857142855,0.5238095238095238,0.6227499307558613,0.35414319063065297,0.6,2,0.000666666,55.2851,books-t2013-a=5 | books-t2013-b=5
q080,a doctor confronting the limits of medicine,Tail,CrossStripe,Conceptual,Keyword,minmax-norm,0.9991328908492664,1,1,0.9111111111111111,0.836054293198977,0.5290228945197712,1,2,0.000666666,55.3555,books-t2013-a=9 | books-t2013-b=1
q080,a doctor confronting the limits of medicine,Tail,CrossStripe,Conceptual,Keyword,zscore-norm,0.9770510876515944,0.9,0.8181818181818182,0.6444444444444445,0.7653611254744167,0.5089893888038057,0.9,2,0.000666666,55.3089,books-t2013-a=8 | books-t2013-b=2
q080,a doctor confronting the limits of medicine,Tail,CrossStripe,Conceptual,Keyword,idf-correct-probe,0.9991328908492664,1,1,0.9111111111111111,0.836054293198977,0.5290228945197712,1,10,0.000800002,394.8874,books-t2013-a=9 | books-t2013-b=1
q080,a doctor confronting the limits of medicine,Tail,CrossStripe,Conceptual,Keyword,idf-correct-sidecar,0.9991328908492664,1,1,0.9111111111111111,0.836054293198977,0.5290228945197712,1,2,0.000666666,55.3204,books-t2013-a=9 | books-t2013-b=1
q081,immortality and the cost of living forever,Tail,CrossStripe,Conceptual,Keyword,single-index,1,1,1,1,1,0.467288999132569,1,1,0.0004,93.9844,books-oracle2=10
q081,immortality and the cost of living forever,Tail,CrossStripe,Conceptual,Keyword,naive-score,1,1,1,1,0.8591367550184259,0.467288999132569,1,2,0.00038333400000000004,55.3613,books-t2013-a=10
q081,immortality and the cost of living forever,Tail,CrossStripe,Conceptual,Keyword,interleave,0.8335119818686333,0.5,0.3333333333333333,0.35714285714285715,0.5159420991643302,0.4231776353540358,0.6,2,0.00038333400000000004,55.3475,books-t2013-a=5 | books-t2013-b=5
q081,immortality and the cost of living forever,Tail,CrossStripe,Conceptual,Keyword,quota-merge,0.9567786148555775,0.9,0.8181818181818182,0.6444444444444445,0.7083416850102341,0.3822843562789206,0.9,2,0.00038333400000000004,55.337399999999995,books-t2013-a=9 | books-t2013-b=1
q081,immortality and the cost of living forever,Tail,CrossStripe,Conceptual,Keyword,global-rrf,0.8133622624276085,0.5,0.3333333333333333,0.21428571428571427,0.463173156610767,0.4113714714190342,0.6,2,0.00038333400000000004,55.357099999999996,books-t2013-a=5 | books-t2013-b=5
q081,immortality and the cost of living forever,Tail,CrossStripe,Conceptual,Keyword,minmax-norm,0.7762275625704569,0.4,0.25,0.2857142857142857,0.40466517867013635,0.3661509400716573,0.6,2,0.00038333400000000004,55.3882,books-t2013-a=4 | books-t2013-b=6
q081,immortality and the cost of living forever,Tail,CrossStripe,Conceptual,Keyword,zscore-norm,0.8199166457782875,0.4,0.25,0.5714285714285714,0.5053794318267931,0.40974498157589545,0.6,2,0.00038333400000000004,55.3831,books-t2013-a=4 | books-t2013-b=6
q081,immortality and the cost of living forever,Tail,CrossStripe,Conceptual,Keyword,idf-correct-probe,1,1,1,1,0.8591367550184259,0.467288999132569,1,8,0.000483336,315.276,books-t2013-a=10
q081,immortality and the cost of living forever,Tail,CrossStripe,Conceptual,Keyword,idf-correct-sidecar,1,1,1,1,0.8591367550184259,0.467288999132569,1,2,0.00038333400000000004,55.3893,books-t2013-a=10
q082,twins separated at birth,Tail,CrossStripe,Lexical,Keyword,single-index,1,1,1,1,1,0.32087933589191214,1,1,0.000316667,66.8512,books-oracle2=10
q082,twins separated at birth,Tail,CrossStripe,Lexical,Keyword,naive-score,0.9183107108834885,1,1,0.8222222222222222,0.6890564883065919,0.33353756266421725,1,2,0.000533334,54.9365,books-t2013-a=9 | books-t2013-b=1
q082,twins separated at birth,Tail,CrossStripe,Lexical,Keyword,interleave,0.8378662927218502,0.6,0.42857142857142855,0.5,0.5717358292274972,0.22153255551181394,0.7,2,0.000533334,54.9226,books-t2013-a=5 | books-t2013-b=5
q082,twins separated at birth,Tail,CrossStripe,Lexical,Keyword,quota-merge,0.9445501897365504,1,1,0.8666666666666667,0.7342896096459002,0.32087933589191214,1,2,0.000533334,54.9142,books-t2013-a=9 | books-t2013-b=1
q082,twins separated at birth,Tail,CrossStripe,Lexical,Keyword,global-rrf,0.8347817902379768,0.6,0.42857142857142855,0.5,0.5641044847075977,0.220668798539541,0.7,2,0.000533334,54.9316,books-t2013-a=5 | books-t2013-b=5
q082,twins separated at birth,Tail,CrossStripe,Lexical,Keyword,minmax-norm,0.9445501897365504,1,1,0.8666666666666667,0.7342896096459002,0.32087933589191214,1,2,0.000533334,54.960100000000004,books-t2013-a=9 | books-t2013-b=1
q082,twins separated at birth,Tail,CrossStripe,Lexical,Keyword,zscore-norm,0.9752644774305355,0.8,0.6666666666666666,0.6888888888888889,0.7492718939943548,0.3260618405214423,0.9,2,0.000533334,54.9545,books-t2013-a=7 | books-t2013-b=3
q082,twins separated at birth,Tail,CrossStripe,Lexical,Keyword,idf-correct-probe,0.88336550621216,1,1,0.6888888888888889,0.6487266373204649,0.33353756266421725,1,8,0.000633336,315.3299,books-t2013-a=9 | books-t2013-b=1
q082,twins separated at birth,Tail,CrossStripe,Lexical,Keyword,idf-correct-sidecar,0.88336550621216,1,1,0.6888888888888889,0.6487266373204649,0.33353756266421725,1,2,0.000533334,54.9636,books-t2013-a=9 | books-t2013-b=1
q083,a letter that arrives decades too late,Tail,CrossStripe,Conceptual,Keyword,single-index,1,1,1,1,1,0.16185245180915425,1,1,0.000366667,66.5392,books-oracle2=10
q083,a letter that arrives decades too late,Tail,CrossStripe,Conceptual,Keyword,naive-score,0.9912400229019369,0.8,0.6666666666666666,0.9111111111111111,0.7978949457190985,0.2908780443597033,1,2,0.00046666700000000004,83.5367,books-t2013-a=8 | books-t2013-b=2
q083,a letter that arrives decades too late,Tail,CrossStripe,Conceptual,Keyword,interleave,0.9262331217872851,0.8,0.6666666666666666,0.7777777777777778,0.6646520870238326,0.21072299925563384,1,2,0.00046666700000000004,83.519,books-t2013-a=5 | books-t2013-b=5
q083,a letter that arrives decades too late,Tail,CrossStripe,Conceptual,Keyword,quota-merge,0.9051568957580852,0.8,0.6666666666666666,0.8222222222222222,0.6558456611021076,0.3138760025363547,1,2,0.00046666700000000004,83.5106,books-t2013-a=9 | books-t2013-b=1
q083,a letter that arrives decades too late,Tail,CrossStripe,Conceptual,Keyword,global-rrf,0.9251789339474529,0.8,0.6666666666666666,0.7333333333333333,0.6514621088412904,0.21072299925563384,1,2,0.00046666700000000004,83.5275,books-t2013-a=5 | books-t2013-b=5
q083,a letter that arrives decades too late,Tail,CrossStripe,Conceptual,Keyword,minmax-norm,0.9382636599439941,0.9,0.8181818181818182,0.6444444444444445,0.6797874115555502,0.19483201386636573,1,2,0.00046666700000000004,83.5556,books-t2013-a=6 | books-t2013-b=4
q083,a letter that arrives decades too late,Tail,CrossStripe,Conceptual,Keyword,zscore-norm,0.9928601747253719,0.9,0.8181818181818182,0.6888888888888889,0.7803054589762352,0.17454282832858656,1,2,0.00046666700000000004,83.5509,books-t2013-a=6 | books-t2013-b=4
q083,a letter that arrives decades too late,Tail,CrossStripe,Conceptual,Keyword,idf-correct-probe,0.995013238607719,0.9,0.8181818181818182,0.9555555555555556,0.8222877463193192,0.17328536618502535,1,12,0.000633337,541.1504,books-t2013-a=6 | books-t2013-b=4
q083,a letter that arrives decades too late,Tail,CrossStripe,Conceptual,Keyword,idf-correct-sidecar,0.995013238607719,0.9,0.8181818181818182,0.9555555555555556,0.8222877463193192,0.17328536618502535,1,2,0.00046666700000000004,83.5763,books-t2013-a=6 | books-t2013-b=4
q084,music and the people who devote their lives to it,Torso,CrossStripe,Conceptual,Keyword,single-index,1,1,1,1,1,0.3311964280203346,1,1,0.000883333,68.1614,books-oracle2=10
q084,music and the people who devote their lives to it,Torso,CrossStripe,Conceptual,Keyword,naive-score,0.9448169282911766,1,1,0.8222222222222222,0.7346112985582411,0.33967905249793773,1,2,0.000616666,58.2744,books-t2013-a=9 | books-t2013-b=1
q084,music and the people who devote their lives to it,Torso,CrossStripe,Conceptual,Keyword,interleave,0.8555848588454696,0.6,0.42857142857142855,0.5555555555555556,0.5655125589643484,0.20566956109056966,0.7,2,0.000616666,58.259800000000006,books-t2013-a=5 | books-t2013-b=5
q084,music and the people who devote their lives to it,Torso,CrossStripe,Conceptual,Keyword,quota-merge,0.9994134430725544,1,1,0.8666666666666667,0.8351293459789262,0.33967905249793773,1,2,0.000616666,58.2505,books-t2013-a=9 | books-t2013-b=1
q084,music and the people who devote their lives to it,Torso,CrossStripe,Conceptual,Keyword,global-rrf,0.9043061889259386,0.6,0.42857142857142855,0.5,0.6404015366350546,0.1949920122650412,0.7,2,0.000616666,58.268,books-t2013-a=5 | books-t2013-b=5
q084,music and the people who devote their lives to it,Torso,CrossStripe,Conceptual,Keyword,minmax-norm,0.986575303069822,0.9,0.8181818181818182,0.9111111111111111,0.8126032159405426,0.3393028474614467,0.9,2,0.000616666,58.2944,books-t2013-a=8 | books-t2013-b=2
q084,music and the people who devote their lives to it,Torso,CrossStripe,Conceptual,Keyword,zscore-norm,0.9552811653313906,0.7,0.5384615384615384,0.6888888888888889,0.7245905671399853,0.2839699428967664,0.8,2,0.000616666,58.290200000000006,books-t2013-a=6 | books-t2013-b=4
q084,music and the people who devote their lives to it,Torso,CrossStripe,Conceptual,Keyword,idf-correct-probe,0.9994134430725544,1,1,0.8666666666666667,0.8351293459789262,0.33967905249793773,1,8,0.000716668,314.8678,books-t2013-a=9 | books-t2013-b=1
q084,music and the people who devote their lives to it,Torso,CrossStripe,Conceptual,Keyword,idf-correct-sidecar,0.9994134430725544,1,1,0.8666666666666667,0.8351293459789262,0.33967905249793773,1,2,0.000616666,58.3421,books-t2013-a=9 | books-t2013-b=1
q085,a trial that divides a town,Torso,CrossStripe,Conceptual,Keyword,single-index,1,1,1,1,1,0.1601766584003884,1,1,0.000366667,64.2675,books-oracle2=10
q085,a trial that divides a town,Torso,CrossStripe,Conceptual,Keyword,naive-score,0.9160830910999506,1,1,0.5111111111111111,0.6582133207328066,0.1930392491042069,1,2,0.0006333339999999999,58.715599999999995,books-t2013-a=7 | books-t2013-b=3
q085,a trial that divides a town,Torso,CrossStripe,Conceptual,Keyword,interleave,0.9317546492809003,0.8,0.6666666666666666,0.7333333333333333,0.6807474760550605,0.20913699861606225,1,2,0.0006333339999999999,58.700199999999995,books-t2013-a=5 | books-t2013-b=5
q085,a trial that divides a town,Torso,CrossStripe,Conceptual,Keyword,quota-merge,0.9212913109472358,0.8,0.6666666666666666,0.8666666666666667,0.6850352840205515,0.21917668607999877,1,2,0.0006333339999999999,58.6922,books-t2013-a=9 | books-t2013-b=1
q085,a trial that divides a town,Torso,CrossStripe,Conceptual,Keyword,global-rrf,0.9306437244154834,0.8,0.6666666666666666,0.6444444444444445,0.6683083844876243,0.20763716496169038,1,2,0.0006333339999999999,58.7088,books-t2013-a=5 | books-t2013-b=5
q085,a trial that divides a town,Torso,CrossStripe,Conceptual,Keyword,minmax-norm,0.933464515472734,0.8,0.6666666666666666,0.7777777777777778,0.6990668901974804,0.2063812138366537,1,2,0.0006333339999999999,58.7362,books-t2013-a=5 | books-t2013-b=5
q085,a trial that divides a town,Torso,CrossStripe,Conceptual,Keyword,zscore-norm,0.9847019386636495,0.8,0.6666666666666666,0.6444444444444445,0.7688264319083092,0.17282459820832227,1,2,0.0006333339999999999,58.732299999999995,books-t2013-a=5 | books-t2013-b=5
q085,a trial that divides a town,Torso,CrossStripe,Conceptual,Keyword,idf-correct-probe,0.9160830910999506,1,1,0.5111111111111111,0.6582133207328066,0.1930392491042069,1,6,0.0007000019999999999,229.4451,books-t2013-a=7 | books-t2013-b=3
q085,a trial that divides a town,Torso,CrossStripe,Conceptual,Keyword,idf-correct-sidecar,0.8679241414616984,0.8,0.6666666666666666,0.7333333333333333,0.5943428757352385,0.2254900087890386,1,2,0.0006333339999999999,58.74079999999999,books-t2013-a=9 | books-t2013-b=1
q086,forbidden love across a social divide,Torso,CrossStripe,Conceptual,Keyword,single-index,1,1,1,1,1,0.27705943918221815,0.9,1,0.000416667,66.0229,books-oracle2=10
q086,forbidden love across a social divide,Torso,CrossStripe,Conceptual,Keyword,naive-score,0.9998146430679209,1,1,0.9111111111111111,0.8466976634509897,0.2748022089632719,0.9,2,0.00075,56.3775,books-t2013-a=10
q086,forbidden love across a social divide,Torso,CrossStripe,Conceptual,Keyword,interleave,0.8438549496393907,0.5,0.3333333333333333,0.35714285714285715,0.5288633626514102,0.18741122861980103,0.6,2,0.00075,56.3638,books-t2013-a=5 | books-t2013-b=5
q086,forbidden love across a social divide,Torso,CrossStripe,Conceptual,Keyword,quota-merge,0.9651161250590032,0.9,0.8181818181818182,0.6,0.7198326093395258,0.33457892166408915,0.9,2,0.00075,56.3546,books-t2013-a=9 | books-t2013-b=1
q086,forbidden love across a social divide,Torso,CrossStripe,Conceptual,Keyword,global-rrf,0.8389151586548943,0.5,0.3333333333333333,0.35714285714285715,0.516424271083974,0.18703502358330995,0.6,2,0.00075,56.3717,books-t2013-a=5 | books-t2013-b=5
q086,forbidden love across a social divide,Torso,CrossStripe,Conceptual,Keyword,minmax-norm,0.7713520705954933,0.4,0.25,0.14285714285714285,0.4334366267892222,0.18485537804338292,0.6,2,0.00075,56.4331,books-t2013-a=4 | books-t2013-b=6
q086,forbidden love across a social divide,Torso,CrossStripe,Conceptual,Keyword,zscore-norm,0.7859730170743355,0.4,0.25,0.3333333333333333,0.47257736363408387,0.18485537804338292,0.6,2,0.00075,56.3956,books-t2013-a=4 | books-t2013-b=6
q086,forbidden love across a social divide,Torso,CrossStripe,Conceptual,Keyword,idf-correct-probe,0.9998146430679209,1,1,0.9111111111111111,0.8466976634509897,0.2748022089632719,0.9,6,0.000816668,226.0936,books-t2013-a=10
q086,forbidden love across a social divide,Torso,CrossStripe,Conceptual,Keyword,idf-correct-sidecar,0.9962470298955416,0.9,0.8181818181818182,0.9555555555555556,0.8396171632537086,0.2748022089632719,0.9,2,0.00075,56.4211,books-t2013-a=9 | books-t2013-b=1
q087,an old man looking back on his life,Torso,CrossStripe,Conceptual,Keyword,single-index,1,1,1,1,1,0.06698743049663076,1,1,0.000433333,66.528,books-oracle2=10
q087,an old man looking back on his life,Torso,CrossStripe,Conceptual,Keyword,naive-score,0.9916192704209554,0.9,0.8181818181818182,0.8222222222222222,0.7867007311444675,0.06056406464911891,1,2,0.000583333,56.6904,books-t2013-a=9 | books-t2013-b=1
q087,an old man looking back on his life,Torso,CrossStripe,Conceptual,Keyword,interleave,0.9312890090505256,0.6,0.42857142857142855,0.6888888888888889,0.6263984398374333,0.045250036558164036,0.6,2,0.000583333,56.6652,books-t2013-a=5 | books-t2013-b=5
q087,an old man looking back on his life,Torso,CrossStripe,Conceptual,Keyword,quota-merge,0.9919561987485912,0.9,0.8181818181818182,0.9555555555555556,0.8100093585706132,0.057555864370556875,1,2,0.000583333,56.655899999999995,books-t2013-a=9 | books-t2013-b=1
q087,an old man looking back on his life,Torso,CrossStripe,Conceptual,Keyword,global-rrf,0.9277139207880445,0.6,0.42857142857142855,0.6,0.6084007146073543,0.044250135614214696,0.6,2,0.000583333,56.6716,books-t2013-a=5 | books-t2013-b=5
q087,an old man looking back on his life,Torso,CrossStripe,Conceptual,Keyword,minmax-norm,0.8502602536048361,0.5,0.3333333333333333,0.2777777777777778,0.47954798314203306,0.04292080129558282,0.5,2,0.000583333,56.6988,books-t2013-a=4 | books-t2013-b=6
q087,an old man looking back on his life,Torso,CrossStripe,Conceptual,Keyword,zscore-norm,0.9045696029652057,0.6,0.42857142857142855,0.37777777777777777,0.5394079156951226,0.04350381075974459,0.6,2,0.000583333,56.695699999999995,books-t2013-a=5 | books-t2013-b=5
q087,an old man looking back on his life,Torso,CrossStripe,Conceptual,Keyword,idf-correct-probe,0.99690103043811,0.9,0.8181818181818182,0.9555555555555556,0.8281026071063363,0.059817739794648814,1,10,0.000716669,404.09270000000004,books-t2013-a=9 | books-t2013-b=1
q087,an old man looking back on his life,Torso,CrossStripe,Conceptual,Keyword,idf-correct-sidecar,0.9916192704209554,0.9,0.8181818181818182,0.8222222222222222,0.7867007311444675,0.06056406464911891,1,2,0.000583333,56.7084,books-t2013-a=9 | books-t2013-b=1
q088,letters and diaries as a way of telling a story,Tail,CrossStripe,Conceptual,Keyword,single-index,1,1,1,1,1,0.9603250160361273,1,1,0.0004,68.5762,books-oracle2=10
q088,letters and diaries as a way of telling a story,Tail,CrossStripe,Conceptual,Keyword,naive-score,0.9977351820324306,0.9,0.8181818181818182,0.9555555555555556,0.8460465710117238,0.8985196555413975,1,2,0.000716667,56.6787,books-t2013-a=10
q088,letters and diaries as a way of telling a story,Tail,CrossStripe,Conceptual,Keyword,interleave,0.8160401169912943,0.6,0.42857142857142855,0.3333333333333333,0.5313166941813486,0.6937613565160449,0.6,2,0.000716667,56.6646,books-t2013-a=5 | books-t2013-b=5
q088,letters and diaries as a way of telling a story,Tail,CrossStripe,Conceptual,Keyword,quota-merge,0.9712976273516425,1,1,0.6,0.726913109536807,0.9636452638863133,1,2,0.000716667,56.655,books-t2013-a=9 | books-t2013-b=1
q088,letters and diaries as a way of telling a story,Tail,CrossStripe,Conceptual,Keyword,global-rrf,0.8098984640872436,0.6,0.42857142857142855,0.3333333333333333,0.5181267159988064,0.6870165078530991,0.6,2,0.000716667,56.6728,books-t2013-a=5 | books-t2013-b=5
q088,letters and diaries as a way of telling a story,Tail,CrossStripe,Conceptual,Keyword,minmax-norm,0.8595493323138996,0.7,0.5384615384615384,0.35714285714285715,0.5616647571569741,0.7605591431973848,0.7,2,0.000716667,56.746,books-t2013-a=6 | books-t2013-b=4
q088,letters and diaries as a way of telling a story,Tail,CrossStripe,Conceptual,Keyword,zscore-norm,0.749058044004607,0.7,0.5384615384615384,0.2857142857142857,0.44750568140696867,0.7534494445524138,0.7,2,0.000716667,56.6973,books-t2013-a=6 | books-t2013-b=4
q088,letters and diaries as a way of telling a story,Tail,CrossStripe,Conceptual,Keyword,idf-correct-probe,0.9977351820324306,0.9,0.8181818181818182,0.9555555555555556,0.8460465710117238,0.8985196555413975,1,10,0.000850003,403.5748,books-t2013-a=10
q088,letters and diaries as a way of telling a story,Tail,CrossStripe,Conceptual,Keyword,idf-correct-sidecar,0.9977351820324306,0.9,0.8181818181818182,0.9555555555555556,0.8460465710117238,0.8985196555413975,1,2,0.000716667,56.714,books-t2013-a=10
q089,the price of ambition,Torso,CrossStripe,Conceptual,Keyword,single-index,1,1,1,1,1,0.15090505422145187,1,1,0.00035,65.0049,books-oracle2=10
q089,the price of ambition,Torso,CrossStripe,Conceptual,Keyword,naive-score,0.9939709119431087,0.8,0.6666666666666666,0.8222222222222222,0.8188957734788256,0.1687980062979679,1,2,0.0006000000000000001,54.8945,books-t2013-a=10
q089,the price of ambition,Torso,CrossStripe,Conceptual,Keyword,interleave,0.6350432020032928,0.5,0.3333333333333333,0.8,0.4056938250756522,0.11704872648833269,0.5,2,0.0006000000000000001,54.8782,books-t2013-a=5 | books-t2013-b=5
q089,the price of ambition,Torso,CrossStripe,Conceptual,Keyword,quota-merge,0.7223760290785136,0.7,0.5384615384615384,0.8333333333333334,0.5754567297396374,0.15096873920870502,0.9,2,0.0006000000000000001,54.8686,books-t2013-a=9 | books-t2013-b=1
q089,the price of ambition,Torso,CrossStripe,Conceptual,Keyword,global-rrf,0.5077821307007323,0.5,0.3333333333333333,0.8,0.3653639740895249,0.11183413063982521,0.5,2,0.0006000000000000001,54.8869,books-t2013-a=5 | books-t2013-b=5
q089,the price of ambition,Torso,CrossStripe,Conceptual,Keyword,minmax-norm,0.3870782919635974,0.5,0.3333333333333333,1,0.18410710812613776,0.10286553403354477,0.5,2,0.0006000000000000001,54.9095,books-t2013-a=5 | books-t2013-b=5
q089,the price of ambition,Torso,CrossStripe,Conceptual,Keyword,zscore-norm,0.7203803226401408,0.5,0.3333333333333333,1,0.5022824121194399,0.10286553403354477,0.5,2,0.0006000000000000001,54.9059,books-t2013-a=5 | books-t2013-b=5
q089,the price of ambition,Torso,CrossStripe,Conceptual,Keyword,idf-correct-probe,0.9939709119431087,0.8,0.6666666666666666,0.8222222222222222,0.8188957734788256,0.1687980062979679,1,6,0.000666668,226.15300000000002,books-t2013-a=10
q089,the price of ambition,Torso,CrossStripe,Conceptual,Keyword,idf-correct-sidecar,0.9939709119431087,0.8,0.6666666666666666,0.8222222222222222,0.8188957734788256,0.1687980062979679,1,2,0.0006000000000000001,54.9179,books-t2013-a=10
q090,a con artist whose scheme goes wrong,Tail,CrossStripe,Conceptual,Keyword,single-index,1,1,1,1,1,0.3740924291935998,1,1,0.000383333,66.8189,books-oracle2=10
q090,a con artist whose scheme goes wrong,Tail,CrossStripe,Conceptual,Keyword,naive-score,1,1,1,1,0.8591367550184259,0.3740924291935998,1,2,0.000666666,55.8761,books-t2013-a=9 | books-t2013-b=1
q090,a con artist whose scheme goes wrong,Tail,CrossStripe,Conceptual,Keyword,interleave,0.9487739289856929,0.6,0.42857142857142855,0.6444444444444445,0.6898555301345075,0.3176062760482053,0.8,2,0.000666666,55.8568,books-t2013-a=5 | books-t2013-b=5
q090,a con artist whose scheme goes wrong,Tail,CrossStripe,Conceptual,Keyword,quota-merge,1,1,1,1,0.8591367550184259,0.3740924291935998,1,2,0.000666666,55.8465,books-t2013-a=9 | books-t2013-b=1
q090,a con artist whose scheme goes wrong,Tail,CrossStripe,Conceptual,Keyword,global-rrf,0.9415443425935794,0.6,0.42857142857142855,0.6,0.6627156573309225,0.3176062760482053,0.8,2,0.000666666,55.864,books-t2013-a=5 | books-t2013-b=5
q090,a con artist whose scheme goes wrong,Tail,CrossStripe,Conceptual,Keyword,minmax-norm,0.9928924166331462,0.9,0.8181818181818182,0.8666666666666667,0.8241435236252717,0.41124059801088814,1,2,0.000666666,55.8914,books-t2013-a=8 | books-t2013-b=2
q090,a con artist whose scheme goes wrong,Tail,CrossStripe,Conceptual,Keyword,zscore-norm,0.9072804248128753,0.7,0.5384615384615384,0.5555555555555556,0.6098519192989736,0.28669212013937084,0.9,2,0.000666666,55.8864,books-t2013-a=6 | books-t2013-b=4
q090,a con artist whose scheme goes wrong,Tail,CrossStripe,Conceptual,Keyword,idf-correct-probe,1,1,1,1,0.8591367550184259,0.3740924291935998,1,14,0.0008666699999999999,574.4423,books-t2013-a=9 | books-t2013-b=1
q090,a con artist whose scheme goes wrong,Tail,CrossStripe,Conceptual,Keyword,idf-correct-sidecar,1,1,1,1,0.8591367550184259,0.3740924291935998,1,2,0.000666666,55.9082,books-t2013-a=9 | books-t2013-b=1
q091,prison,Head,CrossStripe,Lexical,Keyword,single-index,1,1,1,1,1,0.7658051380782571,1,1,0.000283333,64.1183,books-oracle2=10
q091,prison,Head,CrossStripe,Lexical,Keyword,naive-score,0.998827255748741,0.9,0.8181818181818182,1,0.8552424799099213,0.7658051380782571,1,2,0.000266667,53.4206,books-t2013-a=10
q091,prison,Head,CrossStripe,Lexical,Keyword,interleave,0.8306427318570192,0.5,0.3333333333333333,0.2857142857142857,0.518835014405063,0.6376743409635836,0.8,2,0.000266667,53.4084,books-t2013-a=5 | books-t2013-b=5
q091,prison,Head,CrossStripe,Lexical,Keyword,quota-merge,0.8528592864315833,0.9,0.8181818181818182,0.5555555555555556,0.6145021365636003,0.8004060326313635,1,2,0.000266667,53.3983,books-t2013-a=9 | books-t2013-b=1
q091,prison,Head,CrossStripe,Lexical,Keyword,global-rrf,0.7187214082600084,0.5,0.3333333333333333,0.21428571428571427,0.41350921993684125,0.6350409057081462,0.8,2,0.000266667,53.416,books-t2013-a=5 | books-t2013-b=5
q091,prison,Head,CrossStripe,Lexical,Keyword,minmax-norm,0.6078696994365304,0.3,0.17647058823529413,0.2,0.32330122440812603,0.5048010440727801,0.6,2,0.000266667,53.442,books-t2013-a=3 | books-t2013-b=7
q091,prison,Head,CrossStripe,Lexical,Keyword,zscore-norm,0.7376138600275923,0.3,0.17647058823529413,0.4666666666666667,0.469052393168119,0.4883344379444862,0.6,2,0.000266667,53.4366,books-t2013-a=3 | books-t2013-b=7
q091,prison,Head,CrossStripe,Lexical,Keyword,idf-correct-probe,0.998827255748741,0.9,0.8181818181818182,1,0.8552424799099213,0.7658051380782571,1,4,0.000300001,137.0617,books-t2013-a=10
q091,prison,Head,CrossStripe,Lexical,Keyword,idf-correct-sidecar,0.998827255748741,0.9,0.8181818181818182,1,0.8552424799099213,0.7658051380782571,1,2,0.000266667,53.445899999999995,books-t2013-a=10
q092,language and the way words shape thought,Tail,CrossStripe,Conceptual,Keyword,single-index,1,1,1,1,1,0.39848481749019854,1,1,0.0004,66.9127,books-oracle2=10
q092,language and the way words shape thought,Tail,CrossStripe,Conceptual,Keyword,naive-score,0.9954891305568037,0.9,0.8181818181818182,0.9555555555555556,0.8444250490529637,0.4116968421373865,1,2,0.0007,56.679100000000005,books-t2013-a=9 | books-t2013-b=1
q092,language and the way words shape thought,Tail,CrossStripe,Conceptual,Keyword,interleave,0.889310620656376,0.7,0.5384615384615384,0.3888888888888889,0.5709165965761529,0.3845867670950342,0.8,2,0.0007,56.6646,books-t2013-a=5 | books-t2013-b=5
q092,language and the way words shape thought,Tail,CrossStripe,Conceptual,Keyword,quota-merge,0.9686482630047221,0.9,0.8181818181818182,0.7333333333333333,0.7230188344283023,0.4184747082483526,1,2,0.0007,56.6557,books-t2013-a=9 | books-t2013-b=1
q092,language and the way words shape thought,Tail,CrossStripe,Conceptual,Keyword,global-rrf,0.8836217348265047,0.7,0.5384615384615384,0.3333333333333333,0.5529188713460739,0.38308342275522295,0.8,2,0.0007,56.674200000000006,books-t2013-a=5 | books-t2013-b=5
q092,language and the way words shape thought,Tail,CrossStripe,Conceptual,Keyword,minmax-norm,0.7619941804503546,0.5,0.3333333333333333,0.3333333333333333,0.43031220581945895,0.3345102985661338,0.6,2,0.0007,56.703300000000006,books-t2013-a=3 | books-t2013-b=7
q092,language and the way words shape thought,Tail,CrossStripe,Conceptual,Keyword,zscore-norm,0.796944301599084,0.5,0.3333333333333333,0.5238095238095238,0.5211339753392091,0.32902681289615443,0.6,2,0.0007,56.697900000000004,books-t2013-a=3 | books-t2013-b=7
q092,language and the way words shape thought,Tail,CrossStripe,Conceptual,Keyword,idf-correct-probe,0.9918155911790687,0.8,0.6666666666666666,1,0.8325368018081459,0.4116968421373865,1,10,0.000833336,400.88079999999997,books-t2013-a=10
q092,language and the way words shape thought,Tail,CrossStripe,Conceptual,Keyword,idf-correct-sidecar,0.9918155911790687,0.8,0.6666666666666666,1,0.8325368018081459,0.4116968421373865,1,2,0.0007,56.709700000000005,books-t2013-a=10
q093,a house that holds a family's history,Torso,CrossStripe,Conceptual,Keyword,single-index,1,1,1,1,1,0.6374258790526239,1,1,0.000416667,66.7718,books-oracle2=10
q093,a house that holds a family's history,Torso,CrossStripe,Conceptual,Keyword,naive-score,0.9848067378492513,0.9,0.8181818181818182,0.7333333333333333,0.7474306330651687,0.5189470036073189,1,2,0.00075,56.2667,books-t2013-a=7 | books-t2013-b=3
q093,a house that holds a family's history,Torso,CrossStripe,Conceptual,Keyword,interleave,0.9937335416397134,0.9,0.8181818181818182,0.8666666666666667,0.7992826339598774,0.6120526257565466,0.9,2,0.00075,56.2531,books-t2013-a=5 | books-t2013-b=5
q093,a house that holds a family's history,Torso,CrossStripe,Conceptual,Keyword,quota-merge,0.9355308209066063,0.7,0.5384615384615384,1,0.6874734932312946,0.380582401756779,1,2,0.00075,56.2434,books-t2013-a=9 | books-t2013-b=1
q093,a house that holds a family's history,Torso,CrossStripe,Conceptual,Keyword,global-rrf,0.993893812697803,0.9,0.8181818181818182,0.8666666666666667,0.8076648650948832,0.6187974744194924,0.9,2,0.00075,56.2614,books-t2013-a=5 | books-t2013-b=5
q093,a house that holds a family's history,Torso,CrossStripe,Conceptual,Keyword,minmax-norm,0.9722675068415852,0.7,0.5384615384615384,0.5555555555555556,0.7184809387562131,0.6594121356317552,0.8,2,0.00075,56.2907,books-t2013-a=3 | books-t2013-b=7
q093,a house that holds a family's history,Torso,CrossStripe,Conceptual,Keyword,zscore-norm,0.9880104049154839,0.8,0.6666666666666666,0.6888888888888889,0.7728762951841196,0.6674851484251809,0.9,2,0.00075,56.2862,books-t2013-a=4 | books-t2013-b=6
q093,a house that holds a family's history,Torso,CrossStripe,Conceptual,Keyword,idf-correct-probe,0.9393924669769098,0.9,0.8181818181818182,0.8222222222222222,0.7053239060833504,0.6588503213228147,0.9,4,0.000783334,147.4717,books-t2013-a=5 | books-t2013-b=5
q093,a house that holds a family's history,Torso,CrossStripe,Conceptual,Keyword,idf-correct-sidecar,0.9939889817582875,0.9,0.8181818181818182,0.8666666666666667,0.8058419535040356,0.6588503213228147,0.9,2,0.00075,56.2988,books-t2013-a=5 | books-t2013-b=5
q094,surveillance and the loss of privacy,Torso,CrossStripe,Mixed,Keyword,single-index,1,1,1,1,1,0.4821116833040389,1,1,0.00035,94.1591,books-oracle2=10
q094,surveillance and the loss of privacy,Torso,CrossStripe,Mixed,Keyword,naive-score,0.9757869463014865,0.8,0.6666666666666666,0.7333333333333333,0.788181967139477,0.5483466497624827,1,2,0.000616667,54.604899999999994,books-t2013-a=9 | books-t2013-b=1
q094,surveillance and the loss of privacy,Torso,CrossStripe,Mixed,Keyword,interleave,0.8945340165950398,0.6,0.42857142857142855,0.7777777777777778,0.6214732060550286,0.24202091746935028,0.8,2,0.000616667,54.590799999999994,books-t2013-a=5 | books-t2013-b=5
q094,surveillance and the loss of privacy,Torso,CrossStripe,Mixed,Keyword,quota-merge,0.926577786540025,0.8,0.6666666666666666,0.6888888888888889,0.687663919718792,0.5034720634516437,1,2,0.000616667,54.581599999999995,books-t2013-a=9 | books-t2013-b=1
q094,surveillance and the loss of privacy,Torso,CrossStripe,Mixed,Keyword,global-rrf,0.8905677136001419,0.6,0.42857142857142855,0.6888888888888889,0.6006518833525869,0.24202091746935028,0.8,2,0.000616667,54.5984,books-t2013-a=5 | books-t2013-b=5
q094,surveillance and the loss of privacy,Torso,CrossStripe,Mixed,Keyword,minmax-norm,0.9226158943352459,0.7,0.5384615384615384,0.6888888888888889,0.6727244348298004,0.3743537351937485,1,2,0.000616667,54.6237,books-t2013-a=7 | books-t2013-b=3
q094,surveillance and the loss of privacy,Torso,CrossStripe,Mixed,Keyword,zscore-norm,0.9169993160499142,0.5,0.3333333333333333,0.7777777777777778,0.6600896188462417,0.2842620685247519,0.7,2,0.000616667,54.6194,books-t2013-a=3 | books-t2013-b=7
q094,surveillance and the loss of privacy,Torso,CrossStripe,Mixed,Keyword,idf-correct-probe,0.9897660493534741,0.8,0.6666666666666666,0.7777777777777778,0.8057057952962835,0.5175028696087334,1,8,0.000716669,311.161,books-t2013-a=8 | books-t2013-b=2
q094,surveillance and the loss of privacy,Torso,CrossStripe,Mixed,Keyword,idf-correct-sidecar,0.9897660493534741,0.8,0.6666666666666666,0.7777777777777778,0.8057057952962835,0.5175028696087334,1,2,0.000616667,54.6408,books-t2013-a=8 | books-t2013-b=2
q095,sisters,Head,CrossStripe,Lexical,Keyword,single-index,1,1,1,1,1,0.8964467476188773,1,1,0.000316667,65.2321,books-oracle2=10
q095,sisters,Head,CrossStripe,Lexical,Keyword,naive-score,0.9723075965528998,1,1,0.6444444444444445,0.7377305403937645,0.8693202211871361,1,2,0.000433334,55.2737,books-t2013-a=9 | books-t2013-b=1
q095,sisters,Head,CrossStripe,Lexical,Keyword,interleave,0.9509759327252107,0.6,0.42857142857142855,0.6444444444444445,0.6757903216606547,0.7267696584754455,0.8,2,0.000433334,55.259499999999996,books-t2013-a=5 | books-t2013-b=5
q095,sisters,Head,CrossStripe,Lexical,Keyword,quota-merge,0.9435336194375469,1,1,0.7777777777777778,0.7146702237053427,0.8808932742807342,1,2,0.000433334,55.25,books-t2013-a=9 | books-t2013-b=1
q095,sisters,Head,CrossStripe,Lexical,Keyword,global-rrf,0.8895984530003248,0.6,0.42857142857142855,0.5555555555555556,0.548132401436385,0.7267696584754455,0.8,2,0.000433334,55.2671,books-t2013-a=5 | books-t2013-b=5
q095,sisters,Head,CrossStripe,Lexical,Keyword,minmax-norm,0.8997360373853865,0.7,0.5384615384615384,0.28888888888888886,0.5528571583026931,0.7857385541004837,0.9,2,0.000433334,55.294599999999996,books-t2013-a=6 | books-t2013-b=4
q095,sisters,Head,CrossStripe,Lexical,Keyword,zscore-norm,0.8716669971259262,0.6,0.42857142857142855,0.15555555555555556,0.47075792194085286,0.6956989679742797,0.8,2,0.000433334,55.291599999999995,books-t2013-a=5 | books-t2013-b=5
q095,sisters,Head,CrossStripe,Lexical,Keyword,idf-correct-probe,0.991444434150854,1,1,0.8666666666666667,0.7823942413541555,0.8823980944266984,1,4,0.000466668,140.9236,books-t2013-a=9 | books-t2013-b=1
q095,sisters,Head,CrossStripe,Lexical,Keyword,idf-correct-sidecar,0.9983154911510037,1,1,0.9111111111111111,0.8276273626934639,0.8823980944266984,1,2,0.000433334,55.295899999999996,books-t2013-a=9 | books-t2013-b=1
q096,a mentor who turns out to be wrong about everything,Tail,CrossStripe,Conceptual,Keyword,single-index,1,1,1,1,1,0,1,1,0.000416667,68.317,books-oracle2=10
q096,a mentor who turns out to be wrong about everything,Tail,CrossStripe,Conceptual,Keyword,naive-score,0.9829856324570214,0.9,0.8181818181818182,0.9111111111111111,0.7816680995568492,0.028551079005788658,1,2,0.000766666,57.3159,books-t2013-a=9 | books-t2013-b=1
q096,a mentor who turns out to be wrong about everything,Tail,CrossStripe,Conceptual,Keyword,interleave,0.8737213970611196,0.7,0.5384615384615384,0.21428571428571427,0.5938045915296785,0.033784339394878966,0.8,2,0.000766666,57.3013,books-t2013-a=5 | books-t2013-b=5
q096,a mentor who turns out to be wrong about everything,Tail,CrossStripe,Conceptual,Keyword,quota-merge,0.8562477150726372,0.9,0.8181818181818182,0.6,0.6225007870076174,0.028551079005788658,1,2,0.000766666,57.2927,books-t2013-a=9 | books-t2013-b=1
q096,a mentor who turns out to be wrong about everything,Tail,CrossStripe,Conceptual,Keyword,global-rrf,0.7635597506435561,0.7,0.5384615384615384,0.07142857142857142,0.4752888188789146,0.03669091194252072,0.8,2,0.000766666,57.3089,books-t2013-a=5 | books-t2013-b=5
q096,a mentor who turns out to be wrong about everything,Tail,CrossStripe,Conceptual,Keyword,minmax-norm,0.8645161112868993,0.9,0.8181818181818182,0.5555555555555556,0.627308534055154,0.027416246928458808,1,2,0.000766666,57.362,books-t2013-a=8 | books-t2013-b=2
q096,a mentor who turns out to be wrong about everything,Tail,CrossStripe,Conceptual,Keyword,zscore-norm,0.7768266727205646,0.8,0.6666666666666666,0.16666666666666666,0.465961843626169,0.03161487716289269,0.9,2,0.000766666,57.335,books-t2013-a=6 | books-t2013-b=4
q096,a mentor who turns out to be wrong about everything,Tail,CrossStripe,Conceptual,Keyword,idf-correct-probe,0.9815318971991674,0.9,0.8181818181818182,0.7777777777777778,0.768478121374307,0.028551079005788658,1,8,0.000866668,343.6041,books-t2013-a=9 | books-t2013-b=1
q096,a mentor who turns out to be wrong about everything,Tail,CrossStripe,Conceptual,Keyword,idf-correct-sidecar,0.9815318971991674,0.9,0.8181818181818182,0.7777777777777778,0.768478121374307,0.028551079005788658,1,2,0.000766666,57.3508,books-t2013-a=9 | books-t2013-b=1
q097,winter cold and isolation in a remote place,Torso,CrossStripe,Conceptual,Keyword,single-index,1,1,1,1,1,0.7026971674032417,1,1,0.000366667,66.7244,books-oracle2=10
q097,winter cold and isolation in a remote place,Torso,CrossStripe,Conceptual,Keyword,naive-score,0.9973977800819311,1,1,0.6888888888888889,0.8176055178221199,0.6885646109203669,1,2,0.00046666700000000004,56.201100000000004,books-t2013-a=9 | books-t2013-b=1
q097,winter cold and isolation in a remote place,Torso,CrossStripe,Conceptual,Keyword,interleave,0.9309186192628894,0.6,0.42857142857142855,0.5555555555555556,0.5978136528730312,0.602967055085307,0.9,2,0.00046666700000000004,56.1873,books-t2013-a=5 | books-t2013-b=5
q097,winter cold and isolation in a remote place,Torso,CrossStripe,Conceptual,Keyword,quota-merge,0.8923644888625438,1,1,0.7333333333333333,0.6571088684554703,0.7190620232057505,1,2,0.00046666700000000004,56.1799,books-t2013-a=9 | books-t2013-b=1
q097,winter cold and isolation in a remote place,Torso,CrossStripe,Conceptual,Keyword,global-rrf,0.8359131582434818,0.6,0.42857142857142855,0.4222222222222222,0.4792978802222674,0.6083721489027694,0.9,2,0.00046666700000000004,56.2034,books-t2013-a=5 | books-t2013-b=5
q097,winter cold and isolation in a remote place,Torso,CrossStripe,Conceptual,Keyword,minmax-norm,0.734629983187467,0.4,0.25,0.3888888888888889,0.3360744943034527,0.6335645206798751,0.8,2,0.00046666700000000004,56.2325,books-t2013-a=3 | books-t2013-b=7
q097,winter cold and isolation in a remote place,Torso,CrossStripe,Conceptual,Keyword,zscore-norm,0.8787183689601197,0.5,0.3333333333333333,0.37777777777777777,0.4733700124577786,0.5799704358547765,0.8,2,0.00046666700000000004,56.2308,books-t2013-a=4 | books-t2013-b=6
q097,winter cold and isolation in a remote place,Torso,CrossStripe,Conceptual,Keyword,idf-correct-probe,0.9973977800819311,1,1,0.6888888888888889,0.8176055178221199,0.6885646109203669,1,8,0.000566669,336.0887,books-t2013-a=9 | books-t2013-b=1
q097,winter cold and isolation in a remote place,Torso,CrossStripe,Conceptual,Keyword,idf-correct-sidecar,0.9848950966387519,0.9,0.8181818181818182,0.9111111111111111,0.8137112427136154,0.6340325067498369,1,2,0.00046666700000000004,56.2327,books-t2013-a=10
q098,money and what people will do for it,Torso,CrossStripe,Conceptual,Keyword,single-index,1,1,1,1,1,0.16866917491253652,0.9,1,0.0004,66.5731,books-oracle2=10
q098,money and what people will do for it,Torso,CrossStripe,Conceptual,Keyword,naive-score,0.9956627933872488,0.9,0.8181818181818182,0.7777777777777778,0.8153327646723755,0.17531465881388103,0.9,2,0.0007,56.5637,books-t2013-a=9 | books-t2013-b=1
q098,money and what people will do for it,Torso,CrossStripe,Conceptual,Keyword,interleave,0.9454850228169379,0.7,0.5384615384615384,0.6,0.6272742665241586,0.10189155896480111,0.7,2,0.0007,56.5276,books-t2013-a=5 | books-t2013-b=5
q098,money and what people will do for it,Torso,CrossStripe,Conceptual,Keyword,quota-merge,0.9808863884233705,0.9,0.8181818181818182,0.8222222222222222,0.751471362898925,0.16362923167306812,0.9,2,0.0007,56.5191,books-t2013-a=9 | books-t2013-b=1
q098,money and what people will do for it,Torso,CrossStripe,Conceptual,Keyword,global-rrf,0.9340490144479954,0.7,0.5384615384615384,0.4666666666666667,0.5876953021531377,0.10247106950264459,0.7,2,0.0007,56.5355,books-t2013-a=5 | books-t2013-b=5
q098,money and what people will do for it,Torso,CrossStripe,Conceptual,Keyword,minmax-norm,0.921541945326554,0.6,0.42857142857142855,0.5555555555555556,0.5622909354558284,0.07047714197894184,0.6,2,0.0007,56.5634,books-t2013-a=4 | books-t2013-b=6
q098,money and what people will do for it,Torso,CrossStripe,Conceptual,Keyword,zscore-norm,0.9266830925246797,0.6,0.42857142857142855,0.6444444444444445,0.5853733972752775,0.06705296658798834,0.6,2,0.0007,56.558099999999996,books-t2013-a=4 | books-t2013-b=6
q098,money and what people will do for it,Torso,CrossStripe,Conceptual,Keyword,idf-correct-probe,0.997844094664838,1,1,0.7777777777777778,0.8224132648696566,0.17531465881388103,0.9,6,0.000766668,228.4527,books-t2013-a=8 | books-t2013-b=2
q098,money and what people will do for it,Torso,CrossStripe,Conceptual,Keyword,idf-correct-sidecar,0.9956627933872488,0.9,0.8181818181818182,0.7777777777777778,0.8153327646723755,0.17531465881388103,0.9,2,0.0007,56.565599999999996,books-t2013-a=9 | books-t2013-b=1
q099,a rebellion against an unjust authority,Torso,CrossStripe,Conceptual,Keyword,single-index,1,1,1,1,1,0.6624795310311161,1,1,0.0004,65.3156,books-oracle2=10
q099,a rebellion against an unjust authority,Torso,CrossStripe,Conceptual,Keyword,naive-score,0.9961342284730043,1,1,0.7333333333333333,0.8040938507272367,0.6842142245449219,1,2,0.000733334,55.4877,books-t2013-a=7 | books-t2013-b=3
q099,a rebellion against an unjust authority,Torso,CrossStripe,Conceptual,Keyword,interleave,0.8929412406620111,0.8,0.6666666666666666,0.4444444444444444,0.6278951214013371,0.6739827499979321,0.8,2,0.000733334,55.4678,books-t2013-a=5 | books-t2013-b=5
q099,a rebellion against an unjust authority,Torso,CrossStripe,Conceptual,Keyword,quota-merge,0.975561677689852,0.8,0.6666666666666666,0.9111111111111111,0.7716790367299395,0.6682014511439786,0.9,2,0.000733334,55.4586,books-t2013-a=9 | books-t2013-b=1
q099,a rebellion against an unjust authority,Torso,CrossStripe,Conceptual,Keyword,global-rrf,0.9430676475186338,0.8,0.6666666666666666,0.5,0.7144632742009793,0.6769200333036869,0.8,2,0.000733334,55.476,books-t2013-a=5 | books-t2013-b=5
q099,a rebellion against an unjust authority,Torso,CrossStripe,Conceptual,Keyword,minmax-norm,0.9966307782600587,1,1,0.7777777777777778,0.8101035345366576,0.6842142245449219,1,2,0.000733334,55.5029,books-t2013-a=7 | books-t2013-b=3
q099,a rebellion against an unjust authority,Torso,CrossStripe,Conceptual,Keyword,zscore-norm,0.9627973300595406,0.9,0.8181818181818182,0.6,0.7043859628848336,0.6895619208509878,0.9,2,0.000733334,55.4995,books-t2013-a=6 | books-t2013-b=4
q099,a rebellion against an unjust authority,Torso,CrossStripe,Conceptual,Keyword,idf-correct-probe,0.9966307782600587,1,1,0.7777777777777778,0.8101035345366576,0.6842142245449219,1,8,0.000833336,313.0044,books-t2013-a=7 | books-t2013-b=3
q099,a rebellion against an unjust authority,Torso,CrossStripe,Conceptual,Keyword,idf-correct-sidecar,0.9966307782600587,1,1,0.7777777777777778,0.8101035345366576,0.6842142245449219,1,2,0.000733334,55.509499999999996,books-t2013-a=7 | books-t2013-b=3
q100,the moment everything changed,Torso,CrossStripe,Conceptual,Keyword,single-index,1,1,1,1,1,0.7917063341896681,1,1,0.00035,65.0675,books-oracle2=10
q100,the moment everything changed,Torso,CrossStripe,Conceptual,Keyword,naive-score,0.9957448003229692,0.9,0.8181818181818182,0.9111111111111111,0.8201086349700231,0.7917063341896681,1,2,0.0006000000000000001,55.347899999999996,books-t2013-a=9 | books-t2013-b=1
q100,the moment everything changed,Torso,CrossStripe,Conceptual,Keyword,interleave,0.8684491107800116,0.7,0.5384615384615384,0.4444444444444444,0.5639296656963363,0.5684579545875155,0.7,2,0.0006000000000000001,55.3351,books-t2013-a=5 | books-t2013-b=5
q100,the moment everything changed,Torso,CrossStripe,Conceptual,Keyword,quota-merge,0.9407718560178985,0.9,0.8181818181818182,0.8222222222222222,0.7064006093667959,0.7104770117651426,1,2,0.0006000000000000001,55.3272,books-t2013-a=9 | books-t2013-b=1
q100,the moment everything changed,Torso,CrossStripe,Conceptual,Keyword,global-rrf,0.863569158039191,0.7,0.5384615384615384,0.3333333333333333,0.5562983211764368,0.5645252544249327,0.7,2,0.0006000000000000001,55.343199999999996,books-t2013-a=5 | books-t2013-b=5
q100,the moment everything changed,Torso,CrossStripe,Conceptual,Keyword,minmax-norm,0.9398522635638198,0.9,0.8181818181818182,0.9111111111111111,0.7195905875493381,0.7104770117651426,1,2,0.0006000000000000001,55.39149999999999,books-t2013-a=8 | books-t2013-b=2
q100,the moment everything changed,Torso,CrossStripe,Conceptual,Keyword,zscore-norm,0.9696202684190388,0.8,0.6666666666666666,0.6888888888888889,0.7306390183918726,0.725452110735279,0.8,2,0.0006000000000000001,55.3653,books-t2013-a=6 | books-t2013-b=4
q100,the moment everything changed,Torso,CrossStripe,Conceptual,Keyword,idf-correct-probe,0.9957448003229692,0.9,0.8181818181818182,0.9111111111111111,0.8201086349700231,0.7917063341896681,1,6,0.000666668,227.39549999999997,books-t2013-a=9 | books-t2013-b=1
q100,the moment everything changed,Torso,CrossStripe,Conceptual,Keyword,idf-correct-sidecar,0.9957448003229692,0.9,0.8181818181818182,0.9111111111111111,0.8201086349700231,0.7917063341896681,1,2,0.0006000000000000001,55.3765,books-t2013-a=9 | books-t2013-b=1
