queryId,query,shape,span,intent,mode,strategy,ndcg,recall,jaccard,kendallTau,rbo,judgedNdcg,judgedCoverage,queries,computeUnits,latencyMs,stripeMix
q001,dragons and ancient magic,Torso,StripeLocal,Lexical,Vector,single-index,1,1,1,1,1,0.7305840133505547,1,1,0.001183333,106.2766,books-oracle2=10
q001,dragons and ancient magic,Torso,StripeLocal,Lexical,Vector,naive-score,1,1,1,1,0.9999999999999998,0.7305840133505547,1,2,0.0008500000000000001,65.8962,books-genre-a=10
q001,dragons and ancient magic,Torso,StripeLocal,Lexical,Vector,interleave,0.7708772732334263,0.5,0.3333333333333333,0.4666666666666667,0.6170673540341023,0.5203038776464316,1,2,0.0008500000000000001,63.7682,books-genre-a=5 | books-genre-b=5
q001,dragons and ancient magic,Torso,StripeLocal,Lexical,Vector,quota-merge,0.7677927707495528,0.5,0.3333333333333333,0.4666666666666667,0.6054110313309511,0.5169329917927893,1,2,0.0008500000000000001,64.6674,books-genre-a=5 | books-genre-b=5
q001,dragons and ancient magic,Torso,StripeLocal,Lexical,Vector,global-rrf,0.7677927707495528,0.5,0.3333333333333333,0.4666666666666667,0.6054110313309511,0.5169329917927893,1,2,0.0008500000000000001,63.6259,books-genre-a=5 | books-genre-b=5
q001,dragons and ancient magic,Torso,StripeLocal,Lexical,Vector,minmax-norm,0.8871935958064424,0.7,0.5384615384615384,0.5714285714285714,0.7728498681535595,0.5974277511794222,1,2,0.0008500000000000001,65.2155,books-genre-a=7 | books-genre-b=3
q001,dragons and ancient magic,Torso,StripeLocal,Lexical,Vector,zscore-norm,0.7223774022098121,0.6,0.42857142857142855,0.42857142857142855,0.5492427684840978,0.456907691911519,1,2,0.0008500000000000001,65.2544,books-genre-a=6 | books-genre-b=4
q001,dragons and ancient magic,Torso,StripeLocal,Lexical,Vector,vector-similarity,1,1,1,1,0.9999999999999998,0.7305840133505547,1,2,0.0008500000000000001,63.7442,books-genre-a=10
q002,a young wizard learning to control his powers at a school of magic,Torso,StripeLocal,Conceptual,Vector,single-index,1,1,1,1,1,0.6018054469565974,1,1,0.000583333,78.5114,books-oracle2=10
q002,a young wizard learning to control his powers at a school of magic,Torso,StripeLocal,Conceptual,Vector,naive-score,1,1,1,1,0.9999999999999998,0.6018054469565974,1,2,0.0006,62.9705,books-genre-a=10
q002,a young wizard learning to control his powers at a school of magic,Torso,StripeLocal,Conceptual,Vector,interleave,0.7600533077905745,0.5,0.3333333333333333,0.4666666666666667,0.6170673540341023,0.28752912794668994,1,2,0.0006,62.9365,books-genre-a=5 | books-genre-b=5
q002,a young wizard learning to control his powers at a school of magic,Torso,StripeLocal,Conceptual,Vector,quota-merge,0.7363806029539606,0.5,0.3333333333333333,0.4666666666666667,0.5554664452507971,0.2846384785197132,1,2,0.0006,62.9216,books-genre-a=5 | books-genre-b=5
q002,a young wizard learning to control his powers at a school of magic,Torso,StripeLocal,Conceptual,Vector,global-rrf,0.7363806029539606,0.5,0.3333333333333333,0.4666666666666667,0.5554664452507971,0.2846384785197132,1,2,0.0006,62.9501,books-genre-a=5 | books-genre-b=5
q002,a young wizard learning to control his powers at a school of magic,Torso,StripeLocal,Conceptual,Vector,minmax-norm,0.7539116548865239,0.5,0.3333333333333333,0.4666666666666667,0.596920623436063,0.2846384785197132,1,2,0.0006,62.9875,books-genre-a=5 | books-genre-b=5
q002,a young wizard learning to control his powers at a school of magic,Torso,StripeLocal,Conceptual,Vector,zscore-norm,0.7464800747228206,0.5,0.3333333333333333,0.4666666666666667,0.5687414633011948,0.2795198438682287,1,2,0.0006,62.981899999999996,books-genre-a=5 | books-genre-b=5
q002,a young wizard learning to control his powers at a school of magic,Torso,StripeLocal,Conceptual,Vector,vector-similarity,1,1,1,1,0.9999999999999998,0.6018054469565974,1,2,0.0006,62.9443,books-genre-a=10
q003,epic fantasy quest to destroy an artifact,Torso,StripeLocal,Mixed,Vector,single-index,1,1,1,1,1,0.4722669331219993,1,1,0.000583333,76.736,books-oracle2=10
q003,epic fantasy quest to destroy an artifact,Torso,StripeLocal,Mixed,Vector,naive-score,1,1,1,1,0.9999999999999998,0.4722669331219993,1,2,0.0006,64.0619,books-genre-a=9 | books-genre-b=1
q003,epic fantasy quest to destroy an artifact,Torso,StripeLocal,Mixed,Vector,interleave,0.8220212200889563,0.6,0.42857142857142855,1,0.8249775596267213,0.39245937894656935,1,2,0.0006,64.0429,books-genre-a=5 | books-genre-b=5
q003,epic fantasy quest to destroy an artifact,Torso,StripeLocal,Mixed,Vector,quota-merge,0.7674247053075786,0.6,0.42857142857142855,0.8666666666666667,0.6714435663479584,0.39245937894656935,1,2,0.0006,64.0226,books-genre-a=5 | books-genre-b=5
q003,epic fantasy quest to destroy an artifact,Torso,StripeLocal,Mixed,Vector,global-rrf,0.7674247053075786,0.6,0.42857142857142855,0.8666666666666667,0.6714435663479584,0.39245937894656935,1,2,0.0006,64.0481,books-genre-a=5 | books-genre-b=5
q003,epic fantasy quest to destroy an artifact,Torso,StripeLocal,Mixed,Vector,minmax-norm,0.9454034852186222,1,1,0.9555555555555556,0.846466006721237,0.4722669331219993,1,2,0.0006,64.0846,books-genre-a=9 | books-genre-b=1
q003,epic fantasy quest to destroy an artifact,Torso,StripeLocal,Mixed,Vector,zscore-norm,0.8281197357796862,0.7,0.5384615384615384,0.9047619047619048,0.768809296779868,0.40109513174593525,1,2,0.0006,64.0832,books-genre-a=6 | books-genre-b=4
q003,epic fantasy quest to destroy an artifact,Torso,StripeLocal,Mixed,Vector,vector-similarity,1,1,1,1,0.9999999999999998,0.4722669331219993,1,2,0.0006,64.03659999999999,books-genre-a=9 | books-genre-b=1
q004,vampires,Head,StripeLocal,Lexical,Vector,single-index,1,1,1,1,1,1,1,1,0.000583333,78.2574,books-oracle2=10
q004,vampires,Head,StripeLocal,Lexical,Vector,naive-score,1,1,1,1,0.9999999999999998,1,1,2,0.0006,62.541900000000005,books-genre-a=10
q004,vampires,Head,StripeLocal,Lexical,Vector,interleave,0.8389314234884864,0.5,0.3333333333333333,0.4444444444444444,0.6170673540341023,0.8661179279017245,1,2,0.0006,62.4653,books-genre-a=5 | books-genre-b=5
q004,vampires,Head,StripeLocal,Lexical,Vector,quota-merge,0.7077341707142856,0.5,0.3333333333333333,0.3333333333333333,0.42207918257007343,0.819701172230567,1,2,0.0006,62.417,books-genre-a=5 | books-genre-b=5
q004,vampires,Head,StripeLocal,Lexical,Vector,global-rrf,0.7077341707142856,0.5,0.3333333333333333,0.3333333333333333,0.42207918257007343,0.819701172230567,1,2,0.0006,62.456700000000005,books-genre-a=5 | books-genre-b=5
q004,vampires,Head,StripeLocal,Lexical,Vector,minmax-norm,0.6249098067358057,0.4,0.25,0.07142857142857142,0.2704568675854584,0.807034760133661,1,2,0.0006,62.4872,books-genre-a=4 | books-genre-b=6
q004,vampires,Head,StripeLocal,Lexical,Vector,zscore-norm,0.8099465086238166,0.5,0.3333333333333333,0.16666666666666666,0.5007185043240618,0.8661179279017245,1,2,0.0006,62.4852,books-genre-a=5 | books-genre-b=5
q004,vampires,Head,StripeLocal,Lexical,Vector,vector-similarity,1,1,1,1,0.9999999999999998,1,1,2,0.0006,62.4226,books-genre-a=10
q005,haunted house that torments the family living in it,Torso,StripeLocal,Conceptual,Vector,single-index,1,1,1,1,1,0.5000862538253009,1,1,0.000583333,76.884,books-oracle2=10
q005,haunted house that torments the family living in it,Torso,StripeLocal,Conceptual,Vector,naive-score,1,1,1,1,0.9999999999999998,0.5000862538253009,1,2,0.0006,64.3787,books-genre-a=8 | books-genre-b=2
q005,haunted house that torments the family living in it,Torso,StripeLocal,Conceptual,Vector,interleave,0.9468109855005902,0.7,0.5384615384615384,0.6,0.6997432189693609,0.49293410101829876,1,2,0.0006,64.3778,books-genre-a=5 | books-genre-b=5
q005,haunted house that torments the family living in it,Torso,StripeLocal,Conceptual,Vector,quota-merge,0.9447080258320627,0.7,0.5384615384615384,0.5111111111111111,0.6807434129632243,0.49253852855780006,1,2,0.0006,64.3387,books-genre-a=5 | books-genre-b=5
q005,haunted house that torments the family living in it,Torso,StripeLocal,Conceptual,Vector,global-rrf,0.9447080258320627,0.7,0.5384615384615384,0.5111111111111111,0.6807434129632243,0.49253852855780006,1,2,0.0006,64.3873,books-genre-a=5 | books-genre-b=5
q005,haunted house that torments the family living in it,Torso,StripeLocal,Conceptual,Vector,minmax-norm,0.9534389611711469,0.7,0.5384615384615384,0.7333333333333333,0.7629815677909841,0.48768102020907284,1,2,0.0006,64.4315,books-genre-a=5 | books-genre-b=5
q005,haunted house that torments the family living in it,Torso,StripeLocal,Conceptual,Vector,zscore-norm,0.8589275871103245,0.7,0.5384615384615384,0.5555555555555556,0.5668473126626673,0.4672885663929571,1,2,0.0006,64.4256,books-genre-a=5 | books-genre-b=5
q005,haunted house that torments the family living in it,Torso,StripeLocal,Conceptual,Vector,vector-similarity,1,1,1,1,0.9999999999999998,0.5000862538253009,1,2,0.0006,64.3582,books-genre-a=8 | books-genre-b=2
q006,generation starship colonists who forget they are on a ship,Tail,StripeLocal,Conceptual,Vector,single-index,1,1,1,1,1,0.5171918186505525,1,1,0.000583333,78.2334,books-oracle2=10
q006,generation starship colonists who forget they are on a ship,Tail,StripeLocal,Conceptual,Vector,naive-score,1,1,1,1,0.9999999999999998,0.5171918186505525,1,2,0.0011,66.5361,books-genre-a=10
q006,generation starship colonists who forget they are on a ship,Tail,StripeLocal,Conceptual,Vector,interleave,0.7540483625675651,0.5,0.3333333333333333,0.4666666666666667,0.6170673540341023,0.4619797146451894,1,2,0.0011,66.526,books-genre-a=5 | books-genre-b=5
q006,generation starship colonists who forget they are on a ship,Tail,StripeLocal,Conceptual,Vector,quota-merge,0.6118497769056722,0.5,0.3333333333333333,0.3333333333333333,0.4104228598669221,0.3060505848919067,1,2,0.0011,66.4924,books-genre-a=5 | books-genre-b=5
q006,generation starship colonists who forget they are on a ship,Tail,StripeLocal,Conceptual,Vector,global-rrf,0.6118497769056722,0.5,0.3333333333333333,0.3333333333333333,0.4104228598669221,0.3060505848919067,1,2,0.0011,66.5327,books-genre-a=5 | books-genre-b=5
q006,generation starship colonists who forget they are on a ship,Tail,StripeLocal,Conceptual,Vector,minmax-norm,0.6211210630934801,0.5,0.3333333333333333,0.3333333333333333,0.44636858464733453,0.31169722116091036,1,2,0.0011,66.5762,books-genre-a=5 | books-genre-b=5
q006,generation starship colonists who forget they are on a ship,Tail,StripeLocal,Conceptual,Vector,zscore-norm,0.6211210630934801,0.5,0.3333333333333333,0.3333333333333333,0.44636858464733453,0.31169722116091036,1,2,0.0011,66.5841,books-genre-a=5 | books-genre-b=5
q006,generation starship colonists who forget they are on a ship,Tail,StripeLocal,Conceptual,Vector,vector-similarity,1,1,1,1,0.9999999999999998,0.5171918186505525,1,2,0.0011,66.5008,books-genre-a=10
q007,artificial intelligence becomes self aware,Torso,StripeLocal,Mixed,Vector,single-index,1,1,1,1,1,0.42817414158824135,1,1,0.000583333,83.7678,books-oracle2=10
q007,artificial intelligence becomes self aware,Torso,StripeLocal,Mixed,Vector,naive-score,1,1,1,1,0.9999999999999998,0.42817414158824135,1,2,0.0006,63.3587,books-genre-a=7 | books-genre-b=3
q007,artificial intelligence becomes self aware,Torso,StripeLocal,Mixed,Vector,interleave,0.9774328337717695,0.8,0.6666666666666666,0.7333333333333333,0.8442174858805428,0.3772940551055174,1,2,0.0006,63.333,books-genre-a=5 | books-genre-b=5
q007,artificial intelligence becomes self aware,Torso,StripeLocal,Mixed,Vector,quota-merge,0.9760339369427222,0.8,0.6666666666666666,0.6444444444444445,0.8252176798744062,0.3747150269390107,1,2,0.0006,63.3137,books-genre-a=5 | books-genre-b=5
q007,artificial intelligence becomes self aware,Torso,StripeLocal,Mixed,Vector,global-rrf,0.9760339369427222,0.8,0.6666666666666666,0.6444444444444445,0.8252176798744062,0.3747150269390107,1,2,0.0006,63.3348,books-genre-a=5 | books-genre-b=5
q007,artificial intelligence becomes self aware,Torso,StripeLocal,Mixed,Vector,minmax-norm,0.9993023895695917,1,1,0.8222222222222222,0.9626414857364001,0.42505903190009564,1,2,0.0006,63.372,books-genre-a=7 | books-genre-b=3
q007,artificial intelligence becomes self aware,Torso,StripeLocal,Mixed,Vector,zscore-norm,0.9353100964112077,0.9,0.8181818181818182,0.6444444444444445,0.7337926384809842,0.35400022349835786,1,2,0.0006,63.369,books-genre-a=6 | books-genre-b=4
q007,artificial intelligence becomes self aware,Torso,StripeLocal,Mixed,Vector,vector-similarity,1,1,1,1,0.9999999999999998,0.42817414158824135,1,2,0.0006,63.3284,books-genre-a=7 | books-genre-b=3
q008,hard science fiction about terraforming Mars,Tail,StripeLocal,Mixed,Vector,single-index,1,1,1,1,1,0.9253240274250416,1,1,0.000583333,77.1199,books-oracle2=10
q008,hard science fiction about terraforming Mars,Tail,StripeLocal,Mixed,Vector,naive-score,1,1,1,1,0.9999999999999998,0.9253240274250416,1,2,0.0006,66.5019,books-genre-a=9 | books-genre-b=1
q008,hard science fiction about terraforming Mars,Tail,StripeLocal,Mixed,Vector,interleave,0.8926869551750402,0.6,0.42857142857142855,0.4444444444444444,0.6663047835929182,0.7987894776910067,1,2,0.0006,66.5089,books-genre-a=5 | books-genre-b=5
q008,hard science fiction about terraforming Mars,Tail,StripeLocal,Mixed,Vector,quota-merge,0.7956861387974108,0.6,0.42857142857142855,0.3333333333333333,0.501114467611004,0.64867467090512,1,2,0.0006,66.4779,books-genre-a=5 | books-genre-b=5
q008,hard science fiction about terraforming Mars,Tail,StripeLocal,Mixed,Vector,global-rrf,0.7956861387974108,0.6,0.42857142857142855,0.3333333333333333,0.501114467611004,0.64867467090512,1,2,0.0006,66.5003,books-genre-a=5 | books-genre-b=5
q008,hard science fiction about terraforming Mars,Tail,StripeLocal,Mixed,Vector,minmax-norm,0.8089023512911399,0.6,0.42857142857142855,0.6666666666666666,0.5968448159676615,0.6723606457826702,1,2,0.0006,66.5399,books-genre-a=5 | books-genre-b=5
q008,hard science fiction about terraforming Mars,Tail,StripeLocal,Mixed,Vector,zscore-norm,0.8075394872323721,0.6,0.42857142857142855,0.6111111111111112,0.5851884932645103,0.671329523709982,1,2,0.0006,66.5275,books-genre-a=5 | books-genre-b=5
q008,hard science fiction about terraforming Mars,Tail,StripeLocal,Mixed,Vector,vector-similarity,1,1,1,1,0.9999999999999998,0.9253240274250416,1,2,0.0006,66.4887,books-genre-a=9 | books-genre-b=1
q009,cyberpunk hacker corporate dystopia,Torso,StripeLocal,Lexical,Vector,single-index,1,1,1,1,1,0.8803273038110722,1,1,0.000583333,77.3726,books-oracle2=10
q009,cyberpunk hacker corporate dystopia,Torso,StripeLocal,Lexical,Vector,naive-score,1,1,1,1,0.9999999999999998,0.8803273038110722,1,2,0.0006,63.840399999999995,books-genre-a=10
q009,cyberpunk hacker corporate dystopia,Torso,StripeLocal,Lexical,Vector,interleave,0.8710470565871477,0.5,0.3333333333333333,0.5555555555555556,0.6170673540341023,0.5599128261930972,1,2,0.0006,63.8086,books-genre-a=5 | books-genre-b=5
q009,cyberpunk hacker corporate dystopia,Torso,StripeLocal,Lexical,Vector,quota-merge,0.8591245954673974,0.5,0.3333333333333333,0.5111111111111111,0.5756131758488364,0.5468349529535349,1,2,0.0006,63.7979,books-genre-a=5 | books-genre-b=5
q009,cyberpunk hacker corporate dystopia,Torso,StripeLocal,Lexical,Vector,global-rrf,0.8591245954673974,0.5,0.3333333333333333,0.5111111111111111,0.5756131758488364,0.5468349529535349,1,2,0.0006,63.8138,books-genre-a=5 | books-genre-b=5
q009,cyberpunk hacker corporate dystopia,Torso,StripeLocal,Lexical,Vector,minmax-norm,0.6880366640034942,0.2,0.1111111111111111,0.5714285714285714,0.383915257778517,0.3788564016810749,1,2,0.0006,63.8786,books-genre-a=2 | books-genre-b=8
q009,cyberpunk hacker corporate dystopia,Torso,StripeLocal,Lexical,Vector,zscore-norm,0.8096204305999792,0.3,0.17647058823529413,0.8333333333333334,0.6185918340228166,0.46245112526968557,1,2,0.0006,63.8437,books-genre-a=3 | books-genre-b=7
q009,cyberpunk hacker corporate dystopia,Torso,StripeLocal,Lexical,Vector,vector-similarity,1,1,1,1,0.9999999999999998,0.8803273038110722,1,2,0.0006,63.8091,books-genre-a=10
q010,a locked room murder that seems impossible to have committed,Tail,StripeLocal,Conceptual,Vector,single-index,1,1,1,1,1,0.4379509121902392,1,1,0.000583333,79.2571,books-oracle2=10
q010,a locked room murder that seems impossible to have committed,Tail,StripeLocal,Conceptual,Vector,naive-score,1,1,1,1,0.9999999999999998,0.4379509121902392,1,2,0.0011,62.9921,books-genre-a=8 | books-genre-b=2
q010,a locked room murder that seems impossible to have committed,Tail,StripeLocal,Conceptual,Vector,interleave,0.9584636631996802,0.7,0.5384615384615384,0.6888888888888889,0.778358321558413,0.3522291627026381,1,2,0.0011,63.013,books-genre-a=5 | books-genre-b=5
q010,a locked room murder that seems impossible to have committed,Tail,StripeLocal,Conceptual,Vector,quota-merge,0.9565046680889049,0.7,0.5384615384615384,0.6,0.7593585155522765,0.3501675147393259,1,2,0.0011,62.9698,books-genre-a=5 | books-genre-b=5
q010,a locked room murder that seems impossible to have committed,Tail,StripeLocal,Conceptual,Vector,global-rrf,0.9565046680889049,0.7,0.5384615384615384,0.6,0.7593585155522765,0.3501675147393259,1,2,0.0011,62.9871,books-genre-a=5 | books-genre-b=5
q010,a locked room murder that seems impossible to have committed,Tail,StripeLocal,Conceptual,Vector,minmax-norm,0.9656922873494661,0.8,0.6666666666666666,0.4666666666666667,0.7311960421454139,0.3596324038042386,1,2,0.0011,63.0266,books-genre-a=6 | books-genre-b=4
q010,a locked room murder that seems impossible to have committed,Tail,StripeLocal,Conceptual,Vector,zscore-norm,0.889756636739828,0.8,0.6666666666666666,0.37777777777777777,0.5575153182686117,0.32385628724187826,1,2,0.0011,63.0148,books-genre-a=6 | books-genre-b=4
q010,a locked room murder that seems impossible to have committed,Tail,StripeLocal,Conceptual,Vector,vector-similarity,1,1,1,1,0.9999999999999998,0.4379509121902392,1,2,0.0011,62.9793,books-genre-a=8 | books-genre-b=2
q011,detective investigating a serial killer,Torso,StripeLocal,Mixed,Vector,single-index,1,1,1,1,1,0.5490149525373843,1,1,0.001183333,78.9541,books-oracle2=10
q011,detective investigating a serial killer,Torso,StripeLocal,Mixed,Vector,naive-score,1,1,1,1,0.9999999999999998,0.5490149525373843,1,2,0.0011,64.3639,books-genre-a=10
q011,detective investigating a serial killer,Torso,StripeLocal,Mixed,Vector,interleave,0.758716175152435,0.5,0.3333333333333333,0.4666666666666667,0.6170673540341023,0.6236906055413591,1,2,0.0011,64.3505,books-genre-a=5 | books-genre-b=5
q011,detective investigating a serial killer,Torso,StripeLocal,Mixed,Vector,quota-merge,0.7525745222483844,0.5,0.3333333333333333,0.4666666666666667,0.596920623436063,0.6236906055413591,1,2,0.0011,64.3403,books-genre-a=5 | books-genre-b=5
q011,detective investigating a serial killer,Torso,StripeLocal,Mixed,Vector,global-rrf,0.7525745222483844,0.5,0.3333333333333333,0.4666666666666667,0.596920623436063,0.6236906055413591,1,2,0.0011,64.35719999999999,books-genre-a=5 | books-genre-b=5
q011,detective investigating a serial killer,Torso,StripeLocal,Mixed,Vector,minmax-norm,0.7674988418269758,0.5,0.3333333333333333,0.4666666666666667,0.645048924309157,0.6181790359825421,1,2,0.0011,64.39259999999999,books-genre-a=5 | books-genre-b=5
q011,detective investigating a serial killer,Torso,StripeLocal,Mixed,Vector,zscore-norm,0.5768846325647118,0.4,0.25,0.2,0.3941492005984844,0.6144416554409211,1,2,0.0011,64.38719999999999,books-genre-a=4 | books-genre-b=6
q011,detective investigating a serial killer,Torso,StripeLocal,Mixed,Vector,vector-similarity,1,1,1,1,0.9999999999999998,0.5490149525373843,1,2,0.0011,64.3513,books-genre-a=10
q012,espionage thriller cold war spy,Torso,StripeLocal,Lexical,Vector,single-index,1,1,1,1,1,1,1,1,0.000583333,79.9199,books-oracle2=10
q012,espionage thriller cold war spy,Torso,StripeLocal,Lexical,Vector,naive-score,1,1,1,1,0.9999999999999998,1,1,2,0.0011,63.9439,books-genre-a=10
q012,espionage thriller cold war spy,Torso,StripeLocal,Lexical,Vector,interleave,0.8017415778282054,0.5,0.3333333333333333,0.3333333333333333,0.6170673540341023,0.7275909881656417,1,2,0.0011,63.9265,books-genre-a=5 | books-genre-b=5
q012,espionage thriller cold war spy,Torso,StripeLocal,Lexical,Vector,quota-merge,0.796801786843709,0.5,0.3333333333333333,0.3333333333333333,0.5980675480279657,0.7214010577841127,1,2,0.0011,63.957899999999995,books-genre-a=5 | books-genre-b=5
q012,espionage thriller cold war spy,Torso,StripeLocal,Lexical,Vector,global-rrf,0.796801786843709,0.5,0.3333333333333333,0.3333333333333333,0.5980675480279657,0.7214010577841127,1,2,0.0011,63.938399999999994,books-genre-a=5 | books-genre-b=5
q012,espionage thriller cold war spy,Torso,StripeLocal,Lexical,Vector,minmax-norm,0.7786373867219617,0.5,0.3333333333333333,0.23809523809523808,0.5364666392446605,0.702541885690597,1,2,0.0011,63.982099999999996,books-genre-a=5 | books-genre-b=5
q012,espionage thriller cold war spy,Torso,StripeLocal,Lexical,Vector,zscore-norm,0.7786373867219617,0.5,0.3333333333333333,0.23809523809523808,0.5364666392446605,0.702541885690597,1,2,0.0011,63.9734,books-genre-a=5 | books-genre-b=5
q012,espionage thriller cold war spy,Torso,StripeLocal,Lexical,Vector,vector-similarity,1,1,1,1,0.9999999999999998,1,1,2,0.0011,63.93129999999999,books-genre-a=10
q013,teenagers forced to compete in a deadly televised game,Tail,StripeLocal,Conceptual,Vector,single-index,1,1,1,1,1,0.6141453658587722,1,1,0.000583333,78.2924,books-oracle2=10
q013,teenagers forced to compete in a deadly televised game,Tail,StripeLocal,Conceptual,Vector,naive-score,1,1,1,1,0.9999999999999998,0.6141453658587722,1,2,0.0006,63.0562,books-genre-a=9 | books-genre-b=1
q013,teenagers forced to compete in a deadly televised game,Tail,StripeLocal,Conceptual,Vector,interleave,0.8572008858467145,0.6,0.42857142857142855,0.7142857142857143,0.8249775596267213,0.6115714575516963,1,2,0.0006,63.0638,books-genre-a=5 | books-genre-b=5
q013,teenagers forced to compete in a deadly televised game,Tail,StripeLocal,Conceptual,Vector,quota-merge,0.8554925691802152,0.6,0.42857142857142855,0.7142857142857143,0.8176340763237359,0.610569227991822,1,2,0.0006,63.0354,books-genre-a=5 | books-genre-b=5
q013,teenagers forced to compete in a deadly televised game,Tail,StripeLocal,Conceptual,Vector,global-rrf,0.8554925691802152,0.6,0.42857142857142855,0.7142857142857143,0.8176340763237359,0.610569227991822,1,2,0.0006,63.0511,books-genre-a=5 | books-genre-b=5
q013,teenagers forced to compete in a deadly televised game,Tail,StripeLocal,Conceptual,Vector,minmax-norm,0.9866829255668618,0.9,0.8181818181818182,0.8222222222222222,0.9507625704411842,0.611271417516948,1,2,0.0006,63.085300000000004,books-genre-a=8 | books-genre-b=2
q013,teenagers forced to compete in a deadly televised game,Tail,StripeLocal,Conceptual,Vector,zscore-norm,0.8121973092147765,0.6,0.42857142857142855,0.7142857142857143,0.723714538700274,0.6198492518677516,1,2,0.0006,63.0789,books-genre-a=5 | books-genre-b=5
q013,teenagers forced to compete in a deadly televised game,Tail,StripeLocal,Conceptual,Vector,vector-similarity,1,1,1,1,0.9999999999999998,0.6141453658587722,1,2,0.0006,63.053,books-genre-a=9 | books-genre-b=1
q014,picture book about a bear,Torso,StripeLocal,Mixed,Vector,single-index,1,1,1,1,1,0.7619617448900868,1,1,0.000583333,77.606,books-oracle2=10
q014,picture book about a bear,Torso,StripeLocal,Mixed,Vector,naive-score,1,1,1,1,0.9999999999999998,0.7619617448900868,1,2,0.0008500000000000001,90.29549999999999,books-genre-a=10
q014,picture book about a bear,Torso,StripeLocal,Mixed,Vector,interleave,0.7090081386375826,0.5,0.3333333333333333,1,0.6170673540341023,0.5055567457529747,1,2,0.0008500000000000001,90.2766,books-genre-a=5 | books-genre-b=5
q014,picture book about a bear,Torso,StripeLocal,Mixed,Vector,quota-merge,0.535550272031766,0.5,0.3333333333333333,1,0.39458896866904886,0.410589848330212,1,2,0.0008500000000000001,90.26989999999999,books-genre-a=5 | books-genre-b=5
q014,picture book about a bear,Torso,StripeLocal,Mixed,Vector,global-rrf,0.535550272031766,0.5,0.3333333333333333,1,0.39458896866904886,0.410589848330212,1,2,0.0008500000000000001,90.2871,books-genre-a=5 | books-genre-b=5
q014,picture book about a bear,Torso,StripeLocal,Mixed,Vector,minmax-norm,0.6023492450111593,0.6,0.42857142857142855,1,0.46948158223075753,0.45159347541371414,1,2,0.0008500000000000001,90.32419999999999,books-genre-a=6 | books-genre-b=4
q014,picture book about a bear,Torso,StripeLocal,Mixed,Vector,zscore-norm,0.538607422451943,0.5,0.3333333333333333,1,0.40307937656393683,0.4134019968305748,1,2,0.0008500000000000001,90.3153,books-genre-a=5 | books-genre-b=5
q014,picture book about a bear,Torso,StripeLocal,Mixed,Vector,vector-similarity,1,1,1,1,0.9999999999999998,0.7619617448900868,1,2,0.0008500000000000001,90.2799,books-genre-a=10
q015,graphic novel superhero origin,Torso,StripeLocal,Lexical,Vector,single-index,1,1,1,1,1,0.6367226794856379,1,1,0.000583333,78.6179,books-oracle2=10
q015,graphic novel superhero origin,Torso,StripeLocal,Lexical,Vector,naive-score,1,1,1,1,0.9999999999999998,0.6367226794856379,1,2,0.0008500000000000001,102.8579,books-genre-a=10
q015,graphic novel superhero origin,Torso,StripeLocal,Lexical,Vector,interleave,0.7090081386375826,0.5,0.3333333333333333,1,0.6170673540341023,0.48457529592457815,1,2,0.0008500000000000001,102.8465,books-genre-a=5 | books-genre-b=5
q015,graphic novel superhero origin,Torso,StripeLocal,Lexical,Vector,quota-merge,0.5374055605323891,0.5,0.3333333333333333,1,0.4019324519720342,0.4018722891782796,1,2,0.0008500000000000001,102.8357,books-genre-a=5 | books-genre-b=5
q015,graphic novel superhero origin,Torso,StripeLocal,Lexical,Vector,global-rrf,0.5374055605323891,0.5,0.3333333333333333,1,0.4019324519720342,0.4018722891782796,1,2,0.0008500000000000001,102.851,books-genre-a=5 | books-genre-b=5
q015,graphic novel superhero origin,Torso,StripeLocal,Lexical,Vector,minmax-norm,0.5645095462493355,0.6,0.42857142857142855,1,0.36824278046924647,0.4555402801121846,1,2,0.0008500000000000001,102.89320000000001,books-genre-a=6 | books-genre-b=4
q015,graphic novel superhero origin,Torso,StripeLocal,Lexical,Vector,zscore-norm,0.712439419517915,0.6,0.42857142857142855,1,0.5217767737480093,0.525165413618921,1,2,0.0008500000000000001,102.8789,books-genre-a=6 | books-genre-b=4
q015,graphic novel superhero origin,Torso,StripeLocal,Lexical,Vector,vector-similarity,1,1,1,1,0.9999999999999998,0.6367226794856379,1,2,0.0008500000000000001,102.84440000000001,books-genre-a=10
q016,zombie apocalypse survival,Torso,StripeLocal,Lexical,Vector,single-index,1,1,1,1,1,0.8301717595472909,0.9,1,0.000583333,78.5493,books-oracle2=10
q016,zombie apocalypse survival,Torso,StripeLocal,Lexical,Vector,naive-score,1,1,1,1,0.9999999999999998,0.8301717595472909,0.9,2,0.0008500000000000001,92.8301,books-genre-a=10
q016,zombie apocalypse survival,Torso,StripeLocal,Lexical,Vector,interleave,0.7090081386375826,0.5,0.3333333333333333,1,0.6170673540341023,0.5648176586334586,1,2,0.0008500000000000001,92.81530000000001,books-genre-a=5 | books-genre-b=5
q016,zombie apocalypse survival,Torso,StripeLocal,Lexical,Vector,quota-merge,0.6997819832496587,0.5,0.3333333333333333,1,0.5852643007329117,0.5547019241168705,1,2,0.0008500000000000001,92.8126,books-genre-a=5 | books-genre-b=5
q016,zombie apocalypse survival,Torso,StripeLocal,Lexical,Vector,global-rrf,0.6997819832496587,0.5,0.3333333333333333,1,0.5852643007329117,0.5547019241168705,1,2,0.0008500000000000001,92.8219,books-genre-a=5 | books-genre-b=5
q016,zombie apocalypse survival,Torso,StripeLocal,Lexical,Vector,minmax-norm,0.4008176619494063,0.1,0.05263157894736842,0,0.3614441988713819,0.2427356291182203,1,2,0.0008500000000000001,92.86030000000001,books-genre-a=1 | books-genre-b=9
q016,zombie apocalypse survival,Torso,StripeLocal,Lexical,Vector,zscore-norm,0.619907377778079,0.4,0.25,1,0.48742679954565843,0.4683184647154996,1,2,0.0008500000000000001,92.8565,books-genre-a=4 | books-genre-b=6
q016,zombie apocalypse survival,Torso,StripeLocal,Lexical,Vector,vector-similarity,1,1,1,1,0.9999999999999998,0.8301717595472909,0.9,2,0.0008500000000000001,92.8173,books-genre-a=10
q017,time travel paradox,Torso,StripeLocal,Lexical,Vector,single-index,1,1,1,1,1,0.6627218810413394,1,1,0.000583333,79.732,books-oracle2=10
q017,time travel paradox,Torso,StripeLocal,Lexical,Vector,naive-score,1,1,1,1,0.9999999999999998,0.6627218810413394,1,2,0.0006,63.3817,books-genre-a=7 | books-genre-b=3
q017,time travel paradox,Torso,StripeLocal,Lexical,Vector,interleave,0.9813701374962597,0.8,0.6666666666666666,0.8222222222222222,0.8665446978615909,0.647534710279887,1,2,0.0006,63.3455,books-genre-a=5 | books-genre-b=5
q017,time travel paradox,Torso,StripeLocal,Lexical,Vector,quota-merge,0.9797625837018127,0.8,0.6666666666666666,0.7333333333333333,0.8347416445604006,0.6448726777096194,1,2,0.0006,63.337900000000005,books-genre-a=5 | books-genre-b=5
q017,time travel paradox,Torso,StripeLocal,Lexical,Vector,global-rrf,0.9797625837018127,0.8,0.6666666666666666,0.7333333333333333,0.8347416445604006,0.6448726777096194,1,2,0.0006,63.353300000000004,books-genre-a=5 | books-genre-b=5
q017,time travel paradox,Torso,StripeLocal,Lexical,Vector,minmax-norm,0.9732089924096303,0.8,0.6666666666666666,0.6444444444444445,0.7781774184266051,0.650036561333256,1,2,0.0006,63.4039,books-genre-a=5 | books-genre-b=5
q017,time travel paradox,Torso,StripeLocal,Lexical,Vector,zscore-norm,0.9727393614624151,0.8,0.6666666666666666,0.6,0.7708339351236196,0.6491452792456508,1,2,0.0006,63.385400000000004,books-genre-a=5 | books-genre-b=5
q017,time travel paradox,Torso,StripeLocal,Lexical,Vector,vector-similarity,1,1,1,1,0.9999999999999998,0.6627218810413394,1,2,0.0006,63.3491,books-genre-a=7 | books-genre-b=3
q018,a girl who discovers she is the last of a magical bloodline,Tail,StripeLocal,Conceptual,Vector,single-index,1,1,1,1,1,0.3612460788849587,1,1,0.000583333,107.3018,books-oracle2=10
q018,a girl who discovers she is the last of a magical bloodline,Tail,StripeLocal,Conceptual,Vector,naive-score,1,1,1,1,0.9999999999999998,0.3612460788849587,1,2,0.0008500000000000001,90.6467,books-genre-a=9 | books-genre-b=1
q018,a girl who discovers she is the last of a magical bloodline,Tail,StripeLocal,Conceptual,Vector,interleave,0.8397255254559195,0.6,0.42857142857142855,0.3333333333333333,0.6663047835929182,0.36182345115236464,1,2,0.0008500000000000001,90.6301,books-genre-a=5 | books-genre-b=5
q018,a girl who discovers she is the last of a magical bloodline,Tail,StripeLocal,Conceptual,Vector,quota-merge,0.8176541158052706,0.6,0.42857142857142855,0.23809523809523808,0.5857040688034764,0.361060820600387,1,2,0.0008500000000000001,90.6245,books-genre-a=5 | books-genre-b=5
q018,a girl who discovers she is the last of a magical bloodline,Tail,StripeLocal,Conceptual,Vector,global-rrf,0.8176541158052706,0.6,0.42857142857142855,0.23809523809523808,0.5857040688034764,0.361060820600387,1,2,0.0008500000000000001,90.6374,books-genre-a=5 | books-genre-b=5
q018,a girl who discovers she is the last of a magical bloodline,Tail,StripeLocal,Conceptual,Vector,minmax-norm,0.8779123601654921,0.7,0.5384615384615384,0.35714285714285715,0.6740880349664681,0.3011947456922658,1,2,0.0008500000000000001,90.6736,books-genre-a=6 | books-genre-b=4
q018,a girl who discovers she is the last of a magical bloodline,Tail,StripeLocal,Conceptual,Vector,zscore-norm,0.7721201330836672,0.7,0.5384615384615384,0.2857142857142857,0.4772648336043074,0.2961673293031612,1,2,0.0008500000000000001,90.6757,books-genre-a=6 | books-genre-b=4
q018,a girl who discovers she is the last of a magical bloodline,Tail,StripeLocal,Conceptual,Vector,vector-similarity,1,1,1,1,0.9999999999999998,0.3612460788849587,1,2,0.0008500000000000001,90.6329,books-genre-a=9 | books-genre-b=1
q019,dystopian society divided into rigid factions,Torso,StripeLocal,Conceptual,Vector,single-index,1,1,1,1,1,0.6236860339711708,1,1,0.000583333,78.8999,books-oracle2=10
q019,dystopian society divided into rigid factions,Torso,StripeLocal,Conceptual,Vector,naive-score,1,1,1,1,0.9999999999999998,0.6236860339711708,1,2,0.0006,64.4127,books-genre-a=10
q019,dystopian society divided into rigid factions,Torso,StripeLocal,Conceptual,Vector,interleave,0.7553294054554549,0.5,0.3333333333333333,0.4666666666666667,0.6170673540341023,0.49881208607606403,1,2,0.0006,64.3815,books-genre-a=5 | books-genre-b=5
q019,dystopian society divided into rigid factions,Torso,StripeLocal,Conceptual,Vector,quota-merge,0.7491877525514044,0.5,0.3333333333333333,0.4666666666666667,0.596920623436063,0.4930307872221105,1,2,0.0006,64.375,books-genre-a=5 | books-genre-b=5
q019,dystopian society divided into rigid factions,Torso,StripeLocal,Conceptual,Vector,global-rrf,0.7491877525514044,0.5,0.3333333333333333,0.4666666666666667,0.596920623436063,0.4930307872221105,1,2,0.0006,64.39020000000001,books-genre-a=5 | books-genre-b=5
q019,dystopian society divided into rigid factions,Torso,StripeLocal,Conceptual,Vector,minmax-norm,0.7755889877011263,0.5,0.3333333333333333,0.4666666666666667,0.6894850569844573,0.5171758937362273,1,2,0.0006,64.4234,books-genre-a=5 | books-genre-b=5
q019,dystopian society divided into rigid factions,Torso,StripeLocal,Conceptual,Vector,zscore-norm,0.6472269509592562,0.5,0.3333333333333333,0.3333333333333333,0.5066249789789234,0.4417694613755377,1,2,0.0006,64.4196,books-genre-a=5 | books-genre-b=5
q019,dystopian society divided into rigid factions,Torso,StripeLocal,Conceptual,Vector,vector-similarity,1,1,1,1,0.9999999999999998,0.6236860339711708,1,2,0.0006,64.3929,books-genre-a=10
q020,supernatural creatures hidden among ordinary people,Torso,StripeLocal,Conceptual,Vector,single-index,1,1,1,1,1,0.6032896365670686,1,1,0.000583333,79.4531,books-oracle2=10
q020,supernatural creatures hidden among ordinary people,Torso,StripeLocal,Conceptual,Vector,naive-score,1,1,1,1,0.9999999999999998,0.6032896365670686,1,2,0.0011,64.17830000000001,books-genre-a=8 | books-genre-b=2
q020,supernatural creatures hidden among ordinary people,Torso,StripeLocal,Conceptual,Vector,interleave,0.898394903155938,0.7,0.5384615384615384,0.5714285714285714,0.7900146442615643,0.6845983385043973,1,2,0.0011,64.1636,books-genre-a=5 | books-genre-b=5
q020,supernatural creatures hidden among ordinary people,Torso,StripeLocal,Conceptual,Vector,quota-merge,0.898394903155938,0.7,0.5384615384615384,0.5714285714285714,0.7900146442615643,0.6845983385043973,1,2,0.0011,64.1558,books-genre-a=5 | books-genre-b=5
q020,supernatural creatures hidden among ordinary people,Torso,StripeLocal,Conceptual,Vector,global-rrf,0.898394903155938,0.7,0.5384615384615384,0.5714285714285714,0.7900146442615643,0.6845983385043973,1,2,0.0011,64.17190000000001,books-genre-a=5 | books-genre-b=5
q020,supernatural creatures hidden among ordinary people,Torso,StripeLocal,Conceptual,Vector,minmax-norm,0.8891080467883038,0.7,0.5384615384615384,0.42857142857142855,0.7375930896069908,0.6627634789326063,1,2,0.0011,64.2325,books-genre-a=5 | books-genre-b=5
q020,supernatural creatures hidden among ordinary people,Torso,StripeLocal,Conceptual,Vector,zscore-norm,0.8953447590105912,0.7,0.5384615384615384,0.6428571428571429,0.7845061908567107,0.6683708191960175,1,2,0.0011,64.22670000000001,books-genre-a=5 | books-genre-b=5
q020,supernatural creatures hidden among ordinary people,Torso,StripeLocal,Conceptual,Vector,vector-similarity,1,1,1,1,0.9999999999999998,0.6032896365670686,1,2,0.0011,64.16890000000001,books-genre-a=8 | books-genre-b=2
q021,Victorian England social class and marriage,Torso,StripeLocal,Mixed,Vector,single-index,1,1,1,1,1,0.3896689350679977,1,1,0.000583333,77.7393,books-oracle2=10
q021,Victorian England social class and marriage,Torso,StripeLocal,Mixed,Vector,naive-score,1,1,1,1,0.9999999999999998,0.3896689350679977,1,2,0.0006,63.6687,books-genre-b=10
q021,Victorian England social class and marriage,Torso,StripeLocal,Mixed,Vector,interleave,0.6563778451904824,0.5,0.3333333333333333,0.14285714285714285,0.38293264596589754,0.2819566643374739,1,2,0.0006,63.6611,books-genre-a=5 | books-genre-b=5
q021,Victorian England social class and marriage,Torso,StripeLocal,Mixed,Vector,quota-merge,0.6719338942953371,0.5,0.3333333333333333,0.23809523809523808,0.4360431468543149,0.2950345375770361,1,2,0.0006,63.6481,books-genre-a=5 | books-genre-b=5
q021,Victorian England social class and marriage,Torso,StripeLocal,Mixed,Vector,global-rrf,0.6719338942953371,0.5,0.3333333333333333,0.23809523809523808,0.4360431468543149,0.2950345375770361,1,2,0.0006,63.6994,books-genre-a=5 | books-genre-b=5
q021,Victorian England social class and marriage,Torso,StripeLocal,Mixed,Vector,minmax-norm,0.7109685044016347,0.6,0.42857142857142855,0.21428571428571427,0.4372067581742232,0.30179415631941026,1,2,0.0006,63.6994,books-genre-a=4 | books-genre-b=6
q021,Victorian England social class and marriage,Torso,StripeLocal,Mixed,Vector,zscore-norm,0.7056457662373126,0.6,0.42857142857142855,0.21428571428571427,0.4163710813423402,0.30088644246729934,1,2,0.0006,63.6949,books-genre-a=4 | books-genre-b=6
q021,Victorian England social class and marriage,Torso,StripeLocal,Mixed,Vector,vector-similarity,1,1,1,1,0.9999999999999998,0.3896689350679977,1,2,0.0006,63.6656,books-genre-b=10
q022,memoir of growing up in poverty,Torso,StripeLocal,Conceptual,Vector,single-index,1,1,1,1,1,0.7722043463452036,1,1,0.000583333,106.863,books-oracle2=10
q022,memoir of growing up in poverty,Torso,StripeLocal,Conceptual,Vector,naive-score,1,1,1,1,0.9999999999999998,0.7722043463452036,1,2,0.0006,62.8825,books-genre-b=10
q022,memoir of growing up in poverty,Torso,StripeLocal,Conceptual,Vector,interleave,0.6455508766040623,0.5,0.3333333333333333,0.14285714285714285,0.38293264596589754,0.3907496556417774,0.9,2,0.0006,62.8616,books-genre-a=5 | books-genre-b=5
q022,memoir of growing up in poverty,Torso,StripeLocal,Conceptual,Vector,quota-merge,0.7652925035812006,0.5,0.3333333333333333,0.23809523809523808,0.5364666392446605,0.4603747891485137,0.9,2,0.0006,62.8556,books-genre-a=5 | books-genre-b=5
q022,memoir of growing up in poverty,Torso,StripeLocal,Conceptual,Vector,global-rrf,0.7652925035812006,0.5,0.3333333333333333,0.23809523809523808,0.5364666392446605,0.4603747891485137,0.9,2,0.0006,62.8705,books-genre-a=5 | books-genre-b=5
q022,memoir of growing up in poverty,Torso,StripeLocal,Conceptual,Vector,minmax-norm,0.7048042385428075,0.4,0.25,0.2,0.48742679954565843,0.3980525533192599,0.9,2,0.0006,62.905100000000004,books-genre-a=6 | books-genre-b=4
q022,memoir of growing up in poverty,Torso,StripeLocal,Conceptual,Vector,zscore-norm,0.768377006065074,0.5,0.3333333333333333,0.23809523809523808,0.5481229619478117,0.46093660345745413,0.9,2,0.0006,62.9044,books-genre-a=5 | books-genre-b=5
q022,memoir of growing up in poverty,Torso,StripeLocal,Conceptual,Vector,vector-similarity,1,1,1,1,0.9999999999999998,0.7722043463452036,1,2,0.0006,62.8658,books-genre-b=10
q023,biography of a president,Torso,StripeLocal,Mixed,Vector,single-index,1,1,1,1,1,0.918752830540385,1,1,0.000583333,77.4348,books-oracle2=10
q023,biography of a president,Torso,StripeLocal,Mixed,Vector,naive-score,1,1,1,1,0.9999999999999998,0.918752830540385,1,2,0.0006,64.7089,books-genre-b=10
q023,biography of a president,Torso,StripeLocal,Mixed,Vector,interleave,0.5324657695478926,0.5,0.3333333333333333,1,0.38293264596589754,0.39505350047661325,1,2,0.0006,64.6957,books-genre-a=5 | books-genre-b=5
q023,biography of a president,Torso,StripeLocal,Mixed,Vector,quota-merge,0.6883925842211459,0.5,0.3333333333333333,1,0.5639568531456851,0.48528490178303085,1,2,0.0006,64.6902,books-genre-a=5 | books-genre-b=5
q023,biography of a president,Torso,StripeLocal,Mixed,Vector,global-rrf,0.6883925842211459,0.5,0.3333333333333333,1,0.5639568531456851,0.48528490178303085,1,2,0.0006,64.7043,books-genre-a=5 | books-genre-b=5
q023,biography of a president,Torso,StripeLocal,Mixed,Vector,minmax-norm,0.5676616482755299,0.3,0.17647058823529413,1,0.4647581507787095,0.38898147916649123,1,2,0.0006,64.74170000000001,books-genre-a=7 | books-genre-b=3
q023,biography of a president,Torso,StripeLocal,Mixed,Vector,zscore-norm,0.637489797145111,0.4,0.25,1,0.519504033742379,0.4159611172298396,1,2,0.0006,64.7334,books-genre-a=6 | books-genre-b=4
q023,biography of a president,Torso,StripeLocal,Mixed,Vector,vector-similarity,1,1,1,1,0.9999999999999998,0.918752830540385,1,2,0.0006,64.6996,books-genre-b=10
q024,behavioral economics and irrational decision making,Tail,StripeLocal,Mixed,Vector,single-index,1,1,1,1,1,0.8964612840850101,1,1,0.000583333,78.9758,books-oracle2=10
q024,behavioral economics and irrational decision making,Tail,StripeLocal,Mixed,Vector,naive-score,1,1,1,1,0.9999999999999998,0.8964612840850101,1,2,0.0006,63.4872,books-genre-b=10
q024,behavioral economics and irrational decision making,Tail,StripeLocal,Mixed,Vector,interleave,0.5324657695478926,0.5,0.3333333333333333,1,0.38293264596589754,0.5278410419316881,1,2,0.0006,63.4587,books-genre-a=5 | books-genre-b=5
q024,behavioral economics and irrational decision making,Tail,StripeLocal,Mixed,Vector,quota-merge,0.7071528501369595,0.5,0.3333333333333333,1,0.609723870731117,0.6254234620585568,1,2,0.0006,63.4514,books-genre-a=5 | books-genre-b=5
q024,behavioral economics and irrational decision making,Tail,StripeLocal,Mixed,Vector,global-rrf,0.7071528501369595,0.5,0.3333333333333333,1,0.609723870731117,0.6254234620585568,1,2,0.0006,63.4655,books-genre-a=5 | books-genre-b=5
q024,behavioral economics and irrational decision making,Tail,StripeLocal,Mixed,Vector,minmax-norm,0.726606413443125,0.6,0.42857142857142855,1,0.5614146667262153,0.6625227122658937,1,2,0.0006,63.5014,books-genre-a=4 | books-genre-b=6
q024,behavioral economics and irrational decision making,Tail,StripeLocal,Mixed,Vector,zscore-norm,0.726606413443125,0.6,0.42857142857142855,1,0.5614146667262153,0.6625227122658937,1,2,0.0006,63.4967,books-genre-a=4 | books-genre-b=6
q024,behavioral economics and irrational decision making,Tail,StripeLocal,Mixed,Vector,vector-similarity,1,1,1,1,0.9999999999999998,0.8964612840850101,1,2,0.0006,63.4614,books-genre-b=10
q025,habits productivity and personal effectiveness,Torso,StripeLocal,Mixed,Vector,single-index,1,1,1,1,1,0.9061602363963839,1,1,0.000583333,78.0703,books-oracle2=10
q025,habits productivity and personal effectiveness,Torso,StripeLocal,Mixed,Vector,naive-score,1,1,1,1,0.9999999999999998,0.9061602363963839,1,2,0.0011,63.3774,books-genre-b=10
q025,habits productivity and personal effectiveness,Torso,StripeLocal,Mixed,Vector,interleave,0.5324657695478926,0.5,0.3333333333333333,1,0.38293264596589754,0.46475192726345704,1,2,0.0011,63.3639,books-genre-a=5 | books-genre-b=5
q025,habits productivity and personal effectiveness,Torso,StripeLocal,Mixed,Vector,quota-merge,0.7040683476530861,0.5,0.3333333333333333,1,0.5980675480279657,0.5532362328637092,1,2,0.0011,63.3581,books-genre-a=5 | books-genre-b=5
q025,habits productivity and personal effectiveness,Torso,StripeLocal,Mixed,Vector,global-rrf,0.7040683476530861,0.5,0.3333333333333333,1,0.5980675480279657,0.5532362328637092,1,2,0.0011,63.3726,books-genre-a=5 | books-genre-b=5
q025,habits productivity and personal effectiveness,Torso,StripeLocal,Mixed,Vector,minmax-norm,0.7705387005254104,0.6,0.42857142857142855,1,0.6954332784598753,0.635985736506179,1,2,0.0011,63.4069,books-genre-a=4 | books-genre-b=6
q025,habits productivity and personal effectiveness,Torso,StripeLocal,Mixed,Vector,zscore-norm,0.5719541915664064,0.5,0.3333333333333333,1,0.4992814956759382,0.495002281444681,1,2,0.0011,63.4023,books-genre-a=5 | books-genre-b=5
q025,habits productivity and personal effectiveness,Torso,StripeLocal,Mixed,Vector,vector-similarity,1,1,1,1,0.9999999999999998,0.9061602363963839,1,2,0.0011,63.3682,books-genre-b=10
q026,poetry collection about grief,Torso,StripeLocal,Conceptual,Vector,single-index,1,1,1,1,1,0.458398170875221,1,1,0.001183333,78.6653,books-oracle2=10
q026,poetry collection about grief,Torso,StripeLocal,Conceptual,Vector,naive-score,1,1,1,1,0.9999999999999998,0.458398170875221,1,2,0.0011,62.8758,books-genre-b=10
q026,poetry collection about grief,Torso,StripeLocal,Conceptual,Vector,interleave,0.6588386781451933,0.5,0.3333333333333333,0.14285714285714285,0.38293264596589754,0.30019331047031195,1,2,0.0011,62.8596,books-genre-a=5 | books-genre-b=5
q026,poetry collection about grief,Torso,StripeLocal,Conceptual,Vector,quota-merge,0.7879230260376098,0.5,0.3333333333333333,0.3333333333333333,0.5852643007329117,0.33800495179452106,1,2,0.0011,62.852,books-genre-a=5 | books-genre-b=5
q026,poetry collection about grief,Torso,StripeLocal,Conceptual,Vector,global-rrf,0.7879230260376098,0.5,0.3333333333333333,0.3333333333333333,0.5852643007329117,0.33800495179452106,1,2,0.0011,62.8658,books-genre-a=5 | books-genre-b=5
q026,poetry collection about grief,Torso,StripeLocal,Conceptual,Vector,minmax-norm,0.8578926391141404,0.6,0.42857142857142855,0.5714285714285714,0.7221996491115561,0.37376823323490044,1,2,0.0011,62.9,books-genre-a=4 | books-genre-b=6
q026,poetry collection about grief,Torso,StripeLocal,Conceptual,Vector,zscore-norm,0.6805443204949703,0.5,0.3333333333333333,0.3333333333333333,0.46333577089552574,0.30019331047031195,1,2,0.0011,62.896,books-genre-a=5 | books-genre-b=5
q026,poetry collection about grief,Torso,StripeLocal,Conceptual,Vector,vector-similarity,1,1,1,1,0.9999999999999998,0.458398170875221,1,2,0.0011,62.8747,books-genre-b=10
q027,existentialist philosophy and the meaning of life,Torso,StripeLocal,Mixed,Vector,single-index,1,1,1,1,1,0.8298568499066524,1,1,0.000583333,77.2855,books-oracle2=10
q027,existentialist philosophy and the meaning of life,Torso,StripeLocal,Mixed,Vector,naive-score,1,1,1,1,0.9999999999999998,0.8298568499066524,1,2,0.0011,66.4085,books-genre-b=10
q027,existentialist philosophy and the meaning of life,Torso,StripeLocal,Mixed,Vector,interleave,0.7038989235463231,0.5,0.3333333333333333,0.14285714285714285,0.38293264596589754,0.5754286481552614,1,2,0.0011,66.39699999999999,books-genre-a=5 | books-genre-b=5
q027,existentialist philosophy and the meaning of life,Torso,StripeLocal,Mixed,Vector,quota-merge,0.834388778807645,0.5,0.3333333333333333,0.35714285714285715,0.609723870731117,0.6495784357927247,1,2,0.0011,66.3854,books-genre-a=5 | books-genre-b=5
q027,existentialist philosophy and the meaning of life,Torso,StripeLocal,Mixed,Vector,global-rrf,0.834388778807645,0.5,0.3333333333333333,0.35714285714285715,0.609723870731117,0.6495784357927247,1,2,0.0011,66.4038,books-genre-a=5 | books-genre-b=5
q027,existentialist philosophy and the meaning of life,Torso,StripeLocal,Mixed,Vector,minmax-norm,0.7668123405914274,0.4,0.25,0.14285714285714285,0.5141931701973391,0.6202773500141565,1,2,0.0011,66.44409999999999,books-genre-a=6 | books-genre-b=4
q027,existentialist philosophy and the meaning of life,Torso,StripeLocal,Mixed,Vector,zscore-norm,0.780702437529907,0.4,0.25,0.42857142857142855,0.5774315190189624,0.6401132661542326,1,2,0.0011,66.4349,books-genre-a=6 | books-genre-b=4
q027,existentialist philosophy and the meaning of life,Torso,StripeLocal,Mixed,Vector,vector-similarity,1,1,1,1,0.9999999999999998,0.8298568499066524,1,2,0.0011,66.3914,books-genre-b=10
q028,evolutionary biology explained for general readers,Torso,StripeLocal,Conceptual,Vector,single-index,1,1,1,1,1,0.9324303156581432,1,1,0.000583333,78.8965,books-oracle2=10
q028,evolutionary biology explained for general readers,Torso,StripeLocal,Conceptual,Vector,naive-score,1,1,1,1,0.9999999999999998,0.9324303156581432,1,2,0.0006,62.9648,books-genre-b=10
q028,evolutionary biology explained for general readers,Torso,StripeLocal,Conceptual,Vector,interleave,0.7240803726322769,0.5,0.3333333333333333,0.2222222222222222,0.38293264596589754,0.543120387689627,1,2,0.0006,62.9486,books-genre-a=5 | books-genre-b=5
q028,evolutionary biology explained for general readers,Torso,StripeLocal,Conceptual,Vector,quota-merge,0.7376875141118743,0.5,0.3333333333333333,0.3333333333333333,0.4360431468543149,0.5631905048000556,1,2,0.0006,62.9435,books-genre-a=5 | books-genre-b=5
q028,evolutionary biology explained for general readers,Torso,StripeLocal,Conceptual,Vector,global-rrf,0.7376875141118743,0.5,0.3333333333333333,0.3333333333333333,0.4360431468543149,0.5631905048000556,1,2,0.0006,62.9574,books-genre-a=5 | books-genre-b=5
q028,evolutionary biology explained for general readers,Torso,StripeLocal,Conceptual,Vector,minmax-norm,0.8346556735818865,0.8,0.6666666666666666,0.6,0.6252640963502146,0.7322600539980584,1,2,0.0006,62.9922,books-genre-a=2 | books-genre-b=8
q028,evolutionary biology explained for general readers,Torso,StripeLocal,Conceptual,Vector,zscore-norm,0.7775049603233932,0.6,0.42857142857142855,0.4222222222222222,0.463973128825904,0.5856317580302224,1,2,0.0006,62.987199999999994,books-genre-a=4 | books-genre-b=6
q028,evolutionary biology explained for general readers,Torso,StripeLocal,Conceptual,Vector,vector-similarity,1,1,1,1,0.9999999999999998,0.9324303156581432,1,2,0.0006,62.952999999999996,books-genre-b=10
q029,the history of the Roman empire,Torso,StripeLocal,Lexical,Vector,single-index,1,1,1,1,1,0.9672309121509223,1,1,0.000583333,77.0841,books-oracle2=10
q029,the history of the Roman empire,Torso,StripeLocal,Lexical,Vector,naive-score,1,1,1,1,0.9999999999999998,0.9672309121509223,1,2,0.0006,63.617399999999996,books-genre-b=10
q029,the history of the Roman empire,Torso,StripeLocal,Lexical,Vector,interleave,0.5324657695478926,0.5,0.3333333333333333,1,0.38293264596589754,0.6251544405046949,1,2,0.0006,63.6044,books-genre-a=5 | books-genre-b=5
q029,the history of the Roman empire,Torso,StripeLocal,Lexical,Vector,quota-merge,0.5324657695478926,0.5,0.3333333333333333,1,0.38293264596589754,0.6251544405046949,1,2,0.0006,63.5975,books-genre-a=5 | books-genre-b=5
q029,the history of the Roman empire,Torso,StripeLocal,Lexical,Vector,global-rrf,0.5324657695478926,0.5,0.3333333333333333,1,0.38293264596589754,0.6251544405046949,1,2,0.0006,63.6124,books-genre-a=5 | books-genre-b=5
q029,the history of the Roman empire,Torso,StripeLocal,Lexical,Vector,minmax-norm,0.4221052056004462,0.3,0.17647058823529413,1,0.3265317953082898,0.6372809643118036,1,2,0.0006,63.6494,books-genre-a=7 | books-genre-b=3
q029,the history of the Roman empire,Torso,StripeLocal,Lexical,Vector,zscore-norm,0.6310167416463153,0.4,0.25,1,0.5139955803375255,0.8359941791364874,1,2,0.0006,63.644,books-genre-a=6 | books-genre-b=4
q029,the history of the Roman empire,Torso,StripeLocal,Lexical,Vector,vector-similarity,1,1,1,1,0.9999999999999998,0.9672309121509223,1,2,0.0006,63.6069,books-genre-b=10
q030,a novel narrated by an unreliable narrator in a decaying southern town,Tail,StripeLocal,Conceptual,Vector,single-index,1,1,1,1,1,0.3066720825848718,1,1,0.000583333,78.3907,books-oracle2=10
q030,a novel narrated by an unreliable narrator in a decaying southern town,Tail,StripeLocal,Conceptual,Vector,naive-score,1,1,1,1,0.9999999999999998,0.3066720825848718,1,2,0.0011,90.1351,books-genre-a=4 | books-genre-b=6
q030,a novel narrated by an unreliable narrator in a decaying southern town,Tail,StripeLocal,Conceptual,Vector,interleave,0.9914738430195427,0.9,0.8181818181818182,0.8666666666666667,0.897471267648114,0.28409844951503,1,2,0.0011,90.1155,books-genre-a=5 | books-genre-b=5
q030,a novel narrated by an unreliable narrator in a decaying southern town,Tail,StripeLocal,Conceptual,Vector,quota-merge,0.9915797692248982,0.9,0.8181818181818182,0.9111111111111111,0.9048147509510993,0.28409844951503,1,2,0.0011,90.1083,books-genre-a=5 | books-genre-b=5
q030,a novel narrated by an unreliable narrator in a decaying southern town,Tail,StripeLocal,Conceptual,Vector,global-rrf,0.9915797692248982,0.9,0.8181818181818182,0.9111111111111111,0.9048147509510993,0.28409844951503,1,2,0.0011,90.125,books-genre-a=5 | books-genre-b=5
q030,a novel narrated by an unreliable narrator in a decaying southern town,Tail,StripeLocal,Conceptual,Vector,minmax-norm,0.9738703947851246,0.9,0.8181818181818182,0.6888888888888889,0.7840573648705521,0.3009678062254267,1,2,0.0011,90.1615,books-genre-a=3 | books-genre-b=7
q030,a novel narrated by an unreliable narrator in a decaying southern town,Tail,StripeLocal,Conceptual,Vector,zscore-norm,0.9864811086210921,1,1,0.7333333333333333,0.8418534773557268,0.3009678062254267,1,2,0.0011,90.1574,books-genre-a=4 | books-genre-b=6
q030,a novel narrated by an unreliable narrator in a decaying southern town,Tail,StripeLocal,Conceptual,Vector,vector-similarity,1,1,1,1,0.9999999999999998,0.3066720825848718,1,2,0.0011,90.12559999999999,books-genre-a=4 | books-genre-b=6
q031,Regency romance with a reluctant duke,Tail,StripeLocal,Mixed,Vector,single-index,1,1,1,1,1,0.5732430713559219,1,1,0.000583333,80.6778,books-oracle2=10
q031,Regency romance with a reluctant duke,Tail,StripeLocal,Mixed,Vector,naive-score,1,1,1,1,0.9999999999999998,0.5732430713559219,1,2,0.0011,94.3493,books-genre-b=10
q031,Regency romance with a reluctant duke,Tail,StripeLocal,Mixed,Vector,interleave,0.6544706880561432,0.5,0.3333333333333333,0.14285714285714285,0.38293264596589754,0.3459204228305733,1,2,0.0011,94.3357,books-genre-a=5 | books-genre-b=5
q031,Regency romance with a reluctant duke,Tail,StripeLocal,Mixed,Vector,quota-merge,0.673194595771846,0.5,0.3333333333333333,0.23809523809523808,0.44453355474920275,0.37633210256274763,1,2,0.0011,94.32000000000001,books-genre-a=5 | books-genre-b=5
q031,Regency romance with a reluctant duke,Tail,StripeLocal,Mixed,Vector,global-rrf,0.673194595771846,0.5,0.3333333333333333,0.23809523809523808,0.44453355474920275,0.37633210256274763,1,2,0.0011,94.3433,books-genre-a=5 | books-genre-b=5
q031,Regency romance with a reluctant duke,Tail,StripeLocal,Mixed,Vector,minmax-norm,0.6599770313937171,0.5,0.3333333333333333,0.23809523809523808,0.40009742207390253,0.3723263511166413,1,2,0.0011,94.3831,books-genre-a=5 | books-genre-b=5
q031,Regency romance with a reluctant duke,Tail,StripeLocal,Mixed,Vector,zscore-norm,0.7312302890323394,0.4,0.25,0.3333333333333333,0.5476831938772472,0.420554153041762,1,2,0.0011,94.3719,books-genre-a=6 | books-genre-b=4
q031,Regency romance with a reluctant duke,Tail,StripeLocal,Mixed,Vector,vector-similarity,1,1,1,1,0.9999999999999998,0.5732430713559219,1,2,0.0011,94.3376,books-genre-b=10
q032,cookbook,Head,StripeLocal,Lexical,Vector,single-index,1,1,1,1,1,1,1,1,0.000583333,83.9139,books-oracle2=10
q032,cookbook,Head,StripeLocal,Lexical,Vector,naive-score,1,1,1,1,0.9999999999999998,1,1,2,0.0008500000000000001,93.12480000000001,books-genre-a=1 | books-genre-b=9
q032,cookbook,Head,StripeLocal,Lexical,Vector,interleave,0.9408902579012112,0.6,0.42857142857142855,0.5555555555555556,0.7443768448372792,1,1,2,0.0008500000000000001,93.10650000000001,books-genre-a=5 | books-genre-b=5
q032,cookbook,Head,StripeLocal,Lexical,Vector,quota-merge,0.8969684707927587,0.6,0.42857142857142855,0.6888888888888889,0.6714435663479584,1,1,2,0.0008500000000000001,93.09710000000001,books-genre-a=5 | books-genre-b=5
q032,cookbook,Head,StripeLocal,Lexical,Vector,global-rrf,0.8969684707927587,0.6,0.42857142857142855,0.6888888888888889,0.6714435663479584,1,1,2,0.0008500000000000001,93.11210000000001,books-genre-a=5 | books-genre-b=5
q032,cookbook,Head,StripeLocal,Lexical,Vector,minmax-norm,0.9303515634553905,0.8,0.6666666666666666,0.6888888888888889,0.7358085715109238,1,1,2,0.0008500000000000001,93.14070000000001,books-genre-a=3 | books-genre-b=7
q032,cookbook,Head,StripeLocal,Lexical,Vector,zscore-norm,0.9605100684947064,0.7,0.5384615384615384,0.6,0.7858477097505511,1,1,2,0.0008500000000000001,93.13910000000001,books-genre-a=4 | books-genre-b=6
q032,cookbook,Head,StripeLocal,Lexical,Vector,vector-similarity,1,1,1,1,0.9999999999999998,1,1,2,0.0008500000000000001,93.1071,books-genre-a=1 | books-genre-b=9
q033,travel writing about walking across a country,Tail,StripeLocal,Conceptual,Vector,single-index,1,1,1,1,1,0.6779785406384933,1,1,0.000583333,78.5969,books-oracle2=10
q033,travel writing about walking across a country,Tail,StripeLocal,Conceptual,Vector,naive-score,1,1,1,1,0.9999999999999998,0.6779785406384933,1,2,0.0011,62.5933,books-genre-b=10
q033,travel writing about walking across a country,Tail,StripeLocal,Conceptual,Vector,interleave,0.7105507372987373,0.5,0.3333333333333333,0.2222222222222222,0.38293264596589754,0.3908393572645859,1,2,0.0011,62.5682,books-genre-a=5 | books-genre-b=5
q033,travel writing about walking across a country,Tail,StripeLocal,Conceptual,Vector,quota-merge,0.7281133421956608,0.5,0.3333333333333333,0.3888888888888889,0.4561898774523541,0.40104260252381246,1,2,0.0011,62.559799999999996,books-genre-a=5 | books-genre-b=5
q033,travel writing about walking across a country,Tail,StripeLocal,Conceptual,Vector,global-rrf,0.7281133421956608,0.5,0.3333333333333333,0.3888888888888889,0.4561898774523541,0.40104260252381246,1,2,0.0011,62.5772,books-genre-a=5 | books-genre-b=5
q033,travel writing about walking across a country,Tail,StripeLocal,Conceptual,Vector,minmax-norm,0.5756468257975225,0.3,0.17647058823529413,0.14285714285714285,0.2363294859751721,0.35355192215174014,1,2,0.0011,62.6065,books-genre-a=7 | books-genre-b=3
q033,travel writing about walking across a country,Tail,StripeLocal,Conceptual,Vector,zscore-norm,0.7183059421949155,0.3,0.17647058823529413,0.42857142857142855,0.47210163408169487,0.5129140350992407,1,2,0.0011,62.602599999999995,books-genre-a=7 | books-genre-b=3
q033,travel writing about walking across a country,Tail,StripeLocal,Conceptual,Vector,vector-similarity,1,1,1,1,0.9999999999999998,0.6779785406384933,1,2,0.0011,62.587599999999995,books-genre-b=10
q034,startup founder building a company from nothing,Torso,StripeLocal,Conceptual,Vector,single-index,1,1,1,1,1,0.9636452638863133,1,1,0.000583333,105.7611,books-oracle2=10
q034,startup founder building a company from nothing,Torso,StripeLocal,Conceptual,Vector,naive-score,1,1,1,1,0.9999999999999998,0.9636452638863133,1,2,0.0008500000000000001,88.4696,books-genre-b=10
q034,startup founder building a company from nothing,Torso,StripeLocal,Conceptual,Vector,interleave,0.5324657695478926,0.5,0.3333333333333333,1,0.38293264596589754,0.47130248810728104,1,2,0.0008500000000000001,88.451,books-genre-a=5 | books-genre-b=5
q034,startup founder building a company from nothing,Torso,StripeLocal,Conceptual,Vector,quota-merge,0.6896217982043962,0.5,0.3333333333333333,1,0.5682696925458511,0.5626475450483948,1,2,0.0008500000000000001,88.4421,books-genre-a=5 | books-genre-b=5
q034,startup founder building a company from nothing,Torso,StripeLocal,Conceptual,Vector,global-rrf,0.6896217982043962,0.5,0.3333333333333333,1,0.5682696925458511,0.5626475450483948,1,2,0.0008500000000000001,88.461,books-genre-a=5 | books-genre-b=5
q034,startup founder building a company from nothing,Torso,StripeLocal,Conceptual,Vector,minmax-norm,0.6896217982043962,0.5,0.3333333333333333,1,0.5682696925458511,0.5626475450483948,1,2,0.0008500000000000001,88.4896,books-genre-a=5 | books-genre-b=5
q034,startup founder building a company from nothing,Torso,StripeLocal,Conceptual,Vector,zscore-norm,0.7090081386375826,0.5,0.3333333333333333,1,0.6170673540341023,0.5783588535433944,1,2,0.0008500000000000001,88.4887,books-genre-a=5 | books-genre-b=5
q034,startup founder building a company from nothing,Torso,StripeLocal,Conceptual,Vector,vector-similarity,1,1,1,1,0.9999999999999998,0.9636452638863133,1,2,0.0008500000000000001,88.458,books-genre-b=10
q035,a marriage falling apart told from both perspectives,Tail,StripeLocal,Conceptual,Vector,single-index,1,1,1,1,1,0.16236798063587166,1,1,0.000583333,111.4345,books-oracle2=10
q035,a marriage falling apart told from both perspectives,Tail,StripeLocal,Conceptual,Vector,naive-score,1,1,1,1,0.9999999999999998,0.16236798063587166,1,2,0.0006,64.3112,books-genre-b=10
q035,a marriage falling apart told from both perspectives,Tail,StripeLocal,Conceptual,Vector,interleave,0.744961133384929,0.5,0.3333333333333333,0.2222222222222222,0.38293264596589754,0.18564634256191173,1,2,0.0006,64.2912,books-genre-a=5 | books-genre-b=5
q035,a marriage falling apart told from both perspectives,Tail,StripeLocal,Conceptual,Vector,quota-merge,0.7580143774767806,0.5,0.3333333333333333,0.3333333333333333,0.4360431468543149,0.18251723722732427,1,2,0.0006,64.2816,books-genre-a=5 | books-genre-b=5
q035,a marriage falling apart told from both perspectives,Tail,StripeLocal,Conceptual,Vector,global-rrf,0.7580143774767806,0.5,0.3333333333333333,0.3333333333333333,0.4360431468543149,0.18251723722732427,1,2,0.0006,64.29950000000001,books-genre-a=5 | books-genre-b=5
q035,a marriage falling apart told from both perspectives,Tail,StripeLocal,Conceptual,Vector,minmax-norm,0.8106280919410022,0.6,0.42857142857142855,0.4222222222222222,0.5066425066345438,0.18251723722732427,1,2,0.0006,64.3272,books-genre-a=4 | books-genre-b=6
q035,a marriage falling apart told from both perspectives,Tail,StripeLocal,Conceptual,Vector,zscore-norm,0.7780207879985822,0.6,0.42857142857142855,0.1111111111111111,0.353132732520717,0.18762444879438445,1,2,0.0006,64.3253,books-genre-a=4 | books-genre-b=6
q035,a marriage falling apart told from both perspectives,Tail,StripeLocal,Conceptual,Vector,vector-similarity,1,1,1,1,0.9999999999999998,0.16236798063587166,1,2,0.0006,64.2958,books-genre-b=10
q036,essays on race in America,Torso,StripeLocal,Mixed,Vector,single-index,1,1,1,1,1,0.8389874946397199,1,1,0.000583333,79.1368,books-oracle2=10
q036,essays on race in America,Torso,StripeLocal,Mixed,Vector,naive-score,1,1,1,1,0.9999999999999998,0.8389874946397199,1,2,0.0011,63.1008,books-genre-b=10
q036,essays on race in America,Torso,StripeLocal,Mixed,Vector,interleave,0.6177381453221148,0.5,0.3333333333333333,0.3333333333333333,0.38293264596589754,0.48207572815876226,1,2,0.0011,63.0868,books-genre-a=5 | books-genre-b=5
q036,essays on race in America,Torso,StripeLocal,Mixed,Vector,quota-merge,0.7578692266867688,0.5,0.3333333333333333,0.4666666666666667,0.5980675480279657,0.587944155713815,1,2,0.0011,63.0774,books-genre-a=5 | books-genre-b=5
q036,essays on race in America,Torso,StripeLocal,Mixed,Vector,global-rrf,0.7578692266867688,0.5,0.3333333333333333,0.4666666666666667,0.5980675480279657,0.587944155713815,1,2,0.0011,63.095,books-genre-a=5 | books-genre-b=5
q036,essays on race in America,Torso,StripeLocal,Mixed,Vector,minmax-norm,0.8190494476918971,0.6,0.42857142857142855,0.5238095238095238,0.6752865478618361,0.6628136711570533,1,2,0.0011,63.1221,books-genre-a=4 | books-genre-b=6
q036,essays on race in America,Torso,StripeLocal,Mixed,Vector,zscore-norm,0.6463506411432252,0.5,0.3333333333333333,0.3333333333333333,0.4635333607553394,0.5022518776429161,1,2,0.0011,63.1201,books-genre-a=5 | books-genre-b=5
q036,essays on race in America,Torso,StripeLocal,Mixed,Vector,vector-similarity,1,1,1,1,0.9999999999999998,0.8389874946397199,1,2,0.0011,63.0909,books-genre-b=10
q037,spiritual awakening and mindfulness practice,Torso,StripeLocal,Conceptual,Vector,single-index,1,1,1,1,1,0.9621404437403491,1,1,0.000583333,107.7228,books-oracle2=10
q037,spiritual awakening and mindfulness practice,Torso,StripeLocal,Conceptual,Vector,naive-score,1,1,1,1,0.9999999999999998,0.9621404437403491,1,2,0.0011,96.9489,books-genre-b=10
q037,spiritual awakening and mindfulness practice,Torso,StripeLocal,Conceptual,Vector,interleave,0.5324657695478926,0.5,0.3333333333333333,1,0.38293264596589754,0.44510108735750964,1,2,0.0011,96.9333,books-genre-a=5 | books-genre-b=5
q037,spiritual awakening and mindfulness practice,Torso,StripeLocal,Conceptual,Vector,quota-merge,0.535550272031766,0.5,0.3333333333333333,1,0.39458896866904886,0.44903378752009243,1,2,0.0011,96.9241,books-genre-a=5 | books-genre-b=5
q037,spiritual awakening and mindfulness practice,Torso,StripeLocal,Conceptual,Vector,global-rrf,0.535550272031766,0.5,0.3333333333333333,1,0.39458896866904886,0.44903378752009243,1,2,0.0011,96.9418,books-genre-a=5 | books-genre-b=5
q037,spiritual awakening and mindfulness practice,Torso,StripeLocal,Conceptual,Vector,minmax-norm,0.4980992587041927,0.4,0.25,1,0.3941492005984844,0.38852647257634376,1,2,0.0011,96.9711,books-genre-a=6 | books-genre-b=4
q037,spiritual awakening and mindfulness practice,Torso,StripeLocal,Conceptual,Vector,zscore-norm,0.7341217330861204,0.5,0.3333333333333333,1,0.6586674371085209,0.5743371894486217,1,2,0.0011,96.9703,books-genre-a=5 | books-genre-b=5
q037,spiritual awakening and mindfulness practice,Torso,StripeLocal,Conceptual,Vector,vector-similarity,1,1,1,1,0.9999999999999998,0.9621404437403491,1,2,0.0011,96.9385,books-genre-b=10
q038,immigrant family adjusting to a new country,Torso,StripeLocal,Conceptual,Vector,single-index,1,1,1,1,1,0.8836981896647146,1,1,0.000583333,77.9457,books-oracle2=10
q038,immigrant family adjusting to a new country,Torso,StripeLocal,Conceptual,Vector,naive-score,1,1,1,1,0.9999999999999998,0.8836981896647146,1,2,0.0006,64.0565,books-genre-a=2 | books-genre-b=8
q038,immigrant family adjusting to a new country,Torso,StripeLocal,Conceptual,Vector,interleave,0.8439286727733808,0.7,0.5384615384615384,0.37777777777777777,0.45826502759817067,0.9202182025407148,1,2,0.0006,64.04090000000001,books-genre-a=5 | books-genre-b=5
q038,immigrant family adjusting to a new country,Torso,StripeLocal,Conceptual,Vector,quota-merge,0.8474845267450775,0.7,0.5384615384615384,0.4666666666666667,0.48575524149919536,0.921723022686679,1,2,0.0006,64.0293,books-genre-a=5 | books-genre-b=5
q038,immigrant family adjusting to a new country,Torso,StripeLocal,Conceptual,Vector,global-rrf,0.8474845267450775,0.7,0.5384615384615384,0.4666666666666667,0.48575524149919536,0.921723022686679,1,2,0.0006,64.0507,books-genre-a=5 | books-genre-b=5
q038,immigrant family adjusting to a new country,Torso,StripeLocal,Conceptual,Vector,minmax-norm,0.8590262480463322,0.7,0.5384615384615384,0.4666666666666667,0.538668152527799,0.918402774836493,1,2,0.0006,64.0841,books-genre-a=5 | books-genre-b=5
q038,immigrant family adjusting to a new country,Torso,StripeLocal,Conceptual,Vector,zscore-norm,0.9497290345671122,0.7,0.5384615384615384,0.5111111111111111,0.6922021458065619,0.918402774836493,1,2,0.0006,64.0792,books-genre-a=5 | books-genre-b=5
q038,immigrant family adjusting to a new country,Torso,StripeLocal,Conceptual,Vector,vector-similarity,1,1,1,1,0.9999999999999998,0.8836981896647146,1,2,0.0006,64.0463,books-genre-a=2 | books-genre-b=8
q039,art history and the Renaissance painters,Torso,StripeLocal,Mixed,Vector,single-index,1,1,1,1,1,0.7535335429380635,1,1,0.000583333,77.7541,books-oracle2=10
q039,art history and the Renaissance painters,Torso,StripeLocal,Mixed,Vector,naive-score,1,1,1,1,0.9999999999999998,0.7535335429380635,1,2,0.0011,62.2145,books-genre-b=10
q039,art history and the Renaissance painters,Torso,StripeLocal,Mixed,Vector,interleave,0.6672618975290422,0.5,0.3333333333333333,0.14285714285714285,0.38293264596589754,0.43746657451119353,1,2,0.0011,62.199400000000004,books-genre-a=5 | books-genre-b=5
q039,art history and the Renaissance painters,Torso,StripeLocal,Mixed,Vector,quota-merge,0.6887601546292943,0.5,0.3333333333333333,0.2857142857142857,0.4635333607553394,0.4615737520209853,1,2,0.0011,62.1895,books-genre-a=5 | books-genre-b=5
q039,art history and the Renaissance painters,Torso,StripeLocal,Mixed,Vector,global-rrf,0.6887601546292943,0.5,0.3333333333333333,0.2857142857142857,0.4635333607553394,0.4615737520209853,1,2,0.0011,62.2072,books-genre-a=5 | books-genre-b=5
q039,art history and the Renaissance painters,Torso,StripeLocal,Mixed,Vector,minmax-norm,0.7174192205026434,0.6,0.42857142857142855,0.16666666666666666,0.4244035108791692,0.4575483311849481,1,2,0.0011,62.2385,books-genre-a=4 | books-genre-b=6
q039,art history and the Renaissance painters,Torso,StripeLocal,Mixed,Vector,zscore-norm,0.5963406440769854,0.5,0.3333333333333333,-0.07142857142857142,0.256062923233285,0.40766410291694827,1,2,0.0011,62.2322,books-genre-a=5 | books-genre-b=5
q039,art history and the Renaissance painters,Torso,StripeLocal,Mixed,Vector,vector-similarity,1,1,1,1,0.9999999999999998,0.7535335429380635,1,2,0.0011,62.2117,books-genre-b=10
q040,investing personal finance wealth,Torso,StripeLocal,Lexical,Vector,single-index,1,1,1,1,1,0.9173414328953917,1,1,0.000583333,77.2454,books-oracle2=10
q040,investing personal finance wealth,Torso,StripeLocal,Lexical,Vector,naive-score,1,1,1,1,0.9999999999999998,0.9173414328953917,1,2,0.0006,64.1679,books-genre-b=10
q040,investing personal finance wealth,Torso,StripeLocal,Lexical,Vector,interleave,0.5324657695478926,0.5,0.3333333333333333,1,0.38293264596589754,0.5149074715272383,1,2,0.0006,64.15270000000001,books-genre-a=5 | books-genre-b=5
q040,investing personal finance wealth,Torso,StripeLocal,Lexical,Vector,quota-merge,0.5374055605323891,0.5,0.3333333333333333,1,0.4019324519720342,0.520911792636318,1,2,0.0006,64.14320000000001,books-genre-a=5 | books-genre-b=5
q040,investing personal finance wealth,Torso,StripeLocal,Lexical,Vector,global-rrf,0.5374055605323891,0.5,0.3333333333333333,1,0.4019324519720342,0.520911792636318,1,2,0.0006,64.1641,books-genre-a=5 | books-genre-b=5
q040,investing personal finance wealth,Torso,StripeLocal,Lexical,Vector,minmax-norm,0.5887647454255442,0.6,0.42857142857142855,1,0.44455024147720845,0.5574346952048514,1,2,0.0006,64.19510000000001,books-genre-a=4 | books-genre-b=6
q040,investing personal finance wealth,Torso,StripeLocal,Lexical,Vector,zscore-norm,0.5645095462493355,0.6,0.42857142857142855,1,0.36824278046924647,0.5365396045297153,1,2,0.0006,64.2342,books-genre-a=4 | books-genre-b=6
q040,investing personal finance wealth,Torso,StripeLocal,Lexical,Vector,vector-similarity,1,1,1,1,0.9999999999999998,0.9173414328953917,1,2,0.0006,64.1588,books-genre-b=10
q041,love,Head,CrossStripe,Lexical,Vector,single-index,1,1,1,1,1,1,1,1,0.000583333,79.2461,books-oracle2=10
q041,love,Head,CrossStripe,Lexical,Vector,naive-score,1,1,1,1,0.9999999999999998,1,1,2,0.0011,62.9131,books-genre-b=10
q041,love,Head,CrossStripe,Lexical,Vector,interleave,0.7603647768658545,0.5,0.3333333333333333,0.3333333333333333,0.38293264596589754,1,1,2,0.0011,62.9059,books-genre-a=5 | books-genre-b=5
q041,love,Head,CrossStripe,Lexical,Vector,quota-merge,0.8864040093302318,0.5,0.3333333333333333,0.5111111111111111,0.596920623436063,1,1,2,0.0011,62.8832,books-genre-a=5 | books-genre-b=5
q041,love,Head,CrossStripe,Lexical,Vector,global-rrf,0.8864040093302318,0.5,0.3333333333333333,0.5111111111111111,0.596920623436063,1,1,2,0.0011,62.9122,books-genre-a=5 | books-genre-b=5
q041,love,Head,CrossStripe,Lexical,Vector,minmax-norm,0.7572908164216672,0.2,0.1111111111111111,0.7777777777777778,0.39557158048166824,0.9621404437403491,1,2,0.0011,62.940200000000004,books-genre-a=8 | books-genre-b=2
q041,love,Head,CrossStripe,Lexical,Vector,zscore-norm,0.8982846376005147,0.5,0.3333333333333333,0.3333333333333333,0.6110653896249574,1,1,2,0.0011,62.9328,books-genre-a=5 | books-genre-b=5
q041,love,Head,CrossStripe,Lexical,Vector,vector-similarity,1,1,1,1,0.9999999999999998,1,1,2,0.0011,62.9072,books-genre-b=10
q042,war,Head,CrossStripe,Lexical,Vector,single-index,1,1,1,1,1,1,1,1,0.001183333,79.0776,books-oracle2=10
q042,war,Head,CrossStripe,Lexical,Vector,naive-score,1,1,1,1,0.9999999999999998,1,1,2,0.0006,64.11160000000001,books-genre-a=1 | books-genre-b=9
q042,war,Head,CrossStripe,Lexical,Vector,interleave,0.8081087175255843,0.6,0.42857142857142855,0.3333333333333333,0.396224350744301,0.9513467899190737,1,2,0.0006,64.1068,books-genre-a=5 | books-genre-b=5
q042,war,Head,CrossStripe,Lexical,Vector,quota-merge,0.8229807524557381,0.6,0.42857142857142855,0.5111111111111111,0.4768250655337429,0.9552009891550426,1,2,0.0006,64.08290000000001,books-genre-a=5 | books-genre-b=5
q042,war,Head,CrossStripe,Lexical,Vector,global-rrf,0.8229807524557381,0.6,0.42857142857142855,0.5111111111111111,0.4768250655337429,0.9552009891550426,1,2,0.0006,64.10950000000001,books-genre-a=5 | books-genre-b=5
q042,war,Head,CrossStripe,Lexical,Vector,minmax-norm,0.8398324092720605,0.7,0.5384615384615384,0.37777777777777777,0.49195264113789255,0.9552009891550426,1,2,0.0006,64.1404,books-genre-a=4 | books-genre-b=6
q042,war,Head,CrossStripe,Lexical,Vector,zscore-norm,0.8249189276810414,0.7,0.5384615384615384,0.2,0.40951605552270437,0.9513467899190737,1,2,0.0006,64.1374,books-genre-a=4 | books-genre-b=6
q042,war,Head,CrossStripe,Lexical,Vector,vector-similarity,1,1,1,1,0.9999999999999998,1,1,2,0.0006,64.1089,books-genre-a=1 | books-genre-b=9
q043,family,Head,CrossStripe,Lexical,Vector,single-index,1,1,1,1,1,0.8385943955981612,1,1,0.001183333,78.7739,books-oracle2=10
q043,family,Head,CrossStripe,Lexical,Vector,naive-score,1,1,1,1,0.9999999999999998,0.8385943955981612,1,2,0.0011,63.2178,books-genre-a=1 | books-genre-b=9
q043,family,Head,CrossStripe,Lexical,Vector,interleave,0.9425138726586181,0.6,0.42857142857142855,0.5555555555555556,0.7443768448372792,0.94546789582947,1,2,0.0011,63.2067,books-genre-a=5 | books-genre-b=5
q043,family,Head,CrossStripe,Lexical,Vector,quota-merge,0.888657636359206,0.6,0.42857142857142855,0.5555555555555556,0.5981863348615019,0.9432106656105237,1,2,0.0011,63.186,books-genre-a=5 | books-genre-b=5
q043,family,Head,CrossStripe,Lexical,Vector,global-rrf,0.888657636359206,0.6,0.42857142857142855,0.5555555555555556,0.5981863348615019,0.9432106656105237,1,2,0.0011,64.4764,books-genre-a=5 | books-genre-b=5
q043,family,Head,CrossStripe,Lexical,Vector,minmax-norm,0.8852452287489166,0.5,0.3333333333333333,0.9555555555555556,0.7213902103911782,0.94546789582947,1,2,0.0011,63.2313,books-genre-a=6 | books-genre-b=4
q043,family,Head,CrossStripe,Lexical,Vector,zscore-norm,0.93559117604612,0.5,0.3333333333333333,0.9111111111111111,0.8267959027968472,0.94546789582947,1,2,0.0011,63.2281,books-genre-a=6 | books-genre-b=4
q043,family,Head,CrossStripe,Lexical,Vector,vector-similarity,1,1,1,1,0.9999999999999998,0.8385943955981612,1,2,0.0011,63.2134,books-genre-a=1 | books-genre-b=9
q044,death,Head,CrossStripe,Lexical,Vector,single-index,1,1,1,1,1,0.8340899081434534,1,1,0.001183333,113.959,books-oracle2=10
q044,death,Head,CrossStripe,Lexical,Vector,naive-score,1,1,1,1,0.9999999999999998,0.8340899081434534,1,2,0.0008500000000000001,100.5415,books-genre-a=7 | books-genre-b=3
q044,death,Head,CrossStripe,Lexical,Vector,interleave,0.9673056464773241,0.8,0.6666666666666666,0.6444444444444445,0.7336730107198334,0.8619634961509087,1,2,0.0008500000000000001,100.5252,books-genre-a=5 | books-genre-b=5
q044,death,Head,CrossStripe,Lexical,Vector,quota-merge,0.9673056464773241,0.8,0.6666666666666666,0.6444444444444445,0.7336730107198334,0.8619634961509087,1,2,0.0008500000000000001,100.51559999999999,books-genre-a=5 | books-genre-b=5
q044,death,Head,CrossStripe,Lexical,Vector,global-rrf,0.9673056464773241,0.8,0.6666666666666666,0.6444444444444445,0.7336730107198334,0.8619634961509087,1,2,0.0008500000000000001,100.53309999999999,books-genre-a=5 | books-genre-b=5
q044,death,Head,CrossStripe,Lexical,Vector,minmax-norm,0.9663286186229488,0.9,0.8181818181818182,0.4666666666666667,0.6981670540099857,0.8125308867976598,1,2,0.0008500000000000001,100.55959999999999,books-genre-a=6 | books-genre-b=4
q044,death,Head,CrossStripe,Lexical,Vector,zscore-norm,0.8821086740099143,0.9,0.8181818181818182,0.4222222222222222,0.5446330607312228,0.8125308867976598,1,2,0.0008500000000000001,100.5585,books-genre-a=6 | books-genre-b=4
q044,death,Head,CrossStripe,Lexical,Vector,vector-similarity,1,1,1,1,0.9999999999999998,0.8340899081434534,1,2,0.0008500000000000001,100.5287,books-genre-a=7 | books-genre-b=3
q045,friendship,Head,CrossStripe,Lexical,Vector,single-index,1,1,1,1,1,0.8011932506490966,1,1,0.000583333,78.7519,books-oracle2=10
q045,friendship,Head,CrossStripe,Lexical,Vector,naive-score,1,1,1,1,0.9999999999999998,0.8011932506490966,1,2,0.0008500000000000001,89.37049999999999,books-genre-a=2 | books-genre-b=8
q045,friendship,Head,CrossStripe,Lexical,Vector,interleave,0.9696262766719548,0.7,0.5384615384615384,0.5555555555555556,0.7785042264475658,0.8158444290731688,1,2,0.0008500000000000001,89.3549,books-genre-a=5 | books-genre-b=5
q045,friendship,Head,CrossStripe,Lexical,Vector,quota-merge,0.9751468296202535,0.7,0.5384615384615384,0.6444444444444445,0.8316147273359832,0.8268102684686385,1,2,0.0008500000000000001,89.34519999999999,books-genre-a=5 | books-genre-b=5
q045,friendship,Head,CrossStripe,Lexical,Vector,global-rrf,0.9751468296202535,0.7,0.5384615384615384,0.6444444444444445,0.8316147273359832,0.8268102684686385,1,2,0.0008500000000000001,89.3629,books-genre-a=5 | books-genre-b=5
q045,friendship,Head,CrossStripe,Lexical,Vector,minmax-norm,0.9978186987224108,0.9,0.8181818181818182,1,0.9940517785245819,0.8011932506490966,1,2,0.0008500000000000001,89.4005,books-genre-a=3 | books-genre-b=7
q045,friendship,Head,CrossStripe,Lexical,Vector,zscore-norm,0.9805130054777167,0.7,0.5384615384615384,0.8222222222222222,0.9021965594605917,0.8323218380274555,1,2,0.0008500000000000001,89.3913,books-genre-a=5 | books-genre-b=5
q045,friendship,Head,CrossStripe,Lexical,Vector,vector-similarity,1,1,1,1,0.9999999999999998,0.8011932506490966,1,2,0.0008500000000000001,89.3603,books-genre-a=2 | books-genre-b=8
q046,coming of age story about a teenager finding their identity,Torso,CrossStripe,Conceptual,Vector,single-index,1,1,1,1,1,0.8476702169508651,1,1,0.000583333,78.3521,books-oracle2=10
q046,coming of age story about a teenager finding their identity,Torso,CrossStripe,Conceptual,Vector,naive-score,1,1,1,1,0.9999999999999998,0.8476702169508651,1,2,0.0008500000000000001,90.8346,books-genre-a=9 | books-genre-b=1
q046,coming of age story about a teenager finding their identity,Torso,CrossStripe,Conceptual,Vector,interleave,0.9431339408394569,0.6,0.42857142857142855,0.6444444444444445,0.714433084466012,0.7800261882666942,1,2,0.0008500000000000001,90.8185,books-genre-a=5 | books-genre-b=5
q046,coming of age story about a teenager finding their identity,Torso,CrossStripe,Conceptual,Vector,quota-merge,0.8484456514437413,0.6,0.42857142857142855,0.5111111111111111,0.5121014296989979,0.786487540207456,1,2,0.0008500000000000001,90.8085,books-genre-a=5 | books-genre-b=5
q046,coming of age story about a teenager finding their identity,Torso,CrossStripe,Conceptual,Vector,global-rrf,0.8484456514437413,0.6,0.42857142857142855,0.5111111111111111,0.5121014296989979,0.786487540207456,1,2,0.0008500000000000001,90.8278,books-genre-a=5 | books-genre-b=5
q046,coming of age story about a teenager finding their identity,Torso,CrossStripe,Conceptual,Vector,minmax-norm,0.8491336696935582,0.6,0.42857142857142855,0.5555555555555556,0.5194449130019831,0.7887447704264023,1,2,0.0008500000000000001,90.8561,books-genre-a=5 | books-genre-b=5
q046,coming of age story about a teenager finding their identity,Torso,CrossStripe,Conceptual,Vector,zscore-norm,0.8451955982125259,0.6,0.42857142857142855,0.4666666666666667,0.4919546991009585,0.786487540207456,1,2,0.0008500000000000001,90.8534,books-genre-a=5 | books-genre-b=5
q046,coming of age story about a teenager finding their identity,Torso,CrossStripe,Conceptual,Vector,vector-similarity,1,1,1,1,0.9999999999999998,0.8476702169508651,1,2,0.0008500000000000001,90.8244,books-genre-a=9 | books-genre-b=1
q047,a story about losing someone you love and learning to go on,Torso,CrossStripe,Conceptual,Vector,single-index,1,1,1,1,1,0.8219621123515236,1,1,0.000583333,77.9681,books-oracle2=10
q047,a story about losing someone you love and learning to go on,Torso,CrossStripe,Conceptual,Vector,naive-score,1,1,1,1,0.9999999999999998,0.8219621123515236,1,2,0.0008500000000000001,94.1679,books-genre-b=10
q047,a story about losing someone you love and learning to go on,Torso,CrossStripe,Conceptual,Vector,interleave,0.7908823078014483,0.5,0.3333333333333333,0.3333333333333333,0.38293264596589754,0.6209546335102745,1,2,0.0008500000000000001,94.1494,books-genre-a=5 | books-genre-b=5
q047,a story about losing someone you love and learning to go on,Torso,CrossStripe,Conceptual,Vector,quota-merge,0.9088248548334054,0.5,0.3333333333333333,0.4666666666666667,0.5852643007329117,0.6970411189577728,1,2,0.0008500000000000001,94.1372,books-genre-a=5 | books-genre-b=5
q047,a story about losing someone you love and learning to go on,Torso,CrossStripe,Conceptual,Vector,global-rrf,0.9088248548334054,0.5,0.3333333333333333,0.4666666666666667,0.5852643007329117,0.6970411189577728,1,2,0.0008500000000000001,94.1551,books-genre-a=5 | books-genre-b=5
q047,a story about losing someone you love and learning to go on,Torso,CrossStripe,Conceptual,Vector,minmax-norm,0.8817206931374305,0.4,0.25,0.5111111111111111,0.5403397105742619,0.7538304533472491,1,2,0.0008500000000000001,94.1815,books-genre-a=6 | books-genre-b=4
q047,a story about losing someone you love and learning to go on,Torso,CrossStripe,Conceptual,Vector,zscore-norm,0.9067866786981729,0.4,0.25,0.6888888888888889,0.6520302693992593,0.7843116613936434,1,2,0.0008500000000000001,94.1785,books-genre-a=6 | books-genre-b=4
q047,a story about losing someone you love and learning to go on,Torso,CrossStripe,Conceptual,Vector,vector-similarity,1,1,1,1,0.9999999999999998,0.8219621123515236,1,2,0.0008500000000000001,94.1493,books-genre-b=10
q048,World War II,Head,CrossStripe,Lexical,Vector,single-index,1,1,1,1,1,0.8700578715134215,1,1,0.000583333,80.4551,books-oracle2=10
q048,World War II,Head,CrossStripe,Lexical,Vector,naive-score,1,1,1,1,0.9999999999999998,0.8700578715134215,1,2,0.0011,63.1392,books-genre-b=10
q048,World War II,Head,CrossStripe,Lexical,Vector,interleave,0.6326701850352442,0.5,0.3333333333333333,0.3333333333333333,0.38293264596589754,0.6330137463563639,1,2,0.0011,63.125400000000006,books-genre-a=5 | books-genre-b=5
q048,World War II,Head,CrossStripe,Lexical,Vector,quota-merge,0.754699033875226,0.5,0.3333333333333333,0.4666666666666667,0.5756131758488364,0.6420058522550711,1,2,0.0011,63.116600000000005,books-genre-a=5 | books-genre-b=5
q048,World War II,Head,CrossStripe,Lexical,Vector,global-rrf,0.754699033875226,0.5,0.3333333333333333,0.4666666666666667,0.5756131758488364,0.6420058522550711,1,2,0.0011,63.1323,books-genre-a=5 | books-genre-b=5
q048,World War II,Head,CrossStripe,Lexical,Vector,minmax-norm,0.8885464083808055,0.7,0.5384615384615384,0.5714285714285714,0.7728498681535595,0.7498044781683496,1,2,0.0011,63.161,books-genre-a=3 | books-genre-b=7
q048,World War II,Head,CrossStripe,Lexical,Vector,zscore-norm,0.7308389576558177,0.6,0.42857142857142855,0.42857142857142855,0.5760091391357787,0.7045922946118498,1,2,0.0011,63.158500000000004,books-genre-a=4 | books-genre-b=6
q048,World War II,Head,CrossStripe,Lexical,Vector,vector-similarity,1,1,1,1,0.9999999999999998,0.8700578715134215,1,2,0.0011,63.1296,books-genre-b=10
q049,survival against impossible odds in a hostile environment,Torso,CrossStripe,Conceptual,Vector,single-index,1,1,1,1,1,1,1,1,0.000583333,106.5432,books-oracle2=10
q049,survival against impossible odds in a hostile environment,Torso,CrossStripe,Conceptual,Vector,naive-score,1,1,1,1,0.9999999999999998,1,1,2,0.0011,88.2701,books-genre-a=4 | books-genre-b=6
q049,survival against impossible odds in a hostile environment,Torso,CrossStripe,Conceptual,Vector,interleave,0.8574162877595337,0.9,0.8181818181818182,0.3333333333333333,0.47388106068567,1,1,2,0.0011,88.25309999999999,books-genre-a=5 | books-genre-b=5
q049,survival against impossible odds in a hostile environment,Torso,CrossStripe,Conceptual,Vector,quota-merge,0.9648762345862065,0.9,0.8181818181818182,0.5111111111111111,0.7006722854508896,1,1,2,0.0011,88.2447,books-genre-a=5 | books-genre-b=5
q049,survival against impossible odds in a hostile environment,Torso,CrossStripe,Conceptual,Vector,global-rrf,0.9648762345862065,0.9,0.8181818181818182,0.5111111111111111,0.7006722854508896,1,1,2,0.0011,88.26249999999999,books-genre-a=5 | books-genre-b=5
q049,survival against impossible odds in a hostile environment,Torso,CrossStripe,Conceptual,Vector,minmax-norm,0.9665823856199918,0.9,0.8181818181818182,0.6,0.7231258167024043,1,1,2,0.0011,88.2922,books-genre-a=5 | books-genre-b=5
q049,survival against impossible odds in a hostile environment,Torso,CrossStripe,Conceptual,Vector,zscore-norm,0.8631464477604122,0.9,0.8181818181818182,0.5555555555555556,0.537316999367107,1,1,2,0.0011,88.289,books-genre-a=5 | books-genre-b=5
q049,survival against impossible odds in a hostile environment,Torso,CrossStripe,Conceptual,Vector,vector-similarity,1,1,1,1,0.9999999999999998,1,1,2,0.0011,88.25869999999999,books-genre-a=4 | books-genre-b=6
q050,revenge,Head,CrossStripe,Lexical,Vector,single-index,1,1,1,1,1,0.5860656363839352,1,1,0.000583333,78.7517,books-oracle2=10
q050,revenge,Head,CrossStripe,Lexical,Vector,naive-score,1,1,1,1,0.9999999999999998,0.5860656363839352,1,2,0.0011,64.8506,books-genre-a=6 | books-genre-b=4
q050,revenge,Head,CrossStripe,Lexical,Vector,interleave,0.9882937578986833,0.9,0.8181818181818182,0.7333333333333333,0.8408874558956322,0.5564172751522125,1,2,0.0011,64.8353,books-genre-a=5 | books-genre-b=5
q050,revenge,Head,CrossStripe,Lexical,Vector,quota-merge,0.9879911628090783,0.9,0.8181818181818182,0.6888888888888889,0.8335439725926471,0.5564172751522125,1,2,0.0011,64.82639999999999,books-genre-a=5 | books-genre-b=5
q050,revenge,Head,CrossStripe,Lexical,Vector,global-rrf,0.9879911628090783,0.9,0.8181818181818182,0.6888888888888889,0.8335439725926471,0.5564172751522125,1,2,0.0011,64.84389999999999,books-genre-a=5 | books-genre-b=5
q050,revenge,Head,CrossStripe,Lexical,Vector,minmax-norm,0.9796231274035669,1,1,0.5555555555555556,0.7584683979360644,0.5759725143712856,1,2,0.0011,64.872,books-genre-a=6 | books-genre-b=4
q050,revenge,Head,CrossStripe,Lexical,Vector,zscore-norm,0.9001169450486085,1,1,0.4666666666666667,0.576952834382247,0.5759725143712856,1,2,0.0011,64.8695,books-genre-a=6 | books-genre-b=4
q050,revenge,Head,CrossStripe,Lexical,Vector,vector-similarity,1,1,1,1,0.9999999999999998,0.5860656363839352,1,2,0.0011,64.84,books-genre-a=6 | books-genre-b=4
q051,betrayal by someone you trusted completely,Torso,CrossStripe,Conceptual,Vector,single-index,1,1,1,1,1,0.3687750799234108,1,1,0.000583333,78.6632,books-oracle2=10
q051,betrayal by someone you trusted completely,Torso,CrossStripe,Conceptual,Vector,naive-score,1,1,1,1,0.9999999999999998,0.3687750799234108,1,2,0.0006,63.3573,books-genre-a=9 | books-genre-b=1
q051,betrayal by someone you trusted completely,Torso,CrossStripe,Conceptual,Vector,interleave,0.9340458727367655,0.6,0.42857142857142855,0.5555555555555556,0.6303590588125058,0.3659006670913691,0.9,2,0.0006,63.3432,books-genre-a=5 | books-genre-b=5
q051,betrayal by someone you trusted completely,Torso,CrossStripe,Conceptual,Vector,quota-merge,0.8202106763438448,0.6,0.42857142857142855,0.4222222222222222,0.42802740404549156,0.4038766648584957,0.9,2,0.0006,63.3337,books-genre-a=5 | books-genre-b=5
q051,betrayal by someone you trusted completely,Torso,CrossStripe,Conceptual,Vector,global-rrf,0.8202106763438448,0.6,0.42857142857142855,0.4222222222222222,0.42802740404549156,0.4038766648584957,0.9,2,0.0006,63.3521,books-genre-a=5 | books-genre-b=5
q051,betrayal by someone you trusted completely,Torso,CrossStripe,Conceptual,Vector,minmax-norm,0.80314957913409,0.6,0.42857142857142855,0.2,0.3329860019226777,0.4038766648584957,0.9,2,0.0006,63.3813,books-genre-a=5 | books-genre-b=5
q051,betrayal by someone you trusted completely,Torso,CrossStripe,Conceptual,Vector,zscore-norm,0.9139042346577454,0.6,0.42857142857142855,0.37777777777777777,0.5291202570509947,0.37794532659487756,0.9,2,0.0006,63.3802,books-genre-a=5 | books-genre-b=5
q051,betrayal by someone you trusted completely,Torso,CrossStripe,Conceptual,Vector,vector-similarity,1,1,1,1,0.9999999999999998,0.3687750799234108,1,2,0.0006,63.3481,books-genre-a=9 | books-genre-b=1
q052,an orphan raised by strangers who discovers the truth about their parents,Tail,CrossStripe,Conceptual,Vector,single-index,1,1,1,1,1,0.6068934455359966,1,1,0.000583333,78.1582,books-oracle2=10
q052,an orphan raised by strangers who discovers the truth about their parents,Tail,CrossStripe,Conceptual,Vector,naive-score,1,1,1,1,0.9999999999999998,0.6068934455359966,1,2,0.0008500000000000001,99.15499999999999,books-genre-a=4 | books-genre-b=6
q052,an orphan raised by strangers who discovers the truth about their parents,Tail,CrossStripe,Conceptual,Vector,interleave,0.9090347898966115,0.9,0.8181818181818182,0.6444444444444445,0.6536658490771475,0.5100233906718867,1,2,0.0008500000000000001,99.13799999999999,books-genre-a=5 | books-genre-b=5
q052,an orphan raised by strangers who discovers the truth about their parents,Tail,CrossStripe,Conceptual,Vector,quota-merge,0.9911029032665196,0.9,0.8181818181818182,0.8666666666666667,0.8878005571453523,0.5965407211028538,1,2,0.0008500000000000001,99.128,books-genre-a=5 | books-genre-b=5
q052,an orphan raised by strangers who discovers the truth about their parents,Tail,CrossStripe,Conceptual,Vector,global-rrf,0.9911029032665196,0.9,0.8181818181818182,0.8666666666666667,0.8878005571453523,0.5965407211028538,1,2,0.0008500000000000001,99.1476,books-genre-a=5 | books-genre-b=5
q052,an orphan raised by strangers who discovers the truth about their parents,Tail,CrossStripe,Conceptual,Vector,minmax-norm,0.9913609174608741,1,1,0.8222222222222222,0.873602048022731,0.5943659368839938,1,2,0.0008500000000000001,99.18029999999999,books-genre-a=4 | books-genre-b=6
q052,an orphan raised by strangers who discovers the truth about their parents,Tail,CrossStripe,Conceptual,Vector,zscore-norm,0.917164624549093,1,1,0.7333333333333333,0.7084117320408169,0.5157920841504022,1,2,0.0008500000000000001,99.17779999999999,books-genre-a=4 | books-genre-b=6
q052,an orphan raised by strangers who discovers the truth about their parents,Tail,CrossStripe,Conceptual,Vector,vector-similarity,1,1,1,1,0.9999999999999998,0.6068934455359966,1,2,0.0008500000000000001,99.14349999999999,books-genre-a=4 | books-genre-b=6
q053,political corruption and the abuse of power,Torso,CrossStripe,Mixed,Vector,single-index,1,1,1,1,1,0.49412307431218866,1,1,0.000583333,106.9211,books-oracle2=10
q053,political corruption and the abuse of power,Torso,CrossStripe,Mixed,Vector,naive-score,1,1,1,1,0.9999999999999998,0.49412307431218866,1,2,0.0011,63.7027,books-genre-a=1 | books-genre-b=9
q053,political corruption and the abuse of power,Torso,CrossStripe,Mixed,Vector,interleave,0.7976088399352755,0.6,0.42857142857142855,0.3333333333333333,0.4054037048730326,0.6562172922146989,1,2,0.0011,63.6854,books-genre-a=5 | books-genre-b=5
q053,political corruption and the abuse of power,Torso,CrossStripe,Mixed,Vector,quota-merge,0.8123413244005218,0.6,0.42857142857142855,0.4666666666666667,0.4743480969593232,0.6415424499581139,1,2,0.0011,63.677,books-genre-a=5 | books-genre-b=5
q053,political corruption and the abuse of power,Torso,CrossStripe,Mixed,Vector,global-rrf,0.8123413244005218,0.6,0.42857142857142855,0.4666666666666667,0.4743480969593232,0.6415424499581139,1,2,0.0011,63.6944,books-genre-a=5 | books-genre-b=5
q053,political corruption and the abuse of power,Torso,CrossStripe,Mixed,Vector,minmax-norm,0.8574308092455146,0.8,0.6666666666666666,0.5111111111111111,0.5984977256985339,0.6292999115180049,1,2,0.0011,63.7245,books-genre-a=3 | books-genre-b=7
q053,political corruption and the abuse of power,Torso,CrossStripe,Mixed,Vector,zscore-norm,0.8232706439087316,0.7,0.5384615384615384,0.3333333333333333,0.4656085109011561,0.6699209216091966,1,2,0.0011,63.7215,books-genre-a=4 | books-genre-b=6
q053,political corruption and the abuse of power,Torso,CrossStripe,Mixed,Vector,vector-similarity,1,1,1,1,0.9999999999999998,0.49412307431218866,1,2,0.0011,63.6914,books-genre-a=1 | books-genre-b=9
q054,isolation and loneliness,Torso,CrossStripe,Conceptual,Vector,single-index,1,1,1,1,1,0.8608272741656436,1,1,0.000583333,111.7035,books-oracle2=10
q054,isolation and loneliness,Torso,CrossStripe,Conceptual,Vector,naive-score,1,1,1,1,0.9999999999999998,0.8608272741656436,1,2,0.0011,63.6851,books-genre-a=3 | books-genre-b=7
q054,isolation and loneliness,Torso,CrossStripe,Conceptual,Vector,interleave,0.8339352372846647,0.8,0.6666666666666666,0.3333333333333333,0.42464363112685416,0.8124337080420628,1,2,0.0011,63.6706,books-genre-a=5 | books-genre-b=5
q054,isolation and loneliness,Torso,CrossStripe,Conceptual,Vector,quota-merge,0.8473388145558814,0.8,0.6666666666666666,0.5111111111111111,0.505244345916296,0.8159067157499483,1,2,0.0011,63.6625,books-genre-a=5 | books-genre-b=5
q054,isolation and loneliness,Torso,CrossStripe,Conceptual,Vector,global-rrf,0.8473388145558814,0.8,0.6666666666666666,0.5111111111111111,0.505244345916296,0.8159067157499483,1,2,0.0011,63.680099999999996,books-genre-a=5 | books-genre-b=5
q054,isolation and loneliness,Torso,CrossStripe,Conceptual,Vector,minmax-norm,0.7406054180194026,0.5,0.3333333333333333,0.6444444444444445,0.2629128955319789,0.8183233010683373,1,2,0.0011,63.7098,books-genre-a=8 | books-genre-b=2
q054,isolation and loneliness,Torso,CrossStripe,Conceptual,Vector,zscore-norm,0.9271725716474319,0.7,0.5384615384615384,0.6,0.5985735331669354,0.844473289687765,1,2,0.0011,63.708,books-genre-a=6 | books-genre-b=4
q054,isolation and loneliness,Torso,CrossStripe,Conceptual,Vector,vector-similarity,1,1,1,1,0.9999999999999998,0.8608272741656436,1,2,0.0011,63.6759,books-genre-a=3 | books-genre-b=7
q055,mother and daughter relationship across generations,Torso,CrossStripe,Conceptual,Vector,single-index,1,1,1,1,1,0.6950688800755376,1,1,0.000583333,78.8881,books-oracle2=10
q055,mother and daughter relationship across generations,Torso,CrossStripe,Conceptual,Vector,naive-score,1,1,1,1,0.9999999999999998,0.6950688800755376,1,2,0.0011,64.1188,books-genre-a=2 | books-genre-b=8
q055,mother and daughter relationship across generations,Torso,CrossStripe,Conceptual,Vector,interleave,0.9067289944013385,0.7,0.5384615384615384,0.5111111111111111,0.5967910730339346,0.49341595878798655,1,2,0.0011,64.1057,books-genre-a=5 | books-genre-b=5
q055,mother and daughter relationship across generations,Torso,CrossStripe,Conceptual,Vector,quota-merge,0.9101953876494377,0.7,0.5384615384615384,0.6444444444444445,0.6359376096381106,0.5025781164787672,1,2,0.0011,64.09599999999999,books-genre-a=5 | books-genre-b=5
q055,mother and daughter relationship across generations,Torso,CrossStripe,Conceptual,Vector,global-rrf,0.9101953876494377,0.7,0.5384615384615384,0.6444444444444445,0.6359376096381106,0.5025781164787672,1,2,0.0011,64.11319999999999,books-genre-a=5 | books-genre-b=5
q055,mother and daughter relationship across generations,Torso,CrossStripe,Conceptual,Vector,minmax-norm,0.934197193263514,0.8,0.6666666666666666,0.9111111111111111,0.7990469203325471,0.5884919041612613,1,2,0.0011,64.14,books-genre-a=4 | books-genre-b=6
q055,mother and daughter relationship across generations,Torso,CrossStripe,Conceptual,Vector,zscore-norm,0.9291568649968077,0.8,0.6666666666666666,0.6888888888888889,0.7192857340792072,0.5690019239617878,1,2,0.0011,64.1378,books-genre-a=4 | books-genre-b=6
q055,mother and daughter relationship across generations,Torso,CrossStripe,Conceptual,Vector,vector-similarity,1,1,1,1,0.9999999999999998,0.6950688800755376,1,2,0.0011,64.10979999999999,books-genre-a=2 | books-genre-b=8
q056,murder,Head,CrossStripe,Lexical,Vector,single-index,1,1,1,1,1,0.9039129791606223,1,1,0.000583333,78.1652,books-oracle2=10
q056,murder,Head,CrossStripe,Lexical,Vector,naive-score,1,1,1,1,0.9999999999999998,0.9039129791606223,1,2,0.0011,99.4635,books-genre-a=10
q056,murder,Head,CrossStripe,Lexical,Vector,interleave,0.8890955283331933,0.5,0.3333333333333333,0.5555555555555556,0.6170673540341023,0.9580777588003657,1,2,0.0011,99.4493,books-genre-a=5 | books-genre-b=5
q056,murder,Head,CrossStripe,Lexical,Vector,quota-merge,0.8864419628502976,0.5,0.3333333333333333,0.4666666666666667,0.5980675480279657,0.9603250160361273,1,2,0.0011,99.4463,books-genre-a=5 | books-genre-b=5
q056,murder,Head,CrossStripe,Lexical,Vector,global-rrf,0.8864419628502976,0.5,0.3333333333333333,0.4666666666666667,0.5980675480279657,0.9603250160361273,1,2,0.0011,99.4577,books-genre-a=5 | books-genre-b=5
q056,murder,Head,CrossStripe,Lexical,Vector,minmax-norm,0.9033457654930568,0.6,0.42857142857142855,0.5111111111111111,0.6248506054076522,0.9552009891550426,1,2,0.0011,99.4857,books-genre-a=6 | books-genre-b=4
q056,murder,Head,CrossStripe,Lexical,Vector,zscore-norm,0.7276962991451759,0.5,0.3333333333333333,0.4666666666666667,0.3621682397233618,0.9580777588003657,1,2,0.0011,99.4833,books-genre-a=5 | books-genre-b=5
q056,murder,Head,CrossStripe,Lexical,Vector,vector-similarity,1,1,1,1,0.9999999999999998,0.9039129791606223,1,2,0.0011,99.4513,books-genre-a=10
q057,a journey across a ruined landscape,Torso,CrossStripe,Conceptual,Vector,single-index,1,1,1,1,1,0.44773518285642727,1,1,0.001183333,79.3423,books-oracle2=10
q057,a journey across a ruined landscape,Torso,CrossStripe,Conceptual,Vector,naive-score,1,1,1,1,0.9999999999999998,0.44773518285642727,1,2,0.0008500000000000001,97.76899999999999,books-genre-a=6 | books-genre-b=4
q057,a journey across a ruined landscape,Torso,CrossStripe,Conceptual,Vector,interleave,0.996811490158063,0.9,0.8181818181818182,0.9555555555555556,0.9823954558214305,0.4386464988280056,1,2,0.0008500000000000001,97.7484,books-genre-a=5 | books-genre-b=5
q057,a journey across a ruined landscape,Torso,CrossStripe,Conceptual,Vector,quota-merge,0.9962509936561347,0.9,0.8181818181818182,0.8666666666666667,0.954905241920406,0.43023176471861474,1,2,0.0008500000000000001,97.7391,books-genre-a=5 | books-genre-b=5
q057,a journey across a ruined landscape,Torso,CrossStripe,Conceptual,Vector,global-rrf,0.9962509936561347,0.9,0.8181818181818182,0.8666666666666667,0.954905241920406,0.43023176471861474,1,2,0.0008500000000000001,97.8014,books-genre-a=5 | books-genre-b=5
q057,a journey across a ruined landscape,Torso,CrossStripe,Conceptual,Vector,minmax-norm,1,1,1,1,0.9999999999999998,0.44773518285642727,1,2,0.0008500000000000001,97.7872,books-genre-a=6 | books-genre-b=4
q057,a journey across a ruined landscape,Torso,CrossStripe,Conceptual,Vector,zscore-norm,0.9434772599079913,1,1,0.9111111111111111,0.8050118285359709,0.375930403809764,1,2,0.0008500000000000001,97.7833,books-genre-a=6 | books-genre-b=4
q057,a journey across a ruined landscape,Torso,CrossStripe,Conceptual,Vector,vector-similarity,1,1,1,1,0.9999999999999998,0.44773518285642727,1,2,0.0008500000000000001,97.7521,books-genre-a=6 | books-genre-b=4
q058,religion faith and doubt,Torso,CrossStripe,Mixed,Vector,single-index,1,1,1,1,1,0.7504758920763749,0.9,1,0.000583333,77.7507,books-oracle2=10
q058,religion faith and doubt,Torso,CrossStripe,Mixed,Vector,naive-score,1,1,1,1,0.9999999999999998,0.7504758920763749,0.9,2,0.0006,63.4442,books-genre-b=10
q058,religion faith and doubt,Torso,CrossStripe,Mixed,Vector,interleave,0.703490331990827,0.5,0.3333333333333333,0.2222222222222222,0.38293264596589754,0.576522947196104,1,2,0.0006,63.4254,books-genre-a=5 | books-genre-b=5
q058,religion faith and doubt,Torso,CrossStripe,Mixed,Vector,quota-merge,0.8218342306056907,0.5,0.3333333333333333,0.2777777777777778,0.5364666392446605,0.6461480807028404,1,2,0.0006,63.415800000000004,books-genre-a=5 | books-genre-b=5
q058,religion faith and doubt,Torso,CrossStripe,Mixed,Vector,global-rrf,0.8218342306056907,0.5,0.3333333333333333,0.2777777777777778,0.5364666392446605,0.6461480807028404,1,2,0.0006,63.434400000000004,books-genre-a=5 | books-genre-b=5
q058,religion faith and doubt,Torso,CrossStripe,Mixed,Vector,minmax-norm,0.8074141205680936,0.5,0.3333333333333333,0.1111111111111111,0.4805717737260225,0.6400268114827858,1,2,0.0006,63.477700000000006,books-genre-a=5 | books-genre-b=5
q058,religion faith and doubt,Torso,CrossStripe,Mixed,Vector,zscore-norm,0.84868510021025,0.6,0.42857142857142855,0.1111111111111111,0.4865199952014406,0.6400268114827858,1,2,0.0006,63.4671,books-genre-a=4 | books-genre-b=6
q058,religion faith and doubt,Torso,CrossStripe,Mixed,Vector,vector-similarity,1,1,1,1,0.9999999999999998,0.7504758920763749,0.9,2,0.0006,63.437000000000005,books-genre-b=10
q059,London,Head,CrossStripe,Lexical,Vector,single-index,1,1,1,1,1,0.7923565945319208,1,1,0.000583333,78.3391,books-oracle2=10
q059,London,Head,CrossStripe,Lexical,Vector,naive-score,1,1,1,1,0.9999999999999998,0.7923565945319208,1,2,0.0008500000000000001,90.7439,books-genre-a=3 | books-genre-b=7
q059,London,Head,CrossStripe,Lexical,Vector,interleave,0.8513761457001608,0.8,0.6666666666666666,0.37777777777777777,0.4807360865053058,0.8412494261410528,1,2,0.0008500000000000001,90.7394,books-genre-a=5 | books-genre-b=5
q059,London,Head,CrossStripe,Lexical,Vector,quota-merge,0.8552994439638175,0.8,0.6666666666666666,0.4666666666666667,0.5125391398064963,0.8378785402874104,1,2,0.0008500000000000001,90.7204,books-genre-a=5 | books-genre-b=5
q059,London,Head,CrossStripe,Lexical,Vector,global-rrf,0.8552994439638175,0.8,0.6666666666666666,0.4666666666666667,0.5125391398064963,0.8378785402874104,1,2,0.0008500000000000001,90.737,books-genre-a=5 | books-genre-b=5
q059,London,Head,CrossStripe,Lexical,Vector,minmax-norm,0.7427048053212881,0.5,0.3333333333333333,0.6,0.3116618676074453,0.807979052946708,1,2,0.0008500000000000001,90.7649,books-genre-a=8 | books-genre-b=2
q059,London,Head,CrossStripe,Lexical,Vector,zscore-norm,0.9004118158720865,0.7,0.5384615384615384,0.2,0.5009586245717467,0.819701172230567,1,2,0.0008500000000000001,90.7634,books-genre-a=6 | books-genre-b=4
q059,London,Head,CrossStripe,Lexical,Vector,vector-similarity,1,1,1,1,0.9999999999999998,0.7923565945319208,1,2,0.0008500000000000001,90.7324,books-genre-a=3 | books-genre-b=7
q060,Paris,Head,CrossStripe,Lexical,Vector,single-index,1,1,1,1,1,0.9202182025407148,1,1,0.001183333,89.2763,books-oracle2=10
q060,Paris,Head,CrossStripe,Lexical,Vector,naive-score,1,1,1,1,0.9999999999999998,0.9202182025407148,1,2,0.0011,91.0139,books-genre-b=10
q060,Paris,Head,CrossStripe,Lexical,Vector,interleave,0.7085696323575248,0.5,0.3333333333333333,0.14285714285714285,0.38293264596589754,0.8899541168509599,1,2,0.0011,90.9997,books-genre-a=5 | books-genre-b=5
q060,Paris,Head,CrossStripe,Lexical,Vector,quota-merge,0.8196077121732095,0.5,0.3333333333333333,0.21428571428571427,0.5481229619478117,0.8899541168509599,1,2,0.0011,90.99010000000001,books-genre-a=5 | books-genre-b=5
q060,Paris,Head,CrossStripe,Lexical,Vector,global-rrf,0.8196077121732095,0.5,0.3333333333333333,0.21428571428571427,0.5481229619478117,0.8899541168509599,1,2,0.0011,91.00760000000001,books-genre-a=5 | books-genre-b=5
q060,Paris,Head,CrossStripe,Lexical,Vector,minmax-norm,0.8849114701207222,0.6,0.42857142857142855,0.3888888888888889,0.6546484608897669,0.9052116356304492,1,2,0.0011,91.03790000000001,books-genre-a=4 | books-genre-b=6
q060,Paris,Head,CrossStripe,Lexical,Vector,zscore-norm,0.7706790754080312,0.6,0.42857142857142855,0.2777777777777778,0.46948158223075753,0.9052116356304492,1,2,0.0011,91.03590000000001,books-genre-a=4 | books-genre-b=6
q060,Paris,Head,CrossStripe,Lexical,Vector,vector-similarity,1,1,1,1,0.9999999999999998,0.9202182025407148,1,2,0.0011,91.00290000000001,books-genre-b=10
q061,the sea and the people who make their living on it,Torso,CrossStripe,Conceptual,Vector,single-index,1,1,1,1,1,0.6715505281675916,1,1,0.000583333,77.5677,books-oracle2=10
q061,the sea and the people who make their living on it,Torso,CrossStripe,Conceptual,Vector,naive-score,1,1,1,1,0.9999999999999998,0.6715505281675916,1,2,0.0008500000000000001,94.4061,books-genre-b=10
q061,the sea and the people who make their living on it,Torso,CrossStripe,Conceptual,Vector,interleave,0.7583266250167396,0.5,0.3333333333333333,0.3333333333333333,0.38293264596589754,0.4213299657286824,1,2,0.0008500000000000001,94.3877,books-genre-a=5 | books-genre-b=5
q061,the sea and the people who make their living on it,Torso,CrossStripe,Conceptual,Vector,quota-merge,0.872319737880788,0.5,0.3333333333333333,0.4222222222222222,0.5438101225476458,0.46949785220172124,1,2,0.0008500000000000001,94.3795,books-genre-a=5 | books-genre-b=5
q061,the sea and the people who make their living on it,Torso,CrossStripe,Conceptual,Vector,global-rrf,0.872319737880788,0.5,0.3333333333333333,0.4222222222222222,0.5438101225476458,0.46949785220172124,1,2,0.0008500000000000001,94.3967,books-genre-a=5 | books-genre-b=5
q061,the sea and the people who make their living on it,Torso,CrossStripe,Conceptual,Vector,minmax-norm,0.9114195303017745,0.6,0.42857142857142855,0.5555555555555556,0.6663047835929182,0.5027130326928319,1,2,0.0008500000000000001,94.4264,books-genre-a=4 | books-genre-b=6
q061,the sea and the people who make their living on it,Torso,CrossStripe,Conceptual,Vector,zscore-norm,0.7393911052777727,0.6,0.42857142857142855,0.24444444444444444,0.34796973060074066,0.41456135348096307,1,2,0.0008500000000000001,94.4241,books-genre-a=4 | books-genre-b=6
q061,the sea and the people who make their living on it,Torso,CrossStripe,Conceptual,Vector,vector-similarity,1,1,1,1,0.9999999999999998,0.6715505281675916,1,2,0.0008500000000000001,94.4066,books-genre-b=10
q062,a small town where everyone is hiding something,Torso,CrossStripe,Conceptual,Vector,single-index,1,1,1,1,1,0.3679130686892517,0.9,1,0.000583333,78.8684,books-oracle2=10
q062,a small town where everyone is hiding something,Torso,CrossStripe,Conceptual,Vector,naive-score,1,1,1,1,0.9999999999999998,0.3679130686892517,0.9,2,0.0006,63.4738,books-genre-a=9 | books-genre-b=1
q062,a small town where everyone is hiding something,Torso,CrossStripe,Conceptual,Vector,interleave,0.8799303105353324,0.6,0.42857142857142855,0.4444444444444444,0.6395384129412375,0.5279612564519733,1,2,0.0006,63.4593,books-genre-a=5 | books-genre-b=5
q062,a small town where everyone is hiding something,Torso,CrossStripe,Conceptual,Vector,quota-merge,0.7749013792732957,0.6,0.42857142857142855,0.3333333333333333,0.46585768906443525,0.5047528786163946,1,2,0.0006,63.451299999999996,books-genre-a=5 | books-genre-b=5
q062,a small town where everyone is hiding something,Torso,CrossStripe,Conceptual,Vector,global-rrf,0.7749013792732957,0.6,0.42857142857142855,0.3333333333333333,0.46585768906443525,0.5047528786163946,1,2,0.0006,63.468999999999994,books-genre-a=5 | books-genre-b=5
q062,a small town where everyone is hiding something,Torso,CrossStripe,Conceptual,Vector,minmax-norm,0.8111232978354166,0.7,0.5384615384615384,0.3333333333333333,0.4656085109011561,0.5364223583933833,1,2,0.0006,63.4987,books-genre-a=6 | books-genre-b=4
q062,a small town where everyone is hiding something,Torso,CrossStripe,Conceptual,Vector,zscore-norm,0.767997029692637,0.6,0.42857142857142855,0.3888888888888889,0.45231680612275266,0.5080276911986451,1,2,0.0006,63.495999999999995,books-genre-a=5 | books-genre-b=5
q062,a small town where everyone is hiding something,Torso,CrossStripe,Conceptual,Vector,vector-similarity,1,1,1,1,0.9999999999999998,0.3679130686892517,0.9,2,0.0006,63.464099999999995,books-genre-a=9 | books-genre-b=1
q063,identity and what makes someone who they are,Torso,CrossStripe,Conceptual,Vector,single-index,1,1,1,1,1,0.8061914539560937,1,1,0.000583333,105.7017,books-oracle2=10
q063,identity and what makes someone who they are,Torso,CrossStripe,Conceptual,Vector,naive-score,1,1,1,1,0.9999999999999998,0.8061914539560937,1,2,0.0008500000000000001,89.6223,books-genre-b=10
q063,identity and what makes someone who they are,Torso,CrossStripe,Conceptual,Vector,interleave,0.7058359918424821,0.5,0.3333333333333333,0.14285714285714285,0.38293264596589754,0.7943535187408164,1,2,0.0008500000000000001,89.6056,books-genre-a=5 | books-genre-b=5
q063,identity and what makes someone who they are,Torso,CrossStripe,Conceptual,Vector,quota-merge,0.8339853254134596,0.5,0.3333333333333333,0.2857142857142857,0.596920623436063,0.8074313919803786,1,2,0.0008500000000000001,89.59769999999999,books-genre-a=5 | books-genre-b=5
q063,identity and what makes someone who they are,Torso,CrossStripe,Conceptual,Vector,global-rrf,0.8339853254134596,0.5,0.3333333333333333,0.2857142857142857,0.596920623436063,0.8074313919803786,1,2,0.0008500000000000001,89.6169,books-genre-a=5 | books-genre-b=5
q063,identity and what makes someone who they are,Torso,CrossStripe,Conceptual,Vector,minmax-norm,0.733405837941315,0.3,0.17647058823529413,0.6,0.5696482676454125,0.8024510202050996,1,2,0.0008500000000000001,89.65599999999999,books-genre-a=7 | books-genre-b=3
q063,identity and what makes someone who they are,Torso,CrossStripe,Conceptual,Vector,zscore-norm,0.7383574300222645,0.3,0.17647058823529413,0.7333333333333333,0.5976298379204671,0.8107183745433251,1,2,0.0008500000000000001,89.6425,books-genre-a=7 | books-genre-b=3
q063,identity and what makes someone who they are,Torso,CrossStripe,Conceptual,Vector,vector-similarity,1,1,1,1,0.9999999999999998,0.8061914539560937,1,2,0.0008500000000000001,89.61099999999999,books-genre-b=10
q064,father and son,Head,CrossStripe,Lexical,Vector,single-index,1,1,1,1,1,0.8467563202403593,1,1,0.000583333,78.3502,books-oracle2=10
q064,father and son,Head,CrossStripe,Lexical,Vector,naive-score,1,1,1,1,0.9999999999999998,0.8467563202403593,1,2,0.0011,104.2653,books-genre-a=4 | books-genre-b=6
q064,father and son,Head,CrossStripe,Lexical,Vector,interleave,0.9863753530058447,0.9,0.8181818181818182,0.8222222222222222,0.8894388381112849,0.8406523198471995,1,2,0.0011,104.24879999999999,books-genre-a=5 | books-genre-b=5
q064,father and son,Head,CrossStripe,Lexical,Vector,quota-merge,0.9064697395603215,0.9,0.8181818181818182,0.6888888888888889,0.6743039360492168,0.8406523198471995,1,2,0.0011,104.2388,books-genre-a=5 | books-genre-b=5
q064,father and son,Head,CrossStripe,Lexical,Vector,global-rrf,0.9064697395603215,0.9,0.8181818181818182,0.6888888888888889,0.6743039360492168,0.8406523198471995,1,2,0.0011,104.2575,books-genre-a=5 | books-genre-b=5
q064,father and son,Head,CrossStripe,Lexical,Vector,minmax-norm,0.9135997590780202,1,1,0.8666666666666667,0.7359215315605278,0.8467563202403593,1,2,0.0011,104.28909999999999,books-genre-a=4 | books-genre-b=6
q064,father and son,Head,CrossStripe,Lexical,Vector,zscore-norm,0.9960289233591388,1,1,0.8666666666666667,0.9232207682366941,0.8467563202403593,1,2,0.0011,104.2845,books-genre-a=4 | books-genre-b=6
q064,father and son,Head,CrossStripe,Lexical,Vector,vector-similarity,1,1,1,1,0.9999999999999998,0.8467563202403593,1,2,0.0011,104.253,books-genre-a=4 | books-genre-b=6
q065,escape from captivity,Torso,CrossStripe,Conceptual,Vector,single-index,1,1,1,1,1,0.8158444290731688,1,1,0.000583333,78.3682,books-oracle2=10
q065,escape from captivity,Torso,CrossStripe,Conceptual,Vector,naive-score,1,1,1,1,0.9999999999999998,0.8158444290731688,1,2,0.0011,64.2615,books-genre-a=5 | books-genre-b=5
q065,escape from captivity,Torso,CrossStripe,Conceptual,Vector,interleave,0.9397352027534592,1,1,0.6888888888888889,0.7227736737082111,0.7714152866804274,1,2,0.0011,64.24549999999999,books-genre-a=5 | books-genre-b=5
q065,escape from captivity,Torso,CrossStripe,Conceptual,Vector,quota-merge,0.9943317175348371,1,1,0.7333333333333333,0.8763076669869742,0.8178320423515849,1,2,0.0011,64.23689999999999,books-genre-a=5 | books-genre-b=5
q065,escape from captivity,Torso,CrossStripe,Conceptual,Vector,global-rrf,0.9943317175348371,1,1,0.7333333333333333,0.8763076669869742,0.8178320423515849,1,2,0.0011,64.25529999999999,books-genre-a=5 | books-genre-b=5
q065,escape from captivity,Torso,CrossStripe,Conceptual,Vector,minmax-norm,0.9955274141326659,1,1,0.7777777777777778,0.8964543975850133,0.821686241587554,1,2,0.0011,64.2855,books-genre-a=5 | books-genre-b=5
q065,escape from captivity,Torso,CrossStripe,Conceptual,Vector,zscore-norm,0.9955274141326659,1,1,0.7777777777777778,0.8964543975850133,0.821686241587554,1,2,0.0011,64.2812,books-genre-a=5 | books-genre-b=5
q065,escape from captivity,Torso,CrossStripe,Conceptual,Vector,vector-similarity,1,1,1,1,0.9999999999999998,0.8158444290731688,1,2,0.0011,64.2515,books-genre-a=5 | books-genre-b=5
q066,a secret that destroys a community when it comes out,Torso,CrossStripe,Conceptual,Vector,single-index,1,1,1,1,1,0.2426107166493984,1,1,0.000583333,78.8376,books-oracle2=10
q066,a secret that destroys a community when it comes out,Torso,CrossStripe,Conceptual,Vector,naive-score,1,1,1,1,0.9999999999999998,0.2426107166493984,1,2,0.0006,63.5858,books-genre-a=7 | books-genre-b=3
q066,a secret that destroys a community when it comes out,Torso,CrossStripe,Conceptual,Vector,interleave,0.9941726306222226,0.8,0.6666666666666666,0.9111111111111111,0.9435991493423922,0.18942876659014715,0.9,2,0.0006,63.5697,books-genre-a=5 | books-genre-b=5
q066,a secret that destroys a community when it comes out,Torso,CrossStripe,Conceptual,Vector,quota-merge,0.9364322011638674,0.8,0.6666666666666666,0.8222222222222222,0.7486109778783632,0.18942876659014715,0.9,2,0.0006,63.5605,books-genre-a=5 | books-genre-b=5
q066,a secret that destroys a community when it comes out,Torso,CrossStripe,Conceptual,Vector,global-rrf,0.9364322011638674,0.8,0.6666666666666666,0.8222222222222222,0.7486109778783632,0.18942876659014715,0.9,2,0.0006,63.579499999999996,books-genre-a=5 | books-genre-b=5
q066,a secret that destroys a community when it comes out,Torso,CrossStripe,Conceptual,Vector,minmax-norm,0.9058726395935028,0.6,0.42857142857142855,0.5111111111111111,0.5702047645864473,0.19167025861239773,0.9,2,0.0006,63.607899999999994,books-genre-a=3 | books-genre-b=7
q066,a secret that destroys a community when it comes out,Torso,CrossStripe,Conceptual,Vector,zscore-norm,0.9801584244186016,0.7,0.5384615384615384,0.6888888888888889,0.8125458053707609,0.18857363395943103,0.9,2,0.0006,63.605199999999996,books-genre-a=4 | books-genre-b=6
q066,a secret that destroys a community when it comes out,Torso,CrossStripe,Conceptual,Vector,vector-similarity,1,1,1,1,0.9999999999999998,0.2426107166493984,1,2,0.0006,63.574799999999996,books-genre-a=7 | books-genre-b=3
q067,the American South,Torso,CrossStripe,Lexical,Vector,single-index,1,1,1,1,1,0.5939343675684545,1,1,0.000583333,78.3258,books-oracle2=10
q067,the American South,Torso,CrossStripe,Lexical,Vector,naive-score,1,1,1,1,0.9999999999999998,0.5939343675684545,1,2,0.0006,65.4842,books-genre-a=1 | books-genre-b=9
q067,the American South,Torso,CrossStripe,Lexical,Vector,interleave,0.7475260724709236,0.6,0.42857142857142855,0.21428571428571427,0.45231680612275266,0.49572107662995024,1,2,0.0006,65.4709,books-genre-a=5 | books-genre-b=5
q067,the American South,Torso,CrossStripe,Lexical,Vector,quota-merge,0.859515618703322,0.6,0.42857142857142855,0.42857142857142855,0.6864515141909575,0.5190071514991546,1,2,0.0006,65.46209999999999,books-genre-a=5 | books-genre-b=5
q067,the American South,Torso,CrossStripe,Lexical,Vector,global-rrf,0.859515618703322,0.6,0.42857142857142855,0.42857142857142855,0.6864515141909575,0.5190071514991546,1,2,0.0006,65.4793,books-genre-a=5 | books-genre-b=5
q067,the American South,Torso,CrossStripe,Lexical,Vector,minmax-norm,0.8190721763193315,0.5,0.3333333333333333,0.5238095238095238,0.6894850569844573,0.5627598771050094,1,2,0.0006,65.5058,books-genre-a=6 | books-genre-b=4
q067,the American South,Torso,CrossStripe,Lexical,Vector,zscore-norm,0.6597432400341388,0.4,0.25,0.3333333333333333,0.450241655976936,0.47902034597462967,1,2,0.0006,65.50319999999999,books-genre-a=7 | books-genre-b=3
q067,the American South,Torso,CrossStripe,Lexical,Vector,vector-similarity,1,1,1,1,0.9999999999999998,0.5939343675684545,1,2,0.0006,65.47409999999999,books-genre-a=1 | books-genre-b=9
q068,grief after the death of a child,Torso,CrossStripe,Conceptual,Vector,single-index,1,1,1,1,1,0.3232917722264397,1,1,0.000583333,122.1911,books-oracle2=10
q068,grief after the death of a child,Torso,CrossStripe,Conceptual,Vector,naive-score,1,1,1,1,0.9999999999999998,0.3232917722264397,1,2,0.0006,99.2549,books-genre-a=3 | books-genre-b=7
q068,grief after the death of a child,Torso,CrossStripe,Conceptual,Vector,interleave,0.8500389213582151,0.8,0.6666666666666666,0.3333333333333333,0.4795891619134032,0.21998711955791087,1,2,0.0006,99.23870000000001,books-genre-a=5 | books-genre-b=5
q068,grief after the death of a child,Torso,CrossStripe,Conceptual,Vector,quota-merge,0.9567337849714675,0.8,0.6666666666666666,0.5111111111111111,0.7020675472784567,0.224722615674256,1,2,0.0006,99.22980000000001,books-genre-a=5 | books-genre-b=5
q068,grief after the death of a child,Torso,CrossStripe,Conceptual,Vector,global-rrf,0.9567337849714675,0.8,0.6666666666666666,0.5111111111111111,0.7020675472784567,0.224722615674256,1,2,0.0006,99.24780000000001,books-genre-a=5 | books-genre-b=5
q068,grief after the death of a child,Torso,CrossStripe,Conceptual,Vector,minmax-norm,0.9732929086168117,0.9,0.8181818181818182,0.6444444444444445,0.7835993865124932,0.2960294441948346,1,2,0.0006,99.2758,books-genre-a=4 | books-genre-b=6
q068,grief after the death of a child,Torso,CrossStripe,Conceptual,Vector,zscore-norm,0.8221316868458423,0.8,0.6666666666666666,0.5555555555555556,0.4855911263225481,0.22804936491602884,1,2,0.0006,99.27350000000001,books-genre-a=5 | books-genre-b=5
q068,grief after the death of a child,Torso,CrossStripe,Conceptual,Vector,vector-similarity,1,1,1,1,0.9999999999999998,0.3232917722264397,1,2,0.0006,99.24390000000001,books-genre-a=3 | books-genre-b=7
q069,an outsider who does not fit in anywhere,Torso,CrossStripe,Conceptual,Vector,single-index,1,1,1,1,1,0.3634463372545813,1,1,0.001183333,77.4421,books-oracle2=10
q069,an outsider who does not fit in anywhere,Torso,CrossStripe,Conceptual,Vector,naive-score,1,1,1,1,0.9999999999999998,0.3634463372545813,1,2,0.0011,64.2327,books-genre-a=7 | books-genre-b=3
q069,an outsider who does not fit in anywhere,Torso,CrossStripe,Conceptual,Vector,interleave,0.9890917402393671,0.8,0.6666666666666666,0.8666666666666667,0.9150164934836512,0.3905156816188251,1,2,0.0011,64.2184,books-genre-a=5 | books-genre-b=5
q069,an outsider who does not fit in anywhere,Torso,CrossStripe,Conceptual,Vector,quota-merge,0.9350939954570153,0.8,0.6666666666666666,0.7777777777777778,0.7711336250889638,0.40071379791067613,1,2,0.0011,64.2098,books-genre-a=5 | books-genre-b=5
q069,an outsider who does not fit in anywhere,Torso,CrossStripe,Conceptual,Vector,global-rrf,0.9350939954570153,0.8,0.6666666666666666,0.7777777777777778,0.7711336250889638,0.40071379791067613,1,2,0.0011,64.22619999999999,books-genre-a=5 | books-genre-b=5
q069,an outsider who does not fit in anywhere,Torso,CrossStripe,Conceptual,Vector,minmax-norm,0.9343597651557037,0.8,0.6666666666666666,0.8222222222222222,0.7639877316457923,0.3902318295597647,1,2,0.0011,64.25489999999999,books-genre-a=5 | books-genre-b=5
q069,an outsider who does not fit in anywhere,Torso,CrossStripe,Conceptual,Vector,zscore-norm,0.9889562799370815,0.8,0.6666666666666666,0.8666666666666667,0.9175217249245553,0.36702345172418593,1,2,0.0011,64.2534,books-genre-a=5 | books-genre-b=5
q069,an outsider who does not fit in anywhere,Torso,CrossStripe,Conceptual,Vector,vector-similarity,1,1,1,1,0.9999999999999998,0.3634463372545813,1,2,0.0011,64.2235,books-genre-a=7 | books-genre-b=3
q070,school,Head,CrossStripe,Lexical,Vector,single-index,1,1,1,1,1,0.9010362095152992,1,1,0.000583333,78.8188,books-oracle2=10
q070,school,Head,CrossStripe,Lexical,Vector,naive-score,1,1,1,1,0.9999999999999998,0.9010362095152992,1,2,0.0011,62.8919,books-genre-a=7 | books-genre-b=3
q070,school,Head,CrossStripe,Lexical,Vector,interleave,0.9691589566303969,0.8,0.6666666666666666,0.6444444444444445,0.7710315249834334,0.8431154918487309,1,2,0.0011,62.875499999999995,books-genre-a=5 | books-genre-b=5
q070,school,Head,CrossStripe,Lexical,Vector,quota-merge,0.9691589566303969,0.8,0.6666666666666666,0.6444444444444445,0.7710315249834334,0.8431154918487309,1,2,0.0011,62.8667,books-genre-a=5 | books-genre-b=5
q070,school,Head,CrossStripe,Lexical,Vector,global-rrf,0.9691589566303969,0.8,0.6666666666666666,0.6444444444444445,0.7710315249834334,0.8431154918487309,1,2,0.0011,62.968599999999995,books-genre-a=5 | books-genre-b=5
q070,school,Head,CrossStripe,Lexical,Vector,minmax-norm,0.9506079781146829,0.8,0.6666666666666666,0.37777777777777777,0.6532698857902054,0.8423730547589335,1,2,0.0011,62.913,books-genre-a=5 | books-genre-b=5
q070,school,Head,CrossStripe,Lexical,Vector,zscore-norm,0.9537274170470182,0.8,0.6666666666666666,0.5555555555555556,0.6906284000538053,0.8431154918487309,1,2,0.0011,62.9332,books-genre-a=5 | books-genre-b=5
q070,school,Head,CrossStripe,Lexical,Vector,vector-similarity,1,1,1,1,0.9999999999999998,0.9010362095152992,1,2,0.0011,63.0021,books-genre-a=7 | books-genre-b=3
q071,obsession that ruins a life,Torso,CrossStripe,Conceptual,Vector,single-index,1,1,1,1,1,0.590062697546559,1,1,0.000583333,79.0784,books-oracle2=10
q071,obsession that ruins a life,Torso,CrossStripe,Conceptual,Vector,naive-score,1,1,1,1,0.9999999999999998,0.590062697546559,1,2,0.0011,63.6014,books-genre-a=1 | books-genre-b=9
q071,obsession that ruins a life,Torso,CrossStripe,Conceptual,Vector,interleave,0.9419140637972755,0.6,0.42857142857142855,0.5555555555555556,0.7443768448372792,0.6142107928935056,1,2,0.0011,63.586999999999996,books-genre-a=5 | books-genre-b=5
q071,obsession that ruins a life,Torso,CrossStripe,Conceptual,Vector,quota-merge,0.8896025634581378,0.6,0.42857142857142855,0.5555555555555556,0.6109895821565559,0.6142107928935056,1,2,0.0011,63.578199999999995,books-genre-a=5 | books-genre-b=5
q071,obsession that ruins a life,Torso,CrossStripe,Conceptual,Vector,global-rrf,0.8896025634581378,0.6,0.42857142857142855,0.5555555555555556,0.6109895821565559,0.6142107928935056,1,2,0.0011,63.6043,books-genre-a=5 | books-genre-b=5
q071,obsession that ruins a life,Torso,CrossStripe,Conceptual,Vector,minmax-norm,0.9408773450674944,0.9,0.8181818181818182,0.9555555555555556,0.840517785245819,0.6082400656034024,1,2,0.0011,63.6269,books-genre-a=2 | books-genre-b=8
q071,obsession that ruins a life,Torso,CrossStripe,Conceptual,Vector,zscore-norm,0.9599488477795382,0.6,0.42857142857142855,0.9111111111111111,0.8973952625770762,0.610959457146335,1,2,0.0011,63.6217,books-genre-a=5 | books-genre-b=5
q071,obsession that ruins a life,Torso,CrossStripe,Conceptual,Vector,vector-similarity,1,1,1,1,0.9999999999999998,0.590062697546559,1,2,0.0011,63.5913,books-genre-a=1 | books-genre-b=9
q072,slavery and its aftermath,Torso,CrossStripe,Mixed,Vector,single-index,1,1,1,1,1,0.6923249627100273,1,1,0.000583333,78.4394,books-oracle2=10
q072,slavery and its aftermath,Torso,CrossStripe,Mixed,Vector,naive-score,1,1,1,1,0.9999999999999998,0.6923249627100273,1,2,0.0006,62.734700000000004,books-genre-a=1 | books-genre-b=9
q072,slavery and its aftermath,Torso,CrossStripe,Mixed,Vector,interleave,0.7864411738394018,0.6,0.42857142857142855,0.3333333333333333,0.396224350744301,0.6722901134475253,1,2,0.0006,62.717800000000004,books-genre-a=5 | books-genre-b=5
q072,slavery and its aftermath,Torso,CrossStripe,Mixed,Vector,quota-merge,0.9039991425400391,0.6,0.42857142857142855,0.4666666666666667,0.6113592528063692,0.6258733577763678,1,2,0.0006,62.7095,books-genre-a=5 | books-genre-b=5
q072,slavery and its aftermath,Torso,CrossStripe,Mixed,Vector,global-rrf,0.9039991425400391,0.6,0.42857142857142855,0.4666666666666667,0.6113592528063692,0.6258733577763678,1,2,0.0006,62.7267,books-genre-a=5 | books-genre-b=5
q072,slavery and its aftermath,Torso,CrossStripe,Mixed,Vector,minmax-norm,0.9552713507450691,0.8,0.6666666666666666,0.6444444444444445,0.76530589610008,0.6789081576485813,1,2,0.0006,62.7551,books-genre-a=3 | books-genre-b=7
q072,slavery and its aftermath,Torso,CrossStripe,Mixed,Vector,zscore-norm,0.7538139513045453,0.6,0.42857142857142855,0.4222222222222222,0.37404715501857777,0.6751668830928483,1,2,0.0006,62.7523,books-genre-a=5 | books-genre-b=5
q072,slavery and its aftermath,Torso,CrossStripe,Mixed,Vector,vector-similarity,1,1,1,1,0.9999999999999998,0.6923249627100273,1,2,0.0006,62.7231,books-genre-a=1 | books-genre-b=9
q073,the Holocaust,Torso,CrossStripe,Lexical,Vector,single-index,1,1,1,1,1,0.9224654597764764,1,1,0.001183333,82.7254,books-oracle2=10
q073,the Holocaust,Torso,CrossStripe,Lexical,Vector,naive-score,1,1,1,1,0.9999999999999998,0.9224654597764764,1,2,0.0006,64.2976,books-genre-b=10
q073,the Holocaust,Torso,CrossStripe,Lexical,Vector,interleave,0.7586850354576035,0.5,0.3333333333333333,0.3333333333333333,0.38293264596589754,0.7877205100605198,1,2,0.0006,64.281,books-genre-a=5 | books-genre-b=5
q073,the Holocaust,Torso,CrossStripe,Lexical,Vector,quota-merge,0.8723376165422321,0.5,0.3333333333333333,0.4222222222222222,0.5566133698426998,0.8379914649676462,1,2,0.0006,64.27080000000001,books-genre-a=5 | books-genre-b=5
q073,the Holocaust,Torso,CrossStripe,Lexical,Vector,global-rrf,0.8723376165422321,0.5,0.3333333333333333,0.4222222222222222,0.5566133698426998,0.8379914649676462,1,2,0.0006,64.2925,books-genre-a=5 | books-genre-b=5
q073,the Holocaust,Torso,CrossStripe,Lexical,Vector,minmax-norm,0.9105175106577551,0.6,0.42857142857142855,0.37777777777777777,0.6393408230814237,0.8758510212272971,1,2,0.0006,64.3241,books-genre-a=4 | books-genre-b=6
q073,the Holocaust,Torso,CrossStripe,Lexical,Vector,zscore-norm,0.8004514755613675,0.6,0.42857142857142855,0.3333333333333333,0.48580682980266077,0.8294342655561396,1,2,0.0006,64.3212,books-genre-a=4 | books-genre-b=6
q073,the Holocaust,Torso,CrossStripe,Lexical,Vector,vector-similarity,1,1,1,1,0.9999999999999998,0.9224654597764764,1,2,0.0006,64.288,books-genre-b=10
q074,a woman who defies the expectations of her time,Torso,CrossStripe,Conceptual,Vector,single-index,1,1,1,1,1,0.715019583571087,0.9,1,0.000583333,78.2295,books-oracle2=10
q074,a woman who defies the expectations of her time,Torso,CrossStripe,Conceptual,Vector,naive-score,1,1,1,1,0.9999999999999998,0.715019583571087,0.9,2,0.0008500000000000001,89.545,books-genre-a=3 | books-genre-b=7
q074,a woman who defies the expectations of her time,Torso,CrossStripe,Conceptual,Vector,interleave,0.9800521667803871,0.8,0.6666666666666666,0.5555555555555556,0.8009752853547008,0.6717595977615042,1,2,0.0008500000000000001,89.5292,books-genre-a=5 | books-genre-b=5
q074,a woman who defies the expectations of her time,Torso,CrossStripe,Conceptual,Vector,quota-merge,0.93287216532675,0.8,0.6666666666666666,0.6888888888888889,0.7280420068653798,0.6890118278548124,1,2,0.0008500000000000001,89.52090000000001,books-genre-a=5 | books-genre-b=5
q074,a woman who defies the expectations of her time,Torso,CrossStripe,Conceptual,Vector,global-rrf,0.93287216532675,0.8,0.6666666666666666,0.6888888888888889,0.7280420068653798,0.6890118278548124,1,2,0.0008500000000000001,89.5382,books-genre-a=5 | books-genre-b=5
q074,a woman who defies the expectations of her time,Torso,CrossStripe,Conceptual,Vector,minmax-norm,0.9423429491369721,0.9,0.8181818181818182,0.9555555555555556,0.840517785245819,0.742285635656352,1,2,0.0008500000000000001,89.5657,books-genre-a=4 | books-genre-b=6
q074,a woman who defies the expectations of her time,Torso,CrossStripe,Conceptual,Vector,zscore-norm,0.9910317460531757,0.8,0.6666666666666666,0.9111111111111111,0.9539937030944976,0.7018640659561588,1,2,0.0008500000000000001,89.56530000000001,books-genre-a=5 | books-genre-b=5
q074,a woman who defies the expectations of her time,Torso,CrossStripe,Conceptual,Vector,vector-similarity,1,1,1,1,0.9999999999999998,0.715019583571087,0.9,2,0.0008500000000000001,89.5343,books-genre-a=3 | books-genre-b=7
q075,addiction and recovery,Torso,CrossStripe,Mixed,Vector,single-index,1,1,1,1,1,0.9173414328953917,1,1,0.000583333,79.0913,books-oracle2=10
q075,addiction and recovery,Torso,CrossStripe,Mixed,Vector,naive-score,1,1,1,1,0.9999999999999998,0.9173414328953917,1,2,0.0008500000000000001,91.0729,books-genre-b=10
q075,addiction and recovery,Torso,CrossStripe,Mixed,Vector,interleave,0.7776109813175748,0.5,0.3333333333333333,0.3333333333333333,0.38293264596589754,0.8289401735465252,0.9,2,0.0008500000000000001,91.0554,books-genre-a=5 | books-genre-b=5
q075,addiction and recovery,Torso,CrossStripe,Mixed,Vector,quota-merge,0.7897179593489365,0.5,0.3333333333333333,0.4222222222222222,0.4360431468543149,0.8399060129419949,0.9,2,0.0008500000000000001,91.0457,books-genre-a=5 | books-genre-b=5
q075,addiction and recovery,Torso,CrossStripe,Mixed,Vector,global-rrf,0.7897179593489365,0.5,0.3333333333333333,0.4222222222222222,0.4360431468543149,0.8399060129419949,0.9,2,0.0008500000000000001,91.0642,books-genre-a=5 | books-genre-b=5
q075,addiction and recovery,Torso,CrossStripe,Mixed,Vector,minmax-norm,0.7475008544863535,0.4,0.25,0.4222222222222222,0.3324800167837079,0.7689738406746606,0.9,2,0.0008500000000000001,91.09440000000001,books-genre-a=6 | books-genre-b=4
q075,addiction and recovery,Torso,CrossStripe,Mixed,Vector,zscore-norm,0.8599201269495536,0.4,0.25,0.5555555555555556,0.5025368474941878,0.7744080693759952,0.9,2,0.0008500000000000001,91.0921,books-genre-a=6 | books-genre-b=4
q075,addiction and recovery,Torso,CrossStripe,Mixed,Vector,vector-similarity,1,1,1,1,0.9999999999999998,0.9173414328953917,1,2,0.0008500000000000001,91.0733,books-genre-b=10
q076,New York City,Head,CrossStripe,Lexical,Vector,single-index,1,1,1,1,1,0.9206500320722545,1,1,0.000583333,77.7684,books-oracle2=10
q076,New York City,Head,CrossStripe,Lexical,Vector,naive-score,1,1,1,1,0.9999999999999998,0.9206500320722545,1,2,0.0011,92.2856,books-genre-a=2 | books-genre-b=8
q076,New York City,Head,CrossStripe,Lexical,Vector,interleave,0.810725563042866,0.7,0.5384615384615384,0.3333333333333333,0.40217257221971914,0.9079756641006057,1,2,0.0011,92.26870000000001,books-genre-a=5 | books-genre-b=5
q076,New York City,Head,CrossStripe,Lexical,Vector,quota-merge,0.9244324793227889,0.7,0.5384615384615384,0.4666666666666667,0.6045042269867331,0.9007619020868619,1,2,0.0011,92.25930000000001,books-genre-a=5 | books-genre-b=5
q076,New York City,Head,CrossStripe,Lexical,Vector,global-rrf,0.9244324793227889,0.7,0.5384615384615384,0.4666666666666667,0.6045042269867331,0.9007619020868619,1,2,0.0011,92.27810000000001,books-genre-a=5 | books-genre-b=5
q076,New York City,Head,CrossStripe,Lexical,Vector,minmax-norm,0.8934705887944249,0.7,0.5384615384615384,0.1111111111111111,0.4565224918964463,0.9132787479554083,1,2,0.0011,92.30810000000001,books-genre-a=5 | books-genre-b=5
q076,New York City,Head,CrossStripe,Lexical,Vector,zscore-norm,0.9053626032291311,0.7,0.5384615384615384,0.28888888888888886,0.5126149472748981,0.9134872336594229,1,2,0.0011,92.30430000000001,books-genre-a=5 | books-genre-b=5
q076,New York City,Head,CrossStripe,Lexical,Vector,vector-similarity,1,1,1,1,0.9999999999999998,0.9206500320722545,1,2,0.0011,92.2746,books-genre-a=2 | books-genre-b=8
q077,an unlikely friendship between two very different people,Torso,CrossStripe,Conceptual,Vector,single-index,1,1,1,1,1,0.444196078614838,1,1,0.000583333,77.5883,books-oracle2=10
q077,an unlikely friendship between two very different people,Torso,CrossStripe,Conceptual,Vector,naive-score,1,1,1,1,0.9999999999999998,0.444196078614838,1,2,0.0008500000000000001,62.898500000000006,books-genre-a=6 | books-genre-b=4
q077,an unlikely friendship between two very different people,Torso,CrossStripe,Conceptual,Vector,interleave,0.9917464856624749,0.9,0.8181818181818182,0.9111111111111111,0.9098514336006092,0.5277432464457935,1,2,0.0008500000000000001,62.8836,books-genre-a=5 | books-genre-b=5
q077,an unlikely friendship between two very different people,Torso,CrossStripe,Conceptual,Vector,quota-merge,0.911453979470672,0.9,0.8181818181818182,0.7333333333333333,0.6873730482355556,0.595276404429413,1,2,0.0008500000000000001,62.8755,books-genre-a=5 | books-genre-b=5
q077,an unlikely friendship between two very different people,Torso,CrossStripe,Conceptual,Vector,global-rrf,0.911453979470672,0.9,0.8181818181818182,0.7333333333333333,0.6873730482355556,0.595276404429413,1,2,0.0008500000000000001,62.8924,books-genre-a=5 | books-genre-b=5
q077,an unlikely friendship between two very different people,Torso,CrossStripe,Conceptual,Vector,minmax-norm,0.9191640063655604,1,1,0.9111111111111111,0.7773757097457937,0.5153127434784364,1,2,0.0008500000000000001,62.9185,books-genre-a=6 | books-genre-b=4
q077,an unlikely friendship between two very different people,Torso,CrossStripe,Conceptual,Vector,zscore-norm,0.9135997590780202,1,1,0.8666666666666667,0.7359215315605278,0.5283906167179987,1,2,0.0008500000000000001,62.9176,books-genre-a=6 | books-genre-b=4
q077,an unlikely friendship between two very different people,Torso,CrossStripe,Conceptual,Vector,vector-similarity,1,1,1,1,0.9999999999999998,0.444196078614838,1,2,0.0008500000000000001,62.8885,books-genre-a=6 | books-genre-b=4
q078,climate change and environmental collapse,Torso,CrossStripe,Mixed,Vector,single-index,1,1,1,1,1,0.7308987695553354,1,1,0.000583333,106.0618,books-oracle2=10
q078,climate change and environmental collapse,Torso,CrossStripe,Mixed,Vector,naive-score,1,1,1,1,0.9999999999999998,0.7308987695553354,1,2,0.0011,88.9124,books-genre-a=2 | books-genre-b=8
q078,climate change and environmental collapse,Torso,CrossStripe,Mixed,Vector,interleave,0.8475226934658711,0.7,0.5384615384615384,0.37777777777777777,0.45826502759817067,0.645226028977093,1,2,0.0011,88.8923,books-genre-a=5 | books-genre-b=5
q078,climate change and environmental collapse,Torso,CrossStripe,Mixed,Vector,quota-merge,0.8493090354438714,0.7,0.5384615384615384,0.4666666666666667,0.4772648336043074,0.6459784390500751,1,2,0.0011,88.884,books-genre-a=5 | books-genre-b=5
q078,climate change and environmental collapse,Torso,CrossStripe,Mixed,Vector,global-rrf,0.8493090354438714,0.7,0.5384615384615384,0.4666666666666667,0.4772648336043074,0.6459784390500751,1,2,0.0011,88.9004,books-genre-a=5 | books-genre-b=5
q078,climate change and environmental collapse,Torso,CrossStripe,Mixed,Vector,minmax-norm,0.8882629243230685,0.9,0.8181818181818182,0.6888888888888889,0.6664690963722014,0.6365156018326262,1,2,0.0011,88.9276,books-genre-a=3 | books-genre-b=7
q078,climate change and environmental collapse,Torso,CrossStripe,Mixed,Vector,zscore-norm,0.870357199497008,0.7,0.5384615384615384,0.8222222222222222,0.6380498159896483,0.6734674442401662,1,2,0.0011,88.9259,books-genre-a=5 | books-genre-b=5
q078,climate change and environmental collapse,Torso,CrossStripe,Mixed,Vector,vector-similarity,1,1,1,1,0.9999999999999998,0.7308987695553354,1,2,0.0011,88.8971,books-genre-a=2 | books-genre-b=8
q079,memory and how unreliable it can be,Torso,CrossStripe,Conceptual,Vector,single-index,1,1,1,1,1,0.5822496500752924,1,1,0.000583333,77.0169,books-oracle2=10
q079,memory and how unreliable it can be,Torso,CrossStripe,Conceptual,Vector,naive-score,1,1,1,1,0.9999999999999998,0.5822496500752924,1,2,0.0008500000000000001,64.75070000000001,books-genre-a=3 | books-genre-b=7
q079,memory and how unreliable it can be,Torso,CrossStripe,Conceptual,Vector,interleave,0.8658456949320354,0.8,0.6666666666666666,0.4222222222222222,0.5087176567803603,0.6889196430919179,1,2,0.0008500000000000001,64.7348,books-genre-a=5 | books-genre-b=5
q079,memory and how unreliable it can be,Torso,CrossStripe,Conceptual,Vector,quota-merge,0.9603906349018565,0.8,0.6666666666666666,0.6,0.7227056342505259,0.640998067274796,1,2,0.0008500000000000001,64.7268,books-genre-a=5 | books-genre-b=5
q079,memory and how unreliable it can be,Torso,CrossStripe,Conceptual,Vector,global-rrf,0.9603906349018565,0.8,0.6666666666666666,0.6,0.7227056342505259,0.640998067274796,1,2,0.0008500000000000001,64.7427,books-genre-a=5 | books-genre-b=5
q079,memory and how unreliable it can be,Torso,CrossStripe,Conceptual,Vector,minmax-norm,0.9289227647895811,0.6,0.42857142857142855,0.9111111111111111,0.7234148487349299,0.6873620639447332,1,2,0.0008500000000000001,64.7709,books-genre-a=7 | books-genre-b=3
q079,memory and how unreliable it can be,Torso,CrossStripe,Conceptual,Vector,zscore-norm,0.9289227647895811,0.6,0.42857142857142855,0.9111111111111111,0.7234148487349299,0.6873620639447332,1,2,0.0008500000000000001,64.7683,books-genre-a=7 | books-genre-b=3
q079,memory and how unreliable it can be,Torso,CrossStripe,Conceptual,Vector,vector-similarity,1,1,1,1,0.9999999999999998,0.5822496500752924,1,2,0.0008500000000000001,64.7386,books-genre-a=3 | books-genre-b=7
q080,a doctor confronting the limits of medicine,Tail,CrossStripe,Conceptual,Vector,single-index,1,1,1,1,1,0.8735688610496498,1,1,0.000583333,78.4738,books-oracle2=10
q080,a doctor confronting the limits of medicine,Tail,CrossStripe,Conceptual,Vector,naive-score,1,1,1,1,0.9999999999999998,0.8735688610496498,1,2,0.0008500000000000001,63.6307,books-genre-b=10
q080,a doctor confronting the limits of medicine,Tail,CrossStripe,Conceptual,Vector,interleave,0.7678554892682629,0.5,0.3333333333333333,0.3333333333333333,0.38293264596589754,0.5478188732882617,1,2,0.0008500000000000001,63.616299999999995,books-genre-a=5 | books-genre-b=5
q080,a doctor confronting the limits of medicine,Tail,CrossStripe,Conceptual,Vector,quota-merge,0.7822717022591037,0.5,0.3333333333333333,0.4222222222222222,0.44453355474920275,0.557236368166271,1,2,0.0008500000000000001,63.6062,books-genre-a=5 | books-genre-b=5
q080,a doctor confronting the limits of medicine,Tail,CrossStripe,Conceptual,Vector,global-rrf,0.7822717022591037,0.5,0.3333333333333333,0.4222222222222222,0.44453355474920275,0.557236368166271,1,2,0.0008500000000000001,63.6242,books-genre-a=5 | books-genre-b=5
q080,a doctor confronting the limits of medicine,Tail,CrossStripe,Conceptual,Vector,minmax-norm,0.7877972506760604,0.5,0.3333333333333333,0.5111111111111111,0.47985860832724264,0.5600809090073565,1,2,0.0008500000000000001,63.6522,books-genre-a=5 | books-genre-b=5
q080,a doctor confronting the limits of medicine,Tail,CrossStripe,Conceptual,Vector,zscore-norm,0.7822717022591037,0.5,0.3333333333333333,0.4222222222222222,0.44453355474920275,0.557236368166271,1,2,0.0008500000000000001,63.6487,books-genre-a=5 | books-genre-b=5
q080,a doctor confronting the limits of medicine,Tail,CrossStripe,Conceptual,Vector,vector-similarity,1,1,1,1,0.9999999999999998,0.8735688610496498,1,2,0.0008500000000000001,63.6203,books-genre-b=10
q081,immortality and the cost of living forever,Tail,CrossStripe,Conceptual,Vector,single-index,1,1,1,1,1,0.4603753673567083,1,1,0.001183333,77.3838,books-oracle2=10
q081,immortality and the cost of living forever,Tail,CrossStripe,Conceptual,Vector,naive-score,1,1,1,1,0.9999999999999998,0.4603753673567083,1,2,0.0011,64.2715,books-genre-a=7 | books-genre-b=3
q081,immortality and the cost of living forever,Tail,CrossStripe,Conceptual,Vector,interleave,0.9341000468004286,0.8,0.6666666666666666,0.7777777777777778,0.7498261775017371,0.5468254649931402,1,2,0.0011,64.2569,books-genre-a=5 | books-genre-b=5
q081,immortality and the cost of living forever,Tail,CrossStripe,Conceptual,Vector,quota-merge,0.9883254811154087,0.8,0.6666666666666666,0.7777777777777778,0.8960166874775146,0.47682412644991307,1,2,0.0011,64.2485,books-genre-a=5 | books-genre-b=5
q081,immortality and the cost of living forever,Tail,CrossStripe,Conceptual,Vector,global-rrf,0.9883254811154087,0.8,0.6666666666666666,0.7777777777777778,0.8960166874775146,0.47682412644991307,1,2,0.0011,64.26610000000001,books-genre-a=5 | books-genre-b=5
q081,immortality and the cost of living forever,Tail,CrossStripe,Conceptual,Vector,minmax-norm,0.9883503727709984,0.9,0.8181818181818182,0.8222222222222222,0.8728364140859757,0.41926820657835956,1,2,0.0011,64.2928,books-genre-a=8 | books-genre-b=2
q081,immortality and the cost of living forever,Tail,CrossStripe,Conceptual,Vector,zscore-norm,0.9980737746893691,1,1,0.9555555555555556,0.9585458218147338,0.47345324059627064,1,2,0.0011,64.2913,books-genre-a=7 | books-genre-b=3
q081,immortality and the cost of living forever,Tail,CrossStripe,Conceptual,Vector,vector-similarity,1,1,1,1,0.9999999999999998,0.4603753673567083,1,2,0.0011,64.262,books-genre-a=7 | books-genre-b=3
q082,twins separated at birth,Tail,CrossStripe,Lexical,Vector,single-index,1,1,1,1,1,0.23325372558911645,0.9,1,0.000583333,77.6575,books-oracle2=10
q082,twins separated at birth,Tail,CrossStripe,Lexical,Vector,naive-score,1,1,1,1,0.9999999999999998,0.23325372558911645,0.9,2,0.0008500000000000001,63.1104,books-genre-a=9 | books-genre-b=1
q082,twins separated at birth,Tail,CrossStripe,Lexical,Vector,interleave,0.9262013870074669,0.6,0.42857142857142855,0.5555555555555556,0.6230155755095205,0.18630236003568762,0.9,2,0.0008500000000000001,63.1276,books-genre-a=5 | books-genre-b=5
q082,twins separated at birth,Tail,CrossStripe,Lexical,Vector,quota-merge,0.8112525103296324,0.6,0.42857142857142855,0.4666666666666667,0.42802740404549156,0.18630236003568762,0.9,2,0.0008500000000000001,63.0895,books-genre-a=5 | books-genre-b=5
q082,twins separated at birth,Tail,CrossStripe,Lexical,Vector,global-rrf,0.8112525103296324,0.6,0.42857142857142855,0.4666666666666667,0.42802740404549156,0.18630236003568762,0.9,2,0.0008500000000000001,63.1062,books-genre-a=5 | books-genre-b=5
q082,twins separated at birth,Tail,CrossStripe,Lexical,Vector,minmax-norm,0.8460796376776959,0.9,0.8181818181818182,0.3333333333333333,0.5056841139868605,0.23291461007533298,0.9,2,0.0008500000000000001,63.1367,books-genre-a=8 | books-genre-b=2
q082,twins separated at birth,Tail,CrossStripe,Lexical,Vector,zscore-norm,0.7948566454473565,0.8,0.6666666666666666,0.15555555555555556,0.36720965685456214,0.21392439587674045,0.9,2,0.0008500000000000001,63.1561,books-genre-a=7 | books-genre-b=3
q082,twins separated at birth,Tail,CrossStripe,Lexical,Vector,vector-similarity,1,1,1,1,0.9999999999999998,0.23325372558911645,0.9,2,0.0008500000000000001,63.103699999999996,books-genre-a=9 | books-genre-b=1
q083,a letter that arrives decades too late,Tail,CrossStripe,Conceptual,Vector,single-index,1,1,1,1,1,0.3787674659161335,1,1,0.001183333,78.0647,books-oracle2=10
q083,a letter that arrives decades too late,Tail,CrossStripe,Conceptual,Vector,naive-score,1,1,1,1,0.9999999999999998,0.3787674659161335,1,2,0.0008500000000000001,64.2341,books-genre-a=2 | books-genre-b=8
q083,a letter that arrives decades too late,Tail,CrossStripe,Conceptual,Vector,interleave,0.8638573449755718,0.7,0.5384615384615384,0.5111111111111111,0.5496825365546624,0.2606637456031846,1,2,0.0008500000000000001,64.22070000000001,books-genre-a=5 | books-genre-b=5
q083,a letter that arrives decades too late,Tail,CrossStripe,Conceptual,Vector,quota-merge,0.8737758171085532,0.7,0.5384615384615384,0.6,0.6112834453379675,0.26832006250904156,1,2,0.0008500000000000001,64.2103,books-genre-a=5 | books-genre-b=5
q083,a letter that arrives decades too late,Tail,CrossStripe,Conceptual,Vector,global-rrf,0.8737758171085532,0.7,0.5384615384615384,0.6,0.6112834453379675,0.26832006250904156,1,2,0.0008500000000000001,64.2282,books-genre-a=5 | books-genre-b=5
q083,a letter that arrives decades too late,Tail,CrossStripe,Conceptual,Vector,minmax-norm,0.8883379461654988,0.8,0.6666666666666666,0.8222222222222222,0.6887000350316516,0.3687038534118135,1,2,0.0008500000000000001,64.25880000000001,books-genre-a=4 | books-genre-b=6
q083,a letter that arrives decades too late,Tail,CrossStripe,Conceptual,Vector,zscore-norm,0.8473833207544312,0.8,0.6666666666666666,0.5555555555555556,0.5407970456073423,0.3709107959781438,1,2,0.0008500000000000001,64.2553,books-genre-a=4 | books-genre-b=6
q083,a letter that arrives decades too late,Tail,CrossStripe,Conceptual,Vector,vector-similarity,1,1,1,1,0.9999999999999998,0.3787674659161335,1,2,0.0008500000000000001,64.224,books-genre-a=2 | books-genre-b=8
q084,music and the people who devote their lives to it,Torso,CrossStripe,Conceptual,Vector,single-index,1,1,1,1,1,0.6187985754089188,1,1,0.000583333,120.0098,books-oracle2=10
q084,music and the people who devote their lives to it,Torso,CrossStripe,Conceptual,Vector,naive-score,1,1,1,1,0.9999999999999998,0.6187985754089188,1,2,0.0008500000000000001,66.82950000000001,books-genre-a=1 | books-genre-b=9
q084,music and the people who devote their lives to it,Torso,CrossStripe,Conceptual,Vector,interleave,0.7518992528771742,0.6,0.42857142857142855,0.3333333333333333,0.48029837639780726,0.4840678642187169,1,2,0.0008500000000000001,66.8142,books-genre-a=5 | books-genre-b=5
q084,music and the people who devote their lives to it,Torso,CrossStripe,Conceptual,Vector,quota-merge,0.8450314874824405,0.6,0.42857142857142855,0.42857142857142855,0.6656354229777607,0.48824222107246307,1,2,0.0008500000000000001,66.8054,books-genre-a=5 | books-genre-b=5
q084,music and the people who devote their lives to it,Torso,CrossStripe,Conceptual,Vector,global-rrf,0.8450314874824405,0.6,0.42857142857142855,0.42857142857142855,0.6656354229777607,0.48824222107246307,1,2,0.0008500000000000001,66.8234,books-genre-a=5 | books-genre-b=5
q084,music and the people who devote their lives to it,Torso,CrossStripe,Conceptual,Vector,minmax-norm,0.9797683665823982,0.9,0.8181818181818182,0.6444444444444445,0.792089794407381,0.5329162845387566,1,2,0.0008500000000000001,66.85050000000001,books-genre-a=2 | books-genre-b=8
q084,music and the people who devote their lives to it,Torso,CrossStripe,Conceptual,Vector,zscore-norm,0.844897410350215,0.8,0.6666666666666666,0.5,0.5629742413330657,0.514807401520459,1,2,0.0008500000000000001,66.848,books-genre-a=3 | books-genre-b=7
q084,music and the people who devote their lives to it,Torso,CrossStripe,Conceptual,Vector,vector-similarity,1,1,1,1,0.9999999999999998,0.6187985754089188,1,2,0.0008500000000000001,66.8191,books-genre-a=1 | books-genre-b=9
q085,a trial that divides a town,Torso,CrossStripe,Conceptual,Vector,single-index,1,1,1,1,1,0.3208348576564587,0.9,1,0.000583333,78.6688,books-oracle2=10
q085,a trial that divides a town,Torso,CrossStripe,Conceptual,Vector,naive-score,1,1,1,1,0.9999999999999998,0.3208348576564587,0.9,2,0.0008500000000000001,66.3393,books-genre-a=3 | books-genre-b=7
q085,a trial that divides a town,Torso,CrossStripe,Conceptual,Vector,interleave,0.8735961613184805,0.8,0.6666666666666666,0.4222222222222222,0.5203739794835117,0.35959468892154645,0.9,2,0.0008500000000000001,66.32339999999999,books-genre-a=5 | books-genre-b=5
q085,a trial that divides a town,Torso,CrossStripe,Conceptual,Vector,quota-merge,0.8849369545901502,0.8,0.6666666666666666,0.5555555555555556,0.5893183715698023,0.3573374587026001,0.9,2,0.0008500000000000001,66.314,books-genre-a=5 | books-genre-b=5
q085,a trial that divides a town,Torso,CrossStripe,Conceptual,Vector,global-rrf,0.8849369545901502,0.8,0.6666666666666666,0.5555555555555556,0.5893183715698023,0.3573374587026001,0.9,2,0.0008500000000000001,66.331,books-genre-a=5 | books-genre-b=5
q085,a trial that divides a town,Torso,CrossStripe,Conceptual,Vector,minmax-norm,0.8877452164780733,0.8,0.6666666666666666,0.7333333333333333,0.6369204190533659,0.3553061162326083,0.9,2,0.0008500000000000001,66.3577,books-genre-a=5 | books-genre-b=5
q085,a trial that divides a town,Torso,CrossStripe,Conceptual,Vector,zscore-norm,0.8863677992347175,0.8,0.6666666666666666,0.6444444444444445,0.6101540484016851,0.35867700208625075,0.9,2,0.0008500000000000001,66.3566,books-genre-a=5 | books-genre-b=5
q085,a trial that divides a town,Torso,CrossStripe,Conceptual,Vector,vector-similarity,1,1,1,1,0.9999999999999998,0.3208348576564587,0.9,2,0.0008500000000000001,66.3279,books-genre-a=3 | books-genre-b=7
q086,forbidden love across a social divide,Torso,CrossStripe,Conceptual,Vector,single-index,1,1,1,1,1,0.47321114227526345,0.9,1,0.000583333,80.268,books-oracle2=10
q086,forbidden love across a social divide,Torso,CrossStripe,Conceptual,Vector,naive-score,1,1,1,1,0.9999999999999998,0.47321114227526345,0.9,2,0.0011,97.1349,books-genre-b=10
q086,forbidden love across a social divide,Torso,CrossStripe,Conceptual,Vector,interleave,0.7051354616200386,0.5,0.3333333333333333,0.14285714285714285,0.38293264596589754,0.43627213034247536,0.9,2,0.0011,97.11309999999999,books-genre-a=5 | books-genre-b=5
q086,forbidden love across a social divide,Torso,CrossStripe,Conceptual,Vector,quota-merge,0.8294089480806364,0.5,0.3333333333333333,0.2857142857142857,0.5852643007329117,0.4145374368286695,0.9,2,0.0011,97.1036,books-genre-a=5 | books-genre-b=5
q086,forbidden love across a social divide,Torso,CrossStripe,Conceptual,Vector,global-rrf,0.8294089480806364,0.5,0.3333333333333333,0.2857142857142857,0.5852643007329117,0.4145374368286695,0.9,2,0.0011,97.122,books-genre-a=5 | books-genre-b=5
q086,forbidden love across a social divide,Torso,CrossStripe,Conceptual,Vector,minmax-norm,0.6128633243328981,0.2,0.1111111111111111,0.4,0.3673924203468,0.3823115814044936,0.9,2,0.0011,97.1485,books-genre-a=8 | books-genre-b=2
q086,forbidden love across a social divide,Torso,CrossStripe,Conceptual,Vector,zscore-norm,0.8154358757106348,0.5,0.3333333333333333,0.14285714285714285,0.5366642291044742,0.3932248524739574,0.9,2,0.0011,97.1475,books-genre-a=5 | books-genre-b=5
q086,forbidden love across a social divide,Torso,CrossStripe,Conceptual,Vector,vector-similarity,1,1,1,1,0.9999999999999998,0.47321114227526345,0.9,2,0.0011,97.1172,books-genre-b=10
q087,an old man looking back on his life,Torso,CrossStripe,Conceptual,Vector,single-index,1,1,1,1,1,0.5795518350348864,1,1,0.000583333,78.0127,books-oracle2=10
q087,an old man looking back on his life,Torso,CrossStripe,Conceptual,Vector,naive-score,1,1,1,1,0.9999999999999998,0.5795518350348864,1,2,0.0011,65.22160000000001,books-genre-a=1 | books-genre-b=9
q087,an old man looking back on his life,Torso,CrossStripe,Conceptual,Vector,interleave,0.8481882925628458,0.6,0.42857142857142855,0.4444444444444444,0.5908428515585166,0.48376308099712095,1,2,0.0011,65.1927,books-genre-a=5 | books-genre-b=5
q087,an old man looking back on his life,Torso,CrossStripe,Conceptual,Vector,quota-merge,0.852580275644102,0.6,0.42857142857142855,0.5555555555555556,0.6226459048597072,0.4826394523792402,1,2,0.0011,65.1838,books-genre-a=5 | books-genre-b=5
q087,an old man looking back on his life,Torso,CrossStripe,Conceptual,Vector,global-rrf,0.852580275644102,0.6,0.42857142857142855,0.5555555555555556,0.6226459048597072,0.4826394523792402,1,2,0.0011,65.19990000000001,books-genre-a=5 | books-genre-b=5
q087,an old man looking back on his life,Torso,CrossStripe,Conceptual,Vector,minmax-norm,0.940253849043504,0.9,0.8181818181818182,0.8666666666666667,0.823994947814102,0.47587983363686615,1,2,0.0011,65.2279,books-genre-a=2 | books-genre-b=8
q087,an old man looking back on his life,Torso,CrossStripe,Conceptual,Vector,zscore-norm,0.8975927157147948,0.7,0.5384615384615384,0.6888888888888889,0.6792268177215083,0.42418999406467084,1,2,0.0011,65.22710000000001,books-genre-a=4 | books-genre-b=6
q087,an old man looking back on his life,Torso,CrossStripe,Conceptual,Vector,vector-similarity,1,1,1,1,0.9999999999999998,0.5795518350348864,1,2,0.0011,65.1967,books-genre-a=1 | books-genre-b=9
q088,letters and diaries as a way of telling a story,Tail,CrossStripe,Conceptual,Vector,single-index,1,1,1,1,1,0.6167306781766959,1,1,0.001183333,78.8274,books-oracle2=10
q088,letters and diaries as a way of telling a story,Tail,CrossStripe,Conceptual,Vector,naive-score,1,1,1,1,0.9999999999999998,0.6167306781766959,1,2,0.0008500000000000001,96.8,books-genre-a=3 | books-genre-b=7
q088,letters and diaries as a way of telling a story,Tail,CrossStripe,Conceptual,Vector,interleave,0.8756539678244901,0.8,0.6666666666666666,0.6,0.598919966113478,0.5386011284583784,1,2,0.0008500000000000001,96.7851,books-genre-a=5 | books-genre-b=5
q088,letters and diaries as a way of telling a story,Tail,CrossStripe,Conceptual,Vector,quota-merge,0.8785714707454655,0.8,0.6666666666666666,0.7333333333333333,0.638066502717654,0.5503867484214114,1,2,0.0008500000000000001,96.77590000000001,books-genre-a=5 | books-genre-b=5
q088,letters and diaries as a way of telling a story,Tail,CrossStripe,Conceptual,Vector,global-rrf,0.8785714707454655,0.8,0.6666666666666666,0.7333333333333333,0.638066502717654,0.5503867484214114,1,2,0.0008500000000000001,96.793,books-genre-a=5 | books-genre-b=5
q088,letters and diaries as a way of telling a story,Tail,CrossStripe,Conceptual,Vector,minmax-norm,0.8928090951931916,1,1,0.7333333333333333,0.6463390525021679,0.6109493793227425,1,2,0.0008500000000000001,96.82650000000001,books-genre-a=3 | books-genre-b=7
q088,letters and diaries as a way of telling a story,Tail,CrossStripe,Conceptual,Vector,zscore-norm,0.8379177104684931,1,1,0.6,0.5078130070664041,0.6203009095917739,1,2,0.0008500000000000001,96.8232,books-genre-a=3 | books-genre-b=7
q088,letters and diaries as a way of telling a story,Tail,CrossStripe,Conceptual,Vector,vector-similarity,1,1,1,1,0.9999999999999998,0.6167306781766959,1,2,0.0008500000000000001,96.7899,books-genre-a=3 | books-genre-b=7
q089,the price of ambition,Torso,CrossStripe,Conceptual,Vector,single-index,1,1,1,1,1,0.3524264713671846,1,1,0.000583333,78.4453,books-oracle2=10
q089,the price of ambition,Torso,CrossStripe,Conceptual,Vector,naive-score,1,1,1,1,0.9999999999999998,0.3524264713671846,1,2,0.0008500000000000001,65.8255,books-genre-a=6 | books-genre-b=4
q089,the price of ambition,Torso,CrossStripe,Conceptual,Vector,interleave,0.9441027672070762,0.9,0.8181818181818182,0.9111111111111111,0.8288614625426676,0.3479700903139188,1,2,0.0008500000000000001,65.80980000000001,books-genre-a=5 | books-genre-b=5
q089,the price of ambition,Torso,CrossStripe,Conceptual,Vector,quota-merge,0.9966671304724674,0.9,0.8181818181818182,0.8666666666666667,0.9335977943331792,0.38569316356793265,1,2,0.0008500000000000001,65.80120000000001,books-genre-a=5 | books-genre-b=5
q089,the price of ambition,Torso,CrossStripe,Conceptual,Vector,global-rrf,0.9966671304724674,0.9,0.8181818181818182,0.8666666666666667,0.9335977943331792,0.38569316356793265,1,2,0.0008500000000000001,65.81840000000001,books-genre-a=5 | books-genre-b=5
q089,the price of ambition,Torso,CrossStripe,Conceptual,Vector,minmax-norm,0.987381315155179,0.9,0.8181818181818182,0.7777777777777778,0.8946018400312614,0.38571969430815684,1,2,0.0008500000000000001,65.8768,books-genre-a=7 | books-genre-b=3
q089,the price of ambition,Torso,CrossStripe,Conceptual,Vector,zscore-norm,1,1,1,1,0.9999999999999998,0.3524264713671846,1,2,0.0008500000000000001,65.84580000000001,books-genre-a=6 | books-genre-b=4
q089,the price of ambition,Torso,CrossStripe,Conceptual,Vector,vector-similarity,1,1,1,1,0.9999999999999998,0.3524264713671846,1,2,0.0008500000000000001,65.8148,books-genre-a=6 | books-genre-b=4
q090,a con artist whose scheme goes wrong,Tail,CrossStripe,Conceptual,Vector,single-index,1,1,1,1,1,0.4376302128841026,1,1,0.000583333,79.3602,books-oracle2=10
q090,a con artist whose scheme goes wrong,Tail,CrossStripe,Conceptual,Vector,naive-score,1,1,1,1,0.9999999999999998,0.4376302128841026,1,2,0.0011,97.33189999999999,books-genre-a=8 | books-genre-b=2
q090,a con artist whose scheme goes wrong,Tail,CrossStripe,Conceptual,Vector,interleave,0.9749883340788904,0.7,0.5384615384615384,0.7777777777777778,0.825271422808133,0.565757750343204,1,2,0.0011,97.3162,books-genre-a=5 | books-genre-b=5
q090,a con artist whose scheme goes wrong,Tail,CrossStripe,Conceptual,Vector,quota-merge,0.9722996363073068,0.7,0.5384615384615384,0.6888888888888889,0.7934683695069426,0.5699745757747657,1,2,0.0011,97.3082,books-genre-a=5 | books-genre-b=5
q090,a con artist whose scheme goes wrong,Tail,CrossStripe,Conceptual,Vector,global-rrf,0.9722996363073068,0.7,0.5384615384615384,0.6888888888888889,0.7934683695069426,0.5699745757747657,1,2,0.0011,97.3249,books-genre-a=5 | books-genre-b=5
q090,a con artist whose scheme goes wrong,Tail,CrossStripe,Conceptual,Vector,minmax-norm,0.9774790547707572,0.8,0.6666666666666666,0.7777777777777778,0.8257111908786975,0.5505187111939791,1,2,0.0011,97.3526,books-genre-a=6 | books-genre-b=4
q090,a con artist whose scheme goes wrong,Tail,CrossStripe,Conceptual,Vector,zscore-norm,0.9035141181364674,0.8,0.6666666666666666,0.7333333333333333,0.6721771975999347,0.6376165977420651,1,2,0.0011,97.3517,books-genre-a=6 | books-genre-b=4
q090,a con artist whose scheme goes wrong,Tail,CrossStripe,Conceptual,Vector,vector-similarity,1,1,1,1,0.9999999999999998,0.4376302128841026,1,2,0.0011,97.3215,books-genre-a=8 | books-genre-b=2
q091,prison,Head,CrossStripe,Lexical,Vector,single-index,1,1,1,1,1,0.9552009891550426,1,1,0.000583333,78.2208,books-oracle2=10
q091,prison,Head,CrossStripe,Lexical,Vector,naive-score,1,1,1,1,0.9999999999999998,0.9552009891550426,1,2,0.0011,93.1124,books-genre-a=6 | books-genre-b=4
q091,prison,Head,CrossStripe,Lexical,Vector,interleave,0.9089427836978274,0.9,0.8181818181818182,0.8222222222222222,0.7134504726533927,0.9552009891550426,1,2,0.0011,93.09599999999999,books-genre-a=5 | books-genre-b=5
q091,prison,Head,CrossStripe,Lexical,Vector,quota-merge,0.9139366857288468,0.9,0.8181818181818182,0.7777777777777778,0.7359048448325219,0.9552009891550426,1,2,0.0011,93.086,books-genre-a=5 | books-genre-b=5
q091,prison,Head,CrossStripe,Lexical,Vector,global-rrf,0.9139366857288468,0.9,0.8181818181818182,0.7777777777777778,0.7359048448325219,0.9552009891550426,1,2,0.0011,93.1039,books-genre-a=5 | books-genre-b=5
q091,prison,Head,CrossStripe,Lexical,Vector,minmax-norm,0.9073189709471219,0.9,0.8181818181818182,0.6888888888888889,0.6660460150296427,0.8985196555413975,0.9,2,0.0011,93.1321,books-genre-a=7 | books-genre-b=3
q091,prison,Head,CrossStripe,Lexical,Vector,zscore-norm,1,1,1,1,0.9999999999999998,0.9552009891550426,1,2,0.0011,93.1313,books-genre-a=6 | books-genre-b=4
q091,prison,Head,CrossStripe,Lexical,Vector,vector-similarity,1,1,1,1,0.9999999999999998,0.9552009891550426,1,2,0.0011,93.1005,books-genre-a=6 | books-genre-b=4
q092,language and the way words shape thought,Tail,CrossStripe,Conceptual,Vector,single-index,1,1,1,1,1,0.6742614345920848,1,1,0.000583333,80.7949,books-oracle2=10
q092,language and the way words shape thought,Tail,CrossStripe,Conceptual,Vector,naive-score,1,1,1,1,0.9999999999999998,0.6742614345920848,1,2,0.0006,94.02380000000001,books-genre-a=1 | books-genre-b=9
q092,language and the way words shape thought,Tail,CrossStripe,Conceptual,Vector,interleave,0.7852748649515733,0.6,0.42857142857142855,0.35714285714285715,0.5217525545830732,0.750505300896881,1,2,0.0006,94.0096,books-genre-a=5 | books-genre-b=5
q092,language and the way words shape thought,Tail,CrossStripe,Conceptual,Vector,quota-merge,0.788328355453342,0.6,0.42857142857142855,0.42857142857142855,0.5418992851811125,0.7479383546646069,1,2,0.0006,93.9995,books-genre-a=5 | books-genre-b=5
q092,language and the way words shape thought,Tail,CrossStripe,Conceptual,Vector,global-rrf,0.788328355453342,0.6,0.42857142857142855,0.42857142857142855,0.5418992851811125,0.7479383546646069,1,2,0.0006,94.0171,books-genre-a=5 | books-genre-b=5
q092,language and the way words shape thought,Tail,CrossStripe,Conceptual,Vector,minmax-norm,0.8544018549220573,0.7,0.5384615384615384,0.6666666666666666,0.6880626771012736,0.6954664092301502,1,2,0.0006,94.0451,books-genre-a=4 | books-genre-b=6
q092,language and the way words shape thought,Tail,CrossStripe,Conceptual,Vector,zscore-norm,0.8045239769001886,0.6,0.42857142857142855,0.5714285714285714,0.6101198340180592,0.7494350568694265,1,2,0.0006,94.042,books-genre-a=5 | books-genre-b=5
q092,language and the way words shape thought,Tail,CrossStripe,Conceptual,Vector,vector-similarity,1,1,1,1,0.9999999999999998,0.6742614345920848,1,2,0.0006,94.0126,books-genre-a=1 | books-genre-b=9
q093,a house that holds a family's history,Torso,CrossStripe,Conceptual,Vector,single-index,1,1,1,1,1,0.543078349904302,1,1,0.000583333,106.3704,books-oracle2=10
q093,a house that holds a family's history,Torso,CrossStripe,Conceptual,Vector,naive-score,1,1,1,1,0.9999999999999998,0.543078349904302,1,2,0.0008500000000000001,89.0552,books-genre-a=2 | books-genre-b=8
q093,a house that holds a family's history,Torso,CrossStripe,Conceptual,Vector,interleave,0.83921425104003,0.7,0.5384615384615384,0.37777777777777777,0.4747878650298877,0.4188147478761133,1,2,0.0008500000000000001,89.0388,books-genre-a=5 | books-genre-b=5
q093,a house that holds a family's history,Torso,CrossStripe,Conceptual,Vector,quota-merge,0.8479797770063117,0.7,0.5384615384615384,0.4222222222222222,0.5162420432151538,0.4318926211156755,1,2,0.0008500000000000001,89.0305,books-genre-a=5 | books-genre-b=5
q093,a house that holds a family's history,Torso,CrossStripe,Conceptual,Vector,global-rrf,0.8479797770063117,0.7,0.5384615384615384,0.4222222222222222,0.5162420432151538,0.4318926211156755,1,2,0.0008500000000000001,89.0482,books-genre-a=5 | books-genre-b=5
q093,a house that holds a family's history,Torso,CrossStripe,Conceptual,Vector,minmax-norm,0.8472132917555828,0.7,0.5384615384615384,0.6,0.5382238037113247,0.4194799651834078,1,2,0.0008500000000000001,89.0751,books-genre-a=5 | books-genre-b=5
q093,a house that holds a family's history,Torso,CrossStripe,Conceptual,Vector,zscore-norm,0.9353439155583868,0.7,0.5384615384615384,0.5555555555555556,0.6674683949128267,0.42107197809505964,1,2,0.0008500000000000001,89.0737,books-genre-a=5 | books-genre-b=5
q093,a house that holds a family's history,Torso,CrossStripe,Conceptual,Vector,vector-similarity,1,1,1,1,0.9999999999999998,0.543078349904302,1,2,0.0008500000000000001,89.0429,books-genre-a=2 | books-genre-b=8
q094,surveillance and the loss of privacy,Torso,CrossStripe,Mixed,Vector,single-index,1,1,1,1,1,0.692918801595373,1,1,0.000583333,77.9204,books-oracle2=10
q094,surveillance and the loss of privacy,Torso,CrossStripe,Mixed,Vector,naive-score,1,1,1,1,0.9999999999999998,0.692918801595373,1,2,0.0008500000000000001,63.8913,books-genre-a=5 | books-genre-b=5
q094,surveillance and the loss of privacy,Torso,CrossStripe,Mixed,Vector,interleave,0.943267546821875,1,1,0.8666666666666667,0.7899017805874415,0.6966030368757657,1,2,0.0008500000000000001,63.8766,books-genre-a=5 | books-genre-b=5
q094,surveillance and the loss of privacy,Torso,CrossStripe,Mixed,Vector,quota-merge,0.9432101636500828,1,1,0.8222222222222222,0.7825582972844563,0.6966030368757657,1,2,0.0008500000000000001,63.8679,books-genre-a=5 | books-genre-b=5
q094,surveillance and the loss of privacy,Torso,CrossStripe,Mixed,Vector,global-rrf,0.9432101636500828,1,1,0.8222222222222222,0.7825582972844563,0.6966030368757657,1,2,0.0008500000000000001,63.8855,books-genre-a=5 | books-genre-b=5
q094,surveillance and the loss of privacy,Torso,CrossStripe,Mixed,Vector,minmax-norm,0.9193980312738206,0.7,0.5384615384615384,0.7777777777777778,0.6792268177215083,0.7398828200090506,1,2,0.0008500000000000001,63.9129,books-genre-a=8 | books-genre-b=2
q094,surveillance and the loss of privacy,Torso,CrossStripe,Mixed,Vector,zscore-norm,0.9918238811921113,0.9,0.8181818181818182,0.7777777777777778,0.883633622634339,0.7297423349156509,1,2,0.0008500000000000001,63.9105,books-genre-a=6 | books-genre-b=4
q094,surveillance and the loss of privacy,Torso,CrossStripe,Mixed,Vector,vector-similarity,1,1,1,1,0.9999999999999998,0.692918801595373,1,2,0.0008500000000000001,63.881800000000005,books-genre-a=5 | books-genre-b=5
q095,sisters,Head,CrossStripe,Lexical,Vector,single-index,1,1,1,1,1,0.657780269585161,0.8,1,0.000583333,79.5396,books-oracle2=10
q095,sisters,Head,CrossStripe,Lexical,Vector,naive-score,1,1,1,1,0.9999999999999998,0.657780269585161,0.8,2,0.0008500000000000001,64.79260000000001,books-genre-a=4 | books-genre-b=6
q095,sisters,Head,CrossStripe,Lexical,Vector,interleave,0.9397332535013367,0.9,0.8181818181818182,0.6888888888888889,0.735627668379116,0.6413466675244648,0.9,2,0.0008500000000000001,64.77640000000001,books-genre-a=5 | books-genre-b=5
q095,sisters,Head,CrossStripe,Lexical,Vector,quota-merge,0.9416594788119674,0.9,0.8181818181818182,0.7333333333333333,0.7770818465643821,0.6544245407640271,0.9,2,0.0008500000000000001,64.76650000000001,books-genre-a=5 | books-genre-b=5
q095,sisters,Head,CrossStripe,Lexical,Vector,global-rrf,0.9416594788119674,0.9,0.8181818181818182,0.7333333333333333,0.7770818465643821,0.6544245407640271,0.9,2,0.0008500000000000001,64.7848,books-genre-a=5 | books-genre-b=5
q095,sisters,Head,CrossStripe,Lexical,Vector,minmax-norm,0.9454034852186222,1,1,0.9555555555555556,0.846466006721237,0.657780269585161,0.8,2,0.0008500000000000001,64.8154,books-genre-a=4 | books-genre-b=6
q095,sisters,Head,CrossStripe,Lexical,Vector,zscore-norm,0.9416594788119674,0.9,0.8181818181818182,0.7333333333333333,0.7770818465643821,0.6544245407640271,0.9,2,0.0008500000000000001,64.8114,books-genre-a=5 | books-genre-b=5
q095,sisters,Head,CrossStripe,Lexical,Vector,vector-similarity,1,1,1,1,0.9999999999999998,0.657780269585161,0.8,2,0.0008500000000000001,64.7812,books-genre-a=4 | books-genre-b=6
q096,a mentor who turns out to be wrong about everything,Tail,CrossStripe,Conceptual,Vector,single-index,1,1,1,1,1,0.15249853784949555,1,1,0.000583333,79.0422,books-oracle2=10
q096,a mentor who turns out to be wrong about everything,Tail,CrossStripe,Conceptual,Vector,naive-score,1,1,1,1,0.9999999999999998,0.15249853784949555,1,2,0.0008500000000000001,96.74029999999999,books-genre-a=1 | books-genre-b=9
q096,a mentor who turns out to be wrong about everything,Tail,CrossStripe,Conceptual,Vector,interleave,0.8264851026140102,0.6,0.42857142857142855,0.4222222222222222,0.48029837639780726,0.09931858843343556,1,2,0.0008500000000000001,96.72279999999999,books-genre-a=5 | books-genre-b=5
q096,a mentor who turns out to be wrong about everything,Tail,CrossStripe,Conceptual,Vector,quota-merge,0.9256220094114129,0.6,0.42857142857142855,0.5555555555555556,0.6954332784598753,0.10589354473649137,1,2,0.0008500000000000001,96.71379999999999,books-genre-a=5 | books-genre-b=5
q096,a mentor who turns out to be wrong about everything,Tail,CrossStripe,Conceptual,Vector,global-rrf,0.9256220094114129,0.6,0.42857142857142855,0.5555555555555556,0.6954332784598753,0.10589354473649137,1,2,0.0008500000000000001,96.7327,books-genre-a=5 | books-genre-b=5
q096,a mentor who turns out to be wrong about everything,Tail,CrossStripe,Conceptual,Vector,minmax-norm,0.9690737678867287,0.8,0.6666666666666666,0.9111111111111111,0.870215598585469,0.08411322768685976,1,2,0.0008500000000000001,96.76259999999999,books-genre-a=3 | books-genre-b=7
q096,a mentor who turns out to be wrong about everything,Tail,CrossStripe,Conceptual,Vector,zscore-norm,0.8642306076662005,0.7,0.5384615384615384,0.6,0.6113517203694387,0.07903719290723173,1,2,0.0008500000000000001,96.7588,books-genre-a=4 | books-genre-b=6
q096,a mentor who turns out to be wrong about everything,Tail,CrossStripe,Conceptual,Vector,vector-similarity,1,1,1,1,0.9999999999999998,0.15249853784949555,1,2,0.0008500000000000001,96.7278,books-genre-a=1 | books-genre-b=9
q097,winter cold and isolation in a remote place,Torso,CrossStripe,Conceptual,Vector,single-index,1,1,1,1,1,1,1,1,0.000583333,77.3619,books-oracle2=10
q097,winter cold and isolation in a remote place,Torso,CrossStripe,Conceptual,Vector,naive-score,1,1,1,1,0.9999999999999998,1,1,2,0.0008500000000000001,64.0943,books-genre-a=7 | books-genre-b=3
q097,winter cold and isolation in a remote place,Torso,CrossStripe,Conceptual,Vector,interleave,0.985726513540626,0.8,0.6666666666666666,0.9111111111111111,0.9024904226420034,1,1,2,0.0008500000000000001,64.0805,books-genre-a=5 | books-genre-b=5
q097,winter cold and isolation in a remote place,Torso,CrossStripe,Conceptual,Vector,quota-merge,0.9110580735237609,0.8,0.6666666666666666,0.7777777777777778,0.7299566233571038,1,1,2,0.0008500000000000001,64.0705,books-genre-a=5 | books-genre-b=5
q097,winter cold and isolation in a remote place,Torso,CrossStripe,Conceptual,Vector,global-rrf,0.9110580735237609,0.8,0.6666666666666666,0.7777777777777778,0.7299566233571038,1,1,2,0.0008500000000000001,64.08800000000001,books-genre-a=5 | books-genre-b=5
q097,winter cold and isolation in a remote place,Torso,CrossStripe,Conceptual,Vector,minmax-norm,0.8896065394848357,0.7,0.5384615384615384,0.6,0.6027930374430797,1,1,2,0.0008500000000000001,64.1417,books-genre-a=4 | books-genre-b=6
q097,winter cold and isolation in a remote place,Torso,CrossStripe,Conceptual,Vector,zscore-norm,0.9853087452007657,0.9,0.8181818181818182,0.7333333333333333,0.835181412630965,1,1,2,0.0008500000000000001,64.1148,books-genre-a=6 | books-genre-b=4
q097,winter cold and isolation in a remote place,Torso,CrossStripe,Conceptual,Vector,vector-similarity,1,1,1,1,0.9999999999999998,1,1,2,0.0008500000000000001,64.0838,books-genre-a=7 | books-genre-b=3
q098,money and what people will do for it,Torso,CrossStripe,Conceptual,Vector,single-index,1,1,1,1,1,0.44678799014149534,1,1,0.000583333,79.6022,books-oracle2=10
q098,money and what people will do for it,Torso,CrossStripe,Conceptual,Vector,naive-score,1,1,1,1,0.9999999999999998,0.44678799014149534,1,2,0.0008500000000000001,63.481100000000005,books-genre-a=1 | books-genre-b=9
q098,money and what people will do for it,Torso,CrossStripe,Conceptual,Vector,interleave,0.75554190345552,0.6,0.42857142857142855,0.2222222222222222,0.4054037048730326,0.6422234307150909,1,2,0.0008500000000000001,63.466300000000004,books-genre-a=5 | books-genre-b=5
q098,money and what people will do for it,Torso,CrossStripe,Conceptual,Vector,quota-merge,0.7629459428148062,0.6,0.42857142857142855,0.3333333333333333,0.44455024147720845,0.6426457101871113,1,2,0.0008500000000000001,63.457,books-genre-a=5 | books-genre-b=5
q098,money and what people will do for it,Torso,CrossStripe,Conceptual,Vector,global-rrf,0.7629459428148062,0.6,0.42857142857142855,0.3333333333333333,0.44455024147720845,0.6426457101871113,1,2,0.0008500000000000001,63.4741,books-genre-a=5 | books-genre-b=5
q098,money and what people will do for it,Torso,CrossStripe,Conceptual,Vector,minmax-norm,0.8302369731375311,0.7,0.5384615384615384,0.6444444444444445,0.5925495042231157,0.5657742068342402,1,2,0.0008500000000000001,63.514500000000005,books-genre-a=4 | books-genre-b=6
q098,money and what people will do for it,Torso,CrossStripe,Conceptual,Vector,zscore-norm,0.8024692232313464,0.7,0.5384615384615384,0.24444444444444444,0.4388421402494753,0.5881136060165812,1,2,0.0008500000000000001,63.5022,books-genre-a=4 | books-genre-b=6
q098,money and what people will do for it,Torso,CrossStripe,Conceptual,Vector,vector-similarity,1,1,1,1,0.9999999999999998,0.44678799014149534,1,2,0.0008500000000000001,63.470600000000005,books-genre-a=1 | books-genre-b=9
q099,a rebellion against an unjust authority,Torso,CrossStripe,Conceptual,Vector,single-index,1,1,1,1,1,0.9371166382005486,1,1,0.000583333,77.7514,books-oracle2=10
q099,a rebellion against an unjust authority,Torso,CrossStripe,Conceptual,Vector,naive-score,1,1,1,1,0.9999999999999998,0.9371166382005486,1,2,0.0011,65.14789999999999,books-genre-a=2 | books-genre-b=8
q099,a rebellion against an unjust authority,Torso,CrossStripe,Conceptual,Vector,interleave,0.8979691565678429,0.7,0.5384615384615384,0.5111111111111111,0.6041345563369198,0.8702308504891342,1,2,0.0011,65.13109999999999,books-genre-a=5 | books-genre-b=5
q099,a rebellion against an unjust authority,Torso,CrossStripe,Conceptual,Vector,quota-merge,0.9566908765077882,0.7,0.5384615384615384,0.6888888888888889,0.7968150862198586,0.878269379562034,1,2,0.0011,65.1223,books-genre-a=5 | books-genre-b=5
q099,a rebellion against an unjust authority,Torso,CrossStripe,Conceptual,Vector,global-rrf,0.9566908765077882,0.7,0.5384615384615384,0.6888888888888889,0.7968150862198586,0.878269379562034,1,2,0.0011,65.14099999999999,books-genre-a=5 | books-genre-b=5
q099,a rebellion against an unjust authority,Torso,CrossStripe,Conceptual,Vector,minmax-norm,0.9724293063262743,0.8,0.6666666666666666,0.6444444444444445,0.8270527097725379,0.8825845340300185,1,2,0.0011,65.16789999999999,books-genre-a=4 | books-genre-b=6
q099,a rebellion against an unjust authority,Torso,CrossStripe,Conceptual,Vector,zscore-norm,0.9170692838184185,0.8,0.6666666666666666,0.5555555555555556,0.6643393623650434,0.8825845340300185,1,2,0.0011,65.1659,books-genre-a=4 | books-genre-b=6
q099,a rebellion against an unjust authority,Torso,CrossStripe,Conceptual,Vector,vector-similarity,1,1,1,1,0.9999999999999998,0.9371166382005486,1,2,0.0011,65.13629999999999,books-genre-a=2 | books-genre-b=8
q100,the moment everything changed,Torso,CrossStripe,Conceptual,Vector,single-index,1,1,1,1,1,0.8415908474314976,1,1,0.000583333,106.6878,books-oracle2=10
q100,the moment everything changed,Torso,CrossStripe,Conceptual,Vector,naive-score,1,1,1,1,0.9999999999999998,0.8415908474314976,1,2,0.0011,67.1742,books-genre-a=6 | books-genre-b=4
q100,the moment everything changed,Torso,CrossStripe,Conceptual,Vector,interleave,0.9945732458277156,0.9,0.8181818181818182,0.9111111111111111,0.9495473708178105,0.78180487222265,0.9,2,0.0011,67.1587,books-genre-a=5 | books-genre-b=5
q100,the moment everything changed,Torso,CrossStripe,Conceptual,Vector,quota-merge,0.9388087064692177,0.9,0.8181818181818182,0.7777777777777778,0.7685231636380229,0.7859162856301584,0.9,2,0.0011,67.1493,books-genre-a=5 | books-genre-b=5
q100,the moment everything changed,Torso,CrossStripe,Conceptual,Vector,global-rrf,0.9388087064692177,0.9,0.8181818181818182,0.7777777777777778,0.7685231636380229,0.7859162856301584,0.9,2,0.0011,67.1671,books-genre-a=5 | books-genre-b=5
q100,the moment everything changed,Torso,CrossStripe,Conceptual,Vector,minmax-norm,0.9435088489658734,1,1,0.7777777777777778,0.7818148684164262,0.8521705090845474,1,2,0.0011,67.1943,books-genre-a=6 | books-genre-b=4
q100,the moment everything changed,Torso,CrossStripe,Conceptual,Vector,zscore-norm,0.9390620009894332,0.9,0.8181818181818182,0.8222222222222222,0.7758666469410083,0.7885497208855957,0.9,2,0.0011,67.21900000000001,books-genre-a=5 | books-genre-b=5
q100,the moment everything changed,Torso,CrossStripe,Conceptual,Vector,vector-similarity,1,1,1,1,0.9999999999999998,0.8415908474314976,1,2,0.0011,67.1639,books-genre-a=6 | books-genre-b=4
