queryId,query,shape,span,intent,mode,strategy,ndcg,recall,jaccard,kendallTau,rbo,judgedNdcg,judgedCoverage,queries,computeUnits,latencyMs,stripeMix
q001,dragons and ancient magic,Torso,StripeLocal,Lexical,Keyword,single-index,1,1,1,1,1,0.8992570819408976,1,1,0.000366667,138.7994,books-oracle2=10
q001,dragons and ancient magic,Torso,StripeLocal,Lexical,Keyword,naive-score,0.5621961471402095,0.3,0.17647058823529413,0.4222222222222222,0.23506290797946666,0.8345076786324728,0.9,2,0.000666666,161.8613,books-t2004-a=5 | books-t2004-b=5
q001,dragons and ancient magic,Torso,StripeLocal,Lexical,Keyword,interleave,0.8716289130565986,0.8,0.6666666666666666,0.7857142857142857,0.6620921619678828,0.799749473596835,0.8,2,0.000666666,159.7519,books-t2004-a=5 | books-t2004-b=5
q001,dragons and ancient magic,Torso,StripeLocal,Lexical,Keyword,quota-merge,0.923016878401271,0.8,0.6666666666666666,0.7857142857142857,0.741788886686126,0.7900354745802988,0.8,2,0.000666666,160.5259,books-t2004-a=5 | books-t2004-b=5
q001,dragons and ancient magic,Torso,StripeLocal,Lexical,Keyword,global-rrf,0.923016878401271,0.8,0.6666666666666666,0.7857142857142857,0.741788886686126,0.7900354745802988,0.8,2,0.000666666,159.58520000000001,books-t2004-a=5 | books-t2004-b=5
q001,dragons and ancient magic,Torso,StripeLocal,Lexical,Keyword,minmax-norm,0.5386449578904746,0.4,0.25,0.24444444444444444,0.2633227488990276,0.8595820979770249,1,2,0.000666666,161.3401,books-t2004-a=6 | books-t2004-b=4
q001,dragons and ancient magic,Torso,StripeLocal,Lexical,Keyword,zscore-norm,0.5621961471402095,0.3,0.17647058823529413,0.4222222222222222,0.23506290797946666,0.8345076786324728,0.9,2,0.000666666,161.1249,books-t2004-a=5 | books-t2004-b=5
q001,dragons and ancient magic,Torso,StripeLocal,Lexical,Keyword,idf-correct-probe,0.5621961471402095,0.3,0.17647058823529413,0.4222222222222222,0.23506290797946666,0.8345076786324728,0.9,10,0.002433334,527.2774,books-t2004-a=5 | books-t2004-b=5
q001,dragons and ancient magic,Torso,StripeLocal,Lexical,Keyword,semantic-score,0.9650645928231532,0.9,0.8181818181818182,1,0.8299906288046852,0.8345076786324728,0.9,2,0.000666666,159.5534,books-t2004-a=6 | books-t2004-b=4
q001,dragons and ancient magic,Torso,StripeLocal,Lexical,Keyword,semantic-rerank,0.9650645928231532,0.9,0.8181818181818182,1,0.8299906288046852,0.8345076786324728,0.9,4,0.001433332,312.3974,books-t2004-a=6 | books-t2004-b=4
q001,dragons and ancient magic,Torso,StripeLocal,Lexical,Keyword,idf-correct-sidecar,0.5621961471402095,0.3,0.17647058823529413,0.4222222222222222,0.23506290797946666,0.8345076786324728,0.9,2,0.000666666,160.1366,books-t2004-a=5 | books-t2004-b=5
q002,a young wizard learning to control his powers at a school of magic,Torso,StripeLocal,Conceptual,Keyword,single-index,1,1,1,1,1,0.6410626846301555,1,1,0.000433333,129.5163,books-oracle2=10
q002,a young wizard learning to control his powers at a school of magic,Torso,StripeLocal,Conceptual,Keyword,naive-score,0.6820499733734774,0.6,0.42857142857142855,0.3333333333333333,0.366610500446762,0.4647787950484321,1,2,0.001216667,131.1729,books-t2004-a=5 | books-t2004-b=5
q002,a young wizard learning to control his powers at a school of magic,Torso,StripeLocal,Conceptual,Keyword,interleave,0.7984860731678665,0.7,0.5384615384615384,0.8095238095238095,0.5832298898425102,0.7222099226830143,0.9,2,0.001216667,131.13649999999998,books-t2004-a=5 | books-t2004-b=5
q002,a young wizard learning to control his powers at a school of magic,Torso,StripeLocal,Conceptual,Keyword,quota-merge,0.6330251479667235,0.7,0.5384615384615384,0.8095238095238095,0.4555719696182403,0.7309285048427223,0.9,2,0.001216667,131.1197,books-t2004-a=5 | books-t2004-b=5
q002,a young wizard learning to control his powers at a school of magic,Torso,StripeLocal,Conceptual,Keyword,global-rrf,0.6330251479667235,0.7,0.5384615384615384,0.8095238095238095,0.4555719696182403,0.7309285048427223,0.9,2,0.001216667,131.14509999999999,books-t2004-a=5 | books-t2004-b=5
q002,a young wizard learning to control his powers at a school of magic,Torso,StripeLocal,Conceptual,Keyword,minmax-norm,0.6314779380098846,0.6,0.42857142857142855,0.28888888888888886,0.366610500446762,0.5111955507195896,1,2,0.001216667,131.18869999999998,books-t2004-a=5 | books-t2004-b=5
q002,a young wizard learning to control his powers at a school of magic,Torso,StripeLocal,Conceptual,Keyword,zscore-norm,0.6820499733734774,0.6,0.42857142857142855,0.3333333333333333,0.366610500446762,0.4647787950484321,1,2,0.001216667,131.1796,books-t2004-a=5 | books-t2004-b=5
q002,a young wizard learning to control his powers at a school of magic,Torso,StripeLocal,Conceptual,Keyword,idf-correct-probe,0.6820499733734774,0.6,0.42857142857142855,0.3333333333333333,0.366610500446762,0.4647787950484321,1,14,0.004683335000000001,665.9368,books-t2004-a=5 | books-t2004-b=5
q002,a young wizard learning to control his powers at a school of magic,Torso,StripeLocal,Conceptual,Keyword,semantic-score,0.810409212646404,0.7,0.5384615384615384,1,0.607558987794351,0.7301961918417063,0.9,2,0.001216667,131.14659999999998,books-t2004-a=5 | books-t2004-b=5
q002,a young wizard learning to control his powers at a school of magic,Torso,StripeLocal,Conceptual,Keyword,semantic-rerank,0.810409212646404,0.7,0.5384615384615384,1,0.607558987794351,0.7301961918417063,0.9,4,0.0020333340000000004,257.1086,books-t2004-a=5 | books-t2004-b=5
q002,a young wizard learning to control his powers at a school of magic,Torso,StripeLocal,Conceptual,Keyword,idf-correct-sidecar,0.6820499733734774,0.6,0.42857142857142855,0.3333333333333333,0.366610500446762,0.4647787950484321,1,2,0.001216667,131.2609,books-t2004-a=5 | books-t2004-b=5
q003,epic fantasy quest to destroy an artifact,Torso,StripeLocal,Mixed,Keyword,single-index,1,1,1,1,1,0.5921767482452864,1,1,0.000416667,127.9509,books-oracle2=10
q003,epic fantasy quest to destroy an artifact,Torso,StripeLocal,Mixed,Keyword,naive-score,0.47627132000667405,0.2,0.1111111111111111,0.15555555555555556,0.13961345488824084,0.3087354749063144,1,2,0.001166666,133.2256,books-t2004-a=4 | books-t2004-b=6
q003,epic fantasy quest to destroy an artifact,Torso,StripeLocal,Mixed,Keyword,interleave,0.7946629209046848,0.7,0.5384615384615384,0.7142857142857143,0.5781451532531402,0.49152942522409104,0.8,2,0.001166666,133.1659,books-t2004-a=5 | books-t2004-b=5
q003,epic fantasy quest to destroy an artifact,Torso,StripeLocal,Mixed,Keyword,quota-merge,0.6243709617988894,0.7,0.5384615384615384,0.5238095238095238,0.42485816327889175,0.4133258936633767,0.8,2,0.001166666,133.1397,books-t2004-a=5 | books-t2004-b=5
q003,epic fantasy quest to destroy an artifact,Torso,StripeLocal,Mixed,Keyword,global-rrf,0.6243709617988894,0.7,0.5384615384615384,0.5238095238095238,0.42485816327889175,0.4133258936633767,0.8,2,0.001166666,133.17499999999998,books-t2004-a=5 | books-t2004-b=5
q003,epic fantasy quest to destroy an artifact,Torso,StripeLocal,Mixed,Keyword,minmax-norm,0.4786767680075318,0.2,0.1111111111111111,0.24444444444444444,0.16616796470858775,0.3602417944138878,1,2,0.001166666,133.2458,books-t2004-a=5 | books-t2004-b=5
q003,epic fantasy quest to destroy an artifact,Torso,StripeLocal,Mixed,Keyword,zscore-norm,0.4830138666764427,0.2,0.1111111111111111,0.15555555555555556,0.18101533085010968,0.3341353315030657,1,2,0.001166666,133.2302,books-t2004-a=4 | books-t2004-b=6
q003,epic fantasy quest to destroy an artifact,Torso,StripeLocal,Mixed,Keyword,idf-correct-probe,0.47774225853288915,0.2,0.1111111111111111,0.2,0.14950593852514754,0.3113302535933486,1,12,0.0032000000000000006,581.7466999999999,books-t2004-a=4 | books-t2004-b=6
q003,epic fantasy quest to destroy an artifact,Torso,StripeLocal,Mixed,Keyword,semantic-score,0.8238596645794121,0.6,0.42857142857142855,1,0.6678586337335307,0.6556657815896768,0.8,2,0.001166666,133.1344,books-t2004-a=8 | books-t2004-b=2
q003,epic fantasy quest to destroy an artifact,Torso,StripeLocal,Mixed,Keyword,semantic-rerank,0.8238596645794121,0.6,0.42857142857142855,1,0.6678586337335307,0.6556657815896768,0.8,4,0.001783333,242.9082,books-t2004-a=8 | books-t2004-b=2
q003,epic fantasy quest to destroy an artifact,Torso,StripeLocal,Mixed,Keyword,idf-correct-sidecar,0.4791963016034578,0.2,0.1111111111111111,0.1111111111111111,0.16269591670768982,0.31847109726878065,1,2,0.001166666,133.1979,books-t2004-a=4 | books-t2004-b=6
q004,vampires,Head,StripeLocal,Lexical,Keyword,single-index,1,1,1,1,1,0.9552009891550426,1,1,0.000316667,117.9364,books-oracle2=10
q004,vampires,Head,StripeLocal,Lexical,Keyword,naive-score,0.7122617453939352,0.5,0.3333333333333333,0,0.34556266016191484,0.933745776545611,0.9,2,0.0009,136.2229,books-t2004-a=9 | books-t2004-b=1
q004,vampires,Head,StripeLocal,Lexical,Keyword,interleave,0.6972982772627081,0.9,0.8181818181818182,0.4444444444444444,0.4699623987027356,0.9458352203602566,1,2,0.0009,136.2001,books-t2004-a=5 | books-t2004-b=5
q004,vampires,Head,StripeLocal,Lexical,Keyword,quota-merge,0.6952974892124367,0.9,0.8181818181818182,0.3333333333333333,0.45752330713529943,0.9458352203602566,1,2,0.0009,136.1907,books-t2004-a=5 | books-t2004-b=5
q004,vampires,Head,StripeLocal,Lexical,Keyword,global-rrf,0.6952974892124367,0.9,0.8181818181818182,0.3333333333333333,0.45752330713529943,0.9458352203602566,1,2,0.0009,136.2074,books-t2004-a=5 | books-t2004-b=5
q004,vampires,Head,StripeLocal,Lexical,Keyword,minmax-norm,0.5451824418642635,0.3,0.17647058823529413,0.37777777777777777,0.2956033420905926,1,1,2,0.0009,136.2413,books-t2004-a=4 | books-t2004-b=6
q004,vampires,Head,StripeLocal,Lexical,Keyword,zscore-norm,0.587304285809562,0.3,0.17647058823529413,0.2,0.2956033420905926,1,1,2,0.0009,136.2797,books-t2004-a=4 | books-t2004-b=6
q004,vampires,Head,StripeLocal,Lexical,Keyword,idf-correct-probe,0.4539855517831216,0.1,0.05263157894736842,0.24444444444444444,0.12628339520772983,0.9363792118010483,0.9,4,0.001333334,225.4504,books-t2004-b=10
q004,vampires,Head,StripeLocal,Lexical,Keyword,semantic-score,0.7497977163788937,0.9,0.8181818181818182,0.9444444444444444,0.6020566829499175,0.9580777588003657,1,2,0.0009,136.2061,books-t2004-a=6 | books-t2004-b=4
q004,vampires,Head,StripeLocal,Lexical,Keyword,semantic-rerank,0.7497977163788937,0.9,0.8181818181818182,0.9444444444444444,0.6020566829499175,0.9580777588003657,1,4,0.001633334,258.3719,books-t2004-a=6 | books-t2004-b=4
q004,vampires,Head,StripeLocal,Lexical,Keyword,idf-correct-sidecar,0.4539855517831216,0.1,0.05263157894736842,0.24444444444444444,0.12628339520772983,0.9363792118010483,0.9,2,0.0009,136.2561,books-t2004-b=10
q005,haunted house that torments the family living in it,Torso,StripeLocal,Conceptual,Keyword,single-index,1,1,1,1,1,0.38992750144456234,0.9,1,0.000416667,115.8684,books-oracle2=10
q005,haunted house that torments the family living in it,Torso,StripeLocal,Conceptual,Keyword,naive-score,0.7552661731414746,0.6,0.42857142857142855,-0.24444444444444444,0.39613408393907,0.26253034488546384,1,2,0.0008,168.2756,books-t2004-a=5 | books-t2004-b=5
q005,haunted house that torments the family living in it,Torso,StripeLocal,Conceptual,Keyword,interleave,0.5991275800639515,0.6,0.42857142857142855,0.8666666666666667,0.44084963509881425,0.5748611239816313,1,2,0.0008,168.248,books-t2004-a=5 | books-t2004-b=5
q005,haunted house that torments the family living in it,Torso,StripeLocal,Conceptual,Keyword,quota-merge,0.5975289629965748,0.6,0.42857142857142855,0.8666666666666667,0.4360418880512776,0.5765593543559845,1,2,0.0008,168.2357,books-t2004-a=5 | books-t2004-b=5
q005,haunted house that torments the family living in it,Torso,StripeLocal,Conceptual,Keyword,global-rrf,0.5975289629965748,0.6,0.42857142857142855,0.8666666666666667,0.4360418880512776,0.5765593543559845,1,2,0.0008,168.2542,books-t2004-a=5 | books-t2004-b=5
q005,haunted house that torments the family living in it,Torso,StripeLocal,Conceptual,Keyword,minmax-norm,0.7808247102573159,0.6,0.42857142857142855,-0.15555555555555556,0.39613408393907,0.2910140542364134,1,2,0.0008,168.2923,books-t2004-a=5 | books-t2004-b=5
q005,haunted house that torments the family living in it,Torso,StripeLocal,Conceptual,Keyword,zscore-norm,0.7808247102573159,0.6,0.42857142857142855,-0.15555555555555556,0.39613408393907,0.2910140542364134,1,2,0.0008,168.2882,books-t2004-a=5 | books-t2004-b=5
q005,haunted house that torments the family living in it,Torso,StripeLocal,Conceptual,Keyword,idf-correct-probe,0.7552661731414746,0.6,0.42857142857142855,-0.24444444444444444,0.39613408393907,0.26253034488546384,1,12,0.0028833350000000003,654.4372000000001,books-t2004-a=5 | books-t2004-b=5
q005,haunted house that torments the family living in it,Torso,StripeLocal,Conceptual,Keyword,semantic-score,0.7090081386375826,0.5,0.3333333333333333,1,0.5062118724963371,0.48054498760104164,1,2,0.0008,168.2617,books-t2004-a=3 | books-t2004-b=7
q005,haunted house that torments the family living in it,Torso,StripeLocal,Conceptual,Keyword,semantic-rerank,0.7090081386375826,0.5,0.3333333333333333,1,0.5062118724963371,0.48054498760104164,1,4,0.0016,276.7813,books-t2004-a=3 | books-t2004-b=7
q005,haunted house that torments the family living in it,Torso,StripeLocal,Conceptual,Keyword,idf-correct-sidecar,0.7552661731414746,0.6,0.42857142857142855,-0.24444444444444444,0.39613408393907,0.26253034488546384,1,2,0.0008,168.3089,books-t2004-a=5 | books-t2004-b=5
q006,generation starship colonists who forget they are on a ship,Tail,StripeLocal,Conceptual,Keyword,single-index,1,1,1,1,1,0.8058978804587239,1,1,0.000383333,118.4052,books-oracle2=10
q006,generation starship colonists who forget they are on a ship,Tail,StripeLocal,Conceptual,Keyword,naive-score,0.8439557936102164,0.5,0.3333333333333333,0.37777777777777777,0.4660349608225541,0.41393520652060617,1,2,0.001066667,156.9185,books-t2004-a=4 | books-t2004-b=6
q006,generation starship colonists who forget they are on a ship,Tail,StripeLocal,Conceptual,Keyword,interleave,0.774618297265628,0.8,0.6666666666666666,0.5,0.500620263278309,0.6888429525460513,0.8,2,0.001066667,156.881,books-t2004-a=5 | books-t2004-b=5
q006,generation starship colonists who forget they are on a ship,Tail,StripeLocal,Conceptual,Keyword,quota-merge,0.7795547453020747,0.8,0.6666666666666666,0.6428571428571429,0.5214415859807506,0.699570027730381,0.8,2,0.001066667,156.8708,books-t2004-a=5 | books-t2004-b=5
q006,generation starship colonists who forget they are on a ship,Tail,StripeLocal,Conceptual,Keyword,global-rrf,0.7795547453020747,0.8,0.6666666666666666,0.6428571428571429,0.5214415859807506,0.699570027730381,0.8,2,0.001066667,156.8882,books-t2004-a=5 | books-t2004-b=5
q006,generation starship colonists who forget they are on a ship,Tail,StripeLocal,Conceptual,Keyword,minmax-norm,0.7333462090940139,0.5,0.3333333333333333,0.28888888888888886,0.3674123431160058,0.34847400218590585,1,2,0.001066667,156.9656,books-t2004-a=5 | books-t2004-b=5
q006,generation starship colonists who forget they are on a ship,Tail,StripeLocal,Conceptual,Keyword,zscore-norm,0.7003687870203765,0.5,0.3333333333333333,0.15555555555555556,0.3442851819260493,0.23179274046234827,1,2,0.001066667,156.9166,books-t2004-a=6 | books-t2004-b=4
q006,generation starship colonists who forget they are on a ship,Tail,StripeLocal,Conceptual,Keyword,idf-correct-probe,0.8475968513258275,0.5,0.3333333333333333,0.3333333333333333,0.46793039053669094,0.41393520652060617,1,12,0.0034333340000000006,602.3165,books-t2004-a=5 | books-t2004-b=5
q006,generation starship colonists who forget they are on a ship,Tail,StripeLocal,Conceptual,Keyword,semantic-score,0.884644835661643,0.7,0.5384615384615384,1,0.752972611458512,0.8027285903397631,0.7,2,0.001066667,156.8968,books-t2004-a=4 | books-t2004-b=6
q006,generation starship colonists who forget they are on a ship,Tail,StripeLocal,Conceptual,Keyword,semantic-rerank,0.884644835661643,0.7,0.5384615384615384,1,0.752972611458512,0.8027285903397631,0.7,4,0.0018333330000000001,262.8575,books-t2004-a=4 | books-t2004-b=6
q006,generation starship colonists who forget they are on a ship,Tail,StripeLocal,Conceptual,Keyword,idf-correct-sidecar,0.8439557936102164,0.5,0.3333333333333333,0.37777777777777777,0.4660349608225541,0.41393520652060617,1,2,0.001066667,156.9915,books-t2004-a=4 | books-t2004-b=6
q007,artificial intelligence becomes self aware,Torso,StripeLocal,Mixed,Keyword,single-index,1,1,1,1,1,0.38505084024211833,0.9,1,0.0004,144.6446,books-oracle2=10
q007,artificial intelligence becomes self aware,Torso,StripeLocal,Mixed,Keyword,naive-score,0.6650488457084838,0.5,0.3333333333333333,0.1111111111111111,0.30103572671816764,0.3383363157823367,0.9,2,0.00115,151.608,books-t2004-a=7 | books-t2004-b=3
q007,artificial intelligence becomes self aware,Torso,StripeLocal,Mixed,Keyword,interleave,0.6121574746715309,0.4,0.25,1,0.3877026748147004,0.3638455956033599,1,2,0.00115,151.58339999999998,books-t2004-a=5 | books-t2004-b=5
q007,artificial intelligence becomes self aware,Torso,StripeLocal,Mixed,Keyword,quota-merge,0.6121574746715309,0.4,0.25,1,0.3877026748147004,0.36534893994317114,1,2,0.00115,151.5742,books-t2004-a=5 | books-t2004-b=5
q007,artificial intelligence becomes self aware,Torso,StripeLocal,Mixed,Keyword,global-rrf,0.6121574746715309,0.4,0.25,1,0.3877026748147004,0.36534893994317114,1,2,0.00115,151.5917,books-t2004-a=5 | books-t2004-b=5
q007,artificial intelligence becomes self aware,Torso,StripeLocal,Mixed,Keyword,minmax-norm,0.5462029983980937,0.3,0.17647058823529413,0.06666666666666667,0.24143672396804297,0.06424647595669647,0.5,2,0.00115,151.632,books-t2004-a=1 | books-t2004-b=9
q007,artificial intelligence becomes self aware,Torso,StripeLocal,Mixed,Keyword,zscore-norm,0.6645190094660723,0.5,0.3333333333333333,0.15555555555555556,0.34121698750770113,0.3033860653761725,0.9,2,0.00115,151.6155,books-t2004-a=6 | books-t2004-b=4
q007,artificial intelligence becomes self aware,Torso,StripeLocal,Mixed,Keyword,idf-correct-probe,0.6502895513925215,0.4,0.25,0.24444444444444444,0.2509549098666326,0.39678787521510306,0.9,12,0.0040000009999999996,594.9723,books-t2004-a=8 | books-t2004-b=2
q007,artificial intelligence becomes self aware,Torso,StripeLocal,Mixed,Keyword,semantic-score,0.6544873367945089,0.5,0.3333333333333333,1,0.40603137017148405,0.337819226775777,1,2,0.00115,151.5896,books-t2004-a=6 | books-t2004-b=4
q007,artificial intelligence becomes self aware,Torso,StripeLocal,Mixed,Keyword,semantic-rerank,0.6544873367945089,0.5,0.3333333333333333,1,0.40603137017148405,0.337819226775777,1,4,0.00195,261.0612,books-t2004-a=6 | books-t2004-b=4
q007,artificial intelligence becomes self aware,Torso,StripeLocal,Mixed,Keyword,idf-correct-sidecar,0.6502895513925215,0.4,0.25,0.24444444444444444,0.2509549098666326,0.39678787521510306,0.9,2,0.00115,151.648,books-t2004-a=8 | books-t2004-b=2
q008,hard science fiction about terraforming Mars,Tail,StripeLocal,Mixed,Keyword,single-index,1,1,1,1,1,0.9651148425268248,1,1,0.000383333,113.483,books-oracle2=10
q008,hard science fiction about terraforming Mars,Tail,StripeLocal,Mixed,Keyword,naive-score,0.8446801091201507,0.5,0.3333333333333333,0.7333333333333333,0.5070174948478473,0.9061842630305686,0.9,2,0.000733334,127.4529,books-t2004-a=6 | books-t2004-b=4
q008,hard science fiction about terraforming Mars,Tail,StripeLocal,Mixed,Keyword,interleave,0.9309192173266772,0.8,0.6666666666666666,0.5,0.6480826704020315,0.8806062137714008,0.9,2,0.000733334,127.4107,books-t2004-a=5 | books-t2004-b=5
q008,hard science fiction about terraforming Mars,Tail,StripeLocal,Mixed,Keyword,quota-merge,0.8325985256204712,0.8,0.6666666666666666,0.4444444444444444,0.539933278461447,0.7517890762302567,0.9,2,0.000733334,127.4039,books-t2004-a=5 | books-t2004-b=5
q008,hard science fiction about terraforming Mars,Tail,StripeLocal,Mixed,Keyword,global-rrf,0.8325985256204712,0.8,0.6666666666666666,0.4444444444444444,0.539933278461447,0.7517890762302567,0.9,2,0.000733334,127.4186,books-t2004-a=5 | books-t2004-b=5
q008,hard science fiction about terraforming Mars,Tail,StripeLocal,Mixed,Keyword,minmax-norm,0.7871864533477319,0.4,0.25,0.3333333333333333,0.4307053449635176,0.8154606936318328,0.9,2,0.000733334,127.4617,books-t2004-a=3 | books-t2004-b=7
q008,hard science fiction about terraforming Mars,Tail,StripeLocal,Mixed,Keyword,zscore-norm,0.8270073928373622,0.4,0.25,0.28888888888888886,0.47159105732909823,0.9130326102794772,0.9,2,0.000733334,127.4487,books-t2004-a=4 | books-t2004-b=6
q008,hard science fiction about terraforming Mars,Tail,StripeLocal,Mixed,Keyword,idf-correct-probe,0.8454395735284326,0.5,0.3333333333333333,0.6888888888888889,0.5078562975606611,0.9061842630305686,1,14,0.0033166680000000005,671.1214,books-t2004-a=7 | books-t2004-b=3
q008,hard science fiction about terraforming Mars,Tail,StripeLocal,Mixed,Keyword,semantic-score,0.9665082878897354,0.9,0.8181818181818182,1,0.8347983758522218,0.9651148425268248,1,2,0.000733334,127.4195,books-t2004-a=7 | books-t2004-b=3
q008,hard science fiction about terraforming Mars,Tail,StripeLocal,Mixed,Keyword,semantic-rerank,0.9665082878897354,0.9,0.8181818181818182,1,0.8347983758522218,0.9651148425268248,1,4,0.001566668,233.21949999999998,books-t2004-a=7 | books-t2004-b=3
q008,hard science fiction about terraforming Mars,Tail,StripeLocal,Mixed,Keyword,idf-correct-sidecar,0.8449130888410944,0.5,0.3333333333333333,0.6,0.5078562975606611,0.9061842630305686,1,2,0.000733334,127.4745,books-t2004-a=7 | books-t2004-b=3
q009,cyberpunk hacker corporate dystopia,Torso,StripeLocal,Lexical,Keyword,single-index,1,1,1,1,1,0.9603250160361273,1,1,0.000283333,113.818,books-oracle2=10
q009,cyberpunk hacker corporate dystopia,Torso,StripeLocal,Lexical,Keyword,naive-score,0.8435064504638489,0.6,0.42857142857142855,-0.022222222222222223,0.5244588550539097,0.6382383709562321,1,2,0.000533334,136.2427,books-t2004-a=4 | books-t2004-b=6
q009,cyberpunk hacker corporate dystopia,Torso,StripeLocal,Lexical,Keyword,interleave,0.9573208288900293,0.8,0.6666666666666666,0.5555555555555556,0.6510029463029251,0.8499680083007608,1,2,0.000533334,136.2255,books-t2004-a=5 | books-t2004-b=5
q009,cyberpunk hacker corporate dystopia,Torso,StripeLocal,Lexical,Keyword,quota-merge,0.8587009133776429,0.8,0.6666666666666666,0.5111111111111111,0.5504848988822402,0.8499680083007608,1,2,0.000533334,136.24370000000002,books-t2004-a=5 | books-t2004-b=5
q009,cyberpunk hacker corporate dystopia,Torso,StripeLocal,Lexical,Keyword,global-rrf,0.8587009133776429,0.8,0.6666666666666666,0.5111111111111111,0.5504848988822402,0.8499680083007608,1,2,0.000533334,136.23690000000002,books-t2004-a=5 | books-t2004-b=5
q009,cyberpunk hacker corporate dystopia,Torso,StripeLocal,Lexical,Keyword,minmax-norm,0.7245396504212043,0.6,0.42857142857142855,-0.15555555555555556,0.3924314153082627,0.5545645842573169,1,2,0.000533334,136.26760000000002,books-t2004-a=4 | books-t2004-b=6
q009,cyberpunk hacker corporate dystopia,Torso,StripeLocal,Lexical,Keyword,zscore-norm,0.8396235096150448,0.6,0.42857142857142855,-0.06666666666666667,0.5061394409114899,0.6299710166180067,1,2,0.000533334,136.2575,books-t2004-a=4 | books-t2004-b=6
q009,cyberpunk hacker corporate dystopia,Torso,StripeLocal,Lexical,Keyword,idf-correct-probe,0.8396235096150448,0.6,0.42857142857142855,-0.06666666666666667,0.5061394409114899,0.6299710166180067,1,10,0.0021166670000000005,488.12019999999995,books-t2004-a=4 | books-t2004-b=6
q009,cyberpunk hacker corporate dystopia,Torso,StripeLocal,Lexical,Keyword,semantic-score,1,1,1,1,0.8591367550184259,0.9603250160361273,1,2,0.000533334,136.2315,books-t2004-a=7 | books-t2004-b=3
q009,cyberpunk hacker corporate dystopia,Torso,StripeLocal,Lexical,Keyword,semantic-rerank,1,1,1,1,0.8591367550184259,0.9603250160361273,1,4,0.001100001,248.8058,books-t2004-a=7 | books-t2004-b=3
q009,cyberpunk hacker corporate dystopia,Torso,StripeLocal,Lexical,Keyword,idf-correct-sidecar,0.8396235096150448,0.6,0.42857142857142855,-0.06666666666666667,0.5061394409114899,0.6299710166180067,1,2,0.000533334,136.2799,books-t2004-a=4 | books-t2004-b=6
q010,a locked room murder that seems impossible to have committed,Tail,StripeLocal,Conceptual,Keyword,single-index,1,1,1,1,1,0.9094245487194395,1,1,0.000783333,148.0081,books-oracle2=10
q010,a locked room murder that seems impossible to have committed,Tail,StripeLocal,Conceptual,Keyword,naive-score,0.8099984031875103,0.6,0.42857142857142855,-0.1111111111111111,0.4515130395149525,0.568728376894893,1,2,0.001066667,152.5845,books-t2004-a=6 | books-t2004-b=4
q010,a locked room murder that seems impossible to have committed,Tail,StripeLocal,Conceptual,Keyword,interleave,0.9202186399910126,0.8,0.6666666666666666,0.7857142857142857,0.7501582952005131,0.8088505100619449,0.8,2,0.001066667,152.5691,books-t2004-a=5 | books-t2004-b=5
q010,a locked room murder that seems impossible to have committed,Tail,StripeLocal,Conceptual,Keyword,quota-merge,0.8610630302187355,0.8,0.6666666666666666,0.5714285714285714,0.609310396793701,0.8001319279022369,0.8,2,0.001066667,152.562,books-t2004-a=5 | books-t2004-b=5
q010,a locked room murder that seems impossible to have committed,Tail,StripeLocal,Conceptual,Keyword,global-rrf,0.8610630302187355,0.8,0.6666666666666666,0.5714285714285714,0.609310396793701,0.8001319279022369,0.8,2,0.001066667,152.5783,books-t2004-a=5 | books-t2004-b=5
q010,a locked room murder that seems impossible to have committed,Tail,StripeLocal,Conceptual,Keyword,minmax-norm,0.7405169837919297,0.7,0.5384615384615384,-0.37777777777777777,0.3647129418601393,0.5585178321614873,1,2,0.001066667,152.6103,books-t2004-a=5 | books-t2004-b=5
q010,a locked room murder that seems impossible to have committed,Tail,StripeLocal,Conceptual,Keyword,zscore-norm,0.8561827167877566,0.7,0.5384615384615384,-0.3333333333333333,0.4652309892808244,0.6397471545860128,1,2,0.001066667,152.601,books-t2004-a=5 | books-t2004-b=5
q010,a locked room murder that seems impossible to have committed,Tail,StripeLocal,Conceptual,Keyword,idf-correct-probe,0.8110436608790218,0.6,0.42857142857142855,-0.06666666666666667,0.4515130395149525,0.5783736236228227,1,14,0.003550002,729.0547,books-t2004-a=6 | books-t2004-b=4
q010,a locked room murder that seems impossible to have committed,Tail,StripeLocal,Conceptual,Keyword,semantic-score,0.9528344332977449,0.9,0.8181818181818182,1,0.7932671386559154,0.8303828875495488,0.9,2,0.001066667,152.5751,books-t2004-a=6 | books-t2004-b=4
q010,a locked room murder that seems impossible to have committed,Tail,StripeLocal,Conceptual,Keyword,semantic-rerank,0.9528344332977449,0.9,0.8181818181818182,1,0.7932671386559154,0.8303828875495488,0.9,4,0.0018333330000000001,258.5378,books-t2004-a=6 | books-t2004-b=4
q010,a locked room murder that seems impossible to have committed,Tail,StripeLocal,Conceptual,Keyword,idf-correct-sidecar,0.855179053632823,0.7,0.5384615384615384,-0.3333333333333333,0.4652309892808244,0.6419944118217744,1,2,0.001066667,152.65200000000002,books-t2004-a=5 | books-t2004-b=5
q011,detective investigating a serial killer,Torso,StripeLocal,Mixed,Keyword,single-index,1,1,1,1,1,0.9371166382005486,1,1,0.00035,115.0408,books-oracle2=10
q011,detective investigating a serial killer,Torso,StripeLocal,Mixed,Keyword,naive-score,0.6115971540589964,0.3,0.17647058823529413,0.022222222222222223,0.24965219477855455,0.756447708562402,0.9,2,0.00065,135.0675,books-t2004-a=6 | books-t2004-b=4
q011,detective investigating a serial killer,Torso,StripeLocal,Mixed,Keyword,interleave,0.8579775951993436,0.8,0.6666666666666666,0.5714285714285714,0.636834475242529,0.7488635578465674,0.8,2,0.00065,135.0529,books-t2004-a=5 | books-t2004-b=5
q011,detective investigating a serial killer,Torso,StripeLocal,Mixed,Keyword,quota-merge,0.8571524499472016,0.8,0.6666666666666666,0.5,0.6292031307226297,0.7488635578465674,0.8,2,0.00065,135.046,books-t2004-a=5 | books-t2004-b=5
q011,detective investigating a serial killer,Torso,StripeLocal,Mixed,Keyword,global-rrf,0.8571524499472016,0.8,0.6666666666666666,0.5,0.6292031307226297,0.7488635578465674,0.8,2,0.00065,135.0602,books-t2004-a=5 | books-t2004-b=5
q011,detective investigating a serial killer,Torso,StripeLocal,Mixed,Keyword,minmax-norm,0.731914621268677,0.4,0.25,0.1111111111111111,0.3676844532785891,0.7883354483360258,0.9,2,0.00065,135.09449999999998,books-t2004-a=8 | books-t2004-b=2
q011,detective investigating a serial killer,Torso,StripeLocal,Mixed,Keyword,zscore-norm,0.6115194550196542,0.3,0.17647058823529413,0.022222222222222223,0.24965219477855455,0.756447708562402,0.9,2,0.00065,135.0865,books-t2004-a=6 | books-t2004-b=4
q011,detective investigating a serial killer,Torso,StripeLocal,Mixed,Keyword,idf-correct-probe,0.5833053883286439,0.3,0.17647058823529413,-0.24444444444444444,0.17268351550758756,0.765813477357188,0.9,10,0.002616668,526.9069999999999,books-t2004-a=6 | books-t2004-b=4
q011,detective investigating a serial killer,Torso,StripeLocal,Mixed,Keyword,semantic-score,0.8982658901806848,0.9,0.8181818181818182,1,0.7025747303706025,0.8069727764867022,0.9,2,0.00065,135.0699,books-t2004-a=6 | books-t2004-b=4
q011,detective investigating a serial killer,Torso,StripeLocal,Mixed,Keyword,semantic-rerank,0.8982658901806848,0.9,0.8181818181818182,1,0.7025747303706025,0.8069727764867022,0.9,4,0.0014,245.9144,books-t2004-a=6 | books-t2004-b=4
q011,detective investigating a serial killer,Torso,StripeLocal,Mixed,Keyword,idf-correct-sidecar,0.5804534466290746,0.3,0.17647058823529413,-0.3333333333333333,0.16848683551208102,0.7915747092964888,1,2,0.00065,135.1128,books-t2004-a=5 | books-t2004-b=5
q012,espionage thriller cold war spy,Torso,StripeLocal,Lexical,Keyword,single-index,1,1,1,1,1,0.9636452638863133,1,1,0.000383333,149.8307,books-oracle2=10
q012,espionage thriller cold war spy,Torso,StripeLocal,Lexical,Keyword,naive-score,0.6766019079655244,0.6,0.42857142857142855,0.2,0.3659741509119483,0.8457730154189956,1,2,0.0007,155.3156,books-t2004-a=8 | books-t2004-b=2
q012,espionage thriller cold war spy,Torso,StripeLocal,Lexical,Keyword,interleave,0.7799490524317405,0.5,0.3333333333333333,0.7142857142857143,0.5246262250465771,0.6254623976105957,0.8,2,0.0007,155.3011,books-t2004-a=5 | books-t2004-b=5
q012,espionage thriller cold war spy,Torso,StripeLocal,Lexical,Keyword,quota-merge,0.7761593663533206,0.5,0.3333333333333333,0.6190476190476191,0.512187133479141,0.62171032022887,0.8,2,0.0007,155.2933,books-t2004-a=5 | books-t2004-b=5
q012,espionage thriller cold war spy,Torso,StripeLocal,Lexical,Keyword,global-rrf,0.7761593663533206,0.5,0.3333333333333333,0.6190476190476191,0.512187133479141,0.62171032022887,0.8,2,0.0007,155.312,books-t2004-a=5 | books-t2004-b=5
q012,espionage thriller cold war spy,Torso,StripeLocal,Lexical,Keyword,minmax-norm,0.6044231961233397,0.3,0.17647058823529413,0.28888888888888886,0.2703370279360447,0.4534689431699255,0.6,2,0.0007,155.3438,books-t2004-a=3 | books-t2004-b=7
q012,espionage thriller cold war spy,Torso,StripeLocal,Lexical,Keyword,zscore-norm,0.6136282544043974,0.3,0.17647058823529413,0.4222222222222222,0.2703370279360447,0.4951794257645115,0.6,2,0.0007,155.3358,books-t2004-a=3 | books-t2004-b=7
q012,espionage thriller cold war spy,Torso,StripeLocal,Lexical,Keyword,idf-correct-probe,0.6766019079655244,0.6,0.42857142857142855,0.2,0.3659741509119483,0.8457730154189956,1,12,0.0027000000000000006,623.5196000000001,books-t2004-a=8 | books-t2004-b=2
q012,espionage thriller cold war spy,Torso,StripeLocal,Lexical,Keyword,semantic-score,0.9665082878897354,0.9,0.8181818181818182,1,0.8347983758522218,1,1,2,0.0007,155.3071,books-t2004-a=10
q012,espionage thriller cold war spy,Torso,StripeLocal,Lexical,Keyword,semantic-rerank,0.9665082878897354,0.9,0.8181818181818182,1,0.8347983758522218,1,1,4,0.001316667,263.26800000000003,books-t2004-a=10
q012,espionage thriller cold war spy,Torso,StripeLocal,Lexical,Keyword,idf-correct-sidecar,0.6766019079655244,0.6,0.42857142857142855,0.2,0.3659741509119483,0.8457730154189956,1,2,0.0007,155.3601,books-t2004-a=8 | books-t2004-b=2
q013,teenagers forced to compete in a deadly televised game,Tail,StripeLocal,Conceptual,Keyword,single-index,1,1,1,1,1,0.7343367791270035,1,1,0.000383333,115.6808,books-oracle2=10
q013,teenagers forced to compete in a deadly televised game,Tail,StripeLocal,Conceptual,Keyword,naive-score,0.8768093084560392,0.5,0.3333333333333333,0.6888888888888889,0.5467461888825534,0.6794607354027865,1,2,0.0011,128.9594,books-t2004-a=2 | books-t2004-b=8
q013,teenagers forced to compete in a deadly televised game,Tail,StripeLocal,Conceptual,Keyword,interleave,0.6937876878933606,0.7,0.5384615384615384,0.42857142857142855,0.41241907171145553,0.5459772507896768,0.7,2,0.0011,128.9433,books-t2004-a=5 | books-t2004-b=5
q013,teenagers forced to compete in a deadly televised game,Tail,StripeLocal,Conceptual,Keyword,quota-merge,0.816135412940609,0.7,0.5384615384615384,0.6190476190476191,0.5525160835031617,0.630374023163143,0.7,2,0.0011,128.9381,books-t2004-a=5 | books-t2004-b=5
q013,teenagers forced to compete in a deadly televised game,Tail,StripeLocal,Conceptual,Keyword,global-rrf,0.816135412940609,0.7,0.5384615384615384,0.6190476190476191,0.5525160835031617,0.630374023163143,0.7,2,0.0011,128.9508,books-t2004-a=5 | books-t2004-b=5
q013,teenagers forced to compete in a deadly televised game,Tail,StripeLocal,Conceptual,Keyword,minmax-norm,0.8232736563820395,0.5,0.3333333333333333,0.4666666666666667,0.489977980068339,0.5975621421425694,0.9,2,0.0011,128.9851,books-t2004-a=5 | books-t2004-b=5
q013,teenagers forced to compete in a deadly televised game,Tail,StripeLocal,Conceptual,Keyword,zscore-norm,0.7640717918688924,0.5,0.3333333333333333,0.37777777777777777,0.489977980068339,0.4893625964616488,0.9,2,0.0011,128.97889999999998,books-t2004-a=5 | books-t2004-b=5
q013,teenagers forced to compete in a deadly televised game,Tail,StripeLocal,Conceptual,Keyword,idf-correct-probe,0.8857078057619076,0.5,0.3333333333333333,0.6,0.5704538553513321,0.6817057887100159,0.9,14,0.003783334,663.1757,books-t2004-a=1 | books-t2004-b=9
q013,teenagers forced to compete in a deadly televised game,Tail,StripeLocal,Conceptual,Keyword,semantic-score,0.9259740352427053,0.8,0.6666666666666666,1,0.7920112213091599,0.7070609444170739,0.8,2,0.0011,128.9494,books-t2004-a=2 | books-t2004-b=8
q013,teenagers forced to compete in a deadly televised game,Tail,StripeLocal,Conceptual,Keyword,semantic-rerank,0.9259740352427053,0.8,0.6666666666666666,1,0.7920112213091599,0.7070609444170739,0.8,4,0.0018666660000000001,227.8876,books-t2004-a=2 | books-t2004-b=8
q013,teenagers forced to compete in a deadly televised game,Tail,StripeLocal,Conceptual,Keyword,idf-correct-sidecar,0.8856566154280148,0.5,0.3333333333333333,0.6,0.5704538553513321,0.6817057887100159,0.9,2,0.0011,129.02179999999998,books-t2004-a=1 | books-t2004-b=9
q014,picture book about a bear,Torso,StripeLocal,Mixed,Keyword,single-index,1,1,1,1,1,0.7259801576438485,1,1,0.000383333,147.2605,books-oracle2=10
q014,picture book about a bear,Torso,StripeLocal,Mixed,Keyword,naive-score,0.6675410270154956,0.5,0.3333333333333333,0.06666666666666667,0.31298286973934014,0.48894716367422164,1,2,0.000733334,135.6027,books-t2004-a=7 | books-t2004-b=3
q014,picture book about a bear,Torso,StripeLocal,Mixed,Keyword,interleave,0.8914895038859542,0.6,0.42857142857142855,0.4444444444444444,0.5622870657461001,0.6375212737853113,0.8,2,0.000733334,135.57739999999998,books-t2004-a=5 | books-t2004-b=5
q014,picture book about a bear,Torso,StripeLocal,Mixed,Keyword,quota-merge,0.8760536651334722,0.6,0.42857142857142855,0.3333333333333333,0.5171494677124363,0.6281429898669283,0.8,2,0.000733334,135.57039999999998,books-t2004-a=5 | books-t2004-b=5
q014,picture book about a bear,Torso,StripeLocal,Mixed,Keyword,global-rrf,0.8760536651334722,0.6,0.42857142857142855,0.3333333333333333,0.5171494677124363,0.6281429898669283,0.8,2,0.000733334,135.58409999999998,books-t2004-a=5 | books-t2004-b=5
q014,picture book about a bear,Torso,StripeLocal,Mixed,Keyword,minmax-norm,0.6840962949421013,0.5,0.3333333333333333,0.1111111111111111,0.3582159910786483,0.5136470728666626,1,2,0.000733334,135.62359999999998,books-t2004-a=7 | books-t2004-b=3
q014,picture book about a bear,Torso,StripeLocal,Mixed,Keyword,zscore-norm,0.6543522478122289,0.5,0.3333333333333333,-0.1111111111111111,0.2921615470368984,0.47134884803602667,1,2,0.000733334,135.6122,books-t2004-a=7 | books-t2004-b=3
q014,picture book about a bear,Torso,StripeLocal,Mixed,Keyword,idf-correct-probe,0.784771396929214,0.5,0.3333333333333333,0.28888888888888886,0.40646665163357243,0.6848258223277431,1,8,0.001933334,395.9443,books-t2004-a=8 | books-t2004-b=2
q014,picture book about a bear,Torso,StripeLocal,Mixed,Keyword,semantic-score,1,1,1,1,0.8591367550184259,0.7259801576438485,1,2,0.000733334,135.5832,books-t2004-a=9 | books-t2004-b=1
q014,picture book about a bear,Torso,StripeLocal,Mixed,Keyword,semantic-rerank,1,1,1,1,0.8591367550184259,0.7259801576438485,1,4,0.001333334,236.6947,books-t2004-a=9 | books-t2004-b=1
q014,picture book about a bear,Torso,StripeLocal,Mixed,Keyword,idf-correct-sidecar,0.7889383494891432,0.5,0.3333333333333333,0.37777777777777777,0.4295491134530215,0.702239959960568,1,2,0.000733334,135.63549999999998,books-t2004-a=8 | books-t2004-b=2
q015,graphic novel superhero origin,Torso,StripeLocal,Lexical,Keyword,single-index,1,1,1,1,1,0.6661655791569835,1,1,0.0004,104.2763,books-oracle2=10
q015,graphic novel superhero origin,Torso,StripeLocal,Lexical,Keyword,naive-score,0.37386859708331677,0,0,-0.06666666666666667,0.03518817843821777,0.16453876198859774,1,2,0.000766666,138.72039999999998,books-t2004-a=5 | books-t2004-b=5
q015,graphic novel superhero origin,Torso,StripeLocal,Lexical,Keyword,interleave,0.9828179815786006,0.8,0.6666666666666666,0.8222222222222222,0.7611415328043699,0.7415759090059921,1,2,0.000766666,138.7042,books-t2004-a=5 | books-t2004-b=5
q015,graphic novel superhero origin,Torso,StripeLocal,Lexical,Keyword,quota-merge,0.9085140559652809,0.8,0.6666666666666666,0.7333333333333333,0.6558157383361484,0.7392335219227587,1,2,0.000766666,138.6966,books-t2004-a=5 | books-t2004-b=5
q015,graphic novel superhero origin,Torso,StripeLocal,Lexical,Keyword,global-rrf,0.9085140559652809,0.8,0.6666666666666666,0.7333333333333333,0.6558157383361484,0.7392335219227587,1,2,0.000766666,138.71239999999997,books-t2004-a=5 | books-t2004-b=5
q015,graphic novel superhero origin,Torso,StripeLocal,Lexical,Keyword,minmax-norm,0.3723577955075168,0,0,-0.24444444444444444,0.03710807821943123,0.18682809325534838,1,2,0.000766666,138.7474,books-t2004-a=4 | books-t2004-b=6
q015,graphic novel superhero origin,Torso,StripeLocal,Lexical,Keyword,zscore-norm,0.37386859708331677,0,0,-0.06666666666666667,0.03518817843821777,0.16453876198859774,1,2,0.000766666,138.7438,books-t2004-a=5 | books-t2004-b=5
q015,graphic novel superhero origin,Torso,StripeLocal,Lexical,Keyword,idf-correct-probe,0.37413970506669597,0,0,-0.06666666666666667,0.03518817843821777,0.16736463750356737,1,10,0.0023666660000000003,486.45689999999996,books-t2004-a=5 | books-t2004-b=5
q015,graphic novel superhero origin,Torso,StripeLocal,Lexical,Keyword,semantic-score,1,1,1,1,0.8591367550184259,0.6661655791569835,1,2,0.000766666,138.7162,books-t2004-a=7 | books-t2004-b=3
q015,graphic novel superhero origin,Torso,StripeLocal,Lexical,Keyword,semantic-rerank,1,1,1,1,0.8591367550184259,0.6661655791569835,1,4,0.001549999,236.05599999999998,books-t2004-a=7 | books-t2004-b=3
q015,graphic novel superhero origin,Torso,StripeLocal,Lexical,Keyword,idf-correct-sidecar,0.37654817308945,0,0,-0.15555555555555556,0.03710807821943123,0.1767962036296412,1,2,0.000766666,138.7848,books-t2004-a=4 | books-t2004-b=6
q016,zombie apocalypse survival,Torso,StripeLocal,Lexical,Keyword,single-index,1,1,1,1,1,0.9371166382005486,1,1,0.00035,120.9198,books-oracle2=10
q016,zombie apocalypse survival,Torso,StripeLocal,Lexical,Keyword,naive-score,0.8940150062699963,0.6,0.42857142857142855,0.28888888888888886,0.5344111970664995,0.8057425985369392,0.9,2,0.00065,133.1552,books-t2004-a=4 | books-t2004-b=6
q016,zombie apocalypse survival,Torso,StripeLocal,Lexical,Keyword,interleave,0.9466009154249893,0.8,0.6666666666666666,0.7222222222222222,0.72973576615312,0.8062170748065075,0.8,2,0.00065,133.1406,books-t2004-a=5 | books-t2004-b=5
q016,zombie apocalypse survival,Torso,StripeLocal,Lexical,Keyword,quota-merge,0.9506595601588712,0.8,0.6666666666666666,0.8333333333333334,0.7700656171392471,0.7974984926467995,0.8,2,0.00065,133.1355,books-t2004-a=5 | books-t2004-b=5
q016,zombie apocalypse survival,Torso,StripeLocal,Lexical,Keyword,global-rrf,0.9506595601588712,0.8,0.6666666666666666,0.8333333333333334,0.7700656171392471,0.7974984926467995,0.8,2,0.00065,133.1482,books-t2004-a=5 | books-t2004-b=5
q016,zombie apocalypse survival,Torso,StripeLocal,Lexical,Keyword,minmax-norm,0.7816588686802958,0.6,0.42857142857142855,0.15555555555555556,0.4526590295249151,0.8200684967613536,1,2,0.00065,133.1897,books-t2004-a=2 | books-t2004-b=8
q016,zombie apocalypse survival,Torso,StripeLocal,Lexical,Keyword,zscore-norm,0.8917225348236997,0.6,0.42857142857142855,0.4222222222222222,0.5499392375999997,0.7638762928644355,0.9,2,0.00065,133.1754,books-t2004-a=5 | books-t2004-b=5
q016,zombie apocalypse survival,Torso,StripeLocal,Lexical,Keyword,idf-correct-probe,0.897331990754572,0.6,0.42857142857142855,0.15555555555555556,0.5531770769456003,0.8664852524325113,1,8,0.0018333330000000001,393.1272,books-t2004-a=2 | books-t2004-b=8
q016,zombie apocalypse survival,Torso,StripeLocal,Lexical,Keyword,semantic-score,1,1,1,1,0.8591367550184259,0.9371166382005486,1,2,0.00065,133.1469,books-t2004-a=3 | books-t2004-b=7
q016,zombie apocalypse survival,Torso,StripeLocal,Lexical,Keyword,semantic-rerank,1,1,1,1,0.8591367550184259,0.9371166382005486,1,4,0.001383334,233.71929999999998,books-t2004-a=3 | books-t2004-b=7
q016,zombie apocalypse survival,Torso,StripeLocal,Lexical,Keyword,idf-correct-sidecar,0.897331990754572,0.6,0.42857142857142855,0.15555555555555556,0.5531770769456003,0.8664852524325113,1,2,0.00065,133.195,books-t2004-a=2 | books-t2004-b=8
q017,time travel paradox,Torso,StripeLocal,Lexical,Keyword,single-index,1,1,1,1,1,0.7532408526292106,1,1,0.000366667,116.4353,books-oracle2=10
q017,time travel paradox,Torso,StripeLocal,Lexical,Keyword,naive-score,0.9012109735215459,0.7,0.5384615384615384,0.3333333333333333,0.5678858950213037,0.7780635289240797,1,2,0.000666666,122.5917,books-t2004-a=7 | books-t2004-b=3
q017,time travel paradox,Torso,StripeLocal,Lexical,Keyword,interleave,0.8281197357796862,0.7,0.5384615384615384,0.9047619047619048,0.6464448802284064,0.9159485309390089,1,2,0.000666666,122.5772,books-t2004-a=5 | books-t2004-b=5
q017,time travel paradox,Torso,StripeLocal,Lexical,Keyword,quota-merge,0.8738146487876148,0.7,0.5384615384615384,1,0.7213338578991129,0.9168279993340657,1,2,0.000666666,122.5711,books-t2004-a=5 | books-t2004-b=5
q017,time travel paradox,Torso,StripeLocal,Lexical,Keyword,global-rrf,0.8738146487876148,0.7,0.5384615384615384,1,0.7213338578991129,0.9168279993340657,1,2,0.000666666,122.5853,books-t2004-a=5 | books-t2004-b=5
q017,time travel paradox,Torso,StripeLocal,Lexical,Keyword,minmax-norm,0.9044311558176148,0.7,0.5384615384615384,0.15555555555555556,0.5634196000205927,0.807812171395,1,2,0.000666666,122.6356,books-t2004-a=8 | books-t2004-b=2
q017,time travel paradox,Torso,StripeLocal,Lexical,Keyword,zscore-norm,0.8865018818035051,0.6,0.42857142857142855,0.37777777777777777,0.549983285659361,0.7406618006333038,0.9,2,0.000666666,122.6141,books-t2004-a=6 | books-t2004-b=4
q017,time travel paradox,Torso,StripeLocal,Lexical,Keyword,idf-correct-probe,0.9052369884180332,0.7,0.5384615384615384,0.2,0.5682273470681294,0.807812171395,1,8,0.0018666660000000001,412.0517,books-t2004-a=8 | books-t2004-b=2
q017,time travel paradox,Torso,StripeLocal,Lexical,Keyword,semantic-score,0.8779644192270797,0.7,0.5384615384615384,1,0.733772949466549,0.9159485309390089,1,2,0.000666666,122.5898,books-t2004-a=5 | books-t2004-b=5
q017,time travel paradox,Torso,StripeLocal,Lexical,Keyword,semantic-rerank,0.8779644192270797,0.7,0.5384615384615384,1,0.733772949466549,0.9159485309390089,1,4,0.0011,232.7885,books-t2004-a=5 | books-t2004-b=5
q017,time travel paradox,Torso,StripeLocal,Lexical,Keyword,idf-correct-sidecar,0.9056678499759132,0.7,0.5384615384615384,0.24444444444444444,0.5682273470681294,0.807812171395,1,2,0.000666666,122.6278,books-t2004-a=8 | books-t2004-b=2
q018,a girl who discovers she is the last of a magical bloodline,Tail,StripeLocal,Conceptual,Keyword,single-index,1,1,1,1,1,0.5830213044457034,1,1,0.0004,119.1974,books-oracle2=10
q018,a girl who discovers she is the last of a magical bloodline,Tail,StripeLocal,Conceptual,Keyword,naive-score,0.5654206599799692,0.2,0.1111111111111111,0.06666666666666667,0.28282684308255857,0.3260940402657477,1,2,0.001133334,135.4826,books-t2004-a=4 | books-t2004-b=6
q018,a girl who discovers she is the last of a magical bloodline,Tail,StripeLocal,Conceptual,Keyword,interleave,0.5353200668842979,0.5,0.3333333333333333,0.8,0.3944561197183947,0.33695721577231313,0.6,2,0.001133334,135.4684,books-t2004-a=5 | books-t2004-b=5
q018,a girl who discovers she is the last of a magical bloodline,Tail,StripeLocal,Conceptual,Keyword,quota-merge,0.6823804044912122,0.5,0.3333333333333333,1,0.4949741671390798,0.37751236520462506,0.6,2,0.001133334,135.4624,books-t2004-a=5 | books-t2004-b=5
q018,a girl who discovers she is the last of a magical bloodline,Tail,StripeLocal,Conceptual,Keyword,global-rrf,0.6823804044912122,0.5,0.3333333333333333,1,0.4949741671390798,0.37751236520462506,0.6,2,0.001133334,135.4752,books-t2004-a=5 | books-t2004-b=5
q018,a girl who discovers she is the last of a magical bloodline,Tail,StripeLocal,Conceptual,Keyword,minmax-norm,0.5639769983104307,0.2,0.1111111111111111,-0.022222222222222223,0.28690446593244806,0.28959740454224847,1,2,0.001133334,135.5131,books-t2004-a=3 | books-t2004-b=7
q018,a girl who discovers she is the last of a magical bloodline,Tail,StripeLocal,Conceptual,Keyword,zscore-norm,0.5662313197017096,0.2,0.1111111111111111,0.022222222222222223,0.2927193267194652,0.32242546546685025,1,2,0.001133334,135.5037,books-t2004-a=4 | books-t2004-b=6
q018,a girl who discovers she is the last of a magical bloodline,Tail,StripeLocal,Conceptual,Keyword,idf-correct-probe,0.5639769983104307,0.2,0.1111111111111111,-0.022222222222222223,0.28690446593244806,0.28959740454224847,1,12,0.0033333340000000003,595.5923,books-t2004-a=3 | books-t2004-b=7
q018,a girl who discovers she is the last of a magical bloodline,Tail,StripeLocal,Conceptual,Keyword,semantic-score,0.7471946157958655,0.6,0.42857142857142855,1,0.5229189071426423,0.3978626958309377,0.6,2,0.001133334,135.4755,books-t2004-a=3 | books-t2004-b=7
q018,a girl who discovers she is the last of a magical bloodline,Tail,StripeLocal,Conceptual,Keyword,semantic-rerank,0.7471946157958655,0.6,0.42857142857142855,1,0.5229189071426423,0.3978626958309377,0.6,4,0.001733334,241.66899999999998,books-t2004-a=3 | books-t2004-b=7
q018,a girl who discovers she is the last of a magical bloodline,Tail,StripeLocal,Conceptual,Keyword,idf-correct-sidecar,0.564233295611071,0.2,0.1111111111111111,0.022222222222222223,0.28690446593244806,0.28959740454224847,1,2,0.001133334,135.5267,books-t2004-a=3 | books-t2004-b=7
q019,dystopian society divided into rigid factions,Torso,StripeLocal,Conceptual,Keyword,single-index,1,1,1,1,1,0.8787277908726202,1,1,0.000416667,118.4211,books-oracle2=10
q019,dystopian society divided into rigid factions,Torso,StripeLocal,Conceptual,Keyword,naive-score,0.7760504527012048,0.7,0.5384615384615384,0.15555555555555556,0.41638289902847087,0.9155260051911699,1,2,0.001166666,141.2438,books-t2004-b=10
q019,dystopian society divided into rigid factions,Torso,StripeLocal,Conceptual,Keyword,interleave,0.6858008781716785,0.5,0.3333333333333333,0.14285714285714285,0.37534804894267837,0.3909363077177664,0.5,2,0.001166666,141.226,books-t2004-a=5 | books-t2004-b=5
q019,dystopian society divided into rigid factions,Torso,StripeLocal,Conceptual,Keyword,quota-merge,0.6985237750413242,0.5,0.3333333333333333,0.23809523809523808,0.40729566879380014,0.4001086795929848,0.5,2,0.001166666,141.2209,books-t2004-a=5 | books-t2004-b=5
q019,dystopian society divided into rigid factions,Torso,StripeLocal,Conceptual,Keyword,global-rrf,0.6985237750413242,0.5,0.3333333333333333,0.23809523809523808,0.40729566879380014,0.4001086795929848,0.5,2,0.001166666,141.2335,books-t2004-a=5 | books-t2004-b=5
q019,dystopian society divided into rigid factions,Torso,StripeLocal,Conceptual,Keyword,minmax-norm,0.592460022438498,0.5,0.3333333333333333,0.4222222222222222,0.3270641623504476,0.6182236384098719,0.7,2,0.001166666,141.2687,books-t2004-a=4 | books-t2004-b=6
q019,dystopian society divided into rigid factions,Torso,StripeLocal,Conceptual,Keyword,zscore-norm,0.550292498926681,0.5,0.3333333333333333,-0.06666666666666667,0.3035306503842206,0.4817454233611576,0.7,2,0.001166666,141.2615,books-t2004-a=4 | books-t2004-b=6
q019,dystopian society divided into rigid factions,Torso,StripeLocal,Conceptual,Keyword,idf-correct-probe,0.7760504527012048,0.7,0.5384615384615384,0.15555555555555556,0.41638289902847087,0.9155260051911699,1,14,0.0038000000000000004,681.9105,books-t2004-b=10
q019,dystopian society divided into rigid factions,Torso,StripeLocal,Conceptual,Keyword,semantic-score,1,1,1,1,0.8591367550184259,0.8787277908726202,1,2,0.001166666,141.23340000000002,books-t2004-b=10
q019,dystopian society divided into rigid factions,Torso,StripeLocal,Conceptual,Keyword,semantic-rerank,1,1,1,1,0.8591367550184259,0.8787277908726202,1,4,0.001766666,309.2554,books-t2004-b=10
q019,dystopian society divided into rigid factions,Torso,StripeLocal,Conceptual,Keyword,idf-correct-sidecar,0.7760504527012048,0.7,0.5384615384615384,0.15555555555555556,0.41638289902847087,0.9155260051911699,1,2,0.001166666,141.2835,books-t2004-b=10
q020,supernatural creatures hidden among ordinary people,Torso,StripeLocal,Conceptual,Keyword,single-index,1,1,1,1,1,0.8302431379692398,1,1,0.000433333,137.4864,books-oracle2=10
q020,supernatural creatures hidden among ordinary people,Torso,StripeLocal,Conceptual,Keyword,naive-score,0.628786936609802,0.3,0.17647058823529413,0.15555555555555556,0.2895351855094393,0.7231056858276979,0.8,2,0.0008,163.53670000000002,books-t2004-a=5 | books-t2004-b=5
q020,supernatural creatures hidden among ordinary people,Torso,StripeLocal,Conceptual,Keyword,interleave,0.5183498735896808,0.4,0.25,1,0.38644018249881773,0.6786766342295957,0.6,2,0.0008,163.51940000000002,books-t2004-a=5 | books-t2004-b=5
q020,supernatural creatures hidden among ordinary people,Torso,StripeLocal,Conceptual,Keyword,quota-merge,0.5174983525528262,0.4,0.25,0.6666666666666666,0.38644018249881773,0.6825308334655645,0.6,2,0.0008,163.51080000000002,books-t2004-a=5 | books-t2004-b=5
q020,supernatural creatures hidden among ordinary people,Torso,StripeLocal,Conceptual,Keyword,global-rrf,0.5174983525528262,0.4,0.25,0.6666666666666666,0.38644018249881773,0.6825308334655645,0.6,2,0.0008,163.52560000000003,books-t2004-a=5 | books-t2004-b=5
q020,supernatural creatures hidden among ordinary people,Torso,StripeLocal,Conceptual,Keyword,minmax-norm,0.6254873730553246,0.3,0.17647058823529413,0.1111111111111111,0.27634520732689694,0.7211785862097133,0.8,2,0.0008,163.55780000000001,books-t2004-a=5 | books-t2004-b=5
q020,supernatural creatures hidden among ordinary people,Torso,StripeLocal,Conceptual,Keyword,zscore-norm,0.628786936609802,0.3,0.17647058823529413,0.15555555555555556,0.2895351855094393,0.7231056858276979,0.8,2,0.0008,163.54790000000003,books-t2004-a=5 | books-t2004-b=5
q020,supernatural creatures hidden among ordinary people,Torso,StripeLocal,Conceptual,Keyword,idf-correct-probe,0.5893875326484834,0.4,0.25,-0.15555555555555556,0.2870812200896518,0.8006795775978369,0.9,14,0.003616669,692.0016,books-t2004-a=3 | books-t2004-b=7
q020,supernatural creatures hidden among ordinary people,Torso,StripeLocal,Conceptual,Keyword,semantic-score,0.6750624135328013,0.4,0.25,1,0.5052776440619222,0.6731650646707785,0.6,2,0.0008,163.5225,books-t2004-a=3 | books-t2004-b=7
q020,supernatural creatures hidden among ordinary people,Torso,StripeLocal,Conceptual,Keyword,semantic-rerank,0.6750624135328013,0.4,0.25,1,0.5052776440619222,0.6731650646707785,0.6,4,0.001416667,272.0552,books-t2004-a=3 | books-t2004-b=7
q020,supernatural creatures hidden among ordinary people,Torso,StripeLocal,Conceptual,Keyword,idf-correct-sidecar,0.5896790632879144,0.4,0.25,-0.1111111111111111,0.2870812200896518,0.8057139244771523,0.9,2,0.0008,163.56840000000003,books-t2004-a=3 | books-t2004-b=7
q021,Victorian England social class and marriage,Torso,StripeLocal,Mixed,Keyword,single-index,1,1,1,1,1,0.9458352203602566,1,1,0.000416667,146.5542,books-oracle2=10
q021,Victorian England social class and marriage,Torso,StripeLocal,Mixed,Keyword,naive-score,0.7380191712037462,0.6,0.42857142857142855,0.06666666666666667,0.4193129057893717,0.7450956911472564,0.9,2,0.000766666,113.8082,books-t2004-a=4 | books-t2004-b=6
q021,Victorian England social class and marriage,Torso,StripeLocal,Mixed,Keyword,interleave,0.9573208288900293,0.8,0.6666666666666666,0.5555555555555556,0.6510029463029251,0.921723022686679,1,2,0.000766666,113.7945,books-t2004-a=5 | books-t2004-b=5
q021,Victorian England social class and marriage,Torso,StripeLocal,Mixed,Keyword,quota-merge,0.8570549317883918,0.8,0.6666666666666666,0.4222222222222222,0.5380458073148042,0.9224654597764764,1,2,0.000766666,113.7872,books-t2004-a=5 | books-t2004-b=5
q021,Victorian England social class and marriage,Torso,StripeLocal,Mixed,Keyword,global-rrf,0.8570549317883918,0.8,0.6666666666666666,0.4222222222222222,0.5380458073148042,0.9224654597764764,1,2,0.000766666,113.80369999999999,books-t2004-a=5 | books-t2004-b=5
q021,Victorian England social class and marriage,Torso,StripeLocal,Mixed,Keyword,minmax-norm,0.8527766839745582,0.6,0.42857142857142855,0.1111111111111111,0.5198309532100567,0.8147208246539928,0.9,2,0.000766666,113.8385,books-t2004-a=4 | books-t2004-b=6
q021,Victorian England social class and marriage,Torso,StripeLocal,Mixed,Keyword,zscore-norm,0.9033486457029501,0.7,0.5384615384615384,0.1111111111111111,0.5865671429719415,0.8809750481083818,1,2,0.000766666,113.8291,books-t2004-a=5 | books-t2004-b=5
q021,Victorian England social class and marriage,Torso,StripeLocal,Mixed,Keyword,idf-correct-probe,0.943858821714865,0.8,0.6666666666666666,0.15555555555555556,0.6312423192133514,0.8693202211871361,1,12,0.0030833330000000006,553.6208,books-t2004-a=6 | books-t2004-b=4
q021,Victorian England social class and marriage,Torso,StripeLocal,Mixed,Keyword,semantic-score,1,1,1,1,0.8591367550184259,0.9458352203602566,1,2,0.000766666,113.8023,books-t2004-a=7 | books-t2004-b=3
q021,Victorian England social class and marriage,Torso,StripeLocal,Mixed,Keyword,semantic-rerank,1,1,1,1,0.8591367550184259,0.9458352203602566,1,4,0.001533332,241.2952,books-t2004-a=7 | books-t2004-b=3
q021,Victorian England social class and marriage,Torso,StripeLocal,Mixed,Keyword,idf-correct-sidecar,0.943858821714865,0.8,0.6666666666666666,0.15555555555555556,0.6312423192133514,0.8693202211871361,1,2,0.000766666,113.84989999999999,books-t2004-a=6 | books-t2004-b=4
q022,memoir of growing up in poverty,Torso,StripeLocal,Conceptual,Keyword,single-index,1,1,1,1,1,0.8702308504891342,1,1,0.000383333,115.4343,books-oracle2=10
q022,memoir of growing up in poverty,Torso,StripeLocal,Conceptual,Keyword,naive-score,0.4617755232647864,0.2,0.1111111111111111,0.022222222222222223,0.15645638620138974,0.4249858565197849,0.9,2,0.000733334,132.82870000000003,books-t2004-a=7 | books-t2004-b=3
q022,memoir of growing up in poverty,Torso,StripeLocal,Conceptual,Keyword,interleave,0.7435394340410286,0.9,0.8181818181818182,0.6666666666666666,0.5606548069880487,0.7231188993124434,0.9,2,0.000733334,132.80870000000002,books-t2004-a=5 | books-t2004-b=5
q022,memoir of growing up in poverty,Torso,StripeLocal,Conceptual,Keyword,quota-merge,0.741492216406345,0.9,0.8181818181818182,0.6111111111111112,0.5474648288055063,0.7231188993124434,0.9,2,0.000733334,132.80010000000001,books-t2004-a=5 | books-t2004-b=5
q022,memoir of growing up in poverty,Torso,StripeLocal,Conceptual,Keyword,global-rrf,0.741492216406345,0.9,0.8181818181818182,0.6111111111111112,0.5474648288055063,0.7231188993124434,0.9,2,0.000733334,132.81990000000002,books-t2004-a=5 | books-t2004-b=5
q022,memoir of growing up in poverty,Torso,StripeLocal,Conceptual,Keyword,minmax-norm,0.46873485655682906,0.3,0.17647058823529413,0.06666666666666667,0.17933870082637496,0.43221803991535623,0.9,2,0.000733334,132.8676,books-t2004-a=6 | books-t2004-b=4
q022,memoir of growing up in poverty,Torso,StripeLocal,Conceptual,Keyword,zscore-norm,0.4859931402823873,0.4,0.25,-0.28888888888888886,0.17536050787336638,0.5742071991305053,0.9,2,0.000733334,132.8536,books-t2004-a=5 | books-t2004-b=5
q022,memoir of growing up in poverty,Torso,StripeLocal,Conceptual,Keyword,idf-correct-probe,0.4669214638447818,0.3,0.17647058823529413,-0.06666666666666667,0.17170735630647552,0.4249858565197849,0.9,10,0.002583335,483.7094,books-t2004-a=6 | books-t2004-b=4
q022,memoir of growing up in poverty,Torso,StripeLocal,Conceptual,Keyword,semantic-score,0.8982658901806848,0.9,0.8181818181818182,1,0.7025747303706025,0.7394069356884794,0.9,2,0.000733334,132.81390000000002,books-t2004-a=6 | books-t2004-b=4
q022,memoir of growing up in poverty,Torso,StripeLocal,Conceptual,Keyword,semantic-rerank,0.8982658901806848,0.9,0.8181818181818182,1,0.7025747303706025,0.7394069356884794,0.9,4,0.001350001,241.74040000000002,books-t2004-a=6 | books-t2004-b=4
q022,memoir of growing up in poverty,Torso,StripeLocal,Conceptual,Keyword,idf-correct-sidecar,0.4669214638447818,0.3,0.17647058823529413,-0.06666666666666667,0.17170735630647552,0.4249858565197849,0.9,2,0.000733334,132.85170000000002,books-t2004-a=6 | books-t2004-b=4
q023,biography of a president,Torso,StripeLocal,Mixed,Keyword,single-index,1,1,1,1,1,0.8311874307822867,1,1,0.000266667,135.0021,books-oracle2=10
q023,biography of a president,Torso,StripeLocal,Mixed,Keyword,naive-score,0.7631446828618809,0.7,0.5384615384615384,0.24444444444444444,0.4123552160343139,0.5459833449283926,1,2,0.000483333,124.61099999999999,books-t2004-a=6 | books-t2004-b=4
q023,biography of a president,Torso,StripeLocal,Mixed,Keyword,interleave,0.9206393827195497,0.8,0.6666666666666666,0.7857142857142857,0.7506093453472911,0.8671809455329643,1,2,0.000483333,124.59609999999999,books-t2004-a=5 | books-t2004-b=5
q023,biography of a president,Torso,StripeLocal,Mixed,Keyword,quota-merge,0.9201281028631002,0.8,0.6666666666666666,0.7142857142857143,0.7429780008273917,0.8649336882972027,1,2,0.000483333,124.5893,books-t2004-a=5 | books-t2004-b=5
q023,biography of a president,Torso,StripeLocal,Mixed,Keyword,global-rrf,0.9201281028631002,0.8,0.6666666666666666,0.7142857142857143,0.7429780008273917,0.8649336882972027,1,2,0.000483333,124.60419999999999,books-t2004-a=5 | books-t2004-b=5
q023,biography of a president,Torso,StripeLocal,Mixed,Keyword,minmax-norm,0.7653890590082305,0.7,0.5384615384615384,0.15555555555555556,0.4106994497049543,0.5459833449283926,1,2,0.000483333,124.63799999999999,books-t2004-a=8 | books-t2004-b=2
q023,biography of a president,Torso,StripeLocal,Mixed,Keyword,zscore-norm,0.7631446828618809,0.7,0.5384615384615384,0.24444444444444444,0.4123552160343139,0.5459833449283926,1,2,0.000483333,124.62759999999999,books-t2004-a=6 | books-t2004-b=4
q023,biography of a president,Torso,StripeLocal,Mixed,Keyword,idf-correct-probe,0.7631446828618809,0.7,0.5384615384615384,0.24444444444444444,0.4123552160343139,0.5459833449283926,1,6,0.001283333,298.9986,books-t2004-a=6 | books-t2004-b=4
q023,biography of a president,Torso,StripeLocal,Mixed,Keyword,semantic-score,0.9259740352427053,0.8,0.6666666666666666,1,0.7920112213091599,0.8662732316808534,1,2,0.000483333,124.6039,books-t2004-a=5 | books-t2004-b=5
q023,biography of a president,Torso,StripeLocal,Mixed,Keyword,semantic-rerank,0.9259740352427053,0.8,0.6666666666666666,1,0.7920112213091599,0.8662732316808534,1,4,0.000883333,217.6301,books-t2004-a=5 | books-t2004-b=5
q023,biography of a president,Torso,StripeLocal,Mixed,Keyword,idf-correct-sidecar,0.7631446828618809,0.7,0.5384615384615384,0.24444444444444444,0.4123552160343139,0.5459833449283926,1,2,0.000483333,124.64049999999999,books-t2004-a=6 | books-t2004-b=4
q024,behavioral economics and irrational decision making,Tail,StripeLocal,Mixed,Keyword,single-index,1,1,1,1,1,0.996413589210944,1,1,0.00075,116.1222,books-oracle2=10
q024,behavioral economics and irrational decision making,Tail,StripeLocal,Mixed,Keyword,naive-score,0.973913261295898,0.8,0.6666666666666666,0.6444444444444445,0.7628182698914298,0.8771495496465931,1,2,0.000666666,124.07520000000001,books-t2004-a=3 | books-t2004-b=7
q024,behavioral economics and irrational decision making,Tail,StripeLocal,Mixed,Keyword,interleave,0.8127158256963719,0.6,0.42857142857142855,0.3333333333333333,0.4316389697271203,0.6438353234024607,0.8,2,0.000666666,124.05770000000001,books-t2004-a=5 | books-t2004-b=5
q024,behavioral economics and irrational decision making,Tail,StripeLocal,Mixed,Keyword,quota-merge,0.9147424355860709,0.6,0.42857142857142855,0.4222222222222222,0.5369647641953419,0.6964111900302618,0.8,2,0.000666666,124.0524,books-t2004-a=5 | books-t2004-b=5
q024,behavioral economics and irrational decision making,Tail,StripeLocal,Mixed,Keyword,global-rrf,0.9147424355860709,0.6,0.42857142857142855,0.4222222222222222,0.5369647641953419,0.6964111900302618,0.8,2,0.000666666,124.06630000000001,books-t2004-a=5 | books-t2004-b=5
q024,behavioral economics and irrational decision making,Tail,StripeLocal,Mixed,Keyword,minmax-norm,0.882951796000609,0.5,0.3333333333333333,0.4222222222222222,0.4953881218851577,0.6234847464893466,0.7,2,0.000666666,124.09840000000001,books-t2004-a=6 | books-t2004-b=4
q024,behavioral economics and irrational decision making,Tail,StripeLocal,Mixed,Keyword,zscore-norm,0.9000573820132399,0.5,0.3333333333333333,0.5111111111111111,0.5408474088311624,0.6418323363883944,0.7,2,0.000666666,124.092,books-t2004-a=6 | books-t2004-b=4
q024,behavioral economics and irrational decision making,Tail,StripeLocal,Mixed,Keyword,idf-correct-probe,0.9751746778221,0.8,0.6666666666666666,0.7777777777777778,0.7676260169389665,0.8805682069503128,1,12,0.0027333340000000005,588.6176,books-t2004-a=3 | books-t2004-b=7
q024,behavioral economics and irrational decision making,Tail,StripeLocal,Mixed,Keyword,semantic-score,1,1,1,1,0.8591367550184259,0.996413589210944,1,2,0.000666666,124.07100000000001,books-t2004-a=1 | books-t2004-b=9
q024,behavioral economics and irrational decision making,Tail,StripeLocal,Mixed,Keyword,semantic-rerank,1,1,1,1,0.8591367550184259,0.996413589210944,1,4,0.001266666,230.17520000000002,books-t2004-a=1 | books-t2004-b=9
q024,behavioral economics and irrational decision making,Tail,StripeLocal,Mixed,Keyword,idf-correct-sidecar,0.9745582337915032,0.8,0.6666666666666666,0.7333333333333333,0.7628182698914298,0.8781300290865252,1,2,0.000666666,124.11460000000001,books-t2004-a=3 | books-t2004-b=7
q025,habits productivity and personal effectiveness,Torso,StripeLocal,Mixed,Keyword,single-index,1,1,1,1,1,0.9007619020868619,1,1,0.00075,115.5632,books-oracle2=10
q025,habits productivity and personal effectiveness,Torso,StripeLocal,Mixed,Keyword,naive-score,0.8649837635110599,0.6,0.42857142857142855,0.1111111111111111,0.5210344946183367,0.8432768745969323,1,2,0.0006833329999999999,141.22289999999998,books-t2004-a=6 | books-t2004-b=4
q025,habits productivity and personal effectiveness,Torso,StripeLocal,Mixed,Keyword,interleave,0.9831561464070284,0.8,0.6666666666666666,0.7333333333333333,0.7364407574660154,0.8570292438733028,0.9,2,0.0006833329999999999,141.20669999999998,books-t2004-a=5 | books-t2004-b=5
q025,habits productivity and personal effectiveness,Torso,StripeLocal,Mixed,Keyword,quota-merge,0.9813413118262623,0.8,0.6666666666666666,0.6444444444444445,0.7184430322359364,0.8543958086178655,0.9,2,0.0006833329999999999,141.1992,books-t2004-a=5 | books-t2004-b=5
q025,habits productivity and personal effectiveness,Torso,StripeLocal,Mixed,Keyword,global-rrf,0.9813413118262623,0.8,0.6666666666666666,0.6444444444444445,0.7184430322359364,0.8543958086178655,0.9,2,0.0006833329999999999,141.21439999999998,books-t2004-a=5 | books-t2004-b=5
q025,habits productivity and personal effectiveness,Torso,StripeLocal,Mixed,Keyword,minmax-norm,0.8709089801405131,0.6,0.42857142857142855,0.24444444444444444,0.5286658391382363,0.8436644172746648,1,2,0.0006833329999999999,141.249,books-t2004-a=6 | books-t2004-b=4
q025,habits productivity and personal effectiveness,Torso,StripeLocal,Mixed,Keyword,zscore-norm,0.8709089801405131,0.6,0.42857142857142855,0.24444444444444444,0.5286658391382363,0.8436644172746648,1,2,0.0006833329999999999,141.26469999999998,books-t2004-a=6 | books-t2004-b=4
q025,habits productivity and personal effectiveness,Torso,StripeLocal,Mixed,Keyword,idf-correct-probe,0.8791940692368084,0.6,0.42857142857142855,0.06666666666666667,0.5186439942668923,0.8719968219913282,1,10,0.0023,489.352,books-t2004-a=7 | books-t2004-b=3
q025,habits productivity and personal effectiveness,Torso,StripeLocal,Mixed,Keyword,semantic-score,1,1,1,1,0.8591367550184259,0.9007619020868619,1,2,0.0006833329999999999,141.2154,books-t2004-a=7 | books-t2004-b=3
q025,habits productivity and personal effectiveness,Torso,StripeLocal,Mixed,Keyword,semantic-rerank,1,1,1,1,0.8591367550184259,0.9007619020868619,1,4,0.001266666,261.3775,books-t2004-a=7 | books-t2004-b=3
q025,habits productivity and personal effectiveness,Torso,StripeLocal,Mixed,Keyword,idf-correct-sidecar,0.8791940692368084,0.6,0.42857142857142855,0.06666666666666667,0.5186439942668923,0.8719968219913282,1,2,0.0006833329999999999,141.2617,books-t2004-a=7 | books-t2004-b=3
q026,poetry collection about grief,Torso,StripeLocal,Conceptual,Keyword,single-index,1,1,1,1,1,0.5266214940679362,1,1,0.000383333,129.87,books-oracle2=10
q026,poetry collection about grief,Torso,StripeLocal,Conceptual,Keyword,naive-score,0.6568406996776003,0.5,0.3333333333333333,-0.15555555555555556,0.2875862370624778,0.24584926602473886,0.9,2,0.000733334,135.37709999999998,books-t2004-a=6 | books-t2004-b=4
q026,poetry collection about grief,Torso,StripeLocal,Conceptual,Keyword,interleave,0.7990885864975478,0.6,0.42857142857142855,0.4666666666666667,0.5588915106763055,0.46300220501961953,0.7,2,0.000733334,135.36239999999998,books-t2004-a=5 | books-t2004-b=5
q026,poetry collection about grief,Torso,StripeLocal,Conceptual,Keyword,quota-merge,0.7766177435804879,0.6,0.42857142857142855,0.4666666666666667,0.5193125463052846,0.45246208868919374,0.7,2,0.000733334,135.3561,books-t2004-a=5 | books-t2004-b=5
q026,poetry collection about grief,Torso,StripeLocal,Conceptual,Keyword,global-rrf,0.7766177435804879,0.6,0.42857142857142855,0.4666666666666667,0.5193125463052846,0.45246208868919374,0.7,2,0.000733334,135.3703,books-t2004-a=5 | books-t2004-b=5
q026,poetry collection about grief,Torso,StripeLocal,Conceptual,Keyword,minmax-norm,0.5846222019429611,0.4,0.25,-0.6111111111111112,0.19095756443840595,0.2163262224157765,0.8,2,0.000733334,135.40339999999998,books-t2004-a=5 | books-t2004-b=5
q026,poetry collection about grief,Torso,StripeLocal,Conceptual,Keyword,zscore-norm,0.6282074654782956,0.5,0.3333333333333333,-0.4666666666666667,0.21529594360461066,0.24898088689490286,0.9,2,0.000733334,135.39389999999997,books-t2004-a=6 | books-t2004-b=4
q026,poetry collection about grief,Torso,StripeLocal,Conceptual,Keyword,idf-correct-probe,0.7099028699554684,0.5,0.3333333333333333,-0.022222222222222223,0.3546530487745446,0.2776659252920722,1,8,0.001933334,398.8766,books-t2004-a=7 | books-t2004-b=3
q026,poetry collection about grief,Torso,StripeLocal,Conceptual,Keyword,semantic-score,0.8879106302776737,0.7,0.5384615384615384,1,0.7628650950954187,0.5266214940679362,1,2,0.000733334,135.3688,books-t2004-a=9 | books-t2004-b=1
q026,poetry collection about grief,Torso,StripeLocal,Conceptual,Keyword,semantic-rerank,0.8879106302776737,0.7,0.5384615384615384,1,0.7628650950954187,0.5266214940679362,1,4,0.001333334,237.94639999999998,books-t2004-a=9 | books-t2004-b=1
q026,poetry collection about grief,Torso,StripeLocal,Conceptual,Keyword,idf-correct-sidecar,0.7099028699554684,0.5,0.3333333333333333,-0.022222222222222223,0.3546530487745446,0.2776659252920722,1,2,0.000733334,135.4183,books-t2004-a=7 | books-t2004-b=3
q027,existentialist philosophy and the meaning of life,Torso,StripeLocal,Mixed,Keyword,single-index,1,1,1,1,1,0.6963089954129986,1,1,0.0004,115.658,books-oracle2=10
q027,existentialist philosophy and the meaning of life,Torso,StripeLocal,Mixed,Keyword,naive-score,0.5294680183301561,0.4,0.25,0.1111111111111111,0.23579077972348023,0.2760314737106921,1,2,0.000766666,125.0488,books-t2004-a=6 | books-t2004-b=4
q027,existentialist philosophy and the meaning of life,Torso,StripeLocal,Mixed,Keyword,interleave,0.9211566391619666,0.6,0.42857142857142855,0.5,0.6196002898009129,0.5623632193503624,0.8,2,0.000766666,125.03120000000001,books-t2004-a=5 | books-t2004-b=5
q027,existentialist philosophy and the meaning of life,Torso,StripeLocal,Mixed,Keyword,quota-merge,0.8258300876298547,0.6,0.42857142857142855,0.3888888888888889,0.501084517150149,0.5093809897452634,0.8,2,0.000766666,125.02560000000001,books-t2004-a=5 | books-t2004-b=5
q027,existentialist philosophy and the meaning of life,Torso,StripeLocal,Mixed,Keyword,global-rrf,0.8258300876298547,0.6,0.42857142857142855,0.3888888888888889,0.501084517150149,0.5093809897452634,0.8,2,0.000766666,125.03920000000001,books-t2004-a=5 | books-t2004-b=5
q027,existentialist philosophy and the meaning of life,Torso,StripeLocal,Mixed,Keyword,minmax-norm,0.5301177548901959,0.4,0.25,0.15555555555555556,0.23579077972348023,0.2760314737106921,1,2,0.000766666,125.0728,books-t2004-a=6 | books-t2004-b=4
q027,existentialist philosophy and the meaning of life,Torso,StripeLocal,Mixed,Keyword,zscore-norm,0.5295277482588153,0.4,0.25,0.15555555555555556,0.23579077972348023,0.2760314737106921,1,2,0.000766666,125.06500000000001,books-t2004-a=6 | books-t2004-b=4
q027,existentialist philosophy and the meaning of life,Torso,StripeLocal,Mixed,Keyword,idf-correct-probe,0.5312356932927588,0.4,0.25,0.28888888888888886,0.25228516965255,0.29933494703782515,0.9,10,0.0024000000000000002,491.3334,books-t2004-a=7 | books-t2004-b=3
q027,existentialist philosophy and the meaning of life,Torso,StripeLocal,Mixed,Keyword,semantic-score,1,1,1,1,0.8591367550184259,0.6963089954129986,1,2,0.000766666,125.0368,books-t2004-a=9 | books-t2004-b=1
q027,existentialist philosophy and the meaning of life,Torso,StripeLocal,Mixed,Keyword,semantic-rerank,1,1,1,1,0.8591367550184259,0.6963089954129986,1,4,0.001566666,230.75490000000002,books-t2004-a=9 | books-t2004-b=1
q027,existentialist philosophy and the meaning of life,Torso,StripeLocal,Mixed,Keyword,idf-correct-sidecar,0.5378307275321922,0.4,0.25,0.3333333333333333,0.2794250424561349,0.29933494703782515,0.9,2,0.000766666,125.0813,books-t2004-a=7 | books-t2004-b=3
q028,evolutionary biology explained for general readers,Torso,StripeLocal,Conceptual,Keyword,single-index,1,1,1,1,1,0.8154515380847709,1,1,0.000683333,193.2192,books-oracle2=10
q028,evolutionary biology explained for general readers,Torso,StripeLocal,Conceptual,Keyword,naive-score,0.7369225224413378,0.5,0.3333333333333333,0.1111111111111111,0.3679227175747886,0.576609304684426,0.9,2,0.000933333,123.1459,books-t2004-a=6 | books-t2004-b=4
q028,evolutionary biology explained for general readers,Torso,StripeLocal,Conceptual,Keyword,interleave,0.918887103705136,0.7,0.5384615384615384,0.9285714285714286,0.7679268908331086,0.7952186981962562,0.8,2,0.000933333,123.1411,books-t2004-a=5 | books-t2004-b=5
q028,evolutionary biology explained for general readers,Torso,StripeLocal,Conceptual,Keyword,quota-merge,0.9145735474024866,0.7,0.5384615384615384,0.8571428571428571,0.7331556735096242,0.7932221737685556,0.8,2,0.000933333,123.125,books-t2004-a=5 | books-t2004-b=5
q028,evolutionary biology explained for general readers,Torso,StripeLocal,Conceptual,Keyword,global-rrf,0.9145735474024866,0.7,0.5384615384615384,0.8571428571428571,0.7331556735096242,0.7932221737685556,0.8,2,0.000933333,123.13839999999999,books-t2004-a=5 | books-t2004-b=5
q028,evolutionary biology explained for general readers,Torso,StripeLocal,Conceptual,Keyword,minmax-norm,0.6841113274570476,0.5,0.3333333333333333,-0.022222222222222223,0.37362684658160544,0.44625229859503873,0.8,2,0.000933333,123.1736,books-t2004-a=5 | books-t2004-b=5
q028,evolutionary biology explained for general readers,Torso,StripeLocal,Conceptual,Keyword,zscore-norm,0.740340755232001,0.5,0.3333333333333333,0.06666666666666667,0.37362684658160544,0.576609304684426,0.8,2,0.000933333,123.17089999999999,books-t2004-a=5 | books-t2004-b=5
q028,evolutionary biology explained for general readers,Torso,StripeLocal,Conceptual,Keyword,idf-correct-probe,0.8101430193526735,0.5,0.3333333333333333,0.28888888888888886,0.40436780755452606,0.6626520082634482,0.9,12,0.0031666669999999997,549.4657,books-t2004-a=6 | books-t2004-b=4
q028,evolutionary biology explained for general readers,Torso,StripeLocal,Conceptual,Keyword,semantic-score,0.9632393902397784,0.9,0.8181818181818182,1,0.8239809449952643,0.83805914563382,1,2,0.000933333,123.137,books-t2004-a=7 | books-t2004-b=3
q028,evolutionary biology explained for general readers,Torso,StripeLocal,Conceptual,Keyword,semantic-rerank,0.9632393902397784,0.9,0.8181818181818182,1,0.8239809449952643,0.83805914563382,1,4,0.0015,226.8874,books-t2004-a=7 | books-t2004-b=3
q028,evolutionary biology explained for general readers,Torso,StripeLocal,Conceptual,Keyword,idf-correct-sidecar,0.8101430193526735,0.5,0.3333333333333333,0.28888888888888886,0.40436780755452606,0.6626520082634482,0.9,2,0.000933333,123.2081,books-t2004-a=6 | books-t2004-b=4
q029,the history of the Roman empire,Torso,StripeLocal,Lexical,Keyword,single-index,1,1,1,1,1,1,1,1,0.000366667,117.113,books-oracle2=10
q029,the history of the Roman empire,Torso,StripeLocal,Lexical,Keyword,naive-score,0.8020701950342393,0.3,0.17647058823529413,0.6,0.4409742882527078,0.8164047176703069,0.8,2,0.0006833329999999999,157.2086,books-t2004-a=4 | books-t2004-b=6
q029,the history of the Roman empire,Torso,StripeLocal,Lexical,Keyword,interleave,0.8825792773132531,0.5,0.3333333333333333,0.5,0.5494760828684818,0.9778187025317876,1,2,0.0006833329999999999,157.1935,books-t2004-a=5 | books-t2004-b=5
q029,the history of the Roman empire,Torso,StripeLocal,Lexical,Keyword,quota-merge,0.7683452344569692,0.5,0.3333333333333333,0.3888888888888889,0.42813671274535503,0.7902420051183145,1,2,0.0006833329999999999,157.1868,books-t2004-a=5 | books-t2004-b=5
q029,the history of the Roman empire,Torso,StripeLocal,Lexical,Keyword,global-rrf,0.7683452344569692,0.5,0.3333333333333333,0.3888888888888889,0.42813671274535503,0.7902420051183145,1,2,0.0006833329999999999,157.2007,books-t2004-a=5 | books-t2004-b=5
q029,the history of the Roman empire,Torso,StripeLocal,Lexical,Keyword,minmax-norm,0.648671126796091,0.2,0.1111111111111111,0.37777777777777777,0.25615103186710103,0.5933226180005462,0.7,2,0.0006833329999999999,157.2369,books-t2004-a=2 | books-t2004-b=8
q029,the history of the Roman empire,Torso,StripeLocal,Lexical,Keyword,zscore-norm,0.7734881787022765,0.2,0.1111111111111111,0.4666666666666667,0.3911240590396437,0.8126548712992628,0.8,2,0.0006833329999999999,157.2279,books-t2004-a=3 | books-t2004-b=7
q029,the history of the Roman empire,Torso,StripeLocal,Lexical,Keyword,idf-correct-probe,0.8376208312057929,0.4,0.25,0.24444444444444444,0.48391050130321855,0.8686260645392271,0.9,8,0.00205,412.845,books-t2004-a=6 | books-t2004-b=4
q029,the history of the Roman empire,Torso,StripeLocal,Lexical,Keyword,semantic-score,0.9632393902397784,0.9,0.8181818181818182,1,0.8239809449952643,1,1,2,0.0006833329999999999,157.19910000000002,books-t2004-a=10
q029,the history of the Roman empire,Torso,StripeLocal,Lexical,Keyword,semantic-rerank,0.9632393902397784,0.9,0.8181818181818182,1,0.8239809449952643,1,1,4,0.001466666,267.5081,books-t2004-a=10
q029,the history of the Roman empire,Torso,StripeLocal,Lexical,Keyword,idf-correct-sidecar,0.8376208312057929,0.4,0.25,0.24444444444444444,0.48391050130321855,0.8686260645392271,0.9,2,0.0006833329999999999,157.2588,books-t2004-a=6 | books-t2004-b=4
q030,a novel narrated by an unreliable narrator in a decaying southern town,Tail,StripeLocal,Conceptual,Keyword,single-index,1,1,1,1,1,0.384870659622864,1,1,0.000883333,116.4451,books-oracle2=10
q030,a novel narrated by an unreliable narrator in a decaying southern town,Tail,StripeLocal,Conceptual,Keyword,naive-score,0.6353608932248396,0.5,0.3333333333333333,-0.6888888888888889,0.2377552298009027,0.30603596766703095,1,2,0.0008166670000000001,124.441,books-t2004-a=4 | books-t2004-b=6
q030,a novel narrated by an unreliable narrator in a decaying southern town,Tail,StripeLocal,Conceptual,Keyword,interleave,0.7996595981785924,0.6,0.42857142857142855,0.6,0.5942321483787071,0.2913094130814263,0.8,2,0.0008166670000000001,124.4258,books-t2004-a=5 | books-t2004-b=5
q030,a novel narrated by an unreliable narrator in a decaying southern town,Tail,StripeLocal,Conceptual,Keyword,quota-merge,0.7432077948965916,0.6,0.42857142857142855,0.4666666666666667,0.4889063539104854,0.290295881117592,0.8,2,0.0008166670000000001,124.4204,books-t2004-a=5 | books-t2004-b=5
q030,a novel narrated by an unreliable narrator in a decaying southern town,Tail,StripeLocal,Conceptual,Keyword,global-rrf,0.7432077948965916,0.6,0.42857142857142855,0.4666666666666667,0.4889063539104854,0.290295881117592,0.8,2,0.0008166670000000001,124.4395,books-t2004-a=5 | books-t2004-b=5
q030,a novel narrated by an unreliable narrator in a decaying southern town,Tail,StripeLocal,Conceptual,Keyword,minmax-norm,0.6227062797335053,0.5,0.3333333333333333,-0.3333333333333333,0.28678845028267097,0.3279754259425216,1,2,0.0008166670000000001,124.4718,books-t2004-a=5 | books-t2004-b=5
q030,a novel narrated by an unreliable narrator in a decaying southern town,Tail,StripeLocal,Conceptual,Keyword,zscore-norm,0.6144293871938639,0.5,0.3333333333333333,-0.37777777777777777,0.2608376916203517,0.3264618450368494,1,2,0.0008166670000000001,124.4653,books-t2004-a=5 | books-t2004-b=5
q030,a novel narrated by an unreliable narrator in a decaying southern town,Tail,StripeLocal,Conceptual,Keyword,idf-correct-probe,0.6357493203779406,0.5,0.3333333333333333,-0.6888888888888889,0.2377552298009027,0.30974814013743457,1,14,0.0036166680000000004,652.5432,books-t2004-a=4 | books-t2004-b=6
q030,a novel narrated by an unreliable narrator in a decaying southern town,Tail,StripeLocal,Conceptual,Keyword,semantic-score,0.8633878661756301,0.8,0.6666666666666666,1,0.678236351204398,0.3314265792524061,0.9,2,0.0008166670000000001,124.4352,books-t2004-a=7 | books-t2004-b=3
q030,a novel narrated by an unreliable narrator in a decaying southern town,Tail,StripeLocal,Conceptual,Keyword,semantic-rerank,0.8633878661756301,0.8,0.6666666666666666,1,0.678236351204398,0.3314265792524061,0.9,4,0.001433334,230.5559,books-t2004-a=7 | books-t2004-b=3
q030,a novel narrated by an unreliable narrator in a decaying southern town,Tail,StripeLocal,Conceptual,Keyword,idf-correct-sidecar,0.6357493203779406,0.5,0.3333333333333333,-0.6888888888888889,0.2377552298009027,0.30974814013743457,1,2,0.0008166670000000001,124.515,books-t2004-a=4 | books-t2004-b=6
q031,Regency romance with a reluctant duke,Tail,StripeLocal,Mixed,Keyword,single-index,1,1,1,1,1,0.9036170842557388,1,1,0.000366667,113.7896,books-oracle2=10
q031,Regency romance with a reluctant duke,Tail,StripeLocal,Mixed,Keyword,naive-score,0.8824429969046298,0.4,0.25,0.4222222222222222,0.5264428584936313,0.8675882903100992,1,2,0.000666667,165.14509999999999,books-t2004-a=5 | books-t2004-b=5
q031,Regency romance with a reluctant duke,Tail,StripeLocal,Mixed,Keyword,interleave,0.9904750591762725,1,1,0.7333333333333333,0.7588607293879285,0.87274506438122,1,2,0.000666667,165.1293,books-t2004-a=5 | books-t2004-b=5
q031,Regency romance with a reluctant duke,Tail,StripeLocal,Mixed,Keyword,quota-merge,0.989860396802619,1,1,0.6888888888888889,0.7512293848680289,0.87274506438122,1,2,0.000666667,165.1262,books-t2004-a=5 | books-t2004-b=5
q031,Regency romance with a reluctant duke,Tail,StripeLocal,Mixed,Keyword,global-rrf,0.989860396802619,1,1,0.6888888888888889,0.7512293848680289,0.87274506438122,1,2,0.000666667,165.136,books-t2004-a=5 | books-t2004-b=5
q031,Regency romance with a reluctant duke,Tail,StripeLocal,Mixed,Keyword,minmax-norm,0.8705716980967857,0.4,0.25,0.37777777777777777,0.49930298569004633,0.8416589167665459,1,2,0.000666667,165.1719,books-t2004-a=5 | books-t2004-b=5
q031,Regency romance with a reluctant duke,Tail,StripeLocal,Mixed,Keyword,zscore-norm,0.8705716980967857,0.4,0.25,0.37777777777777777,0.49930298569004633,0.8416589167665459,1,2,0.000666667,165.1925,books-t2004-a=5 | books-t2004-b=5
q031,Regency romance with a reluctant duke,Tail,StripeLocal,Mixed,Keyword,idf-correct-probe,0.8705716980967857,0.4,0.25,0.37777777777777777,0.49930298569004633,0.8416589167665459,1,10,0.002433334,507.4326,books-t2004-a=5 | books-t2004-b=5
q031,Regency romance with a reluctant duke,Tail,StripeLocal,Mixed,Keyword,semantic-score,1,1,1,1,0.8591367550184259,0.9036170842557388,1,2,0.000666667,165.1581,books-t2004-a=5 | books-t2004-b=5
q031,Regency romance with a reluctant duke,Tail,StripeLocal,Mixed,Keyword,semantic-rerank,1,1,1,1,0.8591367550184259,0.9036170842557388,1,4,0.001466667,257.3215,books-t2004-a=5 | books-t2004-b=5
q031,Regency romance with a reluctant duke,Tail,StripeLocal,Mixed,Keyword,idf-correct-sidecar,0.8824400886412644,0.4,0.25,0.4222222222222222,0.5264428584936313,0.8661776524077947,1,2,0.000666667,165.1818,books-t2004-a=5 | books-t2004-b=5
q032,cookbook,Head,StripeLocal,Lexical,Keyword,single-index,1,1,1,1,1,1,1,1,0.000216667,116.9463,books-oracle2=10
q032,cookbook,Head,StripeLocal,Lexical,Keyword,naive-score,0.5898274770760306,0.3,0.17647058823529413,0.4222222222222222,0.20955932918153888,1,1,2,0.00030000000000000003,93.06400000000001,books-t2004-a=5 | books-t2004-b=5
q032,cookbook,Head,StripeLocal,Lexical,Keyword,interleave,0.9385784137305266,0.9,0.8181818181818182,0.8222222222222222,0.7125575783996368,0.933745776545611,0.9,2,0.00030000000000000003,93.051,books-t2004-a=5 | books-t2004-b=5
q032,cookbook,Head,StripeLocal,Lexical,Keyword,quota-merge,0.9387063874908136,0.9,0.8181818181818182,0.8666666666666667,0.7203067106786486,0.933745776545611,0.9,2,0.00030000000000000003,93.0507,books-t2004-a=5 | books-t2004-b=5
q032,cookbook,Head,StripeLocal,Lexical,Keyword,global-rrf,0.9387063874908136,0.9,0.8181818181818182,0.8666666666666667,0.7203067106786486,0.933745776545611,0.9,2,0.00030000000000000003,93.0564,books-t2004-a=5 | books-t2004-b=5
q032,cookbook,Head,StripeLocal,Lexical,Keyword,minmax-norm,0.5843833555667551,0.3,0.17647058823529413,0.28888888888888886,0.19951415770874603,1,1,2,0.00030000000000000003,93.07770000000001,books-t2004-a=5 | books-t2004-b=5
q032,cookbook,Head,StripeLocal,Lexical,Keyword,zscore-norm,0.5843833555667551,0.3,0.17647058823529413,0.28888888888888886,0.19951415770874603,1,1,2,0.00030000000000000003,93.0735,books-t2004-a=5 | books-t2004-b=5
q032,cookbook,Head,StripeLocal,Lexical,Keyword,idf-correct-probe,0.5897494319092702,0.3,0.17647058823529413,0.37777777777777777,0.20955932918153888,1,1,4,0.0007000000000000001,232.9863,books-t2004-a=5 | books-t2004-b=5
q032,cookbook,Head,StripeLocal,Lexical,Keyword,semantic-score,1,1,1,1,0.8687466326996596,1,1,2,0.00030000000000000003,93.0573,books-t2004-a=4 | books-t2004-b=6
q032,cookbook,Head,StripeLocal,Lexical,Keyword,semantic-rerank,1,1,1,1,0.8687466326996596,1,1,4,0.000866667,206.7133,books-t2004-a=4 | books-t2004-b=6
q032,cookbook,Head,StripeLocal,Lexical,Keyword,idf-correct-sidecar,0.5897494319092702,0.3,0.17647058823529413,0.37777777777777777,0.20955932918153888,1,1,2,0.00030000000000000003,93.0821,books-t2004-a=5 | books-t2004-b=5
q033,travel writing about walking across a country,Tail,StripeLocal,Conceptual,Keyword,single-index,1,1,1,1,1,0.8668697194724753,1,1,0.000416667,113.9545,books-oracle2=10
q033,travel writing about walking across a country,Tail,StripeLocal,Conceptual,Keyword,naive-score,0.6834185556230206,0.5,0.3333333333333333,-0.022222222222222223,0.2629215070562959,0.6889422725611506,0.9,2,0.000766666,134.15220000000002,books-t2004-a=6 | books-t2004-b=4
q033,travel writing about walking across a country,Tail,StripeLocal,Conceptual,Keyword,interleave,0.8703994419188853,0.7,0.5384615384615384,1,0.7154535353241291,0.8324296125377598,0.8,2,0.000766666,134.1357,books-t2004-a=5 | books-t2004-b=5
q033,travel writing about walking across a country,Tail,StripeLocal,Conceptual,Keyword,quota-merge,0.8698611413856737,0.7,0.5384615384615384,0.9047619047619048,0.7154535353241291,0.8215906836334541,0.8,2,0.000766666,134.12920000000003,books-t2004-a=5 | books-t2004-b=5
q033,travel writing about walking across a country,Tail,StripeLocal,Conceptual,Keyword,global-rrf,0.8698611413856737,0.7,0.5384615384615384,0.9047619047619048,0.7154535353241291,0.8215906836334541,0.8,2,0.000766666,134.14520000000002,books-t2004-a=5 | books-t2004-b=5
q033,travel writing about walking across a country,Tail,StripeLocal,Conceptual,Keyword,minmax-norm,0.5561676893778474,0.3,0.17647058823529413,0.15555555555555556,0.22587152110538858,0.3816881696534115,0.7,2,0.000766666,134.1739,books-t2004-a=4 | books-t2004-b=6
q033,travel writing about walking across a country,Tail,StripeLocal,Conceptual,Keyword,zscore-norm,0.5749145238082025,0.3,0.17647058823529413,0.2,0.21597903746848188,0.5090683254532395,0.7,2,0.000766666,134.16670000000002,books-t2004-a=4 | books-t2004-b=6
q033,travel writing about walking across a country,Tail,StripeLocal,Conceptual,Keyword,idf-correct-probe,0.6532161514109452,0.5,0.3333333333333333,0.022222222222222223,0.26452166504456903,0.6889422725611506,0.9,10,0.0026000000000000003,488.15180000000004,books-t2004-a=8 | books-t2004-b=2
q033,travel writing about walking across a country,Tail,StripeLocal,Conceptual,Keyword,semantic-score,0.9145149015835486,0.8,0.6666666666666666,1,0.7581113286327534,0.8598025463048315,0.9,2,0.000766666,134.14350000000002,books-t2004-a=6 | books-t2004-b=4
q033,travel writing about walking across a country,Tail,StripeLocal,Conceptual,Keyword,semantic-rerank,0.9145149015835486,0.8,0.6666666666666666,1,0.7581113286327534,0.8598025463048315,0.9,4,0.001566666,240.3861,books-t2004-a=6 | books-t2004-b=4
q033,travel writing about walking across a country,Tail,StripeLocal,Conceptual,Keyword,idf-correct-sidecar,0.6352671765780591,0.4,0.25,0.28888888888888886,0.2413648428984084,0.6889422725611506,0.9,2,0.000766666,134.1928,books-t2004-a=7 | books-t2004-b=3
q034,startup founder building a company from nothing,Torso,StripeLocal,Conceptual,Keyword,single-index,1,1,1,1,1,0.8809750481083818,1,1,0.00075,140.9083,books-oracle2=10
q034,startup founder building a company from nothing,Torso,StripeLocal,Conceptual,Keyword,naive-score,0.7579415059319633,0.6,0.42857142857142855,0.022222222222222223,0.373644068926569,0.8128236231221232,1,2,0.000666666,158.8258,books-t2004-a=4 | books-t2004-b=6
q034,startup founder building a company from nothing,Torso,StripeLocal,Conceptual,Keyword,interleave,0.8356237708331152,0.7,0.5384615384615384,0.4444444444444444,0.5150432238780029,0.7210739571648866,0.7,2,0.000666666,158.8108,books-t2004-a=5 | books-t2004-b=5
q034,startup founder building a company from nothing,Torso,StripeLocal,Conceptual,Keyword,quota-merge,0.8489433139568708,0.7,0.5384615384615384,0.5555555555555556,0.5630044193840295,0.7230329238307068,0.7,2,0.000666666,158.8014,books-t2004-a=5 | books-t2004-b=5
q034,startup founder building a company from nothing,Torso,StripeLocal,Conceptual,Keyword,global-rrf,0.8489433139568708,0.7,0.5384615384615384,0.5555555555555556,0.5630044193840295,0.7230329238307068,0.7,2,0.000666666,158.8181,books-t2004-a=5 | books-t2004-b=5
q034,startup founder building a company from nothing,Torso,StripeLocal,Conceptual,Keyword,minmax-norm,0.7651944051289274,0.6,0.42857142857142855,0.2,0.373644068926569,0.8311874307822867,1,2,0.000666666,158.84519999999998,books-t2004-a=4 | books-t2004-b=6
q034,startup founder building a company from nothing,Torso,StripeLocal,Conceptual,Keyword,zscore-norm,0.7534478216291507,0.6,0.42857142857142855,-0.1111111111111111,0.3600030405972487,0.8090341723273383,1,2,0.000666666,158.8406,books-t2004-a=4 | books-t2004-b=6
q034,startup founder building a company from nothing,Torso,StripeLocal,Conceptual,Keyword,idf-correct-probe,0.7588572546045285,0.6,0.42857142857142855,0.06666666666666667,0.373644068926569,0.8210909774603486,1,12,0.0027166670000000007,595.8724,books-t2004-a=4 | books-t2004-b=6
q034,startup founder building a company from nothing,Torso,StripeLocal,Conceptual,Keyword,semantic-score,0.9665082878897354,0.9,0.8181818181818182,1,0.8347983758522218,0.8809750481083818,1,2,0.000666666,158.8164,books-t2004-a=2 | books-t2004-b=8
q034,startup founder building a company from nothing,Torso,StripeLocal,Conceptual,Keyword,semantic-rerank,0.9665082878897354,0.9,0.8181818181818182,1,0.8347983758522218,0.8809750481083818,1,4,0.001433332,253.3109,books-t2004-a=2 | books-t2004-b=8
q034,startup founder building a company from nothing,Torso,StripeLocal,Conceptual,Keyword,idf-correct-sidecar,0.7588572546045285,0.6,0.42857142857142855,0.06666666666666667,0.373644068926569,0.8210909774603486,1,2,0.000666666,158.88739999999999,books-t2004-a=4 | books-t2004-b=6
q035,a marriage falling apart told from both perspectives,Tail,StripeLocal,Conceptual,Keyword,single-index,1,1,1,1,1,0.22738717273230416,1,1,0.0008,115.2629,books-oracle2=10
q035,a marriage falling apart told from both perspectives,Tail,StripeLocal,Conceptual,Keyword,naive-score,0.5352775907156695,0.2,0.1111111111111111,-0.1111111111111111,0.1986949187903981,0.1613817985593553,1,2,0.000733334,121.39779999999999,books-t2004-a=4 | books-t2004-b=6
q035,a marriage falling apart told from both perspectives,Tail,StripeLocal,Conceptual,Keyword,interleave,0.755816735109299,0.6,0.42857142857142855,0.7333333333333333,0.5724031777711887,0.20738729693436686,0.8,2,0.000733334,121.38199999999999,books-t2004-a=5 | books-t2004-b=5
q035,a marriage falling apart told from both perspectives,Tail,StripeLocal,Conceptual,Keyword,quota-merge,0.6078868618407193,0.6,0.42857142857142855,0.7333333333333333,0.4718851303505038,0.18405730048059504,0.8,2,0.000733334,121.3737,books-t2004-a=5 | books-t2004-b=5
q035,a marriage falling apart told from both perspectives,Tail,StripeLocal,Conceptual,Keyword,global-rrf,0.6078868618407193,0.6,0.42857142857142855,0.7333333333333333,0.4718851303505038,0.18405730048059504,0.8,2,0.000733334,121.39,books-t2004-a=5 | books-t2004-b=5
q035,a marriage falling apart told from both perspectives,Tail,StripeLocal,Conceptual,Keyword,minmax-norm,0.5019405673856864,0.2,0.1111111111111111,-0.3333333333333333,0.12534542297740772,0.15404760685834373,1,2,0.000733334,121.4181,books-t2004-a=4 | books-t2004-b=6
q035,a marriage falling apart told from both perspectives,Tail,StripeLocal,Conceptual,Keyword,zscore-norm,0.5162954154488404,0.2,0.1111111111111111,-0.15555555555555556,0.17756472979623406,0.16046932802389535,1,2,0.000733334,121.4122,books-t2004-a=4 | books-t2004-b=6
q035,a marriage falling apart told from both perspectives,Tail,StripeLocal,Conceptual,Keyword,idf-correct-probe,0.5042816736714048,0.2,0.1111111111111111,-0.28888888888888886,0.13523790661431442,0.15404760685834373,1,12,0.003166668,573.9148,books-t2004-a=4 | books-t2004-b=6
q035,a marriage falling apart told from both perspectives,Tail,StripeLocal,Conceptual,Keyword,semantic-score,0.6623311988347749,0.4,0.25,1,0.4770657462825955,0.20943983904507552,0.8,2,0.000733334,121.39529999999999,books-t2004-a=8 | books-t2004-b=2
q035,a marriage falling apart told from both perspectives,Tail,StripeLocal,Conceptual,Keyword,semantic-rerank,0.6623311988347749,0.4,0.25,1,0.4770657462825955,0.20943983904507552,0.8,4,0.0015,235.6795,books-t2004-a=8 | books-t2004-b=2
q035,a marriage falling apart told from both perspectives,Tail,StripeLocal,Conceptual,Keyword,idf-correct-sidecar,0.5042816736714048,0.2,0.1111111111111111,-0.28888888888888886,0.13523790661431442,0.15404760685834373,1,2,0.000733334,121.4358,books-t2004-a=4 | books-t2004-b=6
q036,essays on race in America,Torso,StripeLocal,Mixed,Keyword,single-index,1,1,1,1,1,0.7459020150710894,1,1,0.00035,145.685,books-oracle2=10
q036,essays on race in America,Torso,StripeLocal,Mixed,Keyword,naive-score,0.5351568090996088,0.4,0.25,-0.022222222222222223,0.1831636963091969,0.20497290476158458,0.7,2,0.000633334,123.89460000000001,books-t2004-a=6 | books-t2004-b=4
q036,essays on race in America,Torso,StripeLocal,Mixed,Keyword,interleave,0.7653889301262642,0.5,0.3333333333333333,0.6,0.5612547767875263,0.7526809013711203,1,2,0.000633334,123.88180000000001,books-t2004-a=5 | books-t2004-b=5
q036,essays on race in America,Torso,StripeLocal,Mixed,Keyword,quota-merge,0.672256695520998,0.5,0.3333333333333333,0.4,0.4399154066643996,0.6897942151037075,1,2,0.000633334,123.87280000000001,books-t2004-a=5 | books-t2004-b=5
q036,essays on race in America,Torso,StripeLocal,Mixed,Keyword,global-rrf,0.672256695520998,0.5,0.3333333333333333,0.4,0.4399154066643996,0.6897942151037075,1,2,0.000633334,123.8892,books-t2004-a=5 | books-t2004-b=5
q036,essays on race in America,Torso,StripeLocal,Mixed,Keyword,minmax-norm,0.523164117679561,0.4,0.25,-0.2,0.17553235178929744,0.15465972700729388,0.7,2,0.000633334,123.91460000000001,books-t2004-a=5 | books-t2004-b=5
q036,essays on race in America,Torso,StripeLocal,Mixed,Keyword,zscore-norm,0.5015845538315628,0.4,0.25,-0.28888888888888886,0.1695226679798766,0.13971070793056095,0.7,2,0.000633334,123.9114,books-t2004-a=5 | books-t2004-b=5
q036,essays on race in America,Torso,StripeLocal,Mixed,Keyword,idf-correct-probe,0.5364257485805123,0.4,0.25,0.022222222222222223,0.18797144335673358,0.20779659746593934,0.7,8,0.0018666680000000001,386.9919,books-t2004-a=6 | books-t2004-b=4
q036,essays on race in America,Torso,StripeLocal,Mixed,Keyword,semantic-score,0.7949054935794343,0.5,0.3333333333333333,1,0.6750296468922882,0.7943981130160442,1,2,0.000633334,123.88950000000001,books-t2004-a=5 | books-t2004-b=5
q036,essays on race in America,Torso,StripeLocal,Mixed,Keyword,semantic-rerank,0.7949054935794343,0.5,0.3333333333333333,1,0.6750296468922882,0.7943981130160442,1,4,0.001200001,225.9231,books-t2004-a=5 | books-t2004-b=5
q036,essays on race in America,Torso,StripeLocal,Mixed,Keyword,idf-correct-sidecar,0.5364257485805123,0.4,0.25,0.022222222222222223,0.18797144335673358,0.20779659746593934,0.7,2,0.000633334,123.93860000000001,books-t2004-a=6 | books-t2004-b=4
q037,spiritual awakening and mindfulness practice,Torso,StripeLocal,Conceptual,Keyword,single-index,1,1,1,1,1,0.9094804842465699,1,1,0.00035,138.3041,books-oracle2=10
q037,spiritual awakening and mindfulness practice,Torso,StripeLocal,Conceptual,Keyword,naive-score,0.7545940146363386,0.5,0.3333333333333333,0.28888888888888886,0.3468278236185421,1,1,2,0.000983333,121.3943,books-t2004-a=9 | books-t2004-b=1
q037,spiritual awakening and mindfulness practice,Torso,StripeLocal,Conceptual,Keyword,interleave,0.9343272387847983,0.7,0.5384615384615384,0.5555555555555556,0.5984871195200079,0.834481757223845,0.9,2,0.000983333,121.3755,books-t2004-a=5 | books-t2004-b=5
q037,spiritual awakening and mindfulness practice,Torso,StripeLocal,Conceptual,Keyword,quota-merge,0.8261731458005054,0.7,0.5384615384615384,0.37777777777777777,0.4723400023493445,0.8327963142970238,0.9,2,0.000983333,121.3671,books-t2004-a=5 | books-t2004-b=5
q037,spiritual awakening and mindfulness practice,Torso,StripeLocal,Conceptual,Keyword,global-rrf,0.8261731458005054,0.7,0.5384615384615384,0.37777777777777777,0.4723400023493445,0.8327963142970238,0.9,2,0.000983333,121.3834,books-t2004-a=5 | books-t2004-b=5
q037,spiritual awakening and mindfulness practice,Torso,StripeLocal,Conceptual,Keyword,minmax-norm,0.6362826170494689,0.6,0.42857142857142855,-0.06666666666666667,0.2845090411775897,0.7966939494140616,0.8,2,0.000983333,121.411,books-t2004-a=5 | books-t2004-b=5
q037,spiritual awakening and mindfulness practice,Torso,StripeLocal,Conceptual,Keyword,zscore-norm,0.6362826170494689,0.6,0.42857142857142855,-0.06666666666666667,0.2845090411775897,0.7966939494140616,0.8,2,0.000983333,121.4066,books-t2004-a=5 | books-t2004-b=5
q037,spiritual awakening and mindfulness practice,Torso,StripeLocal,Conceptual,Keyword,idf-correct-probe,0.7576185163231081,0.5,0.3333333333333333,0.3333333333333333,0.3528375074279629,1,1,10,0.0028333340000000003,471.5557,books-t2004-a=9 | books-t2004-b=1
q037,spiritual awakening and mindfulness practice,Torso,StripeLocal,Conceptual,Keyword,semantic-score,0.9650645928231532,0.9,0.8181818181818182,1,0.8299906288046852,0.8795809969058676,0.9,2,0.000983333,121.3813,books-t2004-a=9 | books-t2004-b=1
q037,spiritual awakening and mindfulness practice,Torso,StripeLocal,Conceptual,Keyword,semantic-rerank,0.9650645928231532,0.9,0.8181818181818182,1,0.8299906288046852,0.8795809969058676,0.9,4,0.001566666,225.49869999999999,books-t2004-a=9 | books-t2004-b=1
q037,spiritual awakening and mindfulness practice,Torso,StripeLocal,Conceptual,Keyword,idf-correct-sidecar,0.7576185163231081,0.5,0.3333333333333333,0.3333333333333333,0.3528375074279629,1,1,2,0.000983333,121.4229,books-t2004-a=9 | books-t2004-b=1
q038,immigrant family adjusting to a new country,Torso,StripeLocal,Conceptual,Keyword,single-index,1,1,1,1,1,0.4885673694144746,1,1,0.000416667,113.424,books-oracle2=10
q038,immigrant family adjusting to a new country,Torso,StripeLocal,Conceptual,Keyword,naive-score,0.56204117894396,0.5,0.3333333333333333,0.37777777777777777,0.32433101749719845,0.4354840235574088,1,2,0.001166666,146.7889,books-t2004-a=5 | books-t2004-b=5
q038,immigrant family adjusting to a new country,Torso,StripeLocal,Conceptual,Keyword,interleave,0.87109336222693,0.7,0.5384615384615384,0.9047619047619048,0.6885398281272408,0.46492907158328756,0.8,2,0.001166666,146.7743,books-t2004-a=5 | books-t2004-b=5
q038,immigrant family adjusting to a new country,Torso,StripeLocal,Conceptual,Keyword,quota-merge,0.87109336222693,0.7,0.5384615384615384,0.9047619047619048,0.6885398281272408,0.46492907158328756,0.8,2,0.001166666,146.7646,books-t2004-a=5 | books-t2004-b=5
q038,immigrant family adjusting to a new country,Torso,StripeLocal,Conceptual,Keyword,global-rrf,0.87109336222693,0.7,0.5384615384615384,0.9047619047619048,0.6885398281272408,0.46492907158328756,0.8,2,0.001166666,146.78060000000002,books-t2004-a=5 | books-t2004-b=5
q038,immigrant family adjusting to a new country,Torso,StripeLocal,Conceptual,Keyword,minmax-norm,0.563162549196566,0.5,0.3333333333333333,0.3333333333333333,0.3128168731498131,0.4423101602582529,1,2,0.001166666,146.81050000000002,books-t2004-a=5 | books-t2004-b=5
q038,immigrant family adjusting to a new country,Torso,StripeLocal,Conceptual,Keyword,zscore-norm,0.563162549196566,0.5,0.3333333333333333,0.3333333333333333,0.3128168731498131,0.4423101602582529,1,2,0.001166666,146.8017,books-t2004-a=5 | books-t2004-b=5
q038,immigrant family adjusting to a new country,Torso,StripeLocal,Conceptual,Keyword,idf-correct-probe,0.5612724352660319,0.5,0.3333333333333333,0.37777777777777777,0.32044821766971254,0.437641600791401,1,8,0.0024000000000000002,403.755,books-t2004-a=5 | books-t2004-b=5
q038,immigrant family adjusting to a new country,Torso,StripeLocal,Conceptual,Keyword,semantic-score,0.8827162505610641,0.7,0.5384615384615384,1,0.7469629276490913,0.4716739202462332,0.9,2,0.001166666,146.7811,books-t2004-a=6 | books-t2004-b=4
q038,immigrant family adjusting to a new country,Torso,StripeLocal,Conceptual,Keyword,semantic-rerank,0.8827162505610641,0.7,0.5384615384615384,1,0.7469629276490913,0.4716739202462332,0.9,4,0.001949999,240.25940000000003,books-t2004-a=6 | books-t2004-b=4
q038,immigrant family adjusting to a new country,Torso,StripeLocal,Conceptual,Keyword,idf-correct-sidecar,0.5639772199406191,0.5,0.3333333333333333,0.4222222222222222,0.32044821766971254,0.439821246331328,1,2,0.001166666,146.8553,books-t2004-a=5 | books-t2004-b=5
q039,art history and the Renaissance painters,Torso,StripeLocal,Mixed,Keyword,single-index,1,1,1,1,1,0.767504899304029,1,1,0.00075,114.5914,books-oracle2=10
q039,art history and the Renaissance painters,Torso,StripeLocal,Mixed,Keyword,naive-score,0.7856305798126635,0.7,0.5384615384615384,0.06666666666666667,0.41703421308609356,0.6469032090397911,1,2,0.0007,139.2803,books-t2004-a=8 | books-t2004-b=2
q039,art history and the Renaissance painters,Torso,StripeLocal,Mixed,Keyword,interleave,0.9077172345171556,0.7,0.5384615384615384,0.5555555555555556,0.6038626755240123,0.6806249813179914,0.8,2,0.0007,139.2649,books-t2004-a=5 | books-t2004-b=5
q039,art history and the Renaissance painters,Torso,StripeLocal,Mixed,Keyword,quota-merge,0.8989517085508738,0.7,0.5384615384615384,0.5,0.5767228027204273,0.6733178574396134,0.8,2,0.0007,139.2558,books-t2004-a=5 | books-t2004-b=5
q039,art history and the Renaissance painters,Torso,StripeLocal,Mixed,Keyword,global-rrf,0.8989517085508738,0.7,0.5384615384615384,0.5,0.5767228027204273,0.6733178574396134,0.8,2,0.0007,139.2729,books-t2004-a=5 | books-t2004-b=5
q039,art history and the Renaissance painters,Torso,StripeLocal,Mixed,Keyword,minmax-norm,0.7809100825269761,0.7,0.5384615384615384,0.1111111111111111,0.41703421308609356,0.6164339704087538,1,2,0.0007,139.3047,books-t2004-a=7 | books-t2004-b=3
q039,art history and the Renaissance painters,Torso,StripeLocal,Mixed,Keyword,zscore-norm,0.7429163025079667,0.7,0.5384615384615384,0.022222222222222223,0.3999614350760655,0.5700069267963664,1,2,0.0007,139.29670000000002,books-t2004-a=7 | books-t2004-b=3
q039,art history and the Renaissance painters,Torso,StripeLocal,Mixed,Keyword,idf-correct-probe,0.7857402794117861,0.7,0.5384615384615384,0.1111111111111111,0.41703421308609356,0.6481644126414565,1,8,0.001933334,427.8612,books-t2004-a=8 | books-t2004-b=2
q039,art history and the Renaissance painters,Torso,StripeLocal,Mixed,Keyword,semantic-score,0.9301865688180985,0.8,0.6666666666666666,1,0.8056522496384804,0.8151005626530831,1,2,0.0007,139.2726,books-t2004-a=8 | books-t2004-b=2
q039,art history and the Renaissance painters,Torso,StripeLocal,Mixed,Keyword,semantic-rerank,0.9301865688180985,0.8,0.6666666666666666,1,0.8056522496384804,0.8151005626530831,1,4,0.0015,242.8271,books-t2004-a=8 | books-t2004-b=2
q039,art history and the Renaissance painters,Torso,StripeLocal,Mixed,Keyword,idf-correct-sidecar,0.7857402794117861,0.7,0.5384615384615384,0.1111111111111111,0.41703421308609356,0.6481644126414565,1,2,0.0007,139.3129,books-t2004-a=8 | books-t2004-b=2
q040,investing personal finance wealth,Torso,StripeLocal,Lexical,Keyword,single-index,1,1,1,1,1,0.9155260051911699,1,1,0.000366667,136.049,books-oracle2=10
q040,investing personal finance wealth,Torso,StripeLocal,Lexical,Keyword,naive-score,0.9211468982415166,0.6,0.42857142857142855,0.6444444444444445,0.6394862397085409,0.7989194116342885,1,2,0.000666666,226.26819999999998,books-t2004-a=5 | books-t2004-b=5
q040,investing personal finance wealth,Torso,StripeLocal,Lexical,Keyword,interleave,0.9693098918325215,0.7,0.5384615384615384,0.7333333333333333,0.6999845614945404,0.8227019562154958,0.9,2,0.000666666,226.2517,books-t2004-a=5 | books-t2004-b=5
q040,investing personal finance wealth,Torso,StripeLocal,Lexical,Keyword,quota-merge,0.8877114975074903,0.7,0.5384615384615384,0.6444444444444445,0.5723266412702703,0.8139833740557877,0.9,2,0.000666666,226.239,books-t2004-a=5 | books-t2004-b=5
q040,investing personal finance wealth,Torso,StripeLocal,Lexical,Keyword,global-rrf,0.8877114975074903,0.7,0.5384615384615384,0.6444444444444445,0.5723266412702703,0.8139833740557877,0.9,2,0.000666666,226.255,books-t2004-a=5 | books-t2004-b=5
q040,investing personal finance wealth,Torso,StripeLocal,Lexical,Keyword,minmax-norm,0.825910709019184,0.6,0.42857142857142855,0.6,0.5389681922878561,0.752502655963131,1,2,0.000666666,226.2832,books-t2004-a=5 | books-t2004-b=5
q040,investing personal finance wealth,Torso,StripeLocal,Lexical,Keyword,zscore-norm,0.9211468982415166,0.6,0.42857142857142855,0.6444444444444445,0.6394862397085409,0.7989194116342885,1,2,0.000666666,226.2754,books-t2004-a=5 | books-t2004-b=5
q040,investing personal finance wealth,Torso,StripeLocal,Lexical,Keyword,idf-correct-probe,0.9323153618414759,0.7,0.5384615384615384,0.6,0.6532041894744128,0.8611375561264454,1,8,0.0019000000000000002,488.04789999999997,books-t2004-a=6 | books-t2004-b=4
q040,investing personal finance wealth,Torso,StripeLocal,Lexical,Keyword,semantic-score,1,1,1,1,0.8591367550184259,0.9155260051911699,1,2,0.000666666,226.26139999999998,books-t2004-a=8 | books-t2004-b=2
q040,investing personal finance wealth,Torso,StripeLocal,Lexical,Keyword,semantic-rerank,1,1,1,1,0.8591367550184259,0.9155260051911699,1,4,0.001066666,333.84569999999997,books-t2004-a=8 | books-t2004-b=2
q040,investing personal finance wealth,Torso,StripeLocal,Lexical,Keyword,idf-correct-sidecar,0.9226601711884305,0.6,0.42857142857142855,0.7333333333333333,0.6394862397085409,0.8066054519559154,1,2,0.000666666,226.2953,books-t2004-a=5 | books-t2004-b=5
q041,love,Head,CrossStripe,Lexical,Keyword,single-index,1,1,1,1,1,0.9636452638863133,1,1,0.000383333,112.6728,books-oracle2=10
q041,love,Head,CrossStripe,Lexical,Keyword,naive-score,0.7818738517095487,0.3,0.17647058823529413,0.24444444444444444,0.4131923070188085,0.7909506325094736,0.7,2,0.000716667,123.0949,books-t2004-a=9 | books-t2004-b=1
q041,love,Head,CrossStripe,Lexical,Keyword,interleave,0.8845793471219979,0.8,0.6666666666666666,0.7857142857142857,0.6904498277168429,1,1,2,0.000716667,123.0807,books-t2004-a=5 | books-t2004-b=5
q041,love,Head,CrossStripe,Lexical,Keyword,quota-merge,0.893281244765991,0.8,0.6666666666666666,0.7142857142857143,0.6772598495343006,1,1,2,0.000716667,123.0705,books-t2004-a=5 | books-t2004-b=5
q041,love,Head,CrossStripe,Lexical,Keyword,global-rrf,0.893281244765991,0.8,0.6666666666666666,0.7142857142857143,0.6772598495343006,1,1,2,0.000716667,123.0884,books-t2004-a=5 | books-t2004-b=5
q041,love,Head,CrossStripe,Lexical,Keyword,minmax-norm,0.8180893187636026,0.5,0.3333333333333333,0.06666666666666667,0.4518476945884632,1,1,2,0.000716667,123.11449999999999,books-t2004-a=6 | books-t2004-b=4
q041,love,Head,CrossStripe,Lexical,Keyword,zscore-norm,0.7142510290107625,0.5,0.3333333333333333,0.15555555555555556,0.3507905217798733,1,1,2,0.000716667,123.1099,books-t2004-a=5 | books-t2004-b=5
q041,love,Head,CrossStripe,Lexical,Keyword,idf-correct-probe,0.5717924261631687,0.5,0.3333333333333333,0.2,0.222601099794683,0.8643145546088337,0.8,4,0.001150001,213.1162,books-t2004-b=10
q041,love,Head,CrossStripe,Lexical,Keyword,semantic-score,0.8534169580579314,0.7,0.5384615384615384,0.9047619047619048,0.6806823180006447,0.9363792118010483,0.9,2,0.000716667,123.0924,books-t2004-a=7 | books-t2004-b=3
q041,love,Head,CrossStripe,Lexical,Keyword,semantic-rerank,0.8534169580579314,0.7,0.5384615384615384,0.9047619047619048,0.6806823180006447,0.9363792118010483,0.9,4,0.0013,224.5278,books-t2004-a=7 | books-t2004-b=3
q041,love,Head,CrossStripe,Lexical,Keyword,idf-correct-sidecar,0.5717924261631687,0.5,0.3333333333333333,0.2,0.222601099794683,0.8643145546088337,0.8,2,0.000716667,123.1154,books-t2004-b=10
q042,war,Head,CrossStripe,Lexical,Keyword,single-index,1,1,1,1,1,0.9206500320722545,1,1,0.00035,115.9157,books-oracle2=10
q042,war,Head,CrossStripe,Lexical,Keyword,naive-score,0.6235977472763726,0.5,0.3333333333333333,-0.1111111111111111,0.28216178821769156,1,1,2,0.000666666,120.5625,books-t2004-a=5 | books-t2004-b=5
q042,war,Head,CrossStripe,Lexical,Keyword,interleave,0.9132568826016477,0.7,0.5384615384615384,0.9285714285714286,0.7459013924755947,0.7728205411568019,0.8,2,0.000666666,120.548,books-t2004-a=5 | books-t2004-b=5
q042,war,Head,CrossStripe,Lexical,Keyword,quota-merge,0.9098103728350653,0.7,0.5384615384615384,0.7857142857142857,0.7139537726244731,0.7728205411568019,0.8,2,0.000666666,120.5395,books-t2004-a=5 | books-t2004-b=5
q042,war,Head,CrossStripe,Lexical,Keyword,global-rrf,0.9098103728350653,0.7,0.5384615384615384,0.7857142857142857,0.7139537726244731,0.7728205411568019,0.8,2,0.000666666,120.5561,books-t2004-a=5 | books-t2004-b=5
q042,war,Head,CrossStripe,Lexical,Keyword,minmax-norm,0.572158386044703,0.5,0.3333333333333333,-0.24444444444444444,0.25065239589272953,0.9636452638863133,1,2,0.000666666,120.5802,books-t2004-a=4 | books-t2004-b=6
q042,war,Head,CrossStripe,Lexical,Keyword,zscore-norm,0.6396828912842399,0.5,0.3333333333333333,0.022222222222222223,0.3141094080688131,1,1,2,0.000666666,120.5743,books-t2004-a=5 | books-t2004-b=5
q042,war,Head,CrossStripe,Lexical,Keyword,idf-correct-probe,0.645962035906359,0.5,0.3333333333333333,0.06666666666666667,0.32901409984730967,1,1,2,0.000666666,120.581,books-t2004-a=6 | books-t2004-b=4
q042,war,Head,CrossStripe,Lexical,Keyword,semantic-score,0.9650645928231532,0.9,0.8181818181818182,1,0.8299906288046852,0.8543958086178655,0.9,2,0.000666666,120.5501,books-t2004-a=7 | books-t2004-b=3
q042,war,Head,CrossStripe,Lexical,Keyword,semantic-rerank,0.9650645928231532,0.9,0.8181818181818182,1,0.8299906288046852,0.8543958086178655,0.9,4,0.001433332,210.95,books-t2004-a=7 | books-t2004-b=3
q042,war,Head,CrossStripe,Lexical,Keyword,idf-correct-sidecar,0.645962035906359,0.5,0.3333333333333333,0.06666666666666667,0.32901409984730967,1,1,2,0.000666666,120.5795,books-t2004-a=6 | books-t2004-b=4
q043,family,Head,CrossStripe,Lexical,Keyword,single-index,1,1,1,1,1,0.9458352203602566,1,1,0.000383333,112.7592,books-oracle2=10
q043,family,Head,CrossStripe,Lexical,Keyword,naive-score,0.6209611538452352,0.3,0.17647058823529413,0.4222222222222222,0.29571353496255093,0.9603250160361273,1,2,0.000716667,125.9339,books-t2004-a=5 | books-t2004-b=5
q043,family,Head,CrossStripe,Lexical,Keyword,interleave,0.5421534517942328,0.6,0.42857142857142855,0.8666666666666667,0.3860004691127272,0.45934056961171005,0.6,2,0.000716667,125.9214,books-t2004-a=5 | books-t2004-b=5
q043,family,Head,CrossStripe,Lexical,Keyword,quota-merge,0.5393828147060518,0.6,0.42857142857142855,0.8666666666666667,0.37836912459282773,0.45540786944912726,0.6,2,0.000716667,125.9118,books-t2004-a=5 | books-t2004-b=5
q043,family,Head,CrossStripe,Lexical,Keyword,global-rrf,0.5393828147060518,0.6,0.42857142857142855,0.8666666666666667,0.37836912459282773,0.45540786944912726,0.6,2,0.000716667,125.9279,books-t2004-a=5 | books-t2004-b=5
q043,family,Head,CrossStripe,Lexical,Keyword,minmax-norm,0.622251076741243,0.3,0.17647058823529413,0.4666666666666667,0.29571353496255093,0.9603250160361273,1,2,0.000716667,125.964,books-t2004-a=5 | books-t2004-b=5
q043,family,Head,CrossStripe,Lexical,Keyword,zscore-norm,0.6110816651498981,0.3,0.17647058823529413,0.4666666666666667,0.28386600670018547,0.9202182025407148,1,2,0.000716667,125.9471,books-t2004-a=4 | books-t2004-b=6
q043,family,Head,CrossStripe,Lexical,Keyword,idf-correct-probe,0.6158297721616648,0.2,0.1111111111111111,0.1111111111111111,0.2408704810482679,0.7001318468390273,0.7,2,0.000716667,125.9534,books-t2004-b=10
q043,family,Head,CrossStripe,Lexical,Keyword,semantic-score,0.5927132934490298,0.6,0.42857142857142855,1,0.423602245932136,0.5516994176085623,0.7,2,0.000716667,125.9248,books-t2004-a=6 | books-t2004-b=4
q043,family,Head,CrossStripe,Lexical,Keyword,semantic-rerank,0.5927132934490298,0.6,0.42857142857142855,1,0.423602245932136,0.5516994176085623,0.7,4,0.001483333,240.2792,books-t2004-a=6 | books-t2004-b=4
q043,family,Head,CrossStripe,Lexical,Keyword,idf-correct-sidecar,0.6158297721616648,0.2,0.1111111111111111,0.1111111111111111,0.2408704810482679,0.7001318468390273,0.7,2,0.000716667,125.9567,books-t2004-b=10
q044,death,Head,CrossStripe,Lexical,Keyword,single-index,1,1,1,1,1,0.9552009891550426,1,1,0.000333333,114.0846,books-oracle2=10
q044,death,Head,CrossStripe,Lexical,Keyword,naive-score,0.47661643388264624,0.3,0.17647058823529413,0.022222222222222223,0.15681598132306554,0.6201723740273707,0.8,2,0.000633334,123.1883,books-t2004-a=2 | books-t2004-b=8
q044,death,Head,CrossStripe,Lexical,Keyword,interleave,0.5283072833692584,0.6,0.42857142857142855,0.6,0.3860004691127272,0.557325924175602,0.8,2,0.000633334,123.1524,books-t2004-a=5 | books-t2004-b=5
q044,death,Head,CrossStripe,Lexical,Keyword,quota-merge,0.5283072833692584,0.6,0.42857142857142855,0.6,0.3860004691127272,0.557325924175602,0.8,2,0.000633334,123.1421,books-t2004-a=5 | books-t2004-b=5
q044,death,Head,CrossStripe,Lexical,Keyword,global-rrf,0.5283072833692584,0.6,0.42857142857142855,0.6,0.3860004691127272,0.557325924175602,0.8,2,0.000633334,123.16000000000001,books-t2004-a=5 | books-t2004-b=5
q044,death,Head,CrossStripe,Lexical,Keyword,minmax-norm,0.45772930518502325,0.3,0.17647058823529413,-0.15555555555555556,0.14296931366280083,0.6969352568152978,0.8,2,0.000633334,123.1842,books-t2004-a=4 | books-t2004-b=6
q044,death,Head,CrossStripe,Lexical,Keyword,zscore-norm,0.45927144709366113,0.3,0.17647058823529413,-0.1111111111111111,0.14296931366280083,0.7024468263741147,0.8,2,0.000633334,123.17880000000001,books-t2004-a=4 | books-t2004-b=6
q044,death,Head,CrossStripe,Lexical,Keyword,idf-correct-probe,0.47661643388264624,0.3,0.17647058823529413,0.022222222222222223,0.15681598132306554,0.6201723740273707,0.8,4,0.0010333340000000001,210.1619,books-t2004-a=2 | books-t2004-b=8
q044,death,Head,CrossStripe,Lexical,Keyword,semantic-score,0.6150784640326484,0.6,0.42857142857142855,1,0.4591690492412342,0.5799274416564647,0.8,2,0.000633334,123.1579,books-t2004-a=7 | books-t2004-b=3
q044,death,Head,CrossStripe,Lexical,Keyword,semantic-rerank,0.6150784640326484,0.6,0.42857142857142855,1,0.4591690492412342,0.5799274416564647,0.8,4,0.0013666680000000001,237.3246,books-t2004-a=7 | books-t2004-b=3
q044,death,Head,CrossStripe,Lexical,Keyword,idf-correct-sidecar,0.47661643388264624,0.3,0.17647058823529413,0.022222222222222223,0.15681598132306554,0.6201723740273707,0.8,2,0.000633334,123.19720000000001,books-t2004-a=2 | books-t2004-b=8
q045,friendship,Head,CrossStripe,Lexical,Keyword,single-index,1,1,1,1,1,0.9065477790741163,1,1,0.00035,142.6225,books-oracle2=10
q045,friendship,Head,CrossStripe,Lexical,Keyword,naive-score,0.5513176324692463,0.3,0.17647058823529413,0.14285714285714285,0.2545858328508693,0.6870164866256246,0.8,2,0.00065,120.51050000000001,books-t2004-a=8 | books-t2004-b=2
q045,friendship,Head,CrossStripe,Lexical,Keyword,interleave,0.42968723798919195,0.4,0.25,0,0.3140671883559246,0.7038785136243603,0.9,2,0.00065,120.49080000000001,books-t2004-a=5 | books-t2004-b=5
q045,friendship,Head,CrossStripe,Lexical,Keyword,quota-merge,0.4321470092285441,0.4,0.25,0.3333333333333333,0.3140671883559246,0.7813557586671602,0.9,2,0.00065,120.4792,books-t2004-a=5 | books-t2004-b=5
q045,friendship,Head,CrossStripe,Lexical,Keyword,global-rrf,0.4321470092285441,0.4,0.25,0.3333333333333333,0.3140671883559246,0.7813557586671602,0.9,2,0.00065,120.49910000000001,books-t2004-a=5 | books-t2004-b=5
q045,friendship,Head,CrossStripe,Lexical,Keyword,minmax-norm,0.6221306189816488,0.4,0.25,-0.06666666666666667,0.22284768238695601,0.8577666702728031,1,2,0.00065,120.5263,books-t2004-a=5 | books-t2004-b=5
q045,friendship,Head,CrossStripe,Lexical,Keyword,zscore-norm,0.5920999213628699,0.4,0.25,-0.1111111111111111,0.22284768238695601,0.8113499146016455,1,2,0.00065,120.5216,books-t2004-a=5 | books-t2004-b=5
q045,friendship,Head,CrossStripe,Lexical,Keyword,idf-correct-probe,0.7016622278544499,0.5,0.3333333333333333,0.1111111111111111,0.3766279920264622,0.7547764949779392,1,4,0.00105,206.99020000000002,books-t2004-a=3 | books-t2004-b=7
q045,friendship,Head,CrossStripe,Lexical,Keyword,semantic-score,0.5404627109525661,0.5,0.3333333333333333,1,0.3709226077521677,0.7653733085467174,0.9,2,0.00065,120.4933,books-t2004-a=4 | books-t2004-b=6
q045,friendship,Head,CrossStripe,Lexical,Keyword,semantic-rerank,0.5404627109525661,0.5,0.3333333333333333,1,0.3709226077521677,0.7653733085467174,0.9,4,0.0012166669999999998,233.3939,books-t2004-a=4 | books-t2004-b=6
q045,friendship,Head,CrossStripe,Lexical,Keyword,idf-correct-sidecar,0.6726045349214925,0.4,0.25,0.1111111111111111,0.3366225524917179,0.8200684967613536,1,2,0.00065,120.52210000000001,books-t2004-a=5 | books-t2004-b=5
q046,coming of age story about a teenager finding their identity,Torso,CrossStripe,Conceptual,Keyword,single-index,1,1,1,1,1,0.9513467899190737,1,1,0.000433333,143.2836,books-oracle2=10
q046,coming of age story about a teenager finding their identity,Torso,CrossStripe,Conceptual,Keyword,naive-score,0.513732924680833,0.5,0.3333333333333333,-0.3333333333333333,0.1722959129547439,0.7581735643868187,0.9,2,0.001233333,151.7262,books-t2004-a=7 | books-t2004-b=3
q046,coming of age story about a teenager finding their identity,Torso,CrossStripe,Conceptual,Keyword,interleave,0.800337123774678,0.7,0.5384615384615384,0.5238095238095238,0.5386330333836539,0.8521485513821039,0.9,2,0.001233333,151.7141,books-t2004-a=5 | books-t2004-b=5
q046,coming of age story about a teenager finding their identity,Torso,CrossStripe,Conceptual,Keyword,quota-merge,0.7952932822942337,0.7,0.5384615384615384,0.6190476190476191,0.5642621031336322,0.8547819866375412,0.9,2,0.001233333,151.70489999999998,books-t2004-a=5 | books-t2004-b=5
q046,coming of age story about a teenager finding their identity,Torso,CrossStripe,Conceptual,Keyword,global-rrf,0.7952932822942337,0.7,0.5384615384615384,0.6190476190476191,0.5642621031336322,0.8547819866375412,0.9,2,0.001233333,151.7215,books-t2004-a=5 | books-t2004-b=5
q046,coming of age story about a teenager finding their identity,Torso,CrossStripe,Conceptual,Keyword,minmax-norm,0.5303720675265736,0.5,0.3333333333333333,-0.3333333333333333,0.1722959129547439,0.7549965659044305,0.9,2,0.001233333,151.75459999999998,books-t2004-a=7 | books-t2004-b=3
q046,coming of age story about a teenager finding their identity,Torso,CrossStripe,Conceptual,Keyword,zscore-norm,0.482679844836685,0.4,0.25,-0.1111111111111111,0.14462015483012225,0.7581735643868187,0.9,2,0.001233333,151.74269999999999,books-t2004-a=6 | books-t2004-b=4
q046,coming of age story about a teenager finding their identity,Torso,CrossStripe,Conceptual,Keyword,idf-correct-probe,0.5743995874584124,0.5,0.3333333333333333,-0.3333333333333333,0.1665480211689255,0.8244277878412078,1,14,0.0037333350000000004,663.6625,books-t2004-a=5 | books-t2004-b=5
q046,coming of age story about a teenager finding their identity,Torso,CrossStripe,Conceptual,Keyword,semantic-score,0.8982658901806848,0.9,0.8181818181818182,1,0.7025747303706025,0.9552009891550426,1,2,0.001233333,151.72549999999998,books-t2004-a=3 | books-t2004-b=7
q046,coming of age story about a teenager finding their identity,Torso,CrossStripe,Conceptual,Keyword,semantic-rerank,0.8982658901806848,0.9,0.8181818181818182,1,0.7025747303706025,0.9552009891550426,1,4,0.002033333,271.3665,books-t2004-a=3 | books-t2004-b=7
q046,coming of age story about a teenager finding their identity,Torso,CrossStripe,Conceptual,Keyword,idf-correct-sidecar,0.48318654411475453,0.4,0.25,-0.022222222222222223,0.14462015483012225,0.7608069996422562,0.9,2,0.001233333,151.77509999999998,books-t2004-a=6 | books-t2004-b=4
q047,a story about losing someone you love and learning to go on,Torso,CrossStripe,Conceptual,Keyword,single-index,1,1,1,1,1,0.47202214623534144,1,1,0.000433333,110.2813,books-oracle2=10
q047,a story about losing someone you love and learning to go on,Torso,CrossStripe,Conceptual,Keyword,naive-score,0.7041073848430436,0.7,0.5384615384615384,0.15555555555555556,0.3359516396818958,0.30616410495157265,0.9,2,0.0008,125.7684,books-t2004-a=5 | books-t2004-b=5
q047,a story about losing someone you love and learning to go on,Torso,CrossStripe,Conceptual,Keyword,interleave,0.8226594462618214,0.7,0.5384615384615384,0.6190476190476191,0.5976880987367661,0.4637572994767745,1,2,0.0008,125.7535,books-t2004-a=5 | books-t2004-b=5
q047,a story about losing someone you love and learning to go on,Torso,CrossStripe,Conceptual,Keyword,quota-merge,0.823574176318726,0.7,0.5384615384615384,0.7142857142857143,0.6108780769193083,0.465684399094759,1,2,0.0008,125.743,books-t2004-a=5 | books-t2004-b=5
q047,a story about losing someone you love and learning to go on,Torso,CrossStripe,Conceptual,Keyword,global-rrf,0.823574176318726,0.7,0.5384615384615384,0.7142857142857143,0.6108780769193083,0.465684399094759,1,2,0.0008,125.761,books-t2004-a=5 | books-t2004-b=5
q047,a story about losing someone you love and learning to go on,Torso,CrossStripe,Conceptual,Keyword,minmax-norm,0.7041073848430436,0.7,0.5384615384615384,0.15555555555555556,0.3359516396818958,0.30616410495157265,0.9,2,0.0008,125.7886,books-t2004-a=5 | books-t2004-b=5
q047,a story about losing someone you love and learning to go on,Torso,CrossStripe,Conceptual,Keyword,zscore-norm,0.7041903767811449,0.7,0.5384615384615384,0.2,0.3359516396818958,0.30752567572973905,0.9,2,0.0008,125.7822,books-t2004-a=5 | books-t2004-b=5
q047,a story about losing someone you love and learning to go on,Torso,CrossStripe,Conceptual,Keyword,idf-correct-probe,0.7122146363198105,0.7,0.5384615384615384,0.15555555555555556,0.3279051507625927,0.21223104213293512,0.8,8,0.0021833340000000003,389.8342,books-t2004-a=3 | books-t2004-b=7
q047,a story about losing someone you love and learning to go on,Torso,CrossStripe,Conceptual,Keyword,semantic-score,0.8785664801215991,0.7,0.5384615384615384,1,0.7345238360816552,0.5029020128261268,1,2,0.0008,125.7596,books-t2004-a=4 | books-t2004-b=6
q047,a story about losing someone you love and learning to go on,Torso,CrossStripe,Conceptual,Keyword,semantic-rerank,0.8785664801215991,0.7,0.5384615384615384,1,0.7345238360816552,0.5029020128261268,1,4,0.001416667,248.6038,books-t2004-a=4 | books-t2004-b=6
q047,a story about losing someone you love and learning to go on,Torso,CrossStripe,Conceptual,Keyword,idf-correct-sidecar,0.7122146363198105,0.7,0.5384615384615384,0.15555555555555556,0.3279051507625927,0.21223104213293512,0.8,2,0.0008,125.80760000000001,books-t2004-a=3 | books-t2004-b=7
q048,World War II,Head,CrossStripe,Lexical,Keyword,single-index,1,1,1,1,1,0.911671805955201,1,1,0.0004,99.0085,books-oracle2=10
q048,World War II,Head,CrossStripe,Lexical,Keyword,naive-score,0.7898780171295138,0.7,0.5384615384615384,0.37777777777777777,0.4782848442078853,0.8345582924372243,1,2,0.000733334,122.7665,books-t2004-a=3 | books-t2004-b=7
q048,World War II,Head,CrossStripe,Lexical,Keyword,interleave,0.9271014382163774,0.8,0.6666666666666666,0.7142857142857143,0.7477985704955469,0.8470245245010193,0.9,2,0.000733334,122.7383,books-t2004-a=5 | books-t2004-b=5
q048,World War II,Head,CrossStripe,Lexical,Keyword,quota-merge,0.8744311487456304,0.8,0.6666666666666666,0.7142857142857143,0.6744203958784469,0.8496579597564566,0.9,2,0.000733334,122.7275,books-t2004-a=5 | books-t2004-b=5
q048,World War II,Head,CrossStripe,Lexical,Keyword,global-rrf,0.8744311487456304,0.8,0.6666666666666666,0.7142857142857143,0.6744203958784469,0.8496579597564566,0.9,2,0.000733334,122.7514,books-t2004-a=5 | books-t2004-b=5
q048,World War II,Head,CrossStripe,Lexical,Keyword,minmax-norm,0.8036645677225495,0.7,0.5384615384615384,0.4666666666666667,0.4881773278447919,0.8809750481083818,1,2,0.000733334,122.7748,books-t2004-a=3 | books-t2004-b=7
q048,World War II,Head,CrossStripe,Lexical,Keyword,zscore-norm,0.8614277822016986,0.7,0.5384615384615384,0.6444444444444445,0.5517298633265201,0.8992570819408976,1,2,0.000733334,122.772,books-t2004-a=3 | books-t2004-b=7
q048,World War II,Head,CrossStripe,Lexical,Keyword,idf-correct-probe,0.7971817258148042,0.7,0.5384615384615384,0.4222222222222222,0.4881773278447919,0.8345582924372243,1,6,0.001533334,299.73,books-t2004-a=3 | books-t2004-b=7
q048,World War II,Head,CrossStripe,Lexical,Keyword,semantic-score,0.9650645928231532,0.9,0.8181818181818182,1,0.8299906288046852,0.911671805955201,1,2,0.000733334,122.7404,books-t2004-a=4 | books-t2004-b=6
q048,World War II,Head,CrossStripe,Lexical,Keyword,semantic-rerank,0.9650645928231532,0.9,0.8181818181818182,1,0.8299906288046852,0.911671805955201,1,4,0.0015,216.4565,books-t2004-a=4 | books-t2004-b=6
q048,World War II,Head,CrossStripe,Lexical,Keyword,idf-correct-sidecar,0.8036645677225495,0.7,0.5384615384615384,0.4666666666666667,0.4881773278447919,0.8809750481083818,1,2,0.000733334,122.77759999999999,books-t2004-a=3 | books-t2004-b=7
q049,survival against impossible odds in a hostile environment,Torso,CrossStripe,Conceptual,Keyword,single-index,1,1,1,1,1,0.7529610672737173,1,1,0.000383333,114.4506,books-oracle2=10
q049,survival against impossible odds in a hostile environment,Torso,CrossStripe,Conceptual,Keyword,naive-score,0.5361105903077943,0.4,0.25,-0.022222222222222223,0.20566305012436842,0.48917861563490056,1,2,0.0007,125.1921,books-t2004-a=5 | books-t2004-b=5
q049,survival against impossible odds in a hostile environment,Torso,CrossStripe,Conceptual,Keyword,interleave,0.6571150131057357,0.7,0.5384615384615384,0.9047619047619048,0.507040940373666,0.6950890124076584,0.9,2,0.0007,125.1736,books-t2004-a=5 | books-t2004-b=5
q049,survival against impossible odds in a hostile environment,Torso,CrossStripe,Conceptual,Keyword,quota-merge,0.6534769911288264,0.7,0.5384615384615384,0.8095238095238095,0.507040940373666,0.7038075945673665,0.9,2,0.0007,125.1646,books-t2004-a=5 | books-t2004-b=5
q049,survival against impossible odds in a hostile environment,Torso,CrossStripe,Conceptual,Keyword,global-rrf,0.6534769911288264,0.7,0.5384615384615384,0.8095238095238095,0.507040940373666,0.7038075945673665,0.9,2,0.0007,125.1916,books-t2004-a=5 | books-t2004-b=5
q049,survival against impossible odds in a hostile environment,Torso,CrossStripe,Conceptual,Keyword,minmax-norm,0.5778101870516854,0.4,0.25,0.1111111111111111,0.33197911846314515,0.5614421575644654,1,2,0.0007,125.21809999999999,books-t2004-a=7 | books-t2004-b=3
q049,survival against impossible odds in a hostile environment,Torso,CrossStripe,Conceptual,Keyword,zscore-norm,0.5652125545116093,0.4,0.25,0.3333333333333333,0.29627275772465556,0.5383525287457844,1,2,0.0007,125.2096,books-t2004-a=5 | books-t2004-b=5
q049,survival against impossible odds in a hostile environment,Torso,CrossStripe,Conceptual,Keyword,idf-correct-probe,0.531229702252958,0.4,0.25,-0.2,0.19407151263421113,0.4641352887215936,0.9,10,0.0023333340000000003,493.3058,books-t2004-a=4 | books-t2004-b=6
q049,survival against impossible odds in a hostile environment,Torso,CrossStripe,Conceptual,Keyword,semantic-score,0.7542276663032247,0.6,0.42857142857142855,1,0.5404427352994485,0.6746393090324605,0.9,2,0.0007,125.18079999999999,books-t2004-a=7 | books-t2004-b=3
q049,survival against impossible odds in a hostile environment,Torso,CrossStripe,Conceptual,Keyword,semantic-rerank,0.7542276663032247,0.6,0.42857142857142855,1,0.5404427352994485,0.6746393090324605,0.9,4,0.0014666660000000002,216.7696,books-t2004-a=7 | books-t2004-b=3
q049,survival against impossible odds in a hostile environment,Torso,CrossStripe,Conceptual,Keyword,idf-correct-sidecar,0.5267273005525045,0.4,0.25,-0.15555555555555556,0.1825805883049194,0.4732239727500153,1,2,0.0007,125.229,books-t2004-a=5 | books-t2004-b=5
q050,revenge,Head,CrossStripe,Lexical,Keyword,single-index,1,1,1,1,1,0.9636452638863133,1,1,0.0003,124.6928,books-oracle2=10
q050,revenge,Head,CrossStripe,Lexical,Keyword,naive-score,0.514726326550398,0.4,0.25,0,0.22065954208041777,0.8503953861559569,1,2,0.000533334,146.8436,books-t2004-a=4 | books-t2004-b=6
q050,revenge,Head,CrossStripe,Lexical,Keyword,interleave,0.9050675680992255,0.8,0.6666666666666666,0.5714285714285714,0.6762840783791132,0.9363792118010483,0.9,2,0.000533334,146.8248,books-t2004-a=5 | books-t2004-b=5
q050,revenge,Head,CrossStripe,Lexical,Keyword,quota-merge,0.8965055826391383,0.8,0.6666666666666666,0.42857142857142855,0.6415128610556288,0.9363792118010483,0.9,2,0.000533334,146.81550000000001,books-t2004-a=5 | books-t2004-b=5
q050,revenge,Head,CrossStripe,Lexical,Keyword,global-rrf,0.8965055826391383,0.8,0.6666666666666666,0.42857142857142855,0.6415128610556288,0.9363792118010483,0.9,2,0.000533334,146.8329,books-t2004-a=5 | books-t2004-b=5
q050,revenge,Head,CrossStripe,Lexical,Keyword,minmax-norm,0.5288051373508601,0.4,0.25,0.1111111111111111,0.22387163642892724,0.7867745979570051,0.9,2,0.000533334,146.8549,books-t2004-a=3 | books-t2004-b=7
q050,revenge,Head,CrossStripe,Lexical,Keyword,zscore-norm,0.5161080107237298,0.4,0.25,0.1111111111111111,0.22666922588983857,0.8544580710959402,1,2,0.000533334,146.8507,books-t2004-a=4 | books-t2004-b=6
q050,revenge,Head,CrossStripe,Lexical,Keyword,idf-correct-probe,0.5288051373508601,0.4,0.25,0.1111111111111111,0.22387163642892724,0.7867745979570051,0.9,4,0.0009333340000000001,233.5691,books-t2004-a=3 | books-t2004-b=7
q050,revenge,Head,CrossStripe,Lexical,Keyword,semantic-score,0.8905057409476121,0.8,0.6666666666666666,1,0.7050206971668492,1,1,2,0.000533334,146.8327,books-t2004-a=7 | books-t2004-b=3
q050,revenge,Head,CrossStripe,Lexical,Keyword,semantic-rerank,0.8905057409476121,0.8,0.6666666666666666,1,0.7050206971668492,1,1,4,0.0012666679999999999,268.5437,books-t2004-a=7 | books-t2004-b=3
q050,revenge,Head,CrossStripe,Lexical,Keyword,idf-correct-sidecar,0.5288051373508601,0.4,0.25,0.1111111111111111,0.22387163642892724,0.7867745979570051,0.9,2,0.000533334,146.8612,books-t2004-a=3 | books-t2004-b=7
q051,betrayal by someone you trusted completely,Torso,CrossStripe,Conceptual,Keyword,single-index,1,1,1,1,1,0.47258712270399317,1,1,0.000366667,117.4753,books-oracle2=10
q051,betrayal by someone you trusted completely,Torso,CrossStripe,Conceptual,Keyword,naive-score,0.6287530787510852,0.8,0.6666666666666666,-0.28888888888888886,0.31068424904944514,0.430496631649031,1,2,0.000666667,143.7953,books-t2004-a=1 | books-t2004-b=9
q051,betrayal by someone you trusted completely,Torso,CrossStripe,Conceptual,Keyword,interleave,0.5324657695478926,0.5,0.3333333333333333,1,0.3529248825220888,0.19288799054260355,0.5,2,0.000666667,143.7786,books-t2004-a=5 | books-t2004-b=5
q051,betrayal by someone you trusted completely,Torso,CrossStripe,Conceptual,Keyword,quota-merge,0.5592229768683799,0.5,0.3333333333333333,1,0.40088607802811543,0.2041635570027387,0.5,2,0.000666667,143.76770000000002,books-t2004-a=5 | books-t2004-b=5
q051,betrayal by someone you trusted completely,Torso,CrossStripe,Conceptual,Keyword,global-rrf,0.5592229768683799,0.5,0.3333333333333333,1,0.40088607802811543,0.2041635570027387,0.5,2,0.000666667,143.78570000000002,books-t2004-a=5 | books-t2004-b=5
q051,betrayal by someone you trusted completely,Torso,CrossStripe,Conceptual,Keyword,minmax-norm,0.62041287333311,0.8,0.6666666666666666,-0.3333333333333333,0.31068424904944514,0.430496631649031,1,2,0.000666667,143.81130000000002,books-t2004-a=1 | books-t2004-b=9
q051,betrayal by someone you trusted completely,Torso,CrossStripe,Conceptual,Keyword,zscore-norm,0.512533554239486,0.6,0.42857142857142855,-0.21428571428571427,0.23319233462999955,0.3558996104072277,0.8,2,0.000666667,143.8064,books-t2004-a=3 | books-t2004-b=7
q051,betrayal by someone you trusted completely,Torso,CrossStripe,Conceptual,Keyword,idf-correct-probe,0.6272355739070783,0.8,0.6666666666666666,-0.28888888888888886,0.329003663191865,0.4181753266964978,1,8,0.002083334,406.95000000000005,books-t2004-a=1 | books-t2004-b=9
q051,betrayal by someone you trusted completely,Torso,CrossStripe,Conceptual,Keyword,semantic-score,0.43046135252701817,0.5,0.3333333333333333,1,0.23869896227054888,0.16205725489925552,0.5,2,0.000666667,143.78490000000002,books-t2004-a=5 | books-t2004-b=5
q051,betrayal by someone you trusted completely,Torso,CrossStripe,Conceptual,Keyword,semantic-rerank,0.43046135252701817,0.5,0.3333333333333333,1,0.23869896227054888,0.16205725489925552,0.5,4,0.001416667,286.9261,books-t2004-a=5 | books-t2004-b=5
q051,betrayal by someone you trusted completely,Torso,CrossStripe,Conceptual,Keyword,idf-correct-sidecar,0.6213731662276528,0.8,0.6666666666666666,-0.3333333333333333,0.31068424904944514,0.41382575825877776,1,2,0.000666667,143.8238,books-t2004-a=1 | books-t2004-b=9
q052,an orphan raised by strangers who discovers the truth about their parents,Tail,CrossStripe,Conceptual,Keyword,single-index,1,1,1,1,1,0.5897273724141199,1,1,0.000433333,120.2695,books-oracle2=10
q052,an orphan raised by strangers who discovers the truth about their parents,Tail,CrossStripe,Conceptual,Keyword,naive-score,0.5970416480861881,0.4,0.25,0.28888888888888886,0.31422985935364217,0.31042889756616904,0.9,2,0.00125,135.8741,books-t2004-a=4 | books-t2004-b=6
q052,an orphan raised by strangers who discovers the truth about their parents,Tail,CrossStripe,Conceptual,Keyword,interleave,0.3618006310886767,0.2,0.1111111111111111,1,0.24075105515275377,0.4341525838278323,0.9,2,0.00125,135.8551,books-t2004-a=5 | books-t2004-b=5
q052,an orphan raised by strangers who discovers the truth about their parents,Tail,CrossStripe,Conceptual,Keyword,quota-merge,0.37933168302124004,0.2,0.1111111111111111,1,0.26789092795633873,0.43673161199433896,0.9,2,0.00125,135.8456,books-t2004-a=5 | books-t2004-b=5
q052,an orphan raised by strangers who discovers the truth about their parents,Tail,CrossStripe,Conceptual,Keyword,global-rrf,0.37933168302124004,0.2,0.1111111111111111,1,0.26789092795633873,0.43673161199433896,0.9,2,0.00125,135.861,books-t2004-a=5 | books-t2004-b=5
q052,an orphan raised by strangers who discovers the truth about their parents,Tail,CrossStripe,Conceptual,Keyword,minmax-norm,0.5535300183449147,0.3,0.17647058823529413,0.3333333333333333,0.24482350224715205,0.3760782262130272,0.8,2,0.00125,135.8903,books-t2004-a=5 | books-t2004-b=5
q052,an orphan raised by strangers who discovers the truth about their parents,Tail,CrossStripe,Conceptual,Keyword,zscore-norm,0.5508821687578791,0.3,0.17647058823529413,0.24444444444444444,0.24482350224715205,0.374354545280734,0.8,2,0.00125,135.8834,books-t2004-a=5 | books-t2004-b=5
q052,an orphan raised by strangers who discovers the truth about their parents,Tail,CrossStripe,Conceptual,Keyword,idf-correct-probe,0.6085869017382785,0.4,0.25,0.2,0.34646458658841756,0.2820991032268837,1,12,0.0037166680000000002,588.5209,books-t2004-a=2 | books-t2004-b=8
q052,an orphan raised by strangers who discovers the truth about their parents,Tail,CrossStripe,Conceptual,Keyword,semantic-score,0.43966075254057846,0.3,0.17647058823529413,1,0.29703705417008014,0.5302485419423336,1,2,0.00125,135.8671,books-t2004-a=4 | books-t2004-b=6
q052,an orphan raised by strangers who discovers the truth about their parents,Tail,CrossStripe,Conceptual,Keyword,semantic-rerank,0.43966075254057846,0.3,0.17647058823529413,1,0.29703705417008014,0.5302485419423336,1,4,0.00205,254.48329999999999,books-t2004-a=4 | books-t2004-b=6
q052,an orphan raised by strangers who discovers the truth about their parents,Tail,CrossStripe,Conceptual,Keyword,idf-correct-sidecar,0.6082086761359741,0.4,0.25,0.15555555555555556,0.34646458658841756,0.2736616032316784,1,2,0.00125,135.9063,books-t2004-a=2 | books-t2004-b=8
q053,political corruption and the abuse of power,Torso,CrossStripe,Mixed,Keyword,single-index,1,1,1,1,1,0.7531847608974032,0.9,1,0.0004,113.265,books-oracle2=10
q053,political corruption and the abuse of power,Torso,CrossStripe,Mixed,Keyword,naive-score,0.7176263261261513,0.7,0.5384615384615384,-0.022222222222222223,0.3092499008204158,0.7991521783169468,0.9,2,0.00075,119.4867,books-t2004-a=6 | books-t2004-b=4
q053,political corruption and the abuse of power,Torso,CrossStripe,Mixed,Keyword,interleave,0.9466773545470306,0.8,0.6666666666666666,0.7222222222222222,0.7123214835914179,0.7077969652503436,1,2,0.00075,119.4712,books-t2004-a=5 | books-t2004-b=5
q053,political corruption and the abuse of power,Torso,CrossStripe,Mixed,Keyword,quota-merge,0.9369966792216058,0.8,0.6666666666666666,0.6111111111111112,0.6719916326052908,0.6952241838546664,1,2,0.00075,119.4611,books-t2004-a=5 | books-t2004-b=5
q053,political corruption and the abuse of power,Torso,CrossStripe,Mixed,Keyword,global-rrf,0.9369966792216058,0.8,0.6666666666666666,0.6111111111111112,0.6719916326052908,0.6952241838546664,1,2,0.00075,119.4786,books-t2004-a=5 | books-t2004-b=5
q053,political corruption and the abuse of power,Torso,CrossStripe,Mixed,Keyword,minmax-norm,0.6016146934338318,0.5,0.3333333333333333,0.022222222222222223,0.22546056076846321,0.6875796655926217,0.8,2,0.00075,119.5047,books-t2004-a=4 | books-t2004-b=6
q053,political corruption and the abuse of power,Torso,CrossStripe,Mixed,Keyword,zscore-norm,0.6889739672418409,0.7,0.5384615384615384,-0.28888888888888886,0.2717308246860328,0.7986328998919682,0.9,2,0.00075,119.4991,books-t2004-a=6 | books-t2004-b=4
q053,political corruption and the abuse of power,Torso,CrossStripe,Mixed,Keyword,idf-correct-probe,0.6989359142514685,0.7,0.5384615384615384,-0.24444444444444444,0.2772894583486756,0.8058970269798925,0.9,10,0.0023500000000000005,479.1732,books-t2004-a=6 | books-t2004-b=4
q053,political corruption and the abuse of power,Torso,CrossStripe,Mixed,Keyword,semantic-score,0.9167155795454448,0.8,0.6666666666666666,1,0.7636699622953962,0.7871469331780889,1,2,0.00075,119.478,books-t2004-a=6 | books-t2004-b=4
q053,political corruption and the abuse of power,Torso,CrossStripe,Mixed,Keyword,semantic-rerank,0.9167155795454448,0.8,0.6666666666666666,1,0.7636699622953962,0.7871469331780889,1,4,0.001516666,241.4393,books-t2004-a=6 | books-t2004-b=4
q053,political corruption and the abuse of power,Torso,CrossStripe,Mixed,Keyword,idf-correct-sidecar,0.6989359142514685,0.7,0.5384615384615384,-0.24444444444444444,0.2772894583486756,0.8058970269798925,0.9,2,0.00075,119.5155,books-t2004-a=6 | books-t2004-b=4
q054,isolation and loneliness,Torso,CrossStripe,Conceptual,Keyword,single-index,1,1,1,1,1,1,1,1,0.000333333,133.8937,books-oracle2=10
q054,isolation and loneliness,Torso,CrossStripe,Conceptual,Keyword,naive-score,0.3979562880601685,0.1,0.05263157894736842,-0.24444444444444444,0.05962927256869664,0.876997326098728,0.9,2,0.000616667,133.3794,books-t2004-a=3 | books-t2004-b=7
q054,isolation and loneliness,Torso,CrossStripe,Conceptual,Keyword,interleave,0.9848488007232651,0.9,0.8181818181818182,0.9111111111111111,0.7845147782955872,1,1,2,0.000616667,133.3653,books-t2004-a=5 | books-t2004-b=5
q054,isolation and loneliness,Torso,CrossStripe,Conceptual,Keyword,quota-merge,0.98453174998696,0.9,0.8181818181818182,0.8666666666666667,0.7768834337756878,1,1,2,0.000616667,133.3552,books-t2004-a=5 | books-t2004-b=5
q054,isolation and loneliness,Torso,CrossStripe,Conceptual,Keyword,global-rrf,0.98453174998696,0.9,0.8181818181818182,0.8666666666666667,0.7768834337756878,1,1,2,0.000616667,133.37179999999998,books-t2004-a=5 | books-t2004-b=5
q054,isolation and loneliness,Torso,CrossStripe,Conceptual,Keyword,minmax-norm,0.5678639391657125,0.3,0.17647058823529413,-0.24444444444444444,0.16344680964545588,0.9206500320722545,1,2,0.000616667,133.39579999999998,books-t2004-a=9 | books-t2004-b=1
q054,isolation and loneliness,Torso,CrossStripe,Conceptual,Keyword,zscore-norm,0.5371046828122998,0.3,0.17647058823529413,-0.28888888888888886,0.16344680964545588,0.9371166382005486,1,2,0.000616667,133.391,books-t2004-a=9 | books-t2004-b=1
q054,isolation and loneliness,Torso,CrossStripe,Conceptual,Keyword,idf-correct-probe,0.3979562880601685,0.1,0.05263157894736842,-0.24444444444444444,0.05962927256869664,0.876997326098728,0.9,6,0.001416667,303.1993,books-t2004-a=3 | books-t2004-b=7
q054,isolation and loneliness,Torso,CrossStripe,Conceptual,Keyword,semantic-score,1,1,1,1,0.8591367550184259,1,1,2,0.000616667,133.37189999999998,books-t2004-a=6 | books-t2004-b=4
q054,isolation and loneliness,Torso,CrossStripe,Conceptual,Keyword,semantic-rerank,1,1,1,1,0.8591367550184259,1,1,4,0.0011833339999999999,235.31099999999998,books-t2004-a=6 | books-t2004-b=4
q054,isolation and loneliness,Torso,CrossStripe,Conceptual,Keyword,idf-correct-sidecar,0.3979562880601685,0.1,0.05263157894736842,-0.24444444444444444,0.05962927256869664,0.876997326098728,0.9,2,0.000616667,133.4055,books-t2004-a=3 | books-t2004-b=7
q055,mother and daughter relationship across generations,Torso,CrossStripe,Conceptual,Keyword,single-index,1,1,1,1,1,0.7728093620816464,0.9,1,0.000816667,127.9606,books-oracle2=10
q055,mother and daughter relationship across generations,Torso,CrossStripe,Conceptual,Keyword,naive-score,0.7356388521890749,0.6,0.42857142857142855,0.15555555555555556,0.3276610620279137,0.6014933707635342,0.9,2,0.00075,132.81289999999998,books-t2004-a=2 | books-t2004-b=8
q055,mother and daughter relationship across generations,Torso,CrossStripe,Conceptual,Keyword,interleave,0.8625118115502489,0.9,0.8181818181818182,0.6666666666666666,0.6019273217154804,0.8604126247854919,0.9,2,0.00075,132.7969,books-t2004-a=5 | books-t2004-b=5
q055,mother and daughter relationship across generations,Torso,CrossStripe,Conceptual,Keyword,quota-merge,0.8674759480568197,0.9,0.8181818181818182,0.7222222222222222,0.6199250469455593,0.8565584255495229,0.9,2,0.00075,132.78719999999998,books-t2004-a=5 | books-t2004-b=5
q055,mother and daughter relationship across generations,Torso,CrossStripe,Conceptual,Keyword,global-rrf,0.8674759480568197,0.9,0.8181818181818182,0.7222222222222222,0.6199250469455593,0.8565584255495229,0.9,2,0.00075,132.80429999999998,books-t2004-a=5 | books-t2004-b=5
q055,mother and daughter relationship across generations,Torso,CrossStripe,Conceptual,Keyword,minmax-norm,0.7103801426534742,0.6,0.42857142857142855,0.4222222222222222,0.3548009348314986,0.7179968381445934,1,2,0.00075,132.8346,books-t2004-a=3 | books-t2004-b=7
q055,mother and daughter relationship across generations,Torso,CrossStripe,Conceptual,Keyword,zscore-norm,0.7042718690370452,0.6,0.42857142857142855,0.37777777777777777,0.3548009348314986,0.7179968381445934,1,2,0.00075,132.829,books-t2004-a=3 | books-t2004-b=7
q055,mother and daughter relationship across generations,Torso,CrossStripe,Conceptual,Keyword,idf-correct-probe,0.733005237748683,0.6,0.42857142857142855,0.1111111111111111,0.317768578391007,0.5971782162955496,0.9,10,0.0023833340000000004,482.0249,books-t2004-a=2 | books-t2004-b=8
q055,mother and daughter relationship across generations,Torso,CrossStripe,Conceptual,Keyword,semantic-score,0.9528344332977449,0.9,0.8181818181818182,1,0.7932671386559154,0.7784789890218371,0.9,2,0.00075,132.80429999999998,books-t2004-a=4 | books-t2004-b=6
q055,mother and daughter relationship across generations,Torso,CrossStripe,Conceptual,Keyword,semantic-rerank,0.9528344332977449,0.9,0.8181818181818182,1,0.7932671386559154,0.7784789890218371,0.9,4,0.00135,256.4302,books-t2004-a=4 | books-t2004-b=6
q055,mother and daughter relationship across generations,Torso,CrossStripe,Conceptual,Keyword,idf-correct-sidecar,0.732785590921657,0.6,0.42857142857142855,0.06666666666666667,0.317768578391007,0.5944550747392168,0.9,2,0.00075,132.8465,books-t2004-a=2 | books-t2004-b=8
q056,murder,Head,CrossStripe,Lexical,Keyword,single-index,1,1,1,1,1,0.874233276401097,1,1,0.000333333,112.8373,books-oracle2=10
q056,murder,Head,CrossStripe,Lexical,Keyword,naive-score,0.5046850062300117,0.4,0.25,-0.3333333333333333,0.1923503285177785,1,1,2,0.000616667,121.2763,books-t2004-a=8 | books-t2004-b=2
q056,murder,Head,CrossStripe,Lexical,Keyword,interleave,0.7753060286719197,0.6,0.42857142857142855,0.8666666666666667,0.5548793496143825,0.6709943426483963,0.7,2,0.000616667,121.2609,books-t2004-a=5 | books-t2004-b=5
q056,murder,Head,CrossStripe,Lexical,Keyword,quota-merge,0.7670369967097924,0.6,0.42857142857142855,0.7333333333333333,0.5277394768107976,0.6709943426483963,0.7,2,0.000616667,121.25,books-t2004-a=5 | books-t2004-b=5
q056,murder,Head,CrossStripe,Lexical,Keyword,global-rrf,0.7670369967097924,0.6,0.42857142857142855,0.7333333333333333,0.5277394768107976,0.6709943426483963,0.7,2,0.000616667,121.268,books-t2004-a=5 | books-t2004-b=5
q056,murder,Head,CrossStripe,Lexical,Keyword,minmax-norm,0.46191420262519284,0.2,0.1111111111111111,0.6,0.12360913721865659,0.9305687780632227,0.9,2,0.000616667,121.2912,books-t2004-a=4 | books-t2004-b=6
q056,murder,Head,CrossStripe,Lexical,Keyword,zscore-norm,0.4610740078260911,0.2,0.1111111111111111,0.6,0.101701483524348,0.7917267193679839,0.7,2,0.000616667,121.2864,books-t2004-a=2 | books-t2004-b=8
q056,murder,Head,CrossStripe,Lexical,Keyword,idf-correct-probe,0.473756871148173,0.2,0.1111111111111111,0.6444444444444445,0.12360913721865659,0.9305687780632227,0.9,2,0.000616667,121.2938,books-t2004-a=4 | books-t2004-b=6
q056,murder,Head,CrossStripe,Lexical,Keyword,semantic-score,0.8198153161880304,0.7,0.5384615384615384,1,0.5977492048424701,0.6943017943899252,0.8,2,0.000616667,121.26350000000001,books-t2004-a=8 | books-t2004-b=2
q056,murder,Head,CrossStripe,Lexical,Keyword,semantic-rerank,0.8198153161880304,0.7,0.5384615384615384,1,0.5977492048424701,0.6943017943899252,0.8,4,0.0011833339999999999,273.0559,books-t2004-a=8 | books-t2004-b=2
q056,murder,Head,CrossStripe,Lexical,Keyword,idf-correct-sidecar,0.47065963925613474,0.2,0.1111111111111111,0.28888888888888886,0.12360913721865659,0.9216017310213247,0.9,2,0.000616667,121.29610000000001,books-t2004-a=4 | books-t2004-b=6
q057,a journey across a ruined landscape,Torso,CrossStripe,Conceptual,Keyword,single-index,1,1,1,1,1,0.7433080921566422,1,1,0.000383333,115.0272,books-oracle2=10
q057,a journey across a ruined landscape,Torso,CrossStripe,Conceptual,Keyword,naive-score,0.6162063338373698,0.4,0.25,0.022222222222222223,0.22419290589751742,0.596841466905803,0.9,2,0.000716667,121.4191,books-t2004-a=2 | books-t2004-b=8
q057,a journey across a ruined landscape,Torso,CrossStripe,Conceptual,Keyword,interleave,0.5109061461765108,0.7,0.5384615384615384,0.42857142857142855,0.3157169796167216,0.7394397615060467,0.9,2,0.000716667,121.40360000000001,books-t2004-a=5 | books-t2004-b=5
q057,a journey across a ruined landscape,Torso,CrossStripe,Conceptual,Keyword,quota-merge,0.5115852949704861,0.7,0.5384615384615384,0.5238095238095238,0.32052472666425824,0.7409445816520109,0.9,2,0.000716667,121.39280000000001,books-t2004-a=5 | books-t2004-b=5
q057,a journey across a ruined landscape,Torso,CrossStripe,Conceptual,Keyword,global-rrf,0.5115852949704861,0.7,0.5384615384615384,0.5238095238095238,0.32052472666425824,0.7409445816520109,0.9,2,0.000716667,121.4122,books-t2004-a=5 | books-t2004-b=5
q057,a journey across a ruined landscape,Torso,CrossStripe,Conceptual,Keyword,minmax-norm,0.4688125453009104,0.4,0.25,-0.37777777777777777,0.1406776237253533,0.4966192151342517,1,2,0.000716667,121.4401,books-t2004-a=5 | books-t2004-b=5
q057,a journey across a ruined landscape,Torso,CrossStripe,Conceptual,Keyword,zscore-norm,0.5475072562331699,0.4,0.25,-0.37777777777777777,0.1466873075347742,0.557997756787739,1,2,0.000716667,121.4328,books-t2004-a=4 | books-t2004-b=6
q057,a journey across a ruined landscape,Torso,CrossStripe,Conceptual,Keyword,idf-correct-probe,0.59632492973511,0.4,0.25,-0.24444444444444444,0.18358485828848808,0.5944927461776333,1,8,0.001950001,405.0443,books-t2004-a=3 | books-t2004-b=7
q057,a journey across a ruined landscape,Torso,CrossStripe,Conceptual,Keyword,semantic-score,0.5788550983550886,0.7,0.5384615384615384,1,0.40270750375903236,0.7806108356142537,0.9,2,0.000716667,121.40870000000001,books-t2004-a=3 | books-t2004-b=7
q057,a journey across a ruined landscape,Torso,CrossStripe,Conceptual,Keyword,semantic-rerank,0.5788550983550886,0.7,0.5384615384615384,1,0.40270750375903236,0.7806108356142537,0.9,4,0.0013,220.77870000000001,books-t2004-a=3 | books-t2004-b=7
q057,a journey across a ruined landscape,Torso,CrossStripe,Conceptual,Keyword,idf-correct-sidecar,0.59632492973511,0.4,0.25,-0.24444444444444444,0.18358485828848808,0.5944927461776333,1,2,0.000716667,121.45100000000001,books-t2004-a=3 | books-t2004-b=7
q058,religion faith and doubt,Torso,CrossStripe,Mixed,Keyword,single-index,1,1,1,1,1,0.9513467899190737,1,1,0.00035,143.3792,books-oracle2=10
q058,religion faith and doubt,Torso,CrossStripe,Mixed,Keyword,naive-score,0.5744848073765498,0.4,0.25,-0.022222222222222223,0.1921767370798153,0.7938670960115822,0.9,2,0.00065,125.205,books-t2004-a=4 | books-t2004-b=6
q058,religion faith and doubt,Torso,CrossStripe,Mixed,Keyword,interleave,0.8263428885923344,0.7,0.5384615384615384,0.7142857142857143,0.581926332878826,0.734308992752614,0.8,2,0.00065,125.1862,books-t2004-a=5 | books-t2004-b=5
q058,religion faith and doubt,Torso,CrossStripe,Mixed,Keyword,quota-merge,0.8799251811455521,0.7,0.5384615384615384,0.7142857142857143,0.6748130357796116,0.734308992752614,0.8,2,0.00065,125.17580000000001,books-t2004-a=5 | books-t2004-b=5
q058,religion faith and doubt,Torso,CrossStripe,Mixed,Keyword,global-rrf,0.8799251811455521,0.7,0.5384615384615384,0.7142857142857143,0.6748130357796116,0.734308992752614,0.8,2,0.00065,125.1906,books-t2004-a=5 | books-t2004-b=5
q058,religion faith and doubt,Torso,CrossStripe,Mixed,Keyword,minmax-norm,0.5705903870574498,0.4,0.25,-0.022222222222222223,0.1878889854115127,0.7273695381673075,0.8,2,0.00065,125.21690000000001,books-t2004-a=3 | books-t2004-b=7
q058,religion faith and doubt,Torso,CrossStripe,Mixed,Keyword,zscore-norm,0.5634694286145906,0.4,0.25,-0.15555555555555556,0.18736899003227864,0.7839394265030695,0.9,2,0.00065,125.21090000000001,books-t2004-a=4 | books-t2004-b=6
q058,religion faith and doubt,Torso,CrossStripe,Mixed,Keyword,idf-correct-probe,0.5648285517017942,0.4,0.25,-0.1111111111111111,0.18736899003227864,0.7935846732309992,0.9,8,0.00185,439.7135,books-t2004-a=4 | books-t2004-b=6
q058,religion faith and doubt,Torso,CrossStripe,Mixed,Keyword,semantic-score,0.8930568943197003,0.8,0.6666666666666666,1,0.7126520416867486,0.8054801220421298,0.9,2,0.00065,125.1889,books-t2004-a=7 | books-t2004-b=3
q058,religion faith and doubt,Torso,CrossStripe,Mixed,Keyword,semantic-rerank,0.8930568943197003,0.8,0.6666666666666666,1,0.7126520416867486,0.8054801220421298,0.9,4,0.001433333,227.9419,books-t2004-a=7 | books-t2004-b=3
q058,religion faith and doubt,Torso,CrossStripe,Mixed,Keyword,idf-correct-sidecar,0.4988654352012001,0.4,0.25,-0.1111111111111111,0.18736899003227864,0.7935846732309992,0.9,2,0.00065,125.2275,books-t2004-a=5 | books-t2004-b=5
q059,London,Head,CrossStripe,Lexical,Keyword,single-index,1,1,1,1,1,0.8450923023011543,1,1,0.000316667,112.5172,books-oracle2=10
q059,London,Head,CrossStripe,Lexical,Keyword,naive-score,0.823578973787761,0.5,0.3333333333333333,0.1111111111111111,0.41871703098473223,0.8607659614242215,0.9,2,0.000566666,132.1576,books-t2004-a=4 | books-t2004-b=6
q059,London,Head,CrossStripe,Lexical,Keyword,interleave,0.6582551549413679,0.5,0.3333333333333333,0.8,0.41159000383412697,0.8595820979770249,1,2,0.000566666,132.1413,books-t2004-a=5 | books-t2004-b=5
q059,London,Head,CrossStripe,Lexical,Keyword,quota-merge,0.6607970203247994,0.5,0.3333333333333333,0.6,0.4192213483540264,0.8588396608872276,1,2,0.000566666,132.1318,books-t2004-a=5 | books-t2004-b=5
q059,London,Head,CrossStripe,Lexical,Keyword,global-rrf,0.6607970203247994,0.5,0.3333333333333333,0.6,0.4192213483540264,0.8588396608872276,1,2,0.000566666,132.1491,books-t2004-a=5 | books-t2004-b=5
q059,London,Head,CrossStripe,Lexical,Keyword,minmax-norm,0.823578973787761,0.5,0.3333333333333333,0.1111111111111111,0.41871703098473223,0.8607659614242215,0.9,2,0.000566666,132.1756,books-t2004-a=4 | books-t2004-b=6
q059,London,Head,CrossStripe,Lexical,Keyword,zscore-norm,0.8367233565828371,0.5,0.3333333333333333,0.15555555555555556,0.4512115909820032,0.8906654487649238,1,2,0.000566666,132.1704,books-t2004-a=6 | books-t2004-b=4
q059,London,Head,CrossStripe,Lexical,Keyword,idf-correct-probe,0.835232470170978,0.5,0.3333333333333333,0.1111111111111111,0.4512115909820032,0.8906654487649238,1,4,0.001116666,218.6826,books-t2004-a=6 | books-t2004-b=4
q059,London,Head,CrossStripe,Lexical,Keyword,semantic-score,0.6546894464829293,0.4,0.25,1,0.4586169709057387,0.7977825296179907,1,2,0.000566666,132.1484,books-t2004-a=6 | books-t2004-b=4
q059,London,Head,CrossStripe,Lexical,Keyword,semantic-rerank,0.6546894464829293,0.4,0.25,1,0.4586169709057387,0.7977825296179907,1,4,0.0011333329999999998,240.585,books-t2004-a=6 | books-t2004-b=4
q059,London,Head,CrossStripe,Lexical,Keyword,idf-correct-sidecar,0.835232470170978,0.5,0.3333333333333333,0.1111111111111111,0.4512115909820032,0.8906654487649238,1,2,0.000566666,132.17530000000002,books-t2004-a=6 | books-t2004-b=4
q060,Paris,Head,CrossStripe,Lexical,Keyword,single-index,1,1,1,1,1,0.9065477790741163,1,1,0.000266667,109.6534,books-oracle2=10
q060,Paris,Head,CrossStripe,Lexical,Keyword,naive-score,0.6909997001806476,0.6,0.42857142857142855,-0.022222222222222223,0.2905472140153026,0.9371166382005486,1,2,0.0005,131.348,books-t2004-a=4 | books-t2004-b=6
q060,Paris,Head,CrossStripe,Lexical,Keyword,interleave,0.8993863070385081,0.9,0.8181818181818182,0.7222222222222222,0.6472898042892257,0.8240777321373157,0.9,2,0.0005,131.3274,books-t2004-a=5 | books-t2004-b=5
q060,Paris,Head,CrossStripe,Lexical,Keyword,quota-merge,0.957729671789803,0.9,0.8181818181818182,0.8333333333333334,0.7686291744123522,0.825763175064137,0.9,2,0.0005,131.31560000000002,books-t2004-a=5 | books-t2004-b=5
q060,Paris,Head,CrossStripe,Lexical,Keyword,global-rrf,0.957729671789803,0.9,0.8181818181818182,0.8333333333333334,0.7686291744123522,0.825763175064137,0.9,2,0.0005,131.3373,books-t2004-a=5 | books-t2004-b=5
q060,Paris,Head,CrossStripe,Lexical,Keyword,minmax-norm,0.6821117320682504,0.6,0.42857142857142855,-0.1111111111111111,0.29610584767794546,0.9371166382005486,1,2,0.0005,131.3694,books-t2004-a=4 | books-t2004-b=6
q060,Paris,Head,CrossStripe,Lexical,Keyword,zscore-norm,0.6897071433074229,0.6,0.42857142857142855,0.15555555555555556,0.31861203403893834,0.9552009891550426,1,2,0.0005,131.3502,books-t2004-a=4 | books-t2004-b=6
q060,Paris,Head,CrossStripe,Lexical,Keyword,idf-correct-probe,0.6802662716808654,0.6,0.42857142857142855,0.06666666666666667,0.27703554692041943,0.9458352203602566,1,4,0.0010666669999999999,219.14710000000002,books-t2004-a=4 | books-t2004-b=6
q060,Paris,Head,CrossStripe,Lexical,Keyword,semantic-score,0.9283613662347238,0.8,0.6666666666666666,1,0.7996425658290593,0.7734957689383873,0.8,2,0.0005,131.3304,books-t2004-a=6 | books-t2004-b=4
q060,Paris,Head,CrossStripe,Lexical,Keyword,semantic-rerank,0.9283613662347238,0.8,0.6666666666666666,1,0.7996425658290593,0.7734957689383873,0.8,4,0.0010666669999999999,229.0467,books-t2004-a=6 | books-t2004-b=4
q060,Paris,Head,CrossStripe,Lexical,Keyword,idf-correct-sidecar,0.6802662716808654,0.6,0.42857142857142855,0.06666666666666667,0.27703554692041943,0.9458352203602566,1,2,0.0005,131.362,books-t2004-a=4 | books-t2004-b=6
q061,the sea and the people who make their living on it,Torso,CrossStripe,Conceptual,Keyword,single-index,1,1,1,1,1,0.16868694662780107,1,1,0.000416667,178.5711,books-oracle2=10
q061,the sea and the people who make their living on it,Torso,CrossStripe,Conceptual,Keyword,naive-score,0.6500817910538138,0.5,0.3333333333333333,0.06666666666666667,0.29266459211377316,0.12306408049748081,1,2,0.0008,125.3861,books-t2004-a=4 | books-t2004-b=6
q061,the sea and the people who make their living on it,Torso,CrossStripe,Conceptual,Keyword,interleave,0.8636132999084312,0.8,0.6666666666666666,0.5,0.5988771715819867,0.17374522778165252,1,2,0.0008,125.3708,books-t2004-a=5 | books-t2004-b=5
q061,the sea and the people who make their living on it,Torso,CrossStripe,Conceptual,Keyword,quota-merge,0.775812358807369,0.8,0.6666666666666666,0.42857142857142855,0.49072777964140235,0.17374522778165252,1,2,0.0008,125.3627,books-t2004-a=5 | books-t2004-b=5
q061,the sea and the people who make their living on it,Torso,CrossStripe,Conceptual,Keyword,global-rrf,0.775812358807369,0.8,0.6666666666666666,0.42857142857142855,0.49072777964140235,0.17374522778165252,1,2,0.0008,125.37950000000001,books-t2004-a=5 | books-t2004-b=5
q061,the sea and the people who make their living on it,Torso,CrossStripe,Conceptual,Keyword,minmax-norm,0.6824247524344244,0.5,0.3333333333333333,0.3333333333333333,0.3489413099167354,0.14221151726722966,1,2,0.0008,125.4081,books-t2004-a=5 | books-t2004-b=5
q061,the sea and the people who make their living on it,Torso,CrossStripe,Conceptual,Keyword,zscore-norm,0.6821008389665635,0.5,0.3333333333333333,0.28888888888888886,0.3489413099167354,0.14221151726722966,1,2,0.0008,125.4021,books-t2004-a=5 | books-t2004-b=5
q061,the sea and the people who make their living on it,Torso,CrossStripe,Conceptual,Keyword,idf-correct-probe,0.6671729000767501,0.5,0.3333333333333333,0.15555555555555556,0.32461221196489476,0.13968237669030392,1,6,0.0016,323.2288,books-t2004-a=5 | books-t2004-b=5
q061,the sea and the people who make their living on it,Torso,CrossStripe,Conceptual,Keyword,semantic-score,0.8633878661756301,0.8,0.6666666666666666,1,0.678236351204398,0.17695052117073973,1,2,0.0008,125.3773,books-t2004-a=6 | books-t2004-b=4
q061,the sea and the people who make their living on it,Torso,CrossStripe,Conceptual,Keyword,semantic-rerank,0.8633878661756301,0.8,0.6666666666666666,1,0.678236351204398,0.17695052117073973,1,4,0.001416667,226.26870000000002,books-t2004-a=6 | books-t2004-b=4
q061,the sea and the people who make their living on it,Torso,CrossStripe,Conceptual,Keyword,idf-correct-sidecar,0.6671729000767501,0.5,0.3333333333333333,0.15555555555555556,0.32461221196489476,0.13968237669030392,1,2,0.0008,125.42110000000001,books-t2004-a=5 | books-t2004-b=5
q062,a small town where everyone is hiding something,Torso,CrossStripe,Conceptual,Keyword,single-index,1,1,1,1,1,0.5385850302409322,1,1,0.000416667,115.1068,books-oracle2=10
q062,a small town where everyone is hiding something,Torso,CrossStripe,Conceptual,Keyword,naive-score,0.5979425132093847,0.5,0.3333333333333333,0.022222222222222223,0.26960592143644035,0.45984508005768154,0.9,2,0.000783333,185.0672,books-t2004-a=7 | books-t2004-b=3
q062,a small town where everyone is hiding something,Torso,CrossStripe,Conceptual,Keyword,interleave,0.9560490393388046,0.8,0.6666666666666666,0.7777777777777778,0.76504376559557,0.4563874275517358,0.8,2,0.000783333,185.0494,books-t2004-a=5 | books-t2004-b=5
q062,a small town where everyone is hiding something,Torso,CrossStripe,Conceptual,Keyword,quota-merge,0.8946864517554138,0.8,0.6666666666666666,0.6666666666666666,0.6297545008514007,0.40603797171799544,0.8,2,0.000783333,185.0405,books-t2004-a=5 | books-t2004-b=5
q062,a small town where everyone is hiding something,Torso,CrossStripe,Conceptual,Keyword,global-rrf,0.8946864517554138,0.8,0.6666666666666666,0.6666666666666666,0.6297545008514007,0.40603797171799544,0.8,2,0.000783333,185.0581,books-t2004-a=5 | books-t2004-b=5
q062,a small town where everyone is hiding something,Torso,CrossStripe,Conceptual,Keyword,minmax-norm,0.5744597959776996,0.4,0.25,0.06666666666666667,0.2293596111832471,0.45351066791725775,0.9,2,0.000783333,185.0849,books-t2004-a=6 | books-t2004-b=4
q062,a small town where everyone is hiding something,Torso,CrossStripe,Conceptual,Keyword,zscore-norm,0.5744597959776996,0.4,0.25,0.06666666666666667,0.2293596111832471,0.45351066791725775,0.9,2,0.000783333,185.0788,books-t2004-a=6 | books-t2004-b=4
q062,a small town where everyone is hiding something,Torso,CrossStripe,Conceptual,Keyword,idf-correct-probe,0.5731493075101429,0.3,0.17647058823529413,-0.15555555555555556,0.20301577945744514,0.506948210384614,1,10,0.002416667,527.0482,books-t2004-a=3 | books-t2004-b=7
q062,a small town where everyone is hiding something,Torso,CrossStripe,Conceptual,Keyword,semantic-score,1,1,1,1,0.8591367550184259,0.5385850302409322,1,2,0.000783333,185.0636,books-t2004-a=7 | books-t2004-b=3
q062,a small town where everyone is hiding something,Torso,CrossStripe,Conceptual,Keyword,semantic-rerank,1,1,1,1,0.8591367550184259,0.5385850302409322,1,4,0.0015833330000000001,303.101,books-t2004-a=7 | books-t2004-b=3
q062,a small town where everyone is hiding something,Torso,CrossStripe,Conceptual,Keyword,idf-correct-sidecar,0.5843194553251914,0.5,0.3333333333333333,-0.28888888888888886,0.23961895262636507,0.45490333864086785,1,2,0.000783333,185.1023,books-t2004-a=5 | books-t2004-b=5
q063,identity and what makes someone who they are,Torso,CrossStripe,Conceptual,Keyword,single-index,1,1,1,1,1,0.7766054942524037,1,1,0.00085,106.1073,books-oracle2=10
q063,identity and what makes someone who they are,Torso,CrossStripe,Conceptual,Keyword,naive-score,0.7083928639721034,0.4,0.25,0.06666666666666667,0.3378938865012903,0.705414484622913,1,2,0.000783333,114.1579,books-t2004-a=4 | books-t2004-b=6
q063,identity and what makes someone who they are,Torso,CrossStripe,Conceptual,Keyword,interleave,0.8245948934016788,0.7,0.5384615384615384,0.8095238095238095,0.6144972603772848,0.8753170698415144,1,2,0.000783333,114.1435,books-t2004-a=5 | books-t2004-b=5
q063,identity and what makes someone who they are,Torso,CrossStripe,Conceptual,Keyword,quota-merge,0.8738146487876148,0.7,0.5384615384615384,1,0.7213338578991129,0.8769240118417216,1,2,0.000783333,114.1336,books-t2004-a=5 | books-t2004-b=5
q063,identity and what makes someone who they are,Torso,CrossStripe,Conceptual,Keyword,global-rrf,0.8738146487876148,0.7,0.5384615384615384,1,0.7213338578991129,0.8769240118417216,1,2,0.000783333,114.1508,books-t2004-a=5 | books-t2004-b=5
q063,identity and what makes someone who they are,Torso,CrossStripe,Conceptual,Keyword,minmax-norm,0.6570156493274553,0.3,0.17647058823529413,0.2,0.30269139150927904,0.6050801713829463,0.9,2,0.000783333,114.1768,books-t2004-a=6 | books-t2004-b=4
q063,identity and what makes someone who they are,Torso,CrossStripe,Conceptual,Keyword,zscore-norm,0.6569605537546479,0.3,0.17647058823529413,0.28888888888888886,0.30230123841473566,0.669608673434009,1,2,0.000783333,114.1706,books-t2004-a=5 | books-t2004-b=5
q063,identity and what makes someone who they are,Torso,CrossStripe,Conceptual,Keyword,idf-correct-probe,0.6844988058679692,0.4,0.25,-0.06666666666666667,0.27499716852836226,0.6481823320596063,1,4,0.001216667,201.9015,books-t2004-a=2 | books-t2004-b=8
q063,identity and what makes someone who they are,Torso,CrossStripe,Conceptual,Keyword,semantic-score,0.8779644192270797,0.7,0.5384615384615384,1,0.733772949466549,0.877666448931519,1,2,0.000783333,114.15169999999999,books-t2004-a=5 | books-t2004-b=5
q063,identity and what makes someone who they are,Torso,CrossStripe,Conceptual,Keyword,semantic-rerank,0.8779644192270797,0.7,0.5384615384615384,1,0.733772949466549,0.877666448931519,1,4,0.001383333,225.94029999999998,books-t2004-a=5 | books-t2004-b=5
q063,identity and what makes someone who they are,Torso,CrossStripe,Conceptual,Keyword,idf-correct-sidecar,0.6853756423194657,0.4,0.25,-0.022222222222222223,0.27499716852836226,0.6496207168822679,1,2,0.000783333,114.1883,books-t2004-a=2 | books-t2004-b=8
q064,father and son,Head,CrossStripe,Lexical,Keyword,single-index,1,1,1,1,1,0.8147830871320675,1,1,0.00035,141.0169,books-oracle2=10
q064,father and son,Head,CrossStripe,Lexical,Keyword,naive-score,0.8734819944948597,0.6,0.42857142857142855,-0.37777777777777777,0.4771798070195777,0.8445385381670475,1,2,0.000633334,146.4141,books-t2004-a=6 | books-t2004-b=4
q064,father and son,Head,CrossStripe,Lexical,Keyword,interleave,0.7540806944691009,0.6,0.42857142857142855,0.8666666666666667,0.5404427352994485,0.7210983596684446,0.9,2,0.000633334,146.3974,books-t2004-a=5 | books-t2004-b=5
q064,father and son,Head,CrossStripe,Lexical,Keyword,quota-merge,0.7365496425365374,0.6,0.42857142857142855,0.8666666666666667,0.5133028624958637,0.7250310598310273,0.9,2,0.000633334,146.3872,books-t2004-a=5 | books-t2004-b=5
q064,father and son,Head,CrossStripe,Lexical,Keyword,global-rrf,0.7365496425365374,0.6,0.42857142857142855,0.8666666666666667,0.5133028624958637,0.7250310598310273,0.9,2,0.000633334,146.4044,books-t2004-a=5 | books-t2004-b=5
q064,father and son,Head,CrossStripe,Lexical,Keyword,minmax-norm,0.8521013329330552,0.6,0.42857142857142855,-0.28888888888888886,0.4771798070195777,0.8445385381670475,1,2,0.000633334,146.4297,books-t2004-a=5 | books-t2004-b=5
q064,father and son,Head,CrossStripe,Lexical,Keyword,zscore-norm,0.8742407278654998,0.6,0.42857142857142855,-0.37777777777777777,0.46728732338267104,0.8445385381670475,1,2,0.000633334,146.4226,books-t2004-a=6 | books-t2004-b=4
q064,father and son,Head,CrossStripe,Lexical,Keyword,idf-correct-probe,0.7222558423484946,0.5,0.3333333333333333,-0.15555555555555556,0.35729627087924754,0.8172724860817825,0.9,6,0.001433334,316.7942,books-t2004-a=4 | books-t2004-b=6
q064,father and son,Head,CrossStripe,Lexical,Keyword,semantic-score,0.7542276663032247,0.6,0.42857142857142855,1,0.5404427352994485,0.7265358799769915,0.9,2,0.000633334,146.405,books-t2004-a=5 | books-t2004-b=5
q064,father and son,Head,CrossStripe,Lexical,Keyword,semantic-rerank,0.7542276663032247,0.6,0.42857142857142855,1,0.5404427352994485,0.7265358799769915,0.9,4,0.001200001,246.8957,books-t2004-a=5 | books-t2004-b=5
q064,father and son,Head,CrossStripe,Lexical,Keyword,idf-correct-sidecar,0.7222558423484946,0.5,0.3333333333333333,-0.15555555555555556,0.35729627087924754,0.8172724860817825,0.9,2,0.000633334,146.437,books-t2004-a=4 | books-t2004-b=6
q065,escape from captivity,Torso,CrossStripe,Conceptual,Keyword,single-index,1,1,1,1,1,0.6829708425885647,1,1,0.000316667,113.7296,books-oracle2=10
q065,escape from captivity,Torso,CrossStripe,Conceptual,Keyword,naive-score,0.56551683236868,0.4,0.25,0.24444444444444444,0.25921734380184663,0.8356362937419459,0.9,2,0.0005833329999999999,122.1782,books-t2004-a=4 | books-t2004-b=6
q065,escape from captivity,Torso,CrossStripe,Conceptual,Keyword,interleave,0.9022351381510789,0.8,0.6666666666666666,0.7222222222222222,0.6742233944218219,0.6871921229148894,0.8,2,0.0005833329999999999,122.1608,books-t2004-a=5 | books-t2004-b=5
q065,escape from captivity,Torso,CrossStripe,Conceptual,Keyword,quota-merge,0.9037480607596414,0.8,0.6666666666666666,0.7222222222222222,0.6790311414693585,0.6898255581703268,0.8,2,0.0005833329999999999,122.1516,books-t2004-a=5 | books-t2004-b=5
q065,escape from captivity,Torso,CrossStripe,Conceptual,Keyword,global-rrf,0.9037480607596414,0.8,0.6666666666666666,0.7222222222222222,0.6790311414693585,0.6898255581703268,0.8,2,0.0005833329999999999,122.1685,books-t2004-a=5 | books-t2004-b=5
q065,escape from captivity,Torso,CrossStripe,Conceptual,Keyword,minmax-norm,0.63459939674094,0.4,0.25,0.5111111111111111,0.32916175896598604,0.7587715252102477,0.7,2,0.0005833329999999999,122.194,books-t2004-a=7 | books-t2004-b=3
q065,escape from captivity,Torso,CrossStripe,Conceptual,Keyword,zscore-norm,0.5612147858930764,0.4,0.25,0.28888888888888886,0.25656259921639635,0.7378104046104305,0.7,2,0.0005833329999999999,122.1882,books-t2004-a=7 | books-t2004-b=3
q065,escape from captivity,Torso,CrossStripe,Conceptual,Keyword,idf-correct-probe,0.5207437213935621,0.4,0.25,0.022222222222222223,0.20283507338249082,0.8189537052562311,0.9,6,0.001383333,291.5646,books-t2004-a=1 | books-t2004-b=9
q065,escape from captivity,Torso,CrossStripe,Conceptual,Keyword,semantic-score,1,1,1,1,0.8591367550184259,0.6829708425885647,1,2,0.0005833329999999999,122.1681,books-t2004-a=3 | books-t2004-b=7
q065,escape from captivity,Torso,CrossStripe,Conceptual,Keyword,semantic-rerank,1,1,1,1,0.8591367550184259,0.6829708425885647,1,4,0.00115,220.29070000000002,books-t2004-a=3 | books-t2004-b=7
q065,escape from captivity,Torso,CrossStripe,Conceptual,Keyword,idf-correct-sidecar,0.56551683236868,0.4,0.25,0.24444444444444444,0.25921734380184663,0.8356362937419459,0.9,2,0.0005833329999999999,122.2007,books-t2004-a=4 | books-t2004-b=6
q066,a secret that destroys a community when it comes out,Torso,CrossStripe,Conceptual,Keyword,single-index,1,1,1,1,1,0.5272025967400592,1,1,0.00085,113.915,books-oracle2=10
q066,a secret that destroys a community when it comes out,Torso,CrossStripe,Conceptual,Keyword,naive-score,0.5779407430016434,0.3,0.17647058823529413,-0.6,0.16115828023799383,0.25158013438127197,0.9,2,0.000766666,135.8183,books-t2004-a=7 | books-t2004-b=3
q066,a secret that destroys a community when it comes out,Torso,CrossStripe,Conceptual,Keyword,interleave,0.7200615527562895,0.7,0.5384615384615384,0.23809523809523808,0.4299428998682618,0.3668521818742139,0.8,2,0.000766666,135.8035,books-t2004-a=5 | books-t2004-b=5
q066,a secret that destroys a community when it comes out,Torso,CrossStripe,Conceptual,Keyword,quota-merge,0.8377685848956817,0.7,0.5384615384615384,0.3333333333333333,0.5700399116599679,0.4814938069281344,0.8,2,0.000766666,135.7957,books-t2004-a=5 | books-t2004-b=5
q066,a secret that destroys a community when it comes out,Torso,CrossStripe,Conceptual,Keyword,global-rrf,0.8377685848956817,0.7,0.5384615384615384,0.3333333333333333,0.5700399116599679,0.4814938069281344,0.8,2,0.000766666,135.8124,books-t2004-a=5 | books-t2004-b=5
q066,a secret that destroys a community when it comes out,Torso,CrossStripe,Conceptual,Keyword,minmax-norm,0.7048153609978389,0.4,0.25,0.2,0.3348456343526057,0.2804707562821935,0.9,2,0.000766666,135.8398,books-t2004-a=3 | books-t2004-b=7
q066,a secret that destroys a community when it comes out,Torso,CrossStripe,Conceptual,Keyword,zscore-norm,0.6950275895198896,0.4,0.25,-0.022222222222222223,0.2908852270612822,0.28336205896675953,0.9,2,0.000766666,135.8322,books-t2004-a=4 | books-t2004-b=6
q066,a secret that destroys a community when it comes out,Torso,CrossStripe,Conceptual,Keyword,idf-correct-probe,0.6286559067301024,0.3,0.17647058823529413,-0.28888888888888886,0.19681420272169034,0.2525215360206422,0.9,12,0.0028333340000000003,575.9835,books-t2004-a=5 | books-t2004-b=5
q066,a secret that destroys a community when it comes out,Torso,CrossStripe,Conceptual,Keyword,semantic-score,0.9283613662347238,0.8,0.6666666666666666,1,0.7996425658290593,0.4968069020906668,1,2,0.000766666,135.8176,books-t2004-a=2 | books-t2004-b=8
q066,a secret that destroys a community when it comes out,Torso,CrossStripe,Conceptual,Keyword,semantic-rerank,0.9283613662347238,0.8,0.6666666666666666,1,0.7996425658290593,0.4968069020906668,1,4,0.001383333,238.6368,books-t2004-a=2 | books-t2004-b=8
q066,a secret that destroys a community when it comes out,Torso,CrossStripe,Conceptual,Keyword,idf-correct-sidecar,0.5861087675738513,0.3,0.17647058823529413,-0.5111111111111111,0.1770604476843214,0.2578534570309962,0.9,2,0.000766666,135.8525,books-t2004-a=7 | books-t2004-b=3
q067,the American South,Torso,CrossStripe,Lexical,Keyword,single-index,1,1,1,1,1,0.6029888954823899,1,1,0.00035,164.5149,books-oracle2=10
q067,the American South,Torso,CrossStripe,Lexical,Keyword,naive-score,0.6042596490666418,0.5,0.3333333333333333,-0.3333333333333333,0.2687720307153728,0.4513028703500758,1,2,0.0005,153.6799,books-t2004-a=7 | books-t2004-b=3
q067,the American South,Torso,CrossStripe,Lexical,Keyword,interleave,0.426531597310735,0.4,0.25,0.6666666666666666,0.2726653123940558,0.5011481633702419,1,2,0.0005,153.65970000000002,books-t2004-a=5 | books-t2004-b=5
q067,the American South,Torso,CrossStripe,Lexical,Keyword,quota-merge,0.3962857661600747,0.4,0.25,0.3333333333333333,0.2455254395904708,0.5161430508899978,1,2,0.0005,153.6489,books-t2004-a=5 | books-t2004-b=5
q067,the American South,Torso,CrossStripe,Lexical,Keyword,global-rrf,0.3962857661600747,0.4,0.25,0.3333333333333333,0.2455254395904708,0.5161430508899978,1,2,0.0005,153.66750000000002,books-t2004-a=5 | books-t2004-b=5
q067,the American South,Torso,CrossStripe,Lexical,Keyword,minmax-norm,0.5978752344644732,0.5,0.3333333333333333,-0.4222222222222222,0.2687720307153728,0.40690437747064384,1,2,0.0005,153.6918,books-t2004-a=6 | books-t2004-b=4
q067,the American South,Torso,CrossStripe,Lexical,Keyword,zscore-norm,0.49278633089948226,0.3,0.17647058823529413,-0.5,0.20209754715288458,0.34247637954200594,0.9,2,0.0005,153.6866,books-t2004-a=4 | books-t2004-b=6
q067,the American South,Torso,CrossStripe,Lexical,Keyword,idf-correct-probe,0.6056023478236362,0.5,0.3333333333333333,-0.3333333333333333,0.2870914448577926,0.4642683649281917,1,6,0.001466667,324.0331,books-t2004-a=8 | books-t2004-b=2
q067,the American South,Torso,CrossStripe,Lexical,Keyword,semantic-score,0.427167171582121,0.4,0.25,1,0.2726653123940558,0.460735753006869,0.9,2,0.0005,153.6681,books-t2004-a=4 | books-t2004-b=6
q067,the American South,Torso,CrossStripe,Lexical,Keyword,semantic-rerank,0.427167171582121,0.4,0.25,1,0.2726653123940558,0.460735753006869,0.9,4,0.0010833330000000001,255.99830000000003,books-t2004-a=4 | books-t2004-b=6
q067,the American South,Torso,CrossStripe,Lexical,Keyword,idf-correct-sidecar,0.6056023478236362,0.5,0.3333333333333333,-0.3333333333333333,0.2870914448577926,0.4642683649281917,1,2,0.0005,153.6964,books-t2004-a=8 | books-t2004-b=2
q068,grief after the death of a child,Torso,CrossStripe,Conceptual,Keyword,single-index,1,1,1,1,1,0.14480891677161004,1,1,0.000416667,116.9186,books-oracle2=10
q068,grief after the death of a child,Torso,CrossStripe,Conceptual,Keyword,naive-score,0.541734320079008,0.4,0.25,-0.022222222222222223,0.2811890968915328,0.141685397039088,0.9,2,0.000766666,144.37300000000002,books-t2004-a=5 | books-t2004-b=5
q068,grief after the death of a child,Torso,CrossStripe,Conceptual,Keyword,interleave,0.19954485905335123,0.2,0.1111111111111111,1,0.059494189189366706,0.17202874148134514,0.5,2,0.000766666,144.356,books-t2004-a=5 | books-t2004-b=5
q068,grief after the death of a child,Torso,CrossStripe,Conceptual,Keyword,quota-merge,0.20670685202940667,0.2,0.1111111111111111,1,0.06712553370926616,0.2597696968183686,0.5,2,0.000766666,144.34380000000002,books-t2004-a=5 | books-t2004-b=5
q068,grief after the death of a child,Torso,CrossStripe,Conceptual,Keyword,global-rrf,0.20670685202940667,0.2,0.1111111111111111,1,0.06712553370926616,0.2597696968183686,0.5,2,0.000766666,144.36520000000002,books-t2004-a=5 | books-t2004-b=5
q068,grief after the death of a child,Torso,CrossStripe,Conceptual,Keyword,minmax-norm,0.5644714006561582,0.4,0.25,0.1111111111111111,0.26356513782660446,0.1322744945806067,1,2,0.000766666,144.4013,books-t2004-a=3 | books-t2004-b=7
q068,grief after the death of a child,Torso,CrossStripe,Conceptual,Keyword,zscore-norm,0.5646401265260769,0.4,0.25,0.06666666666666667,0.26005890789736874,0.12205086616752951,0.9,2,0.000766666,144.393,books-t2004-a=4 | books-t2004-b=6
q068,grief after the death of a child,Torso,CrossStripe,Conceptual,Keyword,idf-correct-probe,0.5488959082997447,0.4,0.25,0.022222222222222223,0.2871987807009536,0.12205086616752951,0.9,6,0.001566666,344.0277,books-t2004-a=4 | books-t2004-b=6
q068,grief after the death of a child,Torso,CrossStripe,Conceptual,Keyword,semantic-score,0.1937591037516148,0.2,0.1111111111111111,1,0.05348450537994589,0.173356138614552,0.5,2,0.000766666,144.358,books-t2004-a=5 | books-t2004-b=5
q068,grief after the death of a child,Torso,CrossStripe,Conceptual,Keyword,semantic-rerank,0.1937591037516148,0.2,0.1111111111111111,1,0.05348450537994589,0.173356138614552,0.5,4,0.001383333,249.0551,books-t2004-a=5 | books-t2004-b=5
q068,grief after the death of a child,Torso,CrossStripe,Conceptual,Keyword,idf-correct-sidecar,0.5488959082997447,0.4,0.25,0.022222222222222223,0.2871987807009536,0.12205086616752951,0.9,2,0.000766666,144.3958,books-t2004-a=4 | books-t2004-b=6
q069,an outsider who does not fit in anywhere,Torso,CrossStripe,Conceptual,Keyword,single-index,1,1,1,1,1,0.8201670138758812,1,1,0.00085,117.8573,books-oracle2=10
q069,an outsider who does not fit in anywhere,Torso,CrossStripe,Conceptual,Keyword,naive-score,0.608471214977244,0.5,0.3333333333333333,-0.15555555555555556,0.23519815930646318,0.5384728924986207,1,2,0.000766666,139.7493,books-t2004-a=7 | books-t2004-b=3
q069,an outsider who does not fit in anywhere,Torso,CrossStripe,Conceptual,Keyword,interleave,0.9371588673113227,0.7,0.5384615384615384,0.7222222222222222,0.7077616931927138,0.8313306801500846,1,2,0.000766666,139.734,books-t2004-a=5 | books-t2004-b=5
q069,an outsider who does not fit in anywhere,Torso,CrossStripe,Conceptual,Keyword,quota-merge,0.8878524843971409,0.7,0.5384615384615384,0.6666666666666666,0.6204336239545712,0.8313306801500846,1,2,0.000766666,139.7245,books-t2004-a=5 | books-t2004-b=5
q069,an outsider who does not fit in anywhere,Torso,CrossStripe,Conceptual,Keyword,global-rrf,0.8878524843971409,0.7,0.5384615384615384,0.6666666666666666,0.6204336239545712,0.8313306801500846,1,2,0.000766666,139.7409,books-t2004-a=5 | books-t2004-b=5
q069,an outsider who does not fit in anywhere,Torso,CrossStripe,Conceptual,Keyword,minmax-norm,0.6156055819649933,0.5,0.3333333333333333,-0.06666666666666667,0.24000590635399988,0.5416498909810089,1,2,0.000766666,139.7703,books-t2004-a=7 | books-t2004-b=3
q069,an outsider who does not fit in anywhere,Torso,CrossStripe,Conceptual,Keyword,zscore-norm,0.5681693455244888,0.5,0.3333333333333333,0.022222222222222223,0.2527219874632694,0.541254570718333,1,2,0.000766666,139.76239999999999,books-t2004-a=6 | books-t2004-b=4
q069,an outsider who does not fit in anywhere,Torso,CrossStripe,Conceptual,Keyword,idf-correct-probe,0.5700450858355375,0.5,0.3333333333333333,0.06666666666666667,0.2575297345108061,0.5427593908642973,1,12,0.0026666680000000005,563.7194,books-t2004-a=6 | books-t2004-b=4
q069,an outsider who does not fit in anywhere,Torso,CrossStripe,Conceptual,Keyword,semantic-score,0.9665082878897354,0.9,0.8181818181818182,1,0.8347983758522218,0.8201670138758812,1,2,0.000766666,139.74099999999999,books-t2004-a=3 | books-t2004-b=7
q069,an outsider who does not fit in anywhere,Torso,CrossStripe,Conceptual,Keyword,semantic-rerank,0.9665082878897354,0.9,0.8181818181818182,1,0.8347983758522218,0.8201670138758812,1,4,0.001549999,255.571,books-t2004-a=3 | books-t2004-b=7
q069,an outsider who does not fit in anywhere,Torso,CrossStripe,Conceptual,Keyword,idf-correct-sidecar,0.5741269250487044,0.5,0.3333333333333333,0.15555555555555556,0.2635394183202269,0.5387376837576843,1,2,0.000766666,139.7827,books-t2004-a=6 | books-t2004-b=4
q070,school,Head,CrossStripe,Lexical,Keyword,single-index,1,1,1,1,1,0.8884634281196222,1,1,0.00035,117.9112,books-oracle2=10
q070,school,Head,CrossStripe,Lexical,Keyword,naive-score,0.5811806580168449,0.5,0.3333333333333333,0.1111111111111111,0.2501233745334712,0.9636452638863133,1,2,0.00065,132.3723,books-t2004-a=10
q070,school,Head,CrossStripe,Lexical,Keyword,interleave,0.7443354530569147,0.8,0.6666666666666666,0.9444444444444444,0.5873449769844552,0.9010362095152992,1,2,0.00065,132.3577,books-t2004-a=5 | books-t2004-b=5
q070,school,Head,CrossStripe,Lexical,Keyword,quota-merge,0.8876081306989986,0.8,0.6666666666666666,0.7777777777777778,0.6802316798852408,0.8884634281196222,1,2,0.00065,132.3494,books-t2004-a=5 | books-t2004-b=5
q070,school,Head,CrossStripe,Lexical,Keyword,global-rrf,0.8876081306989986,0.8,0.6666666666666666,0.7777777777777778,0.6802316798852408,0.8884634281196222,1,2,0.00065,132.36520000000002,books-t2004-a=5 | books-t2004-b=5
q070,school,Head,CrossStripe,Lexical,Keyword,minmax-norm,0.5476582489195186,0.5,0.3333333333333333,-0.24444444444444444,0.19828039831154143,0.9052116356304492,0.9,2,0.00065,132.3903,books-t2004-a=7 | books-t2004-b=3
q070,school,Head,CrossStripe,Lexical,Keyword,zscore-norm,0.5115284932869582,0.4,0.25,-0.3333333333333333,0.17290522578247536,0.8048109992093389,0.8,2,0.00065,132.3854,books-t2004-a=6 | books-t2004-b=4
q070,school,Head,CrossStripe,Lexical,Keyword,idf-correct-probe,0.5476582489195186,0.5,0.3333333333333333,-0.24444444444444444,0.19828039831154143,0.9052116356304492,0.9,2,0.00065,132.39090000000002,books-t2004-a=7 | books-t2004-b=3
q070,school,Head,CrossStripe,Lexical,Keyword,semantic-score,0.8982658901806848,0.9,0.8181818181818182,1,0.7025747303706025,0.9010362095152992,1,2,0.00065,132.36270000000002,books-t2004-a=7 | books-t2004-b=3
q070,school,Head,CrossStripe,Lexical,Keyword,semantic-rerank,0.8982658901806848,0.9,0.8181818181818182,1,0.7025747303706025,0.9010362095152992,1,4,0.0012166669999999998,231.4688,books-t2004-a=7 | books-t2004-b=3
q070,school,Head,CrossStripe,Lexical,Keyword,idf-correct-sidecar,0.5476582489195186,0.5,0.3333333333333333,-0.24444444444444444,0.19828039831154143,0.9052116356304492,0.9,2,0.00065,132.4146,books-t2004-a=7 | books-t2004-b=3
q071,obsession that ruins a life,Torso,CrossStripe,Conceptual,Keyword,single-index,1,1,1,1,1,0.5432315326856668,1,1,0.0004,119.19,books-oracle2=10
q071,obsession that ruins a life,Torso,CrossStripe,Conceptual,Keyword,naive-score,0.524767457249609,0.6,0.42857142857142855,-0.5555555555555556,0.21419380239256955,0.28823583620218585,1,2,0.000766666,149.31920000000002,books-t2004-a=1 | books-t2004-b=9
q071,obsession that ruins a life,Torso,CrossStripe,Conceptual,Keyword,interleave,0.8497165616630743,0.8,0.6666666666666666,0.8571428571428571,0.6316425225497493,0.5414688639826655,1,2,0.000766666,149.30370000000002,books-t2004-a=5 | books-t2004-b=5
q071,obsession that ruins a life,Torso,CrossStripe,Conceptual,Keyword,quota-merge,0.9043987709032661,0.8,0.6666666666666666,1,0.7321605699704342,0.4718437304759291,1,2,0.000766666,149.2939,books-t2004-a=5 | books-t2004-b=5
q071,obsession that ruins a life,Torso,CrossStripe,Conceptual,Keyword,global-rrf,0.9043987709032661,0.8,0.6666666666666666,1,0.7321605699704342,0.4718437304759291,1,2,0.000766666,149.3112,books-t2004-a=5 | books-t2004-b=5
q071,obsession that ruins a life,Torso,CrossStripe,Conceptual,Keyword,minmax-norm,0.6235623044739534,0.4,0.25,0.24444444444444444,0.2746674185623645,0.2029281012417022,0.6,2,0.000766666,149.3373,books-t2004-a=7 | books-t2004-b=3
q071,obsession that ruins a life,Torso,CrossStripe,Conceptual,Keyword,zscore-norm,0.5774265253554058,0.5,0.3333333333333333,0.1111111111111111,0.278370878053169,0.23691425346467554,0.8,2,0.000766666,149.3305,books-t2004-a=4 | books-t2004-b=6
q071,obsession that ruins a life,Torso,CrossStripe,Conceptual,Keyword,idf-correct-probe,0.5242248201491673,0.6,0.42857142857142855,-0.6,0.21419380239256955,0.28974065634815,1,6,0.0016,321.98879999999997,books-t2004-a=1 | books-t2004-b=9
q071,obsession that ruins a life,Torso,CrossStripe,Conceptual,Keyword,semantic-score,0.8930568943197003,0.8,0.6666666666666666,1,0.7126520416867486,0.46748443939607504,1,2,0.000766666,149.31560000000002,books-t2004-a=5 | books-t2004-b=5
q071,obsession that ruins a life,Torso,CrossStripe,Conceptual,Keyword,semantic-rerank,0.8930568943197003,0.8,0.6666666666666666,1,0.7126520416867486,0.46748443939607504,1,4,0.001366666,252.998,books-t2004-a=5 | books-t2004-b=5
q071,obsession that ruins a life,Torso,CrossStripe,Conceptual,Keyword,idf-correct-sidecar,0.524767457249609,0.6,0.42857142857142855,-0.5555555555555556,0.21419380239256955,0.28823583620218585,1,2,0.000766666,149.34560000000002,books-t2004-a=1 | books-t2004-b=9
q072,slavery and its aftermath,Torso,CrossStripe,Mixed,Keyword,single-index,1,1,1,1,1,0.7923565945319208,1,1,0.000283333,122.8998,books-oracle2=10
q072,slavery and its aftermath,Torso,CrossStripe,Mixed,Keyword,naive-score,0.7829331124240911,0.6,0.42857142857142855,0.24444444444444444,0.43493182676276776,0.6918139184860846,0.9,2,0.000533334,122.30359999999999,books-t2004-a=6 | books-t2004-b=4
q072,slavery and its aftermath,Torso,CrossStripe,Mixed,Keyword,interleave,0.9011808001776969,0.8,0.6666666666666666,0.5714285714285714,0.6490995062050205,0.7814715141022026,0.9,2,0.000533334,122.2877,books-t2004-a=5 | books-t2004-b=5
q072,slavery and its aftermath,Torso,CrossStripe,Mixed,Keyword,quota-merge,0.8070197820188586,0.8,0.6666666666666666,0.35714285714285715,0.5277601360818939,0.7837137848463718,0.9,2,0.000533334,122.27969999999999,books-t2004-a=5 | books-t2004-b=5
q072,slavery and its aftermath,Torso,CrossStripe,Mixed,Keyword,global-rrf,0.8070197820188586,0.8,0.6666666666666666,0.35714285714285715,0.5277601360818939,0.7837137848463718,0.9,2,0.000533334,122.2957,books-t2004-a=5 | books-t2004-b=5
q072,slavery and its aftermath,Torso,CrossStripe,Mixed,Keyword,minmax-norm,0.7267021703355152,0.6,0.42857142857142855,0.1111111111111111,0.34503500446306834,0.6479137975726231,0.9,2,0.000533334,122.3211,books-t2004-a=6 | books-t2004-b=4
q072,slavery and its aftermath,Torso,CrossStripe,Mixed,Keyword,zscore-norm,0.7143235025678252,0.6,0.42857142857142855,-0.06666666666666667,0.33059839014813436,0.56689986310088,0.9,2,0.000533334,122.31599999999999,books-t2004-a=6 | books-t2004-b=4
q072,slavery and its aftermath,Torso,CrossStripe,Mixed,Keyword,idf-correct-probe,0.7829331124240911,0.6,0.42857142857142855,0.24444444444444444,0.43493182676276776,0.6918139184860846,0.9,6,0.001333334,297.1696,books-t2004-a=6 | books-t2004-b=4
q072,slavery and its aftermath,Torso,CrossStripe,Mixed,Keyword,semantic-score,0.9575862646317291,0.9,0.8181818181818182,1,0.8064571168384576,0.7544970382722698,1,2,0.000533334,122.29599999999999,books-t2004-a=7 | books-t2004-b=3
q072,slavery and its aftermath,Torso,CrossStripe,Mixed,Keyword,semantic-rerank,0.9575862646317291,0.9,0.8181818181818182,1,0.8064571168384576,0.7544970382722698,1,4,0.001100001,227.89339999999999,books-t2004-a=7 | books-t2004-b=3
q072,slavery and its aftermath,Torso,CrossStripe,Mixed,Keyword,idf-correct-sidecar,0.7829331124240911,0.6,0.42857142857142855,0.24444444444444444,0.43493182676276776,0.6918139184860846,0.9,2,0.000533334,122.3384,books-t2004-a=6 | books-t2004-b=4
q073,the Holocaust,Torso,CrossStripe,Lexical,Keyword,single-index,1,1,1,1,1,0.5726085373295241,1,1,0.000216667,105.2328,books-oracle2=10
q073,the Holocaust,Torso,CrossStripe,Lexical,Keyword,naive-score,0.42552795497597756,0.2,0.1111111111111111,-0.022222222222222223,0.10751798158218116,0.4047723189266915,0.8,2,0.00030000000000000003,96.2906,books-t2004-a=2 | books-t2004-b=8
q073,the Holocaust,Torso,CrossStripe,Lexical,Keyword,interleave,0.9265735694031847,0.8,0.6666666666666666,0.7333333333333333,0.6625587985340252,0.4885972799524538,0.8,2,0.00030000000000000003,96.2787,books-t2004-a=5 | books-t2004-b=5
q073,the Holocaust,Torso,CrossStripe,Lexical,Keyword,quota-merge,0.9225781336893527,0.8,0.6666666666666666,0.6888888888888889,0.6352943955159728,0.4885972799524538,0.8,2,0.00030000000000000003,96.2715,books-t2004-a=5 | books-t2004-b=5
q073,the Holocaust,Torso,CrossStripe,Lexical,Keyword,global-rrf,0.9225781336893527,0.8,0.6666666666666666,0.6888888888888889,0.6352943955159728,0.4885972799524538,0.8,2,0.00030000000000000003,96.2837,books-t2004-a=5 | books-t2004-b=5
q073,the Holocaust,Torso,CrossStripe,Lexical,Keyword,minmax-norm,0.4270047419015574,0.2,0.1111111111111111,-0.1111111111111111,0.1089111181903216,0.42294968698353486,0.8,2,0.00030000000000000003,96.3021,books-t2004-a=3 | books-t2004-b=7
q073,the Holocaust,Torso,CrossStripe,Lexical,Keyword,zscore-norm,0.4451147682357508,0.2,0.1111111111111111,-0.06666666666666667,0.1089111181903216,0.4653893170382791,0.8,2,0.00030000000000000003,96.2989,books-t2004-a=3 | books-t2004-b=7
q073,the Holocaust,Torso,CrossStripe,Lexical,Keyword,idf-correct-probe,0.4451147682357508,0.2,0.1111111111111111,-0.06666666666666667,0.1089111181903216,0.4653893170382791,0.8,4,0.0007000000000000001,185.349,books-t2004-a=3 | books-t2004-b=7
q073,the Holocaust,Torso,CrossStripe,Lexical,Keyword,semantic-score,1,1,1,1,0.8621053906367673,0.5726085373295241,1,2,0.00030000000000000003,96.2846,books-t2004-a=7 | books-t2004-b=3
q073,the Holocaust,Torso,CrossStripe,Lexical,Keyword,semantic-rerank,1,1,1,1,0.8621053906367673,0.5726085373295241,1,4,0.0010166670000000002,192.3259,books-t2004-a=7 | books-t2004-b=3
q073,the Holocaust,Torso,CrossStripe,Lexical,Keyword,idf-correct-sidecar,0.4451147682357508,0.2,0.1111111111111111,-0.06666666666666667,0.1089111181903216,0.4653893170382791,0.8,2,0.00030000000000000003,96.3096,books-t2004-a=3 | books-t2004-b=7
q074,a woman who defies the expectations of her time,Torso,CrossStripe,Conceptual,Keyword,single-index,1,1,1,1,1,0.5342302653497181,1,1,0.000416667,114.3221,books-oracle2=10
q074,a woman who defies the expectations of her time,Torso,CrossStripe,Conceptual,Keyword,naive-score,0.6281052176534667,0.3,0.17647058823529413,0.24444444444444444,0.26497851263644123,0.364759342853654,0.9,2,0.001166666,126.3608,books-t2004-a=5 | books-t2004-b=5
q074,a woman who defies the expectations of her time,Torso,CrossStripe,Conceptual,Keyword,interleave,0.8578966965305985,0.7,0.5384615384615384,0.9047619047619048,0.694323346329965,0.43452047374841657,0.8,2,0.001166666,126.3468,books-t2004-a=5 | books-t2004-b=5
q074,a woman who defies the expectations of her time,Torso,CrossStripe,Conceptual,Keyword,quota-merge,0.8177315122380864,0.7,0.5384615384615384,0.9047619047619048,0.620945171712865,0.4376636690973358,0.8,2,0.001166666,126.33840000000001,books-t2004-a=5 | books-t2004-b=5
q074,a woman who defies the expectations of her time,Torso,CrossStripe,Conceptual,Keyword,global-rrf,0.8177315122380864,0.7,0.5384615384615384,0.9047619047619048,0.620945171712865,0.4376636690973358,0.8,2,0.001166666,126.3543,books-t2004-a=5 | books-t2004-b=5
q074,a woman who defies the expectations of her time,Torso,CrossStripe,Conceptual,Keyword,minmax-norm,0.650341226812012,0.4,0.25,0.06666666666666667,0.2433303990460217,0.42756862202073437,1,2,0.001166666,126.3836,books-t2004-a=3 | books-t2004-b=7
q074,a woman who defies the expectations of her time,Torso,CrossStripe,Conceptual,Keyword,zscore-norm,0.6281052176534667,0.3,0.17647058823529413,0.24444444444444444,0.26497851263644123,0.364759342853654,0.9,2,0.001166666,126.3755,books-t2004-a=5 | books-t2004-b=5
q074,a woman who defies the expectations of her time,Torso,CrossStripe,Conceptual,Keyword,idf-correct-probe,0.6642110031150341,0.4,0.25,-0.06666666666666667,0.2258065708892156,0.3836140016009965,1,8,0.002433334,388.4514,books-t2004-a=3 | books-t2004-b=7
q074,a woman who defies the expectations of her time,Torso,CrossStripe,Conceptual,Keyword,semantic-score,0.8584349970638101,0.7,0.5384615384615384,1,0.694323346329965,0.4354840235574088,0.8,2,0.001166666,126.3548,books-t2004-a=5 | books-t2004-b=5
q074,a woman who defies the expectations of her time,Torso,CrossStripe,Conceptual,Keyword,semantic-rerank,0.8584349970638101,0.7,0.5384615384615384,1,0.694323346329965,0.4354840235574088,0.8,4,0.001933332,230.0197,books-t2004-a=5 | books-t2004-b=5
q074,a woman who defies the expectations of her time,Torso,CrossStripe,Conceptual,Keyword,idf-correct-sidecar,0.6281052176534667,0.3,0.17647058823529413,0.24444444444444444,0.26497851263644123,0.364759342853654,0.9,2,0.001166666,126.3961,books-t2004-a=5 | books-t2004-b=5
q075,addiction and recovery,Torso,CrossStripe,Mixed,Keyword,single-index,1,1,1,1,1,0.8113499146016455,1,1,0.0003,161.452,books-oracle2=10
q075,addiction and recovery,Torso,CrossStripe,Mixed,Keyword,naive-score,0.518896688184,0.5,0.3333333333333333,0.15555555555555556,0.2150562938036379,0.9580777588003657,1,2,0.0005499999999999999,123.0705,books-t2004-a=5 | books-t2004-b=5
q075,addiction and recovery,Torso,CrossStripe,Mixed,Keyword,interleave,0.9934718179222117,0.9,0.8181818181818182,0.7333333333333333,0.7854993449342887,0.7477291264026937,0.9,2,0.0005499999999999999,123.0552,books-t2004-a=5 | books-t2004-b=5
q075,addiction and recovery,Torso,CrossStripe,Mixed,Keyword,quota-merge,0.932829112841694,0.9,0.8181818181818182,0.6,0.6446514465274765,0.8028644642335595,0.9,2,0.0005499999999999999,123.0462,books-t2004-a=5 | books-t2004-b=5
q075,addiction and recovery,Torso,CrossStripe,Mixed,Keyword,global-rrf,0.932829112841694,0.9,0.8181818181818182,0.6,0.6446514465274765,0.8028644642335595,0.9,2,0.0005499999999999999,123.0641,books-t2004-a=5 | books-t2004-b=5
q075,addiction and recovery,Torso,CrossStripe,Mixed,Keyword,minmax-norm,0.5460261143226073,0.5,0.3333333333333333,0.1111111111111111,0.22589782890705232,0.754595896395787,0.7,2,0.0005499999999999999,123.09060000000001,books-t2004-a=9 | books-t2004-b=1
q075,addiction and recovery,Torso,CrossStripe,Mixed,Keyword,zscore-norm,0.5460261143226073,0.5,0.3333333333333333,0.1111111111111111,0.22589782890705232,0.754595896395787,0.7,2,0.0005499999999999999,123.0828,books-t2004-a=9 | books-t2004-b=1
q075,addiction and recovery,Torso,CrossStripe,Mixed,Keyword,idf-correct-probe,0.5164108137515909,0.4,0.25,0.1111111111111111,0.2031718265853631,0.868300680136733,1,6,0.00135,292.1903,books-t2004-a=2 | books-t2004-b=8
q075,addiction and recovery,Torso,CrossStripe,Mixed,Keyword,semantic-score,1,1,1,1,0.8591367550184259,0.8113499146016455,1,2,0.0005499999999999999,123.061,books-t2004-a=6 | books-t2004-b=4
q075,addiction and recovery,Torso,CrossStripe,Mixed,Keyword,semantic-rerank,1,1,1,1,0.8591367550184259,0.8113499146016455,1,4,0.001116667,237.0109,books-t2004-a=6 | books-t2004-b=4
q075,addiction and recovery,Torso,CrossStripe,Mixed,Keyword,idf-correct-sidecar,0.5164108137515909,0.4,0.25,0.1111111111111111,0.2031718265853631,0.868300680136733,1,2,0.0005499999999999999,123.0943,books-t2004-a=2 | books-t2004-b=8
q076,New York City,Head,CrossStripe,Lexical,Keyword,single-index,1,1,1,1,1,0.8168144296020593,1,1,0.0004,126.9389,books-oracle2=10
q076,New York City,Head,CrossStripe,Lexical,Keyword,naive-score,0.753432262778073,0.6,0.42857142857142855,0.3333333333333333,0.4388328456931575,0.8079442042608369,0.9,2,0.001133333,111.5577,books-t2004-a=3 | books-t2004-b=7
q076,New York City,Head,CrossStripe,Lexical,Keyword,interleave,0.6104730987356005,0.6,0.42857142857142855,0.8666666666666667,0.46906153287814095,0.803633403999368,0.8,2,0.001133333,111.5446,books-t2004-a=5 | books-t2004-b=5
q076,New York City,Head,CrossStripe,Lexical,Keyword,quota-merge,0.7568900493956177,0.6,0.42857142857142855,0.8666666666666667,0.5647718332512892,0.8051382241453323,0.8,2,0.001133333,111.5355,books-t2004-a=5 | books-t2004-b=5
q076,New York City,Head,CrossStripe,Lexical,Keyword,global-rrf,0.7568900493956177,0.6,0.42857142857142855,0.8666666666666667,0.5647718332512892,0.8051382241453323,0.8,2,0.001133333,111.5524,books-t2004-a=5 | books-t2004-b=5
q076,New York City,Head,CrossStripe,Lexical,Keyword,minmax-norm,0.754201546412124,0.6,0.42857142857142855,0.2,0.39959577178247235,0.8660534229009714,1,2,0.001133333,111.5793,books-t2004-a=2 | books-t2004-b=8
q076,New York City,Head,CrossStripe,Lexical,Keyword,zscore-norm,0.7502813614542889,0.6,0.42857142857142855,0.2,0.4304197137704217,0.8399933267826621,0.9,2,0.001133333,111.57300000000001,books-t2004-a=4 | books-t2004-b=6
q076,New York City,Head,CrossStripe,Lexical,Keyword,idf-correct-probe,0.7971229538959105,0.6,0.42857142857142855,0.37777777777777777,0.41791518592489213,0.8573348407412633,1,6,0.0019333330000000002,312.49490000000003,books-t2004-a=2 | books-t2004-b=8
q076,New York City,Head,CrossStripe,Lexical,Keyword,semantic-score,0.6306345421684663,0.6,0.42857142857142855,1,0.4997753392174895,0.8985196555413975,0.9,2,0.001133333,111.552,books-t2004-a=3 | books-t2004-b=7
q076,New York City,Head,CrossStripe,Lexical,Keyword,semantic-rerank,0.6306345421684663,0.6,0.42857142857142855,1,0.4997753392174895,0.8985196555413975,0.9,4,0.001733333,234.36329999999998,books-t2004-a=3 | books-t2004-b=7
q076,New York City,Head,CrossStripe,Lexical,Keyword,idf-correct-sidecar,0.7971229538959105,0.6,0.42857142857142855,0.37777777777777777,0.41791518592489213,0.8573348407412633,1,2,0.001133333,111.5827,books-t2004-a=2 | books-t2004-b=8
q077,an unlikely friendship between two very different people,Torso,CrossStripe,Conceptual,Keyword,single-index,1,1,1,1,1,0.6598572393683119,1,1,0.0009,116.1525,books-oracle2=10
q077,an unlikely friendship between two very different people,Torso,CrossStripe,Conceptual,Keyword,naive-score,0.5622694867994411,0.5,0.3333333333333333,0.2,0.2840270984284164,0.435713590956241,1,2,0.000833334,125.80239999999999,books-t2004-a=5 | books-t2004-b=5
q077,an unlikely friendship between two very different people,Torso,CrossStripe,Conceptual,Keyword,interleave,0.8854385110279296,0.8,0.6666666666666666,0.7142857142857143,0.6503461423374123,0.6110778174491172,0.9,2,0.000833334,125.78829999999999,books-t2004-a=5 | books-t2004-b=5
q077,an unlikely friendship between two very different people,Torso,CrossStripe,Conceptual,Keyword,quota-merge,0.7990658558883111,0.8,0.6666666666666666,0.5714285714285714,0.5226882221131425,0.531008245958256,0.9,2,0.000833334,125.7789,books-t2004-a=5 | books-t2004-b=5
q077,an unlikely friendship between two very different people,Torso,CrossStripe,Conceptual,Keyword,global-rrf,0.7990658558883111,0.8,0.6666666666666666,0.5714285714285714,0.5226882221131425,0.531008245958256,0.9,2,0.000833334,125.797,books-t2004-a=5 | books-t2004-b=5
q077,an unlikely friendship between two very different people,Torso,CrossStripe,Conceptual,Keyword,minmax-norm,0.553731931795227,0.4,0.25,0.37777777777777777,0.26177851340530195,0.44320946762088786,0.9,2,0.000833334,125.8248,books-t2004-a=6 | books-t2004-b=4
q077,an unlikely friendship between two very different people,Torso,CrossStripe,Conceptual,Keyword,zscore-norm,0.5627928747806742,0.5,0.3333333333333333,0.1111111111111111,0.2792193513808797,0.5023411427613128,1,2,0.000833334,125.8186,books-t2004-a=5 | books-t2004-b=5
q077,an unlikely friendship between two very different people,Torso,CrossStripe,Conceptual,Keyword,idf-correct-probe,0.5502901913374949,0.4,0.25,0.24444444444444444,0.275325076272375,0.4478090385907828,1,12,0.0028333340000000007,551.4067,books-t2004-a=4 | books-t2004-b=6
q077,an unlikely friendship between two very different people,Torso,CrossStripe,Conceptual,Keyword,semantic-score,0.7944105564879401,0.6,0.42857142857142855,1,0.6001124709536907,0.6377959779501072,0.8,2,0.000833334,125.7936,books-t2004-a=8 | books-t2004-b=2
q077,an unlikely friendship between two very different people,Torso,CrossStripe,Conceptual,Keyword,semantic-rerank,0.7944105564879401,0.6,0.42857142857142855,1,0.6001124709536907,0.6377959779501072,0.8,4,0.0016333340000000002,249.52100000000002,books-t2004-a=8 | books-t2004-b=2
q077,an unlikely friendship between two very different people,Torso,CrossStripe,Conceptual,Keyword,idf-correct-sidecar,0.5513354490290062,0.4,0.25,0.28888888888888886,0.275325076272375,0.4478090385907828,1,2,0.000833334,125.8429,books-t2004-a=4 | books-t2004-b=6
q078,climate change and environmental collapse,Torso,CrossStripe,Mixed,Keyword,single-index,1,1,1,1,1,0.9035456546298357,1,1,0.000733333,142.774,books-oracle2=10
q078,climate change and environmental collapse,Torso,CrossStripe,Mixed,Keyword,naive-score,0.7632415225912801,0.6,0.42857142857142855,0.5555555555555556,0.46907487432536354,0.866547260278175,1,2,0.000666666,136.35760000000002,books-t2004-a=3 | books-t2004-b=7
q078,climate change and environmental collapse,Torso,CrossStripe,Mixed,Keyword,interleave,0.8893532583399112,0.6,0.42857142857142855,0.5714285714285714,0.6450783019189799,0.8222092046652332,0.9,2,0.000666666,136.34140000000002,books-t2004-a=5 | books-t2004-b=5
q078,climate change and environmental collapse,Torso,CrossStripe,Mixed,Keyword,quota-merge,0.8955329331701877,0.6,0.42857142857142855,0.6428571428571429,0.6658996246214216,0.826063403901202,0.9,2,0.000666666,136.3315,books-t2004-a=5 | books-t2004-b=5
q078,climate change and environmental collapse,Torso,CrossStripe,Mixed,Keyword,global-rrf,0.8955329331701877,0.6,0.42857142857142855,0.6428571428571429,0.6658996246214216,0.826063403901202,0.9,2,0.000666666,136.3484,books-t2004-a=5 | books-t2004-b=5
q078,climate change and environmental collapse,Torso,CrossStripe,Mixed,Keyword,minmax-norm,0.8281998658465893,0.5,0.3333333333333333,0.022222222222222223,0.47048271250695195,0.7689643517316377,1,2,0.000666666,136.3734,books-t2004-a=6 | books-t2004-b=4
q078,climate change and environmental collapse,Torso,CrossStripe,Mixed,Keyword,zscore-norm,0.7362632401787339,0.5,0.3333333333333333,0.022222222222222223,0.3831546432688092,0.7689643517316377,1,2,0.000666666,136.3684,books-t2004-a=6 | books-t2004-b=4
q078,climate change and environmental collapse,Torso,CrossStripe,Mixed,Keyword,idf-correct-probe,0.7632415225912801,0.6,0.42857142857142855,0.5555555555555556,0.46907487432536354,0.866547260278175,1,10,0.002433333,473.6703,books-t2004-a=3 | books-t2004-b=7
q078,climate change and environmental collapse,Torso,CrossStripe,Mixed,Keyword,semantic-score,1,1,1,1,0.8591367550184259,0.9035456546298357,1,2,0.000666666,136.347,books-t2004-a=1 | books-t2004-b=9
q078,climate change and environmental collapse,Torso,CrossStripe,Mixed,Keyword,semantic-rerank,1,1,1,1,0.8591367550184259,0.9035456546298357,1,4,0.001433332,256.6992,books-t2004-a=1 | books-t2004-b=9
q078,climate change and environmental collapse,Torso,CrossStripe,Mixed,Keyword,idf-correct-sidecar,0.7551715077184473,0.5,0.3333333333333333,0.6444444444444445,0.45050344979879053,0.866547260278175,1,2,0.000666666,136.38600000000002,books-t2004-a=4 | books-t2004-b=6
q079,memory and how unreliable it can be,Torso,CrossStripe,Conceptual,Keyword,single-index,1,1,1,1,1,0.8079952329869924,1,1,0.000416667,120.8406,books-oracle2=10
q079,memory and how unreliable it can be,Torso,CrossStripe,Conceptual,Keyword,naive-score,0.5786462351971084,0.3,0.17647058823529413,-0.06666666666666667,0.23577120511809135,0.4241156846894636,1,2,0.000766666,135.9571,books-t2004-a=3 | books-t2004-b=7
q079,memory and how unreliable it can be,Torso,CrossStripe,Conceptual,Keyword,interleave,0.5273851532488665,0.5,0.3333333333333333,0.8,0.34303239888518205,0.5635289772472376,1,2,0.000766666,135.94099999999997,books-t2004-a=5 | books-t2004-b=5
q079,memory and how unreliable it can be,Torso,CrossStripe,Conceptual,Keyword,quota-merge,0.5467714936820529,0.5,0.3333333333333333,0.8,0.3749800187363037,0.5617768388721766,1,2,0.000766666,135.9323,books-t2004-a=5 | books-t2004-b=5
q079,memory and how unreliable it can be,Torso,CrossStripe,Conceptual,Keyword,global-rrf,0.5467714936820529,0.5,0.3333333333333333,0.8,0.3749800187363037,0.5617768388721766,1,2,0.000766666,135.9486,books-t2004-a=5 | books-t2004-b=5
q079,memory and how unreliable it can be,Torso,CrossStripe,Conceptual,Keyword,minmax-norm,0.5518922725108463,0.3,0.17647058823529413,-0.06666666666666667,0.24340254963799082,0.355614179800608,1,2,0.000766666,135.9742,books-t2004-a=3 | books-t2004-b=7
q079,memory and how unreliable it can be,Torso,CrossStripe,Conceptual,Keyword,zscore-norm,0.5718797952788993,0.3,0.17647058823529413,0.24444444444444444,0.22032557527698896,0.41358861583838036,0.9,2,0.000766666,135.96929999999998,books-t2004-a=4 | books-t2004-b=6
q079,memory and how unreliable it can be,Torso,CrossStripe,Conceptual,Keyword,idf-correct-probe,0.5569787264014383,0.3,0.17647058823529413,-0.022222222222222223,0.24340254963799082,0.351254888720754,1,8,0.0023,395.2027,books-t2004-a=3 | books-t2004-b=7
q079,memory and how unreliable it can be,Torso,CrossStripe,Conceptual,Keyword,semantic-score,0.6862155793000623,0.4,0.25,1,0.5014775449194621,0.6355596064129929,0.9,2,0.000766666,135.94819999999999,books-t2004-a=6 | books-t2004-b=4
q079,memory and how unreliable it can be,Torso,CrossStripe,Conceptual,Keyword,semantic-rerank,0.6862155793000623,0.4,0.25,1,0.5014775449194621,0.6355596064129929,0.9,4,0.001366666,250.1848,books-t2004-a=6 | books-t2004-b=4
q079,memory and how unreliable it can be,Torso,CrossStripe,Conceptual,Keyword,idf-correct-sidecar,0.5518922725108463,0.3,0.17647058823529413,-0.06666666666666667,0.24340254963799082,0.355614179800608,1,2,0.000766666,135.9862,books-t2004-a=3 | books-t2004-b=7
q080,a doctor confronting the limits of medicine,Tail,CrossStripe,Conceptual,Keyword,single-index,1,1,1,1,1,0.6565286203675113,0.9,1,0.000366667,107.0371,books-oracle2=10
q080,a doctor confronting the limits of medicine,Tail,CrossStripe,Conceptual,Keyword,naive-score,0.6441429673415436,0.4,0.25,0.022222222222222223,0.2231049506800091,0.5588306605240124,0.9,2,0.0007,135.6904,books-t2004-a=5 | books-t2004-b=5
q080,a doctor confronting the limits of medicine,Tail,CrossStripe,Conceptual,Keyword,interleave,0.9110738915595633,0.8,0.6666666666666666,0.7142857142857143,0.7102794943611639,0.6719958700478696,1,2,0.0007,135.67249999999999,books-t2004-a=5 | books-t2004-b=5
q080,a doctor confronting the limits of medicine,Tail,CrossStripe,Conceptual,Keyword,quota-merge,0.8606378921329817,0.8,0.6666666666666666,0.7142857142857143,0.6181436780754845,0.6243241765570156,1,2,0.0007,135.6641,books-t2004-a=5 | books-t2004-b=5
q080,a doctor confronting the limits of medicine,Tail,CrossStripe,Conceptual,Keyword,global-rrf,0.8606378921329817,0.8,0.6666666666666666,0.7142857142857143,0.6181436780754845,0.6243241765570156,1,2,0.0007,135.6805,books-t2004-a=5 | books-t2004-b=5
q080,a doctor confronting the limits of medicine,Tail,CrossStripe,Conceptual,Keyword,minmax-norm,0.6713927302192223,0.5,0.3333333333333333,-0.06666666666666667,0.27574662335816075,0.5833204242298691,0.9,2,0.0007,135.7068,books-t2004-a=6 | books-t2004-b=4
q080,a doctor confronting the limits of medicine,Tail,CrossStripe,Conceptual,Keyword,zscore-norm,0.6513672594383711,0.4,0.25,0.06666666666666667,0.23299743431691583,0.5729919354042685,0.9,2,0.0007,135.702,books-t2004-a=5 | books-t2004-b=5
q080,a doctor confronting the limits of medicine,Tail,CrossStripe,Conceptual,Keyword,idf-correct-probe,0.6610433452267033,0.5,0.3333333333333333,-0.1111111111111111,0.26255664517561844,0.5767960715732888,0.9,10,0.002366668,476.4249,books-t2004-a=6 | books-t2004-b=4
q080,a doctor confronting the limits of medicine,Tail,CrossStripe,Conceptual,Keyword,semantic-score,0.9259740352427053,0.8,0.6666666666666666,1,0.7920112213091599,0.6860310547352199,1,2,0.0007,135.68,books-t2004-a=6 | books-t2004-b=4
q080,a doctor confronting the limits of medicine,Tail,CrossStripe,Conceptual,Keyword,semantic-rerank,0.9259740352427053,0.8,0.6666666666666666,1,0.7920112213091599,0.6860310547352199,1,4,0.0014666660000000002,235.7672,books-t2004-a=6 | books-t2004-b=4
q080,a doctor confronting the limits of medicine,Tail,CrossStripe,Conceptual,Keyword,idf-correct-sidecar,0.6602097270557465,0.5,0.3333333333333333,-0.15555555555555556,0.25492530065571894,0.5729919354042685,0.9,2,0.0007,135.7223,books-t2004-a=6 | books-t2004-b=4
q081,immortality and the cost of living forever,Tail,CrossStripe,Conceptual,Keyword,single-index,1,1,1,1,1,0.7051376025558594,1,1,0.0008,115.3188,books-oracle2=10
q081,immortality and the cost of living forever,Tail,CrossStripe,Conceptual,Keyword,naive-score,0.5320840845044463,0.3,0.17647058823529413,0.24444444444444444,0.20950078352185278,0.5379715918501121,1,2,0.000733334,119.8828,books-t2004-a=5 | books-t2004-b=5
q081,immortality and the cost of living forever,Tail,CrossStripe,Conceptual,Keyword,interleave,0.43318769704178284,0.3,0.17647058823529413,1,0.2934306933327222,0.6062415623539279,0.7,2,0.000733334,119.8625,books-t2004-a=5 | books-t2004-b=5
q081,immortality and the cost of living forever,Tail,CrossStripe,Conceptual,Keyword,quota-merge,0.5986486222429258,0.3,0.17647058823529413,1,0.42108861355699206,0.7027284035579429,0.7,2,0.000733334,119.8555,books-t2004-a=5 | books-t2004-b=5
q081,immortality and the cost of living forever,Tail,CrossStripe,Conceptual,Keyword,global-rrf,0.5986486222429258,0.3,0.17647058823529413,1,0.42108861355699206,0.7027284035579429,0.7,2,0.000733334,119.8716,books-t2004-a=5 | books-t2004-b=5
q081,immortality and the cost of living forever,Tail,CrossStripe,Conceptual,Keyword,minmax-norm,0.5393673496041568,0.3,0.17647058823529413,0.2,0.20950078352185278,0.6109622097974944,1,2,0.000733334,119.8969,books-t2004-a=5 | books-t2004-b=5
q081,immortality and the cost of living forever,Tail,CrossStripe,Conceptual,Keyword,zscore-norm,0.5316999692948021,0.3,0.17647058823529413,0.2,0.20950078352185278,0.5398986914680967,1,2,0.000733334,119.8955,books-t2004-a=5 | books-t2004-b=5
q081,immortality and the cost of living forever,Tail,CrossStripe,Conceptual,Keyword,idf-correct-probe,0.5314502206125499,0.3,0.17647058823529413,0.15555555555555556,0.20950078352185278,0.5413370762907581,1,8,0.001933334,374.73810000000003,books-t2004-a=5 | books-t2004-b=5
q081,immortality and the cost of living forever,Tail,CrossStripe,Conceptual,Keyword,semantic-score,0.3025753144447956,0.3,0.17647058823529413,1,0.1438125809287341,0.5774250016294136,0.7,2,0.000733334,119.87650000000001,books-t2004-a=5 | books-t2004-b=5
q081,immortality and the cost of living forever,Tail,CrossStripe,Conceptual,Keyword,semantic-rerank,0.3025753144447956,0.3,0.17647058823529413,1,0.1438125809287341,0.5774250016294136,0.7,4,0.001333334,221.52870000000001,books-t2004-a=5 | books-t2004-b=5
q081,immortality and the cost of living forever,Tail,CrossStripe,Conceptual,Keyword,idf-correct-sidecar,0.5314502206125499,0.3,0.17647058823529413,0.15555555555555556,0.20950078352185278,0.5413370762907581,1,2,0.000733334,119.91290000000001,books-t2004-a=5 | books-t2004-b=5
q082,twins separated at birth,Tail,CrossStripe,Lexical,Keyword,single-index,1,1,1,1,1,0.6401407429665223,1,1,0.000316667,128.1594,books-oracle2=10
q082,twins separated at birth,Tail,CrossStripe,Lexical,Keyword,naive-score,0.6203642011795081,0.5,0.3333333333333333,-0.4222222222222222,0.21244360844669116,0.46153876321950305,1,2,0.000566666,131.416,books-t2004-a=8 | books-t2004-b=2
q082,twins separated at birth,Tail,CrossStripe,Lexical,Keyword,interleave,0.9228111085339689,0.8,0.6666666666666666,0.7857142857142857,0.7395978055967303,0.6786938167456588,1,2,0.000566666,131.3996,books-t2004-a=5 | books-t2004-b=5
q082,twins separated at birth,Tail,CrossStripe,Lexical,Keyword,quota-merge,0.8489741456599659,0.8,0.6666666666666666,0.7857142857142857,0.6467111026959448,0.6781154232834378,1,2,0.000566666,131.3901,books-t2004-a=5 | books-t2004-b=5
q082,twins separated at birth,Tail,CrossStripe,Lexical,Keyword,global-rrf,0.8489741456599659,0.8,0.6666666666666666,0.7857142857142857,0.6467111026959448,0.6781154232834378,1,2,0.000566666,131.4075,books-t2004-a=5 | books-t2004-b=5
q082,twins separated at birth,Tail,CrossStripe,Lexical,Keyword,minmax-norm,0.619772815138366,0.5,0.3333333333333333,-0.4666666666666667,0.21244360844669116,0.46153876321950305,1,2,0.000566666,131.4329,books-t2004-a=8 | books-t2004-b=2
q082,twins separated at birth,Tail,CrossStripe,Lexical,Keyword,zscore-norm,0.5757434927123996,0.3,0.17647058823529413,-0.1111111111111111,0.22115780918791525,0.4908167339837003,1,2,0.000566666,131.4272,books-t2004-a=6 | books-t2004-b=4
q082,twins separated at birth,Tail,CrossStripe,Lexical,Keyword,idf-correct-probe,0.6203642011795081,0.5,0.3333333333333333,-0.4222222222222222,0.21244360844669116,0.46153876321950305,1,8,0.001833334,393.0806,books-t2004-a=8 | books-t2004-b=2
q082,twins separated at birth,Tail,CrossStripe,Lexical,Keyword,semantic-score,0.9650645928231532,0.9,0.8181818181818182,1,0.8299906288046852,0.6407191364287433,1,2,0.000566666,131.4081,books-t2004-a=6 | books-t2004-b=4
q082,twins separated at birth,Tail,CrossStripe,Lexical,Keyword,semantic-rerank,0.9650645928231532,0.9,0.8181818181818182,1,0.8299906288046852,0.6407191364287433,1,4,0.0011333329999999998,235.1547,books-t2004-a=6 | books-t2004-b=4
q082,twins separated at birth,Tail,CrossStripe,Lexical,Keyword,idf-correct-sidecar,0.6203642011795081,0.5,0.3333333333333333,-0.4222222222222222,0.21244360844669116,0.46153876321950305,1,2,0.000566666,131.4446,books-t2004-a=8 | books-t2004-b=2
q083,a letter that arrives decades too late,Tail,CrossStripe,Conceptual,Keyword,single-index,1,1,1,1,1,0.5634531320927862,1,1,0.000366667,153.5168,books-oracle2=10
q083,a letter that arrives decades too late,Tail,CrossStripe,Conceptual,Keyword,naive-score,0.6332205789136547,0.2,0.1111111111111111,0.3333333333333333,0.32475110326153855,0.44798204461174834,1,2,0.000666666,135.0259,books-t2004-a=7 | books-t2004-b=3
q083,a letter that arrives decades too late,Tail,CrossStripe,Conceptual,Keyword,interleave,0.633203467554763,0.4,0.25,0.6666666666666666,0.40333204482436213,0.4482020457342592,0.8,2,0.000666666,135.0087,books-t2004-a=5 | books-t2004-b=5
q083,a letter that arrives decades too late,Tail,CrossStripe,Conceptual,Keyword,quota-merge,0.689865443024906,0.4,0.25,1,0.5086578392925836,0.5705949295160064,0.8,2,0.000666666,134.99890000000002,books-t2004-a=5 | books-t2004-b=5
q083,a letter that arrives decades too late,Tail,CrossStripe,Conceptual,Keyword,global-rrf,0.689865443024906,0.4,0.25,1,0.5086578392925836,0.5705949295160064,0.8,2,0.000666666,135.0162,books-t2004-a=5 | books-t2004-b=5
q083,a letter that arrives decades too late,Tail,CrossStripe,Conceptual,Keyword,minmax-norm,0.6127776273412436,0.3,0.17647058823529413,-0.1111111111111111,0.2719170539059184,0.5258312148312576,1,2,0.000666666,135.0445,books-t2004-a=5 | books-t2004-b=5
q083,a letter that arrives decades too late,Tail,CrossStripe,Conceptual,Keyword,zscore-norm,0.6106562425685848,0.2,0.1111111111111111,0.2,0.2696101188278359,0.5282403719506275,1,2,0.000666666,135.0386,books-t2004-a=6 | books-t2004-b=4
q083,a letter that arrives decades too late,Tail,CrossStripe,Conceptual,Keyword,idf-correct-probe,0.6332205789136547,0.2,0.1111111111111111,0.3333333333333333,0.32475110326153855,0.44798204461174834,1,12,0.0028833340000000004,568.2875,books-t2004-a=7 | books-t2004-b=3
q083,a letter that arrives decades too late,Tail,CrossStripe,Conceptual,Keyword,semantic-score,0.7803051516490771,0.6,0.42857142857142855,1,0.5681520284819506,0.5879372254005855,1,2,0.000666666,135.01510000000002,books-t2004-a=3 | books-t2004-b=7
q083,a letter that arrives decades too late,Tail,CrossStripe,Conceptual,Keyword,semantic-rerank,0.7803051516490771,0.6,0.42857142857142855,1,0.5681520284819506,0.5879372254005855,1,4,0.001249999,249.2702,books-t2004-a=3 | books-t2004-b=7
q083,a letter that arrives decades too late,Tail,CrossStripe,Conceptual,Keyword,idf-correct-sidecar,0.6405470598289557,0.2,0.1111111111111111,0.1111111111111111,0.34198311297072903,0.4638730300010165,1,2,0.000666666,135.0609,books-t2004-a=6 | books-t2004-b=4
q084,music and the people who devote their lives to it,Torso,CrossStripe,Conceptual,Keyword,single-index,1,1,1,1,1,0.5177867004403194,1,1,0.000433333,114.2,books-oracle2=10
q084,music and the people who devote their lives to it,Torso,CrossStripe,Conceptual,Keyword,naive-score,0.4710811537775821,0.3,0.17647058823529413,-0.2,0.14570170325383977,0.4623937759002607,1,2,0.0008,136.33939999999998,books-t2004-a=4 | books-t2004-b=6
q084,music and the people who devote their lives to it,Torso,CrossStripe,Conceptual,Keyword,interleave,0.83388556078822,0.7,0.5384615384615384,0.9047619047619048,0.6344726949912393,0.3658469113618328,0.7,2,0.0008,136.3227,books-t2004-a=5 | books-t2004-b=5
q084,music and the people who devote their lives to it,Torso,CrossStripe,Conceptual,Keyword,quota-merge,0.8347370818250746,0.7,0.5384615384615384,1,0.6344726949912393,0.37162821021578624,0.7,2,0.0008,136.3122,books-t2004-a=5 | books-t2004-b=5
q084,music and the people who devote their lives to it,Torso,CrossStripe,Conceptual,Keyword,global-rrf,0.8347370818250746,0.7,0.5384615384615384,1,0.6344726949912393,0.37162821021578624,0.7,2,0.0008,136.32999999999998,books-t2004-a=5 | books-t2004-b=5
q084,music and the people who devote their lives to it,Torso,CrossStripe,Conceptual,Keyword,minmax-norm,0.470951959300594,0.3,0.17647058823529413,-0.24444444444444444,0.14570170325383977,0.4623937759002607,1,2,0.0008,136.3592,books-t2004-a=4 | books-t2004-b=6
q084,music and the people who devote their lives to it,Torso,CrossStripe,Conceptual,Keyword,zscore-norm,0.4617730167317586,0.3,0.17647058823529413,-0.2,0.14830921753786597,0.4036854310974073,0.9,2,0.0008,136.3534,books-t2004-a=5 | books-t2004-b=5
q084,music and the people who devote their lives to it,Torso,CrossStripe,Conceptual,Keyword,idf-correct-probe,0.46595251015965045,0.3,0.17647058823529413,-0.022222222222222223,0.14570170325383977,0.4757523601108645,1,8,0.0022166670000000003,453.5326,books-t2004-a=3 | books-t2004-b=7
q084,music and the people who devote their lives to it,Torso,CrossStripe,Conceptual,Keyword,semantic-score,0.7961163192128924,0.6,0.42857142857142855,1,0.6101343158250345,0.30800742201683456,0.7,2,0.0008,136.32889999999998,books-t2004-a=6 | books-t2004-b=4
q084,music and the people who devote their lives to it,Torso,CrossStripe,Conceptual,Keyword,semantic-rerank,0.7961163192128924,0.6,0.42857142857142855,1,0.6101343158250345,0.30800742201683456,0.7,4,0.0016,256.34709999999995,books-t2004-a=6 | books-t2004-b=4
q084,music and the people who devote their lives to it,Torso,CrossStripe,Conceptual,Keyword,idf-correct-sidecar,0.4672390680757071,0.3,0.17647058823529413,-0.28888888888888886,0.14570170325383977,0.4275812091468926,1,2,0.0008,136.37249999999997,books-t2004-a=4 | books-t2004-b=6
q085,a trial that divides a town,Torso,CrossStripe,Conceptual,Keyword,single-index,1,1,1,1,1,0.5650798698401289,1,1,0.000366667,111.9963,books-oracle2=10
q085,a trial that divides a town,Torso,CrossStripe,Conceptual,Keyword,naive-score,0.5154169290350699,0.3,0.17647058823529413,-0.2,0.24499173052912293,0.2657638945389102,1,2,0.000666666,121.0751,books-t2004-a=5 | books-t2004-b=5
q085,a trial that divides a town,Torso,CrossStripe,Conceptual,Keyword,interleave,0.6914450384565849,0.5,0.3333333333333333,0.8,0.49903157812321575,0.4068643552806281,0.8,2,0.000666666,121.06110000000001,books-t2004-a=5 | books-t2004-b=5
q085,a trial that divides a town,Torso,CrossStripe,Conceptual,Keyword,quota-merge,0.6727203210280123,0.5,0.3333333333333333,0.6,0.47189170531963076,0.3916068365011388,0.8,2,0.000666666,121.05170000000001,books-t2004-a=5 | books-t2004-b=5
q085,a trial that divides a town,Torso,CrossStripe,Conceptual,Keyword,global-rrf,0.6727203210280123,0.5,0.3333333333333333,0.6,0.47189170531963076,0.3916068365011388,0.8,2,0.000666666,121.0686,books-t2004-a=5 | books-t2004-b=5
q085,a trial that divides a town,Torso,CrossStripe,Conceptual,Keyword,minmax-norm,0.5296730584888222,0.3,0.17647058823529413,-0.2,0.2685252424953499,0.26922078007299405,1,2,0.000666666,121.09580000000001,books-t2004-a=5 | books-t2004-b=5
q085,a trial that divides a town,Torso,CrossStripe,Conceptual,Keyword,zscore-norm,0.5296730584888222,0.3,0.17647058823529413,-0.2,0.2685252424953499,0.26922078007299405,1,2,0.000666666,121.0916,books-t2004-a=5 | books-t2004-b=5
q085,a trial that divides a town,Torso,CrossStripe,Conceptual,Keyword,idf-correct-probe,0.5165505945257932,0.3,0.17647058823529413,-0.1111111111111111,0.24499173052912293,0.2670449012591814,1,6,0.0015,296.0962,books-t2004-a=5 | books-t2004-b=5
q085,a trial that divides a town,Torso,CrossStripe,Conceptual,Keyword,semantic-score,0.6623311988347749,0.4,0.25,1,0.4770657462825955,0.42316133496997244,0.8,2,0.000666666,121.0678,books-t2004-a=8 | books-t2004-b=2
q085,a trial that divides a town,Torso,CrossStripe,Conceptual,Keyword,semantic-rerank,0.6623311988347749,0.4,0.25,1,0.4770657462825955,0.42316133496997244,0.8,4,0.001233333,223.8696,books-t2004-a=8 | books-t2004-b=2
q085,a trial that divides a town,Torso,CrossStripe,Conceptual,Keyword,idf-correct-sidecar,0.5154169290350699,0.3,0.17647058823529413,-0.2,0.24499173052912293,0.2657638945389102,1,2,0.000666666,121.1059,books-t2004-a=5 | books-t2004-b=5
q086,forbidden love across a social divide,Torso,CrossStripe,Conceptual,Keyword,single-index,1,1,1,1,1,0.6972107453967223,0.9,1,0.000416667,103.6283,books-oracle2=10
q086,forbidden love across a social divide,Torso,CrossStripe,Conceptual,Keyword,naive-score,0.6960755520414167,0.5,0.3333333333333333,-0.2,0.2691799907041491,0.3656823977198449,0.8,2,0.0012000000000000001,133.93259999999998,books-t2004-a=6 | books-t2004-b=4
q086,forbidden love across a social divide,Torso,CrossStripe,Conceptual,Keyword,interleave,0.8580910064499622,0.8,0.6666666666666666,0.8571428571428571,0.6575932812120685,0.6895787102796764,0.9,2,0.0012000000000000001,133.8999,books-t2004-a=5 | books-t2004-b=5
q086,forbidden love across a social divide,Torso,CrossStripe,Conceptual,Keyword,quota-merge,0.8604466064126528,0.8,0.6666666666666666,0.9285714285714286,0.6631519148747113,0.682353625190065,0.9,2,0.0012000000000000001,133.8892,books-t2004-a=5 | books-t2004-b=5
q086,forbidden love across a social divide,Torso,CrossStripe,Conceptual,Keyword,global-rrf,0.8604466064126528,0.8,0.6666666666666666,0.9285714285714286,0.6631519148747113,0.682353625190065,0.9,2,0.0012000000000000001,133.9082,books-t2004-a=5 | books-t2004-b=5
q086,forbidden love across a social divide,Torso,CrossStripe,Conceptual,Keyword,minmax-norm,0.6910321748643015,0.5,0.3333333333333333,-0.15555555555555556,0.2645715203515353,0.35659371369142323,0.7,2,0.0012000000000000001,133.9357,books-t2004-a=7 | books-t2004-b=3
q086,forbidden love across a social divide,Torso,CrossStripe,Conceptual,Keyword,zscore-norm,0.6960755520414167,0.5,0.3333333333333333,-0.2,0.2691799907041491,0.3656823977198449,0.8,2,0.0012000000000000001,133.92749999999998,books-t2004-a=6 | books-t2004-b=4
q086,forbidden love across a social divide,Torso,CrossStripe,Conceptual,Keyword,idf-correct-probe,0.6664181126890536,0.4,0.25,-0.022222222222222223,0.2705043688539214,0.39620639178427497,0.9,6,0.0020333340000000004,304.3082,books-t2004-a=4 | books-t2004-b=6
q086,forbidden love across a social divide,Torso,CrossStripe,Conceptual,Keyword,semantic-score,0.8703994419188853,0.7,0.5384615384615384,1,0.7154535353241291,0.6901352729791844,0.8,2,0.0012000000000000001,133.90519999999998,books-t2004-a=4 | books-t2004-b=6
q086,forbidden love across a social divide,Torso,CrossStripe,Conceptual,Keyword,semantic-rerank,0.8703994419188853,0.7,0.5384615384615384,1,0.7154535353241291,0.6901352729791844,0.8,4,0.002,227.0581,books-t2004-a=4 | books-t2004-b=6
q086,forbidden love across a social divide,Torso,CrossStripe,Conceptual,Keyword,idf-correct-sidecar,0.6664181126890536,0.4,0.25,-0.022222222222222223,0.2705043688539214,0.39620639178427497,0.9,2,0.0012000000000000001,133.9469,books-t2004-a=4 | books-t2004-b=6
q087,an old man looking back on his life,Torso,CrossStripe,Conceptual,Keyword,single-index,1,1,1,1,1,0.545297743353414,1,1,0.000433333,119.8516,books-oracle2=10
q087,an old man looking back on his life,Torso,CrossStripe,Conceptual,Keyword,naive-score,0.6084509738684252,0.6,0.42857142857142855,0.06666666666666667,0.26712432346124676,0.16764192299448435,1,2,0.000833334,147.89049999999997,books-t2004-a=3 | books-t2004-b=7
q087,an old man looking back on his life,Torso,CrossStripe,Conceptual,Keyword,interleave,0.49996730062026284,0.4,0.25,0.6666666666666666,0.35930030969523274,0.5467757507969959,0.8,2,0.000833334,147.8732,books-t2004-a=5 | books-t2004-b=5
q087,an old man looking back on his life,Torso,CrossStripe,Conceptual,Keyword,quota-merge,0.6654282258214058,0.4,0.25,0.6666666666666666,0.4869582299195024,0.6190275805065543,0.8,2,0.000833334,147.863,books-t2004-a=5 | books-t2004-b=5
q087,an old man looking back on his life,Torso,CrossStripe,Conceptual,Keyword,global-rrf,0.6654282258214058,0.4,0.25,0.6666666666666666,0.4869582299195024,0.6190275805065543,0.8,2,0.000833334,147.8807,books-t2004-a=5 | books-t2004-b=5
q087,an old man looking back on his life,Torso,CrossStripe,Conceptual,Keyword,minmax-norm,0.6035351658373991,0.5,0.3333333333333333,0.24444444444444444,0.2515827108301147,0.23755782553966026,1,2,0.000833334,147.9075,books-t2004-a=2 | books-t2004-b=8
q087,an old man looking back on his life,Torso,CrossStripe,Conceptual,Keyword,zscore-norm,0.6097610846827449,0.6,0.42857142857142855,0.06666666666666667,0.2704823680138107,0.17707348912055823,1,2,0.000833334,147.9032,books-t2004-a=4 | books-t2004-b=6
q087,an old man looking back on his life,Torso,CrossStripe,Conceptual,Keyword,idf-correct-probe,0.6035351658373991,0.5,0.3333333333333333,0.24444444444444444,0.2515827108301147,0.23755782553966026,1,10,0.002616668,497.131,books-t2004-a=2 | books-t2004-b=8
q087,an old man looking back on his life,Torso,CrossStripe,Conceptual,Keyword,semantic-score,0.6896217982043962,0.5,0.3333333333333333,1,0.47426425264521566,0.6345382642477795,0.9,2,0.000833334,147.88029999999998,books-t2004-a=4 | books-t2004-b=6
q087,an old man looking back on his life,Torso,CrossStripe,Conceptual,Keyword,semantic-rerank,0.6896217982043962,0.5,0.3333333333333333,1,0.47426425264521566,0.6345382642477795,0.9,4,0.0016333340000000002,254.5655,books-t2004-a=4 | books-t2004-b=6
q087,an old man looking back on his life,Torso,CrossStripe,Conceptual,Keyword,idf-correct-sidecar,0.6035351658373991,0.5,0.3333333333333333,0.24444444444444444,0.2515827108301147,0.23755782553966026,1,2,0.000833334,147.9245,books-t2004-a=2 | books-t2004-b=8
q088,letters and diaries as a way of telling a story,Tail,CrossStripe,Conceptual,Keyword,single-index,1,1,1,1,1,0.864136823079159,1,1,0.0004,128.1207,books-oracle2=10
q088,letters and diaries as a way of telling a story,Tail,CrossStripe,Conceptual,Keyword,naive-score,0.6079450641228994,0.4,0.25,0.2,0.21816419986188004,1,1,2,0.000766666,140.7157,books-t2004-a=4 | books-t2004-b=6
q088,letters and diaries as a way of telling a story,Tail,CrossStripe,Conceptual,Keyword,interleave,0.7112463743180315,0.5,0.3333333333333333,1,0.512221556305758,0.6822898463282164,1,2,0.000766666,140.6986,books-t2004-a=5 | books-t2004-b=5
q088,letters and diaries as a way of telling a story,Tail,CrossStripe,Conceptual,Keyword,quota-merge,0.6875736694814176,0.5,0.3333333333333333,1,0.47189170531963076,0.6774254634044772,1,2,0.000766666,140.6905,books-t2004-a=5 | books-t2004-b=5
q088,letters and diaries as a way of telling a story,Tail,CrossStripe,Conceptual,Keyword,global-rrf,0.6875736694814176,0.5,0.3333333333333333,1,0.47189170531963076,0.6774254634044772,1,2,0.000766666,140.7068,books-t2004-a=5 | books-t2004-b=5
q088,letters and diaries as a way of telling a story,Tail,CrossStripe,Conceptual,Keyword,minmax-norm,0.6088476568838075,0.4,0.25,0.2,0.2289816307188376,1,1,2,0.000766666,140.7348,books-t2004-a=4 | books-t2004-b=6
q088,letters and diaries as a way of telling a story,Tail,CrossStripe,Conceptual,Keyword,zscore-norm,0.5962092357802851,0.3,0.17647058823529413,0.4222222222222222,0.19959277533530706,0.9621404437403491,1,2,0.000766666,140.7288,books-t2004-a=5 | books-t2004-b=5
q088,letters and diaries as a way of telling a story,Tail,CrossStripe,Conceptual,Keyword,idf-correct-probe,0.6079450641228994,0.4,0.25,0.2,0.21816419986188004,1,1,10,0.002783334,486.11,books-t2004-a=4 | books-t2004-b=6
q088,letters and diaries as a way of telling a story,Tail,CrossStripe,Conceptual,Keyword,semantic-score,0.7670326068014378,0.5,0.3333333333333333,1,0.6029139645910709,0.7113490466005115,1,2,0.000766666,140.7069,books-t2004-a=5 | books-t2004-b=5
q088,letters and diaries as a way of telling a story,Tail,CrossStripe,Conceptual,Keyword,semantic-rerank,0.7670326068014378,0.5,0.3333333333333333,1,0.6029139645910709,0.7113490466005115,1,4,0.001366666,245.6236,books-t2004-a=5 | books-t2004-b=5
q088,letters and diaries as a way of telling a story,Tail,CrossStripe,Conceptual,Keyword,idf-correct-sidecar,0.6077754705413695,0.4,0.25,0.15555555555555556,0.21816419986188004,1,1,2,0.000766666,140.7513,books-t2004-a=4 | books-t2004-b=6
q089,the price of ambition,Torso,CrossStripe,Conceptual,Keyword,single-index,1,1,1,1,1,0.22423780372528593,0.9,1,0.00035,146.1857,books-oracle2=10
q089,the price of ambition,Torso,CrossStripe,Conceptual,Keyword,naive-score,0.7267704413559296,0.8,0.6666666666666666,-0.1111111111111111,0.3815242894606343,0.3134182799329341,0.9,2,0.000633334,133.68880000000001,books-t2004-a=4 | books-t2004-b=6
q089,the price of ambition,Torso,CrossStripe,Conceptual,Keyword,interleave,0.6946674441016798,0.7,0.5384615384615384,0.5238095238095238,0.46255815509775833,0.327812092195511,0.8,2,0.000633334,133.6724,books-t2004-a=5 | books-t2004-b=5
q089,the price of ambition,Torso,CrossStripe,Conceptual,Keyword,quota-merge,0.6420709878783268,0.7,0.5384615384615384,0.7142857142857143,0.4973293724212428,0.2830267766451264,0.8,2,0.000633334,133.6628,books-t2004-a=5 | books-t2004-b=5
q089,the price of ambition,Torso,CrossStripe,Conceptual,Keyword,global-rrf,0.6420709878783268,0.7,0.5384615384615384,0.7142857142857143,0.4973293724212428,0.2830267766451264,0.8,2,0.000633334,133.6802,books-t2004-a=5 | books-t2004-b=5
q089,the price of ambition,Torso,CrossStripe,Conceptual,Keyword,minmax-norm,0.5828032120670565,0.6,0.42857142857142855,0.06666666666666667,0.3346333115027308,0.35768026059003655,0.8,2,0.000633334,133.7045,books-t2004-a=7 | books-t2004-b=3
q089,the price of ambition,Torso,CrossStripe,Conceptual,Keyword,zscore-norm,0.6673081867342048,0.7,0.5384615384615384,-0.2,0.33925771080888273,0.34631091876961606,0.8,2,0.000633334,133.6982,books-t2004-a=6 | books-t2004-b=4
q089,the price of ambition,Torso,CrossStripe,Conceptual,Keyword,idf-correct-probe,0.7267704413559296,0.8,0.6666666666666666,-0.1111111111111111,0.3815242894606343,0.3134182799329341,0.9,6,0.001433334,307.3453,books-t2004-a=4 | books-t2004-b=6
q089,the price of ambition,Torso,CrossStripe,Conceptual,Keyword,semantic-score,0.6754660028414403,0.7,0.5384615384615384,1,0.542562493760551,0.2364885226867929,0.8,2,0.000633334,133.67940000000002,books-t2004-a=6 | books-t2004-b=4
q089,the price of ambition,Torso,CrossStripe,Conceptual,Keyword,semantic-rerank,0.6754660028414403,0.7,0.5384615384615384,1,0.542562493760551,0.2364885226867929,0.8,4,0.001216667,239.187,books-t2004-a=6 | books-t2004-b=4
q089,the price of ambition,Torso,CrossStripe,Conceptual,Keyword,idf-correct-sidecar,0.7267704413559296,0.8,0.6666666666666666,-0.1111111111111111,0.3815242894606343,0.3134182799329341,0.9,2,0.000633334,133.71220000000002,books-t2004-a=4 | books-t2004-b=6
q090,a con artist whose scheme goes wrong,Tail,CrossStripe,Conceptual,Keyword,single-index,1,1,1,1,1,0.43386860291911117,1,1,0.000766667,145.1377,books-oracle2=10
q090,a con artist whose scheme goes wrong,Tail,CrossStripe,Conceptual,Keyword,naive-score,0.8038314888677228,0.6,0.42857142857142855,0.4222222222222222,0.47729790564378,0.49198019987470065,0.9,2,0.0007,125.6799,books-t2004-a=3 | books-t2004-b=7
q090,a con artist whose scheme goes wrong,Tail,CrossStripe,Conceptual,Keyword,interleave,0.8062657133006067,0.7,0.5384615384615384,0.3888888888888889,0.4661987610648194,0.46471762386753174,0.7,2,0.0007,125.6654,books-t2004-a=5 | books-t2004-b=5
q090,a con artist whose scheme goes wrong,Tail,CrossStripe,Conceptual,Keyword,quota-merge,0.8974778536873531,0.7,0.5384615384615384,0.5,0.571524555533041,0.37247627092096536,0.7,2,0.0007,125.65530000000001,books-t2004-a=5 | books-t2004-b=5
q090,a con artist whose scheme goes wrong,Tail,CrossStripe,Conceptual,Keyword,global-rrf,0.8974778536873531,0.7,0.5384615384615384,0.5,0.571524555533041,0.37247627092096536,0.7,2,0.0007,125.673,books-t2004-a=5 | books-t2004-b=5
q090,a con artist whose scheme goes wrong,Tail,CrossStripe,Conceptual,Keyword,minmax-norm,0.7395224628134623,0.6,0.42857142857142855,0.28888888888888886,0.38773547483234516,0.4709276180750689,0.9,2,0.0007,125.70110000000001,books-t2004-a=5 | books-t2004-b=5
q090,a con artist whose scheme goes wrong,Tail,CrossStripe,Conceptual,Keyword,zscore-norm,0.724327280310401,0.6,0.42857142857142855,0.24444444444444444,0.38773547483234516,0.4245563842118171,0.9,2,0.0007,125.69550000000001,books-t2004-a=5 | books-t2004-b=5
q090,a con artist whose scheme goes wrong,Tail,CrossStripe,Conceptual,Keyword,idf-correct-probe,0.8175908238923462,0.6,0.42857142857142855,0.3333333333333333,0.490708586518597,0.4585125609069779,1,14,0.003316668,646.6931000000001,books-t2004-a=1 | books-t2004-b=9
q090,a con artist whose scheme goes wrong,Tail,CrossStripe,Conceptual,Keyword,semantic-score,1,1,1,1,0.8591367550184259,0.43386860291911117,1,2,0.0007,125.67290000000001,books-t2004-a=2 | books-t2004-b=8
q090,a con artist whose scheme goes wrong,Tail,CrossStripe,Conceptual,Keyword,semantic-rerank,1,1,1,1,0.8591367550184259,0.43386860291911117,1,4,0.0014666660000000002,230.50850000000003,books-t2004-a=2 | books-t2004-b=8
q090,a con artist whose scheme goes wrong,Tail,CrossStripe,Conceptual,Keyword,idf-correct-sidecar,0.8038314888677228,0.6,0.42857142857142855,0.4222222222222222,0.47729790564378,0.49198019987470065,0.9,2,0.0007,125.71870000000001,books-t2004-a=3 | books-t2004-b=7
q091,prison,Head,CrossStripe,Lexical,Keyword,single-index,1,1,1,1,1,0.8257951996405422,1,1,0.000283333,113.3521,books-oracle2=10
q091,prison,Head,CrossStripe,Lexical,Keyword,naive-score,0.5943454595933657,0.2,0.1111111111111111,0.06666666666666667,0.17765433833729888,0.7977825296179907,1,2,0.000533334,123.70830000000001,books-t2004-a=5 | books-t2004-b=5
q091,prison,Head,CrossStripe,Lexical,Keyword,interleave,0.6896956679950571,0.8,0.6666666666666666,0.7142857142857143,0.5545911425937564,0.7033993618952815,1,2,0.000533334,123.69500000000001,books-t2004-a=5 | books-t2004-b=5
q091,prison,Head,CrossStripe,Lexical,Keyword,quota-merge,0.7642258307558685,0.8,0.6666666666666666,0.5714285714285714,0.5142612916076293,0.7498161175664391,1,2,0.000533334,123.6851,books-t2004-a=5 | books-t2004-b=5
q091,prison,Head,CrossStripe,Lexical,Keyword,global-rrf,0.7642258307558685,0.8,0.6666666666666666,0.5714285714285714,0.5142612916076293,0.7498161175664391,1,2,0.000533334,123.7031,books-t2004-a=5 | books-t2004-b=5
q091,prison,Head,CrossStripe,Lexical,Keyword,minmax-norm,0.5635822790209977,0.3,0.17647058823529413,-0.24444444444444444,0.18523505580374716,0.783713760647667,1,2,0.000533334,123.7275,books-t2004-a=3 | books-t2004-b=7
q091,prison,Head,CrossStripe,Lexical,Keyword,zscore-norm,0.5943454595933657,0.2,0.1111111111111111,0.06666666666666667,0.17765433833729888,0.7977825296179907,1,2,0.000533334,123.7226,books-t2004-a=5 | books-t2004-b=5
q091,prison,Head,CrossStripe,Lexical,Keyword,idf-correct-probe,0.5999096173026633,0.3,0.17647058823529413,-0.15555555555555556,0.18523505580374716,0.8356420858776415,1,4,0.0009333340000000001,208.7526,books-t2004-a=3 | books-t2004-b=7
q091,prison,Head,CrossStripe,Lexical,Keyword,semantic-score,0.705918570668866,0.8,0.6666666666666666,1,0.5493770447699494,0.7502454257441847,1,2,0.000533334,123.7059,books-t2004-a=6 | books-t2004-b=4
q091,prison,Head,CrossStripe,Lexical,Keyword,semantic-rerank,0.705918570668866,0.8,0.6666666666666666,1,0.5493770447699494,0.7502454257441847,1,4,0.0009333340000000001,226.3067,books-t2004-a=6 | books-t2004-b=4
q091,prison,Head,CrossStripe,Lexical,Keyword,idf-correct-sidecar,0.5988957785531737,0.3,0.17647058823529413,-0.2,0.18523505580374716,0.8301305163188246,1,2,0.000533334,123.73,books-t2004-a=3 | books-t2004-b=7
q092,language and the way words shape thought,Tail,CrossStripe,Conceptual,Keyword,single-index,1,1,1,1,1,0.6313166698745006,1,1,0.0004,115.6554,books-oracle2=10
q092,language and the way words shape thought,Tail,CrossStripe,Conceptual,Keyword,naive-score,0.8321198769750686,0.5,0.3333333333333333,0.15555555555555556,0.4566629361420793,0.44755576429198884,1,2,0.00075,125.5087,books-t2004-a=8 | books-t2004-b=2
q092,language and the way words shape thought,Tail,CrossStripe,Conceptual,Keyword,interleave,0.6733659575408558,0.5,0.3333333333333333,0.6,0.421390737639814,0.6547846733072431,0.8,2,0.00075,125.494,books-t2004-a=5 | books-t2004-b=5
q092,language and the way words shape thought,Tail,CrossStripe,Conceptual,Keyword,quota-merge,0.5336379475028739,0.5,0.3333333333333333,0.4666666666666667,0.3160649431715923,0.6532813289674319,0.8,2,0.00075,125.4851,books-t2004-a=5 | books-t2004-b=5
q092,language and the way words shape thought,Tail,CrossStripe,Conceptual,Keyword,global-rrf,0.5336379475028739,0.5,0.3333333333333333,0.4666666666666667,0.3160649431715923,0.6532813289674319,0.8,2,0.00075,125.5027,books-t2004-a=5 | books-t2004-b=5
q092,language and the way words shape thought,Tail,CrossStripe,Conceptual,Keyword,minmax-norm,0.8060563931187019,0.5,0.3333333333333333,-0.1111111111111111,0.4223399470605249,0.4378566190821416,0.9,2,0.00075,125.5596,books-t2004-a=5 | books-t2004-b=5
q092,language and the way words shape thought,Tail,CrossStripe,Conceptual,Keyword,zscore-norm,0.8262426740813765,0.6,0.42857142857142855,-0.24444444444444444,0.451597919417077,0.44996297985631134,1,2,0.00075,125.5248,books-t2004-a=6 | books-t2004-b=4
q092,language and the way words shape thought,Tail,CrossStripe,Conceptual,Keyword,idf-correct-probe,0.8458891325897386,0.5,0.3333333333333333,0.3333333333333333,0.4826136948043985,0.4512265404627916,1,10,0.0024166680000000003,493.0634,books-t2004-a=8 | books-t2004-b=2
q092,language and the way words shape thought,Tail,CrossStripe,Conceptual,Keyword,semantic-score,0.7155239220017884,0.6,0.42857142857142855,1,0.47190098653399476,0.6951849471589979,0.9,2,0.00075,125.4997,books-t2004-a=9 | books-t2004-b=1
q092,language and the way words shape thought,Tail,CrossStripe,Conceptual,Keyword,semantic-rerank,0.7155239220017884,0.6,0.42857142857142855,1,0.47190098653399476,0.6951849471589979,0.9,4,0.001516666,230.6494,books-t2004-a=9 | books-t2004-b=1
q092,language and the way words shape thought,Tail,CrossStripe,Conceptual,Keyword,idf-correct-sidecar,0.8470408951290318,0.5,0.3333333333333333,0.4222222222222222,0.4826136948043985,0.4512265404627916,1,2,0.00075,125.54050000000001,books-t2004-a=8 | books-t2004-b=2
q093,a house that holds a family's history,Torso,CrossStripe,Conceptual,Keyword,single-index,1,1,1,1,1,0.785860571719324,1,1,0.000416667,112.1511,books-oracle2=10
q093,a house that holds a family's history,Torso,CrossStripe,Conceptual,Keyword,naive-score,0.8382413640614719,0.8,0.6666666666666666,0.4666666666666667,0.5172823329934668,0.7200453280271142,1,2,0.0012000000000000001,143.11700000000002,books-t2004-a=2 | books-t2004-b=8
q093,a house that holds a family's history,Torso,CrossStripe,Conceptual,Keyword,interleave,0.6236346060765785,0.5,0.3333333333333333,0.4,0.3529248825220888,0.645226028977093,1,2,0.0012000000000000001,143.09890000000001,books-t2004-a=5 | books-t2004-b=5
q093,a house that holds a family's history,Torso,CrossStripe,Conceptual,Keyword,quota-merge,0.6332397976837497,0.5,0.3333333333333333,0.4,0.3709226077521677,0.6604783200637369,1,2,0.0012000000000000001,143.095,books-t2004-a=5 | books-t2004-b=5
q093,a house that holds a family's history,Torso,CrossStripe,Conceptual,Keyword,global-rrf,0.6332397976837497,0.5,0.3333333333333333,0.4,0.3709226077521677,0.6604783200637369,1,2,0.0012000000000000001,143.10750000000002,books-t2004-a=5 | books-t2004-b=5
q093,a house that holds a family's history,Torso,CrossStripe,Conceptual,Keyword,minmax-norm,0.7964460755269549,0.6,0.42857142857142855,0.24444444444444444,0.4123207664379146,0.6442222011009093,0.8,2,0.0012000000000000001,143.1338,books-t2004-a=5 | books-t2004-b=5
q093,a house that holds a family's history,Torso,CrossStripe,Conceptual,Keyword,zscore-norm,0.7964460755269549,0.6,0.42857142857142855,0.24444444444444444,0.4123207664379146,0.6442222011009093,0.8,2,0.0012000000000000001,143.12720000000002,books-t2004-a=5 | books-t2004-b=5
q093,a house that holds a family's history,Torso,CrossStripe,Conceptual,Keyword,idf-correct-probe,0.8371728909886086,0.8,0.6666666666666666,0.3333333333333333,0.5046484184036271,0.7740509098736168,1,4,0.0016333340000000002,261.2416,books-t2004-a=1 | books-t2004-b=9
q093,a house that holds a family's history,Torso,CrossStripe,Conceptual,Keyword,semantic-score,0.8171851780492282,0.7,0.5384615384615384,1,0.6246317658043792,0.8051130619286729,1,2,0.0012000000000000001,143.1057,books-t2004-a=3 | books-t2004-b=7
q093,a house that holds a family's history,Torso,CrossStripe,Conceptual,Keyword,semantic-rerank,0.8171851780492282,0.7,0.5384615384615384,1,0.6246317658043792,0.8051130619286729,1,4,0.002,244.71790000000001,books-t2004-a=3 | books-t2004-b=7
q093,a house that holds a family's history,Torso,CrossStripe,Conceptual,Keyword,idf-correct-sidecar,0.8401291558918629,0.8,0.6666666666666666,0.4666666666666667,0.5230971937804839,0.7745774321976443,1,2,0.0012000000000000001,143.15120000000002,books-t2004-a=1 | books-t2004-b=9
q094,surveillance and the loss of privacy,Torso,CrossStripe,Mixed,Keyword,single-index,1,1,1,1,1,0.6432033683353302,1,1,0.00035,114.5387,books-oracle2=10
q094,surveillance and the loss of privacy,Torso,CrossStripe,Mixed,Keyword,naive-score,0.5511836267947186,0.4,0.25,0.1111111111111111,0.247778153077611,0.7122463957641102,0.9,2,0.00065,133.11950000000002,books-t2004-a=5 | books-t2004-b=5
q094,surveillance and the loss of privacy,Torso,CrossStripe,Mixed,Keyword,interleave,0.5844798081992825,0.6,0.42857142857142855,1,0.41879449888459935,0.42588404591814244,0.8,2,0.00065,133.1013,books-t2004-a=5 | books-t2004-b=5
q094,surveillance and the loss of privacy,Torso,CrossStripe,Mixed,Keyword,quota-merge,0.6020108601318457,0.6,0.42857142857142855,1,0.4459343716881844,0.4324229825379236,0.8,2,0.00065,133.0932,books-t2004-a=5 | books-t2004-b=5
q094,surveillance and the loss of privacy,Torso,CrossStripe,Mixed,Keyword,global-rrf,0.6020108601318457,0.6,0.42857142857142855,1,0.4459343716881844,0.4324229825379236,0.8,2,0.00065,133.1094,books-t2004-a=5 | books-t2004-b=5
q094,surveillance and the loss of privacy,Torso,CrossStripe,Mixed,Keyword,minmax-norm,0.5241034084385768,0.3,0.17647058823529413,-0.1111111111111111,0.20697378125152086,0.5263961962463036,0.7,2,0.00065,133.1341,books-t2004-a=9 | books-t2004-b=1
q094,surveillance and the loss of privacy,Torso,CrossStripe,Mixed,Keyword,zscore-norm,0.5511836267947186,0.4,0.25,0.1111111111111111,0.247778153077611,0.7122463957641102,0.9,2,0.00065,133.1286,books-t2004-a=5 | books-t2004-b=5
q094,surveillance and the loss of privacy,Torso,CrossStripe,Mixed,Keyword,idf-correct-probe,0.5553260920989926,0.4,0.25,0.4222222222222222,0.24669628186463788,0.7053124147133308,0.9,8,0.002,394.40869999999995,books-t2004-a=4 | books-t2004-b=6
q094,surveillance and the loss of privacy,Torso,CrossStripe,Mixed,Keyword,semantic-score,0.6023492450111593,0.6,0.42857142857142855,1,0.43003220424185684,0.42768718880553497,0.8,2,0.00065,133.1085,books-t2004-a=6 | books-t2004-b=4
q094,surveillance and the loss of privacy,Torso,CrossStripe,Mixed,Keyword,semantic-rerank,0.6023492450111593,0.6,0.42857142857142855,1,0.43003220424185684,0.42768718880553497,0.8,4,0.001383334,236.92110000000002,books-t2004-a=6 | books-t2004-b=4
q094,surveillance and the loss of privacy,Torso,CrossStripe,Mixed,Keyword,idf-correct-sidecar,0.5553260920989926,0.4,0.25,0.4222222222222222,0.24669628186463788,0.7053124147133308,0.9,2,0.00065,133.14950000000002,books-t2004-a=4 | books-t2004-b=6
q095,sisters,Head,CrossStripe,Lexical,Keyword,single-index,1,1,1,1,1,1,1,1,0.000316667,116.6796,books-oracle2=10
q095,sisters,Head,CrossStripe,Lexical,Keyword,naive-score,0.7597784263276871,0.4,0.25,0.5555555555555556,0.42428284941545336,0.8701249883466593,0.8,2,0.0005499999999999999,133.0338,books-t2004-a=5 | books-t2004-b=5
q095,sisters,Head,CrossStripe,Lexical,Keyword,interleave,0.8214993491855869,0.8,0.6666666666666666,0.7142857142857143,0.577588942549276,0.841492960259019,0.8,2,0.0005499999999999999,133.0204,books-t2004-a=5 | books-t2004-b=5
q095,sisters,Head,CrossStripe,Lexical,Keyword,quota-merge,0.8270635964731271,0.8,0.6666666666666666,0.7857142857142857,0.6047288153528608,0.841492960259019,0.8,2,0.0005499999999999999,133.0101,books-t2004-a=5 | books-t2004-b=5
q095,sisters,Head,CrossStripe,Lexical,Keyword,global-rrf,0.8270635964731271,0.8,0.6666666666666666,0.7857142857142857,0.6047288153528608,0.841492960259019,0.8,2,0.0005499999999999999,133.0276,books-t2004-a=5 | books-t2004-b=5
q095,sisters,Head,CrossStripe,Lexical,Keyword,minmax-norm,0.8184168947009264,0.5,0.3333333333333333,0.4666666666666667,0.4749946588664364,0.9363792118010483,0.9,2,0.0005499999999999999,133.0522,books-t2004-a=4 | books-t2004-b=6
q095,sisters,Head,CrossStripe,Lexical,Keyword,zscore-norm,0.7117287281356638,0.4,0.25,0.15555555555555556,0.3198446015681444,0.8482378089219647,0.8,2,0.0005499999999999999,133.0471,books-t2004-a=6 | books-t2004-b=4
q095,sisters,Head,CrossStripe,Lexical,Keyword,idf-correct-probe,0.8856621214586886,0.7,0.5384615384615384,0.28888888888888886,0.5713255895984115,1,1,4,0.000983334,218.8401,books-t2004-a=2 | books-t2004-b=8
q095,sisters,Head,CrossStripe,Lexical,Keyword,semantic-score,0.9167155795454448,0.8,0.6666666666666666,1,0.7636699622953962,0.8482378089219647,0.8,2,0.0005499999999999999,133.0262,books-t2004-a=6 | books-t2004-b=4
q095,sisters,Head,CrossStripe,Lexical,Keyword,semantic-rerank,0.9167155795454448,0.8,0.6666666666666666,1,0.7636699622953962,0.8482378089219647,0.8,4,0.001283334,245.2773,books-t2004-a=6 | books-t2004-b=4
q095,sisters,Head,CrossStripe,Lexical,Keyword,idf-correct-sidecar,0.8629438680646098,0.6,0.42857142857142855,0.4666666666666667,0.5432032027581322,1,1,2,0.0005499999999999999,133.0582,books-t2004-a=3 | books-t2004-b=7
q096,a mentor who turns out to be wrong about everything,Tail,CrossStripe,Conceptual,Keyword,single-index,1,1,1,1,1,0.2537112618045938,1,1,0.000866667,117.9487,books-oracle2=10
q096,a mentor who turns out to be wrong about everything,Tail,CrossStripe,Conceptual,Keyword,naive-score,0.6483998636772347,0.5,0.3333333333333333,0.3333333333333333,0.3096118496713055,0.10318277784195086,0.9,2,0.0008,133.70680000000002,books-t2004-a=3 | books-t2004-b=7
q096,a mentor who turns out to be wrong about everything,Tail,CrossStripe,Conceptual,Keyword,interleave,0.4250225782588834,0.3,0.17647058823529413,1,0.27590686517591606,0.5926064537309031,0.9,2,0.0008,133.6907,books-t2004-a=5 | books-t2004-b=5
q096,a mentor who turns out to be wrong about everything,Tail,CrossStripe,Conceptual,Keyword,quota-merge,0.5765334480154908,0.3,0.17647058823529413,1,0.3840562571165004,0.5920465586317041,0.9,2,0.0008,133.6821,books-t2004-a=5 | books-t2004-b=5
q096,a mentor who turns out to be wrong about everything,Tail,CrossStripe,Conceptual,Keyword,global-rrf,0.5765334480154908,0.3,0.17647058823529413,1,0.3840562571165004,0.5920465586317041,0.9,2,0.0008,133.6981,books-t2004-a=5 | books-t2004-b=5
q096,a mentor who turns out to be wrong about everything,Tail,CrossStripe,Conceptual,Keyword,minmax-norm,0.6221679946309931,0.5,0.3333333333333333,0.15555555555555556,0.27811538075154596,0.07734246573070272,0.8,2,0.0008,133.7254,books-t2004-a=5 | books-t2004-b=5
q096,a mentor who turns out to be wrong about everything,Tail,CrossStripe,Conceptual,Keyword,zscore-norm,0.6281168449326336,0.5,0.3333333333333333,0.24444444444444444,0.2857467252714454,0.07903719290723173,0.8,2,0.0008,133.71880000000002,books-t2004-a=5 | books-t2004-b=5
q096,a mentor who turns out to be wrong about everything,Tail,CrossStripe,Conceptual,Keyword,idf-correct-probe,0.6408828665878131,0.5,0.3333333333333333,0.06666666666666667,0.25536453136573006,0.10101331560996459,0.9,8,0.002033334,394.5697,books-t2004-a=3 | books-t2004-b=7
q096,a mentor who turns out to be wrong about everything,Tail,CrossStripe,Conceptual,Keyword,semantic-score,0.5986486222429258,0.3,0.17647058823529413,1,0.42108861355699206,0.5481176925854457,0.9,2,0.0008,133.6967,books-t2004-a=4 | books-t2004-b=6
q096,a mentor who turns out to be wrong about everything,Tail,CrossStripe,Conceptual,Keyword,semantic-rerank,0.5986486222429258,0.3,0.17647058823529413,1,0.42108861355699206,0.5481176925854457,0.9,4,0.0016,246.0827,books-t2004-a=4 | books-t2004-b=6
q096,a mentor who turns out to be wrong about everything,Tail,CrossStripe,Conceptual,Keyword,idf-correct-sidecar,0.6408828665878131,0.5,0.3333333333333333,0.06666666666666667,0.25536453136573006,0.10101331560996459,0.9,2,0.0008,133.7415,books-t2004-a=3 | books-t2004-b=7
q097,winter cold and isolation in a remote place,Torso,CrossStripe,Conceptual,Keyword,single-index,1,1,1,1,1,0.9007619020868619,1,1,0.000366667,111.393,books-oracle2=10
q097,winter cold and isolation in a remote place,Torso,CrossStripe,Conceptual,Keyword,naive-score,0.6396356348798912,0.5,0.3333333333333333,0.24444444444444444,0.2732848605691778,0.8808932742807342,1,2,0.0010500000000000002,137.4327,books-t2004-a=6 | books-t2004-b=4
q097,winter cold and isolation in a remote place,Torso,CrossStripe,Conceptual,Keyword,interleave,0.7365173106350019,0.6,0.42857142857142855,0.8666666666666667,0.5142278097159144,0.8729485209403983,0.9,2,0.0010500000000000002,137.3897,books-t2004-a=5 | books-t2004-b=5
q097,winter cold and isolation in a remote place,Torso,CrossStripe,Conceptual,Keyword,quota-merge,0.5981215478943119,0.6,0.42857142857142855,0.8666666666666667,0.42285190986873533,0.8700578715134215,0.9,2,0.0010500000000000002,137.3793,books-t2004-a=5 | books-t2004-b=5
q097,winter cold and isolation in a remote place,Torso,CrossStripe,Conceptual,Keyword,global-rrf,0.5981215478943119,0.6,0.42857142857142855,0.8666666666666667,0.42285190986873533,0.8700578715134215,0.9,2,0.0010500000000000002,137.3968,books-t2004-a=5 | books-t2004-b=5
q097,winter cold and isolation in a remote place,Torso,CrossStripe,Conceptual,Keyword,minmax-norm,0.6844994406166752,0.7,0.5384615384615384,-0.4666666666666667,0.281563371964164,0.8700996204594588,1,2,0.0010500000000000002,137.4225,books-t2004-a=4 | books-t2004-b=6
q097,winter cold and isolation in a remote place,Torso,CrossStripe,Conceptual,Keyword,zscore-norm,0.6771300318396926,0.6,0.42857142857142855,-0.15555555555555556,0.27230548842866914,0.8739538196954277,1,2,0.0010500000000000002,137.41750000000002,books-t2004-a=5 | books-t2004-b=5
q097,winter cold and isolation in a remote place,Torso,CrossStripe,Conceptual,Keyword,idf-correct-probe,0.6451793797714026,0.5,0.3333333333333333,0.37777777777777777,0.2732848605691778,0.8906654487649238,1,8,0.0022500000000000003,399.3456,books-t2004-a=6 | books-t2004-b=4
q097,winter cold and isolation in a remote place,Torso,CrossStripe,Conceptual,Keyword,semantic-score,0.6387749070662393,0.7,0.5384615384615384,1,0.4519980360824768,0.8700578715134215,0.9,2,0.0010500000000000002,137.3962,books-t2004-a=6 | books-t2004-b=4
q097,winter cold and isolation in a remote place,Torso,CrossStripe,Conceptual,Keyword,semantic-rerank,0.6387749070662393,0.7,0.5384615384615384,1,0.4519980360824768,0.8700578715134215,0.9,4,0.0018166660000000002,239.5334,books-t2004-a=6 | books-t2004-b=4
q097,winter cold and isolation in a remote place,Torso,CrossStripe,Conceptual,Keyword,idf-correct-sidecar,0.6451793797714026,0.5,0.3333333333333333,0.37777777777777777,0.2732848605691778,0.8906654487649238,1,2,0.0010500000000000002,137.43880000000001,books-t2004-a=6 | books-t2004-b=4
q098,money and what people will do for it,Torso,CrossStripe,Conceptual,Keyword,single-index,1,1,1,1,1,0.45588669635300233,1,1,0.0004,144.1321,books-oracle2=10
q098,money and what people will do for it,Torso,CrossStripe,Conceptual,Keyword,naive-score,0.6843147862069668,0.6,0.42857142857142855,0.3333333333333333,0.3116090229699757,0.43423921076885963,0.9,2,0.000733334,134.058,books-t2004-a=5 | books-t2004-b=5
q098,money and what people will do for it,Torso,CrossStripe,Conceptual,Keyword,interleave,0.5137659660754466,0.5,0.3333333333333333,0.4,0.3530542437565259,0.30299879333956037,0.9,2,0.000733334,134.0417,books-t2004-a=5 | books-t2004-b=5
q098,money and what people will do for it,Torso,CrossStripe,Conceptual,Keyword,quota-merge,0.6657237542325296,0.5,0.3333333333333333,0.8,0.45357229117721104,0.32782869926134844,0.9,2,0.000733334,134.0334,books-t2004-a=5 | books-t2004-b=5
q098,money and what people will do for it,Torso,CrossStripe,Conceptual,Keyword,global-rrf,0.6657237542325296,0.5,0.3333333333333333,0.8,0.45357229117721104,0.32782869926134844,0.9,2,0.000733334,134.0511,books-t2004-a=5 | books-t2004-b=5
q098,money and what people will do for it,Torso,CrossStripe,Conceptual,Keyword,minmax-norm,0.817769780596156,0.6,0.42857142857142855,0.2,0.45135050792054804,0.4220121161777933,0.9,2,0.000733334,134.08089999999999,books-t2004-a=5 | books-t2004-b=5
q098,money and what people will do for it,Torso,CrossStripe,Conceptual,Keyword,zscore-norm,0.7171265061394383,0.6,0.42857142857142855,0.24444444444444444,0.35684214430928396,0.4137752043292219,0.9,2,0.000733334,134.0737,books-t2004-a=5 | books-t2004-b=5
q098,money and what people will do for it,Torso,CrossStripe,Conceptual,Keyword,idf-correct-probe,0.6843147862069668,0.6,0.42857142857142855,0.3333333333333333,0.3116090229699757,0.43423921076885963,0.9,6,0.001533334,302.6127,books-t2004-a=5 | books-t2004-b=5
q098,money and what people will do for it,Torso,CrossStripe,Conceptual,Keyword,semantic-score,0.6822509313170952,0.5,0.3333333333333333,1,0.45825067699031047,0.2702477169712276,1,2,0.000733334,134.04999999999998,books-t2004-a=3 | books-t2004-b=7
q098,money and what people will do for it,Torso,CrossStripe,Conceptual,Keyword,semantic-rerank,0.6822509313170952,0.5,0.3333333333333333,1,0.45825067699031047,0.2702477169712276,1,4,0.0015,237.1836,books-t2004-a=3 | books-t2004-b=7
q098,money and what people will do for it,Torso,CrossStripe,Conceptual,Keyword,idf-correct-sidecar,0.6405592717873773,0.5,0.3333333333333333,0.5111111111111111,0.2651036614467455,0.4506076844735365,0.9,2,0.000733334,134.0855,books-t2004-a=6 | books-t2004-b=4
q099,a rebellion against an unjust authority,Torso,CrossStripe,Conceptual,Keyword,single-index,1,1,1,1,1,0.6542594646677912,1,1,0.0004,139.1008,books-oracle2=10
q099,a rebellion against an unjust authority,Torso,CrossStripe,Conceptual,Keyword,naive-score,0.5564623477984098,0.5,0.3333333333333333,-0.3333333333333333,0.24182985033481308,0.7168509124844774,0.9,2,0.000766666,145.2808,books-t2004-a=6 | books-t2004-b=4
q099,a rebellion against an unjust authority,Torso,CrossStripe,Conceptual,Keyword,interleave,0.8449928867054443,0.6,0.42857142857142855,0.8666666666666667,0.7093898709298369,0.662136895205583,0.9,2,0.000766666,145.2654,books-t2004-a=5 | books-t2004-b=5
q099,a rebellion against an unjust authority,Torso,CrossStripe,Conceptual,Keyword,quota-merge,0.8418489720284669,0.6,0.42857142857142855,0.7333333333333333,0.6822499981262518,0.6636417153515473,0.9,2,0.000766666,145.2564,books-t2004-a=5 | books-t2004-b=5
q099,a rebellion against an unjust authority,Torso,CrossStripe,Conceptual,Keyword,global-rrf,0.8418489720284669,0.6,0.42857142857142855,0.7333333333333333,0.6822499981262518,0.6636417153515473,0.9,2,0.000766666,145.2733,books-t2004-a=5 | books-t2004-b=5
q099,a rebellion against an unjust authority,Torso,CrossStripe,Conceptual,Keyword,minmax-norm,0.5520495673343334,0.5,0.3333333333333333,-0.37777777777777777,0.24182985033481308,0.7333175186127713,0.9,2,0.000766666,145.3249,books-t2004-a=6 | books-t2004-b=4
q099,a rebellion against an unjust authority,Torso,CrossStripe,Conceptual,Keyword,zscore-norm,0.5444352480613154,0.5,0.3333333333333333,-0.5111111111111111,0.24182985033481308,0.7420361007724796,0.9,2,0.000766666,145.29350000000002,books-t2004-a=6 | books-t2004-b=4
q099,a rebellion against an unjust authority,Torso,CrossStripe,Conceptual,Keyword,idf-correct-probe,0.5699265796807829,0.5,0.3333333333333333,-0.022222222222222223,0.28323172629668186,0.6998208393746741,0.9,8,0.001966666,398.60760000000005,books-t2004-a=6 | books-t2004-b=4
q099,a rebellion against an unjust authority,Torso,CrossStripe,Conceptual,Keyword,semantic-score,0.8268155603089695,0.6,0.42857142857142855,1,0.673461966766681,0.6542769054768102,0.9,2,0.000766666,145.27290000000002,books-t2004-a=6 | books-t2004-b=4
q099,a rebellion against an unjust authority,Torso,CrossStripe,Conceptual,Keyword,semantic-rerank,0.8268155603089695,0.6,0.42857142857142855,1,0.673461966766681,0.6542769054768102,0.9,4,0.001366666,250.4011,books-t2004-a=6 | books-t2004-b=4
q099,a rebellion against an unjust authority,Torso,CrossStripe,Conceptual,Keyword,idf-correct-sidecar,0.5699265796807829,0.5,0.3333333333333333,-0.022222222222222223,0.28323172629668186,0.6998208393746741,0.9,2,0.000766666,145.3117,books-t2004-a=6 | books-t2004-b=4
q100,the moment everything changed,Torso,CrossStripe,Conceptual,Keyword,single-index,1,1,1,1,1,0.36885567213865283,0.9,1,0.00035,108.3626,books-oracle2=10
q100,the moment everything changed,Torso,CrossStripe,Conceptual,Keyword,naive-score,0.481524004705052,0.2,0.1111111111111111,-0.06666666666666667,0.18847930993683307,0.8512360941594274,0.9,2,0.000633334,133.2861,books-t2004-a=4 | books-t2004-b=6
q100,the moment everything changed,Torso,CrossStripe,Conceptual,Keyword,interleave,0.9957076804357539,0.9,0.8181818181818182,0.7777777777777778,0.8089034956660788,0.43810818083050457,0.9,2,0.000633334,133.2523,books-t2004-a=5 | books-t2004-b=5
q100,the moment everything changed,Torso,CrossStripe,Conceptual,Keyword,quota-merge,0.9391849403437452,0.9,0.8181818181818182,0.6888888888888889,0.6812455754418087,0.35687885840597894,0.9,2,0.000633334,133.2415,books-t2004-a=5 | books-t2004-b=5
q100,the moment everything changed,Torso,CrossStripe,Conceptual,Keyword,global-rrf,0.9391849403437452,0.9,0.8181818181818182,0.6888888888888889,0.6812455754418087,0.35687885840597894,0.9,2,0.000633334,133.2591,books-t2004-a=5 | books-t2004-b=5
q100,the moment everything changed,Torso,CrossStripe,Conceptual,Keyword,minmax-norm,0.5038705147757712,0.2,0.1111111111111111,-0.022222222222222223,0.14713229911162276,0.7670273914429264,0.9,2,0.000633334,133.3134,books-t2004-a=6 | books-t2004-b=4
q100,the moment everything changed,Torso,CrossStripe,Conceptual,Keyword,zscore-norm,0.4940426950158548,0.2,0.1111111111111111,-0.1111111111111111,0.1499558965839856,0.7917267193679839,0.9,2,0.000633334,133.2801,books-t2004-a=6 | books-t2004-b=4
q100,the moment everything changed,Torso,CrossStripe,Conceptual,Keyword,idf-correct-probe,0.5260684665115717,0.3,0.17647058823529413,-0.4222222222222222,0.20373028004191887,0.8512360941594274,0.9,6,0.001466668,307.81780000000003,books-t2004-a=3 | books-t2004-b=7
q100,the moment everything changed,Torso,CrossStripe,Conceptual,Keyword,semantic-score,1,1,1,1,0.8591367550184259,0.36885567213865283,0.9,2,0.000633334,133.25900000000001,books-t2004-a=4 | books-t2004-b=6
q100,the moment everything changed,Torso,CrossStripe,Conceptual,Keyword,semantic-rerank,1,1,1,1,0.8591367550184259,0.36885567213865283,0.9,4,0.0010333340000000001,248.8025,books-t2004-a=4 | books-t2004-b=6
q100,the moment everything changed,Torso,CrossStripe,Conceptual,Keyword,idf-correct-sidecar,0.5324424840183793,0.3,0.17647058823529413,-0.28888888888888886,0.22217905541877583,0.841492960259019,0.9,2,0.000633334,133.2988,books-t2004-a=3 | books-t2004-b=7
