queryId,query,shape,span,intent,mode,strategy,ndcg,recall,jaccard,kendallTau,rbo,judgedNdcg,judgedCoverage,queries,computeUnits,modelTokens,latencyMs,stripeMix
q001,dragons and ancient magic,Torso,StripeLocal,Lexical,Keyword,single-index,1,1,1,1,1,0.8771324975457362,1,1,0.000366667,,65.2057,books-oracle2=10
q001,dragons and ancient magic,Torso,StripeLocal,Lexical,Keyword,single-index-rescored,0.8296000311374757,0.7,0.5384615384615384,0.3333333333333333,0.5831725602345704,1,1,1,0.000366667,,65.2057,books-oracle2=10
q001,dragons and ancient magic,Torso,StripeLocal,Lexical,Keyword,selective-one,0.9991728380361162,1,1,0.9111111111111111,0.9646749464219601,0.871620927986919,1,1,0.00035,,68.8381,books-genre-a=10
q001,dragons and ancient magic,Torso,StripeLocal,Lexical,Keyword,selective-adaptive,0.9991728380361162,1,1,0.9111111111111111,0.9646749464219601,0.871620927986919,1,1,0.00035,,65.0716,books-genre-a=10
q001,dragons and ancient magic,Torso,StripeLocal,Lexical,Keyword,global-bm25,0.8771243541894308,0.9,0.8181818181818182,0.5111111111111111,0.6665373714036726,0.9257857076266625,1,2,0.000333333,,59.8368,books-genre-a=10
q001,dragons and ancient magic,Torso,StripeLocal,Lexical,Keyword,idf-correct-sidecar,0.9991728380361162,1,1,0.9111111111111111,0.9646749464219601,0.871620927986919,1,2,0.000333333,,60.931599999999996,books-genre-a=10
q001,dragons and ancient magic,Torso,StripeLocal,Lexical,Keyword,naive-score,0.9629085021362713,0.9,0.8181818181818182,0.9444444444444444,0.9587267249465422,0.871620927986919,1,2,0.000333333,,58.3219,books-genre-a=9 | books-genre-b=1
q002,a young wizard learning to control his powers at a school of magic,Torso,StripeLocal,Conceptual,Keyword,single-index,1,1,1,1,1,0.44426423489927896,1,1,0.000433333,,66.7893,books-oracle2=10
q002,a young wizard learning to control his powers at a school of magic,Torso,StripeLocal,Conceptual,Keyword,single-index-rescored,0.772158742578048,0.6,0.42857142857142855,0.3333333333333333,0.42256848098103755,0.585521694489924,1,1,0.000433333,,66.7893,books-oracle2=10
q002,a young wizard learning to control his powers at a school of magic,Torso,StripeLocal,Conceptual,Keyword,selective-one,0.9980574769566493,0.9,0.8181818181818182,0.9555555555555556,0.9660702082495274,0.38559845355963623,1,1,0.00085,,69.5411,books-genre-a=10
q002,a young wizard learning to control his powers at a school of magic,Torso,StripeLocal,Conceptual,Keyword,selective-adaptive,0.8213933596031457,0.7,0.5384615384615384,0.28888888888888886,0.45669586259132383,0.5667667581972401,1,2,0.000433334,,66.9942,books-genre-a=10
q002,a young wizard learning to control his powers at a school of magic,Torso,StripeLocal,Conceptual,Keyword,global-bm25,0.8213933596031457,0.7,0.5384615384615384,0.28888888888888886,0.45669586259132383,0.5667667581972401,1,2,0.000433334,,66.4367,books-genre-a=10
q002,a young wizard learning to control his powers at a school of magic,Torso,StripeLocal,Conceptual,Keyword,idf-correct-sidecar,0.9980574769566493,0.9,0.8181818181818182,0.9555555555555556,0.9660702082495274,0.38559845355963623,1,2,0.000433334,,64.5618,books-genre-a=10
q002,a young wizard learning to control his powers at a school of magic,Torso,StripeLocal,Conceptual,Keyword,naive-score,0.9980574769566493,0.9,0.8181818181818182,0.9555555555555556,0.9660702082495274,0.38559845355963623,1,2,0.000433334,,64.4714,books-genre-a=10
q003,epic fantasy quest to destroy an artifact,Torso,StripeLocal,Mixed,Keyword,single-index,1,1,1,1,1,0.2748545757000134,1,1,0.000416667,,65.3256,books-oracle2=10
q003,epic fantasy quest to destroy an artifact,Torso,StripeLocal,Mixed,Keyword,single-index-rescored,0.4267017711285676,0.3,0.17647058823529413,-0.15555555555555556,0.041710985160956594,0.34199928793974005,1,1,0.000416667,,65.3256,books-oracle2=10
q003,epic fantasy quest to destroy an artifact,Torso,StripeLocal,Mixed,Keyword,selective-one,0.8140902395613044,0.6,0.42857142857142855,0.37777777777777777,0.49766074236562585,0.13048274955077963,1,1,0.000383333,,67.154,books-genre-a=10
q003,epic fantasy quest to destroy an artifact,Torso,StripeLocal,Mixed,Keyword,selective-adaptive,0.8140902395613044,0.6,0.42857142857142855,0.37777777777777777,0.49766074236562585,0.13048274955077963,1,1,0.000383333,,67.4894,books-genre-a=10
q003,epic fantasy quest to destroy an artifact,Torso,StripeLocal,Mixed,Keyword,global-bm25,0.5424882870533627,0.5,0.3333333333333333,-0.07142857142857142,0.1170433667932298,0.38960696824991553,1,2,0.000583333,,63.8674,books-genre-a=8 | books-genre-b=2
q003,epic fantasy quest to destroy an artifact,Torso,StripeLocal,Mixed,Keyword,idf-correct-sidecar,0.8140902395613044,0.6,0.42857142857142855,0.37777777777777777,0.49766074236562585,0.13048274955077963,1,2,0.000583333,,61.8648,books-genre-a=10
q003,epic fantasy quest to destroy an artifact,Torso,StripeLocal,Mixed,Keyword,naive-score,0.7665187889687616,0.4,0.25,0.28888888888888886,0.4782232262519906,0.15522443032254213,1,2,0.000583333,,61.8228,books-genre-a=4 | books-genre-b=6
q004,vampires,Head,StripeLocal,Lexical,Keyword,single-index,1,1,1,1,1,1,1,1,0.000316667,,62.7508,books-oracle2=10
q004,vampires,Head,StripeLocal,Lexical,Keyword,single-index-rescored,0.6672772247211125,0.6,0.42857142857142855,-0.022222222222222223,0.3071849130306321,1,1,1,0.000316667,,62.7508,books-oracle2=10
q004,vampires,Head,StripeLocal,Lexical,Keyword,selective-one,0.9986216109928169,1,1,0.8666666666666667,0.9530868987502799,1,1,1,0.000316667,,65.1442,books-genre-a=10
q004,vampires,Head,StripeLocal,Lexical,Keyword,selective-adaptive,0.9986216109928169,1,1,0.8666666666666667,0.9530868987502799,1,1,1,0.000316667,,63.0322,books-genre-a=10
q004,vampires,Head,StripeLocal,Lexical,Keyword,global-bm25,0.6711809046339259,0.6,0.42857142857142855,-0.06666666666666667,0.3071849130306321,1,1,2,0.00055,,58.4341,books-genre-a=10
q004,vampires,Head,StripeLocal,Lexical,Keyword,idf-correct-sidecar,0.999872026239713,1,1,0.9555555555555556,0.9883436772968487,1,1,2,0.00055,,56.536899999999996,books-genre-a=10
q004,vampires,Head,StripeLocal,Lexical,Keyword,naive-score,0.6217500680296282,0.8,0.6666666666666666,0.9285714285714286,0.430645595535999,0.9206500320722545,1,2,0.00055,,56.4945,books-genre-a=8 | books-genre-b=2
q005,haunted house that torments the family living in it,Torso,StripeLocal,Conceptual,Keyword,single-index,1,1,1,1,1,0.16686587934647945,1,1,0.000866667,,68.0514,books-oracle2=10
q005,haunted house that torments the family living in it,Torso,StripeLocal,Conceptual,Keyword,single-index-rescored,0.43980906069465653,0.1,0.05263157894736842,0.28888888888888886,0.0492374295588158,0.33876062441659177,0.9,1,0.000866667,,68.0514,books-oracle2=10
q005,haunted house that torments the family living in it,Torso,StripeLocal,Conceptual,Keyword,selective-one,0.9852205613471139,0.8,0.6666666666666666,0.8666666666666667,0.9434015594825784,0.22215039358999156,1,1,0.0004,,87.3735,books-genre-a=10
q005,haunted house that torments the family living in it,Torso,StripeLocal,Conceptual,Keyword,selective-adaptive,0.5532349855625655,0.3,0.17647058823529413,-0.2,0.06847735581263734,0.32677030087207276,0.9,2,0.000783333,,67.389,books-genre-a=8 | books-genre-b=2
q005,haunted house that torments the family living in it,Torso,StripeLocal,Conceptual,Keyword,global-bm25,0.5532349855625655,0.3,0.17647058823529413,-0.2,0.06847735581263734,0.32677030087207276,0.9,2,0.000783333,,63.707499999999996,books-genre-a=8 | books-genre-b=2
q005,haunted house that torments the family living in it,Torso,StripeLocal,Conceptual,Keyword,idf-correct-sidecar,0.9894520758445774,0.9,0.8181818181818182,0.7777777777777778,0.9493497809579967,0.16761828941946152,1,2,0.000783333,,62.1563,books-genre-a=9 | books-genre-b=1
q005,haunted house that torments the family living in it,Torso,StripeLocal,Conceptual,Keyword,naive-score,0.9889142500674626,0.8,0.6666666666666666,0.9111111111111111,0.9539937030944976,0.13141594491657282,1,2,0.000783333,,62.1108,books-genre-a=7 | books-genre-b=3
q006,generation starship colonists who forget they are on a ship,Tail,StripeLocal,Conceptual,Keyword,single-index,1,1,1,1,1,0.31847094179316154,1,1,0.000383333,,70.0903,books-oracle2=10
q006,generation starship colonists who forget they are on a ship,Tail,StripeLocal,Conceptual,Keyword,single-index-rescored,0.7856668710836685,0.4,0.25,0.5555555555555556,0.4707063722541276,0.5966005535048481,1,1,0.000383333,,70.0903,books-oracle2=10
q006,generation starship colonists who forget they are on a ship,Tail,StripeLocal,Conceptual,Keyword,selective-one,0.9515251137043202,0.7,0.5384615384615384,1,0.8254173276972859,0.38820571143283866,0.9,1,0.000366667,,66.807,books-genre-a=10
q006,generation starship colonists who forget they are on a ship,Tail,StripeLocal,Conceptual,Keyword,selective-adaptive,0.8444486567104017,0.7,0.5384615384615384,0.28888888888888886,0.5405965175499525,0.5966005535048481,1,2,0.000716667,,64.1875,books-genre-a=9 | books-genre-b=1
q006,generation starship colonists who forget they are on a ship,Tail,StripeLocal,Conceptual,Keyword,global-bm25,0.8444486567104017,0.7,0.5384615384615384,0.28888888888888886,0.5405965175499525,0.5966005535048481,1,2,0.0005499999999999999,,64.2849,books-genre-a=9 | books-genre-b=1
q006,generation starship colonists who forget they are on a ship,Tail,StripeLocal,Conceptual,Keyword,idf-correct-sidecar,0.9955583580987839,0.9,0.8181818181818182,1,0.9775289410928649,0.32344584076133215,1,2,0.0005499999999999999,,61.908699999999996,books-genre-a=8 | books-genre-b=2
q006,generation starship colonists who forget they are on a ship,Tail,StripeLocal,Conceptual,Keyword,naive-score,0.9975182814016397,0.9,0.8181818181818182,0.9111111111111111,0.9775289410928649,0.19828306441449237,1,2,0.0005499999999999999,,61.8166,books-genre-a=6 | books-genre-b=4
q007,artificial intelligence becomes self aware,Torso,StripeLocal,Mixed,Keyword,single-index,1,1,1,1,1,0.3082334329023211,1,1,0.0004,,64.3546,books-oracle2=10
q007,artificial intelligence becomes self aware,Torso,StripeLocal,Mixed,Keyword,single-index-rescored,0.6469720348028789,0.5,0.3333333333333333,0.6,0.3607554502401743,0.398010665624612,1,1,0.0004,,64.3546,books-oracle2=10
q007,artificial intelligence becomes self aware,Torso,StripeLocal,Mixed,Keyword,selective-one,0.8357577049998556,0.6,0.42857142857142855,0.7857142857142857,0.6546484608897669,0.11836151814711855,1,1,0.000366667,,100.6682,books-genre-b=10
q007,artificial intelligence becomes self aware,Torso,StripeLocal,Mixed,Keyword,selective-adaptive,0.6469720348028789,0.5,0.3333333333333333,0.6,0.3607554502401743,0.398010665624612,1,2,0.000733334,,63.6061,books-genre-a=7 | books-genre-b=3
q007,artificial intelligence becomes self aware,Torso,StripeLocal,Mixed,Keyword,global-bm25,0.6469720348028789,0.5,0.3333333333333333,0.6,0.3607554502401743,0.398010665624612,1,2,0.000733334,,61.489000000000004,books-genre-a=7 | books-genre-b=3
q007,artificial intelligence becomes self aware,Torso,StripeLocal,Mixed,Keyword,idf-correct-sidecar,0.9329569447884372,0.7,0.5384615384615384,0.24444444444444444,0.6198314504137626,0.36543538064892567,1,2,0.000733334,,60.1513,books-genre-a=6 | books-genre-b=4
q007,artificial intelligence becomes self aware,Torso,StripeLocal,Mixed,Keyword,naive-score,0.9486126941124706,0.7,0.5384615384615384,0.37777777777777777,0.6887758425000533,0.3448947835990388,1,2,0.000733334,,60.1085,books-genre-a=6 | books-genre-b=4
q008,hard science fiction about terraforming Mars,Tail,StripeLocal,Mixed,Keyword,single-index,1,1,1,1,1,0.8987028428087189,1,1,0.000383333,,64.663,books-oracle2=10
q008,hard science fiction about terraforming Mars,Tail,StripeLocal,Mixed,Keyword,single-index-rescored,0.9351320580919565,0.6,0.42857142857142855,0.8666666666666667,0.7615416209452842,0.9243885660572466,1,1,0.000383333,,64.663,books-oracle2=10
q008,hard science fiction about terraforming Mars,Tail,StripeLocal,Mixed,Keyword,selective-one,0.8790665887795206,0.8,0.6666666666666666,0.8222222222222222,0.7020433281135205,0.9013042706243276,1,1,0.000733333,,106.0334,books-genre-a=10
q008,hard science fiction about terraforming Mars,Tail,StripeLocal,Mixed,Keyword,selective-adaptive,0.9351320580919565,0.6,0.42857142857142855,0.8666666666666667,0.7615416209452842,0.9243885660572466,1,2,0.000716667,,66.9623,books-genre-a=10
q008,hard science fiction about terraforming Mars,Tail,StripeLocal,Mixed,Keyword,global-bm25,0.9351320580919565,0.6,0.42857142857142855,0.8666666666666667,0.7615416209452842,0.9243885660572466,1,2,0.000566667,,63.7392,books-genre-a=10
q008,hard science fiction about terraforming Mars,Tail,StripeLocal,Mixed,Keyword,idf-correct-sidecar,0.9423429491369721,0.9,0.8181818181818182,0.9555555555555556,0.840517785245819,0.8987028428087189,1,2,0.000566667,,62.3546,books-genre-a=9 | books-genre-b=1
q008,hard science fiction about terraforming Mars,Tail,StripeLocal,Mixed,Keyword,naive-score,0.939987157168564,0.9,0.8181818181818182,0.9111111111111111,0.8331743019428337,0.8980123774524449,1,2,0.000566667,,62.317099999999996,books-genre-a=8 | books-genre-b=2
q009,cyberpunk hacker corporate dystopia,Torso,StripeLocal,Lexical,Keyword,single-index,1,1,1,1,1,0.6271258586362687,1,1,0.000283333,,104.6842,books-oracle2=10
q009,cyberpunk hacker corporate dystopia,Torso,StripeLocal,Lexical,Keyword,single-index-rescored,0.6981676349316245,0.6,0.42857142857142855,0.4666666666666667,0.2547163508185027,0.821686241587554,1,1,0.000283333,,104.6842,books-oracle2=10
q009,cyberpunk hacker corporate dystopia,Torso,StripeLocal,Lexical,Keyword,selective-one,0.8538642191574439,0.7,0.5384615384615384,0.7777777777777778,0.5559041553582957,0.8523829994343729,1,1,0.000266667,,69.3795,books-genre-a=10
q009,cyberpunk hacker corporate dystopia,Torso,StripeLocal,Lexical,Keyword,selective-adaptive,0.6981676349316245,0.6,0.42857142857142855,0.4666666666666667,0.2547163508185027,0.821686241587554,1,2,0.00039999999999999996,,64.9346,books-genre-a=10
q009,cyberpunk hacker corporate dystopia,Torso,StripeLocal,Lexical,Keyword,global-bm25,0.6981676349316245,0.6,0.42857142857142855,0.4666666666666667,0.2547163508185027,0.821686241587554,1,2,0.000516667,,59.411100000000005,books-genre-a=10
q009,cyberpunk hacker corporate dystopia,Torso,StripeLocal,Lexical,Keyword,idf-correct-sidecar,0.9698229798116819,0.9,0.8181818181818182,0.8222222222222222,0.8130517905097306,0.690909029386682,1,2,0.000516667,,58.0437,books-genre-a=8 | books-genre-b=2
q009,cyberpunk hacker corporate dystopia,Torso,StripeLocal,Lexical,Keyword,naive-score,0.9442307409673631,0.9,0.8181818181818182,0.9555555555555556,0.840517785245819,0.5575007251295324,1,2,0.000516667,,58.016400000000004,books-genre-a=7 | books-genre-b=3
q010,a locked room murder that seems impossible to have committed,Tail,StripeLocal,Conceptual,Keyword,single-index,1,1,1,1,1,0.561387795497429,1,1,0.000383333,,66.5258,books-oracle2=10
q010,a locked room murder that seems impossible to have committed,Tail,StripeLocal,Conceptual,Keyword,single-index-rescored,0.7386618919039348,0.6,0.42857142857142855,0.3333333333333333,0.34728078436689697,0.5865886514062755,1,1,0.000383333,,66.5258,books-oracle2=10
q010,a locked room murder that seems impossible to have committed,Tail,StripeLocal,Conceptual,Keyword,selective-one,0.6879099023941693,0.6,0.42857142857142855,1,0.353132732520717,0.5947536509037131,0.9,1,0.000733333,,68.7939,books-genre-a=10
q010,a locked room murder that seems impossible to have committed,Tail,StripeLocal,Conceptual,Keyword,selective-adaptive,0.7386618919039348,0.6,0.42857142857142855,0.3333333333333333,0.34728078436689697,0.5865886514062755,1,2,0.0007,,65.8555,books-genre-a=6 | books-genre-b=4
q010,a locked room murder that seems impossible to have committed,Tail,StripeLocal,Conceptual,Keyword,global-bm25,0.7386618919039348,0.6,0.42857142857142855,0.3333333333333333,0.34728078436689697,0.5865886514062755,1,2,0.0007,,68.2607,books-genre-a=6 | books-genre-b=4
q010,a locked room murder that seems impossible to have committed,Tail,StripeLocal,Conceptual,Keyword,idf-correct-sidecar,0.9975081667223514,0.9,0.8181818181818182,0.7777777777777778,0.9507625704411842,0.5430887904540619,1,2,0.0007,,66.9346,books-genre-a=5 | books-genre-b=5
q010,a locked room murder that seems impossible to have committed,Tail,StripeLocal,Conceptual,Keyword,naive-score,0.984976797260741,0.9,0.8181818181818182,0.7333333333333333,0.8402180952804749,0.518082312439755,1,2,0.0007,,66.8998,books-genre-a=5 | books-genre-b=5
q011,detective investigating a serial killer,Torso,StripeLocal,Mixed,Keyword,single-index,1,1,1,1,1,0.8294342655561396,1,1,0.00035,,64.0708,books-oracle2=10
q011,detective investigating a serial killer,Torso,StripeLocal,Mixed,Keyword,single-index-rescored,0.5028357562451876,0.3,0.17647058823529413,0.3333333333333333,0.1690742188978605,0.8664852524325113,1,1,0.00035,,64.0708,books-oracle2=10
q011,detective investigating a serial killer,Torso,StripeLocal,Mixed,Keyword,selective-one,0.9920343182996518,0.9,0.8181818181818182,0.8666666666666667,0.9172725467612761,0.7726449311666633,1,1,0.00035,,65.5699,books-genre-a=10
q011,detective investigating a serial killer,Torso,StripeLocal,Mixed,Keyword,selective-adaptive,0.9920343182996518,0.9,0.8181818181818182,0.8666666666666667,0.9172725467612761,0.7726449311666633,1,1,0.00035,,65.6744,books-genre-a=10
q011,detective investigating a serial killer,Torso,StripeLocal,Mixed,Keyword,global-bm25,0.5677610662265373,0.5,0.3333333333333333,0.1111111111111111,0.19749349928041368,0.9206500320722545,1,2,0.000616667,,60.3994,books-genre-a=9 | books-genre-b=1
q011,detective investigating a serial killer,Torso,StripeLocal,Mixed,Keyword,idf-correct-sidecar,0.9857145286953469,0.8,0.6666666666666666,0.8222222222222222,0.9021449711571261,0.7749021613856096,1,2,0.000616667,,58.9666,books-genre-a=9 | books-genre-b=1
q011,detective investigating a serial killer,Torso,StripeLocal,Mixed,Keyword,naive-score,0.9399155744596093,0.8,0.6666666666666666,0.3333333333333333,0.6947240639754714,0.7533111229776094,1,2,0.000616667,,58.9308,books-genre-a=8 | books-genre-b=2
q012,espionage thriller cold war spy,Torso,StripeLocal,Lexical,Keyword,single-index,1,1,1,1,1,0.5442601090382408,1,1,0.000383333,,101.9258,books-oracle2=10
q012,espionage thriller cold war spy,Torso,StripeLocal,Lexical,Keyword,single-index-rescored,0.9372750760526952,0.6,0.42857142857142855,0.7333333333333333,0.7295431324145415,0.6774254634044772,1,1,0.000383333,,101.9258,books-oracle2=10
q012,espionage thriller cold war spy,Torso,StripeLocal,Lexical,Keyword,selective-one,0.971884474942621,0.8,0.6666666666666666,0.9555555555555556,0.9081447809360097,0.6106380588177236,1,1,0.000733333,,93.3874,books-genre-a=10
q012,espionage thriller cold war spy,Torso,StripeLocal,Lexical,Keyword,selective-adaptive,0.9372750760526952,0.6,0.42857142857142855,0.7333333333333333,0.7295431324145415,0.6774254634044772,1,2,0.0007,,91.0077,books-genre-a=10
q012,espionage thriller cold war spy,Torso,StripeLocal,Lexical,Keyword,global-bm25,0.9372750760526952,0.6,0.42857142857142855,0.7333333333333333,0.7295431324145415,0.6774254634044772,1,2,0.0007,,62.342099999999995,books-genre-a=10
q012,espionage thriller cold war spy,Torso,StripeLocal,Lexical,Keyword,idf-correct-sidecar,0.99469124894805,0.9,0.8181818181818182,0.9111111111111111,0.9422721625462961,0.5561059546471936,1,2,0.0007,,61.018299999999996,books-genre-a=8 | books-genre-b=2
q012,espionage thriller cold war spy,Torso,StripeLocal,Lexical,Keyword,naive-score,0.9807696767633975,0.8,0.6666666666666666,0.6,0.862576194138006,0.5409830593470893,1,2,0.0007,,60.9948,books-genre-a=6 | books-genre-b=4
q013,teenagers forced to compete in a deadly televised game,Tail,StripeLocal,Conceptual,Keyword,single-index,1,1,1,1,1,0.6531525447657412,1,1,0.000383333,,67.4203,books-oracle2=10
q013,teenagers forced to compete in a deadly televised game,Tail,StripeLocal,Conceptual,Keyword,single-index-rescored,0.6158348883625661,0.4,0.25,0.06666666666666667,0.19402224637941523,0.3428408579934785,1,1,0.000383333,,67.4203,books-oracle2=10
q013,teenagers forced to compete in a deadly televised game,Tail,StripeLocal,Conceptual,Keyword,selective-one,0.993227491060375,0.8,0.6666666666666666,0.9555555555555556,0.9393058955609125,0.6909749714280617,1,1,0.000366667,,70.3627,books-genre-a=10
q013,teenagers forced to compete in a deadly televised game,Tail,StripeLocal,Conceptual,Keyword,selective-adaptive,0.5922227279569032,0.4,0.25,-0.16666666666666666,0.19402224637941523,0.33073449721930875,1,2,0.0007,,67.647,books-genre-a=9 | books-genre-b=1
q013,teenagers forced to compete in a deadly televised game,Tail,StripeLocal,Conceptual,Keyword,global-bm25,0.5922227279569032,0.4,0.25,-0.16666666666666666,0.19402224637941523,0.33073449721930875,1,2,0.0005499999999999999,,68.2897,books-genre-a=9 | books-genre-b=1
q013,teenagers forced to compete in a deadly televised game,Tail,StripeLocal,Conceptual,Keyword,idf-correct-sidecar,0.9954573353715277,0.9,0.8181818181818182,0.9555555555555556,0.9452541170363306,0.6894716270882504,1,2,0.0005499999999999999,,66.9798,books-genre-a=9 | books-genre-b=1
q013,teenagers forced to compete in a deadly televised game,Tail,StripeLocal,Conceptual,Keyword,naive-score,0.9974773690073312,1,1,0.7777777777777778,0.9303666616798656,0.650907491458512,1,2,0.0005499999999999999,,66.9414,books-genre-a=8 | books-genre-b=2
q014,picture book about a bear,Torso,StripeLocal,Mixed,Keyword,single-index,1,1,1,1,1,0.6984156588107141,1,1,0.000383333,,67.9583,books-oracle2=10
q014,picture book about a bear,Torso,StripeLocal,Mixed,Keyword,single-index-rescored,0.920153491565993,0.7,0.5384615384615384,0.6444444444444445,0.7508681076573885,0.8178320423515849,1,1,0.000383333,,67.9583,books-oracle2=10
q014,picture book about a bear,Torso,StripeLocal,Mixed,Keyword,selective-one,0.2776235906723102,0,0,0.8666666666666667,0,0.03555833243179923,1,1,0.000366667,,64.9766,books-genre-b=10
q014,picture book about a bear,Torso,StripeLocal,Mixed,Keyword,selective-adaptive,0.9665901821709879,0.9,0.8181818181818182,0.6,0.77010803391121,0.7632999381810549,1,2,0.000716667,,61.0603,books-genre-a=10
q014,picture book about a bear,Torso,StripeLocal,Mixed,Keyword,global-bm25,0.9665901821709879,0.9,0.8181818181818182,0.6,0.77010803391121,0.7632999381810549,1,2,0.000716667,,61.100699999999996,books-genre-a=10
q014,picture book about a bear,Torso,StripeLocal,Mixed,Keyword,idf-correct-sidecar,0.9899328594827169,0.9,0.8181818181818182,0.8222222222222222,0.8823612196995846,0.6243528977273075,1,2,0.000716667,,59.8521,books-genre-a=10
q014,picture book about a bear,Torso,StripeLocal,Mixed,Keyword,naive-score,0.9899328594827169,0.9,0.8181818181818182,0.8222222222222222,0.8823612196995846,0.6243528977273075,1,2,0.000716667,,59.785,books-genre-a=10
q015,graphic novel superhero origin,Torso,StripeLocal,Lexical,Keyword,single-index,1,1,1,1,1,0.16764568274445124,1,1,0.0004,,64.7587,books-oracle2=10
q015,graphic novel superhero origin,Torso,StripeLocal,Lexical,Keyword,single-index-rescored,0.4132279593002978,0.1,0.05263157894736842,0.2,0.013291704778403425,0.4362794620780214,1,1,0.0004,,64.7587,books-oracle2=10
q015,graphic novel superhero origin,Torso,StripeLocal,Lexical,Keyword,selective-one,0.987138517272135,0.8,0.6666666666666666,0.8666666666666667,0.9360580761795931,0.15546970653453676,1,1,0.000383333,,66.0444,books-genre-a=10
q015,graphic novel superhero origin,Torso,StripeLocal,Lexical,Keyword,selective-adaptive,0.4291361966110593,0.1,0.05263157894736842,0.1111111111111111,0.013291704778403425,0.4119808248011236,1,2,0.000416667,,62.23,books-genre-a=10
q015,graphic novel superhero origin,Torso,StripeLocal,Lexical,Keyword,global-bm25,0.4291361966110593,0.1,0.05263157894736842,0.1111111111111111,0.013291704778403425,0.4119808248011236,1,2,0.00075,,64.5386,books-genre-a=10
q015,graphic novel superhero origin,Torso,StripeLocal,Lexical,Keyword,idf-correct-sidecar,0.987138517272135,0.8,0.6666666666666666,0.8666666666666667,0.9360580761795931,0.15546970653453676,1,2,0.00075,,62.9171,books-genre-a=10
q015,graphic novel superhero origin,Torso,StripeLocal,Lexical,Keyword,naive-score,0.8256459947297558,0.9,0.8181818181818182,0.4666666666666667,0.4739523312750172,0.1097467036188768,1,2,0.00075,,62.849799999999995,books-genre-a=8 | books-genre-b=2
q016,zombie apocalypse survival,Torso,StripeLocal,Lexical,Keyword,single-index,1,1,1,1,1,0.6833467607916786,0.9,1,0.00035,,63.6884,books-oracle2=10
q016,zombie apocalypse survival,Torso,StripeLocal,Lexical,Keyword,single-index-rescored,0.9142663896074125,0.7,0.5384615384615384,0.5555555555555556,0.6552858188201451,0.8310822152678946,0.9,1,0.00035,,63.6884,books-oracle2=10
q016,zombie apocalypse survival,Torso,StripeLocal,Lexical,Keyword,selective-one,0.99403016478229,0.9,0.8181818181818182,1,0.9867082952215966,0.6950688800755376,0.9,1,0.000333333,,65.1862,books-genre-a=10
q016,zombie apocalypse survival,Torso,StripeLocal,Lexical,Keyword,selective-adaptive,0.9142663896074125,0.7,0.5384615384615384,0.5555555555555556,0.6552858188201451,0.8310822152678946,0.9,2,0.00035,,59.3263,books-genre-a=10
q016,zombie apocalypse survival,Torso,StripeLocal,Lexical,Keyword,global-bm25,0.9142663896074125,0.7,0.5384615384615384,0.5555555555555556,0.6552858188201451,0.8310822152678946,0.9,2,0.00035,,58.189,books-genre-a=10
q016,zombie apocalypse survival,Torso,StripeLocal,Lexical,Keyword,idf-correct-sidecar,0.9938204516961735,0.9,0.8181818181818182,0.9555555555555556,0.9715982472730672,0.6950688800755376,0.9,2,0.00035,,56.889300000000006,books-genre-a=10
q016,zombie apocalypse survival,Torso,StripeLocal,Lexical,Keyword,naive-score,0.9859897004294192,0.9,0.8181818181818182,0.9111111111111111,0.9715982472730672,0.7117414279864168,0.9,2,0.00035,,56.83860000000001,books-genre-a=9 | books-genre-b=1
q017,time travel paradox,Torso,StripeLocal,Lexical,Keyword,single-index,1,1,1,1,1,0.7741767122711218,1,1,0.000366667,,63.9781,books-oracle2=10
q017,time travel paradox,Torso,StripeLocal,Lexical,Keyword,single-index-rescored,0.8550866153427683,0.7,0.5384615384615384,0.1111111111111111,0.5485606720553104,0.6377241537839873,1,1,0.000366667,,63.9781,books-oracle2=10
q017,time travel paradox,Torso,StripeLocal,Lexical,Keyword,selective-one,0.9676407256115241,0.7,0.5384615384615384,1,0.9315226441873625,0.7564760789806209,0.8,1,0.000333333,,85.8572,books-genre-a=10
q017,time travel paradox,Torso,StripeLocal,Lexical,Keyword,selective-adaptive,0.8550866153427683,0.7,0.5384615384615384,0.1111111111111111,0.5485606720553104,0.6377241537839873,1,2,0.000666666,,58.8052,books-genre-a=5 | books-genre-b=5
q017,time travel paradox,Torso,StripeLocal,Lexical,Keyword,global-bm25,0.8550866153427683,0.7,0.5384615384615384,0.1111111111111111,0.5485606720553104,0.6377241537839873,1,2,0.000366666,,61.6864,books-genre-a=5 | books-genre-b=5
q017,time travel paradox,Torso,StripeLocal,Lexical,Keyword,idf-correct-sidecar,0.9984407950447133,0.9,0.8181818181818182,0.8666666666666667,0.9775289410928649,0.7741767122711218,1,2,0.000366666,,60.3617,books-genre-a=7 | books-genre-b=3
q017,time travel paradox,Torso,StripeLocal,Lexical,Keyword,naive-score,0.9987213295433853,0.9,0.8181818181818182,0.9555555555555556,0.9867082952215966,0.7755136354025297,1,2,0.000366666,,60.3272,books-genre-a=7 | books-genre-b=3
q018,a girl who discovers she is the last of a magical bloodline,Tail,StripeLocal,Conceptual,Keyword,single-index,1,1,1,1,1,0.26386772277687637,1,1,0.0004,,65.8989,books-oracle2=10
q018,a girl who discovers she is the last of a magical bloodline,Tail,StripeLocal,Conceptual,Keyword,single-index-rescored,0.786626412879948,0.3,0.17647058823529413,0.5111111111111111,0.45329941793537204,0.3791596588964419,1,1,0.0004,,65.8989,books-oracle2=10
q018,a girl who discovers she is the last of a magical bloodline,Tail,StripeLocal,Conceptual,Keyword,selective-one,0.9073925996374635,0.6,0.42857142857142855,0.7333333333333333,0.7086287099166807,0.28197228619520964,1,1,0.000783333,,68.9209,books-genre-a=10
q018,a girl who discovers she is the last of a magical bloodline,Tail,StripeLocal,Conceptual,Keyword,selective-adaptive,0.9073925996374635,0.6,0.42857142857142855,0.7333333333333333,0.7086287099166807,0.28197228619520964,1,1,0.000383333,,68.2765,books-genre-a=10
q018,a girl who discovers she is the last of a magical bloodline,Tail,StripeLocal,Conceptual,Keyword,global-bm25,0.7475616660866713,0.4,0.25,0.42857142857142855,0.5286833878711106,0.41425574711401525,1,2,0.0004,,65.66529999999999,books-genre-a=5 | books-genre-b=5
q018,a girl who discovers she is the last of a magical bloodline,Tail,StripeLocal,Conceptual,Keyword,idf-correct-sidecar,0.9669705831214912,0.8,0.6666666666666666,0.4666666666666667,0.7711578442539,0.24914422527060795,1,2,0.0004,,64.2682,books-genre-a=8 | books-genre-b=2
q018,a girl who discovers she is the last of a magical bloodline,Tail,StripeLocal,Conceptual,Keyword,naive-score,0.9639862628161299,0.7,0.5384615384615384,0.6888888888888889,0.792799008891785,0.2035144160337911,1,2,0.0004,,64.24319999999999,books-genre-a=3 | books-genre-b=7
q019,dystopian society divided into rigid factions,Torso,StripeLocal,Conceptual,Keyword,single-index,1,1,1,1,1,0.8544580710959402,1,1,0.000416667,,66.1688,books-oracle2=10
q019,dystopian society divided into rigid factions,Torso,StripeLocal,Conceptual,Keyword,single-index-rescored,0.9545836528926764,0.9,0.8181818181818182,0.4666666666666667,0.7025073153490212,0.8577666702728031,1,1,0.000416667,,66.1688,books-oracle2=10
q019,dystopian society divided into rigid factions,Torso,StripeLocal,Conceptual,Keyword,selective-one,0.9917464856624749,0.9,0.8181818181818182,0.9111111111111111,0.9098514336006092,0.8530196862732788,1,1,0.000383333,,69.9519,books-genre-a=10
q019,dystopian society divided into rigid factions,Torso,StripeLocal,Conceptual,Keyword,selective-adaptive,0.9545836528926764,0.9,0.8181818181818182,0.4666666666666667,0.7025073153490212,0.8577666702728031,1,2,0.00075,,63.831,books-genre-a=10
q019,dystopian society divided into rigid factions,Torso,StripeLocal,Conceptual,Keyword,global-bm25,0.9545836528926764,0.9,0.8181818181818182,0.4666666666666667,0.7025073153490212,0.8577666702728031,1,2,0.000583333,,63.8907,books-genre-a=10
q019,dystopian society divided into rigid factions,Torso,StripeLocal,Conceptual,Keyword,idf-correct-sidecar,0.9986175426626245,0.9,0.8181818181818182,0.9555555555555556,0.9789417305760524,0.8530196862732788,1,2,0.000583333,,62.5586,books-genre-a=10
q019,dystopian society divided into rigid factions,Torso,StripeLocal,Conceptual,Keyword,naive-score,0.9986175426626245,0.9,0.8181818181818182,0.9555555555555556,0.9789417305760524,0.8530196862732788,1,2,0.000583333,,62.5209,books-genre-a=10
q020,supernatural creatures hidden among ordinary people,Torso,StripeLocal,Conceptual,Keyword,single-index,1,1,1,1,1,0.3796025655833152,1,1,0.000883333,,66.8538,books-oracle2=10
q020,supernatural creatures hidden among ordinary people,Torso,StripeLocal,Conceptual,Keyword,single-index-rescored,0.5015177742874017,0.2,0.1111111111111111,0.4666666666666667,0.13149311204219602,0.8506038718599713,1,1,0.000883333,,66.8538,books-oracle2=10
q020,supernatural creatures hidden among ordinary people,Torso,StripeLocal,Conceptual,Keyword,selective-one,0.829132261054563,0.6,0.42857142857142855,0.5111111111111111,0.5016300431499701,0.4128338206208616,1,1,0.000416667,,69.2598,books-genre-a=10
q020,supernatural creatures hidden among ordinary people,Torso,StripeLocal,Conceptual,Keyword,selective-adaptive,0.5037829957516203,0.2,0.1111111111111111,0.5555555555555556,0.13149311204219602,0.8447249777703676,1,2,0.0008,,66.553,books-genre-a=8 | books-genre-b=2
q020,supernatural creatures hidden among ordinary people,Torso,StripeLocal,Conceptual,Keyword,global-bm25,0.5037829957516203,0.2,0.1111111111111111,0.5555555555555556,0.13149311204219602,0.8447249777703676,1,2,0.001216666,,66.56009999999999,books-genre-a=8 | books-genre-b=2
q020,supernatural creatures hidden among ordinary people,Torso,StripeLocal,Conceptual,Keyword,idf-correct-sidecar,0.829132261054563,0.6,0.42857142857142855,0.5111111111111111,0.5016300431499701,0.4128338206208616,1,2,0.001216666,,64.1445,books-genre-a=10
q020,supernatural creatures hidden among ordinary people,Torso,StripeLocal,Conceptual,Keyword,naive-score,0.8157286430785342,0.6,0.42857142857142855,0.5238095238095238,0.6804495497818124,0.41058090358519284,1,2,0.001216666,,64.0735,books-genre-a=3 | books-genre-b=7
q021,Victorian England social class and marriage,Torso,StripeLocal,Mixed,Keyword,single-index,1,1,1,1,1,0.5400969299866776,1,1,0.000833333,,66.0601,books-oracle2=10
q021,Victorian England social class and marriage,Torso,StripeLocal,Mixed,Keyword,single-index-rescored,0.6915359504824589,0.4,0.25,0.6444444444444445,0.3606591769185762,0.9603250160361273,1,1,0.000833333,,66.0601,books-oracle2=10
q021,Victorian England social class and marriage,Torso,StripeLocal,Mixed,Keyword,selective-one,0.7716798799992247,0.8,0.6666666666666666,0.7777777777777778,0.5842816889202924,0.761302351919454,1,1,0.000383333,,65.9677,books-genre-b=10
q021,Victorian England social class and marriage,Torso,StripeLocal,Mixed,Keyword,selective-adaptive,0.6915359504824589,0.4,0.25,0.6444444444444445,0.3606591769185762,0.9603250160361273,1,2,0.00075,,61.5852,books-genre-b=10
q021,Victorian England social class and marriage,Torso,StripeLocal,Mixed,Keyword,global-bm25,0.6915359504824589,0.4,0.25,0.6444444444444445,0.3606591769185762,0.9603250160361273,1,2,0.000583334,,62.298100000000005,books-genre-b=10
q021,Victorian England social class and marriage,Torso,StripeLocal,Mixed,Keyword,idf-correct-sidecar,0.9911780691883071,0.9,0.8181818181818182,0.7777777777777778,0.9306158398431449,0.6029802917861291,1,2,0.000583334,,60.9726,books-genre-a=1 | books-genre-b=9
q021,Victorian England social class and marriage,Torso,StripeLocal,Mixed,Keyword,naive-score,0.9437842729344204,0.8,0.6666666666666666,0.6111111111111112,0.8887218935873143,0.5609044224975046,1,2,0.000583334,,60.9349,books-genre-a=3 | books-genre-b=7
q022,memoir of growing up in poverty,Torso,StripeLocal,Conceptual,Keyword,single-index,1,1,1,1,1,0.2553016358188221,1,1,0.000383333,,65.7495,books-oracle2=10
q022,memoir of growing up in poverty,Torso,StripeLocal,Conceptual,Keyword,single-index-rescored,0.6225935191116608,0.4,0.25,-0.022222222222222223,0.13907671559286625,0.8679333556059463,1,1,0.000383333,,65.7495,books-oracle2=10
q022,memoir of growing up in poverty,Torso,StripeLocal,Conceptual,Keyword,selective-one,0.9382512333520892,0.8,0.6666666666666666,0.9111111111111111,0.8070793498693761,0.3695137238058051,1,1,0.000366667,,64.7619,books-genre-b=10
q022,memoir of growing up in poverty,Torso,StripeLocal,Conceptual,Keyword,selective-adaptive,0.6225935191116608,0.4,0.25,-0.022222222222222223,0.13907671559286625,0.8679333556059463,1,2,0.000716667,,63.9878,books-genre-b=10
q022,memoir of growing up in poverty,Torso,StripeLocal,Conceptual,Keyword,global-bm25,0.6225935191116608,0.4,0.25,-0.022222222222222223,0.13907671559286625,0.8679333556059463,1,2,0.000716667,,63.705999999999996,books-genre-b=10
q022,memoir of growing up in poverty,Torso,StripeLocal,Conceptual,Keyword,idf-correct-sidecar,0.94284575441734,0.9,0.8181818181818182,0.9111111111111111,0.8203710546477796,0.3127243894163288,1,2,0.000716667,,62.3495,books-genre-a=1 | books-genre-b=9
q022,memoir of growing up in poverty,Torso,StripeLocal,Conceptual,Keyword,naive-score,0.9317493933857186,0.9,0.8181818181818182,0.8222222222222222,0.7995353778158967,0.24797997259949628,1,2,0.000716667,,62.319599999999994,books-genre-a=2 | books-genre-b=8
q023,biography of a president,Torso,StripeLocal,Mixed,Keyword,single-index,1,1,1,1,1,0.2936312762892952,1,1,0.000266667,,63.9598,books-oracle2=10
q023,biography of a president,Torso,StripeLocal,Mixed,Keyword,single-index-rescored,0.6316457525231998,0.5,0.3333333333333333,0.28888888888888886,0.09689663619519051,0.6825308334655645,1,1,0.000266667,,63.9598,books-oracle2=10
q023,biography of a president,Torso,StripeLocal,Mixed,Keyword,selective-one,0.9842092292086088,0.9,0.8181818181818182,0.8222222222222222,0.9189595171399936,0.382707094093499,1,1,0.00025,,68.8073,books-genre-b=10
q023,biography of a president,Torso,StripeLocal,Mixed,Keyword,selective-adaptive,0.6316457525231998,0.5,0.3333333333333333,0.28888888888888886,0.09689663619519051,0.6825308334655645,1,2,0.00046666700000000004,,60.5342,books-genre-a=3 | books-genre-b=7
q023,biography of a president,Torso,StripeLocal,Mixed,Keyword,global-bm25,0.6316457525231998,0.5,0.3333333333333333,0.28888888888888886,0.09689663619519051,0.6825308334655645,1,2,0.00035,,60.6687,books-genre-a=3 | books-genre-b=7
q023,biography of a president,Torso,StripeLocal,Mixed,Keyword,idf-correct-sidecar,0.9959724439671189,0.9,0.8181818181818182,0.7777777777777778,0.9379593231461301,0.3125201704765272,1,2,0.00035,,59.395700000000005,books-genre-a=1 | books-genre-b=9
q023,biography of a president,Torso,StripeLocal,Mixed,Keyword,naive-score,0.9804076930758296,0.9,0.8181818181818182,0.7333333333333333,0.8195800083084056,0.3057753218135815,1,2,0.00035,,59.3648,books-genre-a=1 | books-genre-b=9
q024,behavioral economics and irrational decision making,Tail,StripeLocal,Mixed,Keyword,single-index,1,1,1,1,1,0.8426882245433646,1,1,0.000366667,,68.2542,books-oracle2=10
q024,behavioral economics and irrational decision making,Tail,StripeLocal,Mixed,Keyword,single-index-rescored,0.9356609386513043,0.9,0.8181818181818182,0.6888888888888889,0.733990228340798,0.8468139614257033,1,1,0.000366667,,68.2542,books-oracle2=10
q024,behavioral economics and irrational decision making,Tail,StripeLocal,Mixed,Keyword,selective-one,1,1,1,1,0.9999999999999998,0.8426882245433646,1,1,0.00035,,68.4298,books-genre-b=10
q024,behavioral economics and irrational decision making,Tail,StripeLocal,Mixed,Keyword,selective-adaptive,0.9356609386513043,0.9,0.8181818181818182,0.6888888888888889,0.733990228340798,0.8468139614257033,1,2,0.000666667,,64.0899,books-genre-b=10
q024,behavioral economics and irrational decision making,Tail,StripeLocal,Mixed,Keyword,global-bm25,0.9356609386513043,0.9,0.8181818181818182,0.6888888888888889,0.733990228340798,0.8468139614257033,1,2,0.0005,,66.5598,books-genre-b=10
q024,behavioral economics and irrational decision making,Tail,StripeLocal,Mixed,Keyword,idf-correct-sidecar,1,1,1,1,0.9999999999999998,0.8426882245433646,1,2,0.0005,,65.1757,books-genre-b=10
q024,behavioral economics and irrational decision making,Tail,StripeLocal,Mixed,Keyword,naive-score,1,1,1,1,0.9999999999999998,0.8426882245433646,1,2,0.0005,,65.13640000000001,books-genre-b=10
q025,habits productivity and personal effectiveness,Torso,StripeLocal,Mixed,Keyword,single-index,1,1,1,1,1,0.8758510212272971,1,1,0.000366667,,69.6909,books-oracle2=10
q025,habits productivity and personal effectiveness,Torso,StripeLocal,Mixed,Keyword,single-index-rescored,0.8857188494011144,0.6,0.42857142857142855,0.5111111111111111,0.5779375041579322,0.8229677179059928,1,1,0.000366667,,69.6909,books-oracle2=10
q025,habits productivity and personal effectiveness,Torso,StripeLocal,Mixed,Keyword,selective-one,0.999623570476307,1,1,0.9555555555555556,0.9798532694019606,0.8719968219913282,1,1,0.00035,,66.3994,books-genre-b=10
q025,habits productivity and personal effectiveness,Torso,StripeLocal,Mixed,Keyword,selective-adaptive,0.8857188494011144,0.6,0.42857142857142855,0.5111111111111111,0.5779375041579322,0.8229677179059928,1,2,0.000666667,,61.829,books-genre-b=10
q025,habits productivity and personal effectiveness,Torso,StripeLocal,Mixed,Keyword,global-bm25,0.8857188494011144,0.6,0.42857142857142855,0.5111111111111111,0.5779375041579322,0.8229677179059928,1,2,0.0005,,66.2948,books-genre-b=10
q025,habits productivity and personal effectiveness,Torso,StripeLocal,Mixed,Keyword,idf-correct-sidecar,0.999623570476307,1,1,0.9555555555555556,0.9798532694019606,0.8719968219913282,1,2,0.0005,,64.9292,books-genre-b=10
q025,habits productivity and personal effectiveness,Torso,StripeLocal,Mixed,Keyword,naive-score,0.999623570476307,1,1,0.9555555555555556,0.9798532694019606,0.8719968219913282,1,2,0.0005,,64.8956,books-genre-b=10
q026,poetry collection about grief,Torso,StripeLocal,Conceptual,Keyword,single-index,1,1,1,1,1,0.24020345294718828,1,1,0.000383333,,68.8821,books-oracle2=10
q026,poetry collection about grief,Torso,StripeLocal,Conceptual,Keyword,single-index-rescored,0.7234677352203921,0.7,0.5384615384615384,0.37777777777777777,0.25218779394061763,0.37444310257953267,1,1,0.000383333,,68.8821,books-oracle2=10
q026,poetry collection about grief,Torso,StripeLocal,Conceptual,Keyword,selective-one,0.9931710271067654,0.9,0.8181818181818182,1,0.9658726183897135,0.25851559822773,1,1,0.000366667,,76.758,books-genre-b=10
q026,poetry collection about grief,Torso,StripeLocal,Conceptual,Keyword,selective-adaptive,0.7234677352203921,0.7,0.5384615384615384,0.37777777777777777,0.25218779394061763,0.37444310257953267,1,2,0.000566667,,86.8032,books-genre-b=10
q026,poetry collection about grief,Torso,StripeLocal,Conceptual,Keyword,global-bm25,0.7234677352203921,0.7,0.5384615384615384,0.37777777777777777,0.25218779394061763,0.37444310257953267,1,2,0.000566667,,60.9561,books-genre-b=10
q026,poetry collection about grief,Torso,StripeLocal,Conceptual,Keyword,idf-correct-sidecar,0.9931710271067654,0.9,0.8181818181818182,1,0.9658726183897135,0.25851559822773,1,2,0.000566667,,59.607499999999995,books-genre-b=10
q026,poetry collection about grief,Torso,StripeLocal,Conceptual,Keyword,naive-score,0.9673071695723757,0.6,0.42857142857142855,0.7777777777777778,0.834156913755453,0.1571161254012839,1,2,0.000566667,,59.5736,books-genre-a=5 | books-genre-b=5
q027,existentialist philosophy and the meaning of life,Torso,StripeLocal,Mixed,Keyword,single-index,1,1,1,1,1,0.26834602793134127,1,1,0.0004,,69.9315,books-oracle2=10
q027,existentialist philosophy and the meaning of life,Torso,StripeLocal,Mixed,Keyword,single-index-rescored,0.5769737358054509,0.3,0.17647058823529413,0.37777777777777777,0.18004159536716816,0.43523965211868215,1,1,0.0004,,69.9315,books-oracle2=10
q027,existentialist philosophy and the meaning of life,Torso,StripeLocal,Mixed,Keyword,selective-one,0.7780084057678713,0.9,0.8181818181818182,0.9555555555555556,0.6385558011286181,0.30231164537817135,0.9,1,0.000383333,,65.9547,books-genre-b=10
q027,existentialist philosophy and the meaning of life,Torso,StripeLocal,Mixed,Keyword,selective-adaptive,0.5804596606298756,0.3,0.17647058823529413,0.4666666666666667,0.1892209494958998,0.3905909741919812,1,2,0.00075,,60.728,books-genre-a=2 | books-genre-b=8
q027,existentialist philosophy and the meaning of life,Torso,StripeLocal,Mixed,Keyword,global-bm25,0.5804596606298756,0.3,0.17647058823529413,0.4666666666666667,0.1892209494958998,0.3905909741919812,1,2,0.000583333,,67.6933,books-genre-a=2 | books-genre-b=8
q027,existentialist philosophy and the meaning of life,Torso,StripeLocal,Mixed,Keyword,idf-correct-sidecar,0.8985339848711072,0.9,0.8181818181818182,0.8222222222222222,0.7299733100851097,0.30915221247360447,1,2,0.000583333,,66.3631,books-genre-a=2 | books-genre-b=8
q027,existentialist philosophy and the meaning of life,Torso,StripeLocal,Mixed,Keyword,naive-score,0.9653622778803491,0.7,0.5384615384615384,0.6444444444444445,0.8211044882971199,0.2858989759893945,1,2,0.000583333,,66.3292,books-genre-a=4 | books-genre-b=6
q028,evolutionary biology explained for general readers,Torso,StripeLocal,Conceptual,Keyword,single-index,1,1,1,1,1,0.49489934568427135,1,1,0.000333333,,66.213,books-oracle2=10
q028,evolutionary biology explained for general readers,Torso,StripeLocal,Conceptual,Keyword,single-index-rescored,0.5861567581731064,0.2,0.1111111111111111,0.5111111111111111,0.23038126449975396,0.5691990323562088,1,1,0.000333333,,66.213,books-oracle2=10
q028,evolutionary biology explained for general readers,Torso,StripeLocal,Conceptual,Keyword,selective-one,0.9838542026839152,0.9,0.8181818181818182,0.6,0.8405420044107551,0.45969845003054066,1,1,0.0003,,64.2213,books-genre-b=10
q028,evolutionary biology explained for general readers,Torso,StripeLocal,Conceptual,Keyword,selective-adaptive,0.6628908822488954,0.6,0.42857142857142855,0.06666666666666667,0.3329860019226777,0.7066029665764826,1,2,0.000333334,,62.9069,books-genre-b=10
q028,evolutionary biology explained for general readers,Torso,StripeLocal,Conceptual,Keyword,global-bm25,0.6628908822488954,0.6,0.42857142857142855,0.06666666666666667,0.3329860019226777,0.7066029665764826,1,2,0.000466667,,93.4181,books-genre-b=10
q028,evolutionary biology explained for general readers,Torso,StripeLocal,Conceptual,Keyword,idf-correct-sidecar,0.9826962627330977,1,1,0.37777777777777777,0.7830542872047362,0.44208802114892104,1,2,0.000466667,,92.086,books-genre-a=1 | books-genre-b=9
q028,evolutionary biology explained for general readers,Torso,StripeLocal,Conceptual,Keyword,naive-score,0.9647555476745505,1,1,0.3333333333333333,0.7139639902292929,0.4095677503125637,1,2,0.000466667,,92.07339999999999,books-genre-a=1 | books-genre-b=9
q029,the history of the Roman empire,Torso,StripeLocal,Lexical,Keyword,single-index,1,1,1,1,1,0.7824816778041492,1,1,0.000366667,,91.8802,books-oracle2=10
q029,the history of the Roman empire,Torso,StripeLocal,Lexical,Keyword,single-index-rescored,0.9022609947532398,0.6,0.42857142857142855,0.3333333333333333,0.562561591318118,0.8931118392590842,1,1,0.000366667,,91.8802,books-oracle2=10
q029,the history of the Roman empire,Torso,StripeLocal,Lexical,Keyword,selective-one,0.9829584015466363,0.8,0.6666666666666666,0.9555555555555556,0.9282915115340491,0.8102172499532124,1,1,0.000333333,,62.8471,books-genre-b=10
q029,the history of the Roman empire,Torso,StripeLocal,Lexical,Keyword,selective-adaptive,0.9022609947532398,0.6,0.42857142857142855,0.3333333333333333,0.562561591318118,0.8931118392590842,1,2,0.000516666,,59.5695,books-genre-a=1 | books-genre-b=9
q029,the history of the Roman empire,Torso,StripeLocal,Lexical,Keyword,global-bm25,0.9022609947532398,0.6,0.42857142857142855,0.3333333333333333,0.562561591318118,0.8931118392590842,1,2,0.000366666,,60.6583,books-genre-a=1 | books-genre-b=9
q029,the history of the Roman empire,Torso,StripeLocal,Lexical,Keyword,idf-correct-sidecar,0.992233868623331,0.9,0.8181818181818182,0.8222222222222222,0.9342397330094672,0.8102172499532124,1,2,0.000366666,,59.35809999999999,books-genre-a=1 | books-genre-b=9
q029,the history of the Roman empire,Torso,StripeLocal,Lexical,Keyword,naive-score,0.9941255877161582,0.9,0.8181818181818182,0.7333333333333333,0.946449731041018,0.7824816778041492,1,2,0.000366666,,59.3246,books-genre-a=3 | books-genre-b=7
q030,a novel narrated by an unreliable narrator in a decaying southern town,Tail,StripeLocal,Conceptual,Keyword,single-index,1,1,1,1,1,0.21610832137064706,1,1,0.000883333,,68.0661,books-oracle2=10
q030,a novel narrated by an unreliable narrator in a decaying southern town,Tail,StripeLocal,Conceptual,Keyword,single-index-rescored,0.8152579641197921,0.4,0.25,0.7333333333333333,0.49457269298882994,0.32878471650483343,1,1,0.000883333,,68.0661,books-oracle2=10
q030,a novel narrated by an unreliable narrator in a decaying southern town,Tail,StripeLocal,Conceptual,Keyword,selective-one,0.9493493630835202,0.6,0.42857142857142855,0.8222222222222222,0.7833257915816415,0.1944934832828857,0.8,1,0.00085,,73.1463,books-genre-a=10
q030,a novel narrated by an unreliable narrator in a decaying southern town,Tail,StripeLocal,Conceptual,Keyword,selective-adaptive,0.7856020817752031,0.4,0.25,0.8333333333333334,0.49457269298882994,0.32878471650483343,1,2,0.0008166670000000001,,66.4502,books-genre-a=6 | books-genre-b=4
q030,a novel narrated by an unreliable narrator in a decaying southern town,Tail,StripeLocal,Conceptual,Keyword,global-bm25,0.7856020817752031,0.4,0.25,0.8333333333333334,0.49457269298882994,0.32878471650483343,1,2,0.0008166670000000001,,67.27510000000001,books-genre-a=6 | books-genre-b=4
q030,a novel narrated by an unreliable narrator in a decaying southern town,Tail,StripeLocal,Conceptual,Keyword,idf-correct-sidecar,0.9942626722653797,1,1,0.8222222222222222,0.9030740376386549,0.22400982187151083,1,2,0.0008166670000000001,,66.0092,books-genre-a=6 | books-genre-b=4
q030,a novel narrated by an unreliable narrator in a decaying southern town,Tail,StripeLocal,Conceptual,Keyword,naive-score,0.9960289233591388,1,1,0.8666666666666667,0.9232207682366941,0.22400982187151083,1,2,0.0008166670000000001,,65.9803,books-genre-a=6 | books-genre-b=4
q031,Regency romance with a reluctant duke,Tail,StripeLocal,Mixed,Keyword,single-index,1,1,1,1,1,0.7964626293911861,1,1,0.000366667,,63.7746,books-oracle2=10
q031,Regency romance with a reluctant duke,Tail,StripeLocal,Mixed,Keyword,single-index-rescored,0.9276210033668219,0.6,0.42857142857142855,0.6888888888888889,0.708974161401558,0.878057900021937,1,1,0.000366667,,63.7746,books-oracle2=10
q031,Regency romance with a reluctant duke,Tail,StripeLocal,Mixed,Keyword,selective-one,0.9797629838139483,0.7,0.5384615384615384,1,0.9374533380071605,0.887237516346964,1,1,0.000333333,,66.8042,books-genre-b=10
q031,Regency romance with a reluctant duke,Tail,StripeLocal,Mixed,Keyword,selective-adaptive,0.9276210033668219,0.6,0.42857142857142855,0.6888888888888889,0.708974161401558,0.878057900021937,1,2,0.000666666,,60.6914,books-genre-a=2 | books-genre-b=8
q031,Regency romance with a reluctant duke,Tail,StripeLocal,Mixed,Keyword,global-bm25,0.9276210033668219,0.6,0.42857142857142855,0.6888888888888889,0.708974161401558,0.878057900021937,1,2,0.000666666,,62.381499999999996,books-genre-a=2 | books-genre-b=8
q031,Regency romance with a reluctant duke,Tail,StripeLocal,Mixed,Keyword,idf-correct-sidecar,0.9987437390587608,0.9,0.8181818181818182,0.9555555555555556,0.9848724243958502,0.8143532324519973,1,2,0.000666666,,61.1055,books-genre-a=2 | books-genre-b=8
q031,Regency romance with a reluctant duke,Tail,StripeLocal,Mixed,Keyword,naive-score,0.991225716430368,0.9,0.8181818181818182,0.7333333333333333,0.8839003284532385,0.7889179841622441,1,2,0.000666666,,61.047799999999995,books-genre-a=3 | books-genre-b=7
q032,cookbook,Head,StripeLocal,Lexical,Keyword,single-index,1,1,1,1,1,1,1,1,0.000216667,,57.9688,books-oracle2=10
q032,cookbook,Head,StripeLocal,Lexical,Keyword,single-index-rescored,0.7854456878154121,0.9,0.8181818181818182,0.022222222222222223,0.3426984985528914,1,1,1,0.000216667,,57.9688,books-oracle2=10
q032,cookbook,Head,StripeLocal,Lexical,Keyword,selective-one,0.9559221833080657,0.6,0.42857142857142855,0.9111111111111111,0.792505145710373,0.9363792118010483,0.9,1,0.000116667,,54.7644,books-genre-b=10
q032,cookbook,Head,StripeLocal,Lexical,Keyword,selective-adaptive,0.9559221833080657,0.6,0.42857142857142855,0.9111111111111111,0.792505145710373,0.9363792118010483,0.9,1,0.0002,,54.4615,books-genre-b=10
q032,cookbook,Head,StripeLocal,Lexical,Keyword,global-bm25,0.7854456878154121,0.9,0.8181818181818182,0.022222222222222223,0.3426984985528914,1,1,2,0.000283333,,54.856,books-genre-a=3 | books-genre-b=7
q032,cookbook,Head,StripeLocal,Lexical,Keyword,idf-correct-sidecar,0.9950809058478347,0.9,0.8181818181818182,0.9111111111111111,0.9251073864382914,1,1,2,0.000283333,,53.8315,books-genre-a=3 | books-genre-b=7
q032,cookbook,Head,StripeLocal,Lexical,Keyword,naive-score,0.796827932063258,1,1,0.15555555555555556,0.3605006325912745,1,1,2,0.000283333,,54.8088,books-genre-a=4 | books-genre-b=6
q033,travel writing about walking across a country,Tail,StripeLocal,Conceptual,Keyword,single-index,1,1,1,1,1,0.536489898233539,0.9,1,0.000416667,,65.6537,books-oracle2=10
q033,travel writing about walking across a country,Tail,StripeLocal,Conceptual,Keyword,single-index-rescored,0.627038108121327,0.5,0.3333333333333333,0.24444444444444444,0.35279129573481643,0.3082174203177829,1,1,0.000416667,,65.6537,books-oracle2=10
q033,travel writing about walking across a country,Tail,StripeLocal,Conceptual,Keyword,selective-one,0.9037623733805165,0.7,0.5384615384615384,0.7777777777777778,0.7130378226384447,0.6564051410267275,0.9,1,0.000383333,,64.7865,books-genre-b=10
q033,travel writing about walking across a country,Tail,StripeLocal,Conceptual,Keyword,selective-adaptive,0.6363875850567288,0.5,0.3333333333333333,0.3333333333333333,0.36197064986354804,0.31620835782764517,1,2,0.000583333,,64.2605,books-genre-a=3 | books-genre-b=7
q033,travel writing about walking across a country,Tail,StripeLocal,Conceptual,Keyword,global-bm25,0.6363875850567288,0.5,0.3333333333333333,0.3333333333333333,0.36197064986354804,0.31620835782764517,1,2,0.000766666,,85.356,books-genre-a=3 | books-genre-b=7
q033,travel writing about walking across a country,Tail,StripeLocal,Conceptual,Keyword,idf-correct-sidecar,0.9970211033640818,0.9,0.8181818181818182,0.9111111111111111,0.9624188931443355,0.5938403267332848,0.9,2,0.000766666,,84.0133,books-genre-a=3 | books-genre-b=7
q033,travel writing about walking across a country,Tail,StripeLocal,Conceptual,Keyword,naive-score,0.9973835606821587,0.9,0.8181818181818182,1,0.9867082952215966,0.588331814575055,0.9,2,0.000766666,,83.9744,books-genre-a=3 | books-genre-b=7
q034,startup founder building a company from nothing,Torso,StripeLocal,Conceptual,Keyword,single-index,1,1,1,1,1,0.8128236231221232,1,1,0.000366667,,65.3764,books-oracle2=10
q034,startup founder building a company from nothing,Torso,StripeLocal,Conceptual,Keyword,single-index-rescored,0.7087136973251336,0.5,0.3333333333333333,0.4666666666666667,0.27809421406985557,0.6739192735174626,1,1,0.000366667,,65.3764,books-oracle2=10
q034,startup founder building a company from nothing,Torso,StripeLocal,Conceptual,Keyword,selective-one,0.9973350176485951,0.9,0.8181818181818182,0.9555555555555556,0.9867082952215966,0.8790778465765123,1,1,0.000333333,,63.5499,books-genre-b=10
q034,startup founder building a company from nothing,Torso,StripeLocal,Conceptual,Keyword,selective-adaptive,0.7087136973251336,0.5,0.3333333333333333,0.4666666666666667,0.27809421406985557,0.6739192735174626,1,2,0.000666666,,62.2512,books-genre-a=1 | books-genre-b=9
q034,startup founder building a company from nothing,Torso,StripeLocal,Conceptual,Keyword,global-bm25,0.7087136973251336,0.5,0.3333333333333333,0.4666666666666667,0.27809421406985557,0.6739192735174626,1,2,0.000666666,,62.4129,books-genre-a=1 | books-genre-b=9
q034,startup founder building a company from nothing,Torso,StripeLocal,Conceptual,Keyword,idf-correct-sidecar,0.998827255748741,0.9,0.8181818181818182,1,0.9940517785245819,0.8128236231221232,1,2,0.000666666,,61.0795,books-genre-a=1 | books-genre-b=9
q034,startup founder building a company from nothing,Torso,StripeLocal,Conceptual,Keyword,naive-score,0.998827255748741,0.9,0.8181818181818182,1,0.9940517785245819,0.8128236231221232,1,2,0.000666666,,61.0351,books-genre-a=1 | books-genre-b=9
q035,a marriage falling apart told from both perspectives,Tail,StripeLocal,Conceptual,Keyword,single-index,1,1,1,1,1,0.11523621332112606,1,1,0.0004,,67.4483,books-oracle2=10
q035,a marriage falling apart told from both perspectives,Tail,StripeLocal,Conceptual,Keyword,single-index-rescored,0.48855208768761776,0.2,0.1111111111111111,0.4666666666666667,0.07170848846595089,0.11713702773605575,1,1,0.0004,,67.4483,books-oracle2=10
q035,a marriage falling apart told from both perspectives,Tail,StripeLocal,Conceptual,Keyword,selective-one,0.9284712761423448,0.8,0.6666666666666666,0.37777777777777777,0.6587783391950589,0.12626919611597326,1,1,0.000366667,,65.814,books-genre-b=10
q035,a marriage falling apart told from both perspectives,Tail,StripeLocal,Conceptual,Keyword,selective-adaptive,0.4871150788789177,0.3,0.17647058823529413,0.1111111111111111,0.06254666199283952,0.10105863089912218,1,2,0.000733334,,65.4856,books-genre-a=5 | books-genre-b=5
q035,a marriage falling apart told from both perspectives,Tail,StripeLocal,Conceptual,Keyword,global-bm25,0.4871150788789177,0.3,0.17647058823529413,0.1111111111111111,0.06254666199283952,0.10105863089912218,1,2,0.000566667,,65.65870000000001,books-genre-a=5 | books-genre-b=5
q035,a marriage falling apart told from both perspectives,Tail,StripeLocal,Conceptual,Keyword,idf-correct-sidecar,0.9153951903439643,0.7,0.5384615384615384,0.5555555555555556,0.7167574127751078,0.09201577177813196,1,2,0.000566667,,64.3313,books-genre-a=4 | books-genre-b=6
q035,a marriage falling apart told from both perspectives,Tail,StripeLocal,Conceptual,Keyword,naive-score,0.7587813352756421,0.6,0.42857142857142855,0.4222222222222222,0.4277309168540809,0.089600022262032,1,2,0.000566667,,64.3023,books-genre-a=6 | books-genre-b=4
q036,essays on race in America,Torso,StripeLocal,Mixed,Keyword,single-index,1,1,1,1,1,0.06518264816572998,1,1,0.00035,,64.5355,books-oracle2=10
q036,essays on race in America,Torso,StripeLocal,Mixed,Keyword,single-index-rescored,0.5421685796097128,0.1,0.05263157894736842,0.4222222222222222,0.09736573043190963,0.3734007242804732,1,1,0.00035,,64.5355,books-oracle2=10
q036,essays on race in America,Torso,StripeLocal,Mixed,Keyword,selective-one,1,1,1,1,0.9999999999999998,0.06518264816572998,1,1,0.000316667,,64.4991,books-genre-b=10
q036,essays on race in America,Torso,StripeLocal,Mixed,Keyword,selective-adaptive,0.5196586116017642,0.1,0.05263157894736842,0.4444444444444444,0.09736573043190963,0.3848461648722963,1,2,0.000616667,,60.5079,books-genre-a=2 | books-genre-b=8
q036,essays on race in America,Torso,StripeLocal,Mixed,Keyword,global-bm25,0.5196586116017642,0.1,0.05263157894736842,0.4444444444444444,0.09736573043190963,0.3848461648722963,1,2,0.000616667,,60.9291,books-genre-a=2 | books-genre-b=8
q036,essays on race in America,Torso,StripeLocal,Mixed,Keyword,idf-correct-sidecar,0.996086306530931,1,1,0.9111111111111111,0.9305642515396794,0.06518264816572998,1,2,0.000616667,,58.3686,books-genre-b=10
q036,essays on race in America,Torso,StripeLocal,Mixed,Keyword,naive-score,0.9934956614158656,0.9,0.8181818181818182,0.8222222222222222,0.9080931926325444,0.06471203271500418,1,2,0.000616667,,58.3357,books-genre-a=1 | books-genre-b=9
q037,spiritual awakening and mindfulness practice,Torso,StripeLocal,Conceptual,Keyword,single-index,1,1,1,1,1,1,1,1,0.00035,,65.8572,books-oracle2=10
q037,spiritual awakening and mindfulness practice,Torso,StripeLocal,Conceptual,Keyword,single-index-rescored,0.7904526547669265,0.5,0.3333333333333333,0.4666666666666667,0.416916180650097,0.8861107236627898,1,1,0.00035,,65.8572,books-oracle2=10
q037,spiritual awakening and mindfulness practice,Torso,StripeLocal,Conceptual,Keyword,selective-one,0.9993086975088357,1,1,0.8666666666666667,0.9590175925700777,1,1,1,0.000333333,,64.3704,books-genre-b=10
q037,spiritual awakening and mindfulness practice,Torso,StripeLocal,Conceptual,Keyword,selective-adaptive,0.9993086975088357,1,1,0.8666666666666667,0.9590175925700777,1,1,1,0.000333333,,63.0498,books-genre-b=10
q037,spiritual awakening and mindfulness practice,Torso,StripeLocal,Conceptual,Keyword,global-bm25,0.7904526547669265,0.5,0.3333333333333333,0.4666666666666667,0.416916180650097,0.8861107236627898,1,2,0.000616666,,61.3,books-genre-b=10
q037,spiritual awakening and mindfulness practice,Torso,StripeLocal,Conceptual,Keyword,idf-correct-sidecar,0.9993086975088357,1,1,0.8666666666666667,0.9590175925700777,1,1,2,0.000616666,,59.9035,books-genre-b=10
q037,spiritual awakening and mindfulness practice,Torso,StripeLocal,Conceptual,Keyword,naive-score,0.9993086975088357,1,1,0.8666666666666667,0.9590175925700777,1,1,2,0.000616666,,59.8678,books-genre-b=10
q038,immigrant family adjusting to a new country,Torso,StripeLocal,Conceptual,Keyword,single-index,1,1,1,1,1,0.4042040793695303,1,1,0.000416667,,65.2418,books-oracle2=10
q038,immigrant family adjusting to a new country,Torso,StripeLocal,Conceptual,Keyword,single-index-rescored,0.6406460965335922,0.2,0.1111111111111111,0.6888888888888889,0.27763981723435127,0.46226185889198496,1,1,0.000416667,,65.2418,books-oracle2=10
q038,immigrant family adjusting to a new country,Torso,StripeLocal,Conceptual,Keyword,selective-one,0.7551573343659039,0.7,0.5384615384615384,0.7777777777777778,0.5558799361933596,0.23033245646615033,1,1,0.000383333,,63.9744,books-genre-b=10
q038,immigrant family adjusting to a new country,Torso,StripeLocal,Conceptual,Keyword,selective-adaptive,0.6406460965335922,0.2,0.1111111111111111,0.6888888888888889,0.27763981723435127,0.46226185889198496,1,2,0.000766666,,61.9274,books-genre-a=2 | books-genre-b=8
q038,immigrant family adjusting to a new country,Torso,StripeLocal,Conceptual,Keyword,global-bm25,0.6406460965335922,0.2,0.1111111111111111,0.6888888888888889,0.27763981723435127,0.46226185889198496,1,2,0.000766666,,62.2918,books-genre-a=2 | books-genre-b=8
q038,immigrant family adjusting to a new country,Torso,StripeLocal,Conceptual,Keyword,idf-correct-sidecar,0.9930024949186442,0.8,0.6666666666666666,0.9111111111111111,0.9642372363144613,0.4025439554444373,1,2,0.000766666,,60.976,books-genre-a=2 | books-genre-b=8
q038,immigrant family adjusting to a new country,Torso,StripeLocal,Conceptual,Keyword,naive-score,0.972676073590523,0.8,0.6666666666666666,0.6444444444444445,0.7854526266981192,0.3464270682437434,1,2,0.000766666,,60.944900000000004,books-genre-a=5 | books-genre-b=5
q039,art history and the Renaissance painters,Torso,StripeLocal,Mixed,Keyword,single-index,1,1,1,1,1,0.6291545409698538,1,1,0.000366667,,66.5887,books-oracle2=10
q039,art history and the Renaissance painters,Torso,StripeLocal,Mixed,Keyword,single-index-rescored,0.7597300178535161,0.6,0.42857142857142855,0.3333333333333333,0.43202417063556064,0.6873915254690945,0.9,1,0.000366667,,66.5887,books-oracle2=10
q039,art history and the Renaissance painters,Torso,StripeLocal,Mixed,Keyword,selective-one,0.999872026239713,1,1,0.9555555555555556,0.9883436772968487,0.6310379879234398,1,1,0.00035,,68.171,books-genre-b=10
q039,art history and the Renaissance painters,Torso,StripeLocal,Mixed,Keyword,selective-adaptive,0.7597300178535161,0.6,0.42857142857142855,0.3333333333333333,0.43202417063556064,0.6873915254690945,0.9,2,0.000366666,,60.8006,books-genre-a=2 | books-genre-b=8
q039,art history and the Renaissance painters,Torso,StripeLocal,Mixed,Keyword,global-bm25,0.7597300178535161,0.6,0.42857142857142855,0.3333333333333333,0.43202417063556064,0.6873915254690945,0.9,2,0.000533333,,61.1926,books-genre-a=2 | books-genre-b=8
q039,art history and the Renaissance painters,Torso,StripeLocal,Mixed,Keyword,idf-correct-sidecar,0.999872026239713,1,1,0.9555555555555556,0.9883436772968487,0.6310379879234398,1,2,0.000533333,,59.8478,books-genre-b=10
q039,art history and the Renaissance painters,Torso,StripeLocal,Mixed,Keyword,naive-score,0.9985933557830984,0.9,0.8181818181818182,0.9111111111111111,0.9750519725184452,0.5853341299768838,1,2,0.000533333,,59.8142,books-genre-a=1 | books-genre-b=9
q040,investing personal finance wealth,Torso,StripeLocal,Lexical,Keyword,single-index,1,1,1,1,1,0.8043482217369691,1,1,0.000366667,,63.9885,books-oracle2=10
q040,investing personal finance wealth,Torso,StripeLocal,Lexical,Keyword,single-index-rescored,0.8974180729304542,0.7,0.5384615384615384,0.8666666666666667,0.7240084018816857,0.8803273038110722,1,1,0.000366667,,63.9885,books-oracle2=10
q040,investing personal finance wealth,Torso,StripeLocal,Lexical,Keyword,selective-one,0.9973835606821587,0.9,0.8181818181818182,1,0.9867082952215966,0.8611375561264454,1,1,0.000333333,,63.3355,books-genre-b=10
q040,investing personal finance wealth,Torso,StripeLocal,Lexical,Keyword,selective-adaptive,0.8974180729304542,0.7,0.5384615384615384,0.8666666666666667,0.7240084018816857,0.8803273038110722,1,2,0.00035,,60.1965,books-genre-b=10
q040,investing personal finance wealth,Torso,StripeLocal,Lexical,Keyword,global-bm25,0.8974180729304542,0.7,0.5384615384615384,0.8666666666666667,0.7240084018816857,0.8803273038110722,1,2,0.0005,,61.0355,books-genre-b=10
q040,investing personal finance wealth,Torso,StripeLocal,Lexical,Keyword,idf-correct-sidecar,0.9973835606821587,0.9,0.8181818181818182,1,0.9867082952215966,0.8611375561264454,1,2,0.0005,,59.6731,books-genre-b=10
q040,investing personal finance wealth,Torso,StripeLocal,Lexical,Keyword,naive-score,0.9818094133495059,0.8,0.6666666666666666,1,0.9807600737461785,0.7312625444731047,1,2,0.0005,,59.644499999999994,books-genre-a=2 | books-genre-b=8
q041,love,Head,CrossStripe,Lexical,Keyword,single-index,1,1,1,1,1,0.9371166382005486,1,1,0.000383333,,64.2302,books-oracle2=10
q041,love,Head,CrossStripe,Lexical,Keyword,single-index-rescored,0.7309690577925241,0.6,0.42857142857142855,-0.022222222222222223,0.340329485225663,0.9636452638863133,1,1,0.000383333,,64.2302,books-oracle2=10
q041,love,Head,CrossStripe,Lexical,Keyword,selective-one,0.9931710271067654,0.9,0.8181818181818182,1,0.9658726183897135,1,1,1,0.00035,,63.474,books-genre-b=10
q041,love,Head,CrossStripe,Lexical,Keyword,selective-adaptive,0.8829875990245476,0.7,0.5384615384615384,0.24444444444444444,0.5357574247602563,1,1,2,0.0006833329999999999,,56.8553,books-genre-a=1 | books-genre-b=9
q041,love,Head,CrossStripe,Lexical,Keyword,global-bm25,0.8829875990245476,0.7,0.5384615384615384,0.24444444444444444,0.5357574247602563,1,1,2,0.000383333,,58.8817,books-genre-a=1 | books-genre-b=9
q041,love,Head,CrossStripe,Lexical,Keyword,idf-correct-sidecar,0.9931710271067654,0.9,0.8181818181818182,1,0.9658726183897135,1,1,2,0.000383333,,57.5565,books-genre-b=10
q041,love,Head,CrossStripe,Lexical,Keyword,naive-score,0.42261926920887743,0.1,0.05263157894736842,0.9285714285714286,0.03412738161028636,0.655322482299031,1,2,0.000383333,,57.531,books-genre-a=10
q042,war,Head,CrossStripe,Lexical,Keyword,single-index,1,1,1,1,1,0.94546789582947,1,1,0.00035,,62.8648,books-oracle2=10
q042,war,Head,CrossStripe,Lexical,Keyword,single-index-rescored,0.8505296837421233,0.5,0.3333333333333333,0.15555555555555556,0.6319010664568402,1,1,1,0.00035,,62.8648,books-oracle2=10
q042,war,Head,CrossStripe,Lexical,Keyword,selective-one,0.5985863647187349,0.2,0.1111111111111111,0.7777777777777778,0.21385842706803698,0.7429803935855266,0.8,1,0.000333333,,63.6661,books-genre-a=10
q042,war,Head,CrossStripe,Lexical,Keyword,selective-adaptive,0.8505296837421233,0.5,0.3333333333333333,0.15555555555555556,0.6319010664568402,1,1,2,0.000366666,,56.2718,books-genre-a=2 | books-genre-b=8
q042,war,Head,CrossStripe,Lexical,Keyword,global-bm25,0.8505296837421233,0.5,0.3333333333333333,0.15555555555555556,0.6319010664568402,1,1,2,0.00065,,55.9038,books-genre-a=2 | books-genre-b=8
q042,war,Head,CrossStripe,Lexical,Keyword,idf-correct-sidecar,0.9900069859223566,0.8,0.6666666666666666,0.9555555555555556,0.9807600737461785,0.9636452638863133,1,2,0.00065,,54.5473,books-genre-a=3 | books-genre-b=7
q042,war,Head,CrossStripe,Lexical,Keyword,naive-score,0.998827255748741,0.9,0.8181818181818182,1,0.9940517785245819,1,1,2,0.00065,,54.523399999999995,books-genre-a=1 | books-genre-b=9
q043,family,Head,CrossStripe,Lexical,Keyword,single-index,1,1,1,1,1,0.9621404437403491,1,1,0.000383333,,64.5388,books-oracle2=10
q043,family,Head,CrossStripe,Lexical,Keyword,single-index-rescored,0.5071787978249565,0.3,0.17647058823529413,0.4222222222222222,0.13260224072791799,0.8067607557350442,1,1,0.000383333,,64.5388,books-oracle2=10
q043,family,Head,CrossStripe,Lexical,Keyword,selective-one,0.9718753249448067,0.8,0.6666666666666666,0.9555555555555556,0.8801632106609553,0.9580777588003657,1,1,0.000366667,,62.934,books-genre-b=10
q043,family,Head,CrossStripe,Lexical,Keyword,selective-adaptive,0.3406301790270975,0.3,0.17647058823529413,0.06666666666666667,0.08931303264452027,0.918752830540385,1,2,0.000733334,,56.3685,books-genre-a=5 | books-genre-b=5
q043,family,Head,CrossStripe,Lexical,Keyword,global-bm25,0.3406301790270975,0.3,0.17647058823529413,0.06666666666666667,0.08931303264452027,0.918752830540385,1,2,0.0004,,71.48660000000001,books-genre-a=5 | books-genre-b=5
q043,family,Head,CrossStripe,Lexical,Keyword,idf-correct-sidecar,0.8859567628484274,0.8,0.6666666666666666,0.5555555555555556,0.6324099897933863,0.9580777588003657,1,2,0.0004,,70.1751,books-genre-a=4 | books-genre-b=6
q043,family,Head,CrossStripe,Lexical,Keyword,naive-score,0.6923096253887145,0.5,0.3333333333333333,0.06666666666666667,0.1615477745000013,0.7807810554752134,1,2,0.0004,,70.1537,books-genre-a=7 | books-genre-b=3
q044,death,Head,CrossStripe,Lexical,Keyword,single-index,1,1,1,1,1,0.7283513076812134,0.9,1,0.000333333,,62.8847,books-oracle2=10
q044,death,Head,CrossStripe,Lexical,Keyword,single-index-rescored,0.5854838510283431,0.3,0.17647058823529413,-0.28888888888888886,0.07765670994136897,0.8923176273555912,1,1,0.000333333,,62.8847,books-oracle2=10
q044,death,Head,CrossStripe,Lexical,Keyword,selective-one,0.9943014937794846,1,1,0.6,0.9085824910435084,0.7228397381223964,0.9,1,0.000316667,,62.6995,books-genre-a=10
q044,death,Head,CrossStripe,Lexical,Keyword,selective-adaptive,0.5854838510283431,0.3,0.17647058823529413,-0.28888888888888886,0.07765670994136897,0.8923176273555912,1,2,0.00035,,57.0729,books-genre-a=8 | books-genre-b=2
q044,death,Head,CrossStripe,Lexical,Keyword,global-bm25,0.5854838510283431,0.3,0.17647058823529413,-0.28888888888888886,0.07765670994136897,0.8923176273555912,1,2,0.000616667,,56.2913,books-genre-a=8 | books-genre-b=2
q044,death,Head,CrossStripe,Lexical,Keyword,idf-correct-sidecar,0.7581669262394999,0.8,0.6666666666666666,0.15555555555555556,0.40246643540113086,0.7954931801167132,0.9,2,0.000616667,,54.981199999999994,books-genre-a=8 | books-genre-b=2
q044,death,Head,CrossStripe,Lexical,Keyword,naive-score,0.5954226307404488,0.3,0.17647058823529413,0.06666666666666667,0.041710985160956594,0.9621404437403491,1,2,0.000616667,,54.959399999999995,books-genre-a=3 | books-genre-b=7
q045,friendship,Head,CrossStripe,Lexical,Keyword,single-index,1,1,1,1,1,0.4922500483974222,1,1,0.00035,,63.7149,books-oracle2=10
q045,friendship,Head,CrossStripe,Lexical,Keyword,single-index-rescored,0.5415449195002734,0.3,0.17647058823529413,0.1111111111111111,0.1807305416010118,0.7338523365606473,1,1,0.00035,,63.7149,books-oracle2=10
q045,friendship,Head,CrossStripe,Lexical,Keyword,selective-one,0.5154086150680757,0.2,0.1111111111111111,0.15555555555555556,0.10331395190732774,0.7644975580908855,0.9,1,0.000333333,,64.1789,books-genre-a=10
q045,friendship,Head,CrossStripe,Lexical,Keyword,selective-adaptive,0.5415449195002734,0.3,0.17647058823529413,0.1111111111111111,0.1807305416010118,0.7338523365606473,1,2,0.00065,,56.503,books-genre-a=5 | books-genre-b=5
q045,friendship,Head,CrossStripe,Lexical,Keyword,global-bm25,0.5415449195002734,0.3,0.17647058823529413,0.1111111111111111,0.1807305416010118,0.7338523365606473,1,2,0.0005,,56.055299999999995,books-genre-a=5 | books-genre-b=5
q045,friendship,Head,CrossStripe,Lexical,Keyword,idf-correct-sidecar,0.9647152067873057,0.6,0.42857142857142855,0.9555555555555556,0.880872425145359,0.624528545696615,1,2,0.0005,,54.7514,books-genre-a=6 | books-genre-b=4
q045,friendship,Head,CrossStripe,Lexical,Keyword,naive-score,0.9647152067873057,0.6,0.42857142857142855,0.9555555555555556,0.880872425145359,0.624528545696615,1,2,0.0005,,54.7084,books-genre-a=6 | books-genre-b=4
q046,coming of age story about a teenager finding their identity,Torso,CrossStripe,Conceptual,Keyword,single-index,1,1,1,1,1,0.5648732390871197,1,1,0.000433333,,67.5589,books-oracle2=10
q046,coming of age story about a teenager finding their identity,Torso,CrossStripe,Conceptual,Keyword,single-index-rescored,0.5278182364023761,0.1,0.05263157894736842,0.4222222222222222,0.0492374295588158,0.7755325036379792,1,1,0.000433333,,67.5589,books-oracle2=10
q046,coming of age story about a teenager finding their identity,Torso,CrossStripe,Conceptual,Keyword,selective-one,0.5348086165393588,0.5,0.3333333333333333,0.5555555555555556,0.12507579633005877,0.4499499442583382,0.9,1,0.000416667,,95.8156,books-genre-a=10
q046,coming of age story about a teenager finding their identity,Torso,CrossStripe,Conceptual,Keyword,selective-adaptive,0.4940941799291964,0.1,0.05263157894736842,0.2777777777777778,0.03412738161028636,0.7796051615611473,1,2,0.0008166670000000001,,66.5856,books-genre-a=8 | books-genre-b=2
q046,coming of age story about a teenager finding their identity,Torso,CrossStripe,Conceptual,Keyword,global-bm25,0.4940941799291964,0.1,0.05263157894736842,0.2777777777777778,0.03412738161028636,0.7796051615611473,1,2,0.000633334,,85.4732,books-genre-a=8 | books-genre-b=2
q046,coming of age story about a teenager finding their identity,Torso,CrossStripe,Conceptual,Keyword,idf-correct-sidecar,0.9882275085688949,1,1,0.5555555555555556,0.8593617482126982,0.5580517233798291,1,2,0.000633334,,84.1605,books-genre-a=5 | books-genre-b=5
q046,coming of age story about a teenager finding their identity,Torso,CrossStripe,Conceptual,Keyword,naive-score,0.9960350135150619,1,1,0.7333333333333333,0.9024533664362822,0.5607326907957393,1,2,0.000633334,,84.1327,books-genre-a=5 | books-genre-b=5
q047,a story about losing someone you love and learning to go on,Torso,CrossStripe,Conceptual,Keyword,single-index,1,1,1,1,1,0.1732200866986228,1,1,0.000433333,,93.8643,books-oracle2=10
q047,a story about losing someone you love and learning to go on,Torso,CrossStripe,Conceptual,Keyword,single-index-rescored,0.5943100116116092,0.3,0.17647058823529413,-0.06666666666666667,0.1319132944940743,0.1688362545151876,1,1,0.000433333,,93.8643,books-oracle2=10
q047,a story about losing someone you love and learning to go on,Torso,CrossStripe,Conceptual,Keyword,selective-one,0.60998002422832,0.3,0.17647058823529413,0.6,0.2997654246566091,0.1594362764396112,0.8,1,0.0004,,69.1309,books-genre-a=10
q047,a story about losing someone you love and learning to go on,Torso,CrossStripe,Conceptual,Keyword,selective-adaptive,0.7024304087491001,0.5,0.3333333333333333,-0.1111111111111111,0.24809876872792716,0.16640773415148077,1,2,0.0008,,66.5397,books-genre-a=4 | books-genre-b=6
q047,a story about losing someone you love and learning to go on,Torso,CrossStripe,Conceptual,Keyword,global-bm25,0.7024304087491001,0.5,0.3333333333333333,-0.1111111111111111,0.24809876872792716,0.16640773415148077,1,2,0.00105,,66.912,books-genre-a=4 | books-genre-b=6
q047,a story about losing someone you love and learning to go on,Torso,CrossStripe,Conceptual,Keyword,idf-correct-sidecar,0.8952009387908791,0.8,0.6666666666666666,0.6,0.6326075796532,0.1470873646469303,1,2,0.00105,,65.5641,books-genre-a=4 | books-genre-b=6
q047,a story about losing someone you love and learning to go on,Torso,CrossStripe,Conceptual,Keyword,naive-score,0.8976038481326203,0.8,0.6666666666666666,0.7333333333333333,0.6619336643799708,0.14671115961043926,1,2,0.00105,,65.5334,books-genre-a=4 | books-genre-b=6
q048,World War II,Head,CrossStripe,Lexical,Keyword,single-index,1,1,1,1,1,0.7511000364550411,1,1,0.0004,,63.4664,books-oracle2=10
q048,World War II,Head,CrossStripe,Lexical,Keyword,single-index-rescored,0.9661041729219719,0.7,0.5384615384615384,0.8666666666666667,0.9101607139659496,0.8446203119946951,1,1,0.0004,,63.4664,books-oracle2=10
q048,World War II,Head,CrossStripe,Lexical,Keyword,selective-one,0.4001259973186004,0,0,0.4444444444444444,0,0.23247465720354024,0.8,1,0.000383333,,64.1695,books-genre-a=10
q048,World War II,Head,CrossStripe,Lexical,Keyword,selective-adaptive,0.9801914560564534,0.8,0.6666666666666666,0.8222222222222222,0.9161089354413676,0.8067607557350442,1,2,0.00075,,58.3346,books-genre-a=1 | books-genre-b=9
q048,World War II,Head,CrossStripe,Lexical,Keyword,global-bm25,0.9801914560564534,0.8,0.6666666666666666,0.8222222222222222,0.9161089354413676,0.8067607557350442,1,2,0.00075,,58.8888,books-genre-a=1 | books-genre-b=9
q048,World War II,Head,CrossStripe,Lexical,Keyword,idf-correct-sidecar,0.9999426168282078,1,1,0.9555555555555556,0.9926565166970147,0.7511000364550411,1,2,0.00075,,57.547200000000004,books-genre-b=10
q048,World War II,Head,CrossStripe,Lexical,Keyword,naive-score,0.9963750036558285,0.9,0.8181818181818182,1,0.9867082952215966,0.7511000364550411,1,2,0.00075,,57.5197,books-genre-a=1 | books-genre-b=9
q049,survival against impossible odds in a hostile environment,Torso,CrossStripe,Conceptual,Keyword,single-index,1,1,1,1,1,0.17344344279259388,1,1,0.000383333,,65.9178,books-oracle2=10
q049,survival against impossible odds in a hostile environment,Torso,CrossStripe,Conceptual,Keyword,single-index-rescored,0.46675055813617256,0.1,0.05263157894736842,0.37777777777777777,0.13881990861717564,0.5856116988161766,1,1,0.000383333,,65.9178,books-oracle2=10
q049,survival against impossible odds in a hostile environment,Torso,CrossStripe,Conceptual,Keyword,selective-one,0.9612800808842022,0.9,0.8181818181818182,0.8666666666666667,0.8495237686796729,0.22759934192663284,1,1,0.000733333,,66.3439,books-genre-a=10
q049,survival against impossible odds in a hostile environment,Torso,CrossStripe,Conceptual,Keyword,selective-adaptive,0.46675055813617256,0.1,0.05263157894736842,0.37777777777777777,0.13881990861717564,0.5856116988161766,1,2,0.000383333,,63.0163,books-genre-a=6 | books-genre-b=4
q049,survival against impossible odds in a hostile environment,Torso,CrossStripe,Conceptual,Keyword,global-bm25,0.46675055813617256,0.1,0.05263157894736842,0.37777777777777777,0.13881990861717564,0.5856116988161766,1,2,0.0005499999999999999,,62.1657,books-genre-a=6 | books-genre-b=4
q049,survival against impossible odds in a hostile environment,Torso,CrossStripe,Conceptual,Keyword,idf-correct-sidecar,0.9977351820324306,0.9,0.8181818181818182,0.9555555555555556,0.9848724243958502,0.18253212682101555,1,2,0.0005499999999999999,,60.8782,books-genre-a=8 | books-genre-b=2
q049,survival against impossible odds in a hostile environment,Torso,CrossStripe,Conceptual,Keyword,naive-score,0.9908641250322809,0.9,0.8181818181818182,0.9111111111111111,0.9157821274204068,0.17429882375686856,1,2,0.0005499999999999999,,60.848299999999995,books-genre-a=8 | books-genre-b=2
q050,revenge,Head,CrossStripe,Lexical,Keyword,single-index,1,1,1,1,1,0.6767777191071676,1,1,0.0003,,63.121,books-oracle2=10
q050,revenge,Head,CrossStripe,Lexical,Keyword,single-index-rescored,0.7855687038274365,0.5,0.3333333333333333,0.4222222222222222,0.47271271488407113,0.8345582924372243,1,1,0.0003,,63.121,books-oracle2=10
q050,revenge,Head,CrossStripe,Lexical,Keyword,selective-one,0.8853988355431243,0.6,0.42857142857142855,1,0.7931745063255307,0.5709762743190047,0.8,1,0.000283333,,62.6766,books-genre-a=10
q050,revenge,Head,CrossStripe,Lexical,Keyword,selective-adaptive,0.765950473736695,0.5,0.3333333333333333,0.2777777777777778,0.47271271488407113,0.7966987361775735,1,2,0.000416666,,83.9898,books-genre-a=7 | books-genre-b=3
q050,revenge,Head,CrossStripe,Lexical,Keyword,global-bm25,0.765950473736695,0.5,0.3333333333333333,0.2777777777777778,0.47271271488407113,0.7966987361775735,1,2,0.000283333,,55.7495,books-genre-a=7 | books-genre-b=3
q050,revenge,Head,CrossStripe,Lexical,Keyword,idf-correct-sidecar,0.9962481614271856,0.9,0.8181818181818182,0.8666666666666667,0.9530693710946596,0.7092782559848854,1,2,0.000283333,,54.467099999999995,books-genre-a=6 | books-genre-b=4
q050,revenge,Head,CrossStripe,Lexical,Keyword,naive-score,0.995013238607719,0.9,0.8181818181818182,0.9555555555555556,0.9525976003393158,0.7218510373805623,1,2,0.000283333,,54.444199999999995,books-genre-a=6 | books-genre-b=4
q051,betrayal by someone you trusted completely,Torso,CrossStripe,Conceptual,Keyword,single-index,1,1,1,1,1,0.21349903341425486,1,1,0.00075,,65.7789,books-oracle2=10
q051,betrayal by someone you trusted completely,Torso,CrossStripe,Conceptual,Keyword,single-index-rescored,0.43325480093472474,0.1,0.05263157894736842,0.1111111111111111,0.005948221475418107,0.4261470271594553,1,1,0.00075,,65.7789,books-oracle2=10
q051,betrayal by someone you trusted completely,Torso,CrossStripe,Conceptual,Keyword,selective-one,0.6891355840230102,0.5,0.3333333333333333,0.6888888888888889,0.4092767762026342,0.35699401667607245,1,1,0.0007,,65.298,books-genre-a=10
q051,betrayal by someone you trusted completely,Torso,CrossStripe,Conceptual,Keyword,selective-adaptive,0.43325480093472474,0.1,0.05263157894736842,0.1111111111111111,0.005948221475418107,0.4261470271594553,1,2,0.000516666,,60.5011,books-genre-a=7 | books-genre-b=3
q051,betrayal by someone you trusted completely,Torso,CrossStripe,Conceptual,Keyword,global-bm25,0.43325480093472474,0.1,0.05263157894736842,0.1111111111111111,0.005948221475418107,0.4261470271594553,1,2,0.000366666,,60.5524,books-genre-a=7 | books-genre-b=3
q051,betrayal by someone you trusted completely,Torso,CrossStripe,Conceptual,Keyword,idf-correct-sidecar,0.8180079401849765,0.7,0.5384615384615384,0.28888888888888886,0.4846091578349074,0.3297906419902863,1,2,0.000366666,,59.2783,books-genre-a=8 | books-genre-b=2
q051,betrayal by someone you trusted completely,Torso,CrossStripe,Conceptual,Keyword,naive-score,0.9049345198378662,0.9,0.8181818181818182,0.37777777777777777,0.6447532007673153,0.2601646514442394,1,2,0.000366666,,59.249900000000004,books-genre-a=6 | books-genre-b=4
q052,an orphan raised by strangers who discovers the truth about their parents,Tail,CrossStripe,Conceptual,Keyword,single-index,1,1,1,1,1,0.15906090238797627,1,1,0.000433333,,96.2315,books-oracle2=10
q052,an orphan raised by strangers who discovers the truth about their parents,Tail,CrossStripe,Conceptual,Keyword,single-index-rescored,0.6330222717671449,0.3,0.17647058823529413,0.6888888888888889,0.37466009618138363,0.1682522887963522,1,1,0.000433333,,96.2315,books-oracle2=10
q052,an orphan raised by strangers who discovers the truth about their parents,Tail,CrossStripe,Conceptual,Keyword,selective-one,0.5832251545161753,0.4,0.25,0.6444444444444445,0.2501147017578669,0.08409257419868027,0.9,1,0.000833333,,72.0515,books-genre-a=10
q052,an orphan raised by strangers who discovers the truth about their parents,Tail,CrossStripe,Conceptual,Keyword,selective-adaptive,0.6116595905901749,0.3,0.17647058823529413,0.7222222222222222,0.37466009618138363,0.18711542104849999,1,2,0.0008166670000000001,,70.7865,books-genre-a=5 | books-genre-b=5
q052,an orphan raised by strangers who discovers the truth about their parents,Tail,CrossStripe,Conceptual,Keyword,global-bm25,0.6116595905901749,0.3,0.17647058823529413,0.7222222222222222,0.37466009618138363,0.18711542104849999,1,2,0.0008166670000000001,,69.7706,books-genre-a=5 | books-genre-b=5
q052,an orphan raised by strangers who discovers the truth about their parents,Tail,CrossStripe,Conceptual,Keyword,idf-correct-sidecar,0.8376952742646792,0.8,0.6666666666666666,0.6,0.5616327224392254,0.10818267499874668,1,2,0.0008166670000000001,,68.4471,books-genre-a=6 | books-genre-b=4
q052,an orphan raised by strangers who discovers the truth about their parents,Tail,CrossStripe,Conceptual,Keyword,naive-score,0.984741832662841,0.8,0.6666666666666666,0.7777777777777778,0.9021449711571261,0.15906090238797627,1,2,0.0008166670000000001,,68.409,books-genre-a=5 | books-genre-b=5
q053,political corruption and the abuse of power,Torso,CrossStripe,Mixed,Keyword,single-index,1,1,1,1,1,0.5848276962738509,0.9,1,0.0004,,64.6337,books-oracle2=10
q053,political corruption and the abuse of power,Torso,CrossStripe,Mixed,Keyword,single-index-rescored,0.48529348398194083,0.3,0.17647058823529413,0.6444444444444445,0.041710985160956594,0.6966619435670638,0.9,1,0.0004,,64.6337,books-oracle2=10
q053,political corruption and the abuse of power,Torso,CrossStripe,Mixed,Keyword,selective-one,0.7939700584464662,0.4,0.25,0.6888888888888889,0.4148115067354898,0.6727017674763657,0.7,1,0.000383333,,64.8868,books-genre-a=10
q053,political corruption and the abuse of power,Torso,CrossStripe,Mixed,Keyword,selective-adaptive,0.48529348398194083,0.3,0.17647058823529413,0.6444444444444445,0.041710985160956594,0.6966619435670638,0.9,2,0.000583333,,59.6651,books-genre-a=7 | books-genre-b=3
q053,political corruption and the abuse of power,Torso,CrossStripe,Mixed,Keyword,global-bm25,0.48529348398194083,0.3,0.17647058823529413,0.6444444444444445,0.041710985160956594,0.6966619435670638,0.9,2,0.000583333,,61.1904,books-genre-a=7 | books-genre-b=3
q053,political corruption and the abuse of power,Torso,CrossStripe,Mixed,Keyword,idf-correct-sidecar,0.9052834691360507,0.7,0.5384615384615384,0.6,0.6040324562313895,0.7568937674363,0.9,2,0.000583333,,59.7382,books-genre-a=7 | books-genre-b=3
q053,political corruption and the abuse of power,Torso,CrossStripe,Mixed,Keyword,naive-score,0.948573520695884,0.7,0.5384615384615384,0.4222222222222222,0.7179043373670105,0.6259432641901171,1,2,0.000583333,,59.705799999999996,books-genre-a=3 | books-genre-b=7
q054,isolation and loneliness,Torso,CrossStripe,Conceptual,Keyword,single-index,1,1,1,1,1,0.9513467899190737,1,1,0.000333333,,63.2656,books-oracle2=10
q054,isolation and loneliness,Torso,CrossStripe,Conceptual,Keyword,single-index-rescored,0.7000051728219332,0.6,0.42857142857142855,-0.06666666666666667,0.3608992971662611,0.9458352203602566,1,1,0.000333333,,63.2656,books-oracle2=10
q054,isolation and loneliness,Torso,CrossStripe,Conceptual,Keyword,selective-one,0.9167373977483877,0.6,0.42857142857142855,0.2,0.6525362545382289,1,1,1,0.000316667,,62.0971,books-genre-b=10
q054,isolation and loneliness,Torso,CrossStripe,Conceptual,Keyword,selective-adaptive,0.7000051728219332,0.6,0.42857142857142855,-0.06666666666666667,0.3608992971662611,0.9458352203602566,1,2,0.000616667,,57.3212,books-genre-a=4 | books-genre-b=6
q054,isolation and loneliness,Torso,CrossStripe,Conceptual,Keyword,global-bm25,0.7000051728219332,0.6,0.42857142857142855,-0.06666666666666667,0.3608992971662611,0.9458352203602566,1,2,0.000333334,,56.509800000000006,books-genre-a=4 | books-genre-b=6
q054,isolation and loneliness,Torso,CrossStripe,Conceptual,Keyword,idf-correct-sidecar,0.928856296564347,0.6,0.42857142857142855,0.4222222222222222,0.7163952745622248,0.9458352203602566,1,2,0.000333334,,55.2218,books-genre-a=6 | books-genre-b=4
q054,isolation and loneliness,Torso,CrossStripe,Conceptual,Keyword,naive-score,0.914591217711029,0.6,0.42857142857142855,0.5555555555555556,0.7163952745622248,0.9458352203602566,1,2,0.000333334,,55.1938,books-genre-a=8 | books-genre-b=2
q055,mother and daughter relationship across generations,Torso,CrossStripe,Conceptual,Keyword,single-index,1,1,1,1,1,0.5979995459857458,1,1,0.0004,,65.3729,books-oracle2=10
q055,mother and daughter relationship across generations,Torso,CrossStripe,Conceptual,Keyword,single-index-rescored,0.7719648580688574,0.7,0.5384615384615384,0.24444444444444444,0.4718059105398533,0.5999864333106761,1,1,0.0004,,65.3729,books-oracle2=10
q055,mother and daughter relationship across generations,Torso,CrossStripe,Conceptual,Keyword,selective-one,0.9290270129929993,0.9,0.8181818181818182,0.8222222222222222,0.792089794407381,0.5955891329854346,1,1,0.000383333,,92.2077,books-genre-b=10
q055,mother and daughter relationship across generations,Torso,CrossStripe,Conceptual,Keyword,selective-adaptive,0.7524310129663243,0.7,0.5384615384615384,0.2222222222222222,0.47914939384283867,0.6068328707936333,1,2,0.00075,,62.7131,books-genre-a=3 | books-genre-b=7
q055,mother and daughter relationship across generations,Torso,CrossStripe,Conceptual,Keyword,global-bm25,0.7524310129663243,0.7,0.5384615384615384,0.2222222222222222,0.47914939384283867,0.6068328707936333,1,2,0.00075,,62.3574,books-genre-a=3 | books-genre-b=7
q055,mother and daughter relationship across generations,Torso,CrossStripe,Conceptual,Keyword,idf-correct-sidecar,0.9978235769910067,0.9,0.8181818181818182,0.8666666666666667,0.9470704022433908,0.6062669003239712,1,2,0.00075,,61.0492,books-genre-a=1 | books-genre-b=9
q055,mother and daughter relationship across generations,Torso,CrossStripe,Conceptual,Keyword,naive-score,0.938702073460309,0.8,0.6666666666666666,0.8222222222222222,0.7875881874892096,0.5503852555879011,1,2,0.00075,,61.016799999999996,books-genre-a=2 | books-genre-b=8
q056,murder,Head,CrossStripe,Lexical,Keyword,single-index,1,1,1,1,1,0.9513467899190737,1,1,0.000333333,,62.3275,books-oracle2=10
q056,murder,Head,CrossStripe,Lexical,Keyword,single-index-rescored,0.5104877408754444,0.2,0.1111111111111111,0.24444444444444444,0.15211161339557905,1,1,1,0.000333333,,62.3275,books-oracle2=10
q056,murder,Head,CrossStripe,Lexical,Keyword,selective-one,0.9676725294491505,0.8,0.6666666666666666,0.9555555555555556,0.8966860480926722,0.9458352203602566,1,1,0.000333333,,63.0194,books-genre-a=10
q056,murder,Head,CrossStripe,Lexical,Keyword,selective-adaptive,0.9676725294491505,0.8,0.6666666666666666,0.9555555555555556,0.8966860480926722,0.9458352203602566,1,1,0.000333333,,63.6276,books-genre-a=10
q056,murder,Head,CrossStripe,Lexical,Keyword,global-bm25,0.48732710746650815,0.2,0.1111111111111111,0.16666666666666666,0.15211161339557905,1,1,2,0.0006000000000000001,,56.3487,books-genre-a=9 | books-genre-b=1
q056,murder,Head,CrossStripe,Lexical,Keyword,idf-correct-sidecar,0.9702404228892004,0.8,0.6666666666666666,1,0.8966860480926722,0.9458352203602566,1,2,0.0006000000000000001,,54.8784,books-genre-a=10
q056,murder,Head,CrossStripe,Lexical,Keyword,naive-score,0.7665391425840339,0.7,0.5384615384615384,0.15555555555555556,0.361261435379144,0.8790778465765123,1,2,0.0006000000000000001,,54.853,books-genre-a=6 | books-genre-b=4
q057,a journey across a ruined landscape,Torso,CrossStripe,Conceptual,Keyword,single-index,1,1,1,1,1,0.39731017693664533,0.9,1,0.000383333,,64.7153,books-oracle2=10
q057,a journey across a ruined landscape,Torso,CrossStripe,Conceptual,Keyword,single-index-rescored,0.49033989117030913,0.2,0.1111111111111111,0.24444444444444444,0.0357627636855385,0.7585908590364444,1,1,0.000383333,,64.7153,books-oracle2=10
q057,a journey across a ruined landscape,Torso,CrossStripe,Conceptual,Keyword,selective-one,0.8638160040817207,0.7,0.5384615384615384,0.7333333333333333,0.5761529860618654,0.43011359793174714,1,1,0.000366667,,65.8175,books-genre-a=10
q057,a journey across a ruined landscape,Torso,CrossStripe,Conceptual,Keyword,selective-adaptive,0.5063395592560338,0.2,0.1111111111111111,0.28888888888888886,0.06252913433721924,0.6951768262664425,1,2,0.000716667,,60.0069,books-genre-a=10
q057,a journey across a ruined landscape,Torso,CrossStripe,Conceptual,Keyword,global-bm25,0.5063395592560338,0.2,0.1111111111111111,0.28888888888888886,0.06252913433721924,0.6951768262664425,1,2,0.000716667,,60.9297,books-genre-a=10
q057,a journey across a ruined landscape,Torso,CrossStripe,Conceptual,Keyword,idf-correct-sidecar,0.9287141668476961,0.9,0.8181818181818182,0.6444444444444445,0.7282645994574446,0.3399419287285436,0.9,2,0.000716667,,59.633799999999994,books-genre-a=8 | books-genre-b=2
q057,a journey across a ruined landscape,Torso,CrossStripe,Conceptual,Keyword,naive-score,0.8987183479581622,1,1,0.6888888888888889,0.7255960937675081,0.3015467494148065,0.9,2,0.000716667,,59.6018,books-genre-a=7 | books-genre-b=3
q058,religion faith and doubt,Torso,CrossStripe,Mixed,Keyword,single-index,1,1,1,1,1,0.8100512793592932,0.9,1,0.00035,,63.8731,books-oracle2=10
q058,religion faith and doubt,Torso,CrossStripe,Mixed,Keyword,single-index-rescored,0.8799535383274733,0.6,0.42857142857142855,0.3333333333333333,0.5332355065913469,0.9188462530413559,1,1,0.00035,,63.8731,books-oracle2=10
q058,religion faith and doubt,Torso,CrossStripe,Mixed,Keyword,selective-one,0.9979902579993889,1,1,0.9111111111111111,0.9493664676860021,0.8187698615190014,0.9,1,0.000333333,,62.1701,books-genre-b=10
q058,religion faith and doubt,Torso,CrossStripe,Mixed,Keyword,selective-adaptive,0.8799535383274733,0.6,0.42857142857142855,0.3333333333333333,0.5332355065913469,0.9188462530413559,1,2,0.000633333,,58.5698,books-genre-a=1 | books-genre-b=9
q058,religion faith and doubt,Torso,CrossStripe,Mixed,Keyword,global-bm25,0.8799535383274733,0.6,0.42857142857142855,0.3333333333333333,0.5332355065913469,0.9188462530413559,1,2,0.000633333,,58.5034,books-genre-a=1 | books-genre-b=9
q058,religion faith and doubt,Torso,CrossStripe,Mixed,Keyword,idf-correct-sidecar,0.9980737746893691,1,1,0.9555555555555556,0.9585458218147338,0.8187698615190014,0.9,2,0.000633333,,57.1768,books-genre-b=10
q058,religion faith and doubt,Torso,CrossStripe,Mixed,Keyword,naive-score,0.9744089656114895,0.7,0.5384615384615384,0.8666666666666667,0.905178513950626,0.6657420965251305,0.9,2,0.000633333,,57.153,books-genre-a=3 | books-genre-b=7
q059,London,Head,CrossStripe,Lexical,Keyword,single-index,1,1,1,1,1,0.6751304836151464,1,1,0.000316667,,62.307,books-oracle2=10
q059,London,Head,CrossStripe,Lexical,Keyword,single-index-rescored,0.7376911145929327,0.3,0.17647058823529413,0.5555555555555556,0.38085749582008094,0.9603250160361273,1,1,0.000316667,,62.307,books-oracle2=10
q059,London,Head,CrossStripe,Lexical,Keyword,selective-one,0.8631886748345298,0.7,0.5384615384615384,0.6888888888888889,0.5838857256333503,0.5897980109203181,1,1,0.000283333,,62.2622,books-genre-b=10
q059,London,Head,CrossStripe,Lexical,Keyword,selective-adaptive,0.7376911145929327,0.3,0.17647058823529413,0.5555555555555556,0.38085749582008094,0.9603250160361273,1,2,0.0003,,55.806,books-genre-a=8 | books-genre-b=2
q059,London,Head,CrossStripe,Lexical,Keyword,global-bm25,0.7376911145929327,0.3,0.17647058823529413,0.5555555555555556,0.38085749582008094,0.9603250160361273,1,2,0.000566666,,55.8199,books-genre-a=8 | books-genre-b=2
q059,London,Head,CrossStripe,Lexical,Keyword,idf-correct-sidecar,0.9896721825686846,0.9,0.8181818181818182,0.9111111111111111,0.9507625704411842,0.6725684701746042,1,2,0.000566666,,54.550799999999995,books-genre-a=3 | books-genre-b=7
q059,London,Head,CrossStripe,Lexical,Keyword,naive-score,0.9889024037765931,0.9,0.8181818181818182,0.8666666666666667,0.9227810001661295,0.6643011158363787,1,2,0.000566666,,54.5289,books-genre-a=3 | books-genre-b=7
q060,Paris,Head,CrossStripe,Lexical,Keyword,single-index,1,1,1,1,1,0.9371166382005486,1,1,0.000266667,,62.057,books-oracle2=10
q060,Paris,Head,CrossStripe,Lexical,Keyword,single-index-rescored,0.7906541003645615,0.7,0.5384615384615384,0.24444444444444444,0.42844758649736986,0.9188462530413559,1,1,0.000266667,,62.057,books-oracle2=10
q060,Paris,Head,CrossStripe,Lexical,Keyword,selective-one,0.8962231806537913,0.9,0.8181818181818182,0.7333333333333333,0.6873730482355556,0.9007619020868619,1,1,0.000266667,,63.0349,books-genre-b=10
q060,Paris,Head,CrossStripe,Lexical,Keyword,selective-adaptive,0.7906541003645615,0.7,0.5384615384615384,0.24444444444444444,0.42844758649736986,0.9188462530413559,1,2,0.000266667,,57.5314,books-genre-a=2 | books-genre-b=8
q060,Paris,Head,CrossStripe,Lexical,Keyword,global-bm25,0.7906541003645615,0.7,0.5384615384615384,0.24444444444444444,0.42844758649736986,0.9188462530413559,1,2,0.000483334,,55.4482,books-genre-a=2 | books-genre-b=8
q060,Paris,Head,CrossStripe,Lexical,Keyword,idf-correct-sidecar,0.9008153102979278,1,1,0.6,0.6647190282335466,0.9458352203602566,1,2,0.000483334,,54.152300000000004,books-genre-a=1 | books-genre-b=9
q060,Paris,Head,CrossStripe,Lexical,Keyword,naive-score,0.832293904565024,1,1,0.4222222222222222,0.5261929827977827,0.9513467899190737,1,2,0.000483334,,54.1291,books-genre-a=1 | books-genre-b=9
q061,the sea and the people who make their living on it,Torso,CrossStripe,Conceptual,Keyword,single-index,1,1,1,1,1,0.17363175277154144,1,1,0.000416667,,65.0784,books-oracle2=10
q061,the sea and the people who make their living on it,Torso,CrossStripe,Conceptual,Keyword,single-index-rescored,0.6622713541916382,0.5,0.3333333333333333,0.5555555555555556,0.4312585366988051,0.16863032124454858,1,1,0.000416667,,65.0784,books-oracle2=10
q061,the sea and the people who make their living on it,Torso,CrossStripe,Conceptual,Keyword,selective-one,0.6460275445161097,0.3,0.17647058823529413,0.8222222222222222,0.28324258722489215,0.09147271329909401,0.8,1,0.0004,,68.7314,books-genre-a=10
q061,the sea and the people who make their living on it,Torso,CrossStripe,Conceptual,Keyword,selective-adaptive,0.6405491093485776,0.5,0.3333333333333333,0.5,0.4312585366988051,0.15916543217963586,1,2,0.000783333,,63.2086,books-genre-a=5 | books-genre-b=5
q061,the sea and the people who make their living on it,Torso,CrossStripe,Conceptual,Keyword,global-bm25,0.6405491093485776,0.5,0.3333333333333333,0.5,0.4312585366988051,0.15916543217963586,1,2,0.000783333,,62.4497,books-genre-a=5 | books-genre-b=5
q061,the sea and the people who make their living on it,Torso,CrossStripe,Conceptual,Keyword,idf-correct-sidecar,0.9913347726833175,0.9,0.8181818181818182,0.7333333333333333,0.8654929307829902,0.17881991149549212,1,2,0.000783333,,61.163700000000006,books-genre-a=4 | books-genre-b=6
q061,the sea and the people who make their living on it,Torso,CrossStripe,Conceptual,Keyword,naive-score,0.9913347726833175,0.9,0.8181818181818182,0.7333333333333333,0.8654929307829902,0.17881991149549212,1,2,0.000783333,,61.130500000000005,books-genre-a=4 | books-genre-b=6
q062,a small town where everyone is hiding something,Torso,CrossStripe,Conceptual,Keyword,single-index,1,1,1,1,1,0.29053138869206563,0.9,1,0.000866667,,66.07,books-oracle2=10
q062,a small town where everyone is hiding something,Torso,CrossStripe,Conceptual,Keyword,single-index-rescored,0.6501835544767472,0.2,0.1111111111111111,-0.06666666666666667,0.24203758720290527,0.5138631329061168,1,1,0.000866667,,66.07,books-oracle2=10
q062,a small town where everyone is hiding something,Torso,CrossStripe,Conceptual,Keyword,selective-one,0.9208213421158234,0.6,0.42857142857142855,0.7333333333333333,0.6752865478618361,0.28203308765926977,0.8,1,0.0004,,67.863,books-genre-a=10
q062,a small town where everyone is hiding something,Torso,CrossStripe,Conceptual,Keyword,selective-adaptive,0.6707960135074701,0.3,0.17647058823529413,-0.1111111111111111,0.26309585662685286,0.522268230821759,0.9,2,0.0006000000000000001,,63.7571,books-genre-a=7 | books-genre-b=3
q062,a small town where everyone is hiding something,Torso,CrossStripe,Conceptual,Keyword,global-bm25,0.6707960135074701,0.3,0.17647058823529413,-0.1111111111111111,0.26309585662685286,0.522268230821759,0.9,2,0.0006000000000000001,,63.7073,books-genre-a=7 | books-genre-b=3
q062,a small town where everyone is hiding something,Torso,CrossStripe,Conceptual,Keyword,idf-correct-sidecar,0.9824043322432112,0.9,0.8181818181818182,0.7333333333333333,0.8163791964846422,0.2915068924900416,1,2,0.0006000000000000001,,62.4058,books-genre-a=6 | books-genre-b=4
q062,a small town where everyone is hiding something,Torso,CrossStripe,Conceptual,Keyword,naive-score,0.9648422505307591,0.8,0.6666666666666666,0.8222222222222222,0.8129079435836435,0.30614809793092895,1,2,0.0006000000000000001,,62.3731,books-genre-a=4 | books-genre-b=6
q063,identity and what makes someone who they are,Torso,CrossStripe,Conceptual,Keyword,single-index,1,1,1,1,1,0.6669739779109883,1,1,0.000416667,,65.5297,books-oracle2=10
q063,identity and what makes someone who they are,Torso,CrossStripe,Conceptual,Keyword,single-index-rescored,0.8503843978532019,0.4,0.25,0.5555555555555556,0.6259528449814222,0.6910078708256927,1,1,0.000416667,,65.5297,books-oracle2=10
q063,identity and what makes someone who they are,Torso,CrossStripe,Conceptual,Keyword,selective-one,0.9284100371946444,0.7,0.5384615384615384,0.5111111111111111,0.7411457121839659,0.6426457101871113,1,1,0.0008,,67.0214,books-genre-a=10
q063,identity and what makes someone who they are,Torso,CrossStripe,Conceptual,Keyword,selective-adaptive,0.8546261208959474,0.4,0.25,0.4666666666666667,0.6259528449814222,0.747797205215169,1,2,0.0006000000000000001,,62.0466,books-genre-a=5 | books-genre-b=5
q063,identity and what makes someone who they are,Torso,CrossStripe,Conceptual,Keyword,global-bm25,0.8546261208959474,0.4,0.25,0.4666666666666667,0.6259528449814222,0.747797205215169,1,2,0.000783333,,62.020799999999994,books-genre-a=5 | books-genre-b=5
q063,identity and what makes someone who they are,Torso,CrossStripe,Conceptual,Keyword,idf-correct-sidecar,0.9284100371946444,0.7,0.5384615384615384,0.5111111111111111,0.7411457121839659,0.6426457101871113,1,2,0.000783333,,60.7406,books-genre-a=10
q063,identity and what makes someone who they are,Torso,CrossStripe,Conceptual,Keyword,naive-score,0.9644914458840156,0.7,0.5384615384615384,0.7333333333333333,0.7785042264475658,0.6387981585674992,1,2,0.000783333,,60.7119,books-genre-a=8 | books-genre-b=2
q064,father and son,Head,CrossStripe,Lexical,Keyword,single-index,1,1,1,1,1,0.7331938073029861,1,1,0.00035,,63.272,books-oracle2=10
q064,father and son,Head,CrossStripe,Lexical,Keyword,single-index-rescored,0.5259048382830049,0.4,0.25,0.28888888888888886,0.2774073257990778,0.8402989328340188,1,1,0.00035,,63.272,books-oracle2=10
q064,father and son,Head,CrossStripe,Lexical,Keyword,selective-one,0.5002781129689625,0.2,0.1111111111111111,0.8666666666666667,0.06252913433721924,0.441871169489512,0.7,1,0.000316667,,63.5174,books-genre-a=10
q064,father and son,Head,CrossStripe,Lexical,Keyword,selective-adaptive,0.5259048382830049,0.4,0.25,0.28888888888888886,0.2774073257990778,0.8402989328340188,1,2,0.000333334,,57.6174,books-genre-a=3 | books-genre-b=7
q064,father and son,Head,CrossStripe,Lexical,Keyword,global-bm25,0.5259048382830049,0.4,0.25,0.28888888888888886,0.2774073257990778,0.8402989328340188,1,2,0.000333334,,57.5165,books-genre-a=3 | books-genre-b=7
q064,father and son,Head,CrossStripe,Lexical,Keyword,idf-correct-sidecar,0.992736497290556,0.9,0.8181818181818182,0.9555555555555556,0.9775289410928649,0.7341015211550971,1,2,0.000333334,,56.2393,books-genre-a=3 | books-genre-b=7
q064,father and son,Head,CrossStripe,Lexical,Keyword,naive-score,0.9905551960129668,0.8,0.6666666666666666,0.9555555555555556,0.9715807196174467,0.7886336253256271,1,2,0.000333334,,56.2305,books-genre-a=4 | books-genre-b=6
q065,escape from captivity,Torso,CrossStripe,Conceptual,Keyword,single-index,1,1,1,1,1,0.8992570819408976,1,1,0.000316667,,63.892,books-oracle2=10
q065,escape from captivity,Torso,CrossStripe,Conceptual,Keyword,single-index-rescored,0.5917326552783447,0.2,0.1111111111111111,0.4222222222222222,0.25714763515143474,0.8088003698923159,0.9,1,0.000316667,,63.892,books-oracle2=10
q065,escape from captivity,Torso,CrossStripe,Conceptual,Keyword,selective-one,0.6383686808118249,0.5,0.3333333333333333,0.28888888888888886,0.28955294691319317,0.789090158759476,0.9,1,0.0003,,63.0421,books-genre-a=10
q065,escape from captivity,Torso,CrossStripe,Conceptual,Keyword,selective-adaptive,0.5917326552783447,0.2,0.1111111111111111,0.4222222222222222,0.25714763515143474,0.8088003698923159,0.9,2,0.00045,,82.1692,books-genre-a=6 | books-genre-b=4
q065,escape from captivity,Torso,CrossStripe,Conceptual,Keyword,global-bm25,0.5917326552783447,0.2,0.1111111111111111,0.4222222222222222,0.25714763515143474,0.8088003698923159,0.9,2,0.00045,,57.0363,books-genre-a=6 | books-genre-b=4
q065,escape from captivity,Torso,CrossStripe,Conceptual,Keyword,idf-correct-sidecar,0.9694484557402342,0.7,0.5384615384615384,0.8222222222222222,0.8269088628464513,0.8787277908726202,1,2,0.00045,,55.6944,books-genre-a=4 | books-genre-b=6
q065,escape from captivity,Torso,CrossStripe,Conceptual,Keyword,naive-score,0.9694484557402342,0.7,0.5384615384615384,0.8222222222222222,0.8269088628464513,0.8787277908726202,1,2,0.00045,,55.6696,books-genre-a=4 | books-genre-b=6
q066,a secret that destroys a community when it comes out,Torso,CrossStripe,Conceptual,Keyword,single-index,1,1,1,1,1,0.17016404272807836,1,1,0.00085,,65.8299,books-oracle2=10
q066,a secret that destroys a community when it comes out,Torso,CrossStripe,Conceptual,Keyword,single-index-rescored,0.4803777459150231,0.2,0.1111111111111111,0.24444444444444444,0.06825476322057272,0.3247213455623207,1,1,0.00085,,65.8299,books-oracle2=10
q066,a secret that destroys a community when it comes out,Torso,CrossStripe,Conceptual,Keyword,selective-one,0.9504181240070781,0.6,0.42857142857142855,0.6444444444444445,0.877248531979037,0.1666166349164798,1,1,0.0008,,95.7645,books-genre-a=10
q066,a secret that destroys a community when it comes out,Torso,CrossStripe,Conceptual,Keyword,selective-adaptive,0.459975274152714,0.2,0.1111111111111111,0.2777777777777778,0.08336481116910217,0.32699972903599084,1,2,0.000766667,,64.9517,books-genre-a=8 | books-genre-b=2
q066,a secret that destroys a community when it comes out,Torso,CrossStripe,Conceptual,Keyword,global-bm25,0.459975274152714,0.2,0.1111111111111111,0.2777777777777778,0.08336481116910217,0.32699972903599084,1,2,0.000766667,,63.9889,books-genre-a=8 | books-genre-b=2
q066,a secret that destroys a community when it comes out,Torso,CrossStripe,Conceptual,Keyword,idf-correct-sidecar,0.9620208006059694,0.7,0.5384615384615384,0.7333333333333333,0.8831967534544551,0.16172709709021274,1,2,0.000766667,,62.6803,books-genre-a=8 | books-genre-b=2
q066,a secret that destroys a community when it comes out,Torso,CrossStripe,Conceptual,Keyword,naive-score,0.9489137807845756,0.8,0.6666666666666666,0.4222222222222222,0.6830677412723201,0.10254730958572815,1,2,0.000766667,,62.6466,books-genre-a=5 | books-genre-b=5
q067,the American South,Torso,CrossStripe,Lexical,Keyword,single-index,1,1,1,1,1,0.2678250254741538,1,1,0.00035,,89.601,books-oracle2=10
q067,the American South,Torso,CrossStripe,Lexical,Keyword,single-index-rescored,0.452122498804656,0.3,0.17647058823529413,0.06666666666666667,0.0966565159475056,0.5386045641581401,1,1,0.00035,,89.601,books-oracle2=10
q067,the American South,Torso,CrossStripe,Lexical,Keyword,selective-one,0.989856689457171,0.9,0.8181818181818182,0.9555555555555556,0.9507625704411842,0.27285937235346913,1,1,0.000333333,,62.6408,books-genre-b=10
q067,the American South,Torso,CrossStripe,Lexical,Keyword,selective-adaptive,0.4285822383469382,0.3,0.17647058823529413,0.05555555555555555,0.10583587007623722,0.5387478135259379,1,2,0.00035,,57.5972,books-genre-a=4 | books-genre-b=6
q067,the American South,Torso,CrossStripe,Lexical,Keyword,global-bm25,0.4285822383469382,0.3,0.17647058823529413,0.05555555555555555,0.10583587007623722,0.5387478135259379,1,2,0.000633333,,57.1561,books-genre-a=4 | books-genre-b=6
q067,the American South,Torso,CrossStripe,Lexical,Keyword,idf-correct-sidecar,0.99693946391835,0.9,0.8181818181818182,1,0.9940517785245819,0.27691370950257554,1,2,0.000633333,,55.9097,books-genre-a=2 | books-genre-b=8
q067,the American South,Torso,CrossStripe,Lexical,Keyword,naive-score,0.8589304210927075,0.7,0.5384615384615384,0.5555555555555556,0.5826463068450404,0.21605834614829897,1,2,0.000633333,,55.8552,books-genre-a=4 | books-genre-b=6
q068,grief after the death of a child,Torso,CrossStripe,Conceptual,Keyword,single-index,1,1,1,1,1,0.123849712837753,1,1,0.00085,,65.0375,books-oracle2=10
q068,grief after the death of a child,Torso,CrossStripe,Conceptual,Keyword,single-index-rescored,0.66590974977785,0.5,0.3333333333333333,-0.022222222222222223,0.2705531409070565,0.10190115217299898,1,1,0.00085,,65.0375,books-oracle2=10
q068,grief after the death of a child,Torso,CrossStripe,Conceptual,Keyword,selective-one,0.5851286565768028,0.5,0.3333333333333333,0.5111111111111111,0.2164933052865503,0.10318507106160095,0.9,1,0.0008,,65.0624,books-genre-a=10
q068,grief after the death of a child,Torso,CrossStripe,Conceptual,Keyword,selective-adaptive,0.6404631210371868,0.6,0.42857142857142855,-0.1111111111111111,0.2838448456854599,0.22504275559669062,1,2,0.000416667,,60.0769,books-genre-a=5 | books-genre-b=5
q068,grief after the death of a child,Torso,CrossStripe,Conceptual,Keyword,global-bm25,0.6404631210371868,0.6,0.42857142857142855,-0.1111111111111111,0.2838448456854599,0.22504275559669062,1,2,0.000416667,,59.4896,books-genre-a=5 | books-genre-b=5
q068,grief after the death of a child,Torso,CrossStripe,Conceptual,Keyword,idf-correct-sidecar,0.9836263435846356,0.9,0.8181818181818182,0.7333333333333333,0.8523461887389701,0.13376845882872118,1,2,0.000416667,,58.205200000000005,books-genre-a=5 | books-genre-b=5
q068,grief after the death of a child,Torso,CrossStripe,Conceptual,Keyword,naive-score,0.9733263455285164,0.8,0.6666666666666666,0.6444444444444445,0.8310220544237373,0.15261851074572066,1,2,0.000416667,,58.1749,books-genre-a=3 | books-genre-b=7
q069,an outsider who does not fit in anywhere,Torso,CrossStripe,Conceptual,Keyword,single-index,1,1,1,1,1,0.4034903470451456,1,1,0.00085,,66.1965,books-oracle2=10
q069,an outsider who does not fit in anywhere,Torso,CrossStripe,Conceptual,Keyword,single-index-rescored,0.5869244676866697,0.3,0.17647058823529413,0.4222222222222222,0.21598732014758054,0.653310885129331,1,1,0.00085,,66.1965,books-oracle2=10
q069,an outsider who does not fit in anywhere,Torso,CrossStripe,Conceptual,Keyword,selective-one,0.7326987273532858,0.6,0.42857142857142855,0.8222222222222222,0.5255740376092093,0.48189701151982367,1,1,0.0004,,68.4196,books-genre-a=10
q069,an outsider who does not fit in anywhere,Torso,CrossStripe,Conceptual,Keyword,selective-adaptive,0.5869244676866697,0.3,0.17647058823529413,0.4222222222222222,0.21598732014758054,0.653310885129331,1,2,0.000783333,,66.7744,books-genre-a=8 | books-genre-b=2
q069,an outsider who does not fit in anywhere,Torso,CrossStripe,Conceptual,Keyword,global-bm25,0.5869244676866697,0.3,0.17647058823529413,0.4222222222222222,0.21598732014758054,0.653310885129331,1,2,0.000783333,,65.07339999999999,books-genre-a=8 | books-genre-b=2
q069,an outsider who does not fit in anywhere,Torso,CrossStripe,Conceptual,Keyword,idf-correct-sidecar,0.8899151271221409,0.9,0.8181818181818182,0.5555555555555556,0.6800099793138841,0.5718176613660024,1,2,0.000783333,,63.835899999999995,books-genre-a=6 | books-genre-b=4
q069,an outsider who does not fit in anywhere,Torso,CrossStripe,Conceptual,Keyword,naive-score,0.9649982276225196,0.8,0.6666666666666666,0.4666666666666667,0.7300491175535113,0.5362763675664063,1,2,0.000783333,,63.8028,books-genre-a=5 | books-genre-b=5
q070,school,Head,CrossStripe,Lexical,Keyword,single-index,1,1,1,1,1,1,1,1,0.00035,,61.9662,books-oracle2=10
q070,school,Head,CrossStripe,Lexical,Keyword,single-index-rescored,0.6704907098477859,0.7,0.5384615384615384,0.3333333333333333,0.4422852315111448,1,1,1,0.00035,,61.9662,books-oracle2=10
q070,school,Head,CrossStripe,Lexical,Keyword,selective-one,0.9999164833100198,1,1,0.9555555555555556,0.9908206458712683,1,1,1,0.000333333,,63.191,books-genre-a=10
q070,school,Head,CrossStripe,Lexical,Keyword,selective-adaptive,0.6838446871471818,0.7,0.5384615384615384,0.5111111111111111,0.4588080689428617,1,1,2,0.000633333,,56.5888,books-genre-a=8 | books-genre-b=2
q070,school,Head,CrossStripe,Lexical,Keyword,global-bm25,0.6838446871471818,0.7,0.5384615384615384,0.5111111111111111,0.4588080689428617,1,1,2,0.00035,,58.3932,books-genre-a=8 | books-genre-b=2
q070,school,Head,CrossStripe,Lexical,Keyword,idf-correct-sidecar,0.9931289429998503,1,1,0.9555555555555556,0.9309097030245566,1,1,2,0.00035,,57.0571,books-genre-a=10
q070,school,Head,CrossStripe,Lexical,Keyword,naive-score,0.9475838351788763,0.8,0.6666666666666666,0.4222222222222222,0.7227056342505259,0.9513467899190737,1,2,0.00035,,57.027899999999995,books-genre-a=8 | books-genre-b=2
q071,obsession that ruins a life,Torso,CrossStripe,Conceptual,Keyword,single-index,1,1,1,1,1,0.11218224663488109,1,1,0.0004,,64.3703,books-oracle2=10
q071,obsession that ruins a life,Torso,CrossStripe,Conceptual,Keyword,single-index-rescored,0.5192577960258399,0.2,0.1111111111111111,0.022222222222222223,0.019239926253821527,0.2897011407147146,1,1,0.0004,,64.3703,books-oracle2=10
q071,obsession that ruins a life,Torso,CrossStripe,Conceptual,Keyword,selective-one,0.7176553480549385,0.6,0.42857142857142855,0.8666666666666667,0.4585142057614499,0.18907455984774132,0.9,1,0.000383333,,67.4593,books-genre-b=10
q071,obsession that ruins a life,Torso,CrossStripe,Conceptual,Keyword,selective-adaptive,0.48153998181210167,0.2,0.1111111111111111,-0.14285714285714285,0.056598440517421425,0.2783905184522595,1,2,0.000566667,,59.3699,books-genre-a=7 | books-genre-b=3
q071,obsession that ruins a life,Torso,CrossStripe,Conceptual,Keyword,global-bm25,0.48153998181210167,0.2,0.1111111111111111,-0.14285714285714285,0.056598440517421425,0.2783905184522595,1,2,0.00075,,59.8647,books-genre-a=7 | books-genre-b=3
q071,obsession that ruins a life,Torso,CrossStripe,Conceptual,Keyword,idf-correct-sidecar,0.9832513472870028,0.9,0.8181818181818182,0.6444444444444445,0.8611800913828243,0.19124977055456902,1,2,0.00075,,58.5421,books-genre-a=5 | books-genre-b=5
q071,obsession that ruins a life,Torso,CrossStripe,Conceptual,Keyword,naive-score,0.9916768883038259,0.9,0.8181818181818182,0.7777777777777778,0.8891616616578787,0.11806794760743772,1,2,0.00075,,58.512,books-genre-a=4 | books-genre-b=6
q072,slavery and its aftermath,Torso,CrossStripe,Mixed,Keyword,single-index,1,1,1,1,1,0.5200368575497579,0.9,1,0.000283333,,62.7855,books-oracle2=10
q072,slavery and its aftermath,Torso,CrossStripe,Mixed,Keyword,single-index-rescored,0.6187985251054204,0.7,0.5384615384615384,0.8222222222222222,0.2918256869188235,0.622051649700751,0.9,1,0.000283333,,62.7855,books-oracle2=10
q072,slavery and its aftermath,Torso,CrossStripe,Mixed,Keyword,selective-one,0.9530071494751032,0.8,0.6666666666666666,0.9555555555555556,0.8387090324756892,0.6734360927215002,0.9,1,0.000266667,,61.5099,books-genre-b=10
q072,slavery and its aftermath,Torso,CrossStripe,Mixed,Keyword,selective-adaptive,0.6187985251054204,0.7,0.5384615384615384,0.8222222222222222,0.2918256869188235,0.622051649700751,0.9,2,0.000516667,,56.9389,books-genre-a=2 | books-genre-b=8
q072,slavery and its aftermath,Torso,CrossStripe,Mixed,Keyword,global-bm25,0.6187985251054204,0.7,0.5384615384615384,0.8222222222222222,0.2918256869188235,0.622051649700751,0.9,2,0.00039999999999999996,,56.454299999999996,books-genre-a=2 | books-genre-b=8
q072,slavery and its aftermath,Torso,CrossStripe,Mixed,Keyword,idf-correct-sidecar,0.996773056677823,0.9,0.8181818181818182,0.9111111111111111,0.9409412776361645,0.5319234904756048,0.9,2,0.00039999999999999996,,55.032599999999995,books-genre-a=3 | books-genre-b=7
q072,slavery and its aftermath,Torso,CrossStripe,Mixed,Keyword,naive-score,0.9983257465222679,0.9,0.8181818181818182,0.9111111111111111,0.9672854078729012,0.5173851641074463,0.9,2,0.00039999999999999996,,55.0041,books-genre-a=3 | books-genre-b=7
q073,the Holocaust,Torso,CrossStripe,Lexical,Keyword,single-index,1,1,1,1,1,0.6101007690583882,1,1,0.000216667,,61.2329,books-oracle2=10
q073,the Holocaust,Torso,CrossStripe,Lexical,Keyword,single-index-rescored,0.8427853021204675,0.5,0.3333333333333333,0.6444444444444445,0.5529894766763774,0.7534045454785803,1,1,0.000216667,,61.2329,books-oracle2=10
q073,the Holocaust,Torso,CrossStripe,Lexical,Keyword,selective-one,0.7072776214902299,0.7,0.5384615384615384,0.1111111111111111,0.3462777067010811,0.6686847553429088,1,1,0.0002,,56.3193,books-genre-b=10
q073,the Holocaust,Torso,CrossStripe,Lexical,Keyword,selective-adaptive,0.7072776214902299,0.7,0.5384615384615384,0.1111111111111111,0.3462777067010811,0.6686847553429088,1,1,0.000116667,,56.9306,books-genre-b=10
q073,the Holocaust,Torso,CrossStripe,Lexical,Keyword,global-bm25,0.8427853021204675,0.5,0.3333333333333333,0.6444444444444445,0.5529894766763774,0.7534045454785803,1,2,0.00019999999999999998,,57.0461,books-genre-a=3 | books-genre-b=7
q073,the Holocaust,Torso,CrossStripe,Lexical,Keyword,idf-correct-sidecar,0.9013155253750839,0.5,0.3333333333333333,0.5111111111111111,0.6275882270566743,0.6544654064503764,1,2,0.00019999999999999998,,54.7113,books-genre-a=1 | books-genre-b=9
q073,the Holocaust,Torso,CrossStripe,Lexical,Keyword,naive-score,0.7928177732670554,0.3,0.17647058823529413,0.7333333333333333,0.436776580503655,0.4146630971540944,1,2,0.00019999999999999998,,54.6908,books-genre-a=9 | books-genre-b=1
q074,a woman who defies the expectations of her time,Torso,CrossStripe,Conceptual,Keyword,single-index,1,1,1,1,1,0.42353976043085817,1,1,0.000416667,,66.2883,books-oracle2=10
q074,a woman who defies the expectations of her time,Torso,CrossStripe,Conceptual,Keyword,single-index-rescored,0.5312839153386313,0.4,0.25,-0.4666666666666667,0.08318185007422828,0.374952169375044,1,1,0.000416667,,66.2883,books-oracle2=10
q074,a woman who defies the expectations of her time,Torso,CrossStripe,Conceptual,Keyword,selective-one,0.8560560185303636,0.6,0.42857142857142855,0.7333333333333333,0.6382989941529275,0.3544917651851217,1,1,0.000383333,,63.8487,books-genre-b=10
q074,a woman who defies the expectations of her time,Torso,CrossStripe,Conceptual,Keyword,selective-adaptive,0.42300353126258616,0.4,0.25,-0.42857142857142855,0.07583836677124296,0.39751280291331315,1,2,0.000766666,,88.5541,books-genre-a=4 | books-genre-b=6
q074,a woman who defies the expectations of her time,Torso,CrossStripe,Conceptual,Keyword,global-bm25,0.42300353126258616,0.4,0.25,-0.42857142857142855,0.07583836677124296,0.39751280291331315,1,2,0.000766666,,63.8598,books-genre-a=4 | books-genre-b=6
q074,a woman who defies the expectations of her time,Torso,CrossStripe,Conceptual,Keyword,idf-correct-sidecar,0.8869503500763861,0.8,0.6666666666666666,0.6888888888888889,0.6983511599157269,0.4318926211156755,1,2,0.000766666,,62.574999999999996,books-genre-a=2 | books-genre-b=8
q074,a woman who defies the expectations of her time,Torso,CrossStripe,Conceptual,Keyword,naive-score,0.8165253715272051,0.8,0.6666666666666666,0.37777777777777777,0.5104067817893394,0.5462436977047832,1,2,0.000766666,,62.546,books-genre-a=4 | books-genre-b=6
q075,addiction and recovery,Torso,CrossStripe,Mixed,Keyword,single-index,1,1,1,1,1,0.7813557586671602,1,1,0.0003,,90.5152,books-oracle2=10
q075,addiction and recovery,Torso,CrossStripe,Mixed,Keyword,single-index-rescored,0.8518843961162047,0.8,0.6666666666666666,0.8222222222222222,0.6326075796532,0.9134872336594229,1,1,0.0003,,90.5152,books-oracle2=10
q075,addiction and recovery,Torso,CrossStripe,Mixed,Keyword,selective-one,0.9810231160343807,0.8,0.6666666666666666,0.7333333333333333,0.8691958341916476,0.8611375561264454,1,1,0.000283333,,89.6598,books-genre-b=10
q075,addiction and recovery,Torso,CrossStripe,Mixed,Keyword,selective-adaptive,0.8518843961162047,0.8,0.6666666666666666,0.8222222222222222,0.6326075796532,0.9134872336594229,1,2,0.000533333,,57.2605,books-genre-a=1 | books-genre-b=9
q075,addiction and recovery,Torso,CrossStripe,Mixed,Keyword,global-bm25,0.8518843961162047,0.8,0.6666666666666666,0.8222222222222222,0.6326075796532,0.9134872336594229,1,2,0.000283333,,58.4434,books-genre-a=1 | books-genre-b=9
q075,addiction and recovery,Torso,CrossStripe,Mixed,Keyword,idf-correct-sidecar,0.9930996088853128,0.9,0.8181818181818182,0.7333333333333333,0.8916668930987828,0.8214625721625727,1,2,0.000283333,,57.1707,books-genre-a=1 | books-genre-b=9
q075,addiction and recovery,Torso,CrossStripe,Mixed,Keyword,naive-score,0.901401195299506,0.6,0.42857142857142855,0.37777777777777777,0.6028688449114812,0.6803537136787812,1,2,0.000283333,,57.1449,books-genre-a=5 | books-genre-b=5
q076,New York City,Head,CrossStripe,Lexical,Keyword,single-index,1,1,1,1,1,0.7796560863979807,1,1,0.0004,,64.3303,books-oracle2=10
q076,New York City,Head,CrossStripe,Lexical,Keyword,single-index-rescored,0.715929144936194,0.4,0.25,0.37777777777777777,0.3560224283881299,0.6576926371982134,1,1,0.0004,,64.3303,books-oracle2=10
q076,New York City,Head,CrossStripe,Lexical,Keyword,selective-one,0.7729918880819243,0.2,0.1111111111111111,1,0.39557158048166824,0.45739894262601005,0.7,1,0.000383333,,64.6654,books-genre-a=10
q076,New York City,Head,CrossStripe,Lexical,Keyword,selective-adaptive,0.715929144936194,0.4,0.25,0.37777777777777777,0.3560224283881299,0.6576926371982134,1,2,0.00075,,59.2565,books-genre-a=4 | books-genre-b=6
q076,New York City,Head,CrossStripe,Lexical,Keyword,global-bm25,0.715929144936194,0.4,0.25,0.37777777777777777,0.3560224283881299,0.6576926371982134,1,2,0.00075,,59.1601,books-genre-a=4 | books-genre-b=6
q076,New York City,Head,CrossStripe,Lexical,Keyword,idf-correct-sidecar,0.9760017204697853,0.9,0.8181818181818182,0.7777777777777778,0.8202689545422492,0.7562921179498961,1,2,0.00075,,57.793200000000006,books-genre-a=3 | books-genre-b=7
q076,New York City,Head,CrossStripe,Lexical,Keyword,naive-score,0.9760017204697853,0.9,0.8181818181818182,0.7777777777777778,0.8202689545422492,0.7562921179498961,1,2,0.00075,,57.767300000000006,books-genre-a=3 | books-genre-b=7
q077,an unlikely friendship between two very different people,Torso,CrossStripe,Conceptual,Keyword,single-index,1,1,1,1,1,0.3301540397681022,1,1,0.000433333,,65.9599,books-oracle2=10
q077,an unlikely friendship between two very different people,Torso,CrossStripe,Conceptual,Keyword,single-index-rescored,0.6475172768953025,0.6,0.42857142857142855,0.37777777777777777,0.23712933429555363,0.3555419201406437,1,1,0.000433333,,65.9599,books-oracle2=10
q077,an unlikely friendship between two very different people,Torso,CrossStripe,Conceptual,Keyword,selective-one,0.7157221956776266,0.5,0.3333333333333333,0.7777777777777778,0.4525659842860318,0.42823979426245246,0.9,1,0.000416667,,65.4058,books-genre-b=10
q077,an unlikely friendship between two very different people,Torso,CrossStripe,Conceptual,Keyword,selective-adaptive,0.6475172768953025,0.6,0.42857142857142855,0.37777777777777777,0.23712933429555363,0.3555419201406437,1,2,0.000433334,,64.9095,books-genre-a=5 | books-genre-b=5
q077,an unlikely friendship between two very different people,Torso,CrossStripe,Conceptual,Keyword,global-bm25,0.6475172768953025,0.6,0.42857142857142855,0.37777777777777777,0.23712933429555363,0.3555419201406437,1,2,0.000833334,,65.6926,books-genre-a=5 | books-genre-b=5
q077,an unlikely friendship between two very different people,Torso,CrossStripe,Conceptual,Keyword,idf-correct-sidecar,0.9988572442738854,1,1,0.8222222222222222,0.9567107919166021,0.3310617536202131,1,2,0.000833334,,64.3858,books-genre-a=5 | books-genre-b=5
q077,an unlikely friendship between two very different people,Torso,CrossStripe,Conceptual,Keyword,naive-score,0.9856824942045787,0.9,0.8181818181818182,0.8222222222222222,0.9299268936093013,0.33362376706075536,1,2,0.000833334,,64.3482,books-genre-a=6 | books-genre-b=4
q078,climate change and environmental collapse,Torso,CrossStripe,Mixed,Keyword,single-index,1,1,1,1,1,0.8062973337341608,1,1,0.00035,,65.3274,books-oracle2=10
q078,climate change and environmental collapse,Torso,CrossStripe,Mixed,Keyword,single-index-rescored,0.9208634530060839,0.7,0.5384615384615384,0.8666666666666667,0.7291714038016622,0.9636452638863133,1,1,0.00035,,65.3274,books-oracle2=10
q078,climate change and environmental collapse,Torso,CrossStripe,Mixed,Keyword,selective-one,0.9160200184540751,0.6,0.42857142857142855,0.9111111111111111,0.7280515972653762,0.5731028597295176,0.7,1,0.000333333,,62.7889,books-genre-b=10
q078,climate change and environmental collapse,Torso,CrossStripe,Mixed,Keyword,selective-adaptive,0.9208634530060839,0.7,0.5384615384615384,0.8666666666666667,0.7291714038016622,0.9636452638863133,1,2,0.000666666,,59.7157,books-genre-a=6 | books-genre-b=4
q078,climate change and environmental collapse,Torso,CrossStripe,Mixed,Keyword,global-bm25,0.9208634530060839,0.7,0.5384615384615384,0.8666666666666667,0.7291714038016622,0.9636452638863133,1,2,0.000516666,,59.7577,books-genre-a=6 | books-genre-b=4
q078,climate change and environmental collapse,Torso,CrossStripe,Mixed,Keyword,idf-correct-sidecar,0.997847763870533,0.9,0.8181818181818182,0.9111111111111111,0.9509601603009978,0.8699181219331126,1,2,0.000516666,,58.4057,books-genre-a=5 | books-genre-b=5
q078,climate change and environmental collapse,Torso,CrossStripe,Mixed,Keyword,naive-score,0.9857472962650347,0.8,0.6666666666666666,0.8222222222222222,0.9166351888308977,0.94546789582947,1,2,0.000516666,,58.376,books-genre-a=6 | books-genre-b=4
q079,memory and how unreliable it can be,Torso,CrossStripe,Conceptual,Keyword,single-index,1,1,1,1,1,0.454858502406438,1,1,0.000416667,,64.3555,books-oracle2=10
q079,memory and how unreliable it can be,Torso,CrossStripe,Conceptual,Keyword,single-index-rescored,0.4165369720934425,0.1,0.05263157894736842,0.3333333333333333,0.013291704778403425,0.7186337796159102,1,1,0.000416667,,64.3555,books-oracle2=10
q079,memory and how unreliable it can be,Torso,CrossStripe,Conceptual,Keyword,selective-one,0.550531199225533,0.6,0.42857142857142855,0.15555555555555556,0.16769358583523308,0.2685059118912713,1,1,0.000383333,,63.3808,books-genre-b=10
q079,memory and how unreliable it can be,Torso,CrossStripe,Conceptual,Keyword,selective-adaptive,0.39188772760055324,0.1,0.05263157894736842,0.5,0.013291704778403425,0.6641016754453802,1,2,0.000766666,,61.3475,books-genre-a=6 | books-genre-b=4
q079,memory and how unreliable it can be,Torso,CrossStripe,Conceptual,Keyword,global-bm25,0.39188772760055324,0.1,0.05263157894736842,0.5,0.013291704778403425,0.6641016754453802,1,2,0.000766666,,60.6552,books-genre-a=6 | books-genre-b=4
q079,memory and how unreliable it can be,Torso,CrossStripe,Conceptual,Keyword,idf-correct-sidecar,0.9448293510038884,0.7,0.5384615384615384,0.4666666666666667,0.7723563571492682,0.43761133620949955,1,2,0.000766666,,59.323,books-genre-a=6 | books-genre-b=4
q079,memory and how unreliable it can be,Torso,CrossStripe,Conceptual,Keyword,naive-score,0.931134004201523,0.5,0.3333333333333333,0.6,0.7798828015471273,0.42262029604933504,1,2,0.000766666,,59.293,books-genre-a=8 | books-genre-b=2
q080,a doctor confronting the limits of medicine,Tail,CrossStripe,Conceptual,Keyword,single-index,1,1,1,1,1,0.4926820837272511,1,1,0.000366667,,65.6875,books-oracle2=10
q080,a doctor confronting the limits of medicine,Tail,CrossStripe,Conceptual,Keyword,single-index-rescored,0.5780514807784239,0.3,0.17647058823529413,0.6,0.19584058954954126,0.39642654062759475,0.9,1,0.000366667,,65.6875,books-oracle2=10
q080,a doctor confronting the limits of medicine,Tail,CrossStripe,Conceptual,Keyword,selective-one,0.9286818720181244,0.6,0.42857142857142855,0.9555555555555556,0.7766516688938137,0.5966098832421441,0.9,1,0.00035,,63.4219,books-genre-b=10
q080,a doctor confronting the limits of medicine,Tail,CrossStripe,Conceptual,Keyword,selective-adaptive,0.5243687205397447,0.3,0.17647058823529413,0.35714285714285715,0.1807305416010118,0.39100663299578425,0.9,2,0.0007,,62.1078,books-genre-a=5 | books-genre-b=5
q080,a doctor confronting the limits of medicine,Tail,CrossStripe,Conceptual,Keyword,global-bm25,0.5243687205397447,0.3,0.17647058823529413,0.35714285714285715,0.1807305416010118,0.39100663299578425,0.9,2,0.000533333,,62.6107,books-genre-a=5 | books-genre-b=5
q080,a doctor confronting the limits of medicine,Tail,CrossStripe,Conceptual,Keyword,idf-correct-sidecar,0.9907738140069943,0.9,0.8181818181818182,0.8666666666666667,0.9493497809579967,0.5009213818435486,1,2,0.000533333,,61.2478,books-genre-a=4 | books-genre-b=6
q080,a doctor confronting the limits of medicine,Tail,CrossStripe,Conceptual,Keyword,naive-score,0.9669306681330991,0.7,0.5384615384615384,0.6,0.7721609219197159,0.3340284782701623,1,2,0.000533333,,61.2145,books-genre-a=7 | books-genre-b=3
q081,immortality and the cost of living forever,Tail,CrossStripe,Conceptual,Keyword,single-index,1,1,1,1,1,0.467288999132569,1,1,0.0004,,63.5038,books-oracle2=10
q081,immortality and the cost of living forever,Tail,CrossStripe,Conceptual,Keyword,single-index-rescored,0.6744726999090589,0.4,0.25,0.7333333333333333,0.444389707823116,0.616021071307407,1,1,0.0004,,63.5038,books-oracle2=10
q081,immortality and the cost of living forever,Tail,CrossStripe,Conceptual,Keyword,selective-one,0.934643115755926,0.7,0.5384615384615384,0.8222222222222222,0.777815280213722,0.394117571141202,1,1,0.000766667,,65.4319,books-genre-a=10
q081,immortality and the cost of living forever,Tail,CrossStripe,Conceptual,Keyword,selective-adaptive,0.6897249731310916,0.5,0.3333333333333333,0.6444444444444445,0.4576814126015194,0.6444157385021452,1,2,0.000566667,,60.6369,books-genre-a=7 | books-genre-b=3
q081,immortality and the cost of living forever,Tail,CrossStripe,Conceptual,Keyword,global-bm25,0.6897249731310916,0.5,0.3333333333333333,0.6444444444444445,0.4576814126015194,0.6444157385021452,1,2,0.0004,,61.9768,books-genre-a=7 | books-genre-b=3
q081,immortality and the cost of living forever,Tail,CrossStripe,Conceptual,Keyword,idf-correct-sidecar,0.9912980135935981,0.9,0.8181818181818182,0.7777777777777778,0.9111246774629783,0.47225798987366063,1,2,0.0004,,59.2504,books-genre-a=8 | books-genre-b=2
q081,immortality and the cost of living forever,Tail,CrossStripe,Conceptual,Keyword,naive-score,0.9893118135096269,0.8,0.6666666666666666,0.8222222222222222,0.9117960960412016,0.4365566597070364,1,2,0.0004,,59.257,books-genre-a=5 | books-genre-b=5
q082,twins separated at birth,Tail,CrossStripe,Lexical,Keyword,single-index,1,1,1,1,1,0.32087933589191214,1,1,0.000316667,,64.5003,books-oracle2=10
q082,twins separated at birth,Tail,CrossStripe,Lexical,Keyword,single-index-rescored,0.5261202406722196,0.3,0.17647058823529413,0.3333333333333333,0.13744133351761412,0.5128557216222931,1,1,0.000316667,,64.5003,books-oracle2=10
q082,twins separated at birth,Tail,CrossStripe,Lexical,Keyword,selective-one,0.95841439676119,0.6,0.42857142857142855,0.8222222222222222,0.8827074550434909,0.22990944004242134,1,1,0.0003,,66.1669,books-genre-a=10
q082,twins separated at birth,Tail,CrossStripe,Lexical,Keyword,selective-adaptive,0.5261202406722196,0.3,0.17647058823529413,0.3333333333333333,0.13744133351761412,0.5128557216222931,1,2,0.0005833329999999999,,60.2351,books-genre-a=6 | books-genre-b=4
q082,twins separated at birth,Tail,CrossStripe,Lexical,Keyword,global-bm25,0.5261202406722196,0.3,0.17647058823529413,0.3333333333333333,0.13744133351761412,0.5128557216222931,1,2,0.0005833329999999999,,59.8865,books-genre-a=6 | books-genre-b=4
q082,twins separated at birth,Tail,CrossStripe,Lexical,Keyword,idf-correct-sidecar,0.9965853911466381,0.9,0.8181818181818182,0.8666666666666667,0.930144069087801,0.4226735110044813,1,2,0.0005833329999999999,,58.5815,books-genre-a=6 | books-genre-b=4
q082,twins separated at birth,Tail,CrossStripe,Lexical,Keyword,naive-score,0.9902956548492533,0.9,0.8181818181818182,0.7333333333333333,0.8820157682147074,0.46014211528650417,1,2,0.0005833329999999999,,58.5531,books-genre-a=6 | books-genre-b=4
q083,a letter that arrives decades too late,Tail,CrossStripe,Conceptual,Keyword,single-index,1,1,1,1,1,0.1552491585936914,1,1,0.000366667,,65.4852,books-oracle2=10
q083,a letter that arrives decades too late,Tail,CrossStripe,Conceptual,Keyword,single-index-rescored,0.7782248704570442,0.3,0.17647058823529413,0.6,0.45329941793537204,0.2228425524221368,1,1,0.000366667,,65.4852,books-oracle2=10
q083,a letter that arrives decades too late,Tail,CrossStripe,Conceptual,Keyword,selective-one,0.9609113147732028,0.7,0.5384615384615384,0.9555555555555556,0.825762779182163,0.26083814293424235,1,1,0.000333333,,63.8097,books-genre-b=10
q083,a letter that arrives decades too late,Tail,CrossStripe,Conceptual,Keyword,selective-adaptive,0.7483259398446919,0.3,0.17647058823529413,0.7222222222222222,0.45329941793537204,0.2228425524221368,1,2,0.000666666,,63.3586,books-genre-a=5 | books-genre-b=5
q083,a letter that arrives decades too late,Tail,CrossStripe,Conceptual,Keyword,global-bm25,0.7483259398446919,0.3,0.17647058823529413,0.7222222222222222,0.45329941793537204,0.2228425524221368,1,2,0.000516666,,62.9455,books-genre-a=5 | books-genre-b=5
q083,a letter that arrives decades too late,Tail,CrossStripe,Conceptual,Keyword,idf-correct-sidecar,0.9825276138032971,0.8,0.6666666666666666,0.7333333333333333,0.8548883751584397,0.1671282504637776,1,2,0.000516666,,61.6435,books-genre-a=4 | books-genre-b=6
q083,a letter that arrives decades too late,Tail,CrossStripe,Conceptual,Keyword,naive-score,0.9599294500780013,0.7,0.5384615384615384,0.6444444444444445,0.7556380844879989,0.14663291887963273,1,2,0.000516666,,61.6141,books-genre-a=6 | books-genre-b=4
q084,music and the people who devote their lives to it,Torso,CrossStripe,Conceptual,Keyword,single-index,1,1,1,1,1,0.3311964280203346,1,1,0.000883333,,66.5576,books-oracle2=10
q084,music and the people who devote their lives to it,Torso,CrossStripe,Conceptual,Keyword,single-index-rescored,0.43038515098447905,0.2,0.1111111111111111,-0.4666666666666667,0.040075603085704466,0.4624789325052432,1,1,0.000883333,,66.5576,books-oracle2=10
q084,music and the people who devote their lives to it,Torso,CrossStripe,Conceptual,Keyword,selective-one,0.9930554106266851,0.8,0.6666666666666666,0.9111111111111111,0.9599243969142954,0.3306869465992304,1,1,0.0004,,63.8455,books-genre-b=10
q084,music and the people who devote their lives to it,Torso,CrossStripe,Conceptual,Keyword,selective-adaptive,0.4172028906103901,0.2,0.1111111111111111,-0.3333333333333333,0.05518565103423391,0.2956055020394004,1,2,0.0008,,64.5328,books-genre-a=4 | books-genre-b=6
q084,music and the people who devote their lives to it,Torso,CrossStripe,Conceptual,Keyword,global-bm25,0.4172028906103901,0.2,0.1111111111111111,-0.3333333333333333,0.05518565103423391,0.2956055020394004,1,2,0.0008,,63.8503,books-genre-a=4 | books-genre-b=6
q084,music and the people who devote their lives to it,Torso,CrossStripe,Conceptual,Keyword,idf-correct-sidecar,0.9766551725986318,0.8,0.6666666666666666,0.7777777777777778,0.8478883866044207,0.23631542254702176,1,2,0.0008,,62.538599999999995,books-genre-a=4 | books-genre-b=6
q084,music and the people who devote their lives to it,Torso,CrossStripe,Conceptual,Keyword,naive-score,0.7704878810034179,0.7,0.5384615384615384,0.06666666666666667,0.2783343343175405,0.1599277718428565,1,2,0.0008,,62.511599999999994,books-genre-a=5 | books-genre-b=5
q085,a trial that divides a town,Torso,CrossStripe,Conceptual,Keyword,single-index,1,1,1,1,1,0.1601766584003884,1,1,0.000366667,,64.3408,books-oracle2=10
q085,a trial that divides a town,Torso,CrossStripe,Conceptual,Keyword,single-index-rescored,0.4573637997818025,0.1,0.05263157894736842,0.2,0.06938416015685508,0.6490508458800123,1,1,0.000366667,,64.3408,books-oracle2=10
q085,a trial that divides a town,Torso,CrossStripe,Conceptual,Keyword,selective-one,0.9274192617128695,0.6,0.42857142857142855,0.9555555555555556,0.7633766508434159,0.15234680868617415,0.8,1,0.000333333,,64.3745,books-genre-a=10
q085,a trial that divides a town,Torso,CrossStripe,Conceptual,Keyword,selective-adaptive,0.5647549886704784,0.2,0.1111111111111111,0.06666666666666667,0.11065743521031306,0.7135123208549597,1,2,0.000366666,,58.6056,books-genre-a=5 | books-genre-b=5
q085,a trial that divides a town,Torso,CrossStripe,Conceptual,Keyword,global-bm25,0.5647549886704784,0.2,0.1111111111111111,0.06666666666666667,0.11065743521031306,0.7135123208549597,1,2,0.000516666,,82.8966,books-genre-a=5 | books-genre-b=5
q085,a trial that divides a town,Torso,CrossStripe,Conceptual,Keyword,idf-correct-sidecar,0.999872026239713,1,1,0.9555555555555556,0.9883436772968487,0.15905302978250757,1,2,0.000516666,,81.6139,books-genre-a=6 | books-genre-b=4
q085,a trial that divides a town,Torso,CrossStripe,Conceptual,Keyword,naive-score,0.999872026239713,1,1,0.9555555555555556,0.9883436772968487,0.15905302978250757,1,2,0.000516666,,81.58250000000001,books-genre-a=6 | books-genre-b=4
q086,forbidden love across a social divide,Torso,CrossStripe,Conceptual,Keyword,single-index,1,1,1,1,1,0.27705943918221815,0.9,1,0.00085,,65.896,books-oracle2=10
q086,forbidden love across a social divide,Torso,CrossStripe,Conceptual,Keyword,single-index-rescored,0.6705595540222024,0.4,0.25,-0.2,0.28556691553398794,0.48728302659137124,0.9,1,0.00085,,65.896,books-oracle2=10
q086,forbidden love across a social divide,Torso,CrossStripe,Conceptual,Keyword,selective-one,0.864321085506307,0.7,0.5384615384615384,0.28888888888888886,0.5687756776848208,0.4132074076127021,0.9,1,0.0004,,63.0444,books-genre-b=10
q086,forbidden love across a social divide,Torso,CrossStripe,Conceptual,Keyword,selective-adaptive,0.6105106605421218,0.4,0.25,-0.35714285714285715,0.269044078102271,0.5069652147941788,0.9,2,0.000433334,,62.1129,books-genre-a=4 | books-genre-b=6
q086,forbidden love across a social divide,Torso,CrossStripe,Conceptual,Keyword,global-bm25,0.6105106605421218,0.4,0.25,-0.35714285714285715,0.269044078102271,0.5069652147941788,0.9,2,0.0006000000000000001,,87.118,books-genre-a=4 | books-genre-b=6
q086,forbidden love across a social divide,Torso,CrossStripe,Conceptual,Keyword,idf-correct-sidecar,0.9703521593241163,0.8,0.6666666666666666,0.5111111111111111,0.8006317906057344,0.31852619498193296,0.9,2,0.0006000000000000001,,85.8042,books-genre-a=2 | books-genre-b=8
q086,forbidden love across a social divide,Torso,CrossStripe,Conceptual,Keyword,naive-score,0.9622089730683614,0.7,0.5384615384615384,0.5555555555555556,0.787340085827331,0.3374559731117584,0.9,2,0.0006000000000000001,,85.7649,books-genre-a=3 | books-genre-b=7
q087,an old man looking back on his life,Torso,CrossStripe,Conceptual,Keyword,single-index,1,1,1,1,1,0.06455212013799182,1,1,0.000433333,,93.5821,books-oracle2=10
q087,an old man looking back on his life,Torso,CrossStripe,Conceptual,Keyword,single-index-rescored,0.5895092946007584,0.3,0.17647058823529413,-0.1111111111111111,0.10514692384239357,0.009918745990968182,1,1,0.000433333,,93.5821,books-oracle2=10
q087,an old man looking back on his life,Torso,CrossStripe,Conceptual,Keyword,selective-one,0.6293780120161058,0.5,0.3333333333333333,0.6888888888888889,0.3211858322934395,0.03144168089972574,1,1,0.000416667,,68.182,books-genre-a=10
q087,an old man looking back on his life,Torso,CrossStripe,Conceptual,Keyword,selective-adaptive,0.5895092946007584,0.3,0.17647058823529413,-0.1111111111111111,0.10514692384239357,0.009918745990968182,1,2,0.000833334,,64.4457,books-genre-a=6 | books-genre-b=4
q087,an old man looking back on his life,Torso,CrossStripe,Conceptual,Keyword,global-bm25,0.5895092946007584,0.3,0.17647058823529413,-0.1111111111111111,0.10514692384239357,0.009918745990968182,1,2,0.001266667,,64.0343,books-genre-a=6 | books-genre-b=4
q087,an old man looking back on his life,Torso,CrossStripe,Conceptual,Keyword,idf-correct-sidecar,0.9643531596252752,0.9,0.8181818181818182,0.5555555555555556,0.7992356878505528,0.0698327459749965,1,2,0.001266667,,62.612500000000004,books-genre-a=6 | books-genre-b=4
q087,an old man looking back on his life,Torso,CrossStripe,Conceptual,Keyword,naive-score,0.9646680325927465,0.9,0.8181818181818182,0.6444444444444445,0.8200713646824357,0.07084841720999234,1,2,0.001266667,,62.5767,books-genre-a=6 | books-genre-b=4
q088,letters and diaries as a way of telling a story,Tail,CrossStripe,Conceptual,Keyword,single-index,1,1,1,1,1,0.9603250160361273,1,1,0.0004,,65.9228,books-oracle2=10
q088,letters and diaries as a way of telling a story,Tail,CrossStripe,Conceptual,Keyword,single-index-rescored,0.3761928862381576,0.1,0.05263157894736842,-0.15555555555555556,0.013291704778403425,0.49306686614494805,1,1,0.0004,,65.9228,books-oracle2=10
q088,letters and diaries as a way of telling a story,Tail,CrossStripe,Conceptual,Keyword,selective-one,0.5592751609777872,0.5,0.3333333333333333,0.4666666666666667,0.23522724640140208,0.8819267470574519,1,1,0.000783333,,68.1892,books-genre-a=10
q088,letters and diaries as a way of telling a story,Tail,CrossStripe,Conceptual,Keyword,selective-adaptive,0.49129749495560815,0.2,0.1111111111111111,-0.15555555555555556,0.0753323816322732,0.7183813100879092,1,2,0.00075,,64.037,books-genre-a=4 | books-genre-b=6
q088,letters and diaries as a way of telling a story,Tail,CrossStripe,Conceptual,Keyword,global-bm25,0.49129749495560815,0.2,0.1111111111111111,-0.15555555555555556,0.0753323816322732,0.7183813100879092,1,2,0.0004,,64.2672,books-genre-a=4 | books-genre-b=6
q088,letters and diaries as a way of telling a story,Tail,CrossStripe,Conceptual,Keyword,idf-correct-sidecar,0.9571943775189308,0.8,0.6666666666666666,0.5555555555555556,0.7905807316025953,0.933745776545611,1,2,0.0004,,62.9103,books-genre-a=7 | books-genre-b=3
q088,letters and diaries as a way of telling a story,Tail,CrossStripe,Conceptual,Keyword,naive-score,0.9571943775189308,0.8,0.6666666666666666,0.5555555555555556,0.7905807316025953,0.933745776545611,1,2,0.0004,,62.8759,books-genre-a=7 | books-genre-b=3
q089,the price of ambition,Torso,CrossStripe,Conceptual,Keyword,single-index,1,1,1,1,1,0.1114271858122178,1,1,0.00035,,62.2039,books-oracle2=10
q089,the price of ambition,Torso,CrossStripe,Conceptual,Keyword,single-index-rescored,0.5254950004976867,0.1,0.05263157894736842,-0.28888888888888886,0.005948221475418107,0.18544815828978922,0.9,1,0.00035,,62.2039,books-oracle2=10
q089,the price of ambition,Torso,CrossStripe,Conceptual,Keyword,selective-one,0.7452898008129455,0.5,0.3333333333333333,0.8666666666666667,0.5627174343573751,0.14395806937279737,1,1,0.000333333,,61.7227,books-genre-b=10
q089,the price of ambition,Torso,CrossStripe,Conceptual,Keyword,selective-adaptive,0.5254950004976867,0.1,0.05263157894736842,-0.28888888888888886,0.005948221475418107,0.18544815828978922,0.9,2,0.00035,,57.0926,books-genre-a=4 | books-genre-b=6
q089,the price of ambition,Torso,CrossStripe,Conceptual,Keyword,global-bm25,0.5254950004976867,0.1,0.05263157894736842,-0.28888888888888886,0.005948221475418107,0.18544815828978922,0.9,2,0.000633333,,56.531400000000005,books-genre-a=4 | books-genre-b=6
q089,the price of ambition,Torso,CrossStripe,Conceptual,Keyword,idf-correct-sidecar,0.9847790061542001,0.7,0.5384615384615384,0.8222222222222222,0.8886556765189092,0.11592917878144814,1,2,0.000633333,,55.217000000000006,books-genre-a=3 | books-genre-b=7
q089,the price of ambition,Torso,CrossStripe,Conceptual,Keyword,naive-score,0.9920446866324779,0.8,0.6666666666666666,0.7777777777777778,0.9019473812973124,0.11592917878144814,1,2,0.000633333,,55.1927,books-genre-a=4 | books-genre-b=6
q090,a con artist whose scheme goes wrong,Tail,CrossStripe,Conceptual,Keyword,single-index,1,1,1,1,1,0.3326801509335412,1,1,0.000766667,,66.4333,books-oracle2=10
q090,a con artist whose scheme goes wrong,Tail,CrossStripe,Conceptual,Keyword,single-index-rescored,0.5809350091765038,0.3,0.17647058823529413,-0.06666666666666667,0.13312849411744812,0.3339275348215306,1,1,0.000766667,,66.4333,books-oracle2=10
q090,a con artist whose scheme goes wrong,Tail,CrossStripe,Conceptual,Keyword,selective-one,0.8769759471887705,0.4,0.25,0.4666666666666667,0.6520060502343232,0.3619093694578195,1,1,0.00035,,68.3821,books-genre-a=10
q090,a con artist whose scheme goes wrong,Tail,CrossStripe,Conceptual,Keyword,selective-adaptive,0.5676326057013935,0.3,0.17647058823529413,0.05555555555555555,0.15396417094933107,0.40391773648126605,1,2,0.0007,,64.342,books-genre-a=9 | books-genre-b=1
q090,a con artist whose scheme goes wrong,Tail,CrossStripe,Conceptual,Keyword,global-bm25,0.5676326057013935,0.3,0.17647058823529413,0.05555555555555555,0.15396417094933107,0.40391773648126605,1,2,0.000533333,,63.8879,books-genre-a=9 | books-genre-b=1
q090,a con artist whose scheme goes wrong,Tail,CrossStripe,Conceptual,Keyword,idf-correct-sidecar,0.8769759471887705,0.4,0.25,0.4666666666666667,0.6520060502343232,0.3619093694578195,1,2,0.000533333,,62.556200000000004,books-genre-a=10
q090,a con artist whose scheme goes wrong,Tail,CrossStripe,Conceptual,Keyword,naive-score,0.9347398214381087,0.9,0.8181818181818182,0.7333333333333333,0.7770818465643821,0.3009791956251086,1,2,0.000533333,,62.520500000000006,books-genre-a=5 | books-genre-b=5
q091,prison,Head,CrossStripe,Lexical,Keyword,single-index,1,1,1,1,1,0.7658051380782571,1,1,0.000283333,,62.811,books-oracle2=10
q091,prison,Head,CrossStripe,Lexical,Keyword,single-index-rescored,0.763199722354503,0.8,0.6666666666666666,0.37777777777777777,0.35324569257032074,0.9458352203602566,1,1,0.000283333,,62.811,books-oracle2=10
q091,prison,Head,CrossStripe,Lexical,Keyword,selective-one,0.7337394046614775,0.8,0.6666666666666666,0.8222222222222222,0.4997358925114424,0.8255800663201707,1,1,0.000266667,,62.5669,books-genre-a=10
q091,prison,Head,CrossStripe,Lexical,Keyword,selective-adaptive,0.763199722354503,0.8,0.6666666666666666,0.37777777777777777,0.35324569257032074,0.9458352203602566,1,2,0.00039999999999999996,,58.1518,books-genre-a=8 | books-genre-b=2
q091,prison,Head,CrossStripe,Lexical,Keyword,global-bm25,0.763199722354503,0.8,0.6666666666666666,0.37777777777777777,0.35324569257032074,0.9458352203602566,1,2,0.000516667,,56.2706,books-genre-a=8 | books-genre-b=2
q091,prison,Head,CrossStripe,Lexical,Keyword,idf-correct-sidecar,0.943222183941033,0.9,0.8181818181818182,0.9555555555555556,0.840517785245819,0.7193883824070996,1,2,0.000516667,,55.015100000000004,books-genre-a=8 | books-genre-b=2
q091,prison,Head,CrossStripe,Lexical,Keyword,naive-score,0.9439135078053158,0.9,0.8181818181818182,0.8666666666666667,0.823994947814102,0.7193883824070996,1,2,0.000516667,,54.9553,books-genre-a=7 | books-genre-b=3
q092,language and the way words shape thought,Tail,CrossStripe,Conceptual,Keyword,single-index,1,1,1,1,1,0.37423185166095874,1,1,0.0004,,65.9291,books-oracle2=10
q092,language and the way words shape thought,Tail,CrossStripe,Conceptual,Keyword,single-index-rescored,0.47812373930333685,0.3,0.17647058823529413,-0.1111111111111111,0.10945976324255953,0.4234198377237416,1,1,0.0004,,65.9291,books-oracle2=10
q092,language and the way words shape thought,Tail,CrossStripe,Conceptual,Keyword,selective-one,0.9592209660338381,0.7,0.5384615384615384,0.8666666666666667,0.82844881252772,0.37751222627942166,0.9,1,0.000383333,,65.0145,books-genre-b=10
q092,language and the way words shape thought,Tail,CrossStripe,Conceptual,Keyword,selective-adaptive,0.47812373930333685,0.3,0.17647058823529413,-0.1111111111111111,0.10945976324255953,0.4234198377237416,1,2,0.00075,,62.9643,books-genre-a=4 | books-genre-b=6
q092,language and the way words shape thought,Tail,CrossStripe,Conceptual,Keyword,global-bm25,0.47812373930333685,0.3,0.17647058823529413,-0.1111111111111111,0.10945976324255953,0.4234198377237416,1,2,0.00075,,63.5361,books-genre-a=4 | books-genre-b=6
q092,language and the way words shape thought,Tail,CrossStripe,Conceptual,Keyword,idf-correct-sidecar,0.9882233000857676,0.9,0.8181818181818182,0.7777777777777778,0.8946018400312614,0.3900871152344454,1,2,0.00075,,62.1241,books-genre-a=2 | books-genre-b=8
q092,language and the way words shape thought,Tail,CrossStripe,Conceptual,Keyword,naive-score,0.9762062678788416,0.8,0.6666666666666666,0.6444444444444445,0.8623777633505777,0.3719105669074982,1,2,0.00075,,62.0884,books-genre-a=5 | books-genre-b=5
q093,a house that holds a family's history,Torso,CrossStripe,Conceptual,Keyword,single-index,1,1,1,1,1,0.6374258790526239,1,1,0.000866667,,66.8409,books-oracle2=10
q093,a house that holds a family's history,Torso,CrossStripe,Conceptual,Keyword,single-index-rescored,0.8355564052802177,0.5,0.3333333333333333,0.15555555555555556,0.5536314153526652,0.6014195362566531,1,1,0.000866667,,66.8409,books-oracle2=10
q093,a house that holds a family's history,Torso,CrossStripe,Conceptual,Keyword,selective-one,0.9894897293028719,0.8,0.6666666666666666,0.7777777777777778,0.9009988874928381,0.6588503213228147,1,1,0.000383333,,65.2905,books-genre-b=10
q093,a house that holds a family's history,Torso,CrossStripe,Conceptual,Keyword,selective-adaptive,0.8355564052802177,0.5,0.3333333333333333,0.15555555555555556,0.5536314153526652,0.6014195362566531,1,2,0.000766666,,62.8866,books-genre-a=5 | books-genre-b=5
q093,a house that holds a family's history,Torso,CrossStripe,Conceptual,Keyword,global-bm25,0.8355564052802177,0.5,0.3333333333333333,0.15555555555555556,0.5536314153526652,0.6014195362566531,1,2,0.0006000000000000001,,62.800999999999995,books-genre-a=5 | books-genre-b=5
q093,a house that holds a family's history,Torso,CrossStripe,Conceptual,Keyword,idf-correct-sidecar,0.9894897293028719,0.8,0.6666666666666666,0.7777777777777778,0.9009988874928381,0.6588503213228147,1,2,0.0006000000000000001,,61.5267,books-genre-b=10
q093,a house that holds a family's history,Torso,CrossStripe,Conceptual,Keyword,naive-score,0.9700138896446927,0.8,0.6666666666666666,0.6888888888888889,0.8607403233122598,0.6685008196601768,1,2,0.0006000000000000001,,61.493399999999994,books-genre-a=4 | books-genre-b=6
q094,surveillance and the loss of privacy,Torso,CrossStripe,Mixed,Keyword,single-index,1,1,1,1,1,0.4821116833040389,1,1,0.00035,,64.8809,books-oracle2=10
q094,surveillance and the loss of privacy,Torso,CrossStripe,Mixed,Keyword,single-index-rescored,0.8120389299371275,0.5,0.3333333333333333,0.24444444444444444,0.4841956668923449,0.8057479757512308,1,1,0.00035,,64.8809,books-oracle2=10
q094,surveillance and the loss of privacy,Torso,CrossStripe,Mixed,Keyword,selective-one,0.6379089068920026,0.6,0.42857142857142855,0.28888888888888886,0.31202400582032824,0.48540449215248044,1,1,0.000316667,,64.4145,books-genre-a=10
q094,surveillance and the loss of privacy,Torso,CrossStripe,Mixed,Keyword,selective-adaptive,0.8120389299371275,0.5,0.3333333333333333,0.24444444444444444,0.4841956668923449,0.8057479757512308,1,2,0.00035,,58.2569,books-genre-a=8 | books-genre-b=2
q094,surveillance and the loss of privacy,Torso,CrossStripe,Mixed,Keyword,global-bm25,0.8120389299371275,0.5,0.3333333333333333,0.24444444444444444,0.4841956668923449,0.8057479757512308,1,2,0.0005,,84.8947,books-genre-a=8 | books-genre-b=2
q094,surveillance and the loss of privacy,Torso,CrossStripe,Mixed,Keyword,idf-correct-sidecar,0.9328781824554147,0.5,0.3333333333333333,0.4666666666666667,0.7423979680130608,0.5135089207924552,1,2,0.0005,,83.5549,books-genre-a=6 | books-genre-b=4
q094,surveillance and the loss of privacy,Torso,CrossStripe,Mixed,Keyword,naive-score,0.9328781824554147,0.5,0.3333333333333333,0.4666666666666667,0.7423979680130608,0.5135089207924552,1,2,0.0005,,83.5243,books-genre-a=6 | books-genre-b=4
q095,sisters,Head,CrossStripe,Lexical,Keyword,single-index,1,1,1,1,1,0.8964467476188773,1,1,0.000316667,,91.7658,books-oracle2=10
q095,sisters,Head,CrossStripe,Lexical,Keyword,single-index-rescored,0.6099161306272353,0.5,0.3333333333333333,0.1111111111111111,0.13356620422494675,0.9371166382005486,1,1,0.000316667,,91.7658,books-oracle2=10
q095,sisters,Head,CrossStripe,Lexical,Keyword,selective-one,0.8840683236463078,0.5,0.3333333333333333,0.8666666666666667,0.716251427636138,0.7249222968040391,0.9,1,0.000283333,,62.2516,books-genre-b=10
q095,sisters,Head,CrossStripe,Lexical,Keyword,selective-adaptive,0.6099161306272353,0.5,0.3333333333333333,0.1111111111111111,0.13356620422494675,0.9371166382005486,1,2,0.000566666,,56.8291,books-genre-a=8 | books-genre-b=2
q095,sisters,Head,CrossStripe,Lexical,Keyword,global-bm25,0.6099161306272353,0.5,0.3333333333333333,0.1111111111111111,0.13356620422494675,0.9371166382005486,1,2,0.000566666,,56.8994,books-genre-a=8 | books-genre-b=2
q095,sisters,Head,CrossStripe,Lexical,Keyword,idf-correct-sidecar,0.9983154911510037,1,1,0.9111111111111111,0.9518716991269062,0.8823980944266984,1,2,0.000566666,,55.634,books-genre-a=5 | books-genre-b=5
q095,sisters,Head,CrossStripe,Lexical,Keyword,naive-score,0.9983154911510037,1,1,0.9111111111111111,0.9518716991269062,0.8823980944266984,1,2,0.000566666,,55.6085,books-genre-a=5 | books-genre-b=5
q096,a mentor who turns out to be wrong about everything,Tail,CrossStripe,Conceptual,Keyword,single-index,1,1,1,1,1,0,1,1,0.000416667,,66.506,books-oracle2=10
q096,a mentor who turns out to be wrong about everything,Tail,CrossStripe,Conceptual,Keyword,single-index-rescored,0.5548125159471319,0.3,0.17647058823529413,0.6,0.16123937922084522,0.04742231574433904,1,1,0.000416667,,66.506,books-oracle2=10
q096,a mentor who turns out to be wrong about everything,Tail,CrossStripe,Conceptual,Keyword,selective-one,0.6937937151888874,0.4,0.25,0.5555555555555556,0.450241655976936,0.12950637542875118,1,1,0.000816667,,69.5646,books-genre-a=10
q096,a mentor who turns out to be wrong about everything,Tail,CrossStripe,Conceptual,Keyword,selective-adaptive,0.5548125159471319,0.3,0.17647058823529413,0.6,0.16123937922084522,0.04742231574433904,1,2,0.000783333,,65.6407,books-genre-a=9 | books-genre-b=1
q096,a mentor who turns out to be wrong about everything,Tail,CrossStripe,Conceptual,Keyword,global-bm25,0.5548125159471319,0.3,0.17647058823529413,0.6,0.16123937922084522,0.04742231574433904,1,2,0.000783333,,64.79849999999999,books-genre-a=9 | books-genre-b=1
q096,a mentor who turns out to be wrong about everything,Tail,CrossStripe,Conceptual,Keyword,idf-correct-sidecar,0.8799841821123391,0.8,0.6666666666666666,0.4666666666666667,0.6399519038837999,0.060165956168681346,1,2,0.000783333,,63.4696,books-genre-a=6 | books-genre-b=4
q096,a mentor who turns out to be wrong about everything,Tail,CrossStripe,Conceptual,Keyword,naive-score,0.9845364096169265,0.9,0.8181818181818182,0.6888888888888889,0.8500668100243639,0.027416246928458808,1,2,0.000783333,,63.4344,books-genre-a=5 | books-genre-b=5
q097,winter cold and isolation in a remote place,Torso,CrossStripe,Conceptual,Keyword,single-index,1,1,1,1,1,0.7026971674032417,1,1,0.000366667,,64.6231,books-oracle2=10
q097,winter cold and isolation in a remote place,Torso,CrossStripe,Conceptual,Keyword,single-index-rescored,0.8358454327117837,0.5,0.3333333333333333,0.6888888888888889,0.5005209144642481,0.6632115384925763,1,1,0.000366667,,64.6231,books-oracle2=10
q097,winter cold and isolation in a remote place,Torso,CrossStripe,Conceptual,Keyword,selective-one,0.9230425205590346,0.6,0.42857142857142855,0.8666666666666667,0.7481983278634153,0.7433504954542399,0.9,1,0.00035,,66.2779,books-genre-a=10
q097,winter cold and isolation in a remote place,Torso,CrossStripe,Conceptual,Keyword,selective-adaptive,0.8358454327117837,0.5,0.3333333333333333,0.6888888888888889,0.5005209144642481,0.6632115384925763,1,2,0.000366666,,61.6546,books-genre-a=8 | books-genre-b=2
q097,winter cold and isolation in a remote place,Torso,CrossStripe,Conceptual,Keyword,global-bm25,0.8358454327117837,0.5,0.3333333333333333,0.6888888888888889,0.5005209144642481,0.6632115384925763,1,2,0.000366666,,60.8691,books-genre-a=8 | books-genre-b=2
q097,winter cold and isolation in a remote place,Torso,CrossStripe,Conceptual,Keyword,idf-correct-sidecar,0.9949607568389192,0.9,0.8181818181818182,0.8222222222222222,0.9308134297029587,0.7755930792339353,1,2,0.000366666,,59.5905,books-genre-a=6 | books-genre-b=4
q097,winter cold and isolation in a remote place,Torso,CrossStripe,Conceptual,Keyword,naive-score,0.9910692713425484,0.9,0.8181818181818182,0.5555555555555556,0.8630646516213555,0.7676384534517315,1,2,0.000366666,,59.5585,books-genre-a=6 | books-genre-b=4
q098,money and what people will do for it,Torso,CrossStripe,Conceptual,Keyword,single-index,1,1,1,1,1,0.14238857480772674,0.9,1,0.0004,,66.258,books-oracle2=10
q098,money and what people will do for it,Torso,CrossStripe,Conceptual,Keyword,single-index-rescored,0.48490988574242516,0.3,0.17647058823529413,0.2,0.06989014529582485,0.3826784437542745,0.9,1,0.0004,,66.258,books-oracle2=10
q098,money and what people will do for it,Torso,CrossStripe,Conceptual,Keyword,selective-one,0.9260318161692314,0.7,0.5384615384615384,0.9111111111111111,0.7576685496156828,0.14224175166797548,0.8,1,0.000366667,,90.9111,books-genre-b=10
q098,money and what people will do for it,Torso,CrossStripe,Conceptual,Keyword,selective-adaptive,0.48503960310160177,0.3,0.17647058823529413,0.2,0.06989014529582485,0.3826784437542745,0.9,2,0.000733334,,61.5373,books-genre-a=5 | books-genre-b=5
q098,money and what people will do for it,Torso,CrossStripe,Conceptual,Keyword,global-bm25,0.48503960310160177,0.3,0.17647058823529413,0.2,0.06989014529582485,0.3826784437542745,0.9,2,0.0004,,61.7116,books-genre-a=5 | books-genre-b=5
q098,money and what people will do for it,Torso,CrossStripe,Conceptual,Keyword,idf-correct-sidecar,0.9714963487903254,0.8,0.6666666666666666,0.5111111111111111,0.7781091433951338,0.11726244797594682,0.9,2,0.0004,,60.3456,books-genre-a=5 | books-genre-b=5
q098,money and what people will do for it,Torso,CrossStripe,Conceptual,Keyword,naive-score,0.9678583268134162,0.8,0.6666666666666666,0.4666666666666667,0.7781091433951338,0.11726244797594682,0.9,2,0.0004,,60.314099999999996,books-genre-a=5 | books-genre-b=5
q099,a rebellion against an unjust authority,Torso,CrossStripe,Conceptual,Keyword,single-index,1,1,1,1,1,0.6624795310311161,1,1,0.0004,,65.5476,books-oracle2=10
q099,a rebellion against an unjust authority,Torso,CrossStripe,Conceptual,Keyword,single-index-rescored,0.7207925527608193,0.4,0.25,0.7333333333333333,0.4933332742005201,0.6013704318393882,1,1,0.0004,,65.5476,books-oracle2=10
q099,a rebellion against an unjust authority,Torso,CrossStripe,Conceptual,Keyword,selective-one,0.8152515632149046,0.5,0.3333333333333333,0.8666666666666667,0.4933750210210765,0.5631157738300694,0.8,1,0.000783333,,66.169,books-genre-a=10
q099,a rebellion against an unjust authority,Torso,CrossStripe,Conceptual,Keyword,selective-adaptive,0.7207925527608193,0.4,0.25,0.7333333333333333,0.4933332742005201,0.6013704318393882,1,2,0.000416667,,61.3654,books-genre-a=3 | books-genre-b=7
q099,a rebellion against an unjust authority,Torso,CrossStripe,Conceptual,Keyword,global-bm25,0.7207925527608193,0.4,0.25,0.7333333333333333,0.4933332742005201,0.6013704318393882,1,2,0.000416667,,60.7966,books-genre-a=3 | books-genre-b=7
q099,a rebellion against an unjust authority,Torso,CrossStripe,Conceptual,Keyword,idf-correct-sidecar,0.991170972284371,0.9,0.8181818181818182,0.7777777777777778,0.9191571069998073,0.6899320227197011,1,2,0.000416667,,59.4942,books-genre-a=4 | books-genre-b=6
q099,a rebellion against an unjust authority,Torso,CrossStripe,Conceptual,Keyword,naive-score,0.9960595788720793,1,1,0.7777777777777778,0.9251053284752254,0.676528184223295,1,2,0.000416667,,59.4615,books-genre-a=5 | books-genre-b=5
q100,the moment everything changed,Torso,CrossStripe,Conceptual,Keyword,single-index,1,1,1,1,1,0.7917063341896681,1,1,0.00035,,63.6295,books-oracle2=10
q100,the moment everything changed,Torso,CrossStripe,Conceptual,Keyword,single-index-rescored,0.48443177492386985,0.2,0.1111111111111111,0.4222222222222222,0.0753323816322732,0.38148029915855786,0.9,1,0.00035,,63.6295,books-oracle2=10
q100,the moment everything changed,Torso,CrossStripe,Conceptual,Keyword,selective-one,0.9848236985715775,0.8,0.6666666666666666,0.7333333333333333,0.8758699568794752,0.7312625444731047,1,1,0.000316667,,62.6817,books-genre-b=10
q100,the moment everything changed,Torso,CrossStripe,Conceptual,Keyword,selective-adaptive,0.484811174247422,0.2,0.1111111111111111,0.4222222222222222,0.0753323816322732,0.37566986542073233,0.9,2,0.00048333400000000003,,59.7697,books-genre-a=5 | books-genre-b=5
q100,the moment everything changed,Torso,CrossStripe,Conceptual,Keyword,global-bm25,0.484811174247422,0.2,0.1111111111111111,0.4222222222222222,0.0753323816322732,0.37566986542073233,0.9,2,0.00035,,59.889900000000004,books-genre-a=5 | books-genre-b=5
q100,the moment everything changed,Torso,CrossStripe,Conceptual,Keyword,idf-correct-sidecar,0.9299179032131991,0.7,0.5384615384615384,0.5,0.7612924427820051,0.8611375561264454,1,2,0.00035,,58.604200000000006,books-genre-a=3 | books-genre-b=7
q100,the moment everything changed,Torso,CrossStripe,Conceptual,Keyword,naive-score,0.9142619035926668,0.6,0.42857142857142855,0.6111111111111112,0.7480007380036016,0.7948833326720564,1,2,0.00035,,58.571600000000004,books-genre-a=4 | books-genre-b=6
